

================================================================
== Vitis HLS Report for 'conv3d_hidden_layer_Pipeline_RESET_VITIS_LOOP_40_1_VITIS_LOOP_41_2_VITIS_LOOP_42'
================================================================
* Date:           Thu Sep  3 17:05:57 2026

* Version:        2023.2 (Build 4023990 on Oct 11 2023)
* Project:        predecoder_csynth_proj
* Solution:       solution1 (Vitis Kernel Flow Target)
* Product family: virtexuplusHBM
* Target device:  xcu55c-fsvh2892-2L-e


================================================================
== Performance Estimates
================================================================
+ Timing: 
    * Summary: 
    +--------+---------+----------+------------+
    |  Clock |  Target | Estimated| Uncertainty|
    +--------+---------+----------+------------+
    |ap_clk  |  3.33 ns|  2.415 ns|     0.90 ns|
    +--------+---------+----------+------------+

+ Latency: 
    * Summary: 
    +---------+---------+----------+----------+------+------+---------+
    |  Latency (cycles) |  Latency (absolute) |   Interval  | Pipeline|
    |   min   |   max   |    min   |    max   |  min |  max |   Type  |
    +---------+---------+----------+----------+------+------+---------+
    |     1298|     1298|  4.322 us|  4.322 us|  1298|  1298|       no|
    +---------+---------+----------+----------+------+------+---------+

    + Detail: 
        * Instance: 
        N/A

        * Loop: 
        +---------------------------------------------------------+---------+---------+----------+-----------+-----------+------+----------+
        |                                                         |  Latency (cycles) | Iteration|  Initiation Interval  | Trip |          |
        |                        Loop Name                        |   min   |   max   |  Latency |  achieved |   target  | Count| Pipelined|
        +---------------------------------------------------------+---------+---------+----------+-----------+-----------+------+----------+
        |- RESET_VITIS_LOOP_40_1_VITIS_LOOP_41_2_VITIS_LOOP_42_3  |     1296|     1296|         2|          1|          1|  1296|       yes|
        +---------------------------------------------------------+---------+---------+----------+-----------+-----------+------+----------+

============================================================
+ Verbose Summary: Synthesis Manager
============================================================
InlineROM: 1
ExposeGlobal: 0
============================================================
+ Verbose Summary: CDFG Model
============================================================
IsTopModel: 0
ResetActiveHigh: 1
IsCombinational: 0
IsDatapathOnly: 0
HasWiredReturn: 1
HasMFsm: 2
HasVarLatency: 1
IsPipeline: 0
IsRtlPipelined: 0
IsInstanceOverlapped: 0
IsDontTouch: 0
HasImplIP: 0
IsGatedGlobalClock: 0

+ Individual pipeline summary: 
  * Pipeline-0: initiation interval (II) = 1, depth = 3


============================================================
+ Verbose Summary: Schedule
============================================================
* Number of FSM states : 3
* Pipeline : 1
  Pipeline-0 : II = 1, D = 3, States = { 1 2 3 }
* Dataflow Pipeline: 0

* FSM state transitions: 
1 --> 2 
2 --> 3 
3 --> 

* FSM state operations: 

State 1 <SV = 0> <Delay = 0.38>
ST_1 : Operation 5 [1/1] (0.00ns)   --->   "%c = alloca i32 1" [./line_buffer.h:42->./line_buffer.h:34->predecoder_kernel.cpp:40]   --->   Operation 5 'alloca' 'c' <Predicate = true> <Delay = 0.00>
ST_1 : Operation 6 [1/1] (0.00ns)   --->   "%x = alloca i32 1" [./line_buffer.h:41->./line_buffer.h:34->predecoder_kernel.cpp:40]   --->   Operation 6 'alloca' 'x' <Predicate = true> <Delay = 0.00>
ST_1 : Operation 7 [1/1] (0.00ns)   --->   "%indvar_flatten = alloca i32 1"   --->   Operation 7 'alloca' 'indvar_flatten' <Predicate = true> <Delay = 0.00>
ST_1 : Operation 8 [1/1] (0.00ns)   --->   "%y = alloca i32 1" [./line_buffer.h:40->./line_buffer.h:34->predecoder_kernel.cpp:40]   --->   Operation 8 'alloca' 'y' <Predicate = true> <Delay = 0.00>
ST_1 : Operation 9 [1/1] (0.00ns)   --->   "%indvar_flatten12 = alloca i32 1"   --->   Operation 9 'alloca' 'indvar_flatten12' <Predicate = true> <Delay = 0.00>
ST_1 : Operation 10 [1/1] (0.00ns)   --->   "%s = alloca i32 1" [./line_buffer.h:39->./line_buffer.h:34->predecoder_kernel.cpp:40]   --->   Operation 10 'alloca' 's' <Predicate = true> <Delay = 0.00>
ST_1 : Operation 11 [1/1] (0.00ns)   --->   "%indvar_flatten33 = alloca i32 1"   --->   Operation 11 'alloca' 'indvar_flatten33' <Predicate = true> <Delay = 0.00>
ST_1 : Operation 12 [1/1] (0.38ns)   --->   "%store_ln0 = store i11 0, i11 %indvar_flatten33"   --->   Operation 12 'store' 'store_ln0' <Predicate = true> <Delay = 0.38>
ST_1 : Operation 13 [1/1] (0.38ns)   --->   "%store_ln39 = store i2 0, i2 %s" [./line_buffer.h:39->./line_buffer.h:34->predecoder_kernel.cpp:40]   --->   Operation 13 'store' 'store_ln39' <Predicate = true> <Delay = 0.38>
ST_1 : Operation 14 [1/1] (0.38ns)   --->   "%store_ln0 = store i10 0, i10 %indvar_flatten12"   --->   Operation 14 'store' 'store_ln0' <Predicate = true> <Delay = 0.38>
ST_1 : Operation 15 [1/1] (0.38ns)   --->   "%store_ln40 = store i3 0, i3 %y" [./line_buffer.h:40->./line_buffer.h:34->predecoder_kernel.cpp:40]   --->   Operation 15 'store' 'store_ln40' <Predicate = true> <Delay = 0.38>
ST_1 : Operation 16 [1/1] (0.38ns)   --->   "%store_ln0 = store i7 0, i7 %indvar_flatten"   --->   Operation 16 'store' 'store_ln0' <Predicate = true> <Delay = 0.38>
ST_1 : Operation 17 [1/1] (0.38ns)   --->   "%store_ln41 = store i3 0, i3 %x" [./line_buffer.h:41->./line_buffer.h:34->predecoder_kernel.cpp:40]   --->   Operation 17 'store' 'store_ln41' <Predicate = true> <Delay = 0.38>
ST_1 : Operation 18 [1/1] (0.38ns)   --->   "%store_ln42 = store i4 0, i4 %c" [./line_buffer.h:42->./line_buffer.h:34->predecoder_kernel.cpp:40]   --->   Operation 18 'store' 'store_ln42' <Predicate = true> <Delay = 0.38>
ST_1 : Operation 19 [1/1] (0.00ns)   --->   "%br_ln0 = br void %for.inc.i.i"   --->   Operation 19 'br' 'br_ln0' <Predicate = true> <Delay = 0.00>

State 2 <SV = 1> <Delay = 2.41>
ST_2 : Operation 20 [1/1] (0.00ns)   --->   "%indvar_flatten_load = load i7 %indvar_flatten" [./line_buffer.h:41->./line_buffer.h:34->predecoder_kernel.cpp:40]   --->   Operation 20 'load' 'indvar_flatten_load' <Predicate = true> <Delay = 0.00>
ST_2 : Operation 21 [1/1] (0.00ns)   --->   "%indvar_flatten12_load = load i10 %indvar_flatten12" [./line_buffer.h:40->./line_buffer.h:34->predecoder_kernel.cpp:40]   --->   Operation 21 'load' 'indvar_flatten12_load' <Predicate = true> <Delay = 0.00>
ST_2 : Operation 22 [1/1] (0.00ns)   --->   "%indvar_flatten33_load = load i11 %indvar_flatten33" [./line_buffer.h:39->./line_buffer.h:34->predecoder_kernel.cpp:40]   --->   Operation 22 'load' 'indvar_flatten33_load' <Predicate = true> <Delay = 0.00>
ST_2 : Operation 23 [1/1] (0.73ns)   --->   "%icmp_ln39 = icmp_eq  i11 %indvar_flatten33_load, i11 1296" [./line_buffer.h:39->./line_buffer.h:34->predecoder_kernel.cpp:40]   --->   Operation 23 'icmp' 'icmp_ln39' <Predicate = true> <Delay = 0.73> <CoreInst = "Cmp">   --->   Core 9 'Cmp' <Latency = 0> <II = 1> <Delay = 0.73> <FuncUnit> <Opcode : 'icmp'> <InPorts = 2> <OutPorts = 1>
ST_2 : Operation 24 [1/1] (0.73ns)   --->   "%add_ln39_1 = add i11 %indvar_flatten33_load, i11 1" [./line_buffer.h:39->./line_buffer.h:34->predecoder_kernel.cpp:40]   --->   Operation 24 'add' 'add_ln39_1' <Predicate = true> <Delay = 0.73> <CoreInst = "Adder">   --->   Core 1 'Adder' <Latency = 0> <II = 1> <Delay = 0.73> <FuncUnit> <Opcode : 'add' 'sub'> <InPorts = 2> <OutPorts = 1>
ST_2 : Operation 25 [1/1] (0.00ns)   --->   "%br_ln39 = br i1 %icmp_ln39, void %for.inc27.i.i, void %_ZN13FrameBuffer3DI7ap_uintILi8EELi12ELi6ELi6EEC2Ev.exit.exitStub" [./line_buffer.h:39->./line_buffer.h:34->predecoder_kernel.cpp:40]   --->   Operation 25 'br' 'br_ln39' <Predicate = true> <Delay = 0.00>
ST_2 : Operation 26 [1/1] (0.00ns)   --->   "%c_load = load i4 %c" [./line_buffer.h:41->./line_buffer.h:34->predecoder_kernel.cpp:40]   --->   Operation 26 'load' 'c_load' <Predicate = (!icmp_ln39)> <Delay = 0.00>
ST_2 : Operation 27 [1/1] (0.00ns)   --->   "%s_load = load i2 %s" [./line_buffer.h:39->./line_buffer.h:34->predecoder_kernel.cpp:40]   --->   Operation 27 'load' 's_load' <Predicate = (!icmp_ln39)> <Delay = 0.00>
ST_2 : Operation 28 [1/1] (0.43ns)   --->   "%add_ln39 = add i2 %s_load, i2 1" [./line_buffer.h:39->./line_buffer.h:34->predecoder_kernel.cpp:40]   --->   Operation 28 'add' 'add_ln39' <Predicate = (!icmp_ln39)> <Delay = 0.43> <CoreInst = "Adder">   --->   Core 1 'Adder' <Latency = 0> <II = 1> <Delay = 0.43> <FuncUnit> <Opcode : 'add' 'sub'> <InPorts = 2> <OutPorts = 1>
ST_2 : Operation 29 [1/1] (0.72ns)   --->   "%icmp_ln40 = icmp_eq  i10 %indvar_flatten12_load, i10 432" [./line_buffer.h:40->./line_buffer.h:34->predecoder_kernel.cpp:40]   --->   Operation 29 'icmp' 'icmp_ln40' <Predicate = (!icmp_ln39)> <Delay = 0.72> <CoreInst = "Cmp">   --->   Core 9 'Cmp' <Latency = 0> <II = 1> <Delay = 0.72> <FuncUnit> <Opcode : 'icmp'> <InPorts = 2> <OutPorts = 1>
ST_2 : Operation 30 [1/1] (0.12ns)   --->   "%xor_ln39 = xor i1 %icmp_ln40, i1 1" [./line_buffer.h:39->./line_buffer.h:34->predecoder_kernel.cpp:40]   --->   Operation 30 'xor' 'xor_ln39' <Predicate = (!icmp_ln39)> <Delay = 0.12> <CoreInst = "LogicGate">   --->   Core 74 'LogicGate' <Latency = 0> <II = 1> <Delay = 0.12> <FuncUnit> <Opcode : 'and' 'or' 'xor'> <InPorts = 2> <OutPorts = 1>
ST_2 : Operation 31 [1/1] (0.70ns)   --->   "%icmp_ln42 = icmp_eq  i4 %c_load, i4 12" [./line_buffer.h:42->./line_buffer.h:34->predecoder_kernel.cpp:40]   --->   Operation 31 'icmp' 'icmp_ln42' <Predicate = (!icmp_ln39)> <Delay = 0.70> <CoreInst = "Cmp">   --->   Core 9 'Cmp' <Latency = 0> <II = 1> <Delay = 0.70> <FuncUnit> <Opcode : 'icmp'> <InPorts = 2> <OutPorts = 1>
ST_2 : Operation 32 [1/1] (0.70ns)   --->   "%icmp_ln41 = icmp_eq  i7 %indvar_flatten_load, i7 72" [./line_buffer.h:41->./line_buffer.h:34->predecoder_kernel.cpp:40]   --->   Operation 32 'icmp' 'icmp_ln41' <Predicate = (!icmp_ln39)> <Delay = 0.70> <CoreInst = "Cmp">   --->   Core 9 'Cmp' <Latency = 0> <II = 1> <Delay = 0.70> <FuncUnit> <Opcode : 'icmp'> <InPorts = 2> <OutPorts = 1>
ST_2 : Operation 33 [1/1] (0.12ns)   --->   "%and_ln39_1 = and i1 %icmp_ln41, i1 %xor_ln39" [./line_buffer.h:39->./line_buffer.h:34->predecoder_kernel.cpp:40]   --->   Operation 33 'and' 'and_ln39_1' <Predicate = (!icmp_ln39)> <Delay = 0.12> <CoreInst = "LogicGate">   --->   Core 74 'LogicGate' <Latency = 0> <II = 1> <Delay = 0.12> <FuncUnit> <Opcode : 'and' 'or' 'xor'> <InPorts = 2> <OutPorts = 1>
ST_2 : Operation 34 [1/1] (0.27ns)   --->   "%select_ln39_1 = select i1 %icmp_ln40, i2 %add_ln39, i2 %s_load" [./line_buffer.h:39->./line_buffer.h:34->predecoder_kernel.cpp:40]   --->   Operation 34 'select' 'select_ln39_1' <Predicate = (!icmp_ln39)> <Delay = 0.27> <CoreInst = "Sel">   --->   Core 73 'Sel' <Latency = 0> <II = 1> <Delay = 0.27> <FuncUnit> <Opcode : 'select'> <InPorts = 3> <OutPorts = 1>
ST_2 : Operation 35 [1/1] (0.12ns)   --->   "%or_ln40 = or i1 %and_ln39_1, i1 %icmp_ln40" [./line_buffer.h:40->./line_buffer.h:34->predecoder_kernel.cpp:40]   --->   Operation 35 'or' 'or_ln40' <Predicate = (!icmp_ln39)> <Delay = 0.12> <CoreInst = "LogicGate">   --->   Core 74 'LogicGate' <Latency = 0> <II = 1> <Delay = 0.12> <FuncUnit> <Opcode : 'and' 'or' 'xor'> <InPorts = 2> <OutPorts = 1>
ST_2 : Operation 36 [1/1] (0.00ns) (grouped into LUT with out node and_ln40)   --->   "%xor_ln40 = xor i1 %icmp_ln41, i1 1" [./line_buffer.h:40->./line_buffer.h:34->predecoder_kernel.cpp:40]   --->   Operation 36 'xor' 'xor_ln40' <Predicate = (!icmp_ln39)> <Delay = 0.00> <CoreInst = "LogicGate">   --->   Core 74 'LogicGate' <Latency = 0> <II = 1> <Delay = 0.12> <FuncUnit> <Opcode : 'and' 'or' 'xor'> <InPorts = 2> <OutPorts = 1>
ST_2 : Operation 37 [1/1] (0.00ns) (grouped into LUT with out node and_ln40)   --->   "%or_ln40_1 = or i1 %icmp_ln40, i1 %xor_ln40" [./line_buffer.h:40->./line_buffer.h:34->predecoder_kernel.cpp:40]   --->   Operation 37 'or' 'or_ln40_1' <Predicate = (!icmp_ln39)> <Delay = 0.00> <CoreInst = "LogicGate">   --->   Core 74 'LogicGate' <Latency = 0> <II = 1> <Delay = 0.12> <FuncUnit> <Opcode : 'and' 'or' 'xor'> <InPorts = 2> <OutPorts = 1>
ST_2 : Operation 38 [1/1] (0.00ns) (grouped into LUT with out node and_ln40)   --->   "%and_ln39 = and i1 %or_ln40_1, i1 %xor_ln39" [./line_buffer.h:39->./line_buffer.h:34->predecoder_kernel.cpp:40]   --->   Operation 38 'and' 'and_ln39' <Predicate = (!icmp_ln39)> <Delay = 0.00> <CoreInst = "LogicGate">   --->   Core 74 'LogicGate' <Latency = 0> <II = 1> <Delay = 0.12> <FuncUnit> <Opcode : 'and' 'or' 'xor'> <InPorts = 2> <OutPorts = 1>
ST_2 : Operation 39 [1/1] (0.12ns) (out node of the LUT)   --->   "%and_ln40 = and i1 %and_ln39, i1 %icmp_ln42" [./line_buffer.h:40->./line_buffer.h:34->predecoder_kernel.cpp:40]   --->   Operation 39 'and' 'and_ln40' <Predicate = (!icmp_ln39)> <Delay = 0.12> <CoreInst = "LogicGate">   --->   Core 74 'LogicGate' <Latency = 0> <II = 1> <Delay = 0.12> <FuncUnit> <Opcode : 'and' 'or' 'xor'> <InPorts = 2> <OutPorts = 1>
ST_2 : Operation 40 [1/1] (0.00ns) (grouped into LUT with out node select_ln41)   --->   "%or_ln41 = or i1 %and_ln40, i1 %and_ln39_1" [./line_buffer.h:41->./line_buffer.h:34->predecoder_kernel.cpp:40]   --->   Operation 40 'or' 'or_ln41' <Predicate = (!icmp_ln39)> <Delay = 0.00> <CoreInst = "LogicGate">   --->   Core 74 'LogicGate' <Latency = 0> <II = 1> <Delay = 0.12> <FuncUnit> <Opcode : 'and' 'or' 'xor'> <InPorts = 2> <OutPorts = 1>
ST_2 : Operation 41 [1/1] (0.00ns) (grouped into LUT with out node select_ln41)   --->   "%or_ln41_1 = or i1 %or_ln41, i1 %icmp_ln40" [./line_buffer.h:41->./line_buffer.h:34->predecoder_kernel.cpp:40]   --->   Operation 41 'or' 'or_ln41_1' <Predicate = (!icmp_ln39)> <Delay = 0.00> <CoreInst = "LogicGate">   --->   Core 74 'LogicGate' <Latency = 0> <II = 1> <Delay = 0.12> <FuncUnit> <Opcode : 'and' 'or' 'xor'> <InPorts = 2> <OutPorts = 1>
ST_2 : Operation 42 [1/1] (0.35ns) (out node of the LUT)   --->   "%select_ln41 = select i1 %or_ln41_1, i4 0, i4 %c_load" [./line_buffer.h:41->./line_buffer.h:34->predecoder_kernel.cpp:40]   --->   Operation 42 'select' 'select_ln41' <Predicate = (!icmp_ln39)> <Delay = 0.35> <CoreInst = "Sel">   --->   Core 73 'Sel' <Latency = 0> <II = 1> <Delay = 0.35> <FuncUnit> <Opcode : 'select'> <InPorts = 3> <OutPorts = 1>
ST_2 : Operation 43 [1/1] (0.66ns)   --->   "%switch_ln44 = switch i2 %select_ln39_1, void %arrayidx204.i.i.case.2, i2 0, void %arrayidx204.i.i.case.0, i2 1, void %arrayidx204.i.i.case.1" [./line_buffer.h:44->./line_buffer.h:34->predecoder_kernel.cpp:40]   --->   Operation 43 'switch' 'switch_ln44' <Predicate = (!icmp_ln39)> <Delay = 0.66>
ST_2 : Operation 44 [1/1] (0.00ns)   --->   "%br_ln44 = br void %arrayidx204.i.i.exit" [./line_buffer.h:44->./line_buffer.h:34->predecoder_kernel.cpp:40]   --->   Operation 44 'br' 'br_ln44' <Predicate = (!icmp_ln39 & select_ln39_1 == 1)> <Delay = 0.00>
ST_2 : Operation 45 [1/1] (0.00ns)   --->   "%br_ln44 = br void %arrayidx204.i.i.exit" [./line_buffer.h:44->./line_buffer.h:34->predecoder_kernel.cpp:40]   --->   Operation 45 'br' 'br_ln44' <Predicate = (!icmp_ln39 & select_ln39_1 == 0)> <Delay = 0.00>
ST_2 : Operation 46 [1/1] (0.00ns)   --->   "%br_ln44 = br void %arrayidx204.i.i.exit" [./line_buffer.h:44->./line_buffer.h:34->predecoder_kernel.cpp:40]   --->   Operation 46 'br' 'br_ln44' <Predicate = (!icmp_ln39 & select_ln39_1 != 0 & select_ln39_1 != 1)> <Delay = 0.00>
ST_2 : Operation 47 [1/1] (0.70ns)   --->   "%add_ln42 = add i4 %select_ln41, i4 1" [./line_buffer.h:42->./line_buffer.h:34->predecoder_kernel.cpp:40]   --->   Operation 47 'add' 'add_ln42' <Predicate = (!icmp_ln39)> <Delay = 0.70> <CoreInst = "Adder">   --->   Core 1 'Adder' <Latency = 0> <II = 1> <Delay = 0.70> <FuncUnit> <Opcode : 'add' 'sub'> <InPorts = 2> <OutPorts = 1>
ST_2 : Operation 48 [1/1] (0.70ns)   --->   "%add_ln41_1 = add i7 %indvar_flatten_load, i7 1" [./line_buffer.h:41->./line_buffer.h:34->predecoder_kernel.cpp:40]   --->   Operation 48 'add' 'add_ln41_1' <Predicate = (!icmp_ln39)> <Delay = 0.70> <CoreInst = "Adder">   --->   Core 1 'Adder' <Latency = 0> <II = 1> <Delay = 0.70> <FuncUnit> <Opcode : 'add' 'sub'> <InPorts = 2> <OutPorts = 1>
ST_2 : Operation 49 [1/1] (0.30ns)   --->   "%select_ln41_2 = select i1 %or_ln40, i7 1, i7 %add_ln41_1" [./line_buffer.h:41->./line_buffer.h:34->predecoder_kernel.cpp:40]   --->   Operation 49 'select' 'select_ln41_2' <Predicate = (!icmp_ln39)> <Delay = 0.30> <CoreInst = "Sel">   --->   Core 73 'Sel' <Latency = 0> <II = 1> <Delay = 0.30> <FuncUnit> <Opcode : 'select'> <InPorts = 3> <OutPorts = 1>
ST_2 : Operation 50 [1/1] (0.72ns)   --->   "%add_ln40_1 = add i10 %indvar_flatten12_load, i10 1" [./line_buffer.h:40->./line_buffer.h:34->predecoder_kernel.cpp:40]   --->   Operation 50 'add' 'add_ln40_1' <Predicate = (!icmp_ln39)> <Delay = 0.72> <CoreInst = "Adder">   --->   Core 1 'Adder' <Latency = 0> <II = 1> <Delay = 0.72> <FuncUnit> <Opcode : 'add' 'sub'> <InPorts = 2> <OutPorts = 1>
ST_2 : Operation 51 [1/1] (0.30ns)   --->   "%select_ln40_2 = select i1 %icmp_ln40, i10 1, i10 %add_ln40_1" [./line_buffer.h:40->./line_buffer.h:34->predecoder_kernel.cpp:40]   --->   Operation 51 'select' 'select_ln40_2' <Predicate = (!icmp_ln39)> <Delay = 0.30> <CoreInst = "Sel">   --->   Core 73 'Sel' <Latency = 0> <II = 1> <Delay = 0.30> <FuncUnit> <Opcode : 'select'> <InPorts = 3> <OutPorts = 1>
ST_2 : Operation 52 [1/1] (0.38ns)   --->   "%store_ln39 = store i11 %add_ln39_1, i11 %indvar_flatten33" [./line_buffer.h:39->./line_buffer.h:34->predecoder_kernel.cpp:40]   --->   Operation 52 'store' 'store_ln39' <Predicate = (!icmp_ln39)> <Delay = 0.38>
ST_2 : Operation 53 [1/1] (0.38ns)   --->   "%store_ln39 = store i2 %select_ln39_1, i2 %s" [./line_buffer.h:39->./line_buffer.h:34->predecoder_kernel.cpp:40]   --->   Operation 53 'store' 'store_ln39' <Predicate = (!icmp_ln39)> <Delay = 0.38>
ST_2 : Operation 54 [1/1] (0.38ns)   --->   "%store_ln40 = store i10 %select_ln40_2, i10 %indvar_flatten12" [./line_buffer.h:40->./line_buffer.h:34->predecoder_kernel.cpp:40]   --->   Operation 54 'store' 'store_ln40' <Predicate = (!icmp_ln39)> <Delay = 0.38>
ST_2 : Operation 55 [1/1] (0.38ns)   --->   "%store_ln41 = store i7 %select_ln41_2, i7 %indvar_flatten" [./line_buffer.h:41->./line_buffer.h:34->predecoder_kernel.cpp:40]   --->   Operation 55 'store' 'store_ln41' <Predicate = (!icmp_ln39)> <Delay = 0.38>
ST_2 : Operation 56 [1/1] (0.38ns)   --->   "%store_ln42 = store i4 %add_ln42, i4 %c" [./line_buffer.h:42->./line_buffer.h:34->predecoder_kernel.cpp:40]   --->   Operation 56 'store' 'store_ln42' <Predicate = (!icmp_ln39)> <Delay = 0.38>
ST_2 : Operation 759 [1/1] (0.00ns)   --->   "%ret_ln0 = ret"   --->   Operation 759 'ret' 'ret_ln0' <Predicate = (icmp_ln39)> <Delay = 0.00>

State 3 <SV = 2> <Delay = 1.79>
ST_3 : Operation 57 [1/1] (0.00ns)   --->   "%x_load = load i3 %x" [./line_buffer.h:40->./line_buffer.h:34->predecoder_kernel.cpp:40]   --->   Operation 57 'load' 'x_load' <Predicate = (!or_ln40)> <Delay = 0.00>
ST_3 : Operation 58 [1/1] (0.00ns)   --->   "%y_load = load i3 %y" [./line_buffer.h:39->./line_buffer.h:34->predecoder_kernel.cpp:40]   --->   Operation 58 'load' 'y_load' <Predicate = (!icmp_ln40)> <Delay = 0.00>
ST_3 : Operation 59 [1/1] (0.00ns)   --->   "%specloopname_ln0 = specloopname void @_ssdm_op_SpecLoopName, void @RESET_VITIS_LOOP_40_1_VITIS_LOOP_41_2_VITIS_LOOP_42_3_str"   --->   Operation 59 'specloopname' 'specloopname_ln0' <Predicate = true> <Delay = 0.00>
ST_3 : Operation 60 [1/1] (0.00ns)   --->   "%speclooptripcount_ln0 = speclooptripcount void @_ssdm_op_SpecLoopTripCount, i64 1296, i64 1296, i64 1296"   --->   Operation 60 'speclooptripcount' 'speclooptripcount_ln0' <Predicate = true> <Delay = 0.00>
ST_3 : Operation 61 [1/1] (0.27ns)   --->   "%select_ln39 = select i1 %icmp_ln40, i3 0, i3 %y_load" [./line_buffer.h:39->./line_buffer.h:34->predecoder_kernel.cpp:40]   --->   Operation 61 'select' 'select_ln39' <Predicate = true> <Delay = 0.27> <CoreInst = "Sel">   --->   Core 73 'Sel' <Latency = 0> <II = 1> <Delay = 0.27> <FuncUnit> <Opcode : 'select'> <InPorts = 3> <OutPorts = 1>
ST_3 : Operation 62 [1/1] (0.57ns)   --->   "%add_ln40 = add i3 %select_ln39, i3 1" [./line_buffer.h:40->./line_buffer.h:34->predecoder_kernel.cpp:40]   --->   Operation 62 'add' 'add_ln40' <Predicate = (and_ln39_1)> <Delay = 0.57> <CoreInst = "Adder">   --->   Core 1 'Adder' <Latency = 0> <II = 1> <Delay = 0.57> <FuncUnit> <Opcode : 'add' 'sub'> <InPorts = 2> <OutPorts = 1>
ST_3 : Operation 63 [1/1] (0.27ns)   --->   "%select_ln40 = select i1 %or_ln40, i3 0, i3 %x_load" [./line_buffer.h:40->./line_buffer.h:34->predecoder_kernel.cpp:40]   --->   Operation 63 'select' 'select_ln40' <Predicate = true> <Delay = 0.27> <CoreInst = "Sel">   --->   Core 73 'Sel' <Latency = 0> <II = 1> <Delay = 0.27> <FuncUnit> <Opcode : 'select'> <InPorts = 3> <OutPorts = 1>
ST_3 : Operation 64 [1/1] (0.27ns)   --->   "%select_ln40_1 = select i1 %and_ln39_1, i3 %add_ln40, i3 %select_ln39" [./line_buffer.h:40->./line_buffer.h:34->predecoder_kernel.cpp:40]   --->   Operation 64 'select' 'select_ln40_1' <Predicate = true> <Delay = 0.27> <CoreInst = "Sel">   --->   Core 73 'Sel' <Latency = 0> <II = 1> <Delay = 0.27> <FuncUnit> <Opcode : 'select'> <InPorts = 3> <OutPorts = 1>
ST_3 : Operation 65 [1/1] (0.57ns)   --->   "%add_ln41 = add i3 %select_ln40, i3 1" [./line_buffer.h:41->./line_buffer.h:34->predecoder_kernel.cpp:40]   --->   Operation 65 'add' 'add_ln41' <Predicate = (and_ln40)> <Delay = 0.57> <CoreInst = "Adder">   --->   Core 1 'Adder' <Latency = 0> <II = 1> <Delay = 0.57> <FuncUnit> <Opcode : 'add' 'sub'> <InPorts = 2> <OutPorts = 1>
ST_3 : Operation 66 [1/1] (0.27ns)   --->   "%select_ln41_1 = select i1 %and_ln40, i3 %add_ln41, i3 %select_ln40" [./line_buffer.h:41->./line_buffer.h:34->predecoder_kernel.cpp:40]   --->   Operation 66 'select' 'select_ln41_1' <Predicate = true> <Delay = 0.27> <CoreInst = "Sel">   --->   Core 73 'Sel' <Latency = 0> <II = 1> <Delay = 0.27> <FuncUnit> <Opcode : 'select'> <InPorts = 3> <OutPorts = 1>
ST_3 : Operation 67 [1/1] (0.00ns)   --->   "%zext_ln40 = zext i3 %select_ln40_1" [./line_buffer.h:40->./line_buffer.h:34->predecoder_kernel.cpp:40]   --->   Operation 67 'zext' 'zext_ln40' <Predicate = true> <Delay = 0.00>
ST_3 : Operation 68 [1/1] (0.00ns)   --->   "%fb_addr = getelementptr i8 %fb, i64 0, i64 %zext_ln40" [./line_buffer.h:44->./line_buffer.h:34->predecoder_kernel.cpp:40]   --->   Operation 68 'getelementptr' 'fb_addr' <Predicate = true> <Delay = 0.00>
ST_3 : Operation 69 [1/1] (0.00ns)   --->   "%fb_216_addr = getelementptr i8 %fb_216, i64 0, i64 %zext_ln40" [./line_buffer.h:44->./line_buffer.h:34->predecoder_kernel.cpp:40]   --->   Operation 69 'getelementptr' 'fb_216_addr' <Predicate = true> <Delay = 0.00>
ST_3 : Operation 70 [1/1] (0.00ns)   --->   "%fb_217_addr = getelementptr i8 %fb_217, i64 0, i64 %zext_ln40" [./line_buffer.h:44->./line_buffer.h:34->predecoder_kernel.cpp:40]   --->   Operation 70 'getelementptr' 'fb_217_addr' <Predicate = true> <Delay = 0.00>
ST_3 : Operation 71 [1/1] (0.00ns)   --->   "%fb_218_addr = getelementptr i8 %fb_218, i64 0, i64 %zext_ln40" [./line_buffer.h:44->./line_buffer.h:34->predecoder_kernel.cpp:40]   --->   Operation 71 'getelementptr' 'fb_218_addr' <Predicate = true> <Delay = 0.00>
ST_3 : Operation 72 [1/1] (0.00ns)   --->   "%fb_219_addr = getelementptr i8 %fb_219, i64 0, i64 %zext_ln40" [./line_buffer.h:44->./line_buffer.h:34->predecoder_kernel.cpp:40]   --->   Operation 72 'getelementptr' 'fb_219_addr' <Predicate = true> <Delay = 0.00>
ST_3 : Operation 73 [1/1] (0.00ns)   --->   "%fb_220_addr = getelementptr i8 %fb_220, i64 0, i64 %zext_ln40" [./line_buffer.h:44->./line_buffer.h:34->predecoder_kernel.cpp:40]   --->   Operation 73 'getelementptr' 'fb_220_addr' <Predicate = true> <Delay = 0.00>
ST_3 : Operation 74 [1/1] (0.00ns)   --->   "%fb_221_addr = getelementptr i8 %fb_221, i64 0, i64 %zext_ln40" [./line_buffer.h:44->./line_buffer.h:34->predecoder_kernel.cpp:40]   --->   Operation 74 'getelementptr' 'fb_221_addr' <Predicate = true> <Delay = 0.00>
ST_3 : Operation 75 [1/1] (0.00ns)   --->   "%fb_222_addr = getelementptr i8 %fb_222, i64 0, i64 %zext_ln40" [./line_buffer.h:44->./line_buffer.h:34->predecoder_kernel.cpp:40]   --->   Operation 75 'getelementptr' 'fb_222_addr' <Predicate = true> <Delay = 0.00>
ST_3 : Operation 76 [1/1] (0.00ns)   --->   "%fb_223_addr = getelementptr i8 %fb_223, i64 0, i64 %zext_ln40" [./line_buffer.h:44->./line_buffer.h:34->predecoder_kernel.cpp:40]   --->   Operation 76 'getelementptr' 'fb_223_addr' <Predicate = true> <Delay = 0.00>
ST_3 : Operation 77 [1/1] (0.00ns)   --->   "%fb_224_addr = getelementptr i8 %fb_224, i64 0, i64 %zext_ln40" [./line_buffer.h:44->./line_buffer.h:34->predecoder_kernel.cpp:40]   --->   Operation 77 'getelementptr' 'fb_224_addr' <Predicate = true> <Delay = 0.00>
ST_3 : Operation 78 [1/1] (0.00ns)   --->   "%fb_225_addr = getelementptr i8 %fb_225, i64 0, i64 %zext_ln40" [./line_buffer.h:44->./line_buffer.h:34->predecoder_kernel.cpp:40]   --->   Operation 78 'getelementptr' 'fb_225_addr' <Predicate = true> <Delay = 0.00>
ST_3 : Operation 79 [1/1] (0.00ns)   --->   "%fb_226_addr = getelementptr i8 %fb_226, i64 0, i64 %zext_ln40" [./line_buffer.h:44->./line_buffer.h:34->predecoder_kernel.cpp:40]   --->   Operation 79 'getelementptr' 'fb_226_addr' <Predicate = true> <Delay = 0.00>
ST_3 : Operation 80 [1/1] (0.00ns)   --->   "%fb_227_addr = getelementptr i8 %fb_227, i64 0, i64 %zext_ln40" [./line_buffer.h:44->./line_buffer.h:34->predecoder_kernel.cpp:40]   --->   Operation 80 'getelementptr' 'fb_227_addr' <Predicate = true> <Delay = 0.00>
ST_3 : Operation 81 [1/1] (0.00ns)   --->   "%fb_228_addr = getelementptr i8 %fb_228, i64 0, i64 %zext_ln40" [./line_buffer.h:44->./line_buffer.h:34->predecoder_kernel.cpp:40]   --->   Operation 81 'getelementptr' 'fb_228_addr' <Predicate = true> <Delay = 0.00>
ST_3 : Operation 82 [1/1] (0.00ns)   --->   "%fb_229_addr = getelementptr i8 %fb_229, i64 0, i64 %zext_ln40" [./line_buffer.h:44->./line_buffer.h:34->predecoder_kernel.cpp:40]   --->   Operation 82 'getelementptr' 'fb_229_addr' <Predicate = true> <Delay = 0.00>
ST_3 : Operation 83 [1/1] (0.00ns)   --->   "%fb_230_addr = getelementptr i8 %fb_230, i64 0, i64 %zext_ln40" [./line_buffer.h:44->./line_buffer.h:34->predecoder_kernel.cpp:40]   --->   Operation 83 'getelementptr' 'fb_230_addr' <Predicate = true> <Delay = 0.00>
ST_3 : Operation 84 [1/1] (0.00ns)   --->   "%fb_231_addr = getelementptr i8 %fb_231, i64 0, i64 %zext_ln40" [./line_buffer.h:44->./line_buffer.h:34->predecoder_kernel.cpp:40]   --->   Operation 84 'getelementptr' 'fb_231_addr' <Predicate = true> <Delay = 0.00>
ST_3 : Operation 85 [1/1] (0.00ns)   --->   "%fb_232_addr = getelementptr i8 %fb_232, i64 0, i64 %zext_ln40" [./line_buffer.h:44->./line_buffer.h:34->predecoder_kernel.cpp:40]   --->   Operation 85 'getelementptr' 'fb_232_addr' <Predicate = true> <Delay = 0.00>
ST_3 : Operation 86 [1/1] (0.00ns)   --->   "%fb_233_addr = getelementptr i8 %fb_233, i64 0, i64 %zext_ln40" [./line_buffer.h:44->./line_buffer.h:34->predecoder_kernel.cpp:40]   --->   Operation 86 'getelementptr' 'fb_233_addr' <Predicate = true> <Delay = 0.00>
ST_3 : Operation 87 [1/1] (0.00ns)   --->   "%fb_234_addr = getelementptr i8 %fb_234, i64 0, i64 %zext_ln40" [./line_buffer.h:44->./line_buffer.h:34->predecoder_kernel.cpp:40]   --->   Operation 87 'getelementptr' 'fb_234_addr' <Predicate = true> <Delay = 0.00>
ST_3 : Operation 88 [1/1] (0.00ns)   --->   "%fb_235_addr = getelementptr i8 %fb_235, i64 0, i64 %zext_ln40" [./line_buffer.h:44->./line_buffer.h:34->predecoder_kernel.cpp:40]   --->   Operation 88 'getelementptr' 'fb_235_addr' <Predicate = true> <Delay = 0.00>
ST_3 : Operation 89 [1/1] (0.00ns)   --->   "%fb_236_addr = getelementptr i8 %fb_236, i64 0, i64 %zext_ln40" [./line_buffer.h:44->./line_buffer.h:34->predecoder_kernel.cpp:40]   --->   Operation 89 'getelementptr' 'fb_236_addr' <Predicate = true> <Delay = 0.00>
ST_3 : Operation 90 [1/1] (0.00ns)   --->   "%fb_237_addr = getelementptr i8 %fb_237, i64 0, i64 %zext_ln40" [./line_buffer.h:44->./line_buffer.h:34->predecoder_kernel.cpp:40]   --->   Operation 90 'getelementptr' 'fb_237_addr' <Predicate = true> <Delay = 0.00>
ST_3 : Operation 91 [1/1] (0.00ns)   --->   "%fb_238_addr = getelementptr i8 %fb_238, i64 0, i64 %zext_ln40" [./line_buffer.h:44->./line_buffer.h:34->predecoder_kernel.cpp:40]   --->   Operation 91 'getelementptr' 'fb_238_addr' <Predicate = true> <Delay = 0.00>
ST_3 : Operation 92 [1/1] (0.00ns)   --->   "%fb_239_addr = getelementptr i8 %fb_239, i64 0, i64 %zext_ln40" [./line_buffer.h:44->./line_buffer.h:34->predecoder_kernel.cpp:40]   --->   Operation 92 'getelementptr' 'fb_239_addr' <Predicate = true> <Delay = 0.00>
ST_3 : Operation 93 [1/1] (0.00ns)   --->   "%fb_240_addr = getelementptr i8 %fb_240, i64 0, i64 %zext_ln40" [./line_buffer.h:44->./line_buffer.h:34->predecoder_kernel.cpp:40]   --->   Operation 93 'getelementptr' 'fb_240_addr' <Predicate = true> <Delay = 0.00>
ST_3 : Operation 94 [1/1] (0.00ns)   --->   "%fb_241_addr = getelementptr i8 %fb_241, i64 0, i64 %zext_ln40" [./line_buffer.h:44->./line_buffer.h:34->predecoder_kernel.cpp:40]   --->   Operation 94 'getelementptr' 'fb_241_addr' <Predicate = true> <Delay = 0.00>
ST_3 : Operation 95 [1/1] (0.00ns)   --->   "%fb_242_addr = getelementptr i8 %fb_242, i64 0, i64 %zext_ln40" [./line_buffer.h:44->./line_buffer.h:34->predecoder_kernel.cpp:40]   --->   Operation 95 'getelementptr' 'fb_242_addr' <Predicate = true> <Delay = 0.00>
ST_3 : Operation 96 [1/1] (0.00ns)   --->   "%fb_243_addr = getelementptr i8 %fb_243, i64 0, i64 %zext_ln40" [./line_buffer.h:44->./line_buffer.h:34->predecoder_kernel.cpp:40]   --->   Operation 96 'getelementptr' 'fb_243_addr' <Predicate = true> <Delay = 0.00>
ST_3 : Operation 97 [1/1] (0.00ns)   --->   "%fb_244_addr = getelementptr i8 %fb_244, i64 0, i64 %zext_ln40" [./line_buffer.h:44->./line_buffer.h:34->predecoder_kernel.cpp:40]   --->   Operation 97 'getelementptr' 'fb_244_addr' <Predicate = true> <Delay = 0.00>
ST_3 : Operation 98 [1/1] (0.00ns)   --->   "%fb_245_addr = getelementptr i8 %fb_245, i64 0, i64 %zext_ln40" [./line_buffer.h:44->./line_buffer.h:34->predecoder_kernel.cpp:40]   --->   Operation 98 'getelementptr' 'fb_245_addr' <Predicate = true> <Delay = 0.00>
ST_3 : Operation 99 [1/1] (0.00ns)   --->   "%fb_246_addr = getelementptr i8 %fb_246, i64 0, i64 %zext_ln40" [./line_buffer.h:44->./line_buffer.h:34->predecoder_kernel.cpp:40]   --->   Operation 99 'getelementptr' 'fb_246_addr' <Predicate = true> <Delay = 0.00>
ST_3 : Operation 100 [1/1] (0.00ns)   --->   "%fb_247_addr = getelementptr i8 %fb_247, i64 0, i64 %zext_ln40" [./line_buffer.h:44->./line_buffer.h:34->predecoder_kernel.cpp:40]   --->   Operation 100 'getelementptr' 'fb_247_addr' <Predicate = true> <Delay = 0.00>
ST_3 : Operation 101 [1/1] (0.00ns)   --->   "%fb_248_addr = getelementptr i8 %fb_248, i64 0, i64 %zext_ln40" [./line_buffer.h:44->./line_buffer.h:34->predecoder_kernel.cpp:40]   --->   Operation 101 'getelementptr' 'fb_248_addr' <Predicate = true> <Delay = 0.00>
ST_3 : Operation 102 [1/1] (0.00ns)   --->   "%fb_249_addr = getelementptr i8 %fb_249, i64 0, i64 %zext_ln40" [./line_buffer.h:44->./line_buffer.h:34->predecoder_kernel.cpp:40]   --->   Operation 102 'getelementptr' 'fb_249_addr' <Predicate = true> <Delay = 0.00>
ST_3 : Operation 103 [1/1] (0.00ns)   --->   "%fb_250_addr = getelementptr i8 %fb_250, i64 0, i64 %zext_ln40" [./line_buffer.h:44->./line_buffer.h:34->predecoder_kernel.cpp:40]   --->   Operation 103 'getelementptr' 'fb_250_addr' <Predicate = true> <Delay = 0.00>
ST_3 : Operation 104 [1/1] (0.00ns)   --->   "%fb_251_addr = getelementptr i8 %fb_251, i64 0, i64 %zext_ln40" [./line_buffer.h:44->./line_buffer.h:34->predecoder_kernel.cpp:40]   --->   Operation 104 'getelementptr' 'fb_251_addr' <Predicate = true> <Delay = 0.00>
ST_3 : Operation 105 [1/1] (0.00ns)   --->   "%fb_252_addr = getelementptr i8 %fb_252, i64 0, i64 %zext_ln40" [./line_buffer.h:44->./line_buffer.h:34->predecoder_kernel.cpp:40]   --->   Operation 105 'getelementptr' 'fb_252_addr' <Predicate = true> <Delay = 0.00>
ST_3 : Operation 106 [1/1] (0.00ns)   --->   "%fb_253_addr = getelementptr i8 %fb_253, i64 0, i64 %zext_ln40" [./line_buffer.h:44->./line_buffer.h:34->predecoder_kernel.cpp:40]   --->   Operation 106 'getelementptr' 'fb_253_addr' <Predicate = true> <Delay = 0.00>
ST_3 : Operation 107 [1/1] (0.00ns)   --->   "%fb_254_addr = getelementptr i8 %fb_254, i64 0, i64 %zext_ln40" [./line_buffer.h:44->./line_buffer.h:34->predecoder_kernel.cpp:40]   --->   Operation 107 'getelementptr' 'fb_254_addr' <Predicate = true> <Delay = 0.00>
ST_3 : Operation 108 [1/1] (0.00ns)   --->   "%fb_255_addr = getelementptr i8 %fb_255, i64 0, i64 %zext_ln40" [./line_buffer.h:44->./line_buffer.h:34->predecoder_kernel.cpp:40]   --->   Operation 108 'getelementptr' 'fb_255_addr' <Predicate = true> <Delay = 0.00>
ST_3 : Operation 109 [1/1] (0.00ns)   --->   "%fb_256_addr = getelementptr i8 %fb_256, i64 0, i64 %zext_ln40" [./line_buffer.h:44->./line_buffer.h:34->predecoder_kernel.cpp:40]   --->   Operation 109 'getelementptr' 'fb_256_addr' <Predicate = true> <Delay = 0.00>
ST_3 : Operation 110 [1/1] (0.00ns)   --->   "%fb_257_addr = getelementptr i8 %fb_257, i64 0, i64 %zext_ln40" [./line_buffer.h:44->./line_buffer.h:34->predecoder_kernel.cpp:40]   --->   Operation 110 'getelementptr' 'fb_257_addr' <Predicate = true> <Delay = 0.00>
ST_3 : Operation 111 [1/1] (0.00ns)   --->   "%fb_258_addr = getelementptr i8 %fb_258, i64 0, i64 %zext_ln40" [./line_buffer.h:44->./line_buffer.h:34->predecoder_kernel.cpp:40]   --->   Operation 111 'getelementptr' 'fb_258_addr' <Predicate = true> <Delay = 0.00>
ST_3 : Operation 112 [1/1] (0.00ns)   --->   "%fb_259_addr = getelementptr i8 %fb_259, i64 0, i64 %zext_ln40" [./line_buffer.h:44->./line_buffer.h:34->predecoder_kernel.cpp:40]   --->   Operation 112 'getelementptr' 'fb_259_addr' <Predicate = true> <Delay = 0.00>
ST_3 : Operation 113 [1/1] (0.00ns)   --->   "%fb_260_addr = getelementptr i8 %fb_260, i64 0, i64 %zext_ln40" [./line_buffer.h:44->./line_buffer.h:34->predecoder_kernel.cpp:40]   --->   Operation 113 'getelementptr' 'fb_260_addr' <Predicate = true> <Delay = 0.00>
ST_3 : Operation 114 [1/1] (0.00ns)   --->   "%fb_261_addr = getelementptr i8 %fb_261, i64 0, i64 %zext_ln40" [./line_buffer.h:44->./line_buffer.h:34->predecoder_kernel.cpp:40]   --->   Operation 114 'getelementptr' 'fb_261_addr' <Predicate = true> <Delay = 0.00>
ST_3 : Operation 115 [1/1] (0.00ns)   --->   "%fb_262_addr = getelementptr i8 %fb_262, i64 0, i64 %zext_ln40" [./line_buffer.h:44->./line_buffer.h:34->predecoder_kernel.cpp:40]   --->   Operation 115 'getelementptr' 'fb_262_addr' <Predicate = true> <Delay = 0.00>
ST_3 : Operation 116 [1/1] (0.00ns)   --->   "%fb_263_addr = getelementptr i8 %fb_263, i64 0, i64 %zext_ln40" [./line_buffer.h:44->./line_buffer.h:34->predecoder_kernel.cpp:40]   --->   Operation 116 'getelementptr' 'fb_263_addr' <Predicate = true> <Delay = 0.00>
ST_3 : Operation 117 [1/1] (0.00ns)   --->   "%fb_264_addr = getelementptr i8 %fb_264, i64 0, i64 %zext_ln40" [./line_buffer.h:44->./line_buffer.h:34->predecoder_kernel.cpp:40]   --->   Operation 117 'getelementptr' 'fb_264_addr' <Predicate = true> <Delay = 0.00>
ST_3 : Operation 118 [1/1] (0.00ns)   --->   "%fb_265_addr = getelementptr i8 %fb_265, i64 0, i64 %zext_ln40" [./line_buffer.h:44->./line_buffer.h:34->predecoder_kernel.cpp:40]   --->   Operation 118 'getelementptr' 'fb_265_addr' <Predicate = true> <Delay = 0.00>
ST_3 : Operation 119 [1/1] (0.00ns)   --->   "%fb_266_addr = getelementptr i8 %fb_266, i64 0, i64 %zext_ln40" [./line_buffer.h:44->./line_buffer.h:34->predecoder_kernel.cpp:40]   --->   Operation 119 'getelementptr' 'fb_266_addr' <Predicate = true> <Delay = 0.00>
ST_3 : Operation 120 [1/1] (0.00ns)   --->   "%fb_267_addr = getelementptr i8 %fb_267, i64 0, i64 %zext_ln40" [./line_buffer.h:44->./line_buffer.h:34->predecoder_kernel.cpp:40]   --->   Operation 120 'getelementptr' 'fb_267_addr' <Predicate = true> <Delay = 0.00>
ST_3 : Operation 121 [1/1] (0.00ns)   --->   "%fb_268_addr = getelementptr i8 %fb_268, i64 0, i64 %zext_ln40" [./line_buffer.h:44->./line_buffer.h:34->predecoder_kernel.cpp:40]   --->   Operation 121 'getelementptr' 'fb_268_addr' <Predicate = true> <Delay = 0.00>
ST_3 : Operation 122 [1/1] (0.00ns)   --->   "%fb_269_addr = getelementptr i8 %fb_269, i64 0, i64 %zext_ln40" [./line_buffer.h:44->./line_buffer.h:34->predecoder_kernel.cpp:40]   --->   Operation 122 'getelementptr' 'fb_269_addr' <Predicate = true> <Delay = 0.00>
ST_3 : Operation 123 [1/1] (0.00ns)   --->   "%fb_270_addr = getelementptr i8 %fb_270, i64 0, i64 %zext_ln40" [./line_buffer.h:44->./line_buffer.h:34->predecoder_kernel.cpp:40]   --->   Operation 123 'getelementptr' 'fb_270_addr' <Predicate = true> <Delay = 0.00>
ST_3 : Operation 124 [1/1] (0.00ns)   --->   "%fb_271_addr = getelementptr i8 %fb_271, i64 0, i64 %zext_ln40" [./line_buffer.h:44->./line_buffer.h:34->predecoder_kernel.cpp:40]   --->   Operation 124 'getelementptr' 'fb_271_addr' <Predicate = true> <Delay = 0.00>
ST_3 : Operation 125 [1/1] (0.00ns)   --->   "%fb_272_addr = getelementptr i8 %fb_272, i64 0, i64 %zext_ln40" [./line_buffer.h:44->./line_buffer.h:34->predecoder_kernel.cpp:40]   --->   Operation 125 'getelementptr' 'fb_272_addr' <Predicate = true> <Delay = 0.00>
ST_3 : Operation 126 [1/1] (0.00ns)   --->   "%fb_273_addr = getelementptr i8 %fb_273, i64 0, i64 %zext_ln40" [./line_buffer.h:44->./line_buffer.h:34->predecoder_kernel.cpp:40]   --->   Operation 126 'getelementptr' 'fb_273_addr' <Predicate = true> <Delay = 0.00>
ST_3 : Operation 127 [1/1] (0.00ns)   --->   "%fb_274_addr = getelementptr i8 %fb_274, i64 0, i64 %zext_ln40" [./line_buffer.h:44->./line_buffer.h:34->predecoder_kernel.cpp:40]   --->   Operation 127 'getelementptr' 'fb_274_addr' <Predicate = true> <Delay = 0.00>
ST_3 : Operation 128 [1/1] (0.00ns)   --->   "%fb_275_addr = getelementptr i8 %fb_275, i64 0, i64 %zext_ln40" [./line_buffer.h:44->./line_buffer.h:34->predecoder_kernel.cpp:40]   --->   Operation 128 'getelementptr' 'fb_275_addr' <Predicate = true> <Delay = 0.00>
ST_3 : Operation 129 [1/1] (0.00ns)   --->   "%fb_276_addr = getelementptr i8 %fb_276, i64 0, i64 %zext_ln40" [./line_buffer.h:44->./line_buffer.h:34->predecoder_kernel.cpp:40]   --->   Operation 129 'getelementptr' 'fb_276_addr' <Predicate = true> <Delay = 0.00>
ST_3 : Operation 130 [1/1] (0.00ns)   --->   "%fb_277_addr = getelementptr i8 %fb_277, i64 0, i64 %zext_ln40" [./line_buffer.h:44->./line_buffer.h:34->predecoder_kernel.cpp:40]   --->   Operation 130 'getelementptr' 'fb_277_addr' <Predicate = true> <Delay = 0.00>
ST_3 : Operation 131 [1/1] (0.00ns)   --->   "%fb_278_addr = getelementptr i8 %fb_278, i64 0, i64 %zext_ln40" [./line_buffer.h:44->./line_buffer.h:34->predecoder_kernel.cpp:40]   --->   Operation 131 'getelementptr' 'fb_278_addr' <Predicate = true> <Delay = 0.00>
ST_3 : Operation 132 [1/1] (0.00ns)   --->   "%fb_279_addr = getelementptr i8 %fb_279, i64 0, i64 %zext_ln40" [./line_buffer.h:44->./line_buffer.h:34->predecoder_kernel.cpp:40]   --->   Operation 132 'getelementptr' 'fb_279_addr' <Predicate = true> <Delay = 0.00>
ST_3 : Operation 133 [1/1] (0.00ns)   --->   "%fb_280_addr = getelementptr i8 %fb_280, i64 0, i64 %zext_ln40" [./line_buffer.h:44->./line_buffer.h:34->predecoder_kernel.cpp:40]   --->   Operation 133 'getelementptr' 'fb_280_addr' <Predicate = true> <Delay = 0.00>
ST_3 : Operation 134 [1/1] (0.00ns)   --->   "%fb_281_addr = getelementptr i8 %fb_281, i64 0, i64 %zext_ln40" [./line_buffer.h:44->./line_buffer.h:34->predecoder_kernel.cpp:40]   --->   Operation 134 'getelementptr' 'fb_281_addr' <Predicate = true> <Delay = 0.00>
ST_3 : Operation 135 [1/1] (0.00ns)   --->   "%fb_282_addr = getelementptr i8 %fb_282, i64 0, i64 %zext_ln40" [./line_buffer.h:44->./line_buffer.h:34->predecoder_kernel.cpp:40]   --->   Operation 135 'getelementptr' 'fb_282_addr' <Predicate = true> <Delay = 0.00>
ST_3 : Operation 136 [1/1] (0.00ns)   --->   "%fb_283_addr = getelementptr i8 %fb_283, i64 0, i64 %zext_ln40" [./line_buffer.h:44->./line_buffer.h:34->predecoder_kernel.cpp:40]   --->   Operation 136 'getelementptr' 'fb_283_addr' <Predicate = true> <Delay = 0.00>
ST_3 : Operation 137 [1/1] (0.00ns)   --->   "%fb_284_addr = getelementptr i8 %fb_284, i64 0, i64 %zext_ln40" [./line_buffer.h:44->./line_buffer.h:34->predecoder_kernel.cpp:40]   --->   Operation 137 'getelementptr' 'fb_284_addr' <Predicate = true> <Delay = 0.00>
ST_3 : Operation 138 [1/1] (0.00ns)   --->   "%fb_285_addr = getelementptr i8 %fb_285, i64 0, i64 %zext_ln40" [./line_buffer.h:44->./line_buffer.h:34->predecoder_kernel.cpp:40]   --->   Operation 138 'getelementptr' 'fb_285_addr' <Predicate = true> <Delay = 0.00>
ST_3 : Operation 139 [1/1] (0.00ns)   --->   "%fb_286_addr = getelementptr i8 %fb_286, i64 0, i64 %zext_ln40" [./line_buffer.h:44->./line_buffer.h:34->predecoder_kernel.cpp:40]   --->   Operation 139 'getelementptr' 'fb_286_addr' <Predicate = true> <Delay = 0.00>
ST_3 : Operation 140 [1/1] (0.00ns)   --->   "%fb_287_addr = getelementptr i8 %fb_287, i64 0, i64 %zext_ln40" [./line_buffer.h:44->./line_buffer.h:34->predecoder_kernel.cpp:40]   --->   Operation 140 'getelementptr' 'fb_287_addr' <Predicate = true> <Delay = 0.00>
ST_3 : Operation 141 [1/1] (0.00ns)   --->   "%fb_288_addr = getelementptr i8 %fb_288, i64 0, i64 %zext_ln40" [./line_buffer.h:44->./line_buffer.h:34->predecoder_kernel.cpp:40]   --->   Operation 141 'getelementptr' 'fb_288_addr' <Predicate = true> <Delay = 0.00>
ST_3 : Operation 142 [1/1] (0.00ns)   --->   "%fb_289_addr = getelementptr i8 %fb_289, i64 0, i64 %zext_ln40" [./line_buffer.h:44->./line_buffer.h:34->predecoder_kernel.cpp:40]   --->   Operation 142 'getelementptr' 'fb_289_addr' <Predicate = true> <Delay = 0.00>
ST_3 : Operation 143 [1/1] (0.00ns)   --->   "%fb_290_addr = getelementptr i8 %fb_290, i64 0, i64 %zext_ln40" [./line_buffer.h:44->./line_buffer.h:34->predecoder_kernel.cpp:40]   --->   Operation 143 'getelementptr' 'fb_290_addr' <Predicate = true> <Delay = 0.00>
ST_3 : Operation 144 [1/1] (0.00ns)   --->   "%fb_291_addr = getelementptr i8 %fb_291, i64 0, i64 %zext_ln40" [./line_buffer.h:44->./line_buffer.h:34->predecoder_kernel.cpp:40]   --->   Operation 144 'getelementptr' 'fb_291_addr' <Predicate = true> <Delay = 0.00>
ST_3 : Operation 145 [1/1] (0.00ns)   --->   "%fb_292_addr = getelementptr i8 %fb_292, i64 0, i64 %zext_ln40" [./line_buffer.h:44->./line_buffer.h:34->predecoder_kernel.cpp:40]   --->   Operation 145 'getelementptr' 'fb_292_addr' <Predicate = true> <Delay = 0.00>
ST_3 : Operation 146 [1/1] (0.00ns)   --->   "%fb_293_addr = getelementptr i8 %fb_293, i64 0, i64 %zext_ln40" [./line_buffer.h:44->./line_buffer.h:34->predecoder_kernel.cpp:40]   --->   Operation 146 'getelementptr' 'fb_293_addr' <Predicate = true> <Delay = 0.00>
ST_3 : Operation 147 [1/1] (0.00ns)   --->   "%fb_294_addr = getelementptr i8 %fb_294, i64 0, i64 %zext_ln40" [./line_buffer.h:44->./line_buffer.h:34->predecoder_kernel.cpp:40]   --->   Operation 147 'getelementptr' 'fb_294_addr' <Predicate = true> <Delay = 0.00>
ST_3 : Operation 148 [1/1] (0.00ns)   --->   "%fb_295_addr = getelementptr i8 %fb_295, i64 0, i64 %zext_ln40" [./line_buffer.h:44->./line_buffer.h:34->predecoder_kernel.cpp:40]   --->   Operation 148 'getelementptr' 'fb_295_addr' <Predicate = true> <Delay = 0.00>
ST_3 : Operation 149 [1/1] (0.00ns)   --->   "%fb_296_addr = getelementptr i8 %fb_296, i64 0, i64 %zext_ln40" [./line_buffer.h:44->./line_buffer.h:34->predecoder_kernel.cpp:40]   --->   Operation 149 'getelementptr' 'fb_296_addr' <Predicate = true> <Delay = 0.00>
ST_3 : Operation 150 [1/1] (0.00ns)   --->   "%fb_297_addr = getelementptr i8 %fb_297, i64 0, i64 %zext_ln40" [./line_buffer.h:44->./line_buffer.h:34->predecoder_kernel.cpp:40]   --->   Operation 150 'getelementptr' 'fb_297_addr' <Predicate = true> <Delay = 0.00>
ST_3 : Operation 151 [1/1] (0.00ns)   --->   "%fb_298_addr = getelementptr i8 %fb_298, i64 0, i64 %zext_ln40" [./line_buffer.h:44->./line_buffer.h:34->predecoder_kernel.cpp:40]   --->   Operation 151 'getelementptr' 'fb_298_addr' <Predicate = true> <Delay = 0.00>
ST_3 : Operation 152 [1/1] (0.00ns)   --->   "%fb_299_addr = getelementptr i8 %fb_299, i64 0, i64 %zext_ln40" [./line_buffer.h:44->./line_buffer.h:34->predecoder_kernel.cpp:40]   --->   Operation 152 'getelementptr' 'fb_299_addr' <Predicate = true> <Delay = 0.00>
ST_3 : Operation 153 [1/1] (0.00ns)   --->   "%fb_300_addr = getelementptr i8 %fb_300, i64 0, i64 %zext_ln40" [./line_buffer.h:44->./line_buffer.h:34->predecoder_kernel.cpp:40]   --->   Operation 153 'getelementptr' 'fb_300_addr' <Predicate = true> <Delay = 0.00>
ST_3 : Operation 154 [1/1] (0.00ns)   --->   "%fb_301_addr = getelementptr i8 %fb_301, i64 0, i64 %zext_ln40" [./line_buffer.h:44->./line_buffer.h:34->predecoder_kernel.cpp:40]   --->   Operation 154 'getelementptr' 'fb_301_addr' <Predicate = true> <Delay = 0.00>
ST_3 : Operation 155 [1/1] (0.00ns)   --->   "%fb_302_addr = getelementptr i8 %fb_302, i64 0, i64 %zext_ln40" [./line_buffer.h:44->./line_buffer.h:34->predecoder_kernel.cpp:40]   --->   Operation 155 'getelementptr' 'fb_302_addr' <Predicate = true> <Delay = 0.00>
ST_3 : Operation 156 [1/1] (0.00ns)   --->   "%fb_303_addr = getelementptr i8 %fb_303, i64 0, i64 %zext_ln40" [./line_buffer.h:44->./line_buffer.h:34->predecoder_kernel.cpp:40]   --->   Operation 156 'getelementptr' 'fb_303_addr' <Predicate = true> <Delay = 0.00>
ST_3 : Operation 157 [1/1] (0.00ns)   --->   "%fb_304_addr = getelementptr i8 %fb_304, i64 0, i64 %zext_ln40" [./line_buffer.h:44->./line_buffer.h:34->predecoder_kernel.cpp:40]   --->   Operation 157 'getelementptr' 'fb_304_addr' <Predicate = true> <Delay = 0.00>
ST_3 : Operation 158 [1/1] (0.00ns)   --->   "%fb_305_addr = getelementptr i8 %fb_305, i64 0, i64 %zext_ln40" [./line_buffer.h:44->./line_buffer.h:34->predecoder_kernel.cpp:40]   --->   Operation 158 'getelementptr' 'fb_305_addr' <Predicate = true> <Delay = 0.00>
ST_3 : Operation 159 [1/1] (0.00ns)   --->   "%fb_306_addr = getelementptr i8 %fb_306, i64 0, i64 %zext_ln40" [./line_buffer.h:44->./line_buffer.h:34->predecoder_kernel.cpp:40]   --->   Operation 159 'getelementptr' 'fb_306_addr' <Predicate = true> <Delay = 0.00>
ST_3 : Operation 160 [1/1] (0.00ns)   --->   "%fb_307_addr = getelementptr i8 %fb_307, i64 0, i64 %zext_ln40" [./line_buffer.h:44->./line_buffer.h:34->predecoder_kernel.cpp:40]   --->   Operation 160 'getelementptr' 'fb_307_addr' <Predicate = true> <Delay = 0.00>
ST_3 : Operation 161 [1/1] (0.00ns)   --->   "%fb_308_addr = getelementptr i8 %fb_308, i64 0, i64 %zext_ln40" [./line_buffer.h:44->./line_buffer.h:34->predecoder_kernel.cpp:40]   --->   Operation 161 'getelementptr' 'fb_308_addr' <Predicate = true> <Delay = 0.00>
ST_3 : Operation 162 [1/1] (0.00ns)   --->   "%fb_309_addr = getelementptr i8 %fb_309, i64 0, i64 %zext_ln40" [./line_buffer.h:44->./line_buffer.h:34->predecoder_kernel.cpp:40]   --->   Operation 162 'getelementptr' 'fb_309_addr' <Predicate = true> <Delay = 0.00>
ST_3 : Operation 163 [1/1] (0.00ns)   --->   "%fb_310_addr = getelementptr i8 %fb_310, i64 0, i64 %zext_ln40" [./line_buffer.h:44->./line_buffer.h:34->predecoder_kernel.cpp:40]   --->   Operation 163 'getelementptr' 'fb_310_addr' <Predicate = true> <Delay = 0.00>
ST_3 : Operation 164 [1/1] (0.00ns)   --->   "%fb_311_addr = getelementptr i8 %fb_311, i64 0, i64 %zext_ln40" [./line_buffer.h:44->./line_buffer.h:34->predecoder_kernel.cpp:40]   --->   Operation 164 'getelementptr' 'fb_311_addr' <Predicate = true> <Delay = 0.00>
ST_3 : Operation 165 [1/1] (0.00ns)   --->   "%fb_312_addr = getelementptr i8 %fb_312, i64 0, i64 %zext_ln40" [./line_buffer.h:44->./line_buffer.h:34->predecoder_kernel.cpp:40]   --->   Operation 165 'getelementptr' 'fb_312_addr' <Predicate = true> <Delay = 0.00>
ST_3 : Operation 166 [1/1] (0.00ns)   --->   "%fb_313_addr = getelementptr i8 %fb_313, i64 0, i64 %zext_ln40" [./line_buffer.h:44->./line_buffer.h:34->predecoder_kernel.cpp:40]   --->   Operation 166 'getelementptr' 'fb_313_addr' <Predicate = true> <Delay = 0.00>
ST_3 : Operation 167 [1/1] (0.00ns)   --->   "%fb_314_addr = getelementptr i8 %fb_314, i64 0, i64 %zext_ln40" [./line_buffer.h:44->./line_buffer.h:34->predecoder_kernel.cpp:40]   --->   Operation 167 'getelementptr' 'fb_314_addr' <Predicate = true> <Delay = 0.00>
ST_3 : Operation 168 [1/1] (0.00ns)   --->   "%fb_315_addr = getelementptr i8 %fb_315, i64 0, i64 %zext_ln40" [./line_buffer.h:44->./line_buffer.h:34->predecoder_kernel.cpp:40]   --->   Operation 168 'getelementptr' 'fb_315_addr' <Predicate = true> <Delay = 0.00>
ST_3 : Operation 169 [1/1] (0.00ns)   --->   "%fb_316_addr = getelementptr i8 %fb_316, i64 0, i64 %zext_ln40" [./line_buffer.h:44->./line_buffer.h:34->predecoder_kernel.cpp:40]   --->   Operation 169 'getelementptr' 'fb_316_addr' <Predicate = true> <Delay = 0.00>
ST_3 : Operation 170 [1/1] (0.00ns)   --->   "%fb_317_addr = getelementptr i8 %fb_317, i64 0, i64 %zext_ln40" [./line_buffer.h:44->./line_buffer.h:34->predecoder_kernel.cpp:40]   --->   Operation 170 'getelementptr' 'fb_317_addr' <Predicate = true> <Delay = 0.00>
ST_3 : Operation 171 [1/1] (0.00ns)   --->   "%fb_318_addr = getelementptr i8 %fb_318, i64 0, i64 %zext_ln40" [./line_buffer.h:44->./line_buffer.h:34->predecoder_kernel.cpp:40]   --->   Operation 171 'getelementptr' 'fb_318_addr' <Predicate = true> <Delay = 0.00>
ST_3 : Operation 172 [1/1] (0.00ns)   --->   "%fb_319_addr = getelementptr i8 %fb_319, i64 0, i64 %zext_ln40" [./line_buffer.h:44->./line_buffer.h:34->predecoder_kernel.cpp:40]   --->   Operation 172 'getelementptr' 'fb_319_addr' <Predicate = true> <Delay = 0.00>
ST_3 : Operation 173 [1/1] (0.00ns)   --->   "%fb_320_addr = getelementptr i8 %fb_320, i64 0, i64 %zext_ln40" [./line_buffer.h:44->./line_buffer.h:34->predecoder_kernel.cpp:40]   --->   Operation 173 'getelementptr' 'fb_320_addr' <Predicate = true> <Delay = 0.00>
ST_3 : Operation 174 [1/1] (0.00ns)   --->   "%fb_321_addr = getelementptr i8 %fb_321, i64 0, i64 %zext_ln40" [./line_buffer.h:44->./line_buffer.h:34->predecoder_kernel.cpp:40]   --->   Operation 174 'getelementptr' 'fb_321_addr' <Predicate = true> <Delay = 0.00>
ST_3 : Operation 175 [1/1] (0.00ns)   --->   "%fb_322_addr = getelementptr i8 %fb_322, i64 0, i64 %zext_ln40" [./line_buffer.h:44->./line_buffer.h:34->predecoder_kernel.cpp:40]   --->   Operation 175 'getelementptr' 'fb_322_addr' <Predicate = true> <Delay = 0.00>
ST_3 : Operation 176 [1/1] (0.00ns)   --->   "%fb_323_addr = getelementptr i8 %fb_323, i64 0, i64 %zext_ln40" [./line_buffer.h:44->./line_buffer.h:34->predecoder_kernel.cpp:40]   --->   Operation 176 'getelementptr' 'fb_323_addr' <Predicate = true> <Delay = 0.00>
ST_3 : Operation 177 [1/1] (0.00ns)   --->   "%fb_324_addr = getelementptr i8 %fb_324, i64 0, i64 %zext_ln40" [./line_buffer.h:44->./line_buffer.h:34->predecoder_kernel.cpp:40]   --->   Operation 177 'getelementptr' 'fb_324_addr' <Predicate = true> <Delay = 0.00>
ST_3 : Operation 178 [1/1] (0.00ns)   --->   "%fb_325_addr = getelementptr i8 %fb_325, i64 0, i64 %zext_ln40" [./line_buffer.h:44->./line_buffer.h:34->predecoder_kernel.cpp:40]   --->   Operation 178 'getelementptr' 'fb_325_addr' <Predicate = true> <Delay = 0.00>
ST_3 : Operation 179 [1/1] (0.00ns)   --->   "%fb_326_addr = getelementptr i8 %fb_326, i64 0, i64 %zext_ln40" [./line_buffer.h:44->./line_buffer.h:34->predecoder_kernel.cpp:40]   --->   Operation 179 'getelementptr' 'fb_326_addr' <Predicate = true> <Delay = 0.00>
ST_3 : Operation 180 [1/1] (0.00ns)   --->   "%fb_327_addr = getelementptr i8 %fb_327, i64 0, i64 %zext_ln40" [./line_buffer.h:44->./line_buffer.h:34->predecoder_kernel.cpp:40]   --->   Operation 180 'getelementptr' 'fb_327_addr' <Predicate = true> <Delay = 0.00>
ST_3 : Operation 181 [1/1] (0.00ns)   --->   "%fb_328_addr = getelementptr i8 %fb_328, i64 0, i64 %zext_ln40" [./line_buffer.h:44->./line_buffer.h:34->predecoder_kernel.cpp:40]   --->   Operation 181 'getelementptr' 'fb_328_addr' <Predicate = true> <Delay = 0.00>
ST_3 : Operation 182 [1/1] (0.00ns)   --->   "%fb_329_addr = getelementptr i8 %fb_329, i64 0, i64 %zext_ln40" [./line_buffer.h:44->./line_buffer.h:34->predecoder_kernel.cpp:40]   --->   Operation 182 'getelementptr' 'fb_329_addr' <Predicate = true> <Delay = 0.00>
ST_3 : Operation 183 [1/1] (0.00ns)   --->   "%fb_330_addr = getelementptr i8 %fb_330, i64 0, i64 %zext_ln40" [./line_buffer.h:44->./line_buffer.h:34->predecoder_kernel.cpp:40]   --->   Operation 183 'getelementptr' 'fb_330_addr' <Predicate = true> <Delay = 0.00>
ST_3 : Operation 184 [1/1] (0.00ns)   --->   "%fb_331_addr = getelementptr i8 %fb_331, i64 0, i64 %zext_ln40" [./line_buffer.h:44->./line_buffer.h:34->predecoder_kernel.cpp:40]   --->   Operation 184 'getelementptr' 'fb_331_addr' <Predicate = true> <Delay = 0.00>
ST_3 : Operation 185 [1/1] (0.00ns)   --->   "%fb_332_addr = getelementptr i8 %fb_332, i64 0, i64 %zext_ln40" [./line_buffer.h:44->./line_buffer.h:34->predecoder_kernel.cpp:40]   --->   Operation 185 'getelementptr' 'fb_332_addr' <Predicate = true> <Delay = 0.00>
ST_3 : Operation 186 [1/1] (0.00ns)   --->   "%fb_333_addr = getelementptr i8 %fb_333, i64 0, i64 %zext_ln40" [./line_buffer.h:44->./line_buffer.h:34->predecoder_kernel.cpp:40]   --->   Operation 186 'getelementptr' 'fb_333_addr' <Predicate = true> <Delay = 0.00>
ST_3 : Operation 187 [1/1] (0.00ns)   --->   "%fb_334_addr = getelementptr i8 %fb_334, i64 0, i64 %zext_ln40" [./line_buffer.h:44->./line_buffer.h:34->predecoder_kernel.cpp:40]   --->   Operation 187 'getelementptr' 'fb_334_addr' <Predicate = true> <Delay = 0.00>
ST_3 : Operation 188 [1/1] (0.00ns)   --->   "%fb_335_addr = getelementptr i8 %fb_335, i64 0, i64 %zext_ln40" [./line_buffer.h:44->./line_buffer.h:34->predecoder_kernel.cpp:40]   --->   Operation 188 'getelementptr' 'fb_335_addr' <Predicate = true> <Delay = 0.00>
ST_3 : Operation 189 [1/1] (0.00ns)   --->   "%fb_336_addr = getelementptr i8 %fb_336, i64 0, i64 %zext_ln40" [./line_buffer.h:44->./line_buffer.h:34->predecoder_kernel.cpp:40]   --->   Operation 189 'getelementptr' 'fb_336_addr' <Predicate = true> <Delay = 0.00>
ST_3 : Operation 190 [1/1] (0.00ns)   --->   "%fb_337_addr = getelementptr i8 %fb_337, i64 0, i64 %zext_ln40" [./line_buffer.h:44->./line_buffer.h:34->predecoder_kernel.cpp:40]   --->   Operation 190 'getelementptr' 'fb_337_addr' <Predicate = true> <Delay = 0.00>
ST_3 : Operation 191 [1/1] (0.00ns)   --->   "%fb_338_addr = getelementptr i8 %fb_338, i64 0, i64 %zext_ln40" [./line_buffer.h:44->./line_buffer.h:34->predecoder_kernel.cpp:40]   --->   Operation 191 'getelementptr' 'fb_338_addr' <Predicate = true> <Delay = 0.00>
ST_3 : Operation 192 [1/1] (0.00ns)   --->   "%fb_339_addr = getelementptr i8 %fb_339, i64 0, i64 %zext_ln40" [./line_buffer.h:44->./line_buffer.h:34->predecoder_kernel.cpp:40]   --->   Operation 192 'getelementptr' 'fb_339_addr' <Predicate = true> <Delay = 0.00>
ST_3 : Operation 193 [1/1] (0.00ns)   --->   "%fb_340_addr = getelementptr i8 %fb_340, i64 0, i64 %zext_ln40" [./line_buffer.h:44->./line_buffer.h:34->predecoder_kernel.cpp:40]   --->   Operation 193 'getelementptr' 'fb_340_addr' <Predicate = true> <Delay = 0.00>
ST_3 : Operation 194 [1/1] (0.00ns)   --->   "%fb_341_addr = getelementptr i8 %fb_341, i64 0, i64 %zext_ln40" [./line_buffer.h:44->./line_buffer.h:34->predecoder_kernel.cpp:40]   --->   Operation 194 'getelementptr' 'fb_341_addr' <Predicate = true> <Delay = 0.00>
ST_3 : Operation 195 [1/1] (0.00ns)   --->   "%fb_342_addr = getelementptr i8 %fb_342, i64 0, i64 %zext_ln40" [./line_buffer.h:44->./line_buffer.h:34->predecoder_kernel.cpp:40]   --->   Operation 195 'getelementptr' 'fb_342_addr' <Predicate = true> <Delay = 0.00>
ST_3 : Operation 196 [1/1] (0.00ns)   --->   "%fb_343_addr = getelementptr i8 %fb_343, i64 0, i64 %zext_ln40" [./line_buffer.h:44->./line_buffer.h:34->predecoder_kernel.cpp:40]   --->   Operation 196 'getelementptr' 'fb_343_addr' <Predicate = true> <Delay = 0.00>
ST_3 : Operation 197 [1/1] (0.00ns)   --->   "%fb_344_addr = getelementptr i8 %fb_344, i64 0, i64 %zext_ln40" [./line_buffer.h:44->./line_buffer.h:34->predecoder_kernel.cpp:40]   --->   Operation 197 'getelementptr' 'fb_344_addr' <Predicate = true> <Delay = 0.00>
ST_3 : Operation 198 [1/1] (0.00ns)   --->   "%fb_345_addr = getelementptr i8 %fb_345, i64 0, i64 %zext_ln40" [./line_buffer.h:44->./line_buffer.h:34->predecoder_kernel.cpp:40]   --->   Operation 198 'getelementptr' 'fb_345_addr' <Predicate = true> <Delay = 0.00>
ST_3 : Operation 199 [1/1] (0.00ns)   --->   "%fb_346_addr = getelementptr i8 %fb_346, i64 0, i64 %zext_ln40" [./line_buffer.h:44->./line_buffer.h:34->predecoder_kernel.cpp:40]   --->   Operation 199 'getelementptr' 'fb_346_addr' <Predicate = true> <Delay = 0.00>
ST_3 : Operation 200 [1/1] (0.00ns)   --->   "%fb_347_addr = getelementptr i8 %fb_347, i64 0, i64 %zext_ln40" [./line_buffer.h:44->./line_buffer.h:34->predecoder_kernel.cpp:40]   --->   Operation 200 'getelementptr' 'fb_347_addr' <Predicate = true> <Delay = 0.00>
ST_3 : Operation 201 [1/1] (0.00ns)   --->   "%fb_348_addr = getelementptr i8 %fb_348, i64 0, i64 %zext_ln40" [./line_buffer.h:44->./line_buffer.h:34->predecoder_kernel.cpp:40]   --->   Operation 201 'getelementptr' 'fb_348_addr' <Predicate = true> <Delay = 0.00>
ST_3 : Operation 202 [1/1] (0.00ns)   --->   "%fb_349_addr = getelementptr i8 %fb_349, i64 0, i64 %zext_ln40" [./line_buffer.h:44->./line_buffer.h:34->predecoder_kernel.cpp:40]   --->   Operation 202 'getelementptr' 'fb_349_addr' <Predicate = true> <Delay = 0.00>
ST_3 : Operation 203 [1/1] (0.00ns)   --->   "%fb_350_addr = getelementptr i8 %fb_350, i64 0, i64 %zext_ln40" [./line_buffer.h:44->./line_buffer.h:34->predecoder_kernel.cpp:40]   --->   Operation 203 'getelementptr' 'fb_350_addr' <Predicate = true> <Delay = 0.00>
ST_3 : Operation 204 [1/1] (0.00ns)   --->   "%fb_351_addr = getelementptr i8 %fb_351, i64 0, i64 %zext_ln40" [./line_buffer.h:44->./line_buffer.h:34->predecoder_kernel.cpp:40]   --->   Operation 204 'getelementptr' 'fb_351_addr' <Predicate = true> <Delay = 0.00>
ST_3 : Operation 205 [1/1] (0.00ns)   --->   "%fb_352_addr = getelementptr i8 %fb_352, i64 0, i64 %zext_ln40" [./line_buffer.h:44->./line_buffer.h:34->predecoder_kernel.cpp:40]   --->   Operation 205 'getelementptr' 'fb_352_addr' <Predicate = true> <Delay = 0.00>
ST_3 : Operation 206 [1/1] (0.00ns)   --->   "%fb_353_addr = getelementptr i8 %fb_353, i64 0, i64 %zext_ln40" [./line_buffer.h:44->./line_buffer.h:34->predecoder_kernel.cpp:40]   --->   Operation 206 'getelementptr' 'fb_353_addr' <Predicate = true> <Delay = 0.00>
ST_3 : Operation 207 [1/1] (0.00ns)   --->   "%fb_354_addr = getelementptr i8 %fb_354, i64 0, i64 %zext_ln40" [./line_buffer.h:44->./line_buffer.h:34->predecoder_kernel.cpp:40]   --->   Operation 207 'getelementptr' 'fb_354_addr' <Predicate = true> <Delay = 0.00>
ST_3 : Operation 208 [1/1] (0.00ns)   --->   "%fb_355_addr = getelementptr i8 %fb_355, i64 0, i64 %zext_ln40" [./line_buffer.h:44->./line_buffer.h:34->predecoder_kernel.cpp:40]   --->   Operation 208 'getelementptr' 'fb_355_addr' <Predicate = true> <Delay = 0.00>
ST_3 : Operation 209 [1/1] (0.00ns)   --->   "%fb_356_addr = getelementptr i8 %fb_356, i64 0, i64 %zext_ln40" [./line_buffer.h:44->./line_buffer.h:34->predecoder_kernel.cpp:40]   --->   Operation 209 'getelementptr' 'fb_356_addr' <Predicate = true> <Delay = 0.00>
ST_3 : Operation 210 [1/1] (0.00ns)   --->   "%fb_357_addr = getelementptr i8 %fb_357, i64 0, i64 %zext_ln40" [./line_buffer.h:44->./line_buffer.h:34->predecoder_kernel.cpp:40]   --->   Operation 210 'getelementptr' 'fb_357_addr' <Predicate = true> <Delay = 0.00>
ST_3 : Operation 211 [1/1] (0.00ns)   --->   "%fb_358_addr = getelementptr i8 %fb_358, i64 0, i64 %zext_ln40" [./line_buffer.h:44->./line_buffer.h:34->predecoder_kernel.cpp:40]   --->   Operation 211 'getelementptr' 'fb_358_addr' <Predicate = true> <Delay = 0.00>
ST_3 : Operation 212 [1/1] (0.00ns)   --->   "%fb_359_addr = getelementptr i8 %fb_359, i64 0, i64 %zext_ln40" [./line_buffer.h:44->./line_buffer.h:34->predecoder_kernel.cpp:40]   --->   Operation 212 'getelementptr' 'fb_359_addr' <Predicate = true> <Delay = 0.00>
ST_3 : Operation 213 [1/1] (0.00ns)   --->   "%fb_360_addr = getelementptr i8 %fb_360, i64 0, i64 %zext_ln40" [./line_buffer.h:44->./line_buffer.h:34->predecoder_kernel.cpp:40]   --->   Operation 213 'getelementptr' 'fb_360_addr' <Predicate = true> <Delay = 0.00>
ST_3 : Operation 214 [1/1] (0.00ns)   --->   "%fb_361_addr = getelementptr i8 %fb_361, i64 0, i64 %zext_ln40" [./line_buffer.h:44->./line_buffer.h:34->predecoder_kernel.cpp:40]   --->   Operation 214 'getelementptr' 'fb_361_addr' <Predicate = true> <Delay = 0.00>
ST_3 : Operation 215 [1/1] (0.00ns)   --->   "%fb_362_addr = getelementptr i8 %fb_362, i64 0, i64 %zext_ln40" [./line_buffer.h:44->./line_buffer.h:34->predecoder_kernel.cpp:40]   --->   Operation 215 'getelementptr' 'fb_362_addr' <Predicate = true> <Delay = 0.00>
ST_3 : Operation 216 [1/1] (0.00ns)   --->   "%fb_363_addr = getelementptr i8 %fb_363, i64 0, i64 %zext_ln40" [./line_buffer.h:44->./line_buffer.h:34->predecoder_kernel.cpp:40]   --->   Operation 216 'getelementptr' 'fb_363_addr' <Predicate = true> <Delay = 0.00>
ST_3 : Operation 217 [1/1] (0.00ns)   --->   "%fb_364_addr = getelementptr i8 %fb_364, i64 0, i64 %zext_ln40" [./line_buffer.h:44->./line_buffer.h:34->predecoder_kernel.cpp:40]   --->   Operation 217 'getelementptr' 'fb_364_addr' <Predicate = true> <Delay = 0.00>
ST_3 : Operation 218 [1/1] (0.00ns)   --->   "%fb_365_addr = getelementptr i8 %fb_365, i64 0, i64 %zext_ln40" [./line_buffer.h:44->./line_buffer.h:34->predecoder_kernel.cpp:40]   --->   Operation 218 'getelementptr' 'fb_365_addr' <Predicate = true> <Delay = 0.00>
ST_3 : Operation 219 [1/1] (0.00ns)   --->   "%fb_366_addr = getelementptr i8 %fb_366, i64 0, i64 %zext_ln40" [./line_buffer.h:44->./line_buffer.h:34->predecoder_kernel.cpp:40]   --->   Operation 219 'getelementptr' 'fb_366_addr' <Predicate = true> <Delay = 0.00>
ST_3 : Operation 220 [1/1] (0.00ns)   --->   "%fb_367_addr = getelementptr i8 %fb_367, i64 0, i64 %zext_ln40" [./line_buffer.h:44->./line_buffer.h:34->predecoder_kernel.cpp:40]   --->   Operation 220 'getelementptr' 'fb_367_addr' <Predicate = true> <Delay = 0.00>
ST_3 : Operation 221 [1/1] (0.00ns)   --->   "%fb_368_addr = getelementptr i8 %fb_368, i64 0, i64 %zext_ln40" [./line_buffer.h:44->./line_buffer.h:34->predecoder_kernel.cpp:40]   --->   Operation 221 'getelementptr' 'fb_368_addr' <Predicate = true> <Delay = 0.00>
ST_3 : Operation 222 [1/1] (0.00ns)   --->   "%fb_369_addr = getelementptr i8 %fb_369, i64 0, i64 %zext_ln40" [./line_buffer.h:44->./line_buffer.h:34->predecoder_kernel.cpp:40]   --->   Operation 222 'getelementptr' 'fb_369_addr' <Predicate = true> <Delay = 0.00>
ST_3 : Operation 223 [1/1] (0.00ns)   --->   "%fb_370_addr = getelementptr i8 %fb_370, i64 0, i64 %zext_ln40" [./line_buffer.h:44->./line_buffer.h:34->predecoder_kernel.cpp:40]   --->   Operation 223 'getelementptr' 'fb_370_addr' <Predicate = true> <Delay = 0.00>
ST_3 : Operation 224 [1/1] (0.00ns)   --->   "%fb_371_addr = getelementptr i8 %fb_371, i64 0, i64 %zext_ln40" [./line_buffer.h:44->./line_buffer.h:34->predecoder_kernel.cpp:40]   --->   Operation 224 'getelementptr' 'fb_371_addr' <Predicate = true> <Delay = 0.00>
ST_3 : Operation 225 [1/1] (0.00ns)   --->   "%fb_372_addr = getelementptr i8 %fb_372, i64 0, i64 %zext_ln40" [./line_buffer.h:44->./line_buffer.h:34->predecoder_kernel.cpp:40]   --->   Operation 225 'getelementptr' 'fb_372_addr' <Predicate = true> <Delay = 0.00>
ST_3 : Operation 226 [1/1] (0.00ns)   --->   "%fb_373_addr = getelementptr i8 %fb_373, i64 0, i64 %zext_ln40" [./line_buffer.h:44->./line_buffer.h:34->predecoder_kernel.cpp:40]   --->   Operation 226 'getelementptr' 'fb_373_addr' <Predicate = true> <Delay = 0.00>
ST_3 : Operation 227 [1/1] (0.00ns)   --->   "%fb_374_addr = getelementptr i8 %fb_374, i64 0, i64 %zext_ln40" [./line_buffer.h:44->./line_buffer.h:34->predecoder_kernel.cpp:40]   --->   Operation 227 'getelementptr' 'fb_374_addr' <Predicate = true> <Delay = 0.00>
ST_3 : Operation 228 [1/1] (0.00ns)   --->   "%fb_375_addr = getelementptr i8 %fb_375, i64 0, i64 %zext_ln40" [./line_buffer.h:44->./line_buffer.h:34->predecoder_kernel.cpp:40]   --->   Operation 228 'getelementptr' 'fb_375_addr' <Predicate = true> <Delay = 0.00>
ST_3 : Operation 229 [1/1] (0.00ns)   --->   "%fb_376_addr = getelementptr i8 %fb_376, i64 0, i64 %zext_ln40" [./line_buffer.h:44->./line_buffer.h:34->predecoder_kernel.cpp:40]   --->   Operation 229 'getelementptr' 'fb_376_addr' <Predicate = true> <Delay = 0.00>
ST_3 : Operation 230 [1/1] (0.00ns)   --->   "%fb_377_addr = getelementptr i8 %fb_377, i64 0, i64 %zext_ln40" [./line_buffer.h:44->./line_buffer.h:34->predecoder_kernel.cpp:40]   --->   Operation 230 'getelementptr' 'fb_377_addr' <Predicate = true> <Delay = 0.00>
ST_3 : Operation 231 [1/1] (0.00ns)   --->   "%fb_378_addr = getelementptr i8 %fb_378, i64 0, i64 %zext_ln40" [./line_buffer.h:44->./line_buffer.h:34->predecoder_kernel.cpp:40]   --->   Operation 231 'getelementptr' 'fb_378_addr' <Predicate = true> <Delay = 0.00>
ST_3 : Operation 232 [1/1] (0.00ns)   --->   "%fb_379_addr = getelementptr i8 %fb_379, i64 0, i64 %zext_ln40" [./line_buffer.h:44->./line_buffer.h:34->predecoder_kernel.cpp:40]   --->   Operation 232 'getelementptr' 'fb_379_addr' <Predicate = true> <Delay = 0.00>
ST_3 : Operation 233 [1/1] (0.00ns)   --->   "%fb_380_addr = getelementptr i8 %fb_380, i64 0, i64 %zext_ln40" [./line_buffer.h:44->./line_buffer.h:34->predecoder_kernel.cpp:40]   --->   Operation 233 'getelementptr' 'fb_380_addr' <Predicate = true> <Delay = 0.00>
ST_3 : Operation 234 [1/1] (0.00ns)   --->   "%fb_381_addr = getelementptr i8 %fb_381, i64 0, i64 %zext_ln40" [./line_buffer.h:44->./line_buffer.h:34->predecoder_kernel.cpp:40]   --->   Operation 234 'getelementptr' 'fb_381_addr' <Predicate = true> <Delay = 0.00>
ST_3 : Operation 235 [1/1] (0.00ns)   --->   "%fb_382_addr = getelementptr i8 %fb_382, i64 0, i64 %zext_ln40" [./line_buffer.h:44->./line_buffer.h:34->predecoder_kernel.cpp:40]   --->   Operation 235 'getelementptr' 'fb_382_addr' <Predicate = true> <Delay = 0.00>
ST_3 : Operation 236 [1/1] (0.00ns)   --->   "%fb_383_addr = getelementptr i8 %fb_383, i64 0, i64 %zext_ln40" [./line_buffer.h:44->./line_buffer.h:34->predecoder_kernel.cpp:40]   --->   Operation 236 'getelementptr' 'fb_383_addr' <Predicate = true> <Delay = 0.00>
ST_3 : Operation 237 [1/1] (0.00ns)   --->   "%fb_384_addr = getelementptr i8 %fb_384, i64 0, i64 %zext_ln40" [./line_buffer.h:44->./line_buffer.h:34->predecoder_kernel.cpp:40]   --->   Operation 237 'getelementptr' 'fb_384_addr' <Predicate = true> <Delay = 0.00>
ST_3 : Operation 238 [1/1] (0.00ns)   --->   "%fb_385_addr = getelementptr i8 %fb_385, i64 0, i64 %zext_ln40" [./line_buffer.h:44->./line_buffer.h:34->predecoder_kernel.cpp:40]   --->   Operation 238 'getelementptr' 'fb_385_addr' <Predicate = true> <Delay = 0.00>
ST_3 : Operation 239 [1/1] (0.00ns)   --->   "%fb_386_addr = getelementptr i8 %fb_386, i64 0, i64 %zext_ln40" [./line_buffer.h:44->./line_buffer.h:34->predecoder_kernel.cpp:40]   --->   Operation 239 'getelementptr' 'fb_386_addr' <Predicate = true> <Delay = 0.00>
ST_3 : Operation 240 [1/1] (0.00ns)   --->   "%fb_387_addr = getelementptr i8 %fb_387, i64 0, i64 %zext_ln40" [./line_buffer.h:44->./line_buffer.h:34->predecoder_kernel.cpp:40]   --->   Operation 240 'getelementptr' 'fb_387_addr' <Predicate = true> <Delay = 0.00>
ST_3 : Operation 241 [1/1] (0.00ns)   --->   "%fb_388_addr = getelementptr i8 %fb_388, i64 0, i64 %zext_ln40" [./line_buffer.h:44->./line_buffer.h:34->predecoder_kernel.cpp:40]   --->   Operation 241 'getelementptr' 'fb_388_addr' <Predicate = true> <Delay = 0.00>
ST_3 : Operation 242 [1/1] (0.00ns)   --->   "%fb_389_addr = getelementptr i8 %fb_389, i64 0, i64 %zext_ln40" [./line_buffer.h:44->./line_buffer.h:34->predecoder_kernel.cpp:40]   --->   Operation 242 'getelementptr' 'fb_389_addr' <Predicate = true> <Delay = 0.00>
ST_3 : Operation 243 [1/1] (0.00ns)   --->   "%fb_390_addr = getelementptr i8 %fb_390, i64 0, i64 %zext_ln40" [./line_buffer.h:44->./line_buffer.h:34->predecoder_kernel.cpp:40]   --->   Operation 243 'getelementptr' 'fb_390_addr' <Predicate = true> <Delay = 0.00>
ST_3 : Operation 244 [1/1] (0.00ns)   --->   "%fb_391_addr = getelementptr i8 %fb_391, i64 0, i64 %zext_ln40" [./line_buffer.h:44->./line_buffer.h:34->predecoder_kernel.cpp:40]   --->   Operation 244 'getelementptr' 'fb_391_addr' <Predicate = true> <Delay = 0.00>
ST_3 : Operation 245 [1/1] (0.00ns)   --->   "%fb_392_addr = getelementptr i8 %fb_392, i64 0, i64 %zext_ln40" [./line_buffer.h:44->./line_buffer.h:34->predecoder_kernel.cpp:40]   --->   Operation 245 'getelementptr' 'fb_392_addr' <Predicate = true> <Delay = 0.00>
ST_3 : Operation 246 [1/1] (0.00ns)   --->   "%fb_393_addr = getelementptr i8 %fb_393, i64 0, i64 %zext_ln40" [./line_buffer.h:44->./line_buffer.h:34->predecoder_kernel.cpp:40]   --->   Operation 246 'getelementptr' 'fb_393_addr' <Predicate = true> <Delay = 0.00>
ST_3 : Operation 247 [1/1] (0.00ns)   --->   "%fb_394_addr = getelementptr i8 %fb_394, i64 0, i64 %zext_ln40" [./line_buffer.h:44->./line_buffer.h:34->predecoder_kernel.cpp:40]   --->   Operation 247 'getelementptr' 'fb_394_addr' <Predicate = true> <Delay = 0.00>
ST_3 : Operation 248 [1/1] (0.00ns)   --->   "%fb_395_addr = getelementptr i8 %fb_395, i64 0, i64 %zext_ln40" [./line_buffer.h:44->./line_buffer.h:34->predecoder_kernel.cpp:40]   --->   Operation 248 'getelementptr' 'fb_395_addr' <Predicate = true> <Delay = 0.00>
ST_3 : Operation 249 [1/1] (0.00ns)   --->   "%fb_396_addr = getelementptr i8 %fb_396, i64 0, i64 %zext_ln40" [./line_buffer.h:44->./line_buffer.h:34->predecoder_kernel.cpp:40]   --->   Operation 249 'getelementptr' 'fb_396_addr' <Predicate = true> <Delay = 0.00>
ST_3 : Operation 250 [1/1] (0.00ns)   --->   "%fb_397_addr = getelementptr i8 %fb_397, i64 0, i64 %zext_ln40" [./line_buffer.h:44->./line_buffer.h:34->predecoder_kernel.cpp:40]   --->   Operation 250 'getelementptr' 'fb_397_addr' <Predicate = true> <Delay = 0.00>
ST_3 : Operation 251 [1/1] (0.00ns)   --->   "%fb_398_addr = getelementptr i8 %fb_398, i64 0, i64 %zext_ln40" [./line_buffer.h:44->./line_buffer.h:34->predecoder_kernel.cpp:40]   --->   Operation 251 'getelementptr' 'fb_398_addr' <Predicate = true> <Delay = 0.00>
ST_3 : Operation 252 [1/1] (0.00ns)   --->   "%fb_399_addr = getelementptr i8 %fb_399, i64 0, i64 %zext_ln40" [./line_buffer.h:44->./line_buffer.h:34->predecoder_kernel.cpp:40]   --->   Operation 252 'getelementptr' 'fb_399_addr' <Predicate = true> <Delay = 0.00>
ST_3 : Operation 253 [1/1] (0.00ns)   --->   "%fb_400_addr = getelementptr i8 %fb_400, i64 0, i64 %zext_ln40" [./line_buffer.h:44->./line_buffer.h:34->predecoder_kernel.cpp:40]   --->   Operation 253 'getelementptr' 'fb_400_addr' <Predicate = true> <Delay = 0.00>
ST_3 : Operation 254 [1/1] (0.00ns)   --->   "%fb_401_addr = getelementptr i8 %fb_401, i64 0, i64 %zext_ln40" [./line_buffer.h:44->./line_buffer.h:34->predecoder_kernel.cpp:40]   --->   Operation 254 'getelementptr' 'fb_401_addr' <Predicate = true> <Delay = 0.00>
ST_3 : Operation 255 [1/1] (0.00ns)   --->   "%fb_402_addr = getelementptr i8 %fb_402, i64 0, i64 %zext_ln40" [./line_buffer.h:44->./line_buffer.h:34->predecoder_kernel.cpp:40]   --->   Operation 255 'getelementptr' 'fb_402_addr' <Predicate = true> <Delay = 0.00>
ST_3 : Operation 256 [1/1] (0.00ns)   --->   "%fb_403_addr = getelementptr i8 %fb_403, i64 0, i64 %zext_ln40" [./line_buffer.h:44->./line_buffer.h:34->predecoder_kernel.cpp:40]   --->   Operation 256 'getelementptr' 'fb_403_addr' <Predicate = true> <Delay = 0.00>
ST_3 : Operation 257 [1/1] (0.00ns)   --->   "%fb_404_addr = getelementptr i8 %fb_404, i64 0, i64 %zext_ln40" [./line_buffer.h:44->./line_buffer.h:34->predecoder_kernel.cpp:40]   --->   Operation 257 'getelementptr' 'fb_404_addr' <Predicate = true> <Delay = 0.00>
ST_3 : Operation 258 [1/1] (0.00ns)   --->   "%fb_405_addr = getelementptr i8 %fb_405, i64 0, i64 %zext_ln40" [./line_buffer.h:44->./line_buffer.h:34->predecoder_kernel.cpp:40]   --->   Operation 258 'getelementptr' 'fb_405_addr' <Predicate = true> <Delay = 0.00>
ST_3 : Operation 259 [1/1] (0.00ns)   --->   "%fb_406_addr = getelementptr i8 %fb_406, i64 0, i64 %zext_ln40" [./line_buffer.h:44->./line_buffer.h:34->predecoder_kernel.cpp:40]   --->   Operation 259 'getelementptr' 'fb_406_addr' <Predicate = true> <Delay = 0.00>
ST_3 : Operation 260 [1/1] (0.00ns)   --->   "%fb_407_addr = getelementptr i8 %fb_407, i64 0, i64 %zext_ln40" [./line_buffer.h:44->./line_buffer.h:34->predecoder_kernel.cpp:40]   --->   Operation 260 'getelementptr' 'fb_407_addr' <Predicate = true> <Delay = 0.00>
ST_3 : Operation 261 [1/1] (0.00ns)   --->   "%fb_408_addr = getelementptr i8 %fb_408, i64 0, i64 %zext_ln40" [./line_buffer.h:44->./line_buffer.h:34->predecoder_kernel.cpp:40]   --->   Operation 261 'getelementptr' 'fb_408_addr' <Predicate = true> <Delay = 0.00>
ST_3 : Operation 262 [1/1] (0.00ns)   --->   "%fb_409_addr = getelementptr i8 %fb_409, i64 0, i64 %zext_ln40" [./line_buffer.h:44->./line_buffer.h:34->predecoder_kernel.cpp:40]   --->   Operation 262 'getelementptr' 'fb_409_addr' <Predicate = true> <Delay = 0.00>
ST_3 : Operation 263 [1/1] (0.00ns)   --->   "%fb_410_addr = getelementptr i8 %fb_410, i64 0, i64 %zext_ln40" [./line_buffer.h:44->./line_buffer.h:34->predecoder_kernel.cpp:40]   --->   Operation 263 'getelementptr' 'fb_410_addr' <Predicate = true> <Delay = 0.00>
ST_3 : Operation 264 [1/1] (0.00ns)   --->   "%fb_411_addr = getelementptr i8 %fb_411, i64 0, i64 %zext_ln40" [./line_buffer.h:44->./line_buffer.h:34->predecoder_kernel.cpp:40]   --->   Operation 264 'getelementptr' 'fb_411_addr' <Predicate = true> <Delay = 0.00>
ST_3 : Operation 265 [1/1] (0.00ns)   --->   "%fb_412_addr = getelementptr i8 %fb_412, i64 0, i64 %zext_ln40" [./line_buffer.h:44->./line_buffer.h:34->predecoder_kernel.cpp:40]   --->   Operation 265 'getelementptr' 'fb_412_addr' <Predicate = true> <Delay = 0.00>
ST_3 : Operation 266 [1/1] (0.00ns)   --->   "%fb_413_addr = getelementptr i8 %fb_413, i64 0, i64 %zext_ln40" [./line_buffer.h:44->./line_buffer.h:34->predecoder_kernel.cpp:40]   --->   Operation 266 'getelementptr' 'fb_413_addr' <Predicate = true> <Delay = 0.00>
ST_3 : Operation 267 [1/1] (0.00ns)   --->   "%fb_414_addr = getelementptr i8 %fb_414, i64 0, i64 %zext_ln40" [./line_buffer.h:44->./line_buffer.h:34->predecoder_kernel.cpp:40]   --->   Operation 267 'getelementptr' 'fb_414_addr' <Predicate = true> <Delay = 0.00>
ST_3 : Operation 268 [1/1] (0.00ns)   --->   "%fb_415_addr = getelementptr i8 %fb_415, i64 0, i64 %zext_ln40" [./line_buffer.h:44->./line_buffer.h:34->predecoder_kernel.cpp:40]   --->   Operation 268 'getelementptr' 'fb_415_addr' <Predicate = true> <Delay = 0.00>
ST_3 : Operation 269 [1/1] (0.00ns)   --->   "%fb_416_addr = getelementptr i8 %fb_416, i64 0, i64 %zext_ln40" [./line_buffer.h:44->./line_buffer.h:34->predecoder_kernel.cpp:40]   --->   Operation 269 'getelementptr' 'fb_416_addr' <Predicate = true> <Delay = 0.00>
ST_3 : Operation 270 [1/1] (0.00ns)   --->   "%fb_417_addr = getelementptr i8 %fb_417, i64 0, i64 %zext_ln40" [./line_buffer.h:44->./line_buffer.h:34->predecoder_kernel.cpp:40]   --->   Operation 270 'getelementptr' 'fb_417_addr' <Predicate = true> <Delay = 0.00>
ST_3 : Operation 271 [1/1] (0.00ns)   --->   "%fb_418_addr = getelementptr i8 %fb_418, i64 0, i64 %zext_ln40" [./line_buffer.h:44->./line_buffer.h:34->predecoder_kernel.cpp:40]   --->   Operation 271 'getelementptr' 'fb_418_addr' <Predicate = true> <Delay = 0.00>
ST_3 : Operation 272 [1/1] (0.00ns)   --->   "%fb_419_addr = getelementptr i8 %fb_419, i64 0, i64 %zext_ln40" [./line_buffer.h:44->./line_buffer.h:34->predecoder_kernel.cpp:40]   --->   Operation 272 'getelementptr' 'fb_419_addr' <Predicate = true> <Delay = 0.00>
ST_3 : Operation 273 [1/1] (0.00ns)   --->   "%fb_420_addr = getelementptr i8 %fb_420, i64 0, i64 %zext_ln40" [./line_buffer.h:44->./line_buffer.h:34->predecoder_kernel.cpp:40]   --->   Operation 273 'getelementptr' 'fb_420_addr' <Predicate = true> <Delay = 0.00>
ST_3 : Operation 274 [1/1] (0.00ns)   --->   "%fb_421_addr = getelementptr i8 %fb_421, i64 0, i64 %zext_ln40" [./line_buffer.h:44->./line_buffer.h:34->predecoder_kernel.cpp:40]   --->   Operation 274 'getelementptr' 'fb_421_addr' <Predicate = true> <Delay = 0.00>
ST_3 : Operation 275 [1/1] (0.00ns)   --->   "%fb_422_addr = getelementptr i8 %fb_422, i64 0, i64 %zext_ln40" [./line_buffer.h:44->./line_buffer.h:34->predecoder_kernel.cpp:40]   --->   Operation 275 'getelementptr' 'fb_422_addr' <Predicate = true> <Delay = 0.00>
ST_3 : Operation 276 [1/1] (0.00ns)   --->   "%fb_423_addr = getelementptr i8 %fb_423, i64 0, i64 %zext_ln40" [./line_buffer.h:44->./line_buffer.h:34->predecoder_kernel.cpp:40]   --->   Operation 276 'getelementptr' 'fb_423_addr' <Predicate = true> <Delay = 0.00>
ST_3 : Operation 277 [1/1] (0.00ns)   --->   "%fb_424_addr = getelementptr i8 %fb_424, i64 0, i64 %zext_ln40" [./line_buffer.h:44->./line_buffer.h:34->predecoder_kernel.cpp:40]   --->   Operation 277 'getelementptr' 'fb_424_addr' <Predicate = true> <Delay = 0.00>
ST_3 : Operation 278 [1/1] (0.00ns)   --->   "%fb_425_addr = getelementptr i8 %fb_425, i64 0, i64 %zext_ln40" [./line_buffer.h:44->./line_buffer.h:34->predecoder_kernel.cpp:40]   --->   Operation 278 'getelementptr' 'fb_425_addr' <Predicate = true> <Delay = 0.00>
ST_3 : Operation 279 [1/1] (0.00ns)   --->   "%fb_426_addr = getelementptr i8 %fb_426, i64 0, i64 %zext_ln40" [./line_buffer.h:44->./line_buffer.h:34->predecoder_kernel.cpp:40]   --->   Operation 279 'getelementptr' 'fb_426_addr' <Predicate = true> <Delay = 0.00>
ST_3 : Operation 280 [1/1] (0.00ns)   --->   "%fb_427_addr = getelementptr i8 %fb_427, i64 0, i64 %zext_ln40" [./line_buffer.h:44->./line_buffer.h:34->predecoder_kernel.cpp:40]   --->   Operation 280 'getelementptr' 'fb_427_addr' <Predicate = true> <Delay = 0.00>
ST_3 : Operation 281 [1/1] (0.00ns)   --->   "%fb_428_addr = getelementptr i8 %fb_428, i64 0, i64 %zext_ln40" [./line_buffer.h:44->./line_buffer.h:34->predecoder_kernel.cpp:40]   --->   Operation 281 'getelementptr' 'fb_428_addr' <Predicate = true> <Delay = 0.00>
ST_3 : Operation 282 [1/1] (0.00ns)   --->   "%fb_429_addr = getelementptr i8 %fb_429, i64 0, i64 %zext_ln40" [./line_buffer.h:44->./line_buffer.h:34->predecoder_kernel.cpp:40]   --->   Operation 282 'getelementptr' 'fb_429_addr' <Predicate = true> <Delay = 0.00>
ST_3 : Operation 283 [1/1] (0.00ns)   --->   "%fb_430_addr = getelementptr i8 %fb_430, i64 0, i64 %zext_ln40" [./line_buffer.h:44->./line_buffer.h:34->predecoder_kernel.cpp:40]   --->   Operation 283 'getelementptr' 'fb_430_addr' <Predicate = true> <Delay = 0.00>
ST_3 : Operation 284 [1/1] (0.00ns)   --->   "%specpipeline_ln43 = specpipeline void @_ssdm_op_SpecPipeline, i32 1, i32 0, i32 0, i32 0, void @empty_5" [./line_buffer.h:43->./line_buffer.h:34->predecoder_kernel.cpp:40]   --->   Operation 284 'specpipeline' 'specpipeline_ln43' <Predicate = true> <Delay = 0.00>
ST_3 : Operation 285 [1/1] (0.67ns)   --->   "%switch_ln44 = switch i3 %select_ln41_1, void %arrayidx204.i.i_1.case.5, i3 0, void %arrayidx204.i.i_1.case.0, i3 1, void %arrayidx204.i.i_1.case.1, i3 2, void %arrayidx204.i.i_1.case.2, i3 3, void %arrayidx204.i.i_1.case.3, i3 4, void %arrayidx204.i.i_1.case.4" [./line_buffer.h:44->./line_buffer.h:34->predecoder_kernel.cpp:40]   --->   Operation 285 'switch' 'switch_ln44' <Predicate = (select_ln39_1 == 1)> <Delay = 0.67>
ST_3 : Operation 286 [1/1] (0.67ns)   --->   "%switch_ln44 = switch i4 %select_ln41, void %arrayidx204.i.i_1.case.111538, i4 0, void %arrayidx204.i.i_1.case.01527, i4 1, void %arrayidx204.i.i_1.case.11528, i4 2, void %arrayidx204.i.i_1.case.21529, i4 3, void %arrayidx204.i.i_1.case.31530, i4 4, void %arrayidx204.i.i_1.case.41531, i4 5, void %arrayidx204.i.i_1.case.51532, i4 6, void %arrayidx204.i.i_1.case.61533, i4 7, void %arrayidx204.i.i_1.case.71534, i4 8, void %arrayidx204.i.i_1.case.81535, i4 9, void %arrayidx204.i.i_1.case.91536, i4 10, void %arrayidx204.i.i_1.case.101537" [./line_buffer.h:44->./line_buffer.h:34->predecoder_kernel.cpp:40]   --->   Operation 286 'switch' 'switch_ln44' <Predicate = (select_ln39_1 == 1 & select_ln41_1 == 4)> <Delay = 0.67>
ST_3 : Operation 287 [1/1] (0.66ns)   --->   "%store_ln44 = store i8 0, i3 %fb_345_addr" [./line_buffer.h:44->./line_buffer.h:34->predecoder_kernel.cpp:40]   --->   Operation 287 'store' 'store_ln44' <Predicate = (select_ln39_1 == 1 & select_ln41_1 == 4 & select_ln41 == 10)> <Delay = 0.66> <CoreInst = "RAM">   --->   Core 83 'RAM' <Latency = 1> <II = 1> <Delay = 0.66> <Storage> <Opcode : 'load' 'store'> <Ports = 2> <Width = 8> <Depth = 6> <RAM>
ST_3 : Operation 288 [1/1] (0.00ns)   --->   "%br_ln44 = br void %arrayidx204.i.i_1.exit1526" [./line_buffer.h:44->./line_buffer.h:34->predecoder_kernel.cpp:40]   --->   Operation 288 'br' 'br_ln44' <Predicate = (select_ln39_1 == 1 & select_ln41_1 == 4 & select_ln41 == 10)> <Delay = 0.00>
ST_3 : Operation 289 [1/1] (0.66ns)   --->   "%store_ln44 = store i8 0, i3 %fb_344_addr" [./line_buffer.h:44->./line_buffer.h:34->predecoder_kernel.cpp:40]   --->   Operation 289 'store' 'store_ln44' <Predicate = (select_ln39_1 == 1 & select_ln41_1 == 4 & select_ln41 == 9)> <Delay = 0.66> <CoreInst = "RAM">   --->   Core 83 'RAM' <Latency = 1> <II = 1> <Delay = 0.66> <Storage> <Opcode : 'load' 'store'> <Ports = 2> <Width = 8> <Depth = 6> <RAM>
ST_3 : Operation 290 [1/1] (0.00ns)   --->   "%br_ln44 = br void %arrayidx204.i.i_1.exit1526" [./line_buffer.h:44->./line_buffer.h:34->predecoder_kernel.cpp:40]   --->   Operation 290 'br' 'br_ln44' <Predicate = (select_ln39_1 == 1 & select_ln41_1 == 4 & select_ln41 == 9)> <Delay = 0.00>
ST_3 : Operation 291 [1/1] (0.66ns)   --->   "%store_ln44 = store i8 0, i3 %fb_343_addr" [./line_buffer.h:44->./line_buffer.h:34->predecoder_kernel.cpp:40]   --->   Operation 291 'store' 'store_ln44' <Predicate = (select_ln39_1 == 1 & select_ln41_1 == 4 & select_ln41 == 8)> <Delay = 0.66> <CoreInst = "RAM">   --->   Core 83 'RAM' <Latency = 1> <II = 1> <Delay = 0.66> <Storage> <Opcode : 'load' 'store'> <Ports = 2> <Width = 8> <Depth = 6> <RAM>
ST_3 : Operation 292 [1/1] (0.00ns)   --->   "%br_ln44 = br void %arrayidx204.i.i_1.exit1526" [./line_buffer.h:44->./line_buffer.h:34->predecoder_kernel.cpp:40]   --->   Operation 292 'br' 'br_ln44' <Predicate = (select_ln39_1 == 1 & select_ln41_1 == 4 & select_ln41 == 8)> <Delay = 0.00>
ST_3 : Operation 293 [1/1] (0.66ns)   --->   "%store_ln44 = store i8 0, i3 %fb_342_addr" [./line_buffer.h:44->./line_buffer.h:34->predecoder_kernel.cpp:40]   --->   Operation 293 'store' 'store_ln44' <Predicate = (select_ln39_1 == 1 & select_ln41_1 == 4 & select_ln41 == 7)> <Delay = 0.66> <CoreInst = "RAM">   --->   Core 83 'RAM' <Latency = 1> <II = 1> <Delay = 0.66> <Storage> <Opcode : 'load' 'store'> <Ports = 2> <Width = 8> <Depth = 6> <RAM>
ST_3 : Operation 294 [1/1] (0.00ns)   --->   "%br_ln44 = br void %arrayidx204.i.i_1.exit1526" [./line_buffer.h:44->./line_buffer.h:34->predecoder_kernel.cpp:40]   --->   Operation 294 'br' 'br_ln44' <Predicate = (select_ln39_1 == 1 & select_ln41_1 == 4 & select_ln41 == 7)> <Delay = 0.00>
ST_3 : Operation 295 [1/1] (0.66ns)   --->   "%store_ln44 = store i8 0, i3 %fb_341_addr" [./line_buffer.h:44->./line_buffer.h:34->predecoder_kernel.cpp:40]   --->   Operation 295 'store' 'store_ln44' <Predicate = (select_ln39_1 == 1 & select_ln41_1 == 4 & select_ln41 == 6)> <Delay = 0.66> <CoreInst = "RAM">   --->   Core 83 'RAM' <Latency = 1> <II = 1> <Delay = 0.66> <Storage> <Opcode : 'load' 'store'> <Ports = 2> <Width = 8> <Depth = 6> <RAM>
ST_3 : Operation 296 [1/1] (0.00ns)   --->   "%br_ln44 = br void %arrayidx204.i.i_1.exit1526" [./line_buffer.h:44->./line_buffer.h:34->predecoder_kernel.cpp:40]   --->   Operation 296 'br' 'br_ln44' <Predicate = (select_ln39_1 == 1 & select_ln41_1 == 4 & select_ln41 == 6)> <Delay = 0.00>
ST_3 : Operation 297 [1/1] (0.66ns)   --->   "%store_ln44 = store i8 0, i3 %fb_340_addr" [./line_buffer.h:44->./line_buffer.h:34->predecoder_kernel.cpp:40]   --->   Operation 297 'store' 'store_ln44' <Predicate = (select_ln39_1 == 1 & select_ln41_1 == 4 & select_ln41 == 5)> <Delay = 0.66> <CoreInst = "RAM">   --->   Core 83 'RAM' <Latency = 1> <II = 1> <Delay = 0.66> <Storage> <Opcode : 'load' 'store'> <Ports = 2> <Width = 8> <Depth = 6> <RAM>
ST_3 : Operation 298 [1/1] (0.00ns)   --->   "%br_ln44 = br void %arrayidx204.i.i_1.exit1526" [./line_buffer.h:44->./line_buffer.h:34->predecoder_kernel.cpp:40]   --->   Operation 298 'br' 'br_ln44' <Predicate = (select_ln39_1 == 1 & select_ln41_1 == 4 & select_ln41 == 5)> <Delay = 0.00>
ST_3 : Operation 299 [1/1] (0.66ns)   --->   "%store_ln44 = store i8 0, i3 %fb_339_addr" [./line_buffer.h:44->./line_buffer.h:34->predecoder_kernel.cpp:40]   --->   Operation 299 'store' 'store_ln44' <Predicate = (select_ln39_1 == 1 & select_ln41_1 == 4 & select_ln41 == 4)> <Delay = 0.66> <CoreInst = "RAM">   --->   Core 83 'RAM' <Latency = 1> <II = 1> <Delay = 0.66> <Storage> <Opcode : 'load' 'store'> <Ports = 2> <Width = 8> <Depth = 6> <RAM>
ST_3 : Operation 300 [1/1] (0.00ns)   --->   "%br_ln44 = br void %arrayidx204.i.i_1.exit1526" [./line_buffer.h:44->./line_buffer.h:34->predecoder_kernel.cpp:40]   --->   Operation 300 'br' 'br_ln44' <Predicate = (select_ln39_1 == 1 & select_ln41_1 == 4 & select_ln41 == 4)> <Delay = 0.00>
ST_3 : Operation 301 [1/1] (0.66ns)   --->   "%store_ln44 = store i8 0, i3 %fb_338_addr" [./line_buffer.h:44->./line_buffer.h:34->predecoder_kernel.cpp:40]   --->   Operation 301 'store' 'store_ln44' <Predicate = (select_ln39_1 == 1 & select_ln41_1 == 4 & select_ln41 == 3)> <Delay = 0.66> <CoreInst = "RAM">   --->   Core 83 'RAM' <Latency = 1> <II = 1> <Delay = 0.66> <Storage> <Opcode : 'load' 'store'> <Ports = 2> <Width = 8> <Depth = 6> <RAM>
ST_3 : Operation 302 [1/1] (0.00ns)   --->   "%br_ln44 = br void %arrayidx204.i.i_1.exit1526" [./line_buffer.h:44->./line_buffer.h:34->predecoder_kernel.cpp:40]   --->   Operation 302 'br' 'br_ln44' <Predicate = (select_ln39_1 == 1 & select_ln41_1 == 4 & select_ln41 == 3)> <Delay = 0.00>
ST_3 : Operation 303 [1/1] (0.66ns)   --->   "%store_ln44 = store i8 0, i3 %fb_337_addr" [./line_buffer.h:44->./line_buffer.h:34->predecoder_kernel.cpp:40]   --->   Operation 303 'store' 'store_ln44' <Predicate = (select_ln39_1 == 1 & select_ln41_1 == 4 & select_ln41 == 2)> <Delay = 0.66> <CoreInst = "RAM">   --->   Core 83 'RAM' <Latency = 1> <II = 1> <Delay = 0.66> <Storage> <Opcode : 'load' 'store'> <Ports = 2> <Width = 8> <Depth = 6> <RAM>
ST_3 : Operation 304 [1/1] (0.00ns)   --->   "%br_ln44 = br void %arrayidx204.i.i_1.exit1526" [./line_buffer.h:44->./line_buffer.h:34->predecoder_kernel.cpp:40]   --->   Operation 304 'br' 'br_ln44' <Predicate = (select_ln39_1 == 1 & select_ln41_1 == 4 & select_ln41 == 2)> <Delay = 0.00>
ST_3 : Operation 305 [1/1] (0.66ns)   --->   "%store_ln44 = store i8 0, i3 %fb_336_addr" [./line_buffer.h:44->./line_buffer.h:34->predecoder_kernel.cpp:40]   --->   Operation 305 'store' 'store_ln44' <Predicate = (select_ln39_1 == 1 & select_ln41_1 == 4 & select_ln41 == 1)> <Delay = 0.66> <CoreInst = "RAM">   --->   Core 83 'RAM' <Latency = 1> <II = 1> <Delay = 0.66> <Storage> <Opcode : 'load' 'store'> <Ports = 2> <Width = 8> <Depth = 6> <RAM>
ST_3 : Operation 306 [1/1] (0.00ns)   --->   "%br_ln44 = br void %arrayidx204.i.i_1.exit1526" [./line_buffer.h:44->./line_buffer.h:34->predecoder_kernel.cpp:40]   --->   Operation 306 'br' 'br_ln44' <Predicate = (select_ln39_1 == 1 & select_ln41_1 == 4 & select_ln41 == 1)> <Delay = 0.00>
ST_3 : Operation 307 [1/1] (0.66ns)   --->   "%store_ln44 = store i8 0, i3 %fb_335_addr" [./line_buffer.h:44->./line_buffer.h:34->predecoder_kernel.cpp:40]   --->   Operation 307 'store' 'store_ln44' <Predicate = (select_ln39_1 == 1 & select_ln41_1 == 4 & select_ln41 == 0)> <Delay = 0.66> <CoreInst = "RAM">   --->   Core 83 'RAM' <Latency = 1> <II = 1> <Delay = 0.66> <Storage> <Opcode : 'load' 'store'> <Ports = 2> <Width = 8> <Depth = 6> <RAM>
ST_3 : Operation 308 [1/1] (0.00ns)   --->   "%br_ln44 = br void %arrayidx204.i.i_1.exit1526" [./line_buffer.h:44->./line_buffer.h:34->predecoder_kernel.cpp:40]   --->   Operation 308 'br' 'br_ln44' <Predicate = (select_ln39_1 == 1 & select_ln41_1 == 4 & select_ln41 == 0)> <Delay = 0.00>
ST_3 : Operation 309 [1/1] (0.66ns)   --->   "%store_ln44 = store i8 0, i3 %fb_346_addr" [./line_buffer.h:44->./line_buffer.h:34->predecoder_kernel.cpp:40]   --->   Operation 309 'store' 'store_ln44' <Predicate = (select_ln39_1 == 1 & select_ln41_1 == 4 & select_ln41 != 0 & select_ln41 != 1 & select_ln41 != 2 & select_ln41 != 3 & select_ln41 != 4 & select_ln41 != 5 & select_ln41 != 6 & select_ln41 != 7 & select_ln41 != 8 & select_ln41 != 9 & select_ln41 != 10)> <Delay = 0.66> <CoreInst = "RAM">   --->   Core 83 'RAM' <Latency = 1> <II = 1> <Delay = 0.66> <Storage> <Opcode : 'load' 'store'> <Ports = 2> <Width = 8> <Depth = 6> <RAM>
ST_3 : Operation 310 [1/1] (0.00ns)   --->   "%br_ln44 = br void %arrayidx204.i.i_1.exit1526" [./line_buffer.h:44->./line_buffer.h:34->predecoder_kernel.cpp:40]   --->   Operation 310 'br' 'br_ln44' <Predicate = (select_ln39_1 == 1 & select_ln41_1 == 4 & select_ln41 != 0 & select_ln41 != 1 & select_ln41 != 2 & select_ln41 != 3 & select_ln41 != 4 & select_ln41 != 5 & select_ln41 != 6 & select_ln41 != 7 & select_ln41 != 8 & select_ln41 != 9 & select_ln41 != 10)> <Delay = 0.00>
ST_3 : Operation 311 [1/1] (0.00ns)   --->   "%br_ln44 = br void %arrayidx204.i.i_1.exit" [./line_buffer.h:44->./line_buffer.h:34->predecoder_kernel.cpp:40]   --->   Operation 311 'br' 'br_ln44' <Predicate = (select_ln39_1 == 1 & select_ln41_1 == 4)> <Delay = 0.00>
ST_3 : Operation 312 [1/1] (0.67ns)   --->   "%switch_ln44 = switch i4 %select_ln41, void %arrayidx204.i.i_1.case.111524, i4 0, void %arrayidx204.i.i_1.case.01513, i4 1, void %arrayidx204.i.i_1.case.11514, i4 2, void %arrayidx204.i.i_1.case.21515, i4 3, void %arrayidx204.i.i_1.case.31516, i4 4, void %arrayidx204.i.i_1.case.41517, i4 5, void %arrayidx204.i.i_1.case.51518, i4 6, void %arrayidx204.i.i_1.case.61519, i4 7, void %arrayidx204.i.i_1.case.71520, i4 8, void %arrayidx204.i.i_1.case.81521, i4 9, void %arrayidx204.i.i_1.case.91522, i4 10, void %arrayidx204.i.i_1.case.101523" [./line_buffer.h:44->./line_buffer.h:34->predecoder_kernel.cpp:40]   --->   Operation 312 'switch' 'switch_ln44' <Predicate = (select_ln39_1 == 1 & select_ln41_1 == 3)> <Delay = 0.67>
ST_3 : Operation 313 [1/1] (0.66ns)   --->   "%store_ln44 = store i8 0, i3 %fb_333_addr" [./line_buffer.h:44->./line_buffer.h:34->predecoder_kernel.cpp:40]   --->   Operation 313 'store' 'store_ln44' <Predicate = (select_ln39_1 == 1 & select_ln41_1 == 3 & select_ln41 == 10)> <Delay = 0.66> <CoreInst = "RAM">   --->   Core 83 'RAM' <Latency = 1> <II = 1> <Delay = 0.66> <Storage> <Opcode : 'load' 'store'> <Ports = 2> <Width = 8> <Depth = 6> <RAM>
ST_3 : Operation 314 [1/1] (0.00ns)   --->   "%br_ln44 = br void %arrayidx204.i.i_1.exit1512" [./line_buffer.h:44->./line_buffer.h:34->predecoder_kernel.cpp:40]   --->   Operation 314 'br' 'br_ln44' <Predicate = (select_ln39_1 == 1 & select_ln41_1 == 3 & select_ln41 == 10)> <Delay = 0.00>
ST_3 : Operation 315 [1/1] (0.66ns)   --->   "%store_ln44 = store i8 0, i3 %fb_332_addr" [./line_buffer.h:44->./line_buffer.h:34->predecoder_kernel.cpp:40]   --->   Operation 315 'store' 'store_ln44' <Predicate = (select_ln39_1 == 1 & select_ln41_1 == 3 & select_ln41 == 9)> <Delay = 0.66> <CoreInst = "RAM">   --->   Core 83 'RAM' <Latency = 1> <II = 1> <Delay = 0.66> <Storage> <Opcode : 'load' 'store'> <Ports = 2> <Width = 8> <Depth = 6> <RAM>
ST_3 : Operation 316 [1/1] (0.00ns)   --->   "%br_ln44 = br void %arrayidx204.i.i_1.exit1512" [./line_buffer.h:44->./line_buffer.h:34->predecoder_kernel.cpp:40]   --->   Operation 316 'br' 'br_ln44' <Predicate = (select_ln39_1 == 1 & select_ln41_1 == 3 & select_ln41 == 9)> <Delay = 0.00>
ST_3 : Operation 317 [1/1] (0.66ns)   --->   "%store_ln44 = store i8 0, i3 %fb_331_addr" [./line_buffer.h:44->./line_buffer.h:34->predecoder_kernel.cpp:40]   --->   Operation 317 'store' 'store_ln44' <Predicate = (select_ln39_1 == 1 & select_ln41_1 == 3 & select_ln41 == 8)> <Delay = 0.66> <CoreInst = "RAM">   --->   Core 83 'RAM' <Latency = 1> <II = 1> <Delay = 0.66> <Storage> <Opcode : 'load' 'store'> <Ports = 2> <Width = 8> <Depth = 6> <RAM>
ST_3 : Operation 318 [1/1] (0.00ns)   --->   "%br_ln44 = br void %arrayidx204.i.i_1.exit1512" [./line_buffer.h:44->./line_buffer.h:34->predecoder_kernel.cpp:40]   --->   Operation 318 'br' 'br_ln44' <Predicate = (select_ln39_1 == 1 & select_ln41_1 == 3 & select_ln41 == 8)> <Delay = 0.00>
ST_3 : Operation 319 [1/1] (0.66ns)   --->   "%store_ln44 = store i8 0, i3 %fb_330_addr" [./line_buffer.h:44->./line_buffer.h:34->predecoder_kernel.cpp:40]   --->   Operation 319 'store' 'store_ln44' <Predicate = (select_ln39_1 == 1 & select_ln41_1 == 3 & select_ln41 == 7)> <Delay = 0.66> <CoreInst = "RAM">   --->   Core 83 'RAM' <Latency = 1> <II = 1> <Delay = 0.66> <Storage> <Opcode : 'load' 'store'> <Ports = 2> <Width = 8> <Depth = 6> <RAM>
ST_3 : Operation 320 [1/1] (0.00ns)   --->   "%br_ln44 = br void %arrayidx204.i.i_1.exit1512" [./line_buffer.h:44->./line_buffer.h:34->predecoder_kernel.cpp:40]   --->   Operation 320 'br' 'br_ln44' <Predicate = (select_ln39_1 == 1 & select_ln41_1 == 3 & select_ln41 == 7)> <Delay = 0.00>
ST_3 : Operation 321 [1/1] (0.66ns)   --->   "%store_ln44 = store i8 0, i3 %fb_329_addr" [./line_buffer.h:44->./line_buffer.h:34->predecoder_kernel.cpp:40]   --->   Operation 321 'store' 'store_ln44' <Predicate = (select_ln39_1 == 1 & select_ln41_1 == 3 & select_ln41 == 6)> <Delay = 0.66> <CoreInst = "RAM">   --->   Core 83 'RAM' <Latency = 1> <II = 1> <Delay = 0.66> <Storage> <Opcode : 'load' 'store'> <Ports = 2> <Width = 8> <Depth = 6> <RAM>
ST_3 : Operation 322 [1/1] (0.00ns)   --->   "%br_ln44 = br void %arrayidx204.i.i_1.exit1512" [./line_buffer.h:44->./line_buffer.h:34->predecoder_kernel.cpp:40]   --->   Operation 322 'br' 'br_ln44' <Predicate = (select_ln39_1 == 1 & select_ln41_1 == 3 & select_ln41 == 6)> <Delay = 0.00>
ST_3 : Operation 323 [1/1] (0.66ns)   --->   "%store_ln44 = store i8 0, i3 %fb_328_addr" [./line_buffer.h:44->./line_buffer.h:34->predecoder_kernel.cpp:40]   --->   Operation 323 'store' 'store_ln44' <Predicate = (select_ln39_1 == 1 & select_ln41_1 == 3 & select_ln41 == 5)> <Delay = 0.66> <CoreInst = "RAM">   --->   Core 83 'RAM' <Latency = 1> <II = 1> <Delay = 0.66> <Storage> <Opcode : 'load' 'store'> <Ports = 2> <Width = 8> <Depth = 6> <RAM>
ST_3 : Operation 324 [1/1] (0.00ns)   --->   "%br_ln44 = br void %arrayidx204.i.i_1.exit1512" [./line_buffer.h:44->./line_buffer.h:34->predecoder_kernel.cpp:40]   --->   Operation 324 'br' 'br_ln44' <Predicate = (select_ln39_1 == 1 & select_ln41_1 == 3 & select_ln41 == 5)> <Delay = 0.00>
ST_3 : Operation 325 [1/1] (0.66ns)   --->   "%store_ln44 = store i8 0, i3 %fb_327_addr" [./line_buffer.h:44->./line_buffer.h:34->predecoder_kernel.cpp:40]   --->   Operation 325 'store' 'store_ln44' <Predicate = (select_ln39_1 == 1 & select_ln41_1 == 3 & select_ln41 == 4)> <Delay = 0.66> <CoreInst = "RAM">   --->   Core 83 'RAM' <Latency = 1> <II = 1> <Delay = 0.66> <Storage> <Opcode : 'load' 'store'> <Ports = 2> <Width = 8> <Depth = 6> <RAM>
ST_3 : Operation 326 [1/1] (0.00ns)   --->   "%br_ln44 = br void %arrayidx204.i.i_1.exit1512" [./line_buffer.h:44->./line_buffer.h:34->predecoder_kernel.cpp:40]   --->   Operation 326 'br' 'br_ln44' <Predicate = (select_ln39_1 == 1 & select_ln41_1 == 3 & select_ln41 == 4)> <Delay = 0.00>
ST_3 : Operation 327 [1/1] (0.66ns)   --->   "%store_ln44 = store i8 0, i3 %fb_326_addr" [./line_buffer.h:44->./line_buffer.h:34->predecoder_kernel.cpp:40]   --->   Operation 327 'store' 'store_ln44' <Predicate = (select_ln39_1 == 1 & select_ln41_1 == 3 & select_ln41 == 3)> <Delay = 0.66> <CoreInst = "RAM">   --->   Core 83 'RAM' <Latency = 1> <II = 1> <Delay = 0.66> <Storage> <Opcode : 'load' 'store'> <Ports = 2> <Width = 8> <Depth = 6> <RAM>
ST_3 : Operation 328 [1/1] (0.00ns)   --->   "%br_ln44 = br void %arrayidx204.i.i_1.exit1512" [./line_buffer.h:44->./line_buffer.h:34->predecoder_kernel.cpp:40]   --->   Operation 328 'br' 'br_ln44' <Predicate = (select_ln39_1 == 1 & select_ln41_1 == 3 & select_ln41 == 3)> <Delay = 0.00>
ST_3 : Operation 329 [1/1] (0.66ns)   --->   "%store_ln44 = store i8 0, i3 %fb_325_addr" [./line_buffer.h:44->./line_buffer.h:34->predecoder_kernel.cpp:40]   --->   Operation 329 'store' 'store_ln44' <Predicate = (select_ln39_1 == 1 & select_ln41_1 == 3 & select_ln41 == 2)> <Delay = 0.66> <CoreInst = "RAM">   --->   Core 83 'RAM' <Latency = 1> <II = 1> <Delay = 0.66> <Storage> <Opcode : 'load' 'store'> <Ports = 2> <Width = 8> <Depth = 6> <RAM>
ST_3 : Operation 330 [1/1] (0.00ns)   --->   "%br_ln44 = br void %arrayidx204.i.i_1.exit1512" [./line_buffer.h:44->./line_buffer.h:34->predecoder_kernel.cpp:40]   --->   Operation 330 'br' 'br_ln44' <Predicate = (select_ln39_1 == 1 & select_ln41_1 == 3 & select_ln41 == 2)> <Delay = 0.00>
ST_3 : Operation 331 [1/1] (0.66ns)   --->   "%store_ln44 = store i8 0, i3 %fb_324_addr" [./line_buffer.h:44->./line_buffer.h:34->predecoder_kernel.cpp:40]   --->   Operation 331 'store' 'store_ln44' <Predicate = (select_ln39_1 == 1 & select_ln41_1 == 3 & select_ln41 == 1)> <Delay = 0.66> <CoreInst = "RAM">   --->   Core 83 'RAM' <Latency = 1> <II = 1> <Delay = 0.66> <Storage> <Opcode : 'load' 'store'> <Ports = 2> <Width = 8> <Depth = 6> <RAM>
ST_3 : Operation 332 [1/1] (0.00ns)   --->   "%br_ln44 = br void %arrayidx204.i.i_1.exit1512" [./line_buffer.h:44->./line_buffer.h:34->predecoder_kernel.cpp:40]   --->   Operation 332 'br' 'br_ln44' <Predicate = (select_ln39_1 == 1 & select_ln41_1 == 3 & select_ln41 == 1)> <Delay = 0.00>
ST_3 : Operation 333 [1/1] (0.66ns)   --->   "%store_ln44 = store i8 0, i3 %fb_323_addr" [./line_buffer.h:44->./line_buffer.h:34->predecoder_kernel.cpp:40]   --->   Operation 333 'store' 'store_ln44' <Predicate = (select_ln39_1 == 1 & select_ln41_1 == 3 & select_ln41 == 0)> <Delay = 0.66> <CoreInst = "RAM">   --->   Core 83 'RAM' <Latency = 1> <II = 1> <Delay = 0.66> <Storage> <Opcode : 'load' 'store'> <Ports = 2> <Width = 8> <Depth = 6> <RAM>
ST_3 : Operation 334 [1/1] (0.00ns)   --->   "%br_ln44 = br void %arrayidx204.i.i_1.exit1512" [./line_buffer.h:44->./line_buffer.h:34->predecoder_kernel.cpp:40]   --->   Operation 334 'br' 'br_ln44' <Predicate = (select_ln39_1 == 1 & select_ln41_1 == 3 & select_ln41 == 0)> <Delay = 0.00>
ST_3 : Operation 335 [1/1] (0.66ns)   --->   "%store_ln44 = store i8 0, i3 %fb_334_addr" [./line_buffer.h:44->./line_buffer.h:34->predecoder_kernel.cpp:40]   --->   Operation 335 'store' 'store_ln44' <Predicate = (select_ln39_1 == 1 & select_ln41_1 == 3 & select_ln41 != 0 & select_ln41 != 1 & select_ln41 != 2 & select_ln41 != 3 & select_ln41 != 4 & select_ln41 != 5 & select_ln41 != 6 & select_ln41 != 7 & select_ln41 != 8 & select_ln41 != 9 & select_ln41 != 10)> <Delay = 0.66> <CoreInst = "RAM">   --->   Core 83 'RAM' <Latency = 1> <II = 1> <Delay = 0.66> <Storage> <Opcode : 'load' 'store'> <Ports = 2> <Width = 8> <Depth = 6> <RAM>
ST_3 : Operation 336 [1/1] (0.00ns)   --->   "%br_ln44 = br void %arrayidx204.i.i_1.exit1512" [./line_buffer.h:44->./line_buffer.h:34->predecoder_kernel.cpp:40]   --->   Operation 336 'br' 'br_ln44' <Predicate = (select_ln39_1 == 1 & select_ln41_1 == 3 & select_ln41 != 0 & select_ln41 != 1 & select_ln41 != 2 & select_ln41 != 3 & select_ln41 != 4 & select_ln41 != 5 & select_ln41 != 6 & select_ln41 != 7 & select_ln41 != 8 & select_ln41 != 9 & select_ln41 != 10)> <Delay = 0.00>
ST_3 : Operation 337 [1/1] (0.00ns)   --->   "%br_ln44 = br void %arrayidx204.i.i_1.exit" [./line_buffer.h:44->./line_buffer.h:34->predecoder_kernel.cpp:40]   --->   Operation 337 'br' 'br_ln44' <Predicate = (select_ln39_1 == 1 & select_ln41_1 == 3)> <Delay = 0.00>
ST_3 : Operation 338 [1/1] (0.67ns)   --->   "%switch_ln44 = switch i4 %select_ln41, void %arrayidx204.i.i_1.case.111510, i4 0, void %arrayidx204.i.i_1.case.01499, i4 1, void %arrayidx204.i.i_1.case.11500, i4 2, void %arrayidx204.i.i_1.case.21501, i4 3, void %arrayidx204.i.i_1.case.31502, i4 4, void %arrayidx204.i.i_1.case.41503, i4 5, void %arrayidx204.i.i_1.case.51504, i4 6, void %arrayidx204.i.i_1.case.61505, i4 7, void %arrayidx204.i.i_1.case.71506, i4 8, void %arrayidx204.i.i_1.case.81507, i4 9, void %arrayidx204.i.i_1.case.91508, i4 10, void %arrayidx204.i.i_1.case.101509" [./line_buffer.h:44->./line_buffer.h:34->predecoder_kernel.cpp:40]   --->   Operation 338 'switch' 'switch_ln44' <Predicate = (select_ln39_1 == 1 & select_ln41_1 == 2)> <Delay = 0.67>
ST_3 : Operation 339 [1/1] (0.66ns)   --->   "%store_ln44 = store i8 0, i3 %fb_321_addr" [./line_buffer.h:44->./line_buffer.h:34->predecoder_kernel.cpp:40]   --->   Operation 339 'store' 'store_ln44' <Predicate = (select_ln39_1 == 1 & select_ln41_1 == 2 & select_ln41 == 10)> <Delay = 0.66> <CoreInst = "RAM">   --->   Core 83 'RAM' <Latency = 1> <II = 1> <Delay = 0.66> <Storage> <Opcode : 'load' 'store'> <Ports = 2> <Width = 8> <Depth = 6> <RAM>
ST_3 : Operation 340 [1/1] (0.00ns)   --->   "%br_ln44 = br void %arrayidx204.i.i_1.exit1498" [./line_buffer.h:44->./line_buffer.h:34->predecoder_kernel.cpp:40]   --->   Operation 340 'br' 'br_ln44' <Predicate = (select_ln39_1 == 1 & select_ln41_1 == 2 & select_ln41 == 10)> <Delay = 0.00>
ST_3 : Operation 341 [1/1] (0.66ns)   --->   "%store_ln44 = store i8 0, i3 %fb_320_addr" [./line_buffer.h:44->./line_buffer.h:34->predecoder_kernel.cpp:40]   --->   Operation 341 'store' 'store_ln44' <Predicate = (select_ln39_1 == 1 & select_ln41_1 == 2 & select_ln41 == 9)> <Delay = 0.66> <CoreInst = "RAM">   --->   Core 83 'RAM' <Latency = 1> <II = 1> <Delay = 0.66> <Storage> <Opcode : 'load' 'store'> <Ports = 2> <Width = 8> <Depth = 6> <RAM>
ST_3 : Operation 342 [1/1] (0.00ns)   --->   "%br_ln44 = br void %arrayidx204.i.i_1.exit1498" [./line_buffer.h:44->./line_buffer.h:34->predecoder_kernel.cpp:40]   --->   Operation 342 'br' 'br_ln44' <Predicate = (select_ln39_1 == 1 & select_ln41_1 == 2 & select_ln41 == 9)> <Delay = 0.00>
ST_3 : Operation 343 [1/1] (0.66ns)   --->   "%store_ln44 = store i8 0, i3 %fb_319_addr" [./line_buffer.h:44->./line_buffer.h:34->predecoder_kernel.cpp:40]   --->   Operation 343 'store' 'store_ln44' <Predicate = (select_ln39_1 == 1 & select_ln41_1 == 2 & select_ln41 == 8)> <Delay = 0.66> <CoreInst = "RAM">   --->   Core 83 'RAM' <Latency = 1> <II = 1> <Delay = 0.66> <Storage> <Opcode : 'load' 'store'> <Ports = 2> <Width = 8> <Depth = 6> <RAM>
ST_3 : Operation 344 [1/1] (0.00ns)   --->   "%br_ln44 = br void %arrayidx204.i.i_1.exit1498" [./line_buffer.h:44->./line_buffer.h:34->predecoder_kernel.cpp:40]   --->   Operation 344 'br' 'br_ln44' <Predicate = (select_ln39_1 == 1 & select_ln41_1 == 2 & select_ln41 == 8)> <Delay = 0.00>
ST_3 : Operation 345 [1/1] (0.66ns)   --->   "%store_ln44 = store i8 0, i3 %fb_318_addr" [./line_buffer.h:44->./line_buffer.h:34->predecoder_kernel.cpp:40]   --->   Operation 345 'store' 'store_ln44' <Predicate = (select_ln39_1 == 1 & select_ln41_1 == 2 & select_ln41 == 7)> <Delay = 0.66> <CoreInst = "RAM">   --->   Core 83 'RAM' <Latency = 1> <II = 1> <Delay = 0.66> <Storage> <Opcode : 'load' 'store'> <Ports = 2> <Width = 8> <Depth = 6> <RAM>
ST_3 : Operation 346 [1/1] (0.00ns)   --->   "%br_ln44 = br void %arrayidx204.i.i_1.exit1498" [./line_buffer.h:44->./line_buffer.h:34->predecoder_kernel.cpp:40]   --->   Operation 346 'br' 'br_ln44' <Predicate = (select_ln39_1 == 1 & select_ln41_1 == 2 & select_ln41 == 7)> <Delay = 0.00>
ST_3 : Operation 347 [1/1] (0.66ns)   --->   "%store_ln44 = store i8 0, i3 %fb_317_addr" [./line_buffer.h:44->./line_buffer.h:34->predecoder_kernel.cpp:40]   --->   Operation 347 'store' 'store_ln44' <Predicate = (select_ln39_1 == 1 & select_ln41_1 == 2 & select_ln41 == 6)> <Delay = 0.66> <CoreInst = "RAM">   --->   Core 83 'RAM' <Latency = 1> <II = 1> <Delay = 0.66> <Storage> <Opcode : 'load' 'store'> <Ports = 2> <Width = 8> <Depth = 6> <RAM>
ST_3 : Operation 348 [1/1] (0.00ns)   --->   "%br_ln44 = br void %arrayidx204.i.i_1.exit1498" [./line_buffer.h:44->./line_buffer.h:34->predecoder_kernel.cpp:40]   --->   Operation 348 'br' 'br_ln44' <Predicate = (select_ln39_1 == 1 & select_ln41_1 == 2 & select_ln41 == 6)> <Delay = 0.00>
ST_3 : Operation 349 [1/1] (0.66ns)   --->   "%store_ln44 = store i8 0, i3 %fb_316_addr" [./line_buffer.h:44->./line_buffer.h:34->predecoder_kernel.cpp:40]   --->   Operation 349 'store' 'store_ln44' <Predicate = (select_ln39_1 == 1 & select_ln41_1 == 2 & select_ln41 == 5)> <Delay = 0.66> <CoreInst = "RAM">   --->   Core 83 'RAM' <Latency = 1> <II = 1> <Delay = 0.66> <Storage> <Opcode : 'load' 'store'> <Ports = 2> <Width = 8> <Depth = 6> <RAM>
ST_3 : Operation 350 [1/1] (0.00ns)   --->   "%br_ln44 = br void %arrayidx204.i.i_1.exit1498" [./line_buffer.h:44->./line_buffer.h:34->predecoder_kernel.cpp:40]   --->   Operation 350 'br' 'br_ln44' <Predicate = (select_ln39_1 == 1 & select_ln41_1 == 2 & select_ln41 == 5)> <Delay = 0.00>
ST_3 : Operation 351 [1/1] (0.66ns)   --->   "%store_ln44 = store i8 0, i3 %fb_315_addr" [./line_buffer.h:44->./line_buffer.h:34->predecoder_kernel.cpp:40]   --->   Operation 351 'store' 'store_ln44' <Predicate = (select_ln39_1 == 1 & select_ln41_1 == 2 & select_ln41 == 4)> <Delay = 0.66> <CoreInst = "RAM">   --->   Core 83 'RAM' <Latency = 1> <II = 1> <Delay = 0.66> <Storage> <Opcode : 'load' 'store'> <Ports = 2> <Width = 8> <Depth = 6> <RAM>
ST_3 : Operation 352 [1/1] (0.00ns)   --->   "%br_ln44 = br void %arrayidx204.i.i_1.exit1498" [./line_buffer.h:44->./line_buffer.h:34->predecoder_kernel.cpp:40]   --->   Operation 352 'br' 'br_ln44' <Predicate = (select_ln39_1 == 1 & select_ln41_1 == 2 & select_ln41 == 4)> <Delay = 0.00>
ST_3 : Operation 353 [1/1] (0.66ns)   --->   "%store_ln44 = store i8 0, i3 %fb_314_addr" [./line_buffer.h:44->./line_buffer.h:34->predecoder_kernel.cpp:40]   --->   Operation 353 'store' 'store_ln44' <Predicate = (select_ln39_1 == 1 & select_ln41_1 == 2 & select_ln41 == 3)> <Delay = 0.66> <CoreInst = "RAM">   --->   Core 83 'RAM' <Latency = 1> <II = 1> <Delay = 0.66> <Storage> <Opcode : 'load' 'store'> <Ports = 2> <Width = 8> <Depth = 6> <RAM>
ST_3 : Operation 354 [1/1] (0.00ns)   --->   "%br_ln44 = br void %arrayidx204.i.i_1.exit1498" [./line_buffer.h:44->./line_buffer.h:34->predecoder_kernel.cpp:40]   --->   Operation 354 'br' 'br_ln44' <Predicate = (select_ln39_1 == 1 & select_ln41_1 == 2 & select_ln41 == 3)> <Delay = 0.00>
ST_3 : Operation 355 [1/1] (0.66ns)   --->   "%store_ln44 = store i8 0, i3 %fb_313_addr" [./line_buffer.h:44->./line_buffer.h:34->predecoder_kernel.cpp:40]   --->   Operation 355 'store' 'store_ln44' <Predicate = (select_ln39_1 == 1 & select_ln41_1 == 2 & select_ln41 == 2)> <Delay = 0.66> <CoreInst = "RAM">   --->   Core 83 'RAM' <Latency = 1> <II = 1> <Delay = 0.66> <Storage> <Opcode : 'load' 'store'> <Ports = 2> <Width = 8> <Depth = 6> <RAM>
ST_3 : Operation 356 [1/1] (0.00ns)   --->   "%br_ln44 = br void %arrayidx204.i.i_1.exit1498" [./line_buffer.h:44->./line_buffer.h:34->predecoder_kernel.cpp:40]   --->   Operation 356 'br' 'br_ln44' <Predicate = (select_ln39_1 == 1 & select_ln41_1 == 2 & select_ln41 == 2)> <Delay = 0.00>
ST_3 : Operation 357 [1/1] (0.66ns)   --->   "%store_ln44 = store i8 0, i3 %fb_312_addr" [./line_buffer.h:44->./line_buffer.h:34->predecoder_kernel.cpp:40]   --->   Operation 357 'store' 'store_ln44' <Predicate = (select_ln39_1 == 1 & select_ln41_1 == 2 & select_ln41 == 1)> <Delay = 0.66> <CoreInst = "RAM">   --->   Core 83 'RAM' <Latency = 1> <II = 1> <Delay = 0.66> <Storage> <Opcode : 'load' 'store'> <Ports = 2> <Width = 8> <Depth = 6> <RAM>
ST_3 : Operation 358 [1/1] (0.00ns)   --->   "%br_ln44 = br void %arrayidx204.i.i_1.exit1498" [./line_buffer.h:44->./line_buffer.h:34->predecoder_kernel.cpp:40]   --->   Operation 358 'br' 'br_ln44' <Predicate = (select_ln39_1 == 1 & select_ln41_1 == 2 & select_ln41 == 1)> <Delay = 0.00>
ST_3 : Operation 359 [1/1] (0.66ns)   --->   "%store_ln44 = store i8 0, i3 %fb_311_addr" [./line_buffer.h:44->./line_buffer.h:34->predecoder_kernel.cpp:40]   --->   Operation 359 'store' 'store_ln44' <Predicate = (select_ln39_1 == 1 & select_ln41_1 == 2 & select_ln41 == 0)> <Delay = 0.66> <CoreInst = "RAM">   --->   Core 83 'RAM' <Latency = 1> <II = 1> <Delay = 0.66> <Storage> <Opcode : 'load' 'store'> <Ports = 2> <Width = 8> <Depth = 6> <RAM>
ST_3 : Operation 360 [1/1] (0.00ns)   --->   "%br_ln44 = br void %arrayidx204.i.i_1.exit1498" [./line_buffer.h:44->./line_buffer.h:34->predecoder_kernel.cpp:40]   --->   Operation 360 'br' 'br_ln44' <Predicate = (select_ln39_1 == 1 & select_ln41_1 == 2 & select_ln41 == 0)> <Delay = 0.00>
ST_3 : Operation 361 [1/1] (0.66ns)   --->   "%store_ln44 = store i8 0, i3 %fb_322_addr" [./line_buffer.h:44->./line_buffer.h:34->predecoder_kernel.cpp:40]   --->   Operation 361 'store' 'store_ln44' <Predicate = (select_ln39_1 == 1 & select_ln41_1 == 2 & select_ln41 != 0 & select_ln41 != 1 & select_ln41 != 2 & select_ln41 != 3 & select_ln41 != 4 & select_ln41 != 5 & select_ln41 != 6 & select_ln41 != 7 & select_ln41 != 8 & select_ln41 != 9 & select_ln41 != 10)> <Delay = 0.66> <CoreInst = "RAM">   --->   Core 83 'RAM' <Latency = 1> <II = 1> <Delay = 0.66> <Storage> <Opcode : 'load' 'store'> <Ports = 2> <Width = 8> <Depth = 6> <RAM>
ST_3 : Operation 362 [1/1] (0.00ns)   --->   "%br_ln44 = br void %arrayidx204.i.i_1.exit1498" [./line_buffer.h:44->./line_buffer.h:34->predecoder_kernel.cpp:40]   --->   Operation 362 'br' 'br_ln44' <Predicate = (select_ln39_1 == 1 & select_ln41_1 == 2 & select_ln41 != 0 & select_ln41 != 1 & select_ln41 != 2 & select_ln41 != 3 & select_ln41 != 4 & select_ln41 != 5 & select_ln41 != 6 & select_ln41 != 7 & select_ln41 != 8 & select_ln41 != 9 & select_ln41 != 10)> <Delay = 0.00>
ST_3 : Operation 363 [1/1] (0.00ns)   --->   "%br_ln44 = br void %arrayidx204.i.i_1.exit" [./line_buffer.h:44->./line_buffer.h:34->predecoder_kernel.cpp:40]   --->   Operation 363 'br' 'br_ln44' <Predicate = (select_ln39_1 == 1 & select_ln41_1 == 2)> <Delay = 0.00>
ST_3 : Operation 364 [1/1] (0.67ns)   --->   "%switch_ln44 = switch i4 %select_ln41, void %arrayidx204.i.i_1.case.111496, i4 0, void %arrayidx204.i.i_1.case.01485, i4 1, void %arrayidx204.i.i_1.case.11486, i4 2, void %arrayidx204.i.i_1.case.21487, i4 3, void %arrayidx204.i.i_1.case.31488, i4 4, void %arrayidx204.i.i_1.case.41489, i4 5, void %arrayidx204.i.i_1.case.51490, i4 6, void %arrayidx204.i.i_1.case.61491, i4 7, void %arrayidx204.i.i_1.case.71492, i4 8, void %arrayidx204.i.i_1.case.81493, i4 9, void %arrayidx204.i.i_1.case.91494, i4 10, void %arrayidx204.i.i_1.case.101495" [./line_buffer.h:44->./line_buffer.h:34->predecoder_kernel.cpp:40]   --->   Operation 364 'switch' 'switch_ln44' <Predicate = (select_ln39_1 == 1 & select_ln41_1 == 1)> <Delay = 0.67>
ST_3 : Operation 365 [1/1] (0.66ns)   --->   "%store_ln44 = store i8 0, i3 %fb_309_addr" [./line_buffer.h:44->./line_buffer.h:34->predecoder_kernel.cpp:40]   --->   Operation 365 'store' 'store_ln44' <Predicate = (select_ln39_1 == 1 & select_ln41_1 == 1 & select_ln41 == 10)> <Delay = 0.66> <CoreInst = "RAM">   --->   Core 83 'RAM' <Latency = 1> <II = 1> <Delay = 0.66> <Storage> <Opcode : 'load' 'store'> <Ports = 2> <Width = 8> <Depth = 6> <RAM>
ST_3 : Operation 366 [1/1] (0.00ns)   --->   "%br_ln44 = br void %arrayidx204.i.i_1.exit1484" [./line_buffer.h:44->./line_buffer.h:34->predecoder_kernel.cpp:40]   --->   Operation 366 'br' 'br_ln44' <Predicate = (select_ln39_1 == 1 & select_ln41_1 == 1 & select_ln41 == 10)> <Delay = 0.00>
ST_3 : Operation 367 [1/1] (0.66ns)   --->   "%store_ln44 = store i8 0, i3 %fb_308_addr" [./line_buffer.h:44->./line_buffer.h:34->predecoder_kernel.cpp:40]   --->   Operation 367 'store' 'store_ln44' <Predicate = (select_ln39_1 == 1 & select_ln41_1 == 1 & select_ln41 == 9)> <Delay = 0.66> <CoreInst = "RAM">   --->   Core 83 'RAM' <Latency = 1> <II = 1> <Delay = 0.66> <Storage> <Opcode : 'load' 'store'> <Ports = 2> <Width = 8> <Depth = 6> <RAM>
ST_3 : Operation 368 [1/1] (0.00ns)   --->   "%br_ln44 = br void %arrayidx204.i.i_1.exit1484" [./line_buffer.h:44->./line_buffer.h:34->predecoder_kernel.cpp:40]   --->   Operation 368 'br' 'br_ln44' <Predicate = (select_ln39_1 == 1 & select_ln41_1 == 1 & select_ln41 == 9)> <Delay = 0.00>
ST_3 : Operation 369 [1/1] (0.66ns)   --->   "%store_ln44 = store i8 0, i3 %fb_307_addr" [./line_buffer.h:44->./line_buffer.h:34->predecoder_kernel.cpp:40]   --->   Operation 369 'store' 'store_ln44' <Predicate = (select_ln39_1 == 1 & select_ln41_1 == 1 & select_ln41 == 8)> <Delay = 0.66> <CoreInst = "RAM">   --->   Core 83 'RAM' <Latency = 1> <II = 1> <Delay = 0.66> <Storage> <Opcode : 'load' 'store'> <Ports = 2> <Width = 8> <Depth = 6> <RAM>
ST_3 : Operation 370 [1/1] (0.00ns)   --->   "%br_ln44 = br void %arrayidx204.i.i_1.exit1484" [./line_buffer.h:44->./line_buffer.h:34->predecoder_kernel.cpp:40]   --->   Operation 370 'br' 'br_ln44' <Predicate = (select_ln39_1 == 1 & select_ln41_1 == 1 & select_ln41 == 8)> <Delay = 0.00>
ST_3 : Operation 371 [1/1] (0.66ns)   --->   "%store_ln44 = store i8 0, i3 %fb_306_addr" [./line_buffer.h:44->./line_buffer.h:34->predecoder_kernel.cpp:40]   --->   Operation 371 'store' 'store_ln44' <Predicate = (select_ln39_1 == 1 & select_ln41_1 == 1 & select_ln41 == 7)> <Delay = 0.66> <CoreInst = "RAM">   --->   Core 83 'RAM' <Latency = 1> <II = 1> <Delay = 0.66> <Storage> <Opcode : 'load' 'store'> <Ports = 2> <Width = 8> <Depth = 6> <RAM>
ST_3 : Operation 372 [1/1] (0.00ns)   --->   "%br_ln44 = br void %arrayidx204.i.i_1.exit1484" [./line_buffer.h:44->./line_buffer.h:34->predecoder_kernel.cpp:40]   --->   Operation 372 'br' 'br_ln44' <Predicate = (select_ln39_1 == 1 & select_ln41_1 == 1 & select_ln41 == 7)> <Delay = 0.00>
ST_3 : Operation 373 [1/1] (0.66ns)   --->   "%store_ln44 = store i8 0, i3 %fb_305_addr" [./line_buffer.h:44->./line_buffer.h:34->predecoder_kernel.cpp:40]   --->   Operation 373 'store' 'store_ln44' <Predicate = (select_ln39_1 == 1 & select_ln41_1 == 1 & select_ln41 == 6)> <Delay = 0.66> <CoreInst = "RAM">   --->   Core 83 'RAM' <Latency = 1> <II = 1> <Delay = 0.66> <Storage> <Opcode : 'load' 'store'> <Ports = 2> <Width = 8> <Depth = 6> <RAM>
ST_3 : Operation 374 [1/1] (0.00ns)   --->   "%br_ln44 = br void %arrayidx204.i.i_1.exit1484" [./line_buffer.h:44->./line_buffer.h:34->predecoder_kernel.cpp:40]   --->   Operation 374 'br' 'br_ln44' <Predicate = (select_ln39_1 == 1 & select_ln41_1 == 1 & select_ln41 == 6)> <Delay = 0.00>
ST_3 : Operation 375 [1/1] (0.66ns)   --->   "%store_ln44 = store i8 0, i3 %fb_304_addr" [./line_buffer.h:44->./line_buffer.h:34->predecoder_kernel.cpp:40]   --->   Operation 375 'store' 'store_ln44' <Predicate = (select_ln39_1 == 1 & select_ln41_1 == 1 & select_ln41 == 5)> <Delay = 0.66> <CoreInst = "RAM">   --->   Core 83 'RAM' <Latency = 1> <II = 1> <Delay = 0.66> <Storage> <Opcode : 'load' 'store'> <Ports = 2> <Width = 8> <Depth = 6> <RAM>
ST_3 : Operation 376 [1/1] (0.00ns)   --->   "%br_ln44 = br void %arrayidx204.i.i_1.exit1484" [./line_buffer.h:44->./line_buffer.h:34->predecoder_kernel.cpp:40]   --->   Operation 376 'br' 'br_ln44' <Predicate = (select_ln39_1 == 1 & select_ln41_1 == 1 & select_ln41 == 5)> <Delay = 0.00>
ST_3 : Operation 377 [1/1] (0.66ns)   --->   "%store_ln44 = store i8 0, i3 %fb_303_addr" [./line_buffer.h:44->./line_buffer.h:34->predecoder_kernel.cpp:40]   --->   Operation 377 'store' 'store_ln44' <Predicate = (select_ln39_1 == 1 & select_ln41_1 == 1 & select_ln41 == 4)> <Delay = 0.66> <CoreInst = "RAM">   --->   Core 83 'RAM' <Latency = 1> <II = 1> <Delay = 0.66> <Storage> <Opcode : 'load' 'store'> <Ports = 2> <Width = 8> <Depth = 6> <RAM>
ST_3 : Operation 378 [1/1] (0.00ns)   --->   "%br_ln44 = br void %arrayidx204.i.i_1.exit1484" [./line_buffer.h:44->./line_buffer.h:34->predecoder_kernel.cpp:40]   --->   Operation 378 'br' 'br_ln44' <Predicate = (select_ln39_1 == 1 & select_ln41_1 == 1 & select_ln41 == 4)> <Delay = 0.00>
ST_3 : Operation 379 [1/1] (0.66ns)   --->   "%store_ln44 = store i8 0, i3 %fb_302_addr" [./line_buffer.h:44->./line_buffer.h:34->predecoder_kernel.cpp:40]   --->   Operation 379 'store' 'store_ln44' <Predicate = (select_ln39_1 == 1 & select_ln41_1 == 1 & select_ln41 == 3)> <Delay = 0.66> <CoreInst = "RAM">   --->   Core 83 'RAM' <Latency = 1> <II = 1> <Delay = 0.66> <Storage> <Opcode : 'load' 'store'> <Ports = 2> <Width = 8> <Depth = 6> <RAM>
ST_3 : Operation 380 [1/1] (0.00ns)   --->   "%br_ln44 = br void %arrayidx204.i.i_1.exit1484" [./line_buffer.h:44->./line_buffer.h:34->predecoder_kernel.cpp:40]   --->   Operation 380 'br' 'br_ln44' <Predicate = (select_ln39_1 == 1 & select_ln41_1 == 1 & select_ln41 == 3)> <Delay = 0.00>
ST_3 : Operation 381 [1/1] (0.66ns)   --->   "%store_ln44 = store i8 0, i3 %fb_301_addr" [./line_buffer.h:44->./line_buffer.h:34->predecoder_kernel.cpp:40]   --->   Operation 381 'store' 'store_ln44' <Predicate = (select_ln39_1 == 1 & select_ln41_1 == 1 & select_ln41 == 2)> <Delay = 0.66> <CoreInst = "RAM">   --->   Core 83 'RAM' <Latency = 1> <II = 1> <Delay = 0.66> <Storage> <Opcode : 'load' 'store'> <Ports = 2> <Width = 8> <Depth = 6> <RAM>
ST_3 : Operation 382 [1/1] (0.00ns)   --->   "%br_ln44 = br void %arrayidx204.i.i_1.exit1484" [./line_buffer.h:44->./line_buffer.h:34->predecoder_kernel.cpp:40]   --->   Operation 382 'br' 'br_ln44' <Predicate = (select_ln39_1 == 1 & select_ln41_1 == 1 & select_ln41 == 2)> <Delay = 0.00>
ST_3 : Operation 383 [1/1] (0.66ns)   --->   "%store_ln44 = store i8 0, i3 %fb_300_addr" [./line_buffer.h:44->./line_buffer.h:34->predecoder_kernel.cpp:40]   --->   Operation 383 'store' 'store_ln44' <Predicate = (select_ln39_1 == 1 & select_ln41_1 == 1 & select_ln41 == 1)> <Delay = 0.66> <CoreInst = "RAM">   --->   Core 83 'RAM' <Latency = 1> <II = 1> <Delay = 0.66> <Storage> <Opcode : 'load' 'store'> <Ports = 2> <Width = 8> <Depth = 6> <RAM>
ST_3 : Operation 384 [1/1] (0.00ns)   --->   "%br_ln44 = br void %arrayidx204.i.i_1.exit1484" [./line_buffer.h:44->./line_buffer.h:34->predecoder_kernel.cpp:40]   --->   Operation 384 'br' 'br_ln44' <Predicate = (select_ln39_1 == 1 & select_ln41_1 == 1 & select_ln41 == 1)> <Delay = 0.00>
ST_3 : Operation 385 [1/1] (0.66ns)   --->   "%store_ln44 = store i8 0, i3 %fb_299_addr" [./line_buffer.h:44->./line_buffer.h:34->predecoder_kernel.cpp:40]   --->   Operation 385 'store' 'store_ln44' <Predicate = (select_ln39_1 == 1 & select_ln41_1 == 1 & select_ln41 == 0)> <Delay = 0.66> <CoreInst = "RAM">   --->   Core 83 'RAM' <Latency = 1> <II = 1> <Delay = 0.66> <Storage> <Opcode : 'load' 'store'> <Ports = 2> <Width = 8> <Depth = 6> <RAM>
ST_3 : Operation 386 [1/1] (0.00ns)   --->   "%br_ln44 = br void %arrayidx204.i.i_1.exit1484" [./line_buffer.h:44->./line_buffer.h:34->predecoder_kernel.cpp:40]   --->   Operation 386 'br' 'br_ln44' <Predicate = (select_ln39_1 == 1 & select_ln41_1 == 1 & select_ln41 == 0)> <Delay = 0.00>
ST_3 : Operation 387 [1/1] (0.66ns)   --->   "%store_ln44 = store i8 0, i3 %fb_310_addr" [./line_buffer.h:44->./line_buffer.h:34->predecoder_kernel.cpp:40]   --->   Operation 387 'store' 'store_ln44' <Predicate = (select_ln39_1 == 1 & select_ln41_1 == 1 & select_ln41 != 0 & select_ln41 != 1 & select_ln41 != 2 & select_ln41 != 3 & select_ln41 != 4 & select_ln41 != 5 & select_ln41 != 6 & select_ln41 != 7 & select_ln41 != 8 & select_ln41 != 9 & select_ln41 != 10)> <Delay = 0.66> <CoreInst = "RAM">   --->   Core 83 'RAM' <Latency = 1> <II = 1> <Delay = 0.66> <Storage> <Opcode : 'load' 'store'> <Ports = 2> <Width = 8> <Depth = 6> <RAM>
ST_3 : Operation 388 [1/1] (0.00ns)   --->   "%br_ln44 = br void %arrayidx204.i.i_1.exit1484" [./line_buffer.h:44->./line_buffer.h:34->predecoder_kernel.cpp:40]   --->   Operation 388 'br' 'br_ln44' <Predicate = (select_ln39_1 == 1 & select_ln41_1 == 1 & select_ln41 != 0 & select_ln41 != 1 & select_ln41 != 2 & select_ln41 != 3 & select_ln41 != 4 & select_ln41 != 5 & select_ln41 != 6 & select_ln41 != 7 & select_ln41 != 8 & select_ln41 != 9 & select_ln41 != 10)> <Delay = 0.00>
ST_3 : Operation 389 [1/1] (0.00ns)   --->   "%br_ln44 = br void %arrayidx204.i.i_1.exit" [./line_buffer.h:44->./line_buffer.h:34->predecoder_kernel.cpp:40]   --->   Operation 389 'br' 'br_ln44' <Predicate = (select_ln39_1 == 1 & select_ln41_1 == 1)> <Delay = 0.00>
ST_3 : Operation 390 [1/1] (0.67ns)   --->   "%switch_ln44 = switch i4 %select_ln41, void %arrayidx204.i.i_1.case.11, i4 0, void %arrayidx204.i.i_1.case.01477, i4 1, void %arrayidx204.i.i_1.case.11478, i4 2, void %arrayidx204.i.i_1.case.21479, i4 3, void %arrayidx204.i.i_1.case.31480, i4 4, void %arrayidx204.i.i_1.case.41481, i4 5, void %arrayidx204.i.i_1.case.51482, i4 6, void %arrayidx204.i.i_1.case.6, i4 7, void %arrayidx204.i.i_1.case.7, i4 8, void %arrayidx204.i.i_1.case.8, i4 9, void %arrayidx204.i.i_1.case.9, i4 10, void %arrayidx204.i.i_1.case.10" [./line_buffer.h:44->./line_buffer.h:34->predecoder_kernel.cpp:40]   --->   Operation 390 'switch' 'switch_ln44' <Predicate = (select_ln39_1 == 1 & select_ln41_1 == 0)> <Delay = 0.67>
ST_3 : Operation 391 [1/1] (0.66ns)   --->   "%store_ln44 = store i8 0, i3 %fb_297_addr" [./line_buffer.h:44->./line_buffer.h:34->predecoder_kernel.cpp:40]   --->   Operation 391 'store' 'store_ln44' <Predicate = (select_ln39_1 == 1 & select_ln41_1 == 0 & select_ln41 == 10)> <Delay = 0.66> <CoreInst = "RAM">   --->   Core 83 'RAM' <Latency = 1> <II = 1> <Delay = 0.66> <Storage> <Opcode : 'load' 'store'> <Ports = 2> <Width = 8> <Depth = 6> <RAM>
ST_3 : Operation 392 [1/1] (0.00ns)   --->   "%br_ln44 = br void %arrayidx204.i.i_1.exit1476" [./line_buffer.h:44->./line_buffer.h:34->predecoder_kernel.cpp:40]   --->   Operation 392 'br' 'br_ln44' <Predicate = (select_ln39_1 == 1 & select_ln41_1 == 0 & select_ln41 == 10)> <Delay = 0.00>
ST_3 : Operation 393 [1/1] (0.66ns)   --->   "%store_ln44 = store i8 0, i3 %fb_296_addr" [./line_buffer.h:44->./line_buffer.h:34->predecoder_kernel.cpp:40]   --->   Operation 393 'store' 'store_ln44' <Predicate = (select_ln39_1 == 1 & select_ln41_1 == 0 & select_ln41 == 9)> <Delay = 0.66> <CoreInst = "RAM">   --->   Core 83 'RAM' <Latency = 1> <II = 1> <Delay = 0.66> <Storage> <Opcode : 'load' 'store'> <Ports = 2> <Width = 8> <Depth = 6> <RAM>
ST_3 : Operation 394 [1/1] (0.00ns)   --->   "%br_ln44 = br void %arrayidx204.i.i_1.exit1476" [./line_buffer.h:44->./line_buffer.h:34->predecoder_kernel.cpp:40]   --->   Operation 394 'br' 'br_ln44' <Predicate = (select_ln39_1 == 1 & select_ln41_1 == 0 & select_ln41 == 9)> <Delay = 0.00>
ST_3 : Operation 395 [1/1] (0.66ns)   --->   "%store_ln44 = store i8 0, i3 %fb_295_addr" [./line_buffer.h:44->./line_buffer.h:34->predecoder_kernel.cpp:40]   --->   Operation 395 'store' 'store_ln44' <Predicate = (select_ln39_1 == 1 & select_ln41_1 == 0 & select_ln41 == 8)> <Delay = 0.66> <CoreInst = "RAM">   --->   Core 83 'RAM' <Latency = 1> <II = 1> <Delay = 0.66> <Storage> <Opcode : 'load' 'store'> <Ports = 2> <Width = 8> <Depth = 6> <RAM>
ST_3 : Operation 396 [1/1] (0.00ns)   --->   "%br_ln44 = br void %arrayidx204.i.i_1.exit1476" [./line_buffer.h:44->./line_buffer.h:34->predecoder_kernel.cpp:40]   --->   Operation 396 'br' 'br_ln44' <Predicate = (select_ln39_1 == 1 & select_ln41_1 == 0 & select_ln41 == 8)> <Delay = 0.00>
ST_3 : Operation 397 [1/1] (0.66ns)   --->   "%store_ln44 = store i8 0, i3 %fb_294_addr" [./line_buffer.h:44->./line_buffer.h:34->predecoder_kernel.cpp:40]   --->   Operation 397 'store' 'store_ln44' <Predicate = (select_ln39_1 == 1 & select_ln41_1 == 0 & select_ln41 == 7)> <Delay = 0.66> <CoreInst = "RAM">   --->   Core 83 'RAM' <Latency = 1> <II = 1> <Delay = 0.66> <Storage> <Opcode : 'load' 'store'> <Ports = 2> <Width = 8> <Depth = 6> <RAM>
ST_3 : Operation 398 [1/1] (0.00ns)   --->   "%br_ln44 = br void %arrayidx204.i.i_1.exit1476" [./line_buffer.h:44->./line_buffer.h:34->predecoder_kernel.cpp:40]   --->   Operation 398 'br' 'br_ln44' <Predicate = (select_ln39_1 == 1 & select_ln41_1 == 0 & select_ln41 == 7)> <Delay = 0.00>
ST_3 : Operation 399 [1/1] (0.66ns)   --->   "%store_ln44 = store i8 0, i3 %fb_293_addr" [./line_buffer.h:44->./line_buffer.h:34->predecoder_kernel.cpp:40]   --->   Operation 399 'store' 'store_ln44' <Predicate = (select_ln39_1 == 1 & select_ln41_1 == 0 & select_ln41 == 6)> <Delay = 0.66> <CoreInst = "RAM">   --->   Core 83 'RAM' <Latency = 1> <II = 1> <Delay = 0.66> <Storage> <Opcode : 'load' 'store'> <Ports = 2> <Width = 8> <Depth = 6> <RAM>
ST_3 : Operation 400 [1/1] (0.00ns)   --->   "%br_ln44 = br void %arrayidx204.i.i_1.exit1476" [./line_buffer.h:44->./line_buffer.h:34->predecoder_kernel.cpp:40]   --->   Operation 400 'br' 'br_ln44' <Predicate = (select_ln39_1 == 1 & select_ln41_1 == 0 & select_ln41 == 6)> <Delay = 0.00>
ST_3 : Operation 401 [1/1] (0.66ns)   --->   "%store_ln44 = store i8 0, i3 %fb_292_addr" [./line_buffer.h:44->./line_buffer.h:34->predecoder_kernel.cpp:40]   --->   Operation 401 'store' 'store_ln44' <Predicate = (select_ln39_1 == 1 & select_ln41_1 == 0 & select_ln41 == 5)> <Delay = 0.66> <CoreInst = "RAM">   --->   Core 83 'RAM' <Latency = 1> <II = 1> <Delay = 0.66> <Storage> <Opcode : 'load' 'store'> <Ports = 2> <Width = 8> <Depth = 6> <RAM>
ST_3 : Operation 402 [1/1] (0.00ns)   --->   "%br_ln44 = br void %arrayidx204.i.i_1.exit1476" [./line_buffer.h:44->./line_buffer.h:34->predecoder_kernel.cpp:40]   --->   Operation 402 'br' 'br_ln44' <Predicate = (select_ln39_1 == 1 & select_ln41_1 == 0 & select_ln41 == 5)> <Delay = 0.00>
ST_3 : Operation 403 [1/1] (0.66ns)   --->   "%store_ln44 = store i8 0, i3 %fb_291_addr" [./line_buffer.h:44->./line_buffer.h:34->predecoder_kernel.cpp:40]   --->   Operation 403 'store' 'store_ln44' <Predicate = (select_ln39_1 == 1 & select_ln41_1 == 0 & select_ln41 == 4)> <Delay = 0.66> <CoreInst = "RAM">   --->   Core 83 'RAM' <Latency = 1> <II = 1> <Delay = 0.66> <Storage> <Opcode : 'load' 'store'> <Ports = 2> <Width = 8> <Depth = 6> <RAM>
ST_3 : Operation 404 [1/1] (0.00ns)   --->   "%br_ln44 = br void %arrayidx204.i.i_1.exit1476" [./line_buffer.h:44->./line_buffer.h:34->predecoder_kernel.cpp:40]   --->   Operation 404 'br' 'br_ln44' <Predicate = (select_ln39_1 == 1 & select_ln41_1 == 0 & select_ln41 == 4)> <Delay = 0.00>
ST_3 : Operation 405 [1/1] (0.66ns)   --->   "%store_ln44 = store i8 0, i3 %fb_290_addr" [./line_buffer.h:44->./line_buffer.h:34->predecoder_kernel.cpp:40]   --->   Operation 405 'store' 'store_ln44' <Predicate = (select_ln39_1 == 1 & select_ln41_1 == 0 & select_ln41 == 3)> <Delay = 0.66> <CoreInst = "RAM">   --->   Core 83 'RAM' <Latency = 1> <II = 1> <Delay = 0.66> <Storage> <Opcode : 'load' 'store'> <Ports = 2> <Width = 8> <Depth = 6> <RAM>
ST_3 : Operation 406 [1/1] (0.00ns)   --->   "%br_ln44 = br void %arrayidx204.i.i_1.exit1476" [./line_buffer.h:44->./line_buffer.h:34->predecoder_kernel.cpp:40]   --->   Operation 406 'br' 'br_ln44' <Predicate = (select_ln39_1 == 1 & select_ln41_1 == 0 & select_ln41 == 3)> <Delay = 0.00>
ST_3 : Operation 407 [1/1] (0.66ns)   --->   "%store_ln44 = store i8 0, i3 %fb_289_addr" [./line_buffer.h:44->./line_buffer.h:34->predecoder_kernel.cpp:40]   --->   Operation 407 'store' 'store_ln44' <Predicate = (select_ln39_1 == 1 & select_ln41_1 == 0 & select_ln41 == 2)> <Delay = 0.66> <CoreInst = "RAM">   --->   Core 83 'RAM' <Latency = 1> <II = 1> <Delay = 0.66> <Storage> <Opcode : 'load' 'store'> <Ports = 2> <Width = 8> <Depth = 6> <RAM>
ST_3 : Operation 408 [1/1] (0.00ns)   --->   "%br_ln44 = br void %arrayidx204.i.i_1.exit1476" [./line_buffer.h:44->./line_buffer.h:34->predecoder_kernel.cpp:40]   --->   Operation 408 'br' 'br_ln44' <Predicate = (select_ln39_1 == 1 & select_ln41_1 == 0 & select_ln41 == 2)> <Delay = 0.00>
ST_3 : Operation 409 [1/1] (0.66ns)   --->   "%store_ln44 = store i8 0, i3 %fb_288_addr" [./line_buffer.h:44->./line_buffer.h:34->predecoder_kernel.cpp:40]   --->   Operation 409 'store' 'store_ln44' <Predicate = (select_ln39_1 == 1 & select_ln41_1 == 0 & select_ln41 == 1)> <Delay = 0.66> <CoreInst = "RAM">   --->   Core 83 'RAM' <Latency = 1> <II = 1> <Delay = 0.66> <Storage> <Opcode : 'load' 'store'> <Ports = 2> <Width = 8> <Depth = 6> <RAM>
ST_3 : Operation 410 [1/1] (0.00ns)   --->   "%br_ln44 = br void %arrayidx204.i.i_1.exit1476" [./line_buffer.h:44->./line_buffer.h:34->predecoder_kernel.cpp:40]   --->   Operation 410 'br' 'br_ln44' <Predicate = (select_ln39_1 == 1 & select_ln41_1 == 0 & select_ln41 == 1)> <Delay = 0.00>
ST_3 : Operation 411 [1/1] (0.66ns)   --->   "%store_ln44 = store i8 0, i3 %fb_287_addr" [./line_buffer.h:44->./line_buffer.h:34->predecoder_kernel.cpp:40]   --->   Operation 411 'store' 'store_ln44' <Predicate = (select_ln39_1 == 1 & select_ln41_1 == 0 & select_ln41 == 0)> <Delay = 0.66> <CoreInst = "RAM">   --->   Core 83 'RAM' <Latency = 1> <II = 1> <Delay = 0.66> <Storage> <Opcode : 'load' 'store'> <Ports = 2> <Width = 8> <Depth = 6> <RAM>
ST_3 : Operation 412 [1/1] (0.00ns)   --->   "%br_ln44 = br void %arrayidx204.i.i_1.exit1476" [./line_buffer.h:44->./line_buffer.h:34->predecoder_kernel.cpp:40]   --->   Operation 412 'br' 'br_ln44' <Predicate = (select_ln39_1 == 1 & select_ln41_1 == 0 & select_ln41 == 0)> <Delay = 0.00>
ST_3 : Operation 413 [1/1] (0.66ns)   --->   "%store_ln44 = store i8 0, i3 %fb_298_addr" [./line_buffer.h:44->./line_buffer.h:34->predecoder_kernel.cpp:40]   --->   Operation 413 'store' 'store_ln44' <Predicate = (select_ln39_1 == 1 & select_ln41_1 == 0 & select_ln41 != 0 & select_ln41 != 1 & select_ln41 != 2 & select_ln41 != 3 & select_ln41 != 4 & select_ln41 != 5 & select_ln41 != 6 & select_ln41 != 7 & select_ln41 != 8 & select_ln41 != 9 & select_ln41 != 10)> <Delay = 0.66> <CoreInst = "RAM">   --->   Core 83 'RAM' <Latency = 1> <II = 1> <Delay = 0.66> <Storage> <Opcode : 'load' 'store'> <Ports = 2> <Width = 8> <Depth = 6> <RAM>
ST_3 : Operation 414 [1/1] (0.00ns)   --->   "%br_ln44 = br void %arrayidx204.i.i_1.exit1476" [./line_buffer.h:44->./line_buffer.h:34->predecoder_kernel.cpp:40]   --->   Operation 414 'br' 'br_ln44' <Predicate = (select_ln39_1 == 1 & select_ln41_1 == 0 & select_ln41 != 0 & select_ln41 != 1 & select_ln41 != 2 & select_ln41 != 3 & select_ln41 != 4 & select_ln41 != 5 & select_ln41 != 6 & select_ln41 != 7 & select_ln41 != 8 & select_ln41 != 9 & select_ln41 != 10)> <Delay = 0.00>
ST_3 : Operation 415 [1/1] (0.00ns)   --->   "%br_ln44 = br void %arrayidx204.i.i_1.exit" [./line_buffer.h:44->./line_buffer.h:34->predecoder_kernel.cpp:40]   --->   Operation 415 'br' 'br_ln44' <Predicate = (select_ln39_1 == 1 & select_ln41_1 == 0)> <Delay = 0.00>
ST_3 : Operation 416 [1/1] (0.67ns)   --->   "%switch_ln44 = switch i4 %select_ln41, void %arrayidx204.i.i_1.case.111552, i4 0, void %arrayidx204.i.i_1.case.01541, i4 1, void %arrayidx204.i.i_1.case.11542, i4 2, void %arrayidx204.i.i_1.case.21543, i4 3, void %arrayidx204.i.i_1.case.31544, i4 4, void %arrayidx204.i.i_1.case.41545, i4 5, void %arrayidx204.i.i_1.case.51546, i4 6, void %arrayidx204.i.i_1.case.61547, i4 7, void %arrayidx204.i.i_1.case.71548, i4 8, void %arrayidx204.i.i_1.case.81549, i4 9, void %arrayidx204.i.i_1.case.91550, i4 10, void %arrayidx204.i.i_1.case.101551" [./line_buffer.h:44->./line_buffer.h:34->predecoder_kernel.cpp:40]   --->   Operation 416 'switch' 'switch_ln44' <Predicate = (select_ln39_1 == 1 & select_ln41_1 != 0 & select_ln41_1 != 1 & select_ln41_1 != 2 & select_ln41_1 != 3 & select_ln41_1 != 4)> <Delay = 0.67>
ST_3 : Operation 417 [1/1] (0.66ns)   --->   "%store_ln44 = store i8 0, i3 %fb_357_addr" [./line_buffer.h:44->./line_buffer.h:34->predecoder_kernel.cpp:40]   --->   Operation 417 'store' 'store_ln44' <Predicate = (select_ln39_1 == 1 & select_ln41_1 != 0 & select_ln41_1 != 1 & select_ln41_1 != 2 & select_ln41_1 != 3 & select_ln41_1 != 4 & select_ln41 == 10)> <Delay = 0.66> <CoreInst = "RAM">   --->   Core 83 'RAM' <Latency = 1> <II = 1> <Delay = 0.66> <Storage> <Opcode : 'load' 'store'> <Ports = 2> <Width = 8> <Depth = 6> <RAM>
ST_3 : Operation 418 [1/1] (0.00ns)   --->   "%br_ln44 = br void %arrayidx204.i.i_1.exit1540" [./line_buffer.h:44->./line_buffer.h:34->predecoder_kernel.cpp:40]   --->   Operation 418 'br' 'br_ln44' <Predicate = (select_ln39_1 == 1 & select_ln41_1 != 0 & select_ln41_1 != 1 & select_ln41_1 != 2 & select_ln41_1 != 3 & select_ln41_1 != 4 & select_ln41 == 10)> <Delay = 0.00>
ST_3 : Operation 419 [1/1] (0.66ns)   --->   "%store_ln44 = store i8 0, i3 %fb_356_addr" [./line_buffer.h:44->./line_buffer.h:34->predecoder_kernel.cpp:40]   --->   Operation 419 'store' 'store_ln44' <Predicate = (select_ln39_1 == 1 & select_ln41_1 != 0 & select_ln41_1 != 1 & select_ln41_1 != 2 & select_ln41_1 != 3 & select_ln41_1 != 4 & select_ln41 == 9)> <Delay = 0.66> <CoreInst = "RAM">   --->   Core 83 'RAM' <Latency = 1> <II = 1> <Delay = 0.66> <Storage> <Opcode : 'load' 'store'> <Ports = 2> <Width = 8> <Depth = 6> <RAM>
ST_3 : Operation 420 [1/1] (0.00ns)   --->   "%br_ln44 = br void %arrayidx204.i.i_1.exit1540" [./line_buffer.h:44->./line_buffer.h:34->predecoder_kernel.cpp:40]   --->   Operation 420 'br' 'br_ln44' <Predicate = (select_ln39_1 == 1 & select_ln41_1 != 0 & select_ln41_1 != 1 & select_ln41_1 != 2 & select_ln41_1 != 3 & select_ln41_1 != 4 & select_ln41 == 9)> <Delay = 0.00>
ST_3 : Operation 421 [1/1] (0.66ns)   --->   "%store_ln44 = store i8 0, i3 %fb_355_addr" [./line_buffer.h:44->./line_buffer.h:34->predecoder_kernel.cpp:40]   --->   Operation 421 'store' 'store_ln44' <Predicate = (select_ln39_1 == 1 & select_ln41_1 != 0 & select_ln41_1 != 1 & select_ln41_1 != 2 & select_ln41_1 != 3 & select_ln41_1 != 4 & select_ln41 == 8)> <Delay = 0.66> <CoreInst = "RAM">   --->   Core 83 'RAM' <Latency = 1> <II = 1> <Delay = 0.66> <Storage> <Opcode : 'load' 'store'> <Ports = 2> <Width = 8> <Depth = 6> <RAM>
ST_3 : Operation 422 [1/1] (0.00ns)   --->   "%br_ln44 = br void %arrayidx204.i.i_1.exit1540" [./line_buffer.h:44->./line_buffer.h:34->predecoder_kernel.cpp:40]   --->   Operation 422 'br' 'br_ln44' <Predicate = (select_ln39_1 == 1 & select_ln41_1 != 0 & select_ln41_1 != 1 & select_ln41_1 != 2 & select_ln41_1 != 3 & select_ln41_1 != 4 & select_ln41 == 8)> <Delay = 0.00>
ST_3 : Operation 423 [1/1] (0.66ns)   --->   "%store_ln44 = store i8 0, i3 %fb_354_addr" [./line_buffer.h:44->./line_buffer.h:34->predecoder_kernel.cpp:40]   --->   Operation 423 'store' 'store_ln44' <Predicate = (select_ln39_1 == 1 & select_ln41_1 != 0 & select_ln41_1 != 1 & select_ln41_1 != 2 & select_ln41_1 != 3 & select_ln41_1 != 4 & select_ln41 == 7)> <Delay = 0.66> <CoreInst = "RAM">   --->   Core 83 'RAM' <Latency = 1> <II = 1> <Delay = 0.66> <Storage> <Opcode : 'load' 'store'> <Ports = 2> <Width = 8> <Depth = 6> <RAM>
ST_3 : Operation 424 [1/1] (0.00ns)   --->   "%br_ln44 = br void %arrayidx204.i.i_1.exit1540" [./line_buffer.h:44->./line_buffer.h:34->predecoder_kernel.cpp:40]   --->   Operation 424 'br' 'br_ln44' <Predicate = (select_ln39_1 == 1 & select_ln41_1 != 0 & select_ln41_1 != 1 & select_ln41_1 != 2 & select_ln41_1 != 3 & select_ln41_1 != 4 & select_ln41 == 7)> <Delay = 0.00>
ST_3 : Operation 425 [1/1] (0.66ns)   --->   "%store_ln44 = store i8 0, i3 %fb_353_addr" [./line_buffer.h:44->./line_buffer.h:34->predecoder_kernel.cpp:40]   --->   Operation 425 'store' 'store_ln44' <Predicate = (select_ln39_1 == 1 & select_ln41_1 != 0 & select_ln41_1 != 1 & select_ln41_1 != 2 & select_ln41_1 != 3 & select_ln41_1 != 4 & select_ln41 == 6)> <Delay = 0.66> <CoreInst = "RAM">   --->   Core 83 'RAM' <Latency = 1> <II = 1> <Delay = 0.66> <Storage> <Opcode : 'load' 'store'> <Ports = 2> <Width = 8> <Depth = 6> <RAM>
ST_3 : Operation 426 [1/1] (0.00ns)   --->   "%br_ln44 = br void %arrayidx204.i.i_1.exit1540" [./line_buffer.h:44->./line_buffer.h:34->predecoder_kernel.cpp:40]   --->   Operation 426 'br' 'br_ln44' <Predicate = (select_ln39_1 == 1 & select_ln41_1 != 0 & select_ln41_1 != 1 & select_ln41_1 != 2 & select_ln41_1 != 3 & select_ln41_1 != 4 & select_ln41 == 6)> <Delay = 0.00>
ST_3 : Operation 427 [1/1] (0.66ns)   --->   "%store_ln44 = store i8 0, i3 %fb_352_addr" [./line_buffer.h:44->./line_buffer.h:34->predecoder_kernel.cpp:40]   --->   Operation 427 'store' 'store_ln44' <Predicate = (select_ln39_1 == 1 & select_ln41_1 != 0 & select_ln41_1 != 1 & select_ln41_1 != 2 & select_ln41_1 != 3 & select_ln41_1 != 4 & select_ln41 == 5)> <Delay = 0.66> <CoreInst = "RAM">   --->   Core 83 'RAM' <Latency = 1> <II = 1> <Delay = 0.66> <Storage> <Opcode : 'load' 'store'> <Ports = 2> <Width = 8> <Depth = 6> <RAM>
ST_3 : Operation 428 [1/1] (0.00ns)   --->   "%br_ln44 = br void %arrayidx204.i.i_1.exit1540" [./line_buffer.h:44->./line_buffer.h:34->predecoder_kernel.cpp:40]   --->   Operation 428 'br' 'br_ln44' <Predicate = (select_ln39_1 == 1 & select_ln41_1 != 0 & select_ln41_1 != 1 & select_ln41_1 != 2 & select_ln41_1 != 3 & select_ln41_1 != 4 & select_ln41 == 5)> <Delay = 0.00>
ST_3 : Operation 429 [1/1] (0.66ns)   --->   "%store_ln44 = store i8 0, i3 %fb_351_addr" [./line_buffer.h:44->./line_buffer.h:34->predecoder_kernel.cpp:40]   --->   Operation 429 'store' 'store_ln44' <Predicate = (select_ln39_1 == 1 & select_ln41_1 != 0 & select_ln41_1 != 1 & select_ln41_1 != 2 & select_ln41_1 != 3 & select_ln41_1 != 4 & select_ln41 == 4)> <Delay = 0.66> <CoreInst = "RAM">   --->   Core 83 'RAM' <Latency = 1> <II = 1> <Delay = 0.66> <Storage> <Opcode : 'load' 'store'> <Ports = 2> <Width = 8> <Depth = 6> <RAM>
ST_3 : Operation 430 [1/1] (0.00ns)   --->   "%br_ln44 = br void %arrayidx204.i.i_1.exit1540" [./line_buffer.h:44->./line_buffer.h:34->predecoder_kernel.cpp:40]   --->   Operation 430 'br' 'br_ln44' <Predicate = (select_ln39_1 == 1 & select_ln41_1 != 0 & select_ln41_1 != 1 & select_ln41_1 != 2 & select_ln41_1 != 3 & select_ln41_1 != 4 & select_ln41 == 4)> <Delay = 0.00>
ST_3 : Operation 431 [1/1] (0.66ns)   --->   "%store_ln44 = store i8 0, i3 %fb_350_addr" [./line_buffer.h:44->./line_buffer.h:34->predecoder_kernel.cpp:40]   --->   Operation 431 'store' 'store_ln44' <Predicate = (select_ln39_1 == 1 & select_ln41_1 != 0 & select_ln41_1 != 1 & select_ln41_1 != 2 & select_ln41_1 != 3 & select_ln41_1 != 4 & select_ln41 == 3)> <Delay = 0.66> <CoreInst = "RAM">   --->   Core 83 'RAM' <Latency = 1> <II = 1> <Delay = 0.66> <Storage> <Opcode : 'load' 'store'> <Ports = 2> <Width = 8> <Depth = 6> <RAM>
ST_3 : Operation 432 [1/1] (0.00ns)   --->   "%br_ln44 = br void %arrayidx204.i.i_1.exit1540" [./line_buffer.h:44->./line_buffer.h:34->predecoder_kernel.cpp:40]   --->   Operation 432 'br' 'br_ln44' <Predicate = (select_ln39_1 == 1 & select_ln41_1 != 0 & select_ln41_1 != 1 & select_ln41_1 != 2 & select_ln41_1 != 3 & select_ln41_1 != 4 & select_ln41 == 3)> <Delay = 0.00>
ST_3 : Operation 433 [1/1] (0.66ns)   --->   "%store_ln44 = store i8 0, i3 %fb_349_addr" [./line_buffer.h:44->./line_buffer.h:34->predecoder_kernel.cpp:40]   --->   Operation 433 'store' 'store_ln44' <Predicate = (select_ln39_1 == 1 & select_ln41_1 != 0 & select_ln41_1 != 1 & select_ln41_1 != 2 & select_ln41_1 != 3 & select_ln41_1 != 4 & select_ln41 == 2)> <Delay = 0.66> <CoreInst = "RAM">   --->   Core 83 'RAM' <Latency = 1> <II = 1> <Delay = 0.66> <Storage> <Opcode : 'load' 'store'> <Ports = 2> <Width = 8> <Depth = 6> <RAM>
ST_3 : Operation 434 [1/1] (0.00ns)   --->   "%br_ln44 = br void %arrayidx204.i.i_1.exit1540" [./line_buffer.h:44->./line_buffer.h:34->predecoder_kernel.cpp:40]   --->   Operation 434 'br' 'br_ln44' <Predicate = (select_ln39_1 == 1 & select_ln41_1 != 0 & select_ln41_1 != 1 & select_ln41_1 != 2 & select_ln41_1 != 3 & select_ln41_1 != 4 & select_ln41 == 2)> <Delay = 0.00>
ST_3 : Operation 435 [1/1] (0.66ns)   --->   "%store_ln44 = store i8 0, i3 %fb_348_addr" [./line_buffer.h:44->./line_buffer.h:34->predecoder_kernel.cpp:40]   --->   Operation 435 'store' 'store_ln44' <Predicate = (select_ln39_1 == 1 & select_ln41_1 != 0 & select_ln41_1 != 1 & select_ln41_1 != 2 & select_ln41_1 != 3 & select_ln41_1 != 4 & select_ln41 == 1)> <Delay = 0.66> <CoreInst = "RAM">   --->   Core 83 'RAM' <Latency = 1> <II = 1> <Delay = 0.66> <Storage> <Opcode : 'load' 'store'> <Ports = 2> <Width = 8> <Depth = 6> <RAM>
ST_3 : Operation 436 [1/1] (0.00ns)   --->   "%br_ln44 = br void %arrayidx204.i.i_1.exit1540" [./line_buffer.h:44->./line_buffer.h:34->predecoder_kernel.cpp:40]   --->   Operation 436 'br' 'br_ln44' <Predicate = (select_ln39_1 == 1 & select_ln41_1 != 0 & select_ln41_1 != 1 & select_ln41_1 != 2 & select_ln41_1 != 3 & select_ln41_1 != 4 & select_ln41 == 1)> <Delay = 0.00>
ST_3 : Operation 437 [1/1] (0.66ns)   --->   "%store_ln44 = store i8 0, i3 %fb_347_addr" [./line_buffer.h:44->./line_buffer.h:34->predecoder_kernel.cpp:40]   --->   Operation 437 'store' 'store_ln44' <Predicate = (select_ln39_1 == 1 & select_ln41_1 != 0 & select_ln41_1 != 1 & select_ln41_1 != 2 & select_ln41_1 != 3 & select_ln41_1 != 4 & select_ln41 == 0)> <Delay = 0.66> <CoreInst = "RAM">   --->   Core 83 'RAM' <Latency = 1> <II = 1> <Delay = 0.66> <Storage> <Opcode : 'load' 'store'> <Ports = 2> <Width = 8> <Depth = 6> <RAM>
ST_3 : Operation 438 [1/1] (0.00ns)   --->   "%br_ln44 = br void %arrayidx204.i.i_1.exit1540" [./line_buffer.h:44->./line_buffer.h:34->predecoder_kernel.cpp:40]   --->   Operation 438 'br' 'br_ln44' <Predicate = (select_ln39_1 == 1 & select_ln41_1 != 0 & select_ln41_1 != 1 & select_ln41_1 != 2 & select_ln41_1 != 3 & select_ln41_1 != 4 & select_ln41 == 0)> <Delay = 0.00>
ST_3 : Operation 439 [1/1] (0.66ns)   --->   "%store_ln44 = store i8 0, i3 %fb_358_addr" [./line_buffer.h:44->./line_buffer.h:34->predecoder_kernel.cpp:40]   --->   Operation 439 'store' 'store_ln44' <Predicate = (select_ln39_1 == 1 & select_ln41_1 != 0 & select_ln41_1 != 1 & select_ln41_1 != 2 & select_ln41_1 != 3 & select_ln41_1 != 4 & select_ln41 != 0 & select_ln41 != 1 & select_ln41 != 2 & select_ln41 != 3 & select_ln41 != 4 & select_ln41 != 5 & select_ln41 != 6 & select_ln41 != 7 & select_ln41 != 8 & select_ln41 != 9 & select_ln41 != 10)> <Delay = 0.66> <CoreInst = "RAM">   --->   Core 83 'RAM' <Latency = 1> <II = 1> <Delay = 0.66> <Storage> <Opcode : 'load' 'store'> <Ports = 2> <Width = 8> <Depth = 6> <RAM>
ST_3 : Operation 440 [1/1] (0.00ns)   --->   "%br_ln44 = br void %arrayidx204.i.i_1.exit1540" [./line_buffer.h:44->./line_buffer.h:34->predecoder_kernel.cpp:40]   --->   Operation 440 'br' 'br_ln44' <Predicate = (select_ln39_1 == 1 & select_ln41_1 != 0 & select_ln41_1 != 1 & select_ln41_1 != 2 & select_ln41_1 != 3 & select_ln41_1 != 4 & select_ln41 != 0 & select_ln41 != 1 & select_ln41 != 2 & select_ln41 != 3 & select_ln41 != 4 & select_ln41 != 5 & select_ln41 != 6 & select_ln41 != 7 & select_ln41 != 8 & select_ln41 != 9 & select_ln41 != 10)> <Delay = 0.00>
ST_3 : Operation 441 [1/1] (0.00ns)   --->   "%br_ln44 = br void %arrayidx204.i.i_1.exit" [./line_buffer.h:44->./line_buffer.h:34->predecoder_kernel.cpp:40]   --->   Operation 441 'br' 'br_ln44' <Predicate = (select_ln39_1 == 1 & select_ln41_1 != 0 & select_ln41_1 != 1 & select_ln41_1 != 2 & select_ln41_1 != 3 & select_ln41_1 != 4)> <Delay = 0.00>
ST_3 : Operation 442 [1/1] (0.67ns)   --->   "%switch_ln44 = switch i3 %select_ln41_1, void %arrayidx204.i.i_0.case.5, i3 0, void %arrayidx204.i.i_0.case.0, i3 1, void %arrayidx204.i.i_0.case.1, i3 2, void %arrayidx204.i.i_0.case.2, i3 3, void %arrayidx204.i.i_0.case.3, i3 4, void %arrayidx204.i.i_0.case.4" [./line_buffer.h:44->./line_buffer.h:34->predecoder_kernel.cpp:40]   --->   Operation 442 'switch' 'switch_ln44' <Predicate = (select_ln39_1 == 0)> <Delay = 0.67>
ST_3 : Operation 443 [1/1] (0.67ns)   --->   "%switch_ln44 = switch i4 %select_ln41, void %arrayidx204.i.i_0.case.111460, i4 0, void %arrayidx204.i.i_0.case.01449, i4 1, void %arrayidx204.i.i_0.case.11450, i4 2, void %arrayidx204.i.i_0.case.21451, i4 3, void %arrayidx204.i.i_0.case.31452, i4 4, void %arrayidx204.i.i_0.case.41453, i4 5, void %arrayidx204.i.i_0.case.51454, i4 6, void %arrayidx204.i.i_0.case.61455, i4 7, void %arrayidx204.i.i_0.case.71456, i4 8, void %arrayidx204.i.i_0.case.81457, i4 9, void %arrayidx204.i.i_0.case.91458, i4 10, void %arrayidx204.i.i_0.case.101459" [./line_buffer.h:44->./line_buffer.h:34->predecoder_kernel.cpp:40]   --->   Operation 443 'switch' 'switch_ln44' <Predicate = (select_ln39_1 == 0 & select_ln41_1 == 4)> <Delay = 0.67>
ST_3 : Operation 444 [1/1] (0.66ns)   --->   "%store_ln44 = store i8 0, i3 %fb_273_addr" [./line_buffer.h:44->./line_buffer.h:34->predecoder_kernel.cpp:40]   --->   Operation 444 'store' 'store_ln44' <Predicate = (select_ln39_1 == 0 & select_ln41_1 == 4 & select_ln41 == 10)> <Delay = 0.66> <CoreInst = "RAM">   --->   Core 83 'RAM' <Latency = 1> <II = 1> <Delay = 0.66> <Storage> <Opcode : 'load' 'store'> <Ports = 2> <Width = 8> <Depth = 6> <RAM>
ST_3 : Operation 445 [1/1] (0.00ns)   --->   "%br_ln44 = br void %arrayidx204.i.i_0.exit1448" [./line_buffer.h:44->./line_buffer.h:34->predecoder_kernel.cpp:40]   --->   Operation 445 'br' 'br_ln44' <Predicate = (select_ln39_1 == 0 & select_ln41_1 == 4 & select_ln41 == 10)> <Delay = 0.00>
ST_3 : Operation 446 [1/1] (0.66ns)   --->   "%store_ln44 = store i8 0, i3 %fb_272_addr" [./line_buffer.h:44->./line_buffer.h:34->predecoder_kernel.cpp:40]   --->   Operation 446 'store' 'store_ln44' <Predicate = (select_ln39_1 == 0 & select_ln41_1 == 4 & select_ln41 == 9)> <Delay = 0.66> <CoreInst = "RAM">   --->   Core 83 'RAM' <Latency = 1> <II = 1> <Delay = 0.66> <Storage> <Opcode : 'load' 'store'> <Ports = 2> <Width = 8> <Depth = 6> <RAM>
ST_3 : Operation 447 [1/1] (0.00ns)   --->   "%br_ln44 = br void %arrayidx204.i.i_0.exit1448" [./line_buffer.h:44->./line_buffer.h:34->predecoder_kernel.cpp:40]   --->   Operation 447 'br' 'br_ln44' <Predicate = (select_ln39_1 == 0 & select_ln41_1 == 4 & select_ln41 == 9)> <Delay = 0.00>
ST_3 : Operation 448 [1/1] (0.66ns)   --->   "%store_ln44 = store i8 0, i3 %fb_271_addr" [./line_buffer.h:44->./line_buffer.h:34->predecoder_kernel.cpp:40]   --->   Operation 448 'store' 'store_ln44' <Predicate = (select_ln39_1 == 0 & select_ln41_1 == 4 & select_ln41 == 8)> <Delay = 0.66> <CoreInst = "RAM">   --->   Core 83 'RAM' <Latency = 1> <II = 1> <Delay = 0.66> <Storage> <Opcode : 'load' 'store'> <Ports = 2> <Width = 8> <Depth = 6> <RAM>
ST_3 : Operation 449 [1/1] (0.00ns)   --->   "%br_ln44 = br void %arrayidx204.i.i_0.exit1448" [./line_buffer.h:44->./line_buffer.h:34->predecoder_kernel.cpp:40]   --->   Operation 449 'br' 'br_ln44' <Predicate = (select_ln39_1 == 0 & select_ln41_1 == 4 & select_ln41 == 8)> <Delay = 0.00>
ST_3 : Operation 450 [1/1] (0.66ns)   --->   "%store_ln44 = store i8 0, i3 %fb_270_addr" [./line_buffer.h:44->./line_buffer.h:34->predecoder_kernel.cpp:40]   --->   Operation 450 'store' 'store_ln44' <Predicate = (select_ln39_1 == 0 & select_ln41_1 == 4 & select_ln41 == 7)> <Delay = 0.66> <CoreInst = "RAM">   --->   Core 83 'RAM' <Latency = 1> <II = 1> <Delay = 0.66> <Storage> <Opcode : 'load' 'store'> <Ports = 2> <Width = 8> <Depth = 6> <RAM>
ST_3 : Operation 451 [1/1] (0.00ns)   --->   "%br_ln44 = br void %arrayidx204.i.i_0.exit1448" [./line_buffer.h:44->./line_buffer.h:34->predecoder_kernel.cpp:40]   --->   Operation 451 'br' 'br_ln44' <Predicate = (select_ln39_1 == 0 & select_ln41_1 == 4 & select_ln41 == 7)> <Delay = 0.00>
ST_3 : Operation 452 [1/1] (0.66ns)   --->   "%store_ln44 = store i8 0, i3 %fb_269_addr" [./line_buffer.h:44->./line_buffer.h:34->predecoder_kernel.cpp:40]   --->   Operation 452 'store' 'store_ln44' <Predicate = (select_ln39_1 == 0 & select_ln41_1 == 4 & select_ln41 == 6)> <Delay = 0.66> <CoreInst = "RAM">   --->   Core 83 'RAM' <Latency = 1> <II = 1> <Delay = 0.66> <Storage> <Opcode : 'load' 'store'> <Ports = 2> <Width = 8> <Depth = 6> <RAM>
ST_3 : Operation 453 [1/1] (0.00ns)   --->   "%br_ln44 = br void %arrayidx204.i.i_0.exit1448" [./line_buffer.h:44->./line_buffer.h:34->predecoder_kernel.cpp:40]   --->   Operation 453 'br' 'br_ln44' <Predicate = (select_ln39_1 == 0 & select_ln41_1 == 4 & select_ln41 == 6)> <Delay = 0.00>
ST_3 : Operation 454 [1/1] (0.66ns)   --->   "%store_ln44 = store i8 0, i3 %fb_268_addr" [./line_buffer.h:44->./line_buffer.h:34->predecoder_kernel.cpp:40]   --->   Operation 454 'store' 'store_ln44' <Predicate = (select_ln39_1 == 0 & select_ln41_1 == 4 & select_ln41 == 5)> <Delay = 0.66> <CoreInst = "RAM">   --->   Core 83 'RAM' <Latency = 1> <II = 1> <Delay = 0.66> <Storage> <Opcode : 'load' 'store'> <Ports = 2> <Width = 8> <Depth = 6> <RAM>
ST_3 : Operation 455 [1/1] (0.00ns)   --->   "%br_ln44 = br void %arrayidx204.i.i_0.exit1448" [./line_buffer.h:44->./line_buffer.h:34->predecoder_kernel.cpp:40]   --->   Operation 455 'br' 'br_ln44' <Predicate = (select_ln39_1 == 0 & select_ln41_1 == 4 & select_ln41 == 5)> <Delay = 0.00>
ST_3 : Operation 456 [1/1] (0.66ns)   --->   "%store_ln44 = store i8 0, i3 %fb_267_addr" [./line_buffer.h:44->./line_buffer.h:34->predecoder_kernel.cpp:40]   --->   Operation 456 'store' 'store_ln44' <Predicate = (select_ln39_1 == 0 & select_ln41_1 == 4 & select_ln41 == 4)> <Delay = 0.66> <CoreInst = "RAM">   --->   Core 83 'RAM' <Latency = 1> <II = 1> <Delay = 0.66> <Storage> <Opcode : 'load' 'store'> <Ports = 2> <Width = 8> <Depth = 6> <RAM>
ST_3 : Operation 457 [1/1] (0.00ns)   --->   "%br_ln44 = br void %arrayidx204.i.i_0.exit1448" [./line_buffer.h:44->./line_buffer.h:34->predecoder_kernel.cpp:40]   --->   Operation 457 'br' 'br_ln44' <Predicate = (select_ln39_1 == 0 & select_ln41_1 == 4 & select_ln41 == 4)> <Delay = 0.00>
ST_3 : Operation 458 [1/1] (0.66ns)   --->   "%store_ln44 = store i8 0, i3 %fb_266_addr" [./line_buffer.h:44->./line_buffer.h:34->predecoder_kernel.cpp:40]   --->   Operation 458 'store' 'store_ln44' <Predicate = (select_ln39_1 == 0 & select_ln41_1 == 4 & select_ln41 == 3)> <Delay = 0.66> <CoreInst = "RAM">   --->   Core 83 'RAM' <Latency = 1> <II = 1> <Delay = 0.66> <Storage> <Opcode : 'load' 'store'> <Ports = 2> <Width = 8> <Depth = 6> <RAM>
ST_3 : Operation 459 [1/1] (0.00ns)   --->   "%br_ln44 = br void %arrayidx204.i.i_0.exit1448" [./line_buffer.h:44->./line_buffer.h:34->predecoder_kernel.cpp:40]   --->   Operation 459 'br' 'br_ln44' <Predicate = (select_ln39_1 == 0 & select_ln41_1 == 4 & select_ln41 == 3)> <Delay = 0.00>
ST_3 : Operation 460 [1/1] (0.66ns)   --->   "%store_ln44 = store i8 0, i3 %fb_265_addr" [./line_buffer.h:44->./line_buffer.h:34->predecoder_kernel.cpp:40]   --->   Operation 460 'store' 'store_ln44' <Predicate = (select_ln39_1 == 0 & select_ln41_1 == 4 & select_ln41 == 2)> <Delay = 0.66> <CoreInst = "RAM">   --->   Core 83 'RAM' <Latency = 1> <II = 1> <Delay = 0.66> <Storage> <Opcode : 'load' 'store'> <Ports = 2> <Width = 8> <Depth = 6> <RAM>
ST_3 : Operation 461 [1/1] (0.00ns)   --->   "%br_ln44 = br void %arrayidx204.i.i_0.exit1448" [./line_buffer.h:44->./line_buffer.h:34->predecoder_kernel.cpp:40]   --->   Operation 461 'br' 'br_ln44' <Predicate = (select_ln39_1 == 0 & select_ln41_1 == 4 & select_ln41 == 2)> <Delay = 0.00>
ST_3 : Operation 462 [1/1] (0.66ns)   --->   "%store_ln44 = store i8 0, i3 %fb_264_addr" [./line_buffer.h:44->./line_buffer.h:34->predecoder_kernel.cpp:40]   --->   Operation 462 'store' 'store_ln44' <Predicate = (select_ln39_1 == 0 & select_ln41_1 == 4 & select_ln41 == 1)> <Delay = 0.66> <CoreInst = "RAM">   --->   Core 83 'RAM' <Latency = 1> <II = 1> <Delay = 0.66> <Storage> <Opcode : 'load' 'store'> <Ports = 2> <Width = 8> <Depth = 6> <RAM>
ST_3 : Operation 463 [1/1] (0.00ns)   --->   "%br_ln44 = br void %arrayidx204.i.i_0.exit1448" [./line_buffer.h:44->./line_buffer.h:34->predecoder_kernel.cpp:40]   --->   Operation 463 'br' 'br_ln44' <Predicate = (select_ln39_1 == 0 & select_ln41_1 == 4 & select_ln41 == 1)> <Delay = 0.00>
ST_3 : Operation 464 [1/1] (0.66ns)   --->   "%store_ln44 = store i8 0, i3 %fb_263_addr" [./line_buffer.h:44->./line_buffer.h:34->predecoder_kernel.cpp:40]   --->   Operation 464 'store' 'store_ln44' <Predicate = (select_ln39_1 == 0 & select_ln41_1 == 4 & select_ln41 == 0)> <Delay = 0.66> <CoreInst = "RAM">   --->   Core 83 'RAM' <Latency = 1> <II = 1> <Delay = 0.66> <Storage> <Opcode : 'load' 'store'> <Ports = 2> <Width = 8> <Depth = 6> <RAM>
ST_3 : Operation 465 [1/1] (0.00ns)   --->   "%br_ln44 = br void %arrayidx204.i.i_0.exit1448" [./line_buffer.h:44->./line_buffer.h:34->predecoder_kernel.cpp:40]   --->   Operation 465 'br' 'br_ln44' <Predicate = (select_ln39_1 == 0 & select_ln41_1 == 4 & select_ln41 == 0)> <Delay = 0.00>
ST_3 : Operation 466 [1/1] (0.66ns)   --->   "%store_ln44 = store i8 0, i3 %fb_274_addr" [./line_buffer.h:44->./line_buffer.h:34->predecoder_kernel.cpp:40]   --->   Operation 466 'store' 'store_ln44' <Predicate = (select_ln39_1 == 0 & select_ln41_1 == 4 & select_ln41 != 0 & select_ln41 != 1 & select_ln41 != 2 & select_ln41 != 3 & select_ln41 != 4 & select_ln41 != 5 & select_ln41 != 6 & select_ln41 != 7 & select_ln41 != 8 & select_ln41 != 9 & select_ln41 != 10)> <Delay = 0.66> <CoreInst = "RAM">   --->   Core 83 'RAM' <Latency = 1> <II = 1> <Delay = 0.66> <Storage> <Opcode : 'load' 'store'> <Ports = 2> <Width = 8> <Depth = 6> <RAM>
ST_3 : Operation 467 [1/1] (0.00ns)   --->   "%br_ln44 = br void %arrayidx204.i.i_0.exit1448" [./line_buffer.h:44->./line_buffer.h:34->predecoder_kernel.cpp:40]   --->   Operation 467 'br' 'br_ln44' <Predicate = (select_ln39_1 == 0 & select_ln41_1 == 4 & select_ln41 != 0 & select_ln41 != 1 & select_ln41 != 2 & select_ln41 != 3 & select_ln41 != 4 & select_ln41 != 5 & select_ln41 != 6 & select_ln41 != 7 & select_ln41 != 8 & select_ln41 != 9 & select_ln41 != 10)> <Delay = 0.00>
ST_3 : Operation 468 [1/1] (0.00ns)   --->   "%br_ln44 = br void %arrayidx204.i.i_0.exit" [./line_buffer.h:44->./line_buffer.h:34->predecoder_kernel.cpp:40]   --->   Operation 468 'br' 'br_ln44' <Predicate = (select_ln39_1 == 0 & select_ln41_1 == 4)> <Delay = 0.00>
ST_3 : Operation 469 [1/1] (0.67ns)   --->   "%switch_ln44 = switch i4 %select_ln41, void %arrayidx204.i.i_0.case.111446, i4 0, void %arrayidx204.i.i_0.case.01435, i4 1, void %arrayidx204.i.i_0.case.11436, i4 2, void %arrayidx204.i.i_0.case.21437, i4 3, void %arrayidx204.i.i_0.case.31438, i4 4, void %arrayidx204.i.i_0.case.41439, i4 5, void %arrayidx204.i.i_0.case.51440, i4 6, void %arrayidx204.i.i_0.case.61441, i4 7, void %arrayidx204.i.i_0.case.71442, i4 8, void %arrayidx204.i.i_0.case.81443, i4 9, void %arrayidx204.i.i_0.case.91444, i4 10, void %arrayidx204.i.i_0.case.101445" [./line_buffer.h:44->./line_buffer.h:34->predecoder_kernel.cpp:40]   --->   Operation 469 'switch' 'switch_ln44' <Predicate = (select_ln39_1 == 0 & select_ln41_1 == 3)> <Delay = 0.67>
ST_3 : Operation 470 [1/1] (0.66ns)   --->   "%store_ln44 = store i8 0, i3 %fb_261_addr" [./line_buffer.h:44->./line_buffer.h:34->predecoder_kernel.cpp:40]   --->   Operation 470 'store' 'store_ln44' <Predicate = (select_ln39_1 == 0 & select_ln41_1 == 3 & select_ln41 == 10)> <Delay = 0.66> <CoreInst = "RAM">   --->   Core 83 'RAM' <Latency = 1> <II = 1> <Delay = 0.66> <Storage> <Opcode : 'load' 'store'> <Ports = 2> <Width = 8> <Depth = 6> <RAM>
ST_3 : Operation 471 [1/1] (0.00ns)   --->   "%br_ln44 = br void %arrayidx204.i.i_0.exit1434" [./line_buffer.h:44->./line_buffer.h:34->predecoder_kernel.cpp:40]   --->   Operation 471 'br' 'br_ln44' <Predicate = (select_ln39_1 == 0 & select_ln41_1 == 3 & select_ln41 == 10)> <Delay = 0.00>
ST_3 : Operation 472 [1/1] (0.66ns)   --->   "%store_ln44 = store i8 0, i3 %fb_260_addr" [./line_buffer.h:44->./line_buffer.h:34->predecoder_kernel.cpp:40]   --->   Operation 472 'store' 'store_ln44' <Predicate = (select_ln39_1 == 0 & select_ln41_1 == 3 & select_ln41 == 9)> <Delay = 0.66> <CoreInst = "RAM">   --->   Core 83 'RAM' <Latency = 1> <II = 1> <Delay = 0.66> <Storage> <Opcode : 'load' 'store'> <Ports = 2> <Width = 8> <Depth = 6> <RAM>
ST_3 : Operation 473 [1/1] (0.00ns)   --->   "%br_ln44 = br void %arrayidx204.i.i_0.exit1434" [./line_buffer.h:44->./line_buffer.h:34->predecoder_kernel.cpp:40]   --->   Operation 473 'br' 'br_ln44' <Predicate = (select_ln39_1 == 0 & select_ln41_1 == 3 & select_ln41 == 9)> <Delay = 0.00>
ST_3 : Operation 474 [1/1] (0.66ns)   --->   "%store_ln44 = store i8 0, i3 %fb_259_addr" [./line_buffer.h:44->./line_buffer.h:34->predecoder_kernel.cpp:40]   --->   Operation 474 'store' 'store_ln44' <Predicate = (select_ln39_1 == 0 & select_ln41_1 == 3 & select_ln41 == 8)> <Delay = 0.66> <CoreInst = "RAM">   --->   Core 83 'RAM' <Latency = 1> <II = 1> <Delay = 0.66> <Storage> <Opcode : 'load' 'store'> <Ports = 2> <Width = 8> <Depth = 6> <RAM>
ST_3 : Operation 475 [1/1] (0.00ns)   --->   "%br_ln44 = br void %arrayidx204.i.i_0.exit1434" [./line_buffer.h:44->./line_buffer.h:34->predecoder_kernel.cpp:40]   --->   Operation 475 'br' 'br_ln44' <Predicate = (select_ln39_1 == 0 & select_ln41_1 == 3 & select_ln41 == 8)> <Delay = 0.00>
ST_3 : Operation 476 [1/1] (0.66ns)   --->   "%store_ln44 = store i8 0, i3 %fb_258_addr" [./line_buffer.h:44->./line_buffer.h:34->predecoder_kernel.cpp:40]   --->   Operation 476 'store' 'store_ln44' <Predicate = (select_ln39_1 == 0 & select_ln41_1 == 3 & select_ln41 == 7)> <Delay = 0.66> <CoreInst = "RAM">   --->   Core 83 'RAM' <Latency = 1> <II = 1> <Delay = 0.66> <Storage> <Opcode : 'load' 'store'> <Ports = 2> <Width = 8> <Depth = 6> <RAM>
ST_3 : Operation 477 [1/1] (0.00ns)   --->   "%br_ln44 = br void %arrayidx204.i.i_0.exit1434" [./line_buffer.h:44->./line_buffer.h:34->predecoder_kernel.cpp:40]   --->   Operation 477 'br' 'br_ln44' <Predicate = (select_ln39_1 == 0 & select_ln41_1 == 3 & select_ln41 == 7)> <Delay = 0.00>
ST_3 : Operation 478 [1/1] (0.66ns)   --->   "%store_ln44 = store i8 0, i3 %fb_257_addr" [./line_buffer.h:44->./line_buffer.h:34->predecoder_kernel.cpp:40]   --->   Operation 478 'store' 'store_ln44' <Predicate = (select_ln39_1 == 0 & select_ln41_1 == 3 & select_ln41 == 6)> <Delay = 0.66> <CoreInst = "RAM">   --->   Core 83 'RAM' <Latency = 1> <II = 1> <Delay = 0.66> <Storage> <Opcode : 'load' 'store'> <Ports = 2> <Width = 8> <Depth = 6> <RAM>
ST_3 : Operation 479 [1/1] (0.00ns)   --->   "%br_ln44 = br void %arrayidx204.i.i_0.exit1434" [./line_buffer.h:44->./line_buffer.h:34->predecoder_kernel.cpp:40]   --->   Operation 479 'br' 'br_ln44' <Predicate = (select_ln39_1 == 0 & select_ln41_1 == 3 & select_ln41 == 6)> <Delay = 0.00>
ST_3 : Operation 480 [1/1] (0.66ns)   --->   "%store_ln44 = store i8 0, i3 %fb_256_addr" [./line_buffer.h:44->./line_buffer.h:34->predecoder_kernel.cpp:40]   --->   Operation 480 'store' 'store_ln44' <Predicate = (select_ln39_1 == 0 & select_ln41_1 == 3 & select_ln41 == 5)> <Delay = 0.66> <CoreInst = "RAM">   --->   Core 83 'RAM' <Latency = 1> <II = 1> <Delay = 0.66> <Storage> <Opcode : 'load' 'store'> <Ports = 2> <Width = 8> <Depth = 6> <RAM>
ST_3 : Operation 481 [1/1] (0.00ns)   --->   "%br_ln44 = br void %arrayidx204.i.i_0.exit1434" [./line_buffer.h:44->./line_buffer.h:34->predecoder_kernel.cpp:40]   --->   Operation 481 'br' 'br_ln44' <Predicate = (select_ln39_1 == 0 & select_ln41_1 == 3 & select_ln41 == 5)> <Delay = 0.00>
ST_3 : Operation 482 [1/1] (0.66ns)   --->   "%store_ln44 = store i8 0, i3 %fb_255_addr" [./line_buffer.h:44->./line_buffer.h:34->predecoder_kernel.cpp:40]   --->   Operation 482 'store' 'store_ln44' <Predicate = (select_ln39_1 == 0 & select_ln41_1 == 3 & select_ln41 == 4)> <Delay = 0.66> <CoreInst = "RAM">   --->   Core 83 'RAM' <Latency = 1> <II = 1> <Delay = 0.66> <Storage> <Opcode : 'load' 'store'> <Ports = 2> <Width = 8> <Depth = 6> <RAM>
ST_3 : Operation 483 [1/1] (0.00ns)   --->   "%br_ln44 = br void %arrayidx204.i.i_0.exit1434" [./line_buffer.h:44->./line_buffer.h:34->predecoder_kernel.cpp:40]   --->   Operation 483 'br' 'br_ln44' <Predicate = (select_ln39_1 == 0 & select_ln41_1 == 3 & select_ln41 == 4)> <Delay = 0.00>
ST_3 : Operation 484 [1/1] (0.66ns)   --->   "%store_ln44 = store i8 0, i3 %fb_254_addr" [./line_buffer.h:44->./line_buffer.h:34->predecoder_kernel.cpp:40]   --->   Operation 484 'store' 'store_ln44' <Predicate = (select_ln39_1 == 0 & select_ln41_1 == 3 & select_ln41 == 3)> <Delay = 0.66> <CoreInst = "RAM">   --->   Core 83 'RAM' <Latency = 1> <II = 1> <Delay = 0.66> <Storage> <Opcode : 'load' 'store'> <Ports = 2> <Width = 8> <Depth = 6> <RAM>
ST_3 : Operation 485 [1/1] (0.00ns)   --->   "%br_ln44 = br void %arrayidx204.i.i_0.exit1434" [./line_buffer.h:44->./line_buffer.h:34->predecoder_kernel.cpp:40]   --->   Operation 485 'br' 'br_ln44' <Predicate = (select_ln39_1 == 0 & select_ln41_1 == 3 & select_ln41 == 3)> <Delay = 0.00>
ST_3 : Operation 486 [1/1] (0.66ns)   --->   "%store_ln44 = store i8 0, i3 %fb_253_addr" [./line_buffer.h:44->./line_buffer.h:34->predecoder_kernel.cpp:40]   --->   Operation 486 'store' 'store_ln44' <Predicate = (select_ln39_1 == 0 & select_ln41_1 == 3 & select_ln41 == 2)> <Delay = 0.66> <CoreInst = "RAM">   --->   Core 83 'RAM' <Latency = 1> <II = 1> <Delay = 0.66> <Storage> <Opcode : 'load' 'store'> <Ports = 2> <Width = 8> <Depth = 6> <RAM>
ST_3 : Operation 487 [1/1] (0.00ns)   --->   "%br_ln44 = br void %arrayidx204.i.i_0.exit1434" [./line_buffer.h:44->./line_buffer.h:34->predecoder_kernel.cpp:40]   --->   Operation 487 'br' 'br_ln44' <Predicate = (select_ln39_1 == 0 & select_ln41_1 == 3 & select_ln41 == 2)> <Delay = 0.00>
ST_3 : Operation 488 [1/1] (0.66ns)   --->   "%store_ln44 = store i8 0, i3 %fb_252_addr" [./line_buffer.h:44->./line_buffer.h:34->predecoder_kernel.cpp:40]   --->   Operation 488 'store' 'store_ln44' <Predicate = (select_ln39_1 == 0 & select_ln41_1 == 3 & select_ln41 == 1)> <Delay = 0.66> <CoreInst = "RAM">   --->   Core 83 'RAM' <Latency = 1> <II = 1> <Delay = 0.66> <Storage> <Opcode : 'load' 'store'> <Ports = 2> <Width = 8> <Depth = 6> <RAM>
ST_3 : Operation 489 [1/1] (0.00ns)   --->   "%br_ln44 = br void %arrayidx204.i.i_0.exit1434" [./line_buffer.h:44->./line_buffer.h:34->predecoder_kernel.cpp:40]   --->   Operation 489 'br' 'br_ln44' <Predicate = (select_ln39_1 == 0 & select_ln41_1 == 3 & select_ln41 == 1)> <Delay = 0.00>
ST_3 : Operation 490 [1/1] (0.66ns)   --->   "%store_ln44 = store i8 0, i3 %fb_251_addr" [./line_buffer.h:44->./line_buffer.h:34->predecoder_kernel.cpp:40]   --->   Operation 490 'store' 'store_ln44' <Predicate = (select_ln39_1 == 0 & select_ln41_1 == 3 & select_ln41 == 0)> <Delay = 0.66> <CoreInst = "RAM">   --->   Core 83 'RAM' <Latency = 1> <II = 1> <Delay = 0.66> <Storage> <Opcode : 'load' 'store'> <Ports = 2> <Width = 8> <Depth = 6> <RAM>
ST_3 : Operation 491 [1/1] (0.00ns)   --->   "%br_ln44 = br void %arrayidx204.i.i_0.exit1434" [./line_buffer.h:44->./line_buffer.h:34->predecoder_kernel.cpp:40]   --->   Operation 491 'br' 'br_ln44' <Predicate = (select_ln39_1 == 0 & select_ln41_1 == 3 & select_ln41 == 0)> <Delay = 0.00>
ST_3 : Operation 492 [1/1] (0.66ns)   --->   "%store_ln44 = store i8 0, i3 %fb_262_addr" [./line_buffer.h:44->./line_buffer.h:34->predecoder_kernel.cpp:40]   --->   Operation 492 'store' 'store_ln44' <Predicate = (select_ln39_1 == 0 & select_ln41_1 == 3 & select_ln41 != 0 & select_ln41 != 1 & select_ln41 != 2 & select_ln41 != 3 & select_ln41 != 4 & select_ln41 != 5 & select_ln41 != 6 & select_ln41 != 7 & select_ln41 != 8 & select_ln41 != 9 & select_ln41 != 10)> <Delay = 0.66> <CoreInst = "RAM">   --->   Core 83 'RAM' <Latency = 1> <II = 1> <Delay = 0.66> <Storage> <Opcode : 'load' 'store'> <Ports = 2> <Width = 8> <Depth = 6> <RAM>
ST_3 : Operation 493 [1/1] (0.00ns)   --->   "%br_ln44 = br void %arrayidx204.i.i_0.exit1434" [./line_buffer.h:44->./line_buffer.h:34->predecoder_kernel.cpp:40]   --->   Operation 493 'br' 'br_ln44' <Predicate = (select_ln39_1 == 0 & select_ln41_1 == 3 & select_ln41 != 0 & select_ln41 != 1 & select_ln41 != 2 & select_ln41 != 3 & select_ln41 != 4 & select_ln41 != 5 & select_ln41 != 6 & select_ln41 != 7 & select_ln41 != 8 & select_ln41 != 9 & select_ln41 != 10)> <Delay = 0.00>
ST_3 : Operation 494 [1/1] (0.00ns)   --->   "%br_ln44 = br void %arrayidx204.i.i_0.exit" [./line_buffer.h:44->./line_buffer.h:34->predecoder_kernel.cpp:40]   --->   Operation 494 'br' 'br_ln44' <Predicate = (select_ln39_1 == 0 & select_ln41_1 == 3)> <Delay = 0.00>
ST_3 : Operation 495 [1/1] (0.67ns)   --->   "%switch_ln44 = switch i4 %select_ln41, void %arrayidx204.i.i_0.case.111432, i4 0, void %arrayidx204.i.i_0.case.01421, i4 1, void %arrayidx204.i.i_0.case.11422, i4 2, void %arrayidx204.i.i_0.case.21423, i4 3, void %arrayidx204.i.i_0.case.31424, i4 4, void %arrayidx204.i.i_0.case.41425, i4 5, void %arrayidx204.i.i_0.case.51426, i4 6, void %arrayidx204.i.i_0.case.61427, i4 7, void %arrayidx204.i.i_0.case.71428, i4 8, void %arrayidx204.i.i_0.case.81429, i4 9, void %arrayidx204.i.i_0.case.91430, i4 10, void %arrayidx204.i.i_0.case.101431" [./line_buffer.h:44->./line_buffer.h:34->predecoder_kernel.cpp:40]   --->   Operation 495 'switch' 'switch_ln44' <Predicate = (select_ln39_1 == 0 & select_ln41_1 == 2)> <Delay = 0.67>
ST_3 : Operation 496 [1/1] (0.66ns)   --->   "%store_ln44 = store i8 0, i3 %fb_249_addr" [./line_buffer.h:44->./line_buffer.h:34->predecoder_kernel.cpp:40]   --->   Operation 496 'store' 'store_ln44' <Predicate = (select_ln39_1 == 0 & select_ln41_1 == 2 & select_ln41 == 10)> <Delay = 0.66> <CoreInst = "RAM">   --->   Core 83 'RAM' <Latency = 1> <II = 1> <Delay = 0.66> <Storage> <Opcode : 'load' 'store'> <Ports = 2> <Width = 8> <Depth = 6> <RAM>
ST_3 : Operation 497 [1/1] (0.00ns)   --->   "%br_ln44 = br void %arrayidx204.i.i_0.exit1420" [./line_buffer.h:44->./line_buffer.h:34->predecoder_kernel.cpp:40]   --->   Operation 497 'br' 'br_ln44' <Predicate = (select_ln39_1 == 0 & select_ln41_1 == 2 & select_ln41 == 10)> <Delay = 0.00>
ST_3 : Operation 498 [1/1] (0.66ns)   --->   "%store_ln44 = store i8 0, i3 %fb_248_addr" [./line_buffer.h:44->./line_buffer.h:34->predecoder_kernel.cpp:40]   --->   Operation 498 'store' 'store_ln44' <Predicate = (select_ln39_1 == 0 & select_ln41_1 == 2 & select_ln41 == 9)> <Delay = 0.66> <CoreInst = "RAM">   --->   Core 83 'RAM' <Latency = 1> <II = 1> <Delay = 0.66> <Storage> <Opcode : 'load' 'store'> <Ports = 2> <Width = 8> <Depth = 6> <RAM>
ST_3 : Operation 499 [1/1] (0.00ns)   --->   "%br_ln44 = br void %arrayidx204.i.i_0.exit1420" [./line_buffer.h:44->./line_buffer.h:34->predecoder_kernel.cpp:40]   --->   Operation 499 'br' 'br_ln44' <Predicate = (select_ln39_1 == 0 & select_ln41_1 == 2 & select_ln41 == 9)> <Delay = 0.00>
ST_3 : Operation 500 [1/1] (0.66ns)   --->   "%store_ln44 = store i8 0, i3 %fb_247_addr" [./line_buffer.h:44->./line_buffer.h:34->predecoder_kernel.cpp:40]   --->   Operation 500 'store' 'store_ln44' <Predicate = (select_ln39_1 == 0 & select_ln41_1 == 2 & select_ln41 == 8)> <Delay = 0.66> <CoreInst = "RAM">   --->   Core 83 'RAM' <Latency = 1> <II = 1> <Delay = 0.66> <Storage> <Opcode : 'load' 'store'> <Ports = 2> <Width = 8> <Depth = 6> <RAM>
ST_3 : Operation 501 [1/1] (0.00ns)   --->   "%br_ln44 = br void %arrayidx204.i.i_0.exit1420" [./line_buffer.h:44->./line_buffer.h:34->predecoder_kernel.cpp:40]   --->   Operation 501 'br' 'br_ln44' <Predicate = (select_ln39_1 == 0 & select_ln41_1 == 2 & select_ln41 == 8)> <Delay = 0.00>
ST_3 : Operation 502 [1/1] (0.66ns)   --->   "%store_ln44 = store i8 0, i3 %fb_246_addr" [./line_buffer.h:44->./line_buffer.h:34->predecoder_kernel.cpp:40]   --->   Operation 502 'store' 'store_ln44' <Predicate = (select_ln39_1 == 0 & select_ln41_1 == 2 & select_ln41 == 7)> <Delay = 0.66> <CoreInst = "RAM">   --->   Core 83 'RAM' <Latency = 1> <II = 1> <Delay = 0.66> <Storage> <Opcode : 'load' 'store'> <Ports = 2> <Width = 8> <Depth = 6> <RAM>
ST_3 : Operation 503 [1/1] (0.00ns)   --->   "%br_ln44 = br void %arrayidx204.i.i_0.exit1420" [./line_buffer.h:44->./line_buffer.h:34->predecoder_kernel.cpp:40]   --->   Operation 503 'br' 'br_ln44' <Predicate = (select_ln39_1 == 0 & select_ln41_1 == 2 & select_ln41 == 7)> <Delay = 0.00>
ST_3 : Operation 504 [1/1] (0.66ns)   --->   "%store_ln44 = store i8 0, i3 %fb_245_addr" [./line_buffer.h:44->./line_buffer.h:34->predecoder_kernel.cpp:40]   --->   Operation 504 'store' 'store_ln44' <Predicate = (select_ln39_1 == 0 & select_ln41_1 == 2 & select_ln41 == 6)> <Delay = 0.66> <CoreInst = "RAM">   --->   Core 83 'RAM' <Latency = 1> <II = 1> <Delay = 0.66> <Storage> <Opcode : 'load' 'store'> <Ports = 2> <Width = 8> <Depth = 6> <RAM>
ST_3 : Operation 505 [1/1] (0.00ns)   --->   "%br_ln44 = br void %arrayidx204.i.i_0.exit1420" [./line_buffer.h:44->./line_buffer.h:34->predecoder_kernel.cpp:40]   --->   Operation 505 'br' 'br_ln44' <Predicate = (select_ln39_1 == 0 & select_ln41_1 == 2 & select_ln41 == 6)> <Delay = 0.00>
ST_3 : Operation 506 [1/1] (0.66ns)   --->   "%store_ln44 = store i8 0, i3 %fb_244_addr" [./line_buffer.h:44->./line_buffer.h:34->predecoder_kernel.cpp:40]   --->   Operation 506 'store' 'store_ln44' <Predicate = (select_ln39_1 == 0 & select_ln41_1 == 2 & select_ln41 == 5)> <Delay = 0.66> <CoreInst = "RAM">   --->   Core 83 'RAM' <Latency = 1> <II = 1> <Delay = 0.66> <Storage> <Opcode : 'load' 'store'> <Ports = 2> <Width = 8> <Depth = 6> <RAM>
ST_3 : Operation 507 [1/1] (0.00ns)   --->   "%br_ln44 = br void %arrayidx204.i.i_0.exit1420" [./line_buffer.h:44->./line_buffer.h:34->predecoder_kernel.cpp:40]   --->   Operation 507 'br' 'br_ln44' <Predicate = (select_ln39_1 == 0 & select_ln41_1 == 2 & select_ln41 == 5)> <Delay = 0.00>
ST_3 : Operation 508 [1/1] (0.66ns)   --->   "%store_ln44 = store i8 0, i3 %fb_243_addr" [./line_buffer.h:44->./line_buffer.h:34->predecoder_kernel.cpp:40]   --->   Operation 508 'store' 'store_ln44' <Predicate = (select_ln39_1 == 0 & select_ln41_1 == 2 & select_ln41 == 4)> <Delay = 0.66> <CoreInst = "RAM">   --->   Core 83 'RAM' <Latency = 1> <II = 1> <Delay = 0.66> <Storage> <Opcode : 'load' 'store'> <Ports = 2> <Width = 8> <Depth = 6> <RAM>
ST_3 : Operation 509 [1/1] (0.00ns)   --->   "%br_ln44 = br void %arrayidx204.i.i_0.exit1420" [./line_buffer.h:44->./line_buffer.h:34->predecoder_kernel.cpp:40]   --->   Operation 509 'br' 'br_ln44' <Predicate = (select_ln39_1 == 0 & select_ln41_1 == 2 & select_ln41 == 4)> <Delay = 0.00>
ST_3 : Operation 510 [1/1] (0.66ns)   --->   "%store_ln44 = store i8 0, i3 %fb_242_addr" [./line_buffer.h:44->./line_buffer.h:34->predecoder_kernel.cpp:40]   --->   Operation 510 'store' 'store_ln44' <Predicate = (select_ln39_1 == 0 & select_ln41_1 == 2 & select_ln41 == 3)> <Delay = 0.66> <CoreInst = "RAM">   --->   Core 83 'RAM' <Latency = 1> <II = 1> <Delay = 0.66> <Storage> <Opcode : 'load' 'store'> <Ports = 2> <Width = 8> <Depth = 6> <RAM>
ST_3 : Operation 511 [1/1] (0.00ns)   --->   "%br_ln44 = br void %arrayidx204.i.i_0.exit1420" [./line_buffer.h:44->./line_buffer.h:34->predecoder_kernel.cpp:40]   --->   Operation 511 'br' 'br_ln44' <Predicate = (select_ln39_1 == 0 & select_ln41_1 == 2 & select_ln41 == 3)> <Delay = 0.00>
ST_3 : Operation 512 [1/1] (0.66ns)   --->   "%store_ln44 = store i8 0, i3 %fb_241_addr" [./line_buffer.h:44->./line_buffer.h:34->predecoder_kernel.cpp:40]   --->   Operation 512 'store' 'store_ln44' <Predicate = (select_ln39_1 == 0 & select_ln41_1 == 2 & select_ln41 == 2)> <Delay = 0.66> <CoreInst = "RAM">   --->   Core 83 'RAM' <Latency = 1> <II = 1> <Delay = 0.66> <Storage> <Opcode : 'load' 'store'> <Ports = 2> <Width = 8> <Depth = 6> <RAM>
ST_3 : Operation 513 [1/1] (0.00ns)   --->   "%br_ln44 = br void %arrayidx204.i.i_0.exit1420" [./line_buffer.h:44->./line_buffer.h:34->predecoder_kernel.cpp:40]   --->   Operation 513 'br' 'br_ln44' <Predicate = (select_ln39_1 == 0 & select_ln41_1 == 2 & select_ln41 == 2)> <Delay = 0.00>
ST_3 : Operation 514 [1/1] (0.66ns)   --->   "%store_ln44 = store i8 0, i3 %fb_240_addr" [./line_buffer.h:44->./line_buffer.h:34->predecoder_kernel.cpp:40]   --->   Operation 514 'store' 'store_ln44' <Predicate = (select_ln39_1 == 0 & select_ln41_1 == 2 & select_ln41 == 1)> <Delay = 0.66> <CoreInst = "RAM">   --->   Core 83 'RAM' <Latency = 1> <II = 1> <Delay = 0.66> <Storage> <Opcode : 'load' 'store'> <Ports = 2> <Width = 8> <Depth = 6> <RAM>
ST_3 : Operation 515 [1/1] (0.00ns)   --->   "%br_ln44 = br void %arrayidx204.i.i_0.exit1420" [./line_buffer.h:44->./line_buffer.h:34->predecoder_kernel.cpp:40]   --->   Operation 515 'br' 'br_ln44' <Predicate = (select_ln39_1 == 0 & select_ln41_1 == 2 & select_ln41 == 1)> <Delay = 0.00>
ST_3 : Operation 516 [1/1] (0.66ns)   --->   "%store_ln44 = store i8 0, i3 %fb_239_addr" [./line_buffer.h:44->./line_buffer.h:34->predecoder_kernel.cpp:40]   --->   Operation 516 'store' 'store_ln44' <Predicate = (select_ln39_1 == 0 & select_ln41_1 == 2 & select_ln41 == 0)> <Delay = 0.66> <CoreInst = "RAM">   --->   Core 83 'RAM' <Latency = 1> <II = 1> <Delay = 0.66> <Storage> <Opcode : 'load' 'store'> <Ports = 2> <Width = 8> <Depth = 6> <RAM>
ST_3 : Operation 517 [1/1] (0.00ns)   --->   "%br_ln44 = br void %arrayidx204.i.i_0.exit1420" [./line_buffer.h:44->./line_buffer.h:34->predecoder_kernel.cpp:40]   --->   Operation 517 'br' 'br_ln44' <Predicate = (select_ln39_1 == 0 & select_ln41_1 == 2 & select_ln41 == 0)> <Delay = 0.00>
ST_3 : Operation 518 [1/1] (0.66ns)   --->   "%store_ln44 = store i8 0, i3 %fb_250_addr" [./line_buffer.h:44->./line_buffer.h:34->predecoder_kernel.cpp:40]   --->   Operation 518 'store' 'store_ln44' <Predicate = (select_ln39_1 == 0 & select_ln41_1 == 2 & select_ln41 != 0 & select_ln41 != 1 & select_ln41 != 2 & select_ln41 != 3 & select_ln41 != 4 & select_ln41 != 5 & select_ln41 != 6 & select_ln41 != 7 & select_ln41 != 8 & select_ln41 != 9 & select_ln41 != 10)> <Delay = 0.66> <CoreInst = "RAM">   --->   Core 83 'RAM' <Latency = 1> <II = 1> <Delay = 0.66> <Storage> <Opcode : 'load' 'store'> <Ports = 2> <Width = 8> <Depth = 6> <RAM>
ST_3 : Operation 519 [1/1] (0.00ns)   --->   "%br_ln44 = br void %arrayidx204.i.i_0.exit1420" [./line_buffer.h:44->./line_buffer.h:34->predecoder_kernel.cpp:40]   --->   Operation 519 'br' 'br_ln44' <Predicate = (select_ln39_1 == 0 & select_ln41_1 == 2 & select_ln41 != 0 & select_ln41 != 1 & select_ln41 != 2 & select_ln41 != 3 & select_ln41 != 4 & select_ln41 != 5 & select_ln41 != 6 & select_ln41 != 7 & select_ln41 != 8 & select_ln41 != 9 & select_ln41 != 10)> <Delay = 0.00>
ST_3 : Operation 520 [1/1] (0.00ns)   --->   "%br_ln44 = br void %arrayidx204.i.i_0.exit" [./line_buffer.h:44->./line_buffer.h:34->predecoder_kernel.cpp:40]   --->   Operation 520 'br' 'br_ln44' <Predicate = (select_ln39_1 == 0 & select_ln41_1 == 2)> <Delay = 0.00>
ST_3 : Operation 521 [1/1] (0.67ns)   --->   "%switch_ln44 = switch i4 %select_ln41, void %arrayidx204.i.i_0.case.111418, i4 0, void %arrayidx204.i.i_0.case.01407, i4 1, void %arrayidx204.i.i_0.case.11408, i4 2, void %arrayidx204.i.i_0.case.21409, i4 3, void %arrayidx204.i.i_0.case.31410, i4 4, void %arrayidx204.i.i_0.case.41411, i4 5, void %arrayidx204.i.i_0.case.51412, i4 6, void %arrayidx204.i.i_0.case.61413, i4 7, void %arrayidx204.i.i_0.case.71414, i4 8, void %arrayidx204.i.i_0.case.81415, i4 9, void %arrayidx204.i.i_0.case.91416, i4 10, void %arrayidx204.i.i_0.case.101417" [./line_buffer.h:44->./line_buffer.h:34->predecoder_kernel.cpp:40]   --->   Operation 521 'switch' 'switch_ln44' <Predicate = (select_ln39_1 == 0 & select_ln41_1 == 1)> <Delay = 0.67>
ST_3 : Operation 522 [1/1] (0.66ns)   --->   "%store_ln44 = store i8 0, i3 %fb_237_addr" [./line_buffer.h:44->./line_buffer.h:34->predecoder_kernel.cpp:40]   --->   Operation 522 'store' 'store_ln44' <Predicate = (select_ln39_1 == 0 & select_ln41_1 == 1 & select_ln41 == 10)> <Delay = 0.66> <CoreInst = "RAM">   --->   Core 83 'RAM' <Latency = 1> <II = 1> <Delay = 0.66> <Storage> <Opcode : 'load' 'store'> <Ports = 2> <Width = 8> <Depth = 6> <RAM>
ST_3 : Operation 523 [1/1] (0.00ns)   --->   "%br_ln44 = br void %arrayidx204.i.i_0.exit1406" [./line_buffer.h:44->./line_buffer.h:34->predecoder_kernel.cpp:40]   --->   Operation 523 'br' 'br_ln44' <Predicate = (select_ln39_1 == 0 & select_ln41_1 == 1 & select_ln41 == 10)> <Delay = 0.00>
ST_3 : Operation 524 [1/1] (0.66ns)   --->   "%store_ln44 = store i8 0, i3 %fb_236_addr" [./line_buffer.h:44->./line_buffer.h:34->predecoder_kernel.cpp:40]   --->   Operation 524 'store' 'store_ln44' <Predicate = (select_ln39_1 == 0 & select_ln41_1 == 1 & select_ln41 == 9)> <Delay = 0.66> <CoreInst = "RAM">   --->   Core 83 'RAM' <Latency = 1> <II = 1> <Delay = 0.66> <Storage> <Opcode : 'load' 'store'> <Ports = 2> <Width = 8> <Depth = 6> <RAM>
ST_3 : Operation 525 [1/1] (0.00ns)   --->   "%br_ln44 = br void %arrayidx204.i.i_0.exit1406" [./line_buffer.h:44->./line_buffer.h:34->predecoder_kernel.cpp:40]   --->   Operation 525 'br' 'br_ln44' <Predicate = (select_ln39_1 == 0 & select_ln41_1 == 1 & select_ln41 == 9)> <Delay = 0.00>
ST_3 : Operation 526 [1/1] (0.66ns)   --->   "%store_ln44 = store i8 0, i3 %fb_235_addr" [./line_buffer.h:44->./line_buffer.h:34->predecoder_kernel.cpp:40]   --->   Operation 526 'store' 'store_ln44' <Predicate = (select_ln39_1 == 0 & select_ln41_1 == 1 & select_ln41 == 8)> <Delay = 0.66> <CoreInst = "RAM">   --->   Core 83 'RAM' <Latency = 1> <II = 1> <Delay = 0.66> <Storage> <Opcode : 'load' 'store'> <Ports = 2> <Width = 8> <Depth = 6> <RAM>
ST_3 : Operation 527 [1/1] (0.00ns)   --->   "%br_ln44 = br void %arrayidx204.i.i_0.exit1406" [./line_buffer.h:44->./line_buffer.h:34->predecoder_kernel.cpp:40]   --->   Operation 527 'br' 'br_ln44' <Predicate = (select_ln39_1 == 0 & select_ln41_1 == 1 & select_ln41 == 8)> <Delay = 0.00>
ST_3 : Operation 528 [1/1] (0.66ns)   --->   "%store_ln44 = store i8 0, i3 %fb_234_addr" [./line_buffer.h:44->./line_buffer.h:34->predecoder_kernel.cpp:40]   --->   Operation 528 'store' 'store_ln44' <Predicate = (select_ln39_1 == 0 & select_ln41_1 == 1 & select_ln41 == 7)> <Delay = 0.66> <CoreInst = "RAM">   --->   Core 83 'RAM' <Latency = 1> <II = 1> <Delay = 0.66> <Storage> <Opcode : 'load' 'store'> <Ports = 2> <Width = 8> <Depth = 6> <RAM>
ST_3 : Operation 529 [1/1] (0.00ns)   --->   "%br_ln44 = br void %arrayidx204.i.i_0.exit1406" [./line_buffer.h:44->./line_buffer.h:34->predecoder_kernel.cpp:40]   --->   Operation 529 'br' 'br_ln44' <Predicate = (select_ln39_1 == 0 & select_ln41_1 == 1 & select_ln41 == 7)> <Delay = 0.00>
ST_3 : Operation 530 [1/1] (0.66ns)   --->   "%store_ln44 = store i8 0, i3 %fb_233_addr" [./line_buffer.h:44->./line_buffer.h:34->predecoder_kernel.cpp:40]   --->   Operation 530 'store' 'store_ln44' <Predicate = (select_ln39_1 == 0 & select_ln41_1 == 1 & select_ln41 == 6)> <Delay = 0.66> <CoreInst = "RAM">   --->   Core 83 'RAM' <Latency = 1> <II = 1> <Delay = 0.66> <Storage> <Opcode : 'load' 'store'> <Ports = 2> <Width = 8> <Depth = 6> <RAM>
ST_3 : Operation 531 [1/1] (0.00ns)   --->   "%br_ln44 = br void %arrayidx204.i.i_0.exit1406" [./line_buffer.h:44->./line_buffer.h:34->predecoder_kernel.cpp:40]   --->   Operation 531 'br' 'br_ln44' <Predicate = (select_ln39_1 == 0 & select_ln41_1 == 1 & select_ln41 == 6)> <Delay = 0.00>
ST_3 : Operation 532 [1/1] (0.66ns)   --->   "%store_ln44 = store i8 0, i3 %fb_232_addr" [./line_buffer.h:44->./line_buffer.h:34->predecoder_kernel.cpp:40]   --->   Operation 532 'store' 'store_ln44' <Predicate = (select_ln39_1 == 0 & select_ln41_1 == 1 & select_ln41 == 5)> <Delay = 0.66> <CoreInst = "RAM">   --->   Core 83 'RAM' <Latency = 1> <II = 1> <Delay = 0.66> <Storage> <Opcode : 'load' 'store'> <Ports = 2> <Width = 8> <Depth = 6> <RAM>
ST_3 : Operation 533 [1/1] (0.00ns)   --->   "%br_ln44 = br void %arrayidx204.i.i_0.exit1406" [./line_buffer.h:44->./line_buffer.h:34->predecoder_kernel.cpp:40]   --->   Operation 533 'br' 'br_ln44' <Predicate = (select_ln39_1 == 0 & select_ln41_1 == 1 & select_ln41 == 5)> <Delay = 0.00>
ST_3 : Operation 534 [1/1] (0.66ns)   --->   "%store_ln44 = store i8 0, i3 %fb_231_addr" [./line_buffer.h:44->./line_buffer.h:34->predecoder_kernel.cpp:40]   --->   Operation 534 'store' 'store_ln44' <Predicate = (select_ln39_1 == 0 & select_ln41_1 == 1 & select_ln41 == 4)> <Delay = 0.66> <CoreInst = "RAM">   --->   Core 83 'RAM' <Latency = 1> <II = 1> <Delay = 0.66> <Storage> <Opcode : 'load' 'store'> <Ports = 2> <Width = 8> <Depth = 6> <RAM>
ST_3 : Operation 535 [1/1] (0.00ns)   --->   "%br_ln44 = br void %arrayidx204.i.i_0.exit1406" [./line_buffer.h:44->./line_buffer.h:34->predecoder_kernel.cpp:40]   --->   Operation 535 'br' 'br_ln44' <Predicate = (select_ln39_1 == 0 & select_ln41_1 == 1 & select_ln41 == 4)> <Delay = 0.00>
ST_3 : Operation 536 [1/1] (0.66ns)   --->   "%store_ln44 = store i8 0, i3 %fb_230_addr" [./line_buffer.h:44->./line_buffer.h:34->predecoder_kernel.cpp:40]   --->   Operation 536 'store' 'store_ln44' <Predicate = (select_ln39_1 == 0 & select_ln41_1 == 1 & select_ln41 == 3)> <Delay = 0.66> <CoreInst = "RAM">   --->   Core 83 'RAM' <Latency = 1> <II = 1> <Delay = 0.66> <Storage> <Opcode : 'load' 'store'> <Ports = 2> <Width = 8> <Depth = 6> <RAM>
ST_3 : Operation 537 [1/1] (0.00ns)   --->   "%br_ln44 = br void %arrayidx204.i.i_0.exit1406" [./line_buffer.h:44->./line_buffer.h:34->predecoder_kernel.cpp:40]   --->   Operation 537 'br' 'br_ln44' <Predicate = (select_ln39_1 == 0 & select_ln41_1 == 1 & select_ln41 == 3)> <Delay = 0.00>
ST_3 : Operation 538 [1/1] (0.66ns)   --->   "%store_ln44 = store i8 0, i3 %fb_229_addr" [./line_buffer.h:44->./line_buffer.h:34->predecoder_kernel.cpp:40]   --->   Operation 538 'store' 'store_ln44' <Predicate = (select_ln39_1 == 0 & select_ln41_1 == 1 & select_ln41 == 2)> <Delay = 0.66> <CoreInst = "RAM">   --->   Core 83 'RAM' <Latency = 1> <II = 1> <Delay = 0.66> <Storage> <Opcode : 'load' 'store'> <Ports = 2> <Width = 8> <Depth = 6> <RAM>
ST_3 : Operation 539 [1/1] (0.00ns)   --->   "%br_ln44 = br void %arrayidx204.i.i_0.exit1406" [./line_buffer.h:44->./line_buffer.h:34->predecoder_kernel.cpp:40]   --->   Operation 539 'br' 'br_ln44' <Predicate = (select_ln39_1 == 0 & select_ln41_1 == 1 & select_ln41 == 2)> <Delay = 0.00>
ST_3 : Operation 540 [1/1] (0.66ns)   --->   "%store_ln44 = store i8 0, i3 %fb_228_addr" [./line_buffer.h:44->./line_buffer.h:34->predecoder_kernel.cpp:40]   --->   Operation 540 'store' 'store_ln44' <Predicate = (select_ln39_1 == 0 & select_ln41_1 == 1 & select_ln41 == 1)> <Delay = 0.66> <CoreInst = "RAM">   --->   Core 83 'RAM' <Latency = 1> <II = 1> <Delay = 0.66> <Storage> <Opcode : 'load' 'store'> <Ports = 2> <Width = 8> <Depth = 6> <RAM>
ST_3 : Operation 541 [1/1] (0.00ns)   --->   "%br_ln44 = br void %arrayidx204.i.i_0.exit1406" [./line_buffer.h:44->./line_buffer.h:34->predecoder_kernel.cpp:40]   --->   Operation 541 'br' 'br_ln44' <Predicate = (select_ln39_1 == 0 & select_ln41_1 == 1 & select_ln41 == 1)> <Delay = 0.00>
ST_3 : Operation 542 [1/1] (0.66ns)   --->   "%store_ln44 = store i8 0, i3 %fb_227_addr" [./line_buffer.h:44->./line_buffer.h:34->predecoder_kernel.cpp:40]   --->   Operation 542 'store' 'store_ln44' <Predicate = (select_ln39_1 == 0 & select_ln41_1 == 1 & select_ln41 == 0)> <Delay = 0.66> <CoreInst = "RAM">   --->   Core 83 'RAM' <Latency = 1> <II = 1> <Delay = 0.66> <Storage> <Opcode : 'load' 'store'> <Ports = 2> <Width = 8> <Depth = 6> <RAM>
ST_3 : Operation 543 [1/1] (0.00ns)   --->   "%br_ln44 = br void %arrayidx204.i.i_0.exit1406" [./line_buffer.h:44->./line_buffer.h:34->predecoder_kernel.cpp:40]   --->   Operation 543 'br' 'br_ln44' <Predicate = (select_ln39_1 == 0 & select_ln41_1 == 1 & select_ln41 == 0)> <Delay = 0.00>
ST_3 : Operation 544 [1/1] (0.66ns)   --->   "%store_ln44 = store i8 0, i3 %fb_238_addr" [./line_buffer.h:44->./line_buffer.h:34->predecoder_kernel.cpp:40]   --->   Operation 544 'store' 'store_ln44' <Predicate = (select_ln39_1 == 0 & select_ln41_1 == 1 & select_ln41 != 0 & select_ln41 != 1 & select_ln41 != 2 & select_ln41 != 3 & select_ln41 != 4 & select_ln41 != 5 & select_ln41 != 6 & select_ln41 != 7 & select_ln41 != 8 & select_ln41 != 9 & select_ln41 != 10)> <Delay = 0.66> <CoreInst = "RAM">   --->   Core 83 'RAM' <Latency = 1> <II = 1> <Delay = 0.66> <Storage> <Opcode : 'load' 'store'> <Ports = 2> <Width = 8> <Depth = 6> <RAM>
ST_3 : Operation 545 [1/1] (0.00ns)   --->   "%br_ln44 = br void %arrayidx204.i.i_0.exit1406" [./line_buffer.h:44->./line_buffer.h:34->predecoder_kernel.cpp:40]   --->   Operation 545 'br' 'br_ln44' <Predicate = (select_ln39_1 == 0 & select_ln41_1 == 1 & select_ln41 != 0 & select_ln41 != 1 & select_ln41 != 2 & select_ln41 != 3 & select_ln41 != 4 & select_ln41 != 5 & select_ln41 != 6 & select_ln41 != 7 & select_ln41 != 8 & select_ln41 != 9 & select_ln41 != 10)> <Delay = 0.00>
ST_3 : Operation 546 [1/1] (0.00ns)   --->   "%br_ln44 = br void %arrayidx204.i.i_0.exit" [./line_buffer.h:44->./line_buffer.h:34->predecoder_kernel.cpp:40]   --->   Operation 546 'br' 'br_ln44' <Predicate = (select_ln39_1 == 0 & select_ln41_1 == 1)> <Delay = 0.00>
ST_3 : Operation 547 [1/1] (0.67ns)   --->   "%switch_ln44 = switch i4 %select_ln41, void %arrayidx204.i.i_0.case.11, i4 0, void %arrayidx204.i.i_0.case.01399, i4 1, void %arrayidx204.i.i_0.case.11400, i4 2, void %arrayidx204.i.i_0.case.21401, i4 3, void %arrayidx204.i.i_0.case.31402, i4 4, void %arrayidx204.i.i_0.case.41403, i4 5, void %arrayidx204.i.i_0.case.51404, i4 6, void %arrayidx204.i.i_0.case.6, i4 7, void %arrayidx204.i.i_0.case.7, i4 8, void %arrayidx204.i.i_0.case.8, i4 9, void %arrayidx204.i.i_0.case.9, i4 10, void %arrayidx204.i.i_0.case.10" [./line_buffer.h:44->./line_buffer.h:34->predecoder_kernel.cpp:40]   --->   Operation 547 'switch' 'switch_ln44' <Predicate = (select_ln39_1 == 0 & select_ln41_1 == 0)> <Delay = 0.67>
ST_3 : Operation 548 [1/1] (0.66ns)   --->   "%store_ln44 = store i8 0, i3 %fb_225_addr" [./line_buffer.h:44->./line_buffer.h:34->predecoder_kernel.cpp:40]   --->   Operation 548 'store' 'store_ln44' <Predicate = (select_ln39_1 == 0 & select_ln41_1 == 0 & select_ln41 == 10)> <Delay = 0.66> <CoreInst = "RAM">   --->   Core 83 'RAM' <Latency = 1> <II = 1> <Delay = 0.66> <Storage> <Opcode : 'load' 'store'> <Ports = 2> <Width = 8> <Depth = 6> <RAM>
ST_3 : Operation 549 [1/1] (0.00ns)   --->   "%br_ln44 = br void %arrayidx204.i.i_0.exit1398" [./line_buffer.h:44->./line_buffer.h:34->predecoder_kernel.cpp:40]   --->   Operation 549 'br' 'br_ln44' <Predicate = (select_ln39_1 == 0 & select_ln41_1 == 0 & select_ln41 == 10)> <Delay = 0.00>
ST_3 : Operation 550 [1/1] (0.66ns)   --->   "%store_ln44 = store i8 0, i3 %fb_224_addr" [./line_buffer.h:44->./line_buffer.h:34->predecoder_kernel.cpp:40]   --->   Operation 550 'store' 'store_ln44' <Predicate = (select_ln39_1 == 0 & select_ln41_1 == 0 & select_ln41 == 9)> <Delay = 0.66> <CoreInst = "RAM">   --->   Core 83 'RAM' <Latency = 1> <II = 1> <Delay = 0.66> <Storage> <Opcode : 'load' 'store'> <Ports = 2> <Width = 8> <Depth = 6> <RAM>
ST_3 : Operation 551 [1/1] (0.00ns)   --->   "%br_ln44 = br void %arrayidx204.i.i_0.exit1398" [./line_buffer.h:44->./line_buffer.h:34->predecoder_kernel.cpp:40]   --->   Operation 551 'br' 'br_ln44' <Predicate = (select_ln39_1 == 0 & select_ln41_1 == 0 & select_ln41 == 9)> <Delay = 0.00>
ST_3 : Operation 552 [1/1] (0.66ns)   --->   "%store_ln44 = store i8 0, i3 %fb_223_addr" [./line_buffer.h:44->./line_buffer.h:34->predecoder_kernel.cpp:40]   --->   Operation 552 'store' 'store_ln44' <Predicate = (select_ln39_1 == 0 & select_ln41_1 == 0 & select_ln41 == 8)> <Delay = 0.66> <CoreInst = "RAM">   --->   Core 83 'RAM' <Latency = 1> <II = 1> <Delay = 0.66> <Storage> <Opcode : 'load' 'store'> <Ports = 2> <Width = 8> <Depth = 6> <RAM>
ST_3 : Operation 553 [1/1] (0.00ns)   --->   "%br_ln44 = br void %arrayidx204.i.i_0.exit1398" [./line_buffer.h:44->./line_buffer.h:34->predecoder_kernel.cpp:40]   --->   Operation 553 'br' 'br_ln44' <Predicate = (select_ln39_1 == 0 & select_ln41_1 == 0 & select_ln41 == 8)> <Delay = 0.00>
ST_3 : Operation 554 [1/1] (0.66ns)   --->   "%store_ln44 = store i8 0, i3 %fb_222_addr" [./line_buffer.h:44->./line_buffer.h:34->predecoder_kernel.cpp:40]   --->   Operation 554 'store' 'store_ln44' <Predicate = (select_ln39_1 == 0 & select_ln41_1 == 0 & select_ln41 == 7)> <Delay = 0.66> <CoreInst = "RAM">   --->   Core 83 'RAM' <Latency = 1> <II = 1> <Delay = 0.66> <Storage> <Opcode : 'load' 'store'> <Ports = 2> <Width = 8> <Depth = 6> <RAM>
ST_3 : Operation 555 [1/1] (0.00ns)   --->   "%br_ln44 = br void %arrayidx204.i.i_0.exit1398" [./line_buffer.h:44->./line_buffer.h:34->predecoder_kernel.cpp:40]   --->   Operation 555 'br' 'br_ln44' <Predicate = (select_ln39_1 == 0 & select_ln41_1 == 0 & select_ln41 == 7)> <Delay = 0.00>
ST_3 : Operation 556 [1/1] (0.66ns)   --->   "%store_ln44 = store i8 0, i3 %fb_221_addr" [./line_buffer.h:44->./line_buffer.h:34->predecoder_kernel.cpp:40]   --->   Operation 556 'store' 'store_ln44' <Predicate = (select_ln39_1 == 0 & select_ln41_1 == 0 & select_ln41 == 6)> <Delay = 0.66> <CoreInst = "RAM">   --->   Core 83 'RAM' <Latency = 1> <II = 1> <Delay = 0.66> <Storage> <Opcode : 'load' 'store'> <Ports = 2> <Width = 8> <Depth = 6> <RAM>
ST_3 : Operation 557 [1/1] (0.00ns)   --->   "%br_ln44 = br void %arrayidx204.i.i_0.exit1398" [./line_buffer.h:44->./line_buffer.h:34->predecoder_kernel.cpp:40]   --->   Operation 557 'br' 'br_ln44' <Predicate = (select_ln39_1 == 0 & select_ln41_1 == 0 & select_ln41 == 6)> <Delay = 0.00>
ST_3 : Operation 558 [1/1] (0.66ns)   --->   "%store_ln44 = store i8 0, i3 %fb_220_addr" [./line_buffer.h:44->./line_buffer.h:34->predecoder_kernel.cpp:40]   --->   Operation 558 'store' 'store_ln44' <Predicate = (select_ln39_1 == 0 & select_ln41_1 == 0 & select_ln41 == 5)> <Delay = 0.66> <CoreInst = "RAM">   --->   Core 83 'RAM' <Latency = 1> <II = 1> <Delay = 0.66> <Storage> <Opcode : 'load' 'store'> <Ports = 2> <Width = 8> <Depth = 6> <RAM>
ST_3 : Operation 559 [1/1] (0.00ns)   --->   "%br_ln44 = br void %arrayidx204.i.i_0.exit1398" [./line_buffer.h:44->./line_buffer.h:34->predecoder_kernel.cpp:40]   --->   Operation 559 'br' 'br_ln44' <Predicate = (select_ln39_1 == 0 & select_ln41_1 == 0 & select_ln41 == 5)> <Delay = 0.00>
ST_3 : Operation 560 [1/1] (0.66ns)   --->   "%store_ln44 = store i8 0, i3 %fb_219_addr" [./line_buffer.h:44->./line_buffer.h:34->predecoder_kernel.cpp:40]   --->   Operation 560 'store' 'store_ln44' <Predicate = (select_ln39_1 == 0 & select_ln41_1 == 0 & select_ln41 == 4)> <Delay = 0.66> <CoreInst = "RAM">   --->   Core 83 'RAM' <Latency = 1> <II = 1> <Delay = 0.66> <Storage> <Opcode : 'load' 'store'> <Ports = 2> <Width = 8> <Depth = 6> <RAM>
ST_3 : Operation 561 [1/1] (0.00ns)   --->   "%br_ln44 = br void %arrayidx204.i.i_0.exit1398" [./line_buffer.h:44->./line_buffer.h:34->predecoder_kernel.cpp:40]   --->   Operation 561 'br' 'br_ln44' <Predicate = (select_ln39_1 == 0 & select_ln41_1 == 0 & select_ln41 == 4)> <Delay = 0.00>
ST_3 : Operation 562 [1/1] (0.66ns)   --->   "%store_ln44 = store i8 0, i3 %fb_218_addr" [./line_buffer.h:44->./line_buffer.h:34->predecoder_kernel.cpp:40]   --->   Operation 562 'store' 'store_ln44' <Predicate = (select_ln39_1 == 0 & select_ln41_1 == 0 & select_ln41 == 3)> <Delay = 0.66> <CoreInst = "RAM">   --->   Core 83 'RAM' <Latency = 1> <II = 1> <Delay = 0.66> <Storage> <Opcode : 'load' 'store'> <Ports = 2> <Width = 8> <Depth = 6> <RAM>
ST_3 : Operation 563 [1/1] (0.00ns)   --->   "%br_ln44 = br void %arrayidx204.i.i_0.exit1398" [./line_buffer.h:44->./line_buffer.h:34->predecoder_kernel.cpp:40]   --->   Operation 563 'br' 'br_ln44' <Predicate = (select_ln39_1 == 0 & select_ln41_1 == 0 & select_ln41 == 3)> <Delay = 0.00>
ST_3 : Operation 564 [1/1] (0.66ns)   --->   "%store_ln44 = store i8 0, i3 %fb_217_addr" [./line_buffer.h:44->./line_buffer.h:34->predecoder_kernel.cpp:40]   --->   Operation 564 'store' 'store_ln44' <Predicate = (select_ln39_1 == 0 & select_ln41_1 == 0 & select_ln41 == 2)> <Delay = 0.66> <CoreInst = "RAM">   --->   Core 83 'RAM' <Latency = 1> <II = 1> <Delay = 0.66> <Storage> <Opcode : 'load' 'store'> <Ports = 2> <Width = 8> <Depth = 6> <RAM>
ST_3 : Operation 565 [1/1] (0.00ns)   --->   "%br_ln44 = br void %arrayidx204.i.i_0.exit1398" [./line_buffer.h:44->./line_buffer.h:34->predecoder_kernel.cpp:40]   --->   Operation 565 'br' 'br_ln44' <Predicate = (select_ln39_1 == 0 & select_ln41_1 == 0 & select_ln41 == 2)> <Delay = 0.00>
ST_3 : Operation 566 [1/1] (0.66ns)   --->   "%store_ln44 = store i8 0, i3 %fb_216_addr" [./line_buffer.h:44->./line_buffer.h:34->predecoder_kernel.cpp:40]   --->   Operation 566 'store' 'store_ln44' <Predicate = (select_ln39_1 == 0 & select_ln41_1 == 0 & select_ln41 == 1)> <Delay = 0.66> <CoreInst = "RAM">   --->   Core 83 'RAM' <Latency = 1> <II = 1> <Delay = 0.66> <Storage> <Opcode : 'load' 'store'> <Ports = 2> <Width = 8> <Depth = 6> <RAM>
ST_3 : Operation 567 [1/1] (0.00ns)   --->   "%br_ln44 = br void %arrayidx204.i.i_0.exit1398" [./line_buffer.h:44->./line_buffer.h:34->predecoder_kernel.cpp:40]   --->   Operation 567 'br' 'br_ln44' <Predicate = (select_ln39_1 == 0 & select_ln41_1 == 0 & select_ln41 == 1)> <Delay = 0.00>
ST_3 : Operation 568 [1/1] (0.66ns)   --->   "%store_ln44 = store i8 0, i3 %fb_addr" [./line_buffer.h:44->./line_buffer.h:34->predecoder_kernel.cpp:40]   --->   Operation 568 'store' 'store_ln44' <Predicate = (select_ln39_1 == 0 & select_ln41_1 == 0 & select_ln41 == 0)> <Delay = 0.66> <CoreInst = "RAM">   --->   Core 83 'RAM' <Latency = 1> <II = 1> <Delay = 0.66> <Storage> <Opcode : 'load' 'store'> <Ports = 2> <Width = 8> <Depth = 6> <RAM>
ST_3 : Operation 569 [1/1] (0.00ns)   --->   "%br_ln44 = br void %arrayidx204.i.i_0.exit1398" [./line_buffer.h:44->./line_buffer.h:34->predecoder_kernel.cpp:40]   --->   Operation 569 'br' 'br_ln44' <Predicate = (select_ln39_1 == 0 & select_ln41_1 == 0 & select_ln41 == 0)> <Delay = 0.00>
ST_3 : Operation 570 [1/1] (0.66ns)   --->   "%store_ln44 = store i8 0, i3 %fb_226_addr" [./line_buffer.h:44->./line_buffer.h:34->predecoder_kernel.cpp:40]   --->   Operation 570 'store' 'store_ln44' <Predicate = (select_ln39_1 == 0 & select_ln41_1 == 0 & select_ln41 != 0 & select_ln41 != 1 & select_ln41 != 2 & select_ln41 != 3 & select_ln41 != 4 & select_ln41 != 5 & select_ln41 != 6 & select_ln41 != 7 & select_ln41 != 8 & select_ln41 != 9 & select_ln41 != 10)> <Delay = 0.66> <CoreInst = "RAM">   --->   Core 83 'RAM' <Latency = 1> <II = 1> <Delay = 0.66> <Storage> <Opcode : 'load' 'store'> <Ports = 2> <Width = 8> <Depth = 6> <RAM>
ST_3 : Operation 571 [1/1] (0.00ns)   --->   "%br_ln44 = br void %arrayidx204.i.i_0.exit1398" [./line_buffer.h:44->./line_buffer.h:34->predecoder_kernel.cpp:40]   --->   Operation 571 'br' 'br_ln44' <Predicate = (select_ln39_1 == 0 & select_ln41_1 == 0 & select_ln41 != 0 & select_ln41 != 1 & select_ln41 != 2 & select_ln41 != 3 & select_ln41 != 4 & select_ln41 != 5 & select_ln41 != 6 & select_ln41 != 7 & select_ln41 != 8 & select_ln41 != 9 & select_ln41 != 10)> <Delay = 0.00>
ST_3 : Operation 572 [1/1] (0.00ns)   --->   "%br_ln44 = br void %arrayidx204.i.i_0.exit" [./line_buffer.h:44->./line_buffer.h:34->predecoder_kernel.cpp:40]   --->   Operation 572 'br' 'br_ln44' <Predicate = (select_ln39_1 == 0 & select_ln41_1 == 0)> <Delay = 0.00>
ST_3 : Operation 573 [1/1] (0.67ns)   --->   "%switch_ln44 = switch i4 %select_ln41, void %arrayidx204.i.i_0.case.111474, i4 0, void %arrayidx204.i.i_0.case.01463, i4 1, void %arrayidx204.i.i_0.case.11464, i4 2, void %arrayidx204.i.i_0.case.21465, i4 3, void %arrayidx204.i.i_0.case.31466, i4 4, void %arrayidx204.i.i_0.case.41467, i4 5, void %arrayidx204.i.i_0.case.51468, i4 6, void %arrayidx204.i.i_0.case.61469, i4 7, void %arrayidx204.i.i_0.case.71470, i4 8, void %arrayidx204.i.i_0.case.81471, i4 9, void %arrayidx204.i.i_0.case.91472, i4 10, void %arrayidx204.i.i_0.case.101473" [./line_buffer.h:44->./line_buffer.h:34->predecoder_kernel.cpp:40]   --->   Operation 573 'switch' 'switch_ln44' <Predicate = (select_ln39_1 == 0 & select_ln41_1 != 0 & select_ln41_1 != 1 & select_ln41_1 != 2 & select_ln41_1 != 3 & select_ln41_1 != 4)> <Delay = 0.67>
ST_3 : Operation 574 [1/1] (0.66ns)   --->   "%store_ln44 = store i8 0, i3 %fb_285_addr" [./line_buffer.h:44->./line_buffer.h:34->predecoder_kernel.cpp:40]   --->   Operation 574 'store' 'store_ln44' <Predicate = (select_ln39_1 == 0 & select_ln41_1 != 0 & select_ln41_1 != 1 & select_ln41_1 != 2 & select_ln41_1 != 3 & select_ln41_1 != 4 & select_ln41 == 10)> <Delay = 0.66> <CoreInst = "RAM">   --->   Core 83 'RAM' <Latency = 1> <II = 1> <Delay = 0.66> <Storage> <Opcode : 'load' 'store'> <Ports = 2> <Width = 8> <Depth = 6> <RAM>
ST_3 : Operation 575 [1/1] (0.00ns)   --->   "%br_ln44 = br void %arrayidx204.i.i_0.exit1462" [./line_buffer.h:44->./line_buffer.h:34->predecoder_kernel.cpp:40]   --->   Operation 575 'br' 'br_ln44' <Predicate = (select_ln39_1 == 0 & select_ln41_1 != 0 & select_ln41_1 != 1 & select_ln41_1 != 2 & select_ln41_1 != 3 & select_ln41_1 != 4 & select_ln41 == 10)> <Delay = 0.00>
ST_3 : Operation 576 [1/1] (0.66ns)   --->   "%store_ln44 = store i8 0, i3 %fb_284_addr" [./line_buffer.h:44->./line_buffer.h:34->predecoder_kernel.cpp:40]   --->   Operation 576 'store' 'store_ln44' <Predicate = (select_ln39_1 == 0 & select_ln41_1 != 0 & select_ln41_1 != 1 & select_ln41_1 != 2 & select_ln41_1 != 3 & select_ln41_1 != 4 & select_ln41 == 9)> <Delay = 0.66> <CoreInst = "RAM">   --->   Core 83 'RAM' <Latency = 1> <II = 1> <Delay = 0.66> <Storage> <Opcode : 'load' 'store'> <Ports = 2> <Width = 8> <Depth = 6> <RAM>
ST_3 : Operation 577 [1/1] (0.00ns)   --->   "%br_ln44 = br void %arrayidx204.i.i_0.exit1462" [./line_buffer.h:44->./line_buffer.h:34->predecoder_kernel.cpp:40]   --->   Operation 577 'br' 'br_ln44' <Predicate = (select_ln39_1 == 0 & select_ln41_1 != 0 & select_ln41_1 != 1 & select_ln41_1 != 2 & select_ln41_1 != 3 & select_ln41_1 != 4 & select_ln41 == 9)> <Delay = 0.00>
ST_3 : Operation 578 [1/1] (0.66ns)   --->   "%store_ln44 = store i8 0, i3 %fb_283_addr" [./line_buffer.h:44->./line_buffer.h:34->predecoder_kernel.cpp:40]   --->   Operation 578 'store' 'store_ln44' <Predicate = (select_ln39_1 == 0 & select_ln41_1 != 0 & select_ln41_1 != 1 & select_ln41_1 != 2 & select_ln41_1 != 3 & select_ln41_1 != 4 & select_ln41 == 8)> <Delay = 0.66> <CoreInst = "RAM">   --->   Core 83 'RAM' <Latency = 1> <II = 1> <Delay = 0.66> <Storage> <Opcode : 'load' 'store'> <Ports = 2> <Width = 8> <Depth = 6> <RAM>
ST_3 : Operation 579 [1/1] (0.00ns)   --->   "%br_ln44 = br void %arrayidx204.i.i_0.exit1462" [./line_buffer.h:44->./line_buffer.h:34->predecoder_kernel.cpp:40]   --->   Operation 579 'br' 'br_ln44' <Predicate = (select_ln39_1 == 0 & select_ln41_1 != 0 & select_ln41_1 != 1 & select_ln41_1 != 2 & select_ln41_1 != 3 & select_ln41_1 != 4 & select_ln41 == 8)> <Delay = 0.00>
ST_3 : Operation 580 [1/1] (0.66ns)   --->   "%store_ln44 = store i8 0, i3 %fb_282_addr" [./line_buffer.h:44->./line_buffer.h:34->predecoder_kernel.cpp:40]   --->   Operation 580 'store' 'store_ln44' <Predicate = (select_ln39_1 == 0 & select_ln41_1 != 0 & select_ln41_1 != 1 & select_ln41_1 != 2 & select_ln41_1 != 3 & select_ln41_1 != 4 & select_ln41 == 7)> <Delay = 0.66> <CoreInst = "RAM">   --->   Core 83 'RAM' <Latency = 1> <II = 1> <Delay = 0.66> <Storage> <Opcode : 'load' 'store'> <Ports = 2> <Width = 8> <Depth = 6> <RAM>
ST_3 : Operation 581 [1/1] (0.00ns)   --->   "%br_ln44 = br void %arrayidx204.i.i_0.exit1462" [./line_buffer.h:44->./line_buffer.h:34->predecoder_kernel.cpp:40]   --->   Operation 581 'br' 'br_ln44' <Predicate = (select_ln39_1 == 0 & select_ln41_1 != 0 & select_ln41_1 != 1 & select_ln41_1 != 2 & select_ln41_1 != 3 & select_ln41_1 != 4 & select_ln41 == 7)> <Delay = 0.00>
ST_3 : Operation 582 [1/1] (0.66ns)   --->   "%store_ln44 = store i8 0, i3 %fb_281_addr" [./line_buffer.h:44->./line_buffer.h:34->predecoder_kernel.cpp:40]   --->   Operation 582 'store' 'store_ln44' <Predicate = (select_ln39_1 == 0 & select_ln41_1 != 0 & select_ln41_1 != 1 & select_ln41_1 != 2 & select_ln41_1 != 3 & select_ln41_1 != 4 & select_ln41 == 6)> <Delay = 0.66> <CoreInst = "RAM">   --->   Core 83 'RAM' <Latency = 1> <II = 1> <Delay = 0.66> <Storage> <Opcode : 'load' 'store'> <Ports = 2> <Width = 8> <Depth = 6> <RAM>
ST_3 : Operation 583 [1/1] (0.00ns)   --->   "%br_ln44 = br void %arrayidx204.i.i_0.exit1462" [./line_buffer.h:44->./line_buffer.h:34->predecoder_kernel.cpp:40]   --->   Operation 583 'br' 'br_ln44' <Predicate = (select_ln39_1 == 0 & select_ln41_1 != 0 & select_ln41_1 != 1 & select_ln41_1 != 2 & select_ln41_1 != 3 & select_ln41_1 != 4 & select_ln41 == 6)> <Delay = 0.00>
ST_3 : Operation 584 [1/1] (0.66ns)   --->   "%store_ln44 = store i8 0, i3 %fb_280_addr" [./line_buffer.h:44->./line_buffer.h:34->predecoder_kernel.cpp:40]   --->   Operation 584 'store' 'store_ln44' <Predicate = (select_ln39_1 == 0 & select_ln41_1 != 0 & select_ln41_1 != 1 & select_ln41_1 != 2 & select_ln41_1 != 3 & select_ln41_1 != 4 & select_ln41 == 5)> <Delay = 0.66> <CoreInst = "RAM">   --->   Core 83 'RAM' <Latency = 1> <II = 1> <Delay = 0.66> <Storage> <Opcode : 'load' 'store'> <Ports = 2> <Width = 8> <Depth = 6> <RAM>
ST_3 : Operation 585 [1/1] (0.00ns)   --->   "%br_ln44 = br void %arrayidx204.i.i_0.exit1462" [./line_buffer.h:44->./line_buffer.h:34->predecoder_kernel.cpp:40]   --->   Operation 585 'br' 'br_ln44' <Predicate = (select_ln39_1 == 0 & select_ln41_1 != 0 & select_ln41_1 != 1 & select_ln41_1 != 2 & select_ln41_1 != 3 & select_ln41_1 != 4 & select_ln41 == 5)> <Delay = 0.00>
ST_3 : Operation 586 [1/1] (0.66ns)   --->   "%store_ln44 = store i8 0, i3 %fb_279_addr" [./line_buffer.h:44->./line_buffer.h:34->predecoder_kernel.cpp:40]   --->   Operation 586 'store' 'store_ln44' <Predicate = (select_ln39_1 == 0 & select_ln41_1 != 0 & select_ln41_1 != 1 & select_ln41_1 != 2 & select_ln41_1 != 3 & select_ln41_1 != 4 & select_ln41 == 4)> <Delay = 0.66> <CoreInst = "RAM">   --->   Core 83 'RAM' <Latency = 1> <II = 1> <Delay = 0.66> <Storage> <Opcode : 'load' 'store'> <Ports = 2> <Width = 8> <Depth = 6> <RAM>
ST_3 : Operation 587 [1/1] (0.00ns)   --->   "%br_ln44 = br void %arrayidx204.i.i_0.exit1462" [./line_buffer.h:44->./line_buffer.h:34->predecoder_kernel.cpp:40]   --->   Operation 587 'br' 'br_ln44' <Predicate = (select_ln39_1 == 0 & select_ln41_1 != 0 & select_ln41_1 != 1 & select_ln41_1 != 2 & select_ln41_1 != 3 & select_ln41_1 != 4 & select_ln41 == 4)> <Delay = 0.00>
ST_3 : Operation 588 [1/1] (0.66ns)   --->   "%store_ln44 = store i8 0, i3 %fb_278_addr" [./line_buffer.h:44->./line_buffer.h:34->predecoder_kernel.cpp:40]   --->   Operation 588 'store' 'store_ln44' <Predicate = (select_ln39_1 == 0 & select_ln41_1 != 0 & select_ln41_1 != 1 & select_ln41_1 != 2 & select_ln41_1 != 3 & select_ln41_1 != 4 & select_ln41 == 3)> <Delay = 0.66> <CoreInst = "RAM">   --->   Core 83 'RAM' <Latency = 1> <II = 1> <Delay = 0.66> <Storage> <Opcode : 'load' 'store'> <Ports = 2> <Width = 8> <Depth = 6> <RAM>
ST_3 : Operation 589 [1/1] (0.00ns)   --->   "%br_ln44 = br void %arrayidx204.i.i_0.exit1462" [./line_buffer.h:44->./line_buffer.h:34->predecoder_kernel.cpp:40]   --->   Operation 589 'br' 'br_ln44' <Predicate = (select_ln39_1 == 0 & select_ln41_1 != 0 & select_ln41_1 != 1 & select_ln41_1 != 2 & select_ln41_1 != 3 & select_ln41_1 != 4 & select_ln41 == 3)> <Delay = 0.00>
ST_3 : Operation 590 [1/1] (0.66ns)   --->   "%store_ln44 = store i8 0, i3 %fb_277_addr" [./line_buffer.h:44->./line_buffer.h:34->predecoder_kernel.cpp:40]   --->   Operation 590 'store' 'store_ln44' <Predicate = (select_ln39_1 == 0 & select_ln41_1 != 0 & select_ln41_1 != 1 & select_ln41_1 != 2 & select_ln41_1 != 3 & select_ln41_1 != 4 & select_ln41 == 2)> <Delay = 0.66> <CoreInst = "RAM">   --->   Core 83 'RAM' <Latency = 1> <II = 1> <Delay = 0.66> <Storage> <Opcode : 'load' 'store'> <Ports = 2> <Width = 8> <Depth = 6> <RAM>
ST_3 : Operation 591 [1/1] (0.00ns)   --->   "%br_ln44 = br void %arrayidx204.i.i_0.exit1462" [./line_buffer.h:44->./line_buffer.h:34->predecoder_kernel.cpp:40]   --->   Operation 591 'br' 'br_ln44' <Predicate = (select_ln39_1 == 0 & select_ln41_1 != 0 & select_ln41_1 != 1 & select_ln41_1 != 2 & select_ln41_1 != 3 & select_ln41_1 != 4 & select_ln41 == 2)> <Delay = 0.00>
ST_3 : Operation 592 [1/1] (0.66ns)   --->   "%store_ln44 = store i8 0, i3 %fb_276_addr" [./line_buffer.h:44->./line_buffer.h:34->predecoder_kernel.cpp:40]   --->   Operation 592 'store' 'store_ln44' <Predicate = (select_ln39_1 == 0 & select_ln41_1 != 0 & select_ln41_1 != 1 & select_ln41_1 != 2 & select_ln41_1 != 3 & select_ln41_1 != 4 & select_ln41 == 1)> <Delay = 0.66> <CoreInst = "RAM">   --->   Core 83 'RAM' <Latency = 1> <II = 1> <Delay = 0.66> <Storage> <Opcode : 'load' 'store'> <Ports = 2> <Width = 8> <Depth = 6> <RAM>
ST_3 : Operation 593 [1/1] (0.00ns)   --->   "%br_ln44 = br void %arrayidx204.i.i_0.exit1462" [./line_buffer.h:44->./line_buffer.h:34->predecoder_kernel.cpp:40]   --->   Operation 593 'br' 'br_ln44' <Predicate = (select_ln39_1 == 0 & select_ln41_1 != 0 & select_ln41_1 != 1 & select_ln41_1 != 2 & select_ln41_1 != 3 & select_ln41_1 != 4 & select_ln41 == 1)> <Delay = 0.00>
ST_3 : Operation 594 [1/1] (0.66ns)   --->   "%store_ln44 = store i8 0, i3 %fb_275_addr" [./line_buffer.h:44->./line_buffer.h:34->predecoder_kernel.cpp:40]   --->   Operation 594 'store' 'store_ln44' <Predicate = (select_ln39_1 == 0 & select_ln41_1 != 0 & select_ln41_1 != 1 & select_ln41_1 != 2 & select_ln41_1 != 3 & select_ln41_1 != 4 & select_ln41 == 0)> <Delay = 0.66> <CoreInst = "RAM">   --->   Core 83 'RAM' <Latency = 1> <II = 1> <Delay = 0.66> <Storage> <Opcode : 'load' 'store'> <Ports = 2> <Width = 8> <Depth = 6> <RAM>
ST_3 : Operation 595 [1/1] (0.00ns)   --->   "%br_ln44 = br void %arrayidx204.i.i_0.exit1462" [./line_buffer.h:44->./line_buffer.h:34->predecoder_kernel.cpp:40]   --->   Operation 595 'br' 'br_ln44' <Predicate = (select_ln39_1 == 0 & select_ln41_1 != 0 & select_ln41_1 != 1 & select_ln41_1 != 2 & select_ln41_1 != 3 & select_ln41_1 != 4 & select_ln41 == 0)> <Delay = 0.00>
ST_3 : Operation 596 [1/1] (0.66ns)   --->   "%store_ln44 = store i8 0, i3 %fb_286_addr" [./line_buffer.h:44->./line_buffer.h:34->predecoder_kernel.cpp:40]   --->   Operation 596 'store' 'store_ln44' <Predicate = (select_ln39_1 == 0 & select_ln41_1 != 0 & select_ln41_1 != 1 & select_ln41_1 != 2 & select_ln41_1 != 3 & select_ln41_1 != 4 & select_ln41 != 0 & select_ln41 != 1 & select_ln41 != 2 & select_ln41 != 3 & select_ln41 != 4 & select_ln41 != 5 & select_ln41 != 6 & select_ln41 != 7 & select_ln41 != 8 & select_ln41 != 9 & select_ln41 != 10)> <Delay = 0.66> <CoreInst = "RAM">   --->   Core 83 'RAM' <Latency = 1> <II = 1> <Delay = 0.66> <Storage> <Opcode : 'load' 'store'> <Ports = 2> <Width = 8> <Depth = 6> <RAM>
ST_3 : Operation 597 [1/1] (0.00ns)   --->   "%br_ln44 = br void %arrayidx204.i.i_0.exit1462" [./line_buffer.h:44->./line_buffer.h:34->predecoder_kernel.cpp:40]   --->   Operation 597 'br' 'br_ln44' <Predicate = (select_ln39_1 == 0 & select_ln41_1 != 0 & select_ln41_1 != 1 & select_ln41_1 != 2 & select_ln41_1 != 3 & select_ln41_1 != 4 & select_ln41 != 0 & select_ln41 != 1 & select_ln41 != 2 & select_ln41 != 3 & select_ln41 != 4 & select_ln41 != 5 & select_ln41 != 6 & select_ln41 != 7 & select_ln41 != 8 & select_ln41 != 9 & select_ln41 != 10)> <Delay = 0.00>
ST_3 : Operation 598 [1/1] (0.00ns)   --->   "%br_ln44 = br void %arrayidx204.i.i_0.exit" [./line_buffer.h:44->./line_buffer.h:34->predecoder_kernel.cpp:40]   --->   Operation 598 'br' 'br_ln44' <Predicate = (select_ln39_1 == 0 & select_ln41_1 != 0 & select_ln41_1 != 1 & select_ln41_1 != 2 & select_ln41_1 != 3 & select_ln41_1 != 4)> <Delay = 0.00>
ST_3 : Operation 599 [1/1] (0.67ns)   --->   "%switch_ln44 = switch i3 %select_ln41_1, void %arrayidx204.i.i_2.case.5, i3 0, void %arrayidx204.i.i_2.case.0, i3 1, void %arrayidx204.i.i_2.case.1, i3 2, void %arrayidx204.i.i_2.case.2, i3 3, void %arrayidx204.i.i_2.case.3, i3 4, void %arrayidx204.i.i_2.case.4" [./line_buffer.h:44->./line_buffer.h:34->predecoder_kernel.cpp:40]   --->   Operation 599 'switch' 'switch_ln44' <Predicate = (select_ln39_1 != 0 & select_ln39_1 != 1)> <Delay = 0.67>
ST_3 : Operation 600 [1/1] (0.67ns)   --->   "%switch_ln44 = switch i4 %select_ln41, void %arrayidx204.i.i_2.case.111616, i4 0, void %arrayidx204.i.i_2.case.01605, i4 1, void %arrayidx204.i.i_2.case.11606, i4 2, void %arrayidx204.i.i_2.case.21607, i4 3, void %arrayidx204.i.i_2.case.31608, i4 4, void %arrayidx204.i.i_2.case.41609, i4 5, void %arrayidx204.i.i_2.case.51610, i4 6, void %arrayidx204.i.i_2.case.61611, i4 7, void %arrayidx204.i.i_2.case.71612, i4 8, void %arrayidx204.i.i_2.case.81613, i4 9, void %arrayidx204.i.i_2.case.91614, i4 10, void %arrayidx204.i.i_2.case.101615" [./line_buffer.h:44->./line_buffer.h:34->predecoder_kernel.cpp:40]   --->   Operation 600 'switch' 'switch_ln44' <Predicate = (select_ln39_1 != 0 & select_ln39_1 != 1 & select_ln41_1 == 4)> <Delay = 0.67>
ST_3 : Operation 601 [1/1] (0.66ns)   --->   "%store_ln44 = store i8 0, i3 %fb_417_addr" [./line_buffer.h:44->./line_buffer.h:34->predecoder_kernel.cpp:40]   --->   Operation 601 'store' 'store_ln44' <Predicate = (select_ln39_1 != 0 & select_ln39_1 != 1 & select_ln41_1 == 4 & select_ln41 == 10)> <Delay = 0.66> <CoreInst = "RAM">   --->   Core 83 'RAM' <Latency = 1> <II = 1> <Delay = 0.66> <Storage> <Opcode : 'load' 'store'> <Ports = 2> <Width = 8> <Depth = 6> <RAM>
ST_3 : Operation 602 [1/1] (0.00ns)   --->   "%br_ln44 = br void %arrayidx204.i.i_2.exit1604" [./line_buffer.h:44->./line_buffer.h:34->predecoder_kernel.cpp:40]   --->   Operation 602 'br' 'br_ln44' <Predicate = (select_ln39_1 != 0 & select_ln39_1 != 1 & select_ln41_1 == 4 & select_ln41 == 10)> <Delay = 0.00>
ST_3 : Operation 603 [1/1] (0.66ns)   --->   "%store_ln44 = store i8 0, i3 %fb_416_addr" [./line_buffer.h:44->./line_buffer.h:34->predecoder_kernel.cpp:40]   --->   Operation 603 'store' 'store_ln44' <Predicate = (select_ln39_1 != 0 & select_ln39_1 != 1 & select_ln41_1 == 4 & select_ln41 == 9)> <Delay = 0.66> <CoreInst = "RAM">   --->   Core 83 'RAM' <Latency = 1> <II = 1> <Delay = 0.66> <Storage> <Opcode : 'load' 'store'> <Ports = 2> <Width = 8> <Depth = 6> <RAM>
ST_3 : Operation 604 [1/1] (0.00ns)   --->   "%br_ln44 = br void %arrayidx204.i.i_2.exit1604" [./line_buffer.h:44->./line_buffer.h:34->predecoder_kernel.cpp:40]   --->   Operation 604 'br' 'br_ln44' <Predicate = (select_ln39_1 != 0 & select_ln39_1 != 1 & select_ln41_1 == 4 & select_ln41 == 9)> <Delay = 0.00>
ST_3 : Operation 605 [1/1] (0.66ns)   --->   "%store_ln44 = store i8 0, i3 %fb_415_addr" [./line_buffer.h:44->./line_buffer.h:34->predecoder_kernel.cpp:40]   --->   Operation 605 'store' 'store_ln44' <Predicate = (select_ln39_1 != 0 & select_ln39_1 != 1 & select_ln41_1 == 4 & select_ln41 == 8)> <Delay = 0.66> <CoreInst = "RAM">   --->   Core 83 'RAM' <Latency = 1> <II = 1> <Delay = 0.66> <Storage> <Opcode : 'load' 'store'> <Ports = 2> <Width = 8> <Depth = 6> <RAM>
ST_3 : Operation 606 [1/1] (0.00ns)   --->   "%br_ln44 = br void %arrayidx204.i.i_2.exit1604" [./line_buffer.h:44->./line_buffer.h:34->predecoder_kernel.cpp:40]   --->   Operation 606 'br' 'br_ln44' <Predicate = (select_ln39_1 != 0 & select_ln39_1 != 1 & select_ln41_1 == 4 & select_ln41 == 8)> <Delay = 0.00>
ST_3 : Operation 607 [1/1] (0.66ns)   --->   "%store_ln44 = store i8 0, i3 %fb_414_addr" [./line_buffer.h:44->./line_buffer.h:34->predecoder_kernel.cpp:40]   --->   Operation 607 'store' 'store_ln44' <Predicate = (select_ln39_1 != 0 & select_ln39_1 != 1 & select_ln41_1 == 4 & select_ln41 == 7)> <Delay = 0.66> <CoreInst = "RAM">   --->   Core 83 'RAM' <Latency = 1> <II = 1> <Delay = 0.66> <Storage> <Opcode : 'load' 'store'> <Ports = 2> <Width = 8> <Depth = 6> <RAM>
ST_3 : Operation 608 [1/1] (0.00ns)   --->   "%br_ln44 = br void %arrayidx204.i.i_2.exit1604" [./line_buffer.h:44->./line_buffer.h:34->predecoder_kernel.cpp:40]   --->   Operation 608 'br' 'br_ln44' <Predicate = (select_ln39_1 != 0 & select_ln39_1 != 1 & select_ln41_1 == 4 & select_ln41 == 7)> <Delay = 0.00>
ST_3 : Operation 609 [1/1] (0.66ns)   --->   "%store_ln44 = store i8 0, i3 %fb_413_addr" [./line_buffer.h:44->./line_buffer.h:34->predecoder_kernel.cpp:40]   --->   Operation 609 'store' 'store_ln44' <Predicate = (select_ln39_1 != 0 & select_ln39_1 != 1 & select_ln41_1 == 4 & select_ln41 == 6)> <Delay = 0.66> <CoreInst = "RAM">   --->   Core 83 'RAM' <Latency = 1> <II = 1> <Delay = 0.66> <Storage> <Opcode : 'load' 'store'> <Ports = 2> <Width = 8> <Depth = 6> <RAM>
ST_3 : Operation 610 [1/1] (0.00ns)   --->   "%br_ln44 = br void %arrayidx204.i.i_2.exit1604" [./line_buffer.h:44->./line_buffer.h:34->predecoder_kernel.cpp:40]   --->   Operation 610 'br' 'br_ln44' <Predicate = (select_ln39_1 != 0 & select_ln39_1 != 1 & select_ln41_1 == 4 & select_ln41 == 6)> <Delay = 0.00>
ST_3 : Operation 611 [1/1] (0.66ns)   --->   "%store_ln44 = store i8 0, i3 %fb_412_addr" [./line_buffer.h:44->./line_buffer.h:34->predecoder_kernel.cpp:40]   --->   Operation 611 'store' 'store_ln44' <Predicate = (select_ln39_1 != 0 & select_ln39_1 != 1 & select_ln41_1 == 4 & select_ln41 == 5)> <Delay = 0.66> <CoreInst = "RAM">   --->   Core 83 'RAM' <Latency = 1> <II = 1> <Delay = 0.66> <Storage> <Opcode : 'load' 'store'> <Ports = 2> <Width = 8> <Depth = 6> <RAM>
ST_3 : Operation 612 [1/1] (0.00ns)   --->   "%br_ln44 = br void %arrayidx204.i.i_2.exit1604" [./line_buffer.h:44->./line_buffer.h:34->predecoder_kernel.cpp:40]   --->   Operation 612 'br' 'br_ln44' <Predicate = (select_ln39_1 != 0 & select_ln39_1 != 1 & select_ln41_1 == 4 & select_ln41 == 5)> <Delay = 0.00>
ST_3 : Operation 613 [1/1] (0.66ns)   --->   "%store_ln44 = store i8 0, i3 %fb_411_addr" [./line_buffer.h:44->./line_buffer.h:34->predecoder_kernel.cpp:40]   --->   Operation 613 'store' 'store_ln44' <Predicate = (select_ln39_1 != 0 & select_ln39_1 != 1 & select_ln41_1 == 4 & select_ln41 == 4)> <Delay = 0.66> <CoreInst = "RAM">   --->   Core 83 'RAM' <Latency = 1> <II = 1> <Delay = 0.66> <Storage> <Opcode : 'load' 'store'> <Ports = 2> <Width = 8> <Depth = 6> <RAM>
ST_3 : Operation 614 [1/1] (0.00ns)   --->   "%br_ln44 = br void %arrayidx204.i.i_2.exit1604" [./line_buffer.h:44->./line_buffer.h:34->predecoder_kernel.cpp:40]   --->   Operation 614 'br' 'br_ln44' <Predicate = (select_ln39_1 != 0 & select_ln39_1 != 1 & select_ln41_1 == 4 & select_ln41 == 4)> <Delay = 0.00>
ST_3 : Operation 615 [1/1] (0.66ns)   --->   "%store_ln44 = store i8 0, i3 %fb_410_addr" [./line_buffer.h:44->./line_buffer.h:34->predecoder_kernel.cpp:40]   --->   Operation 615 'store' 'store_ln44' <Predicate = (select_ln39_1 != 0 & select_ln39_1 != 1 & select_ln41_1 == 4 & select_ln41 == 3)> <Delay = 0.66> <CoreInst = "RAM">   --->   Core 83 'RAM' <Latency = 1> <II = 1> <Delay = 0.66> <Storage> <Opcode : 'load' 'store'> <Ports = 2> <Width = 8> <Depth = 6> <RAM>
ST_3 : Operation 616 [1/1] (0.00ns)   --->   "%br_ln44 = br void %arrayidx204.i.i_2.exit1604" [./line_buffer.h:44->./line_buffer.h:34->predecoder_kernel.cpp:40]   --->   Operation 616 'br' 'br_ln44' <Predicate = (select_ln39_1 != 0 & select_ln39_1 != 1 & select_ln41_1 == 4 & select_ln41 == 3)> <Delay = 0.00>
ST_3 : Operation 617 [1/1] (0.66ns)   --->   "%store_ln44 = store i8 0, i3 %fb_409_addr" [./line_buffer.h:44->./line_buffer.h:34->predecoder_kernel.cpp:40]   --->   Operation 617 'store' 'store_ln44' <Predicate = (select_ln39_1 != 0 & select_ln39_1 != 1 & select_ln41_1 == 4 & select_ln41 == 2)> <Delay = 0.66> <CoreInst = "RAM">   --->   Core 83 'RAM' <Latency = 1> <II = 1> <Delay = 0.66> <Storage> <Opcode : 'load' 'store'> <Ports = 2> <Width = 8> <Depth = 6> <RAM>
ST_3 : Operation 618 [1/1] (0.00ns)   --->   "%br_ln44 = br void %arrayidx204.i.i_2.exit1604" [./line_buffer.h:44->./line_buffer.h:34->predecoder_kernel.cpp:40]   --->   Operation 618 'br' 'br_ln44' <Predicate = (select_ln39_1 != 0 & select_ln39_1 != 1 & select_ln41_1 == 4 & select_ln41 == 2)> <Delay = 0.00>
ST_3 : Operation 619 [1/1] (0.66ns)   --->   "%store_ln44 = store i8 0, i3 %fb_408_addr" [./line_buffer.h:44->./line_buffer.h:34->predecoder_kernel.cpp:40]   --->   Operation 619 'store' 'store_ln44' <Predicate = (select_ln39_1 != 0 & select_ln39_1 != 1 & select_ln41_1 == 4 & select_ln41 == 1)> <Delay = 0.66> <CoreInst = "RAM">   --->   Core 83 'RAM' <Latency = 1> <II = 1> <Delay = 0.66> <Storage> <Opcode : 'load' 'store'> <Ports = 2> <Width = 8> <Depth = 6> <RAM>
ST_3 : Operation 620 [1/1] (0.00ns)   --->   "%br_ln44 = br void %arrayidx204.i.i_2.exit1604" [./line_buffer.h:44->./line_buffer.h:34->predecoder_kernel.cpp:40]   --->   Operation 620 'br' 'br_ln44' <Predicate = (select_ln39_1 != 0 & select_ln39_1 != 1 & select_ln41_1 == 4 & select_ln41 == 1)> <Delay = 0.00>
ST_3 : Operation 621 [1/1] (0.66ns)   --->   "%store_ln44 = store i8 0, i3 %fb_407_addr" [./line_buffer.h:44->./line_buffer.h:34->predecoder_kernel.cpp:40]   --->   Operation 621 'store' 'store_ln44' <Predicate = (select_ln39_1 != 0 & select_ln39_1 != 1 & select_ln41_1 == 4 & select_ln41 == 0)> <Delay = 0.66> <CoreInst = "RAM">   --->   Core 83 'RAM' <Latency = 1> <II = 1> <Delay = 0.66> <Storage> <Opcode : 'load' 'store'> <Ports = 2> <Width = 8> <Depth = 6> <RAM>
ST_3 : Operation 622 [1/1] (0.00ns)   --->   "%br_ln44 = br void %arrayidx204.i.i_2.exit1604" [./line_buffer.h:44->./line_buffer.h:34->predecoder_kernel.cpp:40]   --->   Operation 622 'br' 'br_ln44' <Predicate = (select_ln39_1 != 0 & select_ln39_1 != 1 & select_ln41_1 == 4 & select_ln41 == 0)> <Delay = 0.00>
ST_3 : Operation 623 [1/1] (0.66ns)   --->   "%store_ln44 = store i8 0, i3 %fb_418_addr" [./line_buffer.h:44->./line_buffer.h:34->predecoder_kernel.cpp:40]   --->   Operation 623 'store' 'store_ln44' <Predicate = (select_ln39_1 != 0 & select_ln39_1 != 1 & select_ln41_1 == 4 & select_ln41 != 0 & select_ln41 != 1 & select_ln41 != 2 & select_ln41 != 3 & select_ln41 != 4 & select_ln41 != 5 & select_ln41 != 6 & select_ln41 != 7 & select_ln41 != 8 & select_ln41 != 9 & select_ln41 != 10)> <Delay = 0.66> <CoreInst = "RAM">   --->   Core 83 'RAM' <Latency = 1> <II = 1> <Delay = 0.66> <Storage> <Opcode : 'load' 'store'> <Ports = 2> <Width = 8> <Depth = 6> <RAM>
ST_3 : Operation 624 [1/1] (0.00ns)   --->   "%br_ln44 = br void %arrayidx204.i.i_2.exit1604" [./line_buffer.h:44->./line_buffer.h:34->predecoder_kernel.cpp:40]   --->   Operation 624 'br' 'br_ln44' <Predicate = (select_ln39_1 != 0 & select_ln39_1 != 1 & select_ln41_1 == 4 & select_ln41 != 0 & select_ln41 != 1 & select_ln41 != 2 & select_ln41 != 3 & select_ln41 != 4 & select_ln41 != 5 & select_ln41 != 6 & select_ln41 != 7 & select_ln41 != 8 & select_ln41 != 9 & select_ln41 != 10)> <Delay = 0.00>
ST_3 : Operation 625 [1/1] (0.00ns)   --->   "%br_ln44 = br void %arrayidx204.i.i_2.exit" [./line_buffer.h:44->./line_buffer.h:34->predecoder_kernel.cpp:40]   --->   Operation 625 'br' 'br_ln44' <Predicate = (select_ln39_1 != 0 & select_ln39_1 != 1 & select_ln41_1 == 4)> <Delay = 0.00>
ST_3 : Operation 626 [1/1] (0.67ns)   --->   "%switch_ln44 = switch i4 %select_ln41, void %arrayidx204.i.i_2.case.111602, i4 0, void %arrayidx204.i.i_2.case.01591, i4 1, void %arrayidx204.i.i_2.case.11592, i4 2, void %arrayidx204.i.i_2.case.21593, i4 3, void %arrayidx204.i.i_2.case.31594, i4 4, void %arrayidx204.i.i_2.case.41595, i4 5, void %arrayidx204.i.i_2.case.51596, i4 6, void %arrayidx204.i.i_2.case.61597, i4 7, void %arrayidx204.i.i_2.case.71598, i4 8, void %arrayidx204.i.i_2.case.81599, i4 9, void %arrayidx204.i.i_2.case.91600, i4 10, void %arrayidx204.i.i_2.case.101601" [./line_buffer.h:44->./line_buffer.h:34->predecoder_kernel.cpp:40]   --->   Operation 626 'switch' 'switch_ln44' <Predicate = (select_ln39_1 != 0 & select_ln39_1 != 1 & select_ln41_1 == 3)> <Delay = 0.67>
ST_3 : Operation 627 [1/1] (0.66ns)   --->   "%store_ln44 = store i8 0, i3 %fb_405_addr" [./line_buffer.h:44->./line_buffer.h:34->predecoder_kernel.cpp:40]   --->   Operation 627 'store' 'store_ln44' <Predicate = (select_ln39_1 != 0 & select_ln39_1 != 1 & select_ln41_1 == 3 & select_ln41 == 10)> <Delay = 0.66> <CoreInst = "RAM">   --->   Core 83 'RAM' <Latency = 1> <II = 1> <Delay = 0.66> <Storage> <Opcode : 'load' 'store'> <Ports = 2> <Width = 8> <Depth = 6> <RAM>
ST_3 : Operation 628 [1/1] (0.00ns)   --->   "%br_ln44 = br void %arrayidx204.i.i_2.exit1590" [./line_buffer.h:44->./line_buffer.h:34->predecoder_kernel.cpp:40]   --->   Operation 628 'br' 'br_ln44' <Predicate = (select_ln39_1 != 0 & select_ln39_1 != 1 & select_ln41_1 == 3 & select_ln41 == 10)> <Delay = 0.00>
ST_3 : Operation 629 [1/1] (0.66ns)   --->   "%store_ln44 = store i8 0, i3 %fb_404_addr" [./line_buffer.h:44->./line_buffer.h:34->predecoder_kernel.cpp:40]   --->   Operation 629 'store' 'store_ln44' <Predicate = (select_ln39_1 != 0 & select_ln39_1 != 1 & select_ln41_1 == 3 & select_ln41 == 9)> <Delay = 0.66> <CoreInst = "RAM">   --->   Core 83 'RAM' <Latency = 1> <II = 1> <Delay = 0.66> <Storage> <Opcode : 'load' 'store'> <Ports = 2> <Width = 8> <Depth = 6> <RAM>
ST_3 : Operation 630 [1/1] (0.00ns)   --->   "%br_ln44 = br void %arrayidx204.i.i_2.exit1590" [./line_buffer.h:44->./line_buffer.h:34->predecoder_kernel.cpp:40]   --->   Operation 630 'br' 'br_ln44' <Predicate = (select_ln39_1 != 0 & select_ln39_1 != 1 & select_ln41_1 == 3 & select_ln41 == 9)> <Delay = 0.00>
ST_3 : Operation 631 [1/1] (0.66ns)   --->   "%store_ln44 = store i8 0, i3 %fb_403_addr" [./line_buffer.h:44->./line_buffer.h:34->predecoder_kernel.cpp:40]   --->   Operation 631 'store' 'store_ln44' <Predicate = (select_ln39_1 != 0 & select_ln39_1 != 1 & select_ln41_1 == 3 & select_ln41 == 8)> <Delay = 0.66> <CoreInst = "RAM">   --->   Core 83 'RAM' <Latency = 1> <II = 1> <Delay = 0.66> <Storage> <Opcode : 'load' 'store'> <Ports = 2> <Width = 8> <Depth = 6> <RAM>
ST_3 : Operation 632 [1/1] (0.00ns)   --->   "%br_ln44 = br void %arrayidx204.i.i_2.exit1590" [./line_buffer.h:44->./line_buffer.h:34->predecoder_kernel.cpp:40]   --->   Operation 632 'br' 'br_ln44' <Predicate = (select_ln39_1 != 0 & select_ln39_1 != 1 & select_ln41_1 == 3 & select_ln41 == 8)> <Delay = 0.00>
ST_3 : Operation 633 [1/1] (0.66ns)   --->   "%store_ln44 = store i8 0, i3 %fb_402_addr" [./line_buffer.h:44->./line_buffer.h:34->predecoder_kernel.cpp:40]   --->   Operation 633 'store' 'store_ln44' <Predicate = (select_ln39_1 != 0 & select_ln39_1 != 1 & select_ln41_1 == 3 & select_ln41 == 7)> <Delay = 0.66> <CoreInst = "RAM">   --->   Core 83 'RAM' <Latency = 1> <II = 1> <Delay = 0.66> <Storage> <Opcode : 'load' 'store'> <Ports = 2> <Width = 8> <Depth = 6> <RAM>
ST_3 : Operation 634 [1/1] (0.00ns)   --->   "%br_ln44 = br void %arrayidx204.i.i_2.exit1590" [./line_buffer.h:44->./line_buffer.h:34->predecoder_kernel.cpp:40]   --->   Operation 634 'br' 'br_ln44' <Predicate = (select_ln39_1 != 0 & select_ln39_1 != 1 & select_ln41_1 == 3 & select_ln41 == 7)> <Delay = 0.00>
ST_3 : Operation 635 [1/1] (0.66ns)   --->   "%store_ln44 = store i8 0, i3 %fb_401_addr" [./line_buffer.h:44->./line_buffer.h:34->predecoder_kernel.cpp:40]   --->   Operation 635 'store' 'store_ln44' <Predicate = (select_ln39_1 != 0 & select_ln39_1 != 1 & select_ln41_1 == 3 & select_ln41 == 6)> <Delay = 0.66> <CoreInst = "RAM">   --->   Core 83 'RAM' <Latency = 1> <II = 1> <Delay = 0.66> <Storage> <Opcode : 'load' 'store'> <Ports = 2> <Width = 8> <Depth = 6> <RAM>
ST_3 : Operation 636 [1/1] (0.00ns)   --->   "%br_ln44 = br void %arrayidx204.i.i_2.exit1590" [./line_buffer.h:44->./line_buffer.h:34->predecoder_kernel.cpp:40]   --->   Operation 636 'br' 'br_ln44' <Predicate = (select_ln39_1 != 0 & select_ln39_1 != 1 & select_ln41_1 == 3 & select_ln41 == 6)> <Delay = 0.00>
ST_3 : Operation 637 [1/1] (0.66ns)   --->   "%store_ln44 = store i8 0, i3 %fb_400_addr" [./line_buffer.h:44->./line_buffer.h:34->predecoder_kernel.cpp:40]   --->   Operation 637 'store' 'store_ln44' <Predicate = (select_ln39_1 != 0 & select_ln39_1 != 1 & select_ln41_1 == 3 & select_ln41 == 5)> <Delay = 0.66> <CoreInst = "RAM">   --->   Core 83 'RAM' <Latency = 1> <II = 1> <Delay = 0.66> <Storage> <Opcode : 'load' 'store'> <Ports = 2> <Width = 8> <Depth = 6> <RAM>
ST_3 : Operation 638 [1/1] (0.00ns)   --->   "%br_ln44 = br void %arrayidx204.i.i_2.exit1590" [./line_buffer.h:44->./line_buffer.h:34->predecoder_kernel.cpp:40]   --->   Operation 638 'br' 'br_ln44' <Predicate = (select_ln39_1 != 0 & select_ln39_1 != 1 & select_ln41_1 == 3 & select_ln41 == 5)> <Delay = 0.00>
ST_3 : Operation 639 [1/1] (0.66ns)   --->   "%store_ln44 = store i8 0, i3 %fb_399_addr" [./line_buffer.h:44->./line_buffer.h:34->predecoder_kernel.cpp:40]   --->   Operation 639 'store' 'store_ln44' <Predicate = (select_ln39_1 != 0 & select_ln39_1 != 1 & select_ln41_1 == 3 & select_ln41 == 4)> <Delay = 0.66> <CoreInst = "RAM">   --->   Core 83 'RAM' <Latency = 1> <II = 1> <Delay = 0.66> <Storage> <Opcode : 'load' 'store'> <Ports = 2> <Width = 8> <Depth = 6> <RAM>
ST_3 : Operation 640 [1/1] (0.00ns)   --->   "%br_ln44 = br void %arrayidx204.i.i_2.exit1590" [./line_buffer.h:44->./line_buffer.h:34->predecoder_kernel.cpp:40]   --->   Operation 640 'br' 'br_ln44' <Predicate = (select_ln39_1 != 0 & select_ln39_1 != 1 & select_ln41_1 == 3 & select_ln41 == 4)> <Delay = 0.00>
ST_3 : Operation 641 [1/1] (0.66ns)   --->   "%store_ln44 = store i8 0, i3 %fb_398_addr" [./line_buffer.h:44->./line_buffer.h:34->predecoder_kernel.cpp:40]   --->   Operation 641 'store' 'store_ln44' <Predicate = (select_ln39_1 != 0 & select_ln39_1 != 1 & select_ln41_1 == 3 & select_ln41 == 3)> <Delay = 0.66> <CoreInst = "RAM">   --->   Core 83 'RAM' <Latency = 1> <II = 1> <Delay = 0.66> <Storage> <Opcode : 'load' 'store'> <Ports = 2> <Width = 8> <Depth = 6> <RAM>
ST_3 : Operation 642 [1/1] (0.00ns)   --->   "%br_ln44 = br void %arrayidx204.i.i_2.exit1590" [./line_buffer.h:44->./line_buffer.h:34->predecoder_kernel.cpp:40]   --->   Operation 642 'br' 'br_ln44' <Predicate = (select_ln39_1 != 0 & select_ln39_1 != 1 & select_ln41_1 == 3 & select_ln41 == 3)> <Delay = 0.00>
ST_3 : Operation 643 [1/1] (0.66ns)   --->   "%store_ln44 = store i8 0, i3 %fb_397_addr" [./line_buffer.h:44->./line_buffer.h:34->predecoder_kernel.cpp:40]   --->   Operation 643 'store' 'store_ln44' <Predicate = (select_ln39_1 != 0 & select_ln39_1 != 1 & select_ln41_1 == 3 & select_ln41 == 2)> <Delay = 0.66> <CoreInst = "RAM">   --->   Core 83 'RAM' <Latency = 1> <II = 1> <Delay = 0.66> <Storage> <Opcode : 'load' 'store'> <Ports = 2> <Width = 8> <Depth = 6> <RAM>
ST_3 : Operation 644 [1/1] (0.00ns)   --->   "%br_ln44 = br void %arrayidx204.i.i_2.exit1590" [./line_buffer.h:44->./line_buffer.h:34->predecoder_kernel.cpp:40]   --->   Operation 644 'br' 'br_ln44' <Predicate = (select_ln39_1 != 0 & select_ln39_1 != 1 & select_ln41_1 == 3 & select_ln41 == 2)> <Delay = 0.00>
ST_3 : Operation 645 [1/1] (0.66ns)   --->   "%store_ln44 = store i8 0, i3 %fb_396_addr" [./line_buffer.h:44->./line_buffer.h:34->predecoder_kernel.cpp:40]   --->   Operation 645 'store' 'store_ln44' <Predicate = (select_ln39_1 != 0 & select_ln39_1 != 1 & select_ln41_1 == 3 & select_ln41 == 1)> <Delay = 0.66> <CoreInst = "RAM">   --->   Core 83 'RAM' <Latency = 1> <II = 1> <Delay = 0.66> <Storage> <Opcode : 'load' 'store'> <Ports = 2> <Width = 8> <Depth = 6> <RAM>
ST_3 : Operation 646 [1/1] (0.00ns)   --->   "%br_ln44 = br void %arrayidx204.i.i_2.exit1590" [./line_buffer.h:44->./line_buffer.h:34->predecoder_kernel.cpp:40]   --->   Operation 646 'br' 'br_ln44' <Predicate = (select_ln39_1 != 0 & select_ln39_1 != 1 & select_ln41_1 == 3 & select_ln41 == 1)> <Delay = 0.00>
ST_3 : Operation 647 [1/1] (0.66ns)   --->   "%store_ln44 = store i8 0, i3 %fb_395_addr" [./line_buffer.h:44->./line_buffer.h:34->predecoder_kernel.cpp:40]   --->   Operation 647 'store' 'store_ln44' <Predicate = (select_ln39_1 != 0 & select_ln39_1 != 1 & select_ln41_1 == 3 & select_ln41 == 0)> <Delay = 0.66> <CoreInst = "RAM">   --->   Core 83 'RAM' <Latency = 1> <II = 1> <Delay = 0.66> <Storage> <Opcode : 'load' 'store'> <Ports = 2> <Width = 8> <Depth = 6> <RAM>
ST_3 : Operation 648 [1/1] (0.00ns)   --->   "%br_ln44 = br void %arrayidx204.i.i_2.exit1590" [./line_buffer.h:44->./line_buffer.h:34->predecoder_kernel.cpp:40]   --->   Operation 648 'br' 'br_ln44' <Predicate = (select_ln39_1 != 0 & select_ln39_1 != 1 & select_ln41_1 == 3 & select_ln41 == 0)> <Delay = 0.00>
ST_3 : Operation 649 [1/1] (0.66ns)   --->   "%store_ln44 = store i8 0, i3 %fb_406_addr" [./line_buffer.h:44->./line_buffer.h:34->predecoder_kernel.cpp:40]   --->   Operation 649 'store' 'store_ln44' <Predicate = (select_ln39_1 != 0 & select_ln39_1 != 1 & select_ln41_1 == 3 & select_ln41 != 0 & select_ln41 != 1 & select_ln41 != 2 & select_ln41 != 3 & select_ln41 != 4 & select_ln41 != 5 & select_ln41 != 6 & select_ln41 != 7 & select_ln41 != 8 & select_ln41 != 9 & select_ln41 != 10)> <Delay = 0.66> <CoreInst = "RAM">   --->   Core 83 'RAM' <Latency = 1> <II = 1> <Delay = 0.66> <Storage> <Opcode : 'load' 'store'> <Ports = 2> <Width = 8> <Depth = 6> <RAM>
ST_3 : Operation 650 [1/1] (0.00ns)   --->   "%br_ln44 = br void %arrayidx204.i.i_2.exit1590" [./line_buffer.h:44->./line_buffer.h:34->predecoder_kernel.cpp:40]   --->   Operation 650 'br' 'br_ln44' <Predicate = (select_ln39_1 != 0 & select_ln39_1 != 1 & select_ln41_1 == 3 & select_ln41 != 0 & select_ln41 != 1 & select_ln41 != 2 & select_ln41 != 3 & select_ln41 != 4 & select_ln41 != 5 & select_ln41 != 6 & select_ln41 != 7 & select_ln41 != 8 & select_ln41 != 9 & select_ln41 != 10)> <Delay = 0.00>
ST_3 : Operation 651 [1/1] (0.00ns)   --->   "%br_ln44 = br void %arrayidx204.i.i_2.exit" [./line_buffer.h:44->./line_buffer.h:34->predecoder_kernel.cpp:40]   --->   Operation 651 'br' 'br_ln44' <Predicate = (select_ln39_1 != 0 & select_ln39_1 != 1 & select_ln41_1 == 3)> <Delay = 0.00>
ST_3 : Operation 652 [1/1] (0.67ns)   --->   "%switch_ln44 = switch i4 %select_ln41, void %arrayidx204.i.i_2.case.111588, i4 0, void %arrayidx204.i.i_2.case.01577, i4 1, void %arrayidx204.i.i_2.case.11578, i4 2, void %arrayidx204.i.i_2.case.21579, i4 3, void %arrayidx204.i.i_2.case.31580, i4 4, void %arrayidx204.i.i_2.case.41581, i4 5, void %arrayidx204.i.i_2.case.51582, i4 6, void %arrayidx204.i.i_2.case.61583, i4 7, void %arrayidx204.i.i_2.case.71584, i4 8, void %arrayidx204.i.i_2.case.81585, i4 9, void %arrayidx204.i.i_2.case.91586, i4 10, void %arrayidx204.i.i_2.case.101587" [./line_buffer.h:44->./line_buffer.h:34->predecoder_kernel.cpp:40]   --->   Operation 652 'switch' 'switch_ln44' <Predicate = (select_ln39_1 != 0 & select_ln39_1 != 1 & select_ln41_1 == 2)> <Delay = 0.67>
ST_3 : Operation 653 [1/1] (0.66ns)   --->   "%store_ln44 = store i8 0, i3 %fb_393_addr" [./line_buffer.h:44->./line_buffer.h:34->predecoder_kernel.cpp:40]   --->   Operation 653 'store' 'store_ln44' <Predicate = (select_ln39_1 != 0 & select_ln39_1 != 1 & select_ln41_1 == 2 & select_ln41 == 10)> <Delay = 0.66> <CoreInst = "RAM">   --->   Core 83 'RAM' <Latency = 1> <II = 1> <Delay = 0.66> <Storage> <Opcode : 'load' 'store'> <Ports = 2> <Width = 8> <Depth = 6> <RAM>
ST_3 : Operation 654 [1/1] (0.00ns)   --->   "%br_ln44 = br void %arrayidx204.i.i_2.exit1576" [./line_buffer.h:44->./line_buffer.h:34->predecoder_kernel.cpp:40]   --->   Operation 654 'br' 'br_ln44' <Predicate = (select_ln39_1 != 0 & select_ln39_1 != 1 & select_ln41_1 == 2 & select_ln41 == 10)> <Delay = 0.00>
ST_3 : Operation 655 [1/1] (0.66ns)   --->   "%store_ln44 = store i8 0, i3 %fb_392_addr" [./line_buffer.h:44->./line_buffer.h:34->predecoder_kernel.cpp:40]   --->   Operation 655 'store' 'store_ln44' <Predicate = (select_ln39_1 != 0 & select_ln39_1 != 1 & select_ln41_1 == 2 & select_ln41 == 9)> <Delay = 0.66> <CoreInst = "RAM">   --->   Core 83 'RAM' <Latency = 1> <II = 1> <Delay = 0.66> <Storage> <Opcode : 'load' 'store'> <Ports = 2> <Width = 8> <Depth = 6> <RAM>
ST_3 : Operation 656 [1/1] (0.00ns)   --->   "%br_ln44 = br void %arrayidx204.i.i_2.exit1576" [./line_buffer.h:44->./line_buffer.h:34->predecoder_kernel.cpp:40]   --->   Operation 656 'br' 'br_ln44' <Predicate = (select_ln39_1 != 0 & select_ln39_1 != 1 & select_ln41_1 == 2 & select_ln41 == 9)> <Delay = 0.00>
ST_3 : Operation 657 [1/1] (0.66ns)   --->   "%store_ln44 = store i8 0, i3 %fb_391_addr" [./line_buffer.h:44->./line_buffer.h:34->predecoder_kernel.cpp:40]   --->   Operation 657 'store' 'store_ln44' <Predicate = (select_ln39_1 != 0 & select_ln39_1 != 1 & select_ln41_1 == 2 & select_ln41 == 8)> <Delay = 0.66> <CoreInst = "RAM">   --->   Core 83 'RAM' <Latency = 1> <II = 1> <Delay = 0.66> <Storage> <Opcode : 'load' 'store'> <Ports = 2> <Width = 8> <Depth = 6> <RAM>
ST_3 : Operation 658 [1/1] (0.00ns)   --->   "%br_ln44 = br void %arrayidx204.i.i_2.exit1576" [./line_buffer.h:44->./line_buffer.h:34->predecoder_kernel.cpp:40]   --->   Operation 658 'br' 'br_ln44' <Predicate = (select_ln39_1 != 0 & select_ln39_1 != 1 & select_ln41_1 == 2 & select_ln41 == 8)> <Delay = 0.00>
ST_3 : Operation 659 [1/1] (0.66ns)   --->   "%store_ln44 = store i8 0, i3 %fb_390_addr" [./line_buffer.h:44->./line_buffer.h:34->predecoder_kernel.cpp:40]   --->   Operation 659 'store' 'store_ln44' <Predicate = (select_ln39_1 != 0 & select_ln39_1 != 1 & select_ln41_1 == 2 & select_ln41 == 7)> <Delay = 0.66> <CoreInst = "RAM">   --->   Core 83 'RAM' <Latency = 1> <II = 1> <Delay = 0.66> <Storage> <Opcode : 'load' 'store'> <Ports = 2> <Width = 8> <Depth = 6> <RAM>
ST_3 : Operation 660 [1/1] (0.00ns)   --->   "%br_ln44 = br void %arrayidx204.i.i_2.exit1576" [./line_buffer.h:44->./line_buffer.h:34->predecoder_kernel.cpp:40]   --->   Operation 660 'br' 'br_ln44' <Predicate = (select_ln39_1 != 0 & select_ln39_1 != 1 & select_ln41_1 == 2 & select_ln41 == 7)> <Delay = 0.00>
ST_3 : Operation 661 [1/1] (0.66ns)   --->   "%store_ln44 = store i8 0, i3 %fb_389_addr" [./line_buffer.h:44->./line_buffer.h:34->predecoder_kernel.cpp:40]   --->   Operation 661 'store' 'store_ln44' <Predicate = (select_ln39_1 != 0 & select_ln39_1 != 1 & select_ln41_1 == 2 & select_ln41 == 6)> <Delay = 0.66> <CoreInst = "RAM">   --->   Core 83 'RAM' <Latency = 1> <II = 1> <Delay = 0.66> <Storage> <Opcode : 'load' 'store'> <Ports = 2> <Width = 8> <Depth = 6> <RAM>
ST_3 : Operation 662 [1/1] (0.00ns)   --->   "%br_ln44 = br void %arrayidx204.i.i_2.exit1576" [./line_buffer.h:44->./line_buffer.h:34->predecoder_kernel.cpp:40]   --->   Operation 662 'br' 'br_ln44' <Predicate = (select_ln39_1 != 0 & select_ln39_1 != 1 & select_ln41_1 == 2 & select_ln41 == 6)> <Delay = 0.00>
ST_3 : Operation 663 [1/1] (0.66ns)   --->   "%store_ln44 = store i8 0, i3 %fb_388_addr" [./line_buffer.h:44->./line_buffer.h:34->predecoder_kernel.cpp:40]   --->   Operation 663 'store' 'store_ln44' <Predicate = (select_ln39_1 != 0 & select_ln39_1 != 1 & select_ln41_1 == 2 & select_ln41 == 5)> <Delay = 0.66> <CoreInst = "RAM">   --->   Core 83 'RAM' <Latency = 1> <II = 1> <Delay = 0.66> <Storage> <Opcode : 'load' 'store'> <Ports = 2> <Width = 8> <Depth = 6> <RAM>
ST_3 : Operation 664 [1/1] (0.00ns)   --->   "%br_ln44 = br void %arrayidx204.i.i_2.exit1576" [./line_buffer.h:44->./line_buffer.h:34->predecoder_kernel.cpp:40]   --->   Operation 664 'br' 'br_ln44' <Predicate = (select_ln39_1 != 0 & select_ln39_1 != 1 & select_ln41_1 == 2 & select_ln41 == 5)> <Delay = 0.00>
ST_3 : Operation 665 [1/1] (0.66ns)   --->   "%store_ln44 = store i8 0, i3 %fb_387_addr" [./line_buffer.h:44->./line_buffer.h:34->predecoder_kernel.cpp:40]   --->   Operation 665 'store' 'store_ln44' <Predicate = (select_ln39_1 != 0 & select_ln39_1 != 1 & select_ln41_1 == 2 & select_ln41 == 4)> <Delay = 0.66> <CoreInst = "RAM">   --->   Core 83 'RAM' <Latency = 1> <II = 1> <Delay = 0.66> <Storage> <Opcode : 'load' 'store'> <Ports = 2> <Width = 8> <Depth = 6> <RAM>
ST_3 : Operation 666 [1/1] (0.00ns)   --->   "%br_ln44 = br void %arrayidx204.i.i_2.exit1576" [./line_buffer.h:44->./line_buffer.h:34->predecoder_kernel.cpp:40]   --->   Operation 666 'br' 'br_ln44' <Predicate = (select_ln39_1 != 0 & select_ln39_1 != 1 & select_ln41_1 == 2 & select_ln41 == 4)> <Delay = 0.00>
ST_3 : Operation 667 [1/1] (0.66ns)   --->   "%store_ln44 = store i8 0, i3 %fb_386_addr" [./line_buffer.h:44->./line_buffer.h:34->predecoder_kernel.cpp:40]   --->   Operation 667 'store' 'store_ln44' <Predicate = (select_ln39_1 != 0 & select_ln39_1 != 1 & select_ln41_1 == 2 & select_ln41 == 3)> <Delay = 0.66> <CoreInst = "RAM">   --->   Core 83 'RAM' <Latency = 1> <II = 1> <Delay = 0.66> <Storage> <Opcode : 'load' 'store'> <Ports = 2> <Width = 8> <Depth = 6> <RAM>
ST_3 : Operation 668 [1/1] (0.00ns)   --->   "%br_ln44 = br void %arrayidx204.i.i_2.exit1576" [./line_buffer.h:44->./line_buffer.h:34->predecoder_kernel.cpp:40]   --->   Operation 668 'br' 'br_ln44' <Predicate = (select_ln39_1 != 0 & select_ln39_1 != 1 & select_ln41_1 == 2 & select_ln41 == 3)> <Delay = 0.00>
ST_3 : Operation 669 [1/1] (0.66ns)   --->   "%store_ln44 = store i8 0, i3 %fb_385_addr" [./line_buffer.h:44->./line_buffer.h:34->predecoder_kernel.cpp:40]   --->   Operation 669 'store' 'store_ln44' <Predicate = (select_ln39_1 != 0 & select_ln39_1 != 1 & select_ln41_1 == 2 & select_ln41 == 2)> <Delay = 0.66> <CoreInst = "RAM">   --->   Core 83 'RAM' <Latency = 1> <II = 1> <Delay = 0.66> <Storage> <Opcode : 'load' 'store'> <Ports = 2> <Width = 8> <Depth = 6> <RAM>
ST_3 : Operation 670 [1/1] (0.00ns)   --->   "%br_ln44 = br void %arrayidx204.i.i_2.exit1576" [./line_buffer.h:44->./line_buffer.h:34->predecoder_kernel.cpp:40]   --->   Operation 670 'br' 'br_ln44' <Predicate = (select_ln39_1 != 0 & select_ln39_1 != 1 & select_ln41_1 == 2 & select_ln41 == 2)> <Delay = 0.00>
ST_3 : Operation 671 [1/1] (0.66ns)   --->   "%store_ln44 = store i8 0, i3 %fb_384_addr" [./line_buffer.h:44->./line_buffer.h:34->predecoder_kernel.cpp:40]   --->   Operation 671 'store' 'store_ln44' <Predicate = (select_ln39_1 != 0 & select_ln39_1 != 1 & select_ln41_1 == 2 & select_ln41 == 1)> <Delay = 0.66> <CoreInst = "RAM">   --->   Core 83 'RAM' <Latency = 1> <II = 1> <Delay = 0.66> <Storage> <Opcode : 'load' 'store'> <Ports = 2> <Width = 8> <Depth = 6> <RAM>
ST_3 : Operation 672 [1/1] (0.00ns)   --->   "%br_ln44 = br void %arrayidx204.i.i_2.exit1576" [./line_buffer.h:44->./line_buffer.h:34->predecoder_kernel.cpp:40]   --->   Operation 672 'br' 'br_ln44' <Predicate = (select_ln39_1 != 0 & select_ln39_1 != 1 & select_ln41_1 == 2 & select_ln41 == 1)> <Delay = 0.00>
ST_3 : Operation 673 [1/1] (0.66ns)   --->   "%store_ln44 = store i8 0, i3 %fb_383_addr" [./line_buffer.h:44->./line_buffer.h:34->predecoder_kernel.cpp:40]   --->   Operation 673 'store' 'store_ln44' <Predicate = (select_ln39_1 != 0 & select_ln39_1 != 1 & select_ln41_1 == 2 & select_ln41 == 0)> <Delay = 0.66> <CoreInst = "RAM">   --->   Core 83 'RAM' <Latency = 1> <II = 1> <Delay = 0.66> <Storage> <Opcode : 'load' 'store'> <Ports = 2> <Width = 8> <Depth = 6> <RAM>
ST_3 : Operation 674 [1/1] (0.00ns)   --->   "%br_ln44 = br void %arrayidx204.i.i_2.exit1576" [./line_buffer.h:44->./line_buffer.h:34->predecoder_kernel.cpp:40]   --->   Operation 674 'br' 'br_ln44' <Predicate = (select_ln39_1 != 0 & select_ln39_1 != 1 & select_ln41_1 == 2 & select_ln41 == 0)> <Delay = 0.00>
ST_3 : Operation 675 [1/1] (0.66ns)   --->   "%store_ln44 = store i8 0, i3 %fb_394_addr" [./line_buffer.h:44->./line_buffer.h:34->predecoder_kernel.cpp:40]   --->   Operation 675 'store' 'store_ln44' <Predicate = (select_ln39_1 != 0 & select_ln39_1 != 1 & select_ln41_1 == 2 & select_ln41 != 0 & select_ln41 != 1 & select_ln41 != 2 & select_ln41 != 3 & select_ln41 != 4 & select_ln41 != 5 & select_ln41 != 6 & select_ln41 != 7 & select_ln41 != 8 & select_ln41 != 9 & select_ln41 != 10)> <Delay = 0.66> <CoreInst = "RAM">   --->   Core 83 'RAM' <Latency = 1> <II = 1> <Delay = 0.66> <Storage> <Opcode : 'load' 'store'> <Ports = 2> <Width = 8> <Depth = 6> <RAM>
ST_3 : Operation 676 [1/1] (0.00ns)   --->   "%br_ln44 = br void %arrayidx204.i.i_2.exit1576" [./line_buffer.h:44->./line_buffer.h:34->predecoder_kernel.cpp:40]   --->   Operation 676 'br' 'br_ln44' <Predicate = (select_ln39_1 != 0 & select_ln39_1 != 1 & select_ln41_1 == 2 & select_ln41 != 0 & select_ln41 != 1 & select_ln41 != 2 & select_ln41 != 3 & select_ln41 != 4 & select_ln41 != 5 & select_ln41 != 6 & select_ln41 != 7 & select_ln41 != 8 & select_ln41 != 9 & select_ln41 != 10)> <Delay = 0.00>
ST_3 : Operation 677 [1/1] (0.00ns)   --->   "%br_ln44 = br void %arrayidx204.i.i_2.exit" [./line_buffer.h:44->./line_buffer.h:34->predecoder_kernel.cpp:40]   --->   Operation 677 'br' 'br_ln44' <Predicate = (select_ln39_1 != 0 & select_ln39_1 != 1 & select_ln41_1 == 2)> <Delay = 0.00>
ST_3 : Operation 678 [1/1] (0.67ns)   --->   "%switch_ln44 = switch i4 %select_ln41, void %arrayidx204.i.i_2.case.111574, i4 0, void %arrayidx204.i.i_2.case.01563, i4 1, void %arrayidx204.i.i_2.case.11564, i4 2, void %arrayidx204.i.i_2.case.21565, i4 3, void %arrayidx204.i.i_2.case.31566, i4 4, void %arrayidx204.i.i_2.case.41567, i4 5, void %arrayidx204.i.i_2.case.51568, i4 6, void %arrayidx204.i.i_2.case.61569, i4 7, void %arrayidx204.i.i_2.case.71570, i4 8, void %arrayidx204.i.i_2.case.81571, i4 9, void %arrayidx204.i.i_2.case.91572, i4 10, void %arrayidx204.i.i_2.case.101573" [./line_buffer.h:44->./line_buffer.h:34->predecoder_kernel.cpp:40]   --->   Operation 678 'switch' 'switch_ln44' <Predicate = (select_ln39_1 != 0 & select_ln39_1 != 1 & select_ln41_1 == 1)> <Delay = 0.67>
ST_3 : Operation 679 [1/1] (0.66ns)   --->   "%store_ln44 = store i8 0, i3 %fb_381_addr" [./line_buffer.h:44->./line_buffer.h:34->predecoder_kernel.cpp:40]   --->   Operation 679 'store' 'store_ln44' <Predicate = (select_ln39_1 != 0 & select_ln39_1 != 1 & select_ln41_1 == 1 & select_ln41 == 10)> <Delay = 0.66> <CoreInst = "RAM">   --->   Core 83 'RAM' <Latency = 1> <II = 1> <Delay = 0.66> <Storage> <Opcode : 'load' 'store'> <Ports = 2> <Width = 8> <Depth = 6> <RAM>
ST_3 : Operation 680 [1/1] (0.00ns)   --->   "%br_ln44 = br void %arrayidx204.i.i_2.exit1562" [./line_buffer.h:44->./line_buffer.h:34->predecoder_kernel.cpp:40]   --->   Operation 680 'br' 'br_ln44' <Predicate = (select_ln39_1 != 0 & select_ln39_1 != 1 & select_ln41_1 == 1 & select_ln41 == 10)> <Delay = 0.00>
ST_3 : Operation 681 [1/1] (0.66ns)   --->   "%store_ln44 = store i8 0, i3 %fb_380_addr" [./line_buffer.h:44->./line_buffer.h:34->predecoder_kernel.cpp:40]   --->   Operation 681 'store' 'store_ln44' <Predicate = (select_ln39_1 != 0 & select_ln39_1 != 1 & select_ln41_1 == 1 & select_ln41 == 9)> <Delay = 0.66> <CoreInst = "RAM">   --->   Core 83 'RAM' <Latency = 1> <II = 1> <Delay = 0.66> <Storage> <Opcode : 'load' 'store'> <Ports = 2> <Width = 8> <Depth = 6> <RAM>
ST_3 : Operation 682 [1/1] (0.00ns)   --->   "%br_ln44 = br void %arrayidx204.i.i_2.exit1562" [./line_buffer.h:44->./line_buffer.h:34->predecoder_kernel.cpp:40]   --->   Operation 682 'br' 'br_ln44' <Predicate = (select_ln39_1 != 0 & select_ln39_1 != 1 & select_ln41_1 == 1 & select_ln41 == 9)> <Delay = 0.00>
ST_3 : Operation 683 [1/1] (0.66ns)   --->   "%store_ln44 = store i8 0, i3 %fb_379_addr" [./line_buffer.h:44->./line_buffer.h:34->predecoder_kernel.cpp:40]   --->   Operation 683 'store' 'store_ln44' <Predicate = (select_ln39_1 != 0 & select_ln39_1 != 1 & select_ln41_1 == 1 & select_ln41 == 8)> <Delay = 0.66> <CoreInst = "RAM">   --->   Core 83 'RAM' <Latency = 1> <II = 1> <Delay = 0.66> <Storage> <Opcode : 'load' 'store'> <Ports = 2> <Width = 8> <Depth = 6> <RAM>
ST_3 : Operation 684 [1/1] (0.00ns)   --->   "%br_ln44 = br void %arrayidx204.i.i_2.exit1562" [./line_buffer.h:44->./line_buffer.h:34->predecoder_kernel.cpp:40]   --->   Operation 684 'br' 'br_ln44' <Predicate = (select_ln39_1 != 0 & select_ln39_1 != 1 & select_ln41_1 == 1 & select_ln41 == 8)> <Delay = 0.00>
ST_3 : Operation 685 [1/1] (0.66ns)   --->   "%store_ln44 = store i8 0, i3 %fb_378_addr" [./line_buffer.h:44->./line_buffer.h:34->predecoder_kernel.cpp:40]   --->   Operation 685 'store' 'store_ln44' <Predicate = (select_ln39_1 != 0 & select_ln39_1 != 1 & select_ln41_1 == 1 & select_ln41 == 7)> <Delay = 0.66> <CoreInst = "RAM">   --->   Core 83 'RAM' <Latency = 1> <II = 1> <Delay = 0.66> <Storage> <Opcode : 'load' 'store'> <Ports = 2> <Width = 8> <Depth = 6> <RAM>
ST_3 : Operation 686 [1/1] (0.00ns)   --->   "%br_ln44 = br void %arrayidx204.i.i_2.exit1562" [./line_buffer.h:44->./line_buffer.h:34->predecoder_kernel.cpp:40]   --->   Operation 686 'br' 'br_ln44' <Predicate = (select_ln39_1 != 0 & select_ln39_1 != 1 & select_ln41_1 == 1 & select_ln41 == 7)> <Delay = 0.00>
ST_3 : Operation 687 [1/1] (0.66ns)   --->   "%store_ln44 = store i8 0, i3 %fb_377_addr" [./line_buffer.h:44->./line_buffer.h:34->predecoder_kernel.cpp:40]   --->   Operation 687 'store' 'store_ln44' <Predicate = (select_ln39_1 != 0 & select_ln39_1 != 1 & select_ln41_1 == 1 & select_ln41 == 6)> <Delay = 0.66> <CoreInst = "RAM">   --->   Core 83 'RAM' <Latency = 1> <II = 1> <Delay = 0.66> <Storage> <Opcode : 'load' 'store'> <Ports = 2> <Width = 8> <Depth = 6> <RAM>
ST_3 : Operation 688 [1/1] (0.00ns)   --->   "%br_ln44 = br void %arrayidx204.i.i_2.exit1562" [./line_buffer.h:44->./line_buffer.h:34->predecoder_kernel.cpp:40]   --->   Operation 688 'br' 'br_ln44' <Predicate = (select_ln39_1 != 0 & select_ln39_1 != 1 & select_ln41_1 == 1 & select_ln41 == 6)> <Delay = 0.00>
ST_3 : Operation 689 [1/1] (0.66ns)   --->   "%store_ln44 = store i8 0, i3 %fb_376_addr" [./line_buffer.h:44->./line_buffer.h:34->predecoder_kernel.cpp:40]   --->   Operation 689 'store' 'store_ln44' <Predicate = (select_ln39_1 != 0 & select_ln39_1 != 1 & select_ln41_1 == 1 & select_ln41 == 5)> <Delay = 0.66> <CoreInst = "RAM">   --->   Core 83 'RAM' <Latency = 1> <II = 1> <Delay = 0.66> <Storage> <Opcode : 'load' 'store'> <Ports = 2> <Width = 8> <Depth = 6> <RAM>
ST_3 : Operation 690 [1/1] (0.00ns)   --->   "%br_ln44 = br void %arrayidx204.i.i_2.exit1562" [./line_buffer.h:44->./line_buffer.h:34->predecoder_kernel.cpp:40]   --->   Operation 690 'br' 'br_ln44' <Predicate = (select_ln39_1 != 0 & select_ln39_1 != 1 & select_ln41_1 == 1 & select_ln41 == 5)> <Delay = 0.00>
ST_3 : Operation 691 [1/1] (0.66ns)   --->   "%store_ln44 = store i8 0, i3 %fb_375_addr" [./line_buffer.h:44->./line_buffer.h:34->predecoder_kernel.cpp:40]   --->   Operation 691 'store' 'store_ln44' <Predicate = (select_ln39_1 != 0 & select_ln39_1 != 1 & select_ln41_1 == 1 & select_ln41 == 4)> <Delay = 0.66> <CoreInst = "RAM">   --->   Core 83 'RAM' <Latency = 1> <II = 1> <Delay = 0.66> <Storage> <Opcode : 'load' 'store'> <Ports = 2> <Width = 8> <Depth = 6> <RAM>
ST_3 : Operation 692 [1/1] (0.00ns)   --->   "%br_ln44 = br void %arrayidx204.i.i_2.exit1562" [./line_buffer.h:44->./line_buffer.h:34->predecoder_kernel.cpp:40]   --->   Operation 692 'br' 'br_ln44' <Predicate = (select_ln39_1 != 0 & select_ln39_1 != 1 & select_ln41_1 == 1 & select_ln41 == 4)> <Delay = 0.00>
ST_3 : Operation 693 [1/1] (0.66ns)   --->   "%store_ln44 = store i8 0, i3 %fb_374_addr" [./line_buffer.h:44->./line_buffer.h:34->predecoder_kernel.cpp:40]   --->   Operation 693 'store' 'store_ln44' <Predicate = (select_ln39_1 != 0 & select_ln39_1 != 1 & select_ln41_1 == 1 & select_ln41 == 3)> <Delay = 0.66> <CoreInst = "RAM">   --->   Core 83 'RAM' <Latency = 1> <II = 1> <Delay = 0.66> <Storage> <Opcode : 'load' 'store'> <Ports = 2> <Width = 8> <Depth = 6> <RAM>
ST_3 : Operation 694 [1/1] (0.00ns)   --->   "%br_ln44 = br void %arrayidx204.i.i_2.exit1562" [./line_buffer.h:44->./line_buffer.h:34->predecoder_kernel.cpp:40]   --->   Operation 694 'br' 'br_ln44' <Predicate = (select_ln39_1 != 0 & select_ln39_1 != 1 & select_ln41_1 == 1 & select_ln41 == 3)> <Delay = 0.00>
ST_3 : Operation 695 [1/1] (0.66ns)   --->   "%store_ln44 = store i8 0, i3 %fb_373_addr" [./line_buffer.h:44->./line_buffer.h:34->predecoder_kernel.cpp:40]   --->   Operation 695 'store' 'store_ln44' <Predicate = (select_ln39_1 != 0 & select_ln39_1 != 1 & select_ln41_1 == 1 & select_ln41 == 2)> <Delay = 0.66> <CoreInst = "RAM">   --->   Core 83 'RAM' <Latency = 1> <II = 1> <Delay = 0.66> <Storage> <Opcode : 'load' 'store'> <Ports = 2> <Width = 8> <Depth = 6> <RAM>
ST_3 : Operation 696 [1/1] (0.00ns)   --->   "%br_ln44 = br void %arrayidx204.i.i_2.exit1562" [./line_buffer.h:44->./line_buffer.h:34->predecoder_kernel.cpp:40]   --->   Operation 696 'br' 'br_ln44' <Predicate = (select_ln39_1 != 0 & select_ln39_1 != 1 & select_ln41_1 == 1 & select_ln41 == 2)> <Delay = 0.00>
ST_3 : Operation 697 [1/1] (0.66ns)   --->   "%store_ln44 = store i8 0, i3 %fb_372_addr" [./line_buffer.h:44->./line_buffer.h:34->predecoder_kernel.cpp:40]   --->   Operation 697 'store' 'store_ln44' <Predicate = (select_ln39_1 != 0 & select_ln39_1 != 1 & select_ln41_1 == 1 & select_ln41 == 1)> <Delay = 0.66> <CoreInst = "RAM">   --->   Core 83 'RAM' <Latency = 1> <II = 1> <Delay = 0.66> <Storage> <Opcode : 'load' 'store'> <Ports = 2> <Width = 8> <Depth = 6> <RAM>
ST_3 : Operation 698 [1/1] (0.00ns)   --->   "%br_ln44 = br void %arrayidx204.i.i_2.exit1562" [./line_buffer.h:44->./line_buffer.h:34->predecoder_kernel.cpp:40]   --->   Operation 698 'br' 'br_ln44' <Predicate = (select_ln39_1 != 0 & select_ln39_1 != 1 & select_ln41_1 == 1 & select_ln41 == 1)> <Delay = 0.00>
ST_3 : Operation 699 [1/1] (0.66ns)   --->   "%store_ln44 = store i8 0, i3 %fb_371_addr" [./line_buffer.h:44->./line_buffer.h:34->predecoder_kernel.cpp:40]   --->   Operation 699 'store' 'store_ln44' <Predicate = (select_ln39_1 != 0 & select_ln39_1 != 1 & select_ln41_1 == 1 & select_ln41 == 0)> <Delay = 0.66> <CoreInst = "RAM">   --->   Core 83 'RAM' <Latency = 1> <II = 1> <Delay = 0.66> <Storage> <Opcode : 'load' 'store'> <Ports = 2> <Width = 8> <Depth = 6> <RAM>
ST_3 : Operation 700 [1/1] (0.00ns)   --->   "%br_ln44 = br void %arrayidx204.i.i_2.exit1562" [./line_buffer.h:44->./line_buffer.h:34->predecoder_kernel.cpp:40]   --->   Operation 700 'br' 'br_ln44' <Predicate = (select_ln39_1 != 0 & select_ln39_1 != 1 & select_ln41_1 == 1 & select_ln41 == 0)> <Delay = 0.00>
ST_3 : Operation 701 [1/1] (0.66ns)   --->   "%store_ln44 = store i8 0, i3 %fb_382_addr" [./line_buffer.h:44->./line_buffer.h:34->predecoder_kernel.cpp:40]   --->   Operation 701 'store' 'store_ln44' <Predicate = (select_ln39_1 != 0 & select_ln39_1 != 1 & select_ln41_1 == 1 & select_ln41 != 0 & select_ln41 != 1 & select_ln41 != 2 & select_ln41 != 3 & select_ln41 != 4 & select_ln41 != 5 & select_ln41 != 6 & select_ln41 != 7 & select_ln41 != 8 & select_ln41 != 9 & select_ln41 != 10)> <Delay = 0.66> <CoreInst = "RAM">   --->   Core 83 'RAM' <Latency = 1> <II = 1> <Delay = 0.66> <Storage> <Opcode : 'load' 'store'> <Ports = 2> <Width = 8> <Depth = 6> <RAM>
ST_3 : Operation 702 [1/1] (0.00ns)   --->   "%br_ln44 = br void %arrayidx204.i.i_2.exit1562" [./line_buffer.h:44->./line_buffer.h:34->predecoder_kernel.cpp:40]   --->   Operation 702 'br' 'br_ln44' <Predicate = (select_ln39_1 != 0 & select_ln39_1 != 1 & select_ln41_1 == 1 & select_ln41 != 0 & select_ln41 != 1 & select_ln41 != 2 & select_ln41 != 3 & select_ln41 != 4 & select_ln41 != 5 & select_ln41 != 6 & select_ln41 != 7 & select_ln41 != 8 & select_ln41 != 9 & select_ln41 != 10)> <Delay = 0.00>
ST_3 : Operation 703 [1/1] (0.00ns)   --->   "%br_ln44 = br void %arrayidx204.i.i_2.exit" [./line_buffer.h:44->./line_buffer.h:34->predecoder_kernel.cpp:40]   --->   Operation 703 'br' 'br_ln44' <Predicate = (select_ln39_1 != 0 & select_ln39_1 != 1 & select_ln41_1 == 1)> <Delay = 0.00>
ST_3 : Operation 704 [1/1] (0.67ns)   --->   "%switch_ln44 = switch i4 %select_ln41, void %arrayidx204.i.i_2.case.11, i4 0, void %arrayidx204.i.i_2.case.01555, i4 1, void %arrayidx204.i.i_2.case.11556, i4 2, void %arrayidx204.i.i_2.case.21557, i4 3, void %arrayidx204.i.i_2.case.31558, i4 4, void %arrayidx204.i.i_2.case.41559, i4 5, void %arrayidx204.i.i_2.case.51560, i4 6, void %arrayidx204.i.i_2.case.6, i4 7, void %arrayidx204.i.i_2.case.7, i4 8, void %arrayidx204.i.i_2.case.8, i4 9, void %arrayidx204.i.i_2.case.9, i4 10, void %arrayidx204.i.i_2.case.10" [./line_buffer.h:44->./line_buffer.h:34->predecoder_kernel.cpp:40]   --->   Operation 704 'switch' 'switch_ln44' <Predicate = (select_ln39_1 != 0 & select_ln39_1 != 1 & select_ln41_1 == 0)> <Delay = 0.67>
ST_3 : Operation 705 [1/1] (0.66ns)   --->   "%store_ln44 = store i8 0, i3 %fb_369_addr" [./line_buffer.h:44->./line_buffer.h:34->predecoder_kernel.cpp:40]   --->   Operation 705 'store' 'store_ln44' <Predicate = (select_ln39_1 != 0 & select_ln39_1 != 1 & select_ln41_1 == 0 & select_ln41 == 10)> <Delay = 0.66> <CoreInst = "RAM">   --->   Core 83 'RAM' <Latency = 1> <II = 1> <Delay = 0.66> <Storage> <Opcode : 'load' 'store'> <Ports = 2> <Width = 8> <Depth = 6> <RAM>
ST_3 : Operation 706 [1/1] (0.00ns)   --->   "%br_ln44 = br void %arrayidx204.i.i_2.exit1554" [./line_buffer.h:44->./line_buffer.h:34->predecoder_kernel.cpp:40]   --->   Operation 706 'br' 'br_ln44' <Predicate = (select_ln39_1 != 0 & select_ln39_1 != 1 & select_ln41_1 == 0 & select_ln41 == 10)> <Delay = 0.00>
ST_3 : Operation 707 [1/1] (0.66ns)   --->   "%store_ln44 = store i8 0, i3 %fb_368_addr" [./line_buffer.h:44->./line_buffer.h:34->predecoder_kernel.cpp:40]   --->   Operation 707 'store' 'store_ln44' <Predicate = (select_ln39_1 != 0 & select_ln39_1 != 1 & select_ln41_1 == 0 & select_ln41 == 9)> <Delay = 0.66> <CoreInst = "RAM">   --->   Core 83 'RAM' <Latency = 1> <II = 1> <Delay = 0.66> <Storage> <Opcode : 'load' 'store'> <Ports = 2> <Width = 8> <Depth = 6> <RAM>
ST_3 : Operation 708 [1/1] (0.00ns)   --->   "%br_ln44 = br void %arrayidx204.i.i_2.exit1554" [./line_buffer.h:44->./line_buffer.h:34->predecoder_kernel.cpp:40]   --->   Operation 708 'br' 'br_ln44' <Predicate = (select_ln39_1 != 0 & select_ln39_1 != 1 & select_ln41_1 == 0 & select_ln41 == 9)> <Delay = 0.00>
ST_3 : Operation 709 [1/1] (0.66ns)   --->   "%store_ln44 = store i8 0, i3 %fb_367_addr" [./line_buffer.h:44->./line_buffer.h:34->predecoder_kernel.cpp:40]   --->   Operation 709 'store' 'store_ln44' <Predicate = (select_ln39_1 != 0 & select_ln39_1 != 1 & select_ln41_1 == 0 & select_ln41 == 8)> <Delay = 0.66> <CoreInst = "RAM">   --->   Core 83 'RAM' <Latency = 1> <II = 1> <Delay = 0.66> <Storage> <Opcode : 'load' 'store'> <Ports = 2> <Width = 8> <Depth = 6> <RAM>
ST_3 : Operation 710 [1/1] (0.00ns)   --->   "%br_ln44 = br void %arrayidx204.i.i_2.exit1554" [./line_buffer.h:44->./line_buffer.h:34->predecoder_kernel.cpp:40]   --->   Operation 710 'br' 'br_ln44' <Predicate = (select_ln39_1 != 0 & select_ln39_1 != 1 & select_ln41_1 == 0 & select_ln41 == 8)> <Delay = 0.00>
ST_3 : Operation 711 [1/1] (0.66ns)   --->   "%store_ln44 = store i8 0, i3 %fb_366_addr" [./line_buffer.h:44->./line_buffer.h:34->predecoder_kernel.cpp:40]   --->   Operation 711 'store' 'store_ln44' <Predicate = (select_ln39_1 != 0 & select_ln39_1 != 1 & select_ln41_1 == 0 & select_ln41 == 7)> <Delay = 0.66> <CoreInst = "RAM">   --->   Core 83 'RAM' <Latency = 1> <II = 1> <Delay = 0.66> <Storage> <Opcode : 'load' 'store'> <Ports = 2> <Width = 8> <Depth = 6> <RAM>
ST_3 : Operation 712 [1/1] (0.00ns)   --->   "%br_ln44 = br void %arrayidx204.i.i_2.exit1554" [./line_buffer.h:44->./line_buffer.h:34->predecoder_kernel.cpp:40]   --->   Operation 712 'br' 'br_ln44' <Predicate = (select_ln39_1 != 0 & select_ln39_1 != 1 & select_ln41_1 == 0 & select_ln41 == 7)> <Delay = 0.00>
ST_3 : Operation 713 [1/1] (0.66ns)   --->   "%store_ln44 = store i8 0, i3 %fb_365_addr" [./line_buffer.h:44->./line_buffer.h:34->predecoder_kernel.cpp:40]   --->   Operation 713 'store' 'store_ln44' <Predicate = (select_ln39_1 != 0 & select_ln39_1 != 1 & select_ln41_1 == 0 & select_ln41 == 6)> <Delay = 0.66> <CoreInst = "RAM">   --->   Core 83 'RAM' <Latency = 1> <II = 1> <Delay = 0.66> <Storage> <Opcode : 'load' 'store'> <Ports = 2> <Width = 8> <Depth = 6> <RAM>
ST_3 : Operation 714 [1/1] (0.00ns)   --->   "%br_ln44 = br void %arrayidx204.i.i_2.exit1554" [./line_buffer.h:44->./line_buffer.h:34->predecoder_kernel.cpp:40]   --->   Operation 714 'br' 'br_ln44' <Predicate = (select_ln39_1 != 0 & select_ln39_1 != 1 & select_ln41_1 == 0 & select_ln41 == 6)> <Delay = 0.00>
ST_3 : Operation 715 [1/1] (0.66ns)   --->   "%store_ln44 = store i8 0, i3 %fb_364_addr" [./line_buffer.h:44->./line_buffer.h:34->predecoder_kernel.cpp:40]   --->   Operation 715 'store' 'store_ln44' <Predicate = (select_ln39_1 != 0 & select_ln39_1 != 1 & select_ln41_1 == 0 & select_ln41 == 5)> <Delay = 0.66> <CoreInst = "RAM">   --->   Core 83 'RAM' <Latency = 1> <II = 1> <Delay = 0.66> <Storage> <Opcode : 'load' 'store'> <Ports = 2> <Width = 8> <Depth = 6> <RAM>
ST_3 : Operation 716 [1/1] (0.00ns)   --->   "%br_ln44 = br void %arrayidx204.i.i_2.exit1554" [./line_buffer.h:44->./line_buffer.h:34->predecoder_kernel.cpp:40]   --->   Operation 716 'br' 'br_ln44' <Predicate = (select_ln39_1 != 0 & select_ln39_1 != 1 & select_ln41_1 == 0 & select_ln41 == 5)> <Delay = 0.00>
ST_3 : Operation 717 [1/1] (0.66ns)   --->   "%store_ln44 = store i8 0, i3 %fb_363_addr" [./line_buffer.h:44->./line_buffer.h:34->predecoder_kernel.cpp:40]   --->   Operation 717 'store' 'store_ln44' <Predicate = (select_ln39_1 != 0 & select_ln39_1 != 1 & select_ln41_1 == 0 & select_ln41 == 4)> <Delay = 0.66> <CoreInst = "RAM">   --->   Core 83 'RAM' <Latency = 1> <II = 1> <Delay = 0.66> <Storage> <Opcode : 'load' 'store'> <Ports = 2> <Width = 8> <Depth = 6> <RAM>
ST_3 : Operation 718 [1/1] (0.00ns)   --->   "%br_ln44 = br void %arrayidx204.i.i_2.exit1554" [./line_buffer.h:44->./line_buffer.h:34->predecoder_kernel.cpp:40]   --->   Operation 718 'br' 'br_ln44' <Predicate = (select_ln39_1 != 0 & select_ln39_1 != 1 & select_ln41_1 == 0 & select_ln41 == 4)> <Delay = 0.00>
ST_3 : Operation 719 [1/1] (0.66ns)   --->   "%store_ln44 = store i8 0, i3 %fb_362_addr" [./line_buffer.h:44->./line_buffer.h:34->predecoder_kernel.cpp:40]   --->   Operation 719 'store' 'store_ln44' <Predicate = (select_ln39_1 != 0 & select_ln39_1 != 1 & select_ln41_1 == 0 & select_ln41 == 3)> <Delay = 0.66> <CoreInst = "RAM">   --->   Core 83 'RAM' <Latency = 1> <II = 1> <Delay = 0.66> <Storage> <Opcode : 'load' 'store'> <Ports = 2> <Width = 8> <Depth = 6> <RAM>
ST_3 : Operation 720 [1/1] (0.00ns)   --->   "%br_ln44 = br void %arrayidx204.i.i_2.exit1554" [./line_buffer.h:44->./line_buffer.h:34->predecoder_kernel.cpp:40]   --->   Operation 720 'br' 'br_ln44' <Predicate = (select_ln39_1 != 0 & select_ln39_1 != 1 & select_ln41_1 == 0 & select_ln41 == 3)> <Delay = 0.00>
ST_3 : Operation 721 [1/1] (0.66ns)   --->   "%store_ln44 = store i8 0, i3 %fb_361_addr" [./line_buffer.h:44->./line_buffer.h:34->predecoder_kernel.cpp:40]   --->   Operation 721 'store' 'store_ln44' <Predicate = (select_ln39_1 != 0 & select_ln39_1 != 1 & select_ln41_1 == 0 & select_ln41 == 2)> <Delay = 0.66> <CoreInst = "RAM">   --->   Core 83 'RAM' <Latency = 1> <II = 1> <Delay = 0.66> <Storage> <Opcode : 'load' 'store'> <Ports = 2> <Width = 8> <Depth = 6> <RAM>
ST_3 : Operation 722 [1/1] (0.00ns)   --->   "%br_ln44 = br void %arrayidx204.i.i_2.exit1554" [./line_buffer.h:44->./line_buffer.h:34->predecoder_kernel.cpp:40]   --->   Operation 722 'br' 'br_ln44' <Predicate = (select_ln39_1 != 0 & select_ln39_1 != 1 & select_ln41_1 == 0 & select_ln41 == 2)> <Delay = 0.00>
ST_3 : Operation 723 [1/1] (0.66ns)   --->   "%store_ln44 = store i8 0, i3 %fb_360_addr" [./line_buffer.h:44->./line_buffer.h:34->predecoder_kernel.cpp:40]   --->   Operation 723 'store' 'store_ln44' <Predicate = (select_ln39_1 != 0 & select_ln39_1 != 1 & select_ln41_1 == 0 & select_ln41 == 1)> <Delay = 0.66> <CoreInst = "RAM">   --->   Core 83 'RAM' <Latency = 1> <II = 1> <Delay = 0.66> <Storage> <Opcode : 'load' 'store'> <Ports = 2> <Width = 8> <Depth = 6> <RAM>
ST_3 : Operation 724 [1/1] (0.00ns)   --->   "%br_ln44 = br void %arrayidx204.i.i_2.exit1554" [./line_buffer.h:44->./line_buffer.h:34->predecoder_kernel.cpp:40]   --->   Operation 724 'br' 'br_ln44' <Predicate = (select_ln39_1 != 0 & select_ln39_1 != 1 & select_ln41_1 == 0 & select_ln41 == 1)> <Delay = 0.00>
ST_3 : Operation 725 [1/1] (0.66ns)   --->   "%store_ln44 = store i8 0, i3 %fb_359_addr" [./line_buffer.h:44->./line_buffer.h:34->predecoder_kernel.cpp:40]   --->   Operation 725 'store' 'store_ln44' <Predicate = (select_ln39_1 != 0 & select_ln39_1 != 1 & select_ln41_1 == 0 & select_ln41 == 0)> <Delay = 0.66> <CoreInst = "RAM">   --->   Core 83 'RAM' <Latency = 1> <II = 1> <Delay = 0.66> <Storage> <Opcode : 'load' 'store'> <Ports = 2> <Width = 8> <Depth = 6> <RAM>
ST_3 : Operation 726 [1/1] (0.00ns)   --->   "%br_ln44 = br void %arrayidx204.i.i_2.exit1554" [./line_buffer.h:44->./line_buffer.h:34->predecoder_kernel.cpp:40]   --->   Operation 726 'br' 'br_ln44' <Predicate = (select_ln39_1 != 0 & select_ln39_1 != 1 & select_ln41_1 == 0 & select_ln41 == 0)> <Delay = 0.00>
ST_3 : Operation 727 [1/1] (0.66ns)   --->   "%store_ln44 = store i8 0, i3 %fb_370_addr" [./line_buffer.h:44->./line_buffer.h:34->predecoder_kernel.cpp:40]   --->   Operation 727 'store' 'store_ln44' <Predicate = (select_ln39_1 != 0 & select_ln39_1 != 1 & select_ln41_1 == 0 & select_ln41 != 0 & select_ln41 != 1 & select_ln41 != 2 & select_ln41 != 3 & select_ln41 != 4 & select_ln41 != 5 & select_ln41 != 6 & select_ln41 != 7 & select_ln41 != 8 & select_ln41 != 9 & select_ln41 != 10)> <Delay = 0.66> <CoreInst = "RAM">   --->   Core 83 'RAM' <Latency = 1> <II = 1> <Delay = 0.66> <Storage> <Opcode : 'load' 'store'> <Ports = 2> <Width = 8> <Depth = 6> <RAM>
ST_3 : Operation 728 [1/1] (0.00ns)   --->   "%br_ln44 = br void %arrayidx204.i.i_2.exit1554" [./line_buffer.h:44->./line_buffer.h:34->predecoder_kernel.cpp:40]   --->   Operation 728 'br' 'br_ln44' <Predicate = (select_ln39_1 != 0 & select_ln39_1 != 1 & select_ln41_1 == 0 & select_ln41 != 0 & select_ln41 != 1 & select_ln41 != 2 & select_ln41 != 3 & select_ln41 != 4 & select_ln41 != 5 & select_ln41 != 6 & select_ln41 != 7 & select_ln41 != 8 & select_ln41 != 9 & select_ln41 != 10)> <Delay = 0.00>
ST_3 : Operation 729 [1/1] (0.00ns)   --->   "%br_ln44 = br void %arrayidx204.i.i_2.exit" [./line_buffer.h:44->./line_buffer.h:34->predecoder_kernel.cpp:40]   --->   Operation 729 'br' 'br_ln44' <Predicate = (select_ln39_1 != 0 & select_ln39_1 != 1 & select_ln41_1 == 0)> <Delay = 0.00>
ST_3 : Operation 730 [1/1] (0.67ns)   --->   "%switch_ln44 = switch i4 %select_ln41, void %arrayidx204.i.i_2.case.111630, i4 0, void %arrayidx204.i.i_2.case.01619, i4 1, void %arrayidx204.i.i_2.case.11620, i4 2, void %arrayidx204.i.i_2.case.21621, i4 3, void %arrayidx204.i.i_2.case.31622, i4 4, void %arrayidx204.i.i_2.case.41623, i4 5, void %arrayidx204.i.i_2.case.51624, i4 6, void %arrayidx204.i.i_2.case.61625, i4 7, void %arrayidx204.i.i_2.case.71626, i4 8, void %arrayidx204.i.i_2.case.81627, i4 9, void %arrayidx204.i.i_2.case.91628, i4 10, void %arrayidx204.i.i_2.case.101629" [./line_buffer.h:44->./line_buffer.h:34->predecoder_kernel.cpp:40]   --->   Operation 730 'switch' 'switch_ln44' <Predicate = (select_ln39_1 != 0 & select_ln39_1 != 1 & select_ln41_1 != 0 & select_ln41_1 != 1 & select_ln41_1 != 2 & select_ln41_1 != 3 & select_ln41_1 != 4)> <Delay = 0.67>
ST_3 : Operation 731 [1/1] (0.66ns)   --->   "%store_ln44 = store i8 0, i3 %fb_429_addr" [./line_buffer.h:44->./line_buffer.h:34->predecoder_kernel.cpp:40]   --->   Operation 731 'store' 'store_ln44' <Predicate = (select_ln39_1 != 0 & select_ln39_1 != 1 & select_ln41_1 != 0 & select_ln41_1 != 1 & select_ln41_1 != 2 & select_ln41_1 != 3 & select_ln41_1 != 4 & select_ln41 == 10)> <Delay = 0.66> <CoreInst = "RAM">   --->   Core 83 'RAM' <Latency = 1> <II = 1> <Delay = 0.66> <Storage> <Opcode : 'load' 'store'> <Ports = 2> <Width = 8> <Depth = 6> <RAM>
ST_3 : Operation 732 [1/1] (0.00ns)   --->   "%br_ln44 = br void %arrayidx204.i.i_2.exit1618" [./line_buffer.h:44->./line_buffer.h:34->predecoder_kernel.cpp:40]   --->   Operation 732 'br' 'br_ln44' <Predicate = (select_ln39_1 != 0 & select_ln39_1 != 1 & select_ln41_1 != 0 & select_ln41_1 != 1 & select_ln41_1 != 2 & select_ln41_1 != 3 & select_ln41_1 != 4 & select_ln41 == 10)> <Delay = 0.00>
ST_3 : Operation 733 [1/1] (0.66ns)   --->   "%store_ln44 = store i8 0, i3 %fb_428_addr" [./line_buffer.h:44->./line_buffer.h:34->predecoder_kernel.cpp:40]   --->   Operation 733 'store' 'store_ln44' <Predicate = (select_ln39_1 != 0 & select_ln39_1 != 1 & select_ln41_1 != 0 & select_ln41_1 != 1 & select_ln41_1 != 2 & select_ln41_1 != 3 & select_ln41_1 != 4 & select_ln41 == 9)> <Delay = 0.66> <CoreInst = "RAM">   --->   Core 83 'RAM' <Latency = 1> <II = 1> <Delay = 0.66> <Storage> <Opcode : 'load' 'store'> <Ports = 2> <Width = 8> <Depth = 6> <RAM>
ST_3 : Operation 734 [1/1] (0.00ns)   --->   "%br_ln44 = br void %arrayidx204.i.i_2.exit1618" [./line_buffer.h:44->./line_buffer.h:34->predecoder_kernel.cpp:40]   --->   Operation 734 'br' 'br_ln44' <Predicate = (select_ln39_1 != 0 & select_ln39_1 != 1 & select_ln41_1 != 0 & select_ln41_1 != 1 & select_ln41_1 != 2 & select_ln41_1 != 3 & select_ln41_1 != 4 & select_ln41 == 9)> <Delay = 0.00>
ST_3 : Operation 735 [1/1] (0.66ns)   --->   "%store_ln44 = store i8 0, i3 %fb_427_addr" [./line_buffer.h:44->./line_buffer.h:34->predecoder_kernel.cpp:40]   --->   Operation 735 'store' 'store_ln44' <Predicate = (select_ln39_1 != 0 & select_ln39_1 != 1 & select_ln41_1 != 0 & select_ln41_1 != 1 & select_ln41_1 != 2 & select_ln41_1 != 3 & select_ln41_1 != 4 & select_ln41 == 8)> <Delay = 0.66> <CoreInst = "RAM">   --->   Core 83 'RAM' <Latency = 1> <II = 1> <Delay = 0.66> <Storage> <Opcode : 'load' 'store'> <Ports = 2> <Width = 8> <Depth = 6> <RAM>
ST_3 : Operation 736 [1/1] (0.00ns)   --->   "%br_ln44 = br void %arrayidx204.i.i_2.exit1618" [./line_buffer.h:44->./line_buffer.h:34->predecoder_kernel.cpp:40]   --->   Operation 736 'br' 'br_ln44' <Predicate = (select_ln39_1 != 0 & select_ln39_1 != 1 & select_ln41_1 != 0 & select_ln41_1 != 1 & select_ln41_1 != 2 & select_ln41_1 != 3 & select_ln41_1 != 4 & select_ln41 == 8)> <Delay = 0.00>
ST_3 : Operation 737 [1/1] (0.66ns)   --->   "%store_ln44 = store i8 0, i3 %fb_426_addr" [./line_buffer.h:44->./line_buffer.h:34->predecoder_kernel.cpp:40]   --->   Operation 737 'store' 'store_ln44' <Predicate = (select_ln39_1 != 0 & select_ln39_1 != 1 & select_ln41_1 != 0 & select_ln41_1 != 1 & select_ln41_1 != 2 & select_ln41_1 != 3 & select_ln41_1 != 4 & select_ln41 == 7)> <Delay = 0.66> <CoreInst = "RAM">   --->   Core 83 'RAM' <Latency = 1> <II = 1> <Delay = 0.66> <Storage> <Opcode : 'load' 'store'> <Ports = 2> <Width = 8> <Depth = 6> <RAM>
ST_3 : Operation 738 [1/1] (0.00ns)   --->   "%br_ln44 = br void %arrayidx204.i.i_2.exit1618" [./line_buffer.h:44->./line_buffer.h:34->predecoder_kernel.cpp:40]   --->   Operation 738 'br' 'br_ln44' <Predicate = (select_ln39_1 != 0 & select_ln39_1 != 1 & select_ln41_1 != 0 & select_ln41_1 != 1 & select_ln41_1 != 2 & select_ln41_1 != 3 & select_ln41_1 != 4 & select_ln41 == 7)> <Delay = 0.00>
ST_3 : Operation 739 [1/1] (0.66ns)   --->   "%store_ln44 = store i8 0, i3 %fb_425_addr" [./line_buffer.h:44->./line_buffer.h:34->predecoder_kernel.cpp:40]   --->   Operation 739 'store' 'store_ln44' <Predicate = (select_ln39_1 != 0 & select_ln39_1 != 1 & select_ln41_1 != 0 & select_ln41_1 != 1 & select_ln41_1 != 2 & select_ln41_1 != 3 & select_ln41_1 != 4 & select_ln41 == 6)> <Delay = 0.66> <CoreInst = "RAM">   --->   Core 83 'RAM' <Latency = 1> <II = 1> <Delay = 0.66> <Storage> <Opcode : 'load' 'store'> <Ports = 2> <Width = 8> <Depth = 6> <RAM>
ST_3 : Operation 740 [1/1] (0.00ns)   --->   "%br_ln44 = br void %arrayidx204.i.i_2.exit1618" [./line_buffer.h:44->./line_buffer.h:34->predecoder_kernel.cpp:40]   --->   Operation 740 'br' 'br_ln44' <Predicate = (select_ln39_1 != 0 & select_ln39_1 != 1 & select_ln41_1 != 0 & select_ln41_1 != 1 & select_ln41_1 != 2 & select_ln41_1 != 3 & select_ln41_1 != 4 & select_ln41 == 6)> <Delay = 0.00>
ST_3 : Operation 741 [1/1] (0.66ns)   --->   "%store_ln44 = store i8 0, i3 %fb_424_addr" [./line_buffer.h:44->./line_buffer.h:34->predecoder_kernel.cpp:40]   --->   Operation 741 'store' 'store_ln44' <Predicate = (select_ln39_1 != 0 & select_ln39_1 != 1 & select_ln41_1 != 0 & select_ln41_1 != 1 & select_ln41_1 != 2 & select_ln41_1 != 3 & select_ln41_1 != 4 & select_ln41 == 5)> <Delay = 0.66> <CoreInst = "RAM">   --->   Core 83 'RAM' <Latency = 1> <II = 1> <Delay = 0.66> <Storage> <Opcode : 'load' 'store'> <Ports = 2> <Width = 8> <Depth = 6> <RAM>
ST_3 : Operation 742 [1/1] (0.00ns)   --->   "%br_ln44 = br void %arrayidx204.i.i_2.exit1618" [./line_buffer.h:44->./line_buffer.h:34->predecoder_kernel.cpp:40]   --->   Operation 742 'br' 'br_ln44' <Predicate = (select_ln39_1 != 0 & select_ln39_1 != 1 & select_ln41_1 != 0 & select_ln41_1 != 1 & select_ln41_1 != 2 & select_ln41_1 != 3 & select_ln41_1 != 4 & select_ln41 == 5)> <Delay = 0.00>
ST_3 : Operation 743 [1/1] (0.66ns)   --->   "%store_ln44 = store i8 0, i3 %fb_423_addr" [./line_buffer.h:44->./line_buffer.h:34->predecoder_kernel.cpp:40]   --->   Operation 743 'store' 'store_ln44' <Predicate = (select_ln39_1 != 0 & select_ln39_1 != 1 & select_ln41_1 != 0 & select_ln41_1 != 1 & select_ln41_1 != 2 & select_ln41_1 != 3 & select_ln41_1 != 4 & select_ln41 == 4)> <Delay = 0.66> <CoreInst = "RAM">   --->   Core 83 'RAM' <Latency = 1> <II = 1> <Delay = 0.66> <Storage> <Opcode : 'load' 'store'> <Ports = 2> <Width = 8> <Depth = 6> <RAM>
ST_3 : Operation 744 [1/1] (0.00ns)   --->   "%br_ln44 = br void %arrayidx204.i.i_2.exit1618" [./line_buffer.h:44->./line_buffer.h:34->predecoder_kernel.cpp:40]   --->   Operation 744 'br' 'br_ln44' <Predicate = (select_ln39_1 != 0 & select_ln39_1 != 1 & select_ln41_1 != 0 & select_ln41_1 != 1 & select_ln41_1 != 2 & select_ln41_1 != 3 & select_ln41_1 != 4 & select_ln41 == 4)> <Delay = 0.00>
ST_3 : Operation 745 [1/1] (0.66ns)   --->   "%store_ln44 = store i8 0, i3 %fb_422_addr" [./line_buffer.h:44->./line_buffer.h:34->predecoder_kernel.cpp:40]   --->   Operation 745 'store' 'store_ln44' <Predicate = (select_ln39_1 != 0 & select_ln39_1 != 1 & select_ln41_1 != 0 & select_ln41_1 != 1 & select_ln41_1 != 2 & select_ln41_1 != 3 & select_ln41_1 != 4 & select_ln41 == 3)> <Delay = 0.66> <CoreInst = "RAM">   --->   Core 83 'RAM' <Latency = 1> <II = 1> <Delay = 0.66> <Storage> <Opcode : 'load' 'store'> <Ports = 2> <Width = 8> <Depth = 6> <RAM>
ST_3 : Operation 746 [1/1] (0.00ns)   --->   "%br_ln44 = br void %arrayidx204.i.i_2.exit1618" [./line_buffer.h:44->./line_buffer.h:34->predecoder_kernel.cpp:40]   --->   Operation 746 'br' 'br_ln44' <Predicate = (select_ln39_1 != 0 & select_ln39_1 != 1 & select_ln41_1 != 0 & select_ln41_1 != 1 & select_ln41_1 != 2 & select_ln41_1 != 3 & select_ln41_1 != 4 & select_ln41 == 3)> <Delay = 0.00>
ST_3 : Operation 747 [1/1] (0.66ns)   --->   "%store_ln44 = store i8 0, i3 %fb_421_addr" [./line_buffer.h:44->./line_buffer.h:34->predecoder_kernel.cpp:40]   --->   Operation 747 'store' 'store_ln44' <Predicate = (select_ln39_1 != 0 & select_ln39_1 != 1 & select_ln41_1 != 0 & select_ln41_1 != 1 & select_ln41_1 != 2 & select_ln41_1 != 3 & select_ln41_1 != 4 & select_ln41 == 2)> <Delay = 0.66> <CoreInst = "RAM">   --->   Core 83 'RAM' <Latency = 1> <II = 1> <Delay = 0.66> <Storage> <Opcode : 'load' 'store'> <Ports = 2> <Width = 8> <Depth = 6> <RAM>
ST_3 : Operation 748 [1/1] (0.00ns)   --->   "%br_ln44 = br void %arrayidx204.i.i_2.exit1618" [./line_buffer.h:44->./line_buffer.h:34->predecoder_kernel.cpp:40]   --->   Operation 748 'br' 'br_ln44' <Predicate = (select_ln39_1 != 0 & select_ln39_1 != 1 & select_ln41_1 != 0 & select_ln41_1 != 1 & select_ln41_1 != 2 & select_ln41_1 != 3 & select_ln41_1 != 4 & select_ln41 == 2)> <Delay = 0.00>
ST_3 : Operation 749 [1/1] (0.66ns)   --->   "%store_ln44 = store i8 0, i3 %fb_420_addr" [./line_buffer.h:44->./line_buffer.h:34->predecoder_kernel.cpp:40]   --->   Operation 749 'store' 'store_ln44' <Predicate = (select_ln39_1 != 0 & select_ln39_1 != 1 & select_ln41_1 != 0 & select_ln41_1 != 1 & select_ln41_1 != 2 & select_ln41_1 != 3 & select_ln41_1 != 4 & select_ln41 == 1)> <Delay = 0.66> <CoreInst = "RAM">   --->   Core 83 'RAM' <Latency = 1> <II = 1> <Delay = 0.66> <Storage> <Opcode : 'load' 'store'> <Ports = 2> <Width = 8> <Depth = 6> <RAM>
ST_3 : Operation 750 [1/1] (0.00ns)   --->   "%br_ln44 = br void %arrayidx204.i.i_2.exit1618" [./line_buffer.h:44->./line_buffer.h:34->predecoder_kernel.cpp:40]   --->   Operation 750 'br' 'br_ln44' <Predicate = (select_ln39_1 != 0 & select_ln39_1 != 1 & select_ln41_1 != 0 & select_ln41_1 != 1 & select_ln41_1 != 2 & select_ln41_1 != 3 & select_ln41_1 != 4 & select_ln41 == 1)> <Delay = 0.00>
ST_3 : Operation 751 [1/1] (0.66ns)   --->   "%store_ln44 = store i8 0, i3 %fb_419_addr" [./line_buffer.h:44->./line_buffer.h:34->predecoder_kernel.cpp:40]   --->   Operation 751 'store' 'store_ln44' <Predicate = (select_ln39_1 != 0 & select_ln39_1 != 1 & select_ln41_1 != 0 & select_ln41_1 != 1 & select_ln41_1 != 2 & select_ln41_1 != 3 & select_ln41_1 != 4 & select_ln41 == 0)> <Delay = 0.66> <CoreInst = "RAM">   --->   Core 83 'RAM' <Latency = 1> <II = 1> <Delay = 0.66> <Storage> <Opcode : 'load' 'store'> <Ports = 2> <Width = 8> <Depth = 6> <RAM>
ST_3 : Operation 752 [1/1] (0.00ns)   --->   "%br_ln44 = br void %arrayidx204.i.i_2.exit1618" [./line_buffer.h:44->./line_buffer.h:34->predecoder_kernel.cpp:40]   --->   Operation 752 'br' 'br_ln44' <Predicate = (select_ln39_1 != 0 & select_ln39_1 != 1 & select_ln41_1 != 0 & select_ln41_1 != 1 & select_ln41_1 != 2 & select_ln41_1 != 3 & select_ln41_1 != 4 & select_ln41 == 0)> <Delay = 0.00>
ST_3 : Operation 753 [1/1] (0.66ns)   --->   "%store_ln44 = store i8 0, i3 %fb_430_addr" [./line_buffer.h:44->./line_buffer.h:34->predecoder_kernel.cpp:40]   --->   Operation 753 'store' 'store_ln44' <Predicate = (select_ln39_1 != 0 & select_ln39_1 != 1 & select_ln41_1 != 0 & select_ln41_1 != 1 & select_ln41_1 != 2 & select_ln41_1 != 3 & select_ln41_1 != 4 & select_ln41 != 0 & select_ln41 != 1 & select_ln41 != 2 & select_ln41 != 3 & select_ln41 != 4 & select_ln41 != 5 & select_ln41 != 6 & select_ln41 != 7 & select_ln41 != 8 & select_ln41 != 9 & select_ln41 != 10)> <Delay = 0.66> <CoreInst = "RAM">   --->   Core 83 'RAM' <Latency = 1> <II = 1> <Delay = 0.66> <Storage> <Opcode : 'load' 'store'> <Ports = 2> <Width = 8> <Depth = 6> <RAM>
ST_3 : Operation 754 [1/1] (0.00ns)   --->   "%br_ln44 = br void %arrayidx204.i.i_2.exit1618" [./line_buffer.h:44->./line_buffer.h:34->predecoder_kernel.cpp:40]   --->   Operation 754 'br' 'br_ln44' <Predicate = (select_ln39_1 != 0 & select_ln39_1 != 1 & select_ln41_1 != 0 & select_ln41_1 != 1 & select_ln41_1 != 2 & select_ln41_1 != 3 & select_ln41_1 != 4 & select_ln41 != 0 & select_ln41 != 1 & select_ln41 != 2 & select_ln41 != 3 & select_ln41 != 4 & select_ln41 != 5 & select_ln41 != 6 & select_ln41 != 7 & select_ln41 != 8 & select_ln41 != 9 & select_ln41 != 10)> <Delay = 0.00>
ST_3 : Operation 755 [1/1] (0.00ns)   --->   "%br_ln44 = br void %arrayidx204.i.i_2.exit" [./line_buffer.h:44->./line_buffer.h:34->predecoder_kernel.cpp:40]   --->   Operation 755 'br' 'br_ln44' <Predicate = (select_ln39_1 != 0 & select_ln39_1 != 1 & select_ln41_1 != 0 & select_ln41_1 != 1 & select_ln41_1 != 2 & select_ln41_1 != 3 & select_ln41_1 != 4)> <Delay = 0.00>
ST_3 : Operation 756 [1/1] (0.38ns)   --->   "%store_ln40 = store i3 %select_ln40_1, i3 %y" [./line_buffer.h:40->./line_buffer.h:34->predecoder_kernel.cpp:40]   --->   Operation 756 'store' 'store_ln40' <Predicate = true> <Delay = 0.38>
ST_3 : Operation 757 [1/1] (0.38ns)   --->   "%store_ln41 = store i3 %select_ln41_1, i3 %x" [./line_buffer.h:41->./line_buffer.h:34->predecoder_kernel.cpp:40]   --->   Operation 757 'store' 'store_ln41' <Predicate = true> <Delay = 0.38>
ST_3 : Operation 758 [1/1] (0.00ns)   --->   "%br_ln42 = br void %for.inc.i.i" [./line_buffer.h:42->./line_buffer.h:34->predecoder_kernel.cpp:40]   --->   Operation 758 'br' 'br_ln42' <Predicate = true> <Delay = 0.00>


============================================================
+ Verbose Summary: Timing violations
============================================================
Target clock period: 3.330ns, clock uncertainty: 0.899ns.

 <State 1>: 0.387ns
The critical path consists of the following:
	'alloca' operation 11 bit ('indvar_flatten33') [223]  (0.000 ns)
	'store' operation 0 bit ('store_ln0') of constant 0 on local variable 'indvar_flatten33' [224]  (0.387 ns)

 <State 2>: 2.415ns
The critical path consists of the following:
	'load' operation 10 bit ('indvar_flatten12_load', ./line_buffer.h:40->./line_buffer.h:34->predecoder_kernel.cpp:40) on local variable 'indvar_flatten12' [234]  (0.000 ns)
	'icmp' operation 1 bit ('icmp_ln40', ./line_buffer.h:40->./line_buffer.h:34->predecoder_kernel.cpp:40) [247]  (0.725 ns)
	'xor' operation 1 bit ('xor_ln39', ./line_buffer.h:39->./line_buffer.h:34->predecoder_kernel.cpp:40) [249]  (0.122 ns)
	'and' operation 1 bit ('and_ln39', ./line_buffer.h:39->./line_buffer.h:34->predecoder_kernel.cpp:40) [259]  (0.000 ns)
	'and' operation 1 bit ('and_ln40', ./line_buffer.h:40->./line_buffer.h:34->predecoder_kernel.cpp:40) [260]  (0.122 ns)
	'or' operation 1 bit ('or_ln41', ./line_buffer.h:41->./line_buffer.h:34->predecoder_kernel.cpp:40) [263]  (0.000 ns)
	'or' operation 1 bit ('or_ln41_1', ./line_buffer.h:41->./line_buffer.h:34->predecoder_kernel.cpp:40) [264]  (0.000 ns)
	'select' operation 4 bit ('select_ln41', ./line_buffer.h:41->./line_buffer.h:34->predecoder_kernel.cpp:40) [265]  (0.351 ns)
	'add' operation 4 bit ('add_ln42', ./line_buffer.h:42->./line_buffer.h:34->predecoder_kernel.cpp:40) [1219]  (0.708 ns)
	'store' operation 0 bit ('store_ln42', ./line_buffer.h:42->./line_buffer.h:34->predecoder_kernel.cpp:40) of variable 'add_ln42', ./line_buffer.h:42->./line_buffer.h:34->predecoder_kernel.cpp:40 on local variable 'c', ./line_buffer.h:42->./line_buffer.h:34->predecoder_kernel.cpp:40 [1230]  (0.387 ns)

 <State 3>: 1.799ns
The critical path consists of the following:
	'load' operation 3 bit ('x_load', ./line_buffer.h:40->./line_buffer.h:34->predecoder_kernel.cpp:40) on local variable 'x', ./line_buffer.h:41->./line_buffer.h:34->predecoder_kernel.cpp:40 [241]  (0.000 ns)
	'select' operation 3 bit ('select_ln40', ./line_buffer.h:40->./line_buffer.h:34->predecoder_kernel.cpp:40) [256]  (0.278 ns)
	'add' operation 3 bit ('add_ln41', ./line_buffer.h:41->./line_buffer.h:34->predecoder_kernel.cpp:40) [262]  (0.572 ns)
	'select' operation 3 bit ('select_ln41_1', ./line_buffer.h:41->./line_buffer.h:34->predecoder_kernel.cpp:40) [266]  (0.278 ns)
	blocking operation 0.670859 ns on control path)


============================================================
+ Verbose Summary: Binding
============================================================
N/A
* FSMD analyzer results:
  - Output states:
 - Input state : 
  - Chain level:
	State 1
	State 2
	State 3


============================================================
+ Verbose Summary: Datapath Resource usage 
============================================================
N/A
