

================================================================
== Vitis HLS Report for 'conv3d_hidden_layer_Pipeline_RESET_VITIS_LOOP_40_1_VITIS_LOOP_41_2_VITIS_LOOP_42'
================================================================
* Date:           Thu Sep  3 17:10:52 2026

* Version:        2023.2 (Build 4023990 on Oct 11 2023)
* Project:        predecoder_csynth_proj
* Solution:       solution1 (Vitis Kernel Flow Target)
* Product family: virtexuplusHBM
* Target device:  xcu55c-fsvh2892-2L-e


================================================================
== Performance Estimates
================================================================
+ Timing: 
    * Summary: 
    +--------+---------+----------+------------+
    |  Clock |  Target | Estimated| Uncertainty|
    +--------+---------+----------+------------+
    |ap_clk  |  3.33 ns|  2.415 ns|     0.90 ns|
    +--------+---------+----------+------------+

+ Latency: 
    * Summary: 
    +---------+---------+----------+----------+------+------+---------+
    |  Latency (cycles) |  Latency (absolute) |   Interval  | Pipeline|
    |   min   |   max   |    min   |    max   |  min |  max |   Type  |
    +---------+---------+----------+----------+------+------+---------+
    |     1298|     1298|  4.322 us|  4.322 us|  1298|  1298|       no|
    +---------+---------+----------+----------+------+------+---------+

    + Detail: 
        * Instance: 
        N/A

        * Loop: 
        +---------------------------------------------------------+---------+---------+----------+-----------+-----------+------+----------+
        |                                                         |  Latency (cycles) | Iteration|  Initiation Interval  | Trip |          |
        |                        Loop Name                        |   min   |   max   |  Latency |  achieved |   target  | Count| Pipelined|
        +---------------------------------------------------------+---------+---------+----------+-----------+-----------+------+----------+
        |- RESET_VITIS_LOOP_40_1_VITIS_LOOP_41_2_VITIS_LOOP_42_3  |     1296|     1296|         2|          1|          1|  1296|       yes|
        +---------------------------------------------------------+---------+---------+----------+-----------+-----------+------+----------+



================================================================
== Utilization Estimates
================================================================
* Summary: 
+---------------------+---------+------+---------+---------+-----+
|         Name        | BRAM_18K|  DSP |    FF   |   LUT   | URAM|
+---------------------+---------+------+---------+---------+-----+
|DSP                  |        -|     -|        -|        -|    -|
|Expression           |        -|     -|        0|      206|    -|
|FIFO                 |        -|     -|        -|        -|    -|
|Instance             |        -|     -|        -|        -|    -|
|Memory               |        -|     -|        -|        -|    -|
|Multiplexer          |        -|     -|        -|       90|    -|
|Register             |        -|     -|       54|        -|    -|
+---------------------+---------+------+---------+---------+-----+
|Total                |        0|     0|       54|      296|    0|
+---------------------+---------+------+---------+---------+-----+
|Available SLR        |     1344|  3008|   869120|   434560|  320|
+---------------------+---------+------+---------+---------+-----+
|Utilization SLR (%)  |        0|     0|       ~0|       ~0|    0|
+---------------------+---------+------+---------+---------+-----+
|Available            |     4032|  9024|  2607360|  1303680|  960|
+---------------------+---------+------+---------+---------+-----+
|Utilization (%)      |        0|     0|       ~0|       ~0|    0|
+---------------------+---------+------+---------+---------+-----+

+ Detail: 
    * Instance: 
    N/A

    * DSP: 
    N/A

    * Memory: 
    N/A

    * FIFO: 
    N/A

    * Expression: 
    +--------------------------+----------+----+---+----+------------+------------+
    |       Variable Name      | Operation| DSP| FF| LUT| Bitwidth P0| Bitwidth P1|
    +--------------------------+----------+----+---+----+------------+------------+
    |add_ln39_1_fu_3612_p2     |         +|   0|  0|  18|          11|           1|
    |add_ln39_fu_3624_p2       |         +|   0|  0|   9|           2|           1|
    |add_ln40_1_fu_3738_p2     |         +|   0|  0|  17|          10|           1|
    |add_ln40_fu_3790_p2       |         +|   0|  0|  10|           3|           1|
    |add_ln41_1_fu_3724_p2     |         +|   0|  0|  14|           7|           1|
    |add_ln41_fu_3810_p2       |         +|   0|  0|  10|           3|           1|
    |add_ln42_fu_3718_p2       |         +|   0|  0|  12|           4|           1|
    |and_ln39_1_fu_3654_p2     |       and|   0|  0|   2|           1|           1|
    |and_ln39_fu_3686_p2       |       and|   0|  0|   2|           1|           1|
    |and_ln40_fu_3692_p2       |       and|   0|  0|   2|           1|           1|
    |icmp_ln39_fu_3606_p2      |      icmp|   0|  0|  18|          11|          11|
    |icmp_ln40_fu_3630_p2      |      icmp|   0|  0|  17|          10|           9|
    |icmp_ln41_fu_3648_p2      |      icmp|   0|  0|  14|           7|           7|
    |icmp_ln42_fu_3642_p2      |      icmp|   0|  0|  12|           4|           4|
    |or_ln40_1_fu_3680_p2      |        or|   0|  0|   2|           1|           1|
    |or_ln40_fu_3668_p2        |        or|   0|  0|   2|           1|           1|
    |or_ln41_1_fu_3704_p2      |        or|   0|  0|   2|           1|           1|
    |or_ln41_fu_3698_p2        |        or|   0|  0|   2|           1|           1|
    |select_ln39_1_fu_3660_p3  |    select|   0|  0|   2|           1|           2|
    |select_ln39_fu_3783_p3    |    select|   0|  0|   3|           1|           1|
    |select_ln40_1_fu_3803_p3  |    select|   0|  0|   3|           1|           3|
    |select_ln40_2_fu_3744_p3  |    select|   0|  0|  10|           1|           1|
    |select_ln40_fu_3796_p3    |    select|   0|  0|   3|           1|           1|
    |select_ln41_1_fu_3816_p3  |    select|   0|  0|   3|           1|           3|
    |select_ln41_2_fu_3730_p3  |    select|   0|  0|   7|           1|           1|
    |select_ln41_fu_3710_p3    |    select|   0|  0|   4|           1|           1|
    |ap_enable_pp0             |       xor|   0|  0|   2|           1|           2|
    |xor_ln39_fu_3636_p2       |       xor|   0|  0|   2|           1|           2|
    |xor_ln40_fu_3674_p2       |       xor|   0|  0|   2|           1|           2|
    +--------------------------+----------+----+---+----+------------+------------+
    |Total                     |          |   0|  0| 206|          90|          64|
    +--------------------------+----------+----+---+----+------------+------------+

    * Multiplexer: 
    +-------------------------+----+-----------+-----+-----------+
    |           Name          | LUT| Input Size| Bits| Total Bits|
    +-------------------------+----+-----------+-----+-----------+
    |ap_done_int              |   9|          2|    1|          2|
    |ap_enable_reg_pp0_iter1  |   9|          2|    1|          2|
    |ap_enable_reg_pp0_iter2  |   9|          2|    1|          2|
    |c_fu_510                 |   9|          2|    4|          8|
    |indvar_flatten12_fu_526  |   9|          2|   10|         20|
    |indvar_flatten33_fu_534  |   9|          2|   11|         22|
    |indvar_flatten_fu_518    |   9|          2|    7|         14|
    |s_fu_530                 |   9|          2|    2|          4|
    |x_fu_514                 |   9|          2|    3|          6|
    |y_fu_522                 |   9|          2|    3|          6|
    +-------------------------+----+-----------+-----+-----------+
    |Total                    |  90|         20|   43|         86|
    +-------------------------+----+-----------+-----+-----------+

    * Register: 
    +-------------------------+----+----+-----+-----------+
    |           Name          | FF | LUT| Bits| Const Bits|
    +-------------------------+----+----+-----+-----------+
    |and_ln39_1_reg_4110      |   1|   0|    1|          0|
    |and_ln40_reg_4124        |   1|   0|    1|          0|
    |ap_CS_fsm                |   1|   0|    1|          0|
    |ap_done_reg              |   1|   0|    1|          0|
    |ap_enable_reg_pp0_iter1  |   1|   0|    1|          0|
    |ap_enable_reg_pp0_iter2  |   1|   0|    1|          0|
    |c_fu_510                 |   4|   0|    4|          0|
    |icmp_ln40_reg_4105       |   1|   0|    1|          0|
    |indvar_flatten12_fu_526  |  10|   0|   10|          0|
    |indvar_flatten33_fu_534  |  11|   0|   11|          0|
    |indvar_flatten_fu_518    |   7|   0|    7|          0|
    |or_ln40_reg_4119         |   1|   0|    1|          0|
    |s_fu_530                 |   2|   0|    2|          0|
    |select_ln39_1_reg_4115   |   2|   0|    2|          0|
    |select_ln41_reg_4129     |   4|   0|    4|          0|
    |x_fu_514                 |   3|   0|    3|          0|
    |y_fu_522                 |   3|   0|    3|          0|
    +-------------------------+----+----+-----+-----------+
    |Total                    |  54|   0|   54|          0|
    +-------------------------+----+----+-----+-----------+



================================================================
== Interface
================================================================
* Summary: 
+-----------------+-----+-----+------------+----------------------------------------------------------------------------------+--------------+
|    RTL Ports    | Dir | Bits|  Protocol  |                                   Source Object                                  |    C Type    |
+-----------------+-----+-----+------------+----------------------------------------------------------------------------------+--------------+
|ap_clk           |   in|    1|  ap_ctrl_hs|  conv3d_hidden_layer_Pipeline_RESET_VITIS_LOOP_40_1_VITIS_LOOP_41_2_VITIS_LOOP_42|  return value|
|ap_rst           |   in|    1|  ap_ctrl_hs|  conv3d_hidden_layer_Pipeline_RESET_VITIS_LOOP_40_1_VITIS_LOOP_41_2_VITIS_LOOP_42|  return value|
|ap_start         |   in|    1|  ap_ctrl_hs|  conv3d_hidden_layer_Pipeline_RESET_VITIS_LOOP_40_1_VITIS_LOOP_41_2_VITIS_LOOP_42|  return value|
|ap_done          |  out|    1|  ap_ctrl_hs|  conv3d_hidden_layer_Pipeline_RESET_VITIS_LOOP_40_1_VITIS_LOOP_41_2_VITIS_LOOP_42|  return value|
|ap_idle          |  out|    1|  ap_ctrl_hs|  conv3d_hidden_layer_Pipeline_RESET_VITIS_LOOP_40_1_VITIS_LOOP_41_2_VITIS_LOOP_42|  return value|
|ap_ready         |  out|    1|  ap_ctrl_hs|  conv3d_hidden_layer_Pipeline_RESET_VITIS_LOOP_40_1_VITIS_LOOP_41_2_VITIS_LOOP_42|  return value|
|fb_address0      |  out|    3|   ap_memory|                                                                                fb|         array|
|fb_ce0           |  out|    1|   ap_memory|                                                                                fb|         array|
|fb_we0           |  out|    1|   ap_memory|                                                                                fb|         array|
|fb_d0            |  out|    8|   ap_memory|                                                                                fb|         array|
|fb_216_address0  |  out|    3|   ap_memory|                                                                            fb_216|         array|
|fb_216_ce0       |  out|    1|   ap_memory|                                                                            fb_216|         array|
|fb_216_we0       |  out|    1|   ap_memory|                                                                            fb_216|         array|
|fb_216_d0        |  out|    8|   ap_memory|                                                                            fb_216|         array|
|fb_217_address0  |  out|    3|   ap_memory|                                                                            fb_217|         array|
|fb_217_ce0       |  out|    1|   ap_memory|                                                                            fb_217|         array|
|fb_217_we0       |  out|    1|   ap_memory|                                                                            fb_217|         array|
|fb_217_d0        |  out|    8|   ap_memory|                                                                            fb_217|         array|
|fb_218_address0  |  out|    3|   ap_memory|                                                                            fb_218|         array|
|fb_218_ce0       |  out|    1|   ap_memory|                                                                            fb_218|         array|
|fb_218_we0       |  out|    1|   ap_memory|                                                                            fb_218|         array|
|fb_218_d0        |  out|    8|   ap_memory|                                                                            fb_218|         array|
|fb_219_address0  |  out|    3|   ap_memory|                                                                            fb_219|         array|
|fb_219_ce0       |  out|    1|   ap_memory|                                                                            fb_219|         array|
|fb_219_we0       |  out|    1|   ap_memory|                                                                            fb_219|         array|
|fb_219_d0        |  out|    8|   ap_memory|                                                                            fb_219|         array|
|fb_220_address0  |  out|    3|   ap_memory|                                                                            fb_220|         array|
|fb_220_ce0       |  out|    1|   ap_memory|                                                                            fb_220|         array|
|fb_220_we0       |  out|    1|   ap_memory|                                                                            fb_220|         array|
|fb_220_d0        |  out|    8|   ap_memory|                                                                            fb_220|         array|
|fb_221_address0  |  out|    3|   ap_memory|                                                                            fb_221|         array|
|fb_221_ce0       |  out|    1|   ap_memory|                                                                            fb_221|         array|
|fb_221_we0       |  out|    1|   ap_memory|                                                                            fb_221|         array|
|fb_221_d0        |  out|    8|   ap_memory|                                                                            fb_221|         array|
|fb_222_address0  |  out|    3|   ap_memory|                                                                            fb_222|         array|
|fb_222_ce0       |  out|    1|   ap_memory|                                                                            fb_222|         array|
|fb_222_we0       |  out|    1|   ap_memory|                                                                            fb_222|         array|
|fb_222_d0        |  out|    8|   ap_memory|                                                                            fb_222|         array|
|fb_223_address0  |  out|    3|   ap_memory|                                                                            fb_223|         array|
|fb_223_ce0       |  out|    1|   ap_memory|                                                                            fb_223|         array|
|fb_223_we0       |  out|    1|   ap_memory|                                                                            fb_223|         array|
|fb_223_d0        |  out|    8|   ap_memory|                                                                            fb_223|         array|
|fb_224_address0  |  out|    3|   ap_memory|                                                                            fb_224|         array|
|fb_224_ce0       |  out|    1|   ap_memory|                                                                            fb_224|         array|
|fb_224_we0       |  out|    1|   ap_memory|                                                                            fb_224|         array|
|fb_224_d0        |  out|    8|   ap_memory|                                                                            fb_224|         array|
|fb_225_address0  |  out|    3|   ap_memory|                                                                            fb_225|         array|
|fb_225_ce0       |  out|    1|   ap_memory|                                                                            fb_225|         array|
|fb_225_we0       |  out|    1|   ap_memory|                                                                            fb_225|         array|
|fb_225_d0        |  out|    8|   ap_memory|                                                                            fb_225|         array|
|fb_226_address0  |  out|    3|   ap_memory|                                                                            fb_226|         array|
|fb_226_ce0       |  out|    1|   ap_memory|                                                                            fb_226|         array|
|fb_226_we0       |  out|    1|   ap_memory|                                                                            fb_226|         array|
|fb_226_d0        |  out|    8|   ap_memory|                                                                            fb_226|         array|
|fb_227_address0  |  out|    3|   ap_memory|                                                                            fb_227|         array|
|fb_227_ce0       |  out|    1|   ap_memory|                                                                            fb_227|         array|
|fb_227_we0       |  out|    1|   ap_memory|                                                                            fb_227|         array|
|fb_227_d0        |  out|    8|   ap_memory|                                                                            fb_227|         array|
|fb_228_address0  |  out|    3|   ap_memory|                                                                            fb_228|         array|
|fb_228_ce0       |  out|    1|   ap_memory|                                                                            fb_228|         array|
|fb_228_we0       |  out|    1|   ap_memory|                                                                            fb_228|         array|
|fb_228_d0        |  out|    8|   ap_memory|                                                                            fb_228|         array|
|fb_229_address0  |  out|    3|   ap_memory|                                                                            fb_229|         array|
|fb_229_ce0       |  out|    1|   ap_memory|                                                                            fb_229|         array|
|fb_229_we0       |  out|    1|   ap_memory|                                                                            fb_229|         array|
|fb_229_d0        |  out|    8|   ap_memory|                                                                            fb_229|         array|
|fb_230_address0  |  out|    3|   ap_memory|                                                                            fb_230|         array|
|fb_230_ce0       |  out|    1|   ap_memory|                                                                            fb_230|         array|
|fb_230_we0       |  out|    1|   ap_memory|                                                                            fb_230|         array|
|fb_230_d0        |  out|    8|   ap_memory|                                                                            fb_230|         array|
|fb_231_address0  |  out|    3|   ap_memory|                                                                            fb_231|         array|
|fb_231_ce0       |  out|    1|   ap_memory|                                                                            fb_231|         array|
|fb_231_we0       |  out|    1|   ap_memory|                                                                            fb_231|         array|
|fb_231_d0        |  out|    8|   ap_memory|                                                                            fb_231|         array|
|fb_232_address0  |  out|    3|   ap_memory|                                                                            fb_232|         array|
|fb_232_ce0       |  out|    1|   ap_memory|                                                                            fb_232|         array|
|fb_232_we0       |  out|    1|   ap_memory|                                                                            fb_232|         array|
|fb_232_d0        |  out|    8|   ap_memory|                                                                            fb_232|         array|
|fb_233_address0  |  out|    3|   ap_memory|                                                                            fb_233|         array|
|fb_233_ce0       |  out|    1|   ap_memory|                                                                            fb_233|         array|
|fb_233_we0       |  out|    1|   ap_memory|                                                                            fb_233|         array|
|fb_233_d0        |  out|    8|   ap_memory|                                                                            fb_233|         array|
|fb_234_address0  |  out|    3|   ap_memory|                                                                            fb_234|         array|
|fb_234_ce0       |  out|    1|   ap_memory|                                                                            fb_234|         array|
|fb_234_we0       |  out|    1|   ap_memory|                                                                            fb_234|         array|
|fb_234_d0        |  out|    8|   ap_memory|                                                                            fb_234|         array|
|fb_235_address0  |  out|    3|   ap_memory|                                                                            fb_235|         array|
|fb_235_ce0       |  out|    1|   ap_memory|                                                                            fb_235|         array|
|fb_235_we0       |  out|    1|   ap_memory|                                                                            fb_235|         array|
|fb_235_d0        |  out|    8|   ap_memory|                                                                            fb_235|         array|
|fb_236_address0  |  out|    3|   ap_memory|                                                                            fb_236|         array|
|fb_236_ce0       |  out|    1|   ap_memory|                                                                            fb_236|         array|
|fb_236_we0       |  out|    1|   ap_memory|                                                                            fb_236|         array|
|fb_236_d0        |  out|    8|   ap_memory|                                                                            fb_236|         array|
|fb_237_address0  |  out|    3|   ap_memory|                                                                            fb_237|         array|
|fb_237_ce0       |  out|    1|   ap_memory|                                                                            fb_237|         array|
|fb_237_we0       |  out|    1|   ap_memory|                                                                            fb_237|         array|
|fb_237_d0        |  out|    8|   ap_memory|                                                                            fb_237|         array|
|fb_238_address0  |  out|    3|   ap_memory|                                                                            fb_238|         array|
|fb_238_ce0       |  out|    1|   ap_memory|                                                                            fb_238|         array|
|fb_238_we0       |  out|    1|   ap_memory|                                                                            fb_238|         array|
|fb_238_d0        |  out|    8|   ap_memory|                                                                            fb_238|         array|
|fb_239_address0  |  out|    3|   ap_memory|                                                                            fb_239|         array|
|fb_239_ce0       |  out|    1|   ap_memory|                                                                            fb_239|         array|
|fb_239_we0       |  out|    1|   ap_memory|                                                                            fb_239|         array|
|fb_239_d0        |  out|    8|   ap_memory|                                                                            fb_239|         array|
|fb_240_address0  |  out|    3|   ap_memory|                                                                            fb_240|         array|
|fb_240_ce0       |  out|    1|   ap_memory|                                                                            fb_240|         array|
|fb_240_we0       |  out|    1|   ap_memory|                                                                            fb_240|         array|
|fb_240_d0        |  out|    8|   ap_memory|                                                                            fb_240|         array|
|fb_241_address0  |  out|    3|   ap_memory|                                                                            fb_241|         array|
|fb_241_ce0       |  out|    1|   ap_memory|                                                                            fb_241|         array|
|fb_241_we0       |  out|    1|   ap_memory|                                                                            fb_241|         array|
|fb_241_d0        |  out|    8|   ap_memory|                                                                            fb_241|         array|
|fb_242_address0  |  out|    3|   ap_memory|                                                                            fb_242|         array|
|fb_242_ce0       |  out|    1|   ap_memory|                                                                            fb_242|         array|
|fb_242_we0       |  out|    1|   ap_memory|                                                                            fb_242|         array|
|fb_242_d0        |  out|    8|   ap_memory|                                                                            fb_242|         array|
|fb_243_address0  |  out|    3|   ap_memory|                                                                            fb_243|         array|
|fb_243_ce0       |  out|    1|   ap_memory|                                                                            fb_243|         array|
|fb_243_we0       |  out|    1|   ap_memory|                                                                            fb_243|         array|
|fb_243_d0        |  out|    8|   ap_memory|                                                                            fb_243|         array|
|fb_244_address0  |  out|    3|   ap_memory|                                                                            fb_244|         array|
|fb_244_ce0       |  out|    1|   ap_memory|                                                                            fb_244|         array|
|fb_244_we0       |  out|    1|   ap_memory|                                                                            fb_244|         array|
|fb_244_d0        |  out|    8|   ap_memory|                                                                            fb_244|         array|
|fb_245_address0  |  out|    3|   ap_memory|                                                                            fb_245|         array|
|fb_245_ce0       |  out|    1|   ap_memory|                                                                            fb_245|         array|
|fb_245_we0       |  out|    1|   ap_memory|                                                                            fb_245|         array|
|fb_245_d0        |  out|    8|   ap_memory|                                                                            fb_245|         array|
|fb_246_address0  |  out|    3|   ap_memory|                                                                            fb_246|         array|
|fb_246_ce0       |  out|    1|   ap_memory|                                                                            fb_246|         array|
|fb_246_we0       |  out|    1|   ap_memory|                                                                            fb_246|         array|
|fb_246_d0        |  out|    8|   ap_memory|                                                                            fb_246|         array|
|fb_247_address0  |  out|    3|   ap_memory|                                                                            fb_247|         array|
|fb_247_ce0       |  out|    1|   ap_memory|                                                                            fb_247|         array|
|fb_247_we0       |  out|    1|   ap_memory|                                                                            fb_247|         array|
|fb_247_d0        |  out|    8|   ap_memory|                                                                            fb_247|         array|
|fb_248_address0  |  out|    3|   ap_memory|                                                                            fb_248|         array|
|fb_248_ce0       |  out|    1|   ap_memory|                                                                            fb_248|         array|
|fb_248_we0       |  out|    1|   ap_memory|                                                                            fb_248|         array|
|fb_248_d0        |  out|    8|   ap_memory|                                                                            fb_248|         array|
|fb_249_address0  |  out|    3|   ap_memory|                                                                            fb_249|         array|
|fb_249_ce0       |  out|    1|   ap_memory|                                                                            fb_249|         array|
|fb_249_we0       |  out|    1|   ap_memory|                                                                            fb_249|         array|
|fb_249_d0        |  out|    8|   ap_memory|                                                                            fb_249|         array|
|fb_250_address0  |  out|    3|   ap_memory|                                                                            fb_250|         array|
|fb_250_ce0       |  out|    1|   ap_memory|                                                                            fb_250|         array|
|fb_250_we0       |  out|    1|   ap_memory|                                                                            fb_250|         array|
|fb_250_d0        |  out|    8|   ap_memory|                                                                            fb_250|         array|
|fb_251_address0  |  out|    3|   ap_memory|                                                                            fb_251|         array|
|fb_251_ce0       |  out|    1|   ap_memory|                                                                            fb_251|         array|
|fb_251_we0       |  out|    1|   ap_memory|                                                                            fb_251|         array|
|fb_251_d0        |  out|    8|   ap_memory|                                                                            fb_251|         array|
|fb_252_address0  |  out|    3|   ap_memory|                                                                            fb_252|         array|
|fb_252_ce0       |  out|    1|   ap_memory|                                                                            fb_252|         array|
|fb_252_we0       |  out|    1|   ap_memory|                                                                            fb_252|         array|
|fb_252_d0        |  out|    8|   ap_memory|                                                                            fb_252|         array|
|fb_253_address0  |  out|    3|   ap_memory|                                                                            fb_253|         array|
|fb_253_ce0       |  out|    1|   ap_memory|                                                                            fb_253|         array|
|fb_253_we0       |  out|    1|   ap_memory|                                                                            fb_253|         array|
|fb_253_d0        |  out|    8|   ap_memory|                                                                            fb_253|         array|
|fb_254_address0  |  out|    3|   ap_memory|                                                                            fb_254|         array|
|fb_254_ce0       |  out|    1|   ap_memory|                                                                            fb_254|         array|
|fb_254_we0       |  out|    1|   ap_memory|                                                                            fb_254|         array|
|fb_254_d0        |  out|    8|   ap_memory|                                                                            fb_254|         array|
|fb_255_address0  |  out|    3|   ap_memory|                                                                            fb_255|         array|
|fb_255_ce0       |  out|    1|   ap_memory|                                                                            fb_255|         array|
|fb_255_we0       |  out|    1|   ap_memory|                                                                            fb_255|         array|
|fb_255_d0        |  out|    8|   ap_memory|                                                                            fb_255|         array|
|fb_256_address0  |  out|    3|   ap_memory|                                                                            fb_256|         array|
|fb_256_ce0       |  out|    1|   ap_memory|                                                                            fb_256|         array|
|fb_256_we0       |  out|    1|   ap_memory|                                                                            fb_256|         array|
|fb_256_d0        |  out|    8|   ap_memory|                                                                            fb_256|         array|
|fb_257_address0  |  out|    3|   ap_memory|                                                                            fb_257|         array|
|fb_257_ce0       |  out|    1|   ap_memory|                                                                            fb_257|         array|
|fb_257_we0       |  out|    1|   ap_memory|                                                                            fb_257|         array|
|fb_257_d0        |  out|    8|   ap_memory|                                                                            fb_257|         array|
|fb_258_address0  |  out|    3|   ap_memory|                                                                            fb_258|         array|
|fb_258_ce0       |  out|    1|   ap_memory|                                                                            fb_258|         array|
|fb_258_we0       |  out|    1|   ap_memory|                                                                            fb_258|         array|
|fb_258_d0        |  out|    8|   ap_memory|                                                                            fb_258|         array|
|fb_259_address0  |  out|    3|   ap_memory|                                                                            fb_259|         array|
|fb_259_ce0       |  out|    1|   ap_memory|                                                                            fb_259|         array|
|fb_259_we0       |  out|    1|   ap_memory|                                                                            fb_259|         array|
|fb_259_d0        |  out|    8|   ap_memory|                                                                            fb_259|         array|
|fb_260_address0  |  out|    3|   ap_memory|                                                                            fb_260|         array|
|fb_260_ce0       |  out|    1|   ap_memory|                                                                            fb_260|         array|
|fb_260_we0       |  out|    1|   ap_memory|                                                                            fb_260|         array|
|fb_260_d0        |  out|    8|   ap_memory|                                                                            fb_260|         array|
|fb_261_address0  |  out|    3|   ap_memory|                                                                            fb_261|         array|
|fb_261_ce0       |  out|    1|   ap_memory|                                                                            fb_261|         array|
|fb_261_we0       |  out|    1|   ap_memory|                                                                            fb_261|         array|
|fb_261_d0        |  out|    8|   ap_memory|                                                                            fb_261|         array|
|fb_262_address0  |  out|    3|   ap_memory|                                                                            fb_262|         array|
|fb_262_ce0       |  out|    1|   ap_memory|                                                                            fb_262|         array|
|fb_262_we0       |  out|    1|   ap_memory|                                                                            fb_262|         array|
|fb_262_d0        |  out|    8|   ap_memory|                                                                            fb_262|         array|
|fb_263_address0  |  out|    3|   ap_memory|                                                                            fb_263|         array|
|fb_263_ce0       |  out|    1|   ap_memory|                                                                            fb_263|         array|
|fb_263_we0       |  out|    1|   ap_memory|                                                                            fb_263|         array|
|fb_263_d0        |  out|    8|   ap_memory|                                                                            fb_263|         array|
|fb_264_address0  |  out|    3|   ap_memory|                                                                            fb_264|         array|
|fb_264_ce0       |  out|    1|   ap_memory|                                                                            fb_264|         array|
|fb_264_we0       |  out|    1|   ap_memory|                                                                            fb_264|         array|
|fb_264_d0        |  out|    8|   ap_memory|                                                                            fb_264|         array|
|fb_265_address0  |  out|    3|   ap_memory|                                                                            fb_265|         array|
|fb_265_ce0       |  out|    1|   ap_memory|                                                                            fb_265|         array|
|fb_265_we0       |  out|    1|   ap_memory|                                                                            fb_265|         array|
|fb_265_d0        |  out|    8|   ap_memory|                                                                            fb_265|         array|
|fb_266_address0  |  out|    3|   ap_memory|                                                                            fb_266|         array|
|fb_266_ce0       |  out|    1|   ap_memory|                                                                            fb_266|         array|
|fb_266_we0       |  out|    1|   ap_memory|                                                                            fb_266|         array|
|fb_266_d0        |  out|    8|   ap_memory|                                                                            fb_266|         array|
|fb_267_address0  |  out|    3|   ap_memory|                                                                            fb_267|         array|
|fb_267_ce0       |  out|    1|   ap_memory|                                                                            fb_267|         array|
|fb_267_we0       |  out|    1|   ap_memory|                                                                            fb_267|         array|
|fb_267_d0        |  out|    8|   ap_memory|                                                                            fb_267|         array|
|fb_268_address0  |  out|    3|   ap_memory|                                                                            fb_268|         array|
|fb_268_ce0       |  out|    1|   ap_memory|                                                                            fb_268|         array|
|fb_268_we0       |  out|    1|   ap_memory|                                                                            fb_268|         array|
|fb_268_d0        |  out|    8|   ap_memory|                                                                            fb_268|         array|
|fb_269_address0  |  out|    3|   ap_memory|                                                                            fb_269|         array|
|fb_269_ce0       |  out|    1|   ap_memory|                                                                            fb_269|         array|
|fb_269_we0       |  out|    1|   ap_memory|                                                                            fb_269|         array|
|fb_269_d0        |  out|    8|   ap_memory|                                                                            fb_269|         array|
|fb_270_address0  |  out|    3|   ap_memory|                                                                            fb_270|         array|
|fb_270_ce0       |  out|    1|   ap_memory|                                                                            fb_270|         array|
|fb_270_we0       |  out|    1|   ap_memory|                                                                            fb_270|         array|
|fb_270_d0        |  out|    8|   ap_memory|                                                                            fb_270|         array|
|fb_271_address0  |  out|    3|   ap_memory|                                                                            fb_271|         array|
|fb_271_ce0       |  out|    1|   ap_memory|                                                                            fb_271|         array|
|fb_271_we0       |  out|    1|   ap_memory|                                                                            fb_271|         array|
|fb_271_d0        |  out|    8|   ap_memory|                                                                            fb_271|         array|
|fb_272_address0  |  out|    3|   ap_memory|                                                                            fb_272|         array|
|fb_272_ce0       |  out|    1|   ap_memory|                                                                            fb_272|         array|
|fb_272_we0       |  out|    1|   ap_memory|                                                                            fb_272|         array|
|fb_272_d0        |  out|    8|   ap_memory|                                                                            fb_272|         array|
|fb_273_address0  |  out|    3|   ap_memory|                                                                            fb_273|         array|
|fb_273_ce0       |  out|    1|   ap_memory|                                                                            fb_273|         array|
|fb_273_we0       |  out|    1|   ap_memory|                                                                            fb_273|         array|
|fb_273_d0        |  out|    8|   ap_memory|                                                                            fb_273|         array|
|fb_274_address0  |  out|    3|   ap_memory|                                                                            fb_274|         array|
|fb_274_ce0       |  out|    1|   ap_memory|                                                                            fb_274|         array|
|fb_274_we0       |  out|    1|   ap_memory|                                                                            fb_274|         array|
|fb_274_d0        |  out|    8|   ap_memory|                                                                            fb_274|         array|
|fb_275_address0  |  out|    3|   ap_memory|                                                                            fb_275|         array|
|fb_275_ce0       |  out|    1|   ap_memory|                                                                            fb_275|         array|
|fb_275_we0       |  out|    1|   ap_memory|                                                                            fb_275|         array|
|fb_275_d0        |  out|    8|   ap_memory|                                                                            fb_275|         array|
|fb_276_address0  |  out|    3|   ap_memory|                                                                            fb_276|         array|
|fb_276_ce0       |  out|    1|   ap_memory|                                                                            fb_276|         array|
|fb_276_we0       |  out|    1|   ap_memory|                                                                            fb_276|         array|
|fb_276_d0        |  out|    8|   ap_memory|                                                                            fb_276|         array|
|fb_277_address0  |  out|    3|   ap_memory|                                                                            fb_277|         array|
|fb_277_ce0       |  out|    1|   ap_memory|                                                                            fb_277|         array|
|fb_277_we0       |  out|    1|   ap_memory|                                                                            fb_277|         array|
|fb_277_d0        |  out|    8|   ap_memory|                                                                            fb_277|         array|
|fb_278_address0  |  out|    3|   ap_memory|                                                                            fb_278|         array|
|fb_278_ce0       |  out|    1|   ap_memory|                                                                            fb_278|         array|
|fb_278_we0       |  out|    1|   ap_memory|                                                                            fb_278|         array|
|fb_278_d0        |  out|    8|   ap_memory|                                                                            fb_278|         array|
|fb_279_address0  |  out|    3|   ap_memory|                                                                            fb_279|         array|
|fb_279_ce0       |  out|    1|   ap_memory|                                                                            fb_279|         array|
|fb_279_we0       |  out|    1|   ap_memory|                                                                            fb_279|         array|
|fb_279_d0        |  out|    8|   ap_memory|                                                                            fb_279|         array|
|fb_280_address0  |  out|    3|   ap_memory|                                                                            fb_280|         array|
|fb_280_ce0       |  out|    1|   ap_memory|                                                                            fb_280|         array|
|fb_280_we0       |  out|    1|   ap_memory|                                                                            fb_280|         array|
|fb_280_d0        |  out|    8|   ap_memory|                                                                            fb_280|         array|
|fb_281_address0  |  out|    3|   ap_memory|                                                                            fb_281|         array|
|fb_281_ce0       |  out|    1|   ap_memory|                                                                            fb_281|         array|
|fb_281_we0       |  out|    1|   ap_memory|                                                                            fb_281|         array|
|fb_281_d0        |  out|    8|   ap_memory|                                                                            fb_281|         array|
|fb_282_address0  |  out|    3|   ap_memory|                                                                            fb_282|         array|
|fb_282_ce0       |  out|    1|   ap_memory|                                                                            fb_282|         array|
|fb_282_we0       |  out|    1|   ap_memory|                                                                            fb_282|         array|
|fb_282_d0        |  out|    8|   ap_memory|                                                                            fb_282|         array|
|fb_283_address0  |  out|    3|   ap_memory|                                                                            fb_283|         array|
|fb_283_ce0       |  out|    1|   ap_memory|                                                                            fb_283|         array|
|fb_283_we0       |  out|    1|   ap_memory|                                                                            fb_283|         array|
|fb_283_d0        |  out|    8|   ap_memory|                                                                            fb_283|         array|
|fb_284_address0  |  out|    3|   ap_memory|                                                                            fb_284|         array|
|fb_284_ce0       |  out|    1|   ap_memory|                                                                            fb_284|         array|
|fb_284_we0       |  out|    1|   ap_memory|                                                                            fb_284|         array|
|fb_284_d0        |  out|    8|   ap_memory|                                                                            fb_284|         array|
|fb_285_address0  |  out|    3|   ap_memory|                                                                            fb_285|         array|
|fb_285_ce0       |  out|    1|   ap_memory|                                                                            fb_285|         array|
|fb_285_we0       |  out|    1|   ap_memory|                                                                            fb_285|         array|
|fb_285_d0        |  out|    8|   ap_memory|                                                                            fb_285|         array|
|fb_286_address0  |  out|    3|   ap_memory|                                                                            fb_286|         array|
|fb_286_ce0       |  out|    1|   ap_memory|                                                                            fb_286|         array|
|fb_286_we0       |  out|    1|   ap_memory|                                                                            fb_286|         array|
|fb_286_d0        |  out|    8|   ap_memory|                                                                            fb_286|         array|
|fb_287_address0  |  out|    3|   ap_memory|                                                                            fb_287|         array|
|fb_287_ce0       |  out|    1|   ap_memory|                                                                            fb_287|         array|
|fb_287_we0       |  out|    1|   ap_memory|                                                                            fb_287|         array|
|fb_287_d0        |  out|    8|   ap_memory|                                                                            fb_287|         array|
|fb_288_address0  |  out|    3|   ap_memory|                                                                            fb_288|         array|
|fb_288_ce0       |  out|    1|   ap_memory|                                                                            fb_288|         array|
|fb_288_we0       |  out|    1|   ap_memory|                                                                            fb_288|         array|
|fb_288_d0        |  out|    8|   ap_memory|                                                                            fb_288|         array|
|fb_289_address0  |  out|    3|   ap_memory|                                                                            fb_289|         array|
|fb_289_ce0       |  out|    1|   ap_memory|                                                                            fb_289|         array|
|fb_289_we0       |  out|    1|   ap_memory|                                                                            fb_289|         array|
|fb_289_d0        |  out|    8|   ap_memory|                                                                            fb_289|         array|
|fb_290_address0  |  out|    3|   ap_memory|                                                                            fb_290|         array|
|fb_290_ce0       |  out|    1|   ap_memory|                                                                            fb_290|         array|
|fb_290_we0       |  out|    1|   ap_memory|                                                                            fb_290|         array|
|fb_290_d0        |  out|    8|   ap_memory|                                                                            fb_290|         array|
|fb_291_address0  |  out|    3|   ap_memory|                                                                            fb_291|         array|
|fb_291_ce0       |  out|    1|   ap_memory|                                                                            fb_291|         array|
|fb_291_we0       |  out|    1|   ap_memory|                                                                            fb_291|         array|
|fb_291_d0        |  out|    8|   ap_memory|                                                                            fb_291|         array|
|fb_292_address0  |  out|    3|   ap_memory|                                                                            fb_292|         array|
|fb_292_ce0       |  out|    1|   ap_memory|                                                                            fb_292|         array|
|fb_292_we0       |  out|    1|   ap_memory|                                                                            fb_292|         array|
|fb_292_d0        |  out|    8|   ap_memory|                                                                            fb_292|         array|
|fb_293_address0  |  out|    3|   ap_memory|                                                                            fb_293|         array|
|fb_293_ce0       |  out|    1|   ap_memory|                                                                            fb_293|         array|
|fb_293_we0       |  out|    1|   ap_memory|                                                                            fb_293|         array|
|fb_293_d0        |  out|    8|   ap_memory|                                                                            fb_293|         array|
|fb_294_address0  |  out|    3|   ap_memory|                                                                            fb_294|         array|
|fb_294_ce0       |  out|    1|   ap_memory|                                                                            fb_294|         array|
|fb_294_we0       |  out|    1|   ap_memory|                                                                            fb_294|         array|
|fb_294_d0        |  out|    8|   ap_memory|                                                                            fb_294|         array|
|fb_295_address0  |  out|    3|   ap_memory|                                                                            fb_295|         array|
|fb_295_ce0       |  out|    1|   ap_memory|                                                                            fb_295|         array|
|fb_295_we0       |  out|    1|   ap_memory|                                                                            fb_295|         array|
|fb_295_d0        |  out|    8|   ap_memory|                                                                            fb_295|         array|
|fb_296_address0  |  out|    3|   ap_memory|                                                                            fb_296|         array|
|fb_296_ce0       |  out|    1|   ap_memory|                                                                            fb_296|         array|
|fb_296_we0       |  out|    1|   ap_memory|                                                                            fb_296|         array|
|fb_296_d0        |  out|    8|   ap_memory|                                                                            fb_296|         array|
|fb_297_address0  |  out|    3|   ap_memory|                                                                            fb_297|         array|
|fb_297_ce0       |  out|    1|   ap_memory|                                                                            fb_297|         array|
|fb_297_we0       |  out|    1|   ap_memory|                                                                            fb_297|         array|
|fb_297_d0        |  out|    8|   ap_memory|                                                                            fb_297|         array|
|fb_298_address0  |  out|    3|   ap_memory|                                                                            fb_298|         array|
|fb_298_ce0       |  out|    1|   ap_memory|                                                                            fb_298|         array|
|fb_298_we0       |  out|    1|   ap_memory|                                                                            fb_298|         array|
|fb_298_d0        |  out|    8|   ap_memory|                                                                            fb_298|         array|
|fb_299_address0  |  out|    3|   ap_memory|                                                                            fb_299|         array|
|fb_299_ce0       |  out|    1|   ap_memory|                                                                            fb_299|         array|
|fb_299_we0       |  out|    1|   ap_memory|                                                                            fb_299|         array|
|fb_299_d0        |  out|    8|   ap_memory|                                                                            fb_299|         array|
|fb_300_address0  |  out|    3|   ap_memory|                                                                            fb_300|         array|
|fb_300_ce0       |  out|    1|   ap_memory|                                                                            fb_300|         array|
|fb_300_we0       |  out|    1|   ap_memory|                                                                            fb_300|         array|
|fb_300_d0        |  out|    8|   ap_memory|                                                                            fb_300|         array|
|fb_301_address0  |  out|    3|   ap_memory|                                                                            fb_301|         array|
|fb_301_ce0       |  out|    1|   ap_memory|                                                                            fb_301|         array|
|fb_301_we0       |  out|    1|   ap_memory|                                                                            fb_301|         array|
|fb_301_d0        |  out|    8|   ap_memory|                                                                            fb_301|         array|
|fb_302_address0  |  out|    3|   ap_memory|                                                                            fb_302|         array|
|fb_302_ce0       |  out|    1|   ap_memory|                                                                            fb_302|         array|
|fb_302_we0       |  out|    1|   ap_memory|                                                                            fb_302|         array|
|fb_302_d0        |  out|    8|   ap_memory|                                                                            fb_302|         array|
|fb_303_address0  |  out|    3|   ap_memory|                                                                            fb_303|         array|
|fb_303_ce0       |  out|    1|   ap_memory|                                                                            fb_303|         array|
|fb_303_we0       |  out|    1|   ap_memory|                                                                            fb_303|         array|
|fb_303_d0        |  out|    8|   ap_memory|                                                                            fb_303|         array|
|fb_304_address0  |  out|    3|   ap_memory|                                                                            fb_304|         array|
|fb_304_ce0       |  out|    1|   ap_memory|                                                                            fb_304|         array|
|fb_304_we0       |  out|    1|   ap_memory|                                                                            fb_304|         array|
|fb_304_d0        |  out|    8|   ap_memory|                                                                            fb_304|         array|
|fb_305_address0  |  out|    3|   ap_memory|                                                                            fb_305|         array|
|fb_305_ce0       |  out|    1|   ap_memory|                                                                            fb_305|         array|
|fb_305_we0       |  out|    1|   ap_memory|                                                                            fb_305|         array|
|fb_305_d0        |  out|    8|   ap_memory|                                                                            fb_305|         array|
|fb_306_address0  |  out|    3|   ap_memory|                                                                            fb_306|         array|
|fb_306_ce0       |  out|    1|   ap_memory|                                                                            fb_306|         array|
|fb_306_we0       |  out|    1|   ap_memory|                                                                            fb_306|         array|
|fb_306_d0        |  out|    8|   ap_memory|                                                                            fb_306|         array|
|fb_307_address0  |  out|    3|   ap_memory|                                                                            fb_307|         array|
|fb_307_ce0       |  out|    1|   ap_memory|                                                                            fb_307|         array|
|fb_307_we0       |  out|    1|   ap_memory|                                                                            fb_307|         array|
|fb_307_d0        |  out|    8|   ap_memory|                                                                            fb_307|         array|
|fb_308_address0  |  out|    3|   ap_memory|                                                                            fb_308|         array|
|fb_308_ce0       |  out|    1|   ap_memory|                                                                            fb_308|         array|
|fb_308_we0       |  out|    1|   ap_memory|                                                                            fb_308|         array|
|fb_308_d0        |  out|    8|   ap_memory|                                                                            fb_308|         array|
|fb_309_address0  |  out|    3|   ap_memory|                                                                            fb_309|         array|
|fb_309_ce0       |  out|    1|   ap_memory|                                                                            fb_309|         array|
|fb_309_we0       |  out|    1|   ap_memory|                                                                            fb_309|         array|
|fb_309_d0        |  out|    8|   ap_memory|                                                                            fb_309|         array|
|fb_310_address0  |  out|    3|   ap_memory|                                                                            fb_310|         array|
|fb_310_ce0       |  out|    1|   ap_memory|                                                                            fb_310|         array|
|fb_310_we0       |  out|    1|   ap_memory|                                                                            fb_310|         array|
|fb_310_d0        |  out|    8|   ap_memory|                                                                            fb_310|         array|
|fb_311_address0  |  out|    3|   ap_memory|                                                                            fb_311|         array|
|fb_311_ce0       |  out|    1|   ap_memory|                                                                            fb_311|         array|
|fb_311_we0       |  out|    1|   ap_memory|                                                                            fb_311|         array|
|fb_311_d0        |  out|    8|   ap_memory|                                                                            fb_311|         array|
|fb_312_address0  |  out|    3|   ap_memory|                                                                            fb_312|         array|
|fb_312_ce0       |  out|    1|   ap_memory|                                                                            fb_312|         array|
|fb_312_we0       |  out|    1|   ap_memory|                                                                            fb_312|         array|
|fb_312_d0        |  out|    8|   ap_memory|                                                                            fb_312|         array|
|fb_313_address0  |  out|    3|   ap_memory|                                                                            fb_313|         array|
|fb_313_ce0       |  out|    1|   ap_memory|                                                                            fb_313|         array|
|fb_313_we0       |  out|    1|   ap_memory|                                                                            fb_313|         array|
|fb_313_d0        |  out|    8|   ap_memory|                                                                            fb_313|         array|
|fb_314_address0  |  out|    3|   ap_memory|                                                                            fb_314|         array|
|fb_314_ce0       |  out|    1|   ap_memory|                                                                            fb_314|         array|
|fb_314_we0       |  out|    1|   ap_memory|                                                                            fb_314|         array|
|fb_314_d0        |  out|    8|   ap_memory|                                                                            fb_314|         array|
|fb_315_address0  |  out|    3|   ap_memory|                                                                            fb_315|         array|
|fb_315_ce0       |  out|    1|   ap_memory|                                                                            fb_315|         array|
|fb_315_we0       |  out|    1|   ap_memory|                                                                            fb_315|         array|
|fb_315_d0        |  out|    8|   ap_memory|                                                                            fb_315|         array|
|fb_316_address0  |  out|    3|   ap_memory|                                                                            fb_316|         array|
|fb_316_ce0       |  out|    1|   ap_memory|                                                                            fb_316|         array|
|fb_316_we0       |  out|    1|   ap_memory|                                                                            fb_316|         array|
|fb_316_d0        |  out|    8|   ap_memory|                                                                            fb_316|         array|
|fb_317_address0  |  out|    3|   ap_memory|                                                                            fb_317|         array|
|fb_317_ce0       |  out|    1|   ap_memory|                                                                            fb_317|         array|
|fb_317_we0       |  out|    1|   ap_memory|                                                                            fb_317|         array|
|fb_317_d0        |  out|    8|   ap_memory|                                                                            fb_317|         array|
|fb_318_address0  |  out|    3|   ap_memory|                                                                            fb_318|         array|
|fb_318_ce0       |  out|    1|   ap_memory|                                                                            fb_318|         array|
|fb_318_we0       |  out|    1|   ap_memory|                                                                            fb_318|         array|
|fb_318_d0        |  out|    8|   ap_memory|                                                                            fb_318|         array|
|fb_319_address0  |  out|    3|   ap_memory|                                                                            fb_319|         array|
|fb_319_ce0       |  out|    1|   ap_memory|                                                                            fb_319|         array|
|fb_319_we0       |  out|    1|   ap_memory|                                                                            fb_319|         array|
|fb_319_d0        |  out|    8|   ap_memory|                                                                            fb_319|         array|
|fb_320_address0  |  out|    3|   ap_memory|                                                                            fb_320|         array|
|fb_320_ce0       |  out|    1|   ap_memory|                                                                            fb_320|         array|
|fb_320_we0       |  out|    1|   ap_memory|                                                                            fb_320|         array|
|fb_320_d0        |  out|    8|   ap_memory|                                                                            fb_320|         array|
|fb_321_address0  |  out|    3|   ap_memory|                                                                            fb_321|         array|
|fb_321_ce0       |  out|    1|   ap_memory|                                                                            fb_321|         array|
|fb_321_we0       |  out|    1|   ap_memory|                                                                            fb_321|         array|
|fb_321_d0        |  out|    8|   ap_memory|                                                                            fb_321|         array|
|fb_322_address0  |  out|    3|   ap_memory|                                                                            fb_322|         array|
|fb_322_ce0       |  out|    1|   ap_memory|                                                                            fb_322|         array|
|fb_322_we0       |  out|    1|   ap_memory|                                                                            fb_322|         array|
|fb_322_d0        |  out|    8|   ap_memory|                                                                            fb_322|         array|
|fb_323_address0  |  out|    3|   ap_memory|                                                                            fb_323|         array|
|fb_323_ce0       |  out|    1|   ap_memory|                                                                            fb_323|         array|
|fb_323_we0       |  out|    1|   ap_memory|                                                                            fb_323|         array|
|fb_323_d0        |  out|    8|   ap_memory|                                                                            fb_323|         array|
|fb_324_address0  |  out|    3|   ap_memory|                                                                            fb_324|         array|
|fb_324_ce0       |  out|    1|   ap_memory|                                                                            fb_324|         array|
|fb_324_we0       |  out|    1|   ap_memory|                                                                            fb_324|         array|
|fb_324_d0        |  out|    8|   ap_memory|                                                                            fb_324|         array|
|fb_325_address0  |  out|    3|   ap_memory|                                                                            fb_325|         array|
|fb_325_ce0       |  out|    1|   ap_memory|                                                                            fb_325|         array|
|fb_325_we0       |  out|    1|   ap_memory|                                                                            fb_325|         array|
|fb_325_d0        |  out|    8|   ap_memory|                                                                            fb_325|         array|
|fb_326_address0  |  out|    3|   ap_memory|                                                                            fb_326|         array|
|fb_326_ce0       |  out|    1|   ap_memory|                                                                            fb_326|         array|
|fb_326_we0       |  out|    1|   ap_memory|                                                                            fb_326|         array|
|fb_326_d0        |  out|    8|   ap_memory|                                                                            fb_326|         array|
|fb_327_address0  |  out|    3|   ap_memory|                                                                            fb_327|         array|
|fb_327_ce0       |  out|    1|   ap_memory|                                                                            fb_327|         array|
|fb_327_we0       |  out|    1|   ap_memory|                                                                            fb_327|         array|
|fb_327_d0        |  out|    8|   ap_memory|                                                                            fb_327|         array|
|fb_328_address0  |  out|    3|   ap_memory|                                                                            fb_328|         array|
|fb_328_ce0       |  out|    1|   ap_memory|                                                                            fb_328|         array|
|fb_328_we0       |  out|    1|   ap_memory|                                                                            fb_328|         array|
|fb_328_d0        |  out|    8|   ap_memory|                                                                            fb_328|         array|
|fb_329_address0  |  out|    3|   ap_memory|                                                                            fb_329|         array|
|fb_329_ce0       |  out|    1|   ap_memory|                                                                            fb_329|         array|
|fb_329_we0       |  out|    1|   ap_memory|                                                                            fb_329|         array|
|fb_329_d0        |  out|    8|   ap_memory|                                                                            fb_329|         array|
|fb_330_address0  |  out|    3|   ap_memory|                                                                            fb_330|         array|
|fb_330_ce0       |  out|    1|   ap_memory|                                                                            fb_330|         array|
|fb_330_we0       |  out|    1|   ap_memory|                                                                            fb_330|         array|
|fb_330_d0        |  out|    8|   ap_memory|                                                                            fb_330|         array|
|fb_331_address0  |  out|    3|   ap_memory|                                                                            fb_331|         array|
|fb_331_ce0       |  out|    1|   ap_memory|                                                                            fb_331|         array|
|fb_331_we0       |  out|    1|   ap_memory|                                                                            fb_331|         array|
|fb_331_d0        |  out|    8|   ap_memory|                                                                            fb_331|         array|
|fb_332_address0  |  out|    3|   ap_memory|                                                                            fb_332|         array|
|fb_332_ce0       |  out|    1|   ap_memory|                                                                            fb_332|         array|
|fb_332_we0       |  out|    1|   ap_memory|                                                                            fb_332|         array|
|fb_332_d0        |  out|    8|   ap_memory|                                                                            fb_332|         array|
|fb_333_address0  |  out|    3|   ap_memory|                                                                            fb_333|         array|
|fb_333_ce0       |  out|    1|   ap_memory|                                                                            fb_333|         array|
|fb_333_we0       |  out|    1|   ap_memory|                                                                            fb_333|         array|
|fb_333_d0        |  out|    8|   ap_memory|                                                                            fb_333|         array|
|fb_334_address0  |  out|    3|   ap_memory|                                                                            fb_334|         array|
|fb_334_ce0       |  out|    1|   ap_memory|                                                                            fb_334|         array|
|fb_334_we0       |  out|    1|   ap_memory|                                                                            fb_334|         array|
|fb_334_d0        |  out|    8|   ap_memory|                                                                            fb_334|         array|
|fb_335_address0  |  out|    3|   ap_memory|                                                                            fb_335|         array|
|fb_335_ce0       |  out|    1|   ap_memory|                                                                            fb_335|         array|
|fb_335_we0       |  out|    1|   ap_memory|                                                                            fb_335|         array|
|fb_335_d0        |  out|    8|   ap_memory|                                                                            fb_335|         array|
|fb_336_address0  |  out|    3|   ap_memory|                                                                            fb_336|         array|
|fb_336_ce0       |  out|    1|   ap_memory|                                                                            fb_336|         array|
|fb_336_we0       |  out|    1|   ap_memory|                                                                            fb_336|         array|
|fb_336_d0        |  out|    8|   ap_memory|                                                                            fb_336|         array|
|fb_337_address0  |  out|    3|   ap_memory|                                                                            fb_337|         array|
|fb_337_ce0       |  out|    1|   ap_memory|                                                                            fb_337|         array|
|fb_337_we0       |  out|    1|   ap_memory|                                                                            fb_337|         array|
|fb_337_d0        |  out|    8|   ap_memory|                                                                            fb_337|         array|
|fb_338_address0  |  out|    3|   ap_memory|                                                                            fb_338|         array|
|fb_338_ce0       |  out|    1|   ap_memory|                                                                            fb_338|         array|
|fb_338_we0       |  out|    1|   ap_memory|                                                                            fb_338|         array|
|fb_338_d0        |  out|    8|   ap_memory|                                                                            fb_338|         array|
|fb_339_address0  |  out|    3|   ap_memory|                                                                            fb_339|         array|
|fb_339_ce0       |  out|    1|   ap_memory|                                                                            fb_339|         array|
|fb_339_we0       |  out|    1|   ap_memory|                                                                            fb_339|         array|
|fb_339_d0        |  out|    8|   ap_memory|                                                                            fb_339|         array|
|fb_340_address0  |  out|    3|   ap_memory|                                                                            fb_340|         array|
|fb_340_ce0       |  out|    1|   ap_memory|                                                                            fb_340|         array|
|fb_340_we0       |  out|    1|   ap_memory|                                                                            fb_340|         array|
|fb_340_d0        |  out|    8|   ap_memory|                                                                            fb_340|         array|
|fb_341_address0  |  out|    3|   ap_memory|                                                                            fb_341|         array|
|fb_341_ce0       |  out|    1|   ap_memory|                                                                            fb_341|         array|
|fb_341_we0       |  out|    1|   ap_memory|                                                                            fb_341|         array|
|fb_341_d0        |  out|    8|   ap_memory|                                                                            fb_341|         array|
|fb_342_address0  |  out|    3|   ap_memory|                                                                            fb_342|         array|
|fb_342_ce0       |  out|    1|   ap_memory|                                                                            fb_342|         array|
|fb_342_we0       |  out|    1|   ap_memory|                                                                            fb_342|         array|
|fb_342_d0        |  out|    8|   ap_memory|                                                                            fb_342|         array|
|fb_343_address0  |  out|    3|   ap_memory|                                                                            fb_343|         array|
|fb_343_ce0       |  out|    1|   ap_memory|                                                                            fb_343|         array|
|fb_343_we0       |  out|    1|   ap_memory|                                                                            fb_343|         array|
|fb_343_d0        |  out|    8|   ap_memory|                                                                            fb_343|         array|
|fb_344_address0  |  out|    3|   ap_memory|                                                                            fb_344|         array|
|fb_344_ce0       |  out|    1|   ap_memory|                                                                            fb_344|         array|
|fb_344_we0       |  out|    1|   ap_memory|                                                                            fb_344|         array|
|fb_344_d0        |  out|    8|   ap_memory|                                                                            fb_344|         array|
|fb_345_address0  |  out|    3|   ap_memory|                                                                            fb_345|         array|
|fb_345_ce0       |  out|    1|   ap_memory|                                                                            fb_345|         array|
|fb_345_we0       |  out|    1|   ap_memory|                                                                            fb_345|         array|
|fb_345_d0        |  out|    8|   ap_memory|                                                                            fb_345|         array|
|fb_346_address0  |  out|    3|   ap_memory|                                                                            fb_346|         array|
|fb_346_ce0       |  out|    1|   ap_memory|                                                                            fb_346|         array|
|fb_346_we0       |  out|    1|   ap_memory|                                                                            fb_346|         array|
|fb_346_d0        |  out|    8|   ap_memory|                                                                            fb_346|         array|
|fb_347_address0  |  out|    3|   ap_memory|                                                                            fb_347|         array|
|fb_347_ce0       |  out|    1|   ap_memory|                                                                            fb_347|         array|
|fb_347_we0       |  out|    1|   ap_memory|                                                                            fb_347|         array|
|fb_347_d0        |  out|    8|   ap_memory|                                                                            fb_347|         array|
|fb_348_address0  |  out|    3|   ap_memory|                                                                            fb_348|         array|
|fb_348_ce0       |  out|    1|   ap_memory|                                                                            fb_348|         array|
|fb_348_we0       |  out|    1|   ap_memory|                                                                            fb_348|         array|
|fb_348_d0        |  out|    8|   ap_memory|                                                                            fb_348|         array|
|fb_349_address0  |  out|    3|   ap_memory|                                                                            fb_349|         array|
|fb_349_ce0       |  out|    1|   ap_memory|                                                                            fb_349|         array|
|fb_349_we0       |  out|    1|   ap_memory|                                                                            fb_349|         array|
|fb_349_d0        |  out|    8|   ap_memory|                                                                            fb_349|         array|
|fb_350_address0  |  out|    3|   ap_memory|                                                                            fb_350|         array|
|fb_350_ce0       |  out|    1|   ap_memory|                                                                            fb_350|         array|
|fb_350_we0       |  out|    1|   ap_memory|                                                                            fb_350|         array|
|fb_350_d0        |  out|    8|   ap_memory|                                                                            fb_350|         array|
|fb_351_address0  |  out|    3|   ap_memory|                                                                            fb_351|         array|
|fb_351_ce0       |  out|    1|   ap_memory|                                                                            fb_351|         array|
|fb_351_we0       |  out|    1|   ap_memory|                                                                            fb_351|         array|
|fb_351_d0        |  out|    8|   ap_memory|                                                                            fb_351|         array|
|fb_352_address0  |  out|    3|   ap_memory|                                                                            fb_352|         array|
|fb_352_ce0       |  out|    1|   ap_memory|                                                                            fb_352|         array|
|fb_352_we0       |  out|    1|   ap_memory|                                                                            fb_352|         array|
|fb_352_d0        |  out|    8|   ap_memory|                                                                            fb_352|         array|
|fb_353_address0  |  out|    3|   ap_memory|                                                                            fb_353|         array|
|fb_353_ce0       |  out|    1|   ap_memory|                                                                            fb_353|         array|
|fb_353_we0       |  out|    1|   ap_memory|                                                                            fb_353|         array|
|fb_353_d0        |  out|    8|   ap_memory|                                                                            fb_353|         array|
|fb_354_address0  |  out|    3|   ap_memory|                                                                            fb_354|         array|
|fb_354_ce0       |  out|    1|   ap_memory|                                                                            fb_354|         array|
|fb_354_we0       |  out|    1|   ap_memory|                                                                            fb_354|         array|
|fb_354_d0        |  out|    8|   ap_memory|                                                                            fb_354|         array|
|fb_355_address0  |  out|    3|   ap_memory|                                                                            fb_355|         array|
|fb_355_ce0       |  out|    1|   ap_memory|                                                                            fb_355|         array|
|fb_355_we0       |  out|    1|   ap_memory|                                                                            fb_355|         array|
|fb_355_d0        |  out|    8|   ap_memory|                                                                            fb_355|         array|
|fb_356_address0  |  out|    3|   ap_memory|                                                                            fb_356|         array|
|fb_356_ce0       |  out|    1|   ap_memory|                                                                            fb_356|         array|
|fb_356_we0       |  out|    1|   ap_memory|                                                                            fb_356|         array|
|fb_356_d0        |  out|    8|   ap_memory|                                                                            fb_356|         array|
|fb_357_address0  |  out|    3|   ap_memory|                                                                            fb_357|         array|
|fb_357_ce0       |  out|    1|   ap_memory|                                                                            fb_357|         array|
|fb_357_we0       |  out|    1|   ap_memory|                                                                            fb_357|         array|
|fb_357_d0        |  out|    8|   ap_memory|                                                                            fb_357|         array|
|fb_358_address0  |  out|    3|   ap_memory|                                                                            fb_358|         array|
|fb_358_ce0       |  out|    1|   ap_memory|                                                                            fb_358|         array|
|fb_358_we0       |  out|    1|   ap_memory|                                                                            fb_358|         array|
|fb_358_d0        |  out|    8|   ap_memory|                                                                            fb_358|         array|
|fb_359_address0  |  out|    3|   ap_memory|                                                                            fb_359|         array|
|fb_359_ce0       |  out|    1|   ap_memory|                                                                            fb_359|         array|
|fb_359_we0       |  out|    1|   ap_memory|                                                                            fb_359|         array|
|fb_359_d0        |  out|    8|   ap_memory|                                                                            fb_359|         array|
|fb_360_address0  |  out|    3|   ap_memory|                                                                            fb_360|         array|
|fb_360_ce0       |  out|    1|   ap_memory|                                                                            fb_360|         array|
|fb_360_we0       |  out|    1|   ap_memory|                                                                            fb_360|         array|
|fb_360_d0        |  out|    8|   ap_memory|                                                                            fb_360|         array|
|fb_361_address0  |  out|    3|   ap_memory|                                                                            fb_361|         array|
|fb_361_ce0       |  out|    1|   ap_memory|                                                                            fb_361|         array|
|fb_361_we0       |  out|    1|   ap_memory|                                                                            fb_361|         array|
|fb_361_d0        |  out|    8|   ap_memory|                                                                            fb_361|         array|
|fb_362_address0  |  out|    3|   ap_memory|                                                                            fb_362|         array|
|fb_362_ce0       |  out|    1|   ap_memory|                                                                            fb_362|         array|
|fb_362_we0       |  out|    1|   ap_memory|                                                                            fb_362|         array|
|fb_362_d0        |  out|    8|   ap_memory|                                                                            fb_362|         array|
|fb_363_address0  |  out|    3|   ap_memory|                                                                            fb_363|         array|
|fb_363_ce0       |  out|    1|   ap_memory|                                                                            fb_363|         array|
|fb_363_we0       |  out|    1|   ap_memory|                                                                            fb_363|         array|
|fb_363_d0        |  out|    8|   ap_memory|                                                                            fb_363|         array|
|fb_364_address0  |  out|    3|   ap_memory|                                                                            fb_364|         array|
|fb_364_ce0       |  out|    1|   ap_memory|                                                                            fb_364|         array|
|fb_364_we0       |  out|    1|   ap_memory|                                                                            fb_364|         array|
|fb_364_d0        |  out|    8|   ap_memory|                                                                            fb_364|         array|
|fb_365_address0  |  out|    3|   ap_memory|                                                                            fb_365|         array|
|fb_365_ce0       |  out|    1|   ap_memory|                                                                            fb_365|         array|
|fb_365_we0       |  out|    1|   ap_memory|                                                                            fb_365|         array|
|fb_365_d0        |  out|    8|   ap_memory|                                                                            fb_365|         array|
|fb_366_address0  |  out|    3|   ap_memory|                                                                            fb_366|         array|
|fb_366_ce0       |  out|    1|   ap_memory|                                                                            fb_366|         array|
|fb_366_we0       |  out|    1|   ap_memory|                                                                            fb_366|         array|
|fb_366_d0        |  out|    8|   ap_memory|                                                                            fb_366|         array|
|fb_367_address0  |  out|    3|   ap_memory|                                                                            fb_367|         array|
|fb_367_ce0       |  out|    1|   ap_memory|                                                                            fb_367|         array|
|fb_367_we0       |  out|    1|   ap_memory|                                                                            fb_367|         array|
|fb_367_d0        |  out|    8|   ap_memory|                                                                            fb_367|         array|
|fb_368_address0  |  out|    3|   ap_memory|                                                                            fb_368|         array|
|fb_368_ce0       |  out|    1|   ap_memory|                                                                            fb_368|         array|
|fb_368_we0       |  out|    1|   ap_memory|                                                                            fb_368|         array|
|fb_368_d0        |  out|    8|   ap_memory|                                                                            fb_368|         array|
|fb_369_address0  |  out|    3|   ap_memory|                                                                            fb_369|         array|
|fb_369_ce0       |  out|    1|   ap_memory|                                                                            fb_369|         array|
|fb_369_we0       |  out|    1|   ap_memory|                                                                            fb_369|         array|
|fb_369_d0        |  out|    8|   ap_memory|                                                                            fb_369|         array|
|fb_370_address0  |  out|    3|   ap_memory|                                                                            fb_370|         array|
|fb_370_ce0       |  out|    1|   ap_memory|                                                                            fb_370|         array|
|fb_370_we0       |  out|    1|   ap_memory|                                                                            fb_370|         array|
|fb_370_d0        |  out|    8|   ap_memory|                                                                            fb_370|         array|
|fb_371_address0  |  out|    3|   ap_memory|                                                                            fb_371|         array|
|fb_371_ce0       |  out|    1|   ap_memory|                                                                            fb_371|         array|
|fb_371_we0       |  out|    1|   ap_memory|                                                                            fb_371|         array|
|fb_371_d0        |  out|    8|   ap_memory|                                                                            fb_371|         array|
|fb_372_address0  |  out|    3|   ap_memory|                                                                            fb_372|         array|
|fb_372_ce0       |  out|    1|   ap_memory|                                                                            fb_372|         array|
|fb_372_we0       |  out|    1|   ap_memory|                                                                            fb_372|         array|
|fb_372_d0        |  out|    8|   ap_memory|                                                                            fb_372|         array|
|fb_373_address0  |  out|    3|   ap_memory|                                                                            fb_373|         array|
|fb_373_ce0       |  out|    1|   ap_memory|                                                                            fb_373|         array|
|fb_373_we0       |  out|    1|   ap_memory|                                                                            fb_373|         array|
|fb_373_d0        |  out|    8|   ap_memory|                                                                            fb_373|         array|
|fb_374_address0  |  out|    3|   ap_memory|                                                                            fb_374|         array|
|fb_374_ce0       |  out|    1|   ap_memory|                                                                            fb_374|         array|
|fb_374_we0       |  out|    1|   ap_memory|                                                                            fb_374|         array|
|fb_374_d0        |  out|    8|   ap_memory|                                                                            fb_374|         array|
|fb_375_address0  |  out|    3|   ap_memory|                                                                            fb_375|         array|
|fb_375_ce0       |  out|    1|   ap_memory|                                                                            fb_375|         array|
|fb_375_we0       |  out|    1|   ap_memory|                                                                            fb_375|         array|
|fb_375_d0        |  out|    8|   ap_memory|                                                                            fb_375|         array|
|fb_376_address0  |  out|    3|   ap_memory|                                                                            fb_376|         array|
|fb_376_ce0       |  out|    1|   ap_memory|                                                                            fb_376|         array|
|fb_376_we0       |  out|    1|   ap_memory|                                                                            fb_376|         array|
|fb_376_d0        |  out|    8|   ap_memory|                                                                            fb_376|         array|
|fb_377_address0  |  out|    3|   ap_memory|                                                                            fb_377|         array|
|fb_377_ce0       |  out|    1|   ap_memory|                                                                            fb_377|         array|
|fb_377_we0       |  out|    1|   ap_memory|                                                                            fb_377|         array|
|fb_377_d0        |  out|    8|   ap_memory|                                                                            fb_377|         array|
|fb_378_address0  |  out|    3|   ap_memory|                                                                            fb_378|         array|
|fb_378_ce0       |  out|    1|   ap_memory|                                                                            fb_378|         array|
|fb_378_we0       |  out|    1|   ap_memory|                                                                            fb_378|         array|
|fb_378_d0        |  out|    8|   ap_memory|                                                                            fb_378|         array|
|fb_379_address0  |  out|    3|   ap_memory|                                                                            fb_379|         array|
|fb_379_ce0       |  out|    1|   ap_memory|                                                                            fb_379|         array|
|fb_379_we0       |  out|    1|   ap_memory|                                                                            fb_379|         array|
|fb_379_d0        |  out|    8|   ap_memory|                                                                            fb_379|         array|
|fb_380_address0  |  out|    3|   ap_memory|                                                                            fb_380|         array|
|fb_380_ce0       |  out|    1|   ap_memory|                                                                            fb_380|         array|
|fb_380_we0       |  out|    1|   ap_memory|                                                                            fb_380|         array|
|fb_380_d0        |  out|    8|   ap_memory|                                                                            fb_380|         array|
|fb_381_address0  |  out|    3|   ap_memory|                                                                            fb_381|         array|
|fb_381_ce0       |  out|    1|   ap_memory|                                                                            fb_381|         array|
|fb_381_we0       |  out|    1|   ap_memory|                                                                            fb_381|         array|
|fb_381_d0        |  out|    8|   ap_memory|                                                                            fb_381|         array|
|fb_382_address0  |  out|    3|   ap_memory|                                                                            fb_382|         array|
|fb_382_ce0       |  out|    1|   ap_memory|                                                                            fb_382|         array|
|fb_382_we0       |  out|    1|   ap_memory|                                                                            fb_382|         array|
|fb_382_d0        |  out|    8|   ap_memory|                                                                            fb_382|         array|
|fb_383_address0  |  out|    3|   ap_memory|                                                                            fb_383|         array|
|fb_383_ce0       |  out|    1|   ap_memory|                                                                            fb_383|         array|
|fb_383_we0       |  out|    1|   ap_memory|                                                                            fb_383|         array|
|fb_383_d0        |  out|    8|   ap_memory|                                                                            fb_383|         array|
|fb_384_address0  |  out|    3|   ap_memory|                                                                            fb_384|         array|
|fb_384_ce0       |  out|    1|   ap_memory|                                                                            fb_384|         array|
|fb_384_we0       |  out|    1|   ap_memory|                                                                            fb_384|         array|
|fb_384_d0        |  out|    8|   ap_memory|                                                                            fb_384|         array|
|fb_385_address0  |  out|    3|   ap_memory|                                                                            fb_385|         array|
|fb_385_ce0       |  out|    1|   ap_memory|                                                                            fb_385|         array|
|fb_385_we0       |  out|    1|   ap_memory|                                                                            fb_385|         array|
|fb_385_d0        |  out|    8|   ap_memory|                                                                            fb_385|         array|
|fb_386_address0  |  out|    3|   ap_memory|                                                                            fb_386|         array|
|fb_386_ce0       |  out|    1|   ap_memory|                                                                            fb_386|         array|
|fb_386_we0       |  out|    1|   ap_memory|                                                                            fb_386|         array|
|fb_386_d0        |  out|    8|   ap_memory|                                                                            fb_386|         array|
|fb_387_address0  |  out|    3|   ap_memory|                                                                            fb_387|         array|
|fb_387_ce0       |  out|    1|   ap_memory|                                                                            fb_387|         array|
|fb_387_we0       |  out|    1|   ap_memory|                                                                            fb_387|         array|
|fb_387_d0        |  out|    8|   ap_memory|                                                                            fb_387|         array|
|fb_388_address0  |  out|    3|   ap_memory|                                                                            fb_388|         array|
|fb_388_ce0       |  out|    1|   ap_memory|                                                                            fb_388|         array|
|fb_388_we0       |  out|    1|   ap_memory|                                                                            fb_388|         array|
|fb_388_d0        |  out|    8|   ap_memory|                                                                            fb_388|         array|
|fb_389_address0  |  out|    3|   ap_memory|                                                                            fb_389|         array|
|fb_389_ce0       |  out|    1|   ap_memory|                                                                            fb_389|         array|
|fb_389_we0       |  out|    1|   ap_memory|                                                                            fb_389|         array|
|fb_389_d0        |  out|    8|   ap_memory|                                                                            fb_389|         array|
|fb_390_address0  |  out|    3|   ap_memory|                                                                            fb_390|         array|
|fb_390_ce0       |  out|    1|   ap_memory|                                                                            fb_390|         array|
|fb_390_we0       |  out|    1|   ap_memory|                                                                            fb_390|         array|
|fb_390_d0        |  out|    8|   ap_memory|                                                                            fb_390|         array|
|fb_391_address0  |  out|    3|   ap_memory|                                                                            fb_391|         array|
|fb_391_ce0       |  out|    1|   ap_memory|                                                                            fb_391|         array|
|fb_391_we0       |  out|    1|   ap_memory|                                                                            fb_391|         array|
|fb_391_d0        |  out|    8|   ap_memory|                                                                            fb_391|         array|
|fb_392_address0  |  out|    3|   ap_memory|                                                                            fb_392|         array|
|fb_392_ce0       |  out|    1|   ap_memory|                                                                            fb_392|         array|
|fb_392_we0       |  out|    1|   ap_memory|                                                                            fb_392|         array|
|fb_392_d0        |  out|    8|   ap_memory|                                                                            fb_392|         array|
|fb_393_address0  |  out|    3|   ap_memory|                                                                            fb_393|         array|
|fb_393_ce0       |  out|    1|   ap_memory|                                                                            fb_393|         array|
|fb_393_we0       |  out|    1|   ap_memory|                                                                            fb_393|         array|
|fb_393_d0        |  out|    8|   ap_memory|                                                                            fb_393|         array|
|fb_394_address0  |  out|    3|   ap_memory|                                                                            fb_394|         array|
|fb_394_ce0       |  out|    1|   ap_memory|                                                                            fb_394|         array|
|fb_394_we0       |  out|    1|   ap_memory|                                                                            fb_394|         array|
|fb_394_d0        |  out|    8|   ap_memory|                                                                            fb_394|         array|
|fb_395_address0  |  out|    3|   ap_memory|                                                                            fb_395|         array|
|fb_395_ce0       |  out|    1|   ap_memory|                                                                            fb_395|         array|
|fb_395_we0       |  out|    1|   ap_memory|                                                                            fb_395|         array|
|fb_395_d0        |  out|    8|   ap_memory|                                                                            fb_395|         array|
|fb_396_address0  |  out|    3|   ap_memory|                                                                            fb_396|         array|
|fb_396_ce0       |  out|    1|   ap_memory|                                                                            fb_396|         array|
|fb_396_we0       |  out|    1|   ap_memory|                                                                            fb_396|         array|
|fb_396_d0        |  out|    8|   ap_memory|                                                                            fb_396|         array|
|fb_397_address0  |  out|    3|   ap_memory|                                                                            fb_397|         array|
|fb_397_ce0       |  out|    1|   ap_memory|                                                                            fb_397|         array|
|fb_397_we0       |  out|    1|   ap_memory|                                                                            fb_397|         array|
|fb_397_d0        |  out|    8|   ap_memory|                                                                            fb_397|         array|
|fb_398_address0  |  out|    3|   ap_memory|                                                                            fb_398|         array|
|fb_398_ce0       |  out|    1|   ap_memory|                                                                            fb_398|         array|
|fb_398_we0       |  out|    1|   ap_memory|                                                                            fb_398|         array|
|fb_398_d0        |  out|    8|   ap_memory|                                                                            fb_398|         array|
|fb_399_address0  |  out|    3|   ap_memory|                                                                            fb_399|         array|
|fb_399_ce0       |  out|    1|   ap_memory|                                                                            fb_399|         array|
|fb_399_we0       |  out|    1|   ap_memory|                                                                            fb_399|         array|
|fb_399_d0        |  out|    8|   ap_memory|                                                                            fb_399|         array|
|fb_400_address0  |  out|    3|   ap_memory|                                                                            fb_400|         array|
|fb_400_ce0       |  out|    1|   ap_memory|                                                                            fb_400|         array|
|fb_400_we0       |  out|    1|   ap_memory|                                                                            fb_400|         array|
|fb_400_d0        |  out|    8|   ap_memory|                                                                            fb_400|         array|
|fb_401_address0  |  out|    3|   ap_memory|                                                                            fb_401|         array|
|fb_401_ce0       |  out|    1|   ap_memory|                                                                            fb_401|         array|
|fb_401_we0       |  out|    1|   ap_memory|                                                                            fb_401|         array|
|fb_401_d0        |  out|    8|   ap_memory|                                                                            fb_401|         array|
|fb_402_address0  |  out|    3|   ap_memory|                                                                            fb_402|         array|
|fb_402_ce0       |  out|    1|   ap_memory|                                                                            fb_402|         array|
|fb_402_we0       |  out|    1|   ap_memory|                                                                            fb_402|         array|
|fb_402_d0        |  out|    8|   ap_memory|                                                                            fb_402|         array|
|fb_403_address0  |  out|    3|   ap_memory|                                                                            fb_403|         array|
|fb_403_ce0       |  out|    1|   ap_memory|                                                                            fb_403|         array|
|fb_403_we0       |  out|    1|   ap_memory|                                                                            fb_403|         array|
|fb_403_d0        |  out|    8|   ap_memory|                                                                            fb_403|         array|
|fb_404_address0  |  out|    3|   ap_memory|                                                                            fb_404|         array|
|fb_404_ce0       |  out|    1|   ap_memory|                                                                            fb_404|         array|
|fb_404_we0       |  out|    1|   ap_memory|                                                                            fb_404|         array|
|fb_404_d0        |  out|    8|   ap_memory|                                                                            fb_404|         array|
|fb_405_address0  |  out|    3|   ap_memory|                                                                            fb_405|         array|
|fb_405_ce0       |  out|    1|   ap_memory|                                                                            fb_405|         array|
|fb_405_we0       |  out|    1|   ap_memory|                                                                            fb_405|         array|
|fb_405_d0        |  out|    8|   ap_memory|                                                                            fb_405|         array|
|fb_406_address0  |  out|    3|   ap_memory|                                                                            fb_406|         array|
|fb_406_ce0       |  out|    1|   ap_memory|                                                                            fb_406|         array|
|fb_406_we0       |  out|    1|   ap_memory|                                                                            fb_406|         array|
|fb_406_d0        |  out|    8|   ap_memory|                                                                            fb_406|         array|
|fb_407_address0  |  out|    3|   ap_memory|                                                                            fb_407|         array|
|fb_407_ce0       |  out|    1|   ap_memory|                                                                            fb_407|         array|
|fb_407_we0       |  out|    1|   ap_memory|                                                                            fb_407|         array|
|fb_407_d0        |  out|    8|   ap_memory|                                                                            fb_407|         array|
|fb_408_address0  |  out|    3|   ap_memory|                                                                            fb_408|         array|
|fb_408_ce0       |  out|    1|   ap_memory|                                                                            fb_408|         array|
|fb_408_we0       |  out|    1|   ap_memory|                                                                            fb_408|         array|
|fb_408_d0        |  out|    8|   ap_memory|                                                                            fb_408|         array|
|fb_409_address0  |  out|    3|   ap_memory|                                                                            fb_409|         array|
|fb_409_ce0       |  out|    1|   ap_memory|                                                                            fb_409|         array|
|fb_409_we0       |  out|    1|   ap_memory|                                                                            fb_409|         array|
|fb_409_d0        |  out|    8|   ap_memory|                                                                            fb_409|         array|
|fb_410_address0  |  out|    3|   ap_memory|                                                                            fb_410|         array|
|fb_410_ce0       |  out|    1|   ap_memory|                                                                            fb_410|         array|
|fb_410_we0       |  out|    1|   ap_memory|                                                                            fb_410|         array|
|fb_410_d0        |  out|    8|   ap_memory|                                                                            fb_410|         array|
|fb_411_address0  |  out|    3|   ap_memory|                                                                            fb_411|         array|
|fb_411_ce0       |  out|    1|   ap_memory|                                                                            fb_411|         array|
|fb_411_we0       |  out|    1|   ap_memory|                                                                            fb_411|         array|
|fb_411_d0        |  out|    8|   ap_memory|                                                                            fb_411|         array|
|fb_412_address0  |  out|    3|   ap_memory|                                                                            fb_412|         array|
|fb_412_ce0       |  out|    1|   ap_memory|                                                                            fb_412|         array|
|fb_412_we0       |  out|    1|   ap_memory|                                                                            fb_412|         array|
|fb_412_d0        |  out|    8|   ap_memory|                                                                            fb_412|         array|
|fb_413_address0  |  out|    3|   ap_memory|                                                                            fb_413|         array|
|fb_413_ce0       |  out|    1|   ap_memory|                                                                            fb_413|         array|
|fb_413_we0       |  out|    1|   ap_memory|                                                                            fb_413|         array|
|fb_413_d0        |  out|    8|   ap_memory|                                                                            fb_413|         array|
|fb_414_address0  |  out|    3|   ap_memory|                                                                            fb_414|         array|
|fb_414_ce0       |  out|    1|   ap_memory|                                                                            fb_414|         array|
|fb_414_we0       |  out|    1|   ap_memory|                                                                            fb_414|         array|
|fb_414_d0        |  out|    8|   ap_memory|                                                                            fb_414|         array|
|fb_415_address0  |  out|    3|   ap_memory|                                                                            fb_415|         array|
|fb_415_ce0       |  out|    1|   ap_memory|                                                                            fb_415|         array|
|fb_415_we0       |  out|    1|   ap_memory|                                                                            fb_415|         array|
|fb_415_d0        |  out|    8|   ap_memory|                                                                            fb_415|         array|
|fb_416_address0  |  out|    3|   ap_memory|                                                                            fb_416|         array|
|fb_416_ce0       |  out|    1|   ap_memory|                                                                            fb_416|         array|
|fb_416_we0       |  out|    1|   ap_memory|                                                                            fb_416|         array|
|fb_416_d0        |  out|    8|   ap_memory|                                                                            fb_416|         array|
|fb_417_address0  |  out|    3|   ap_memory|                                                                            fb_417|         array|
|fb_417_ce0       |  out|    1|   ap_memory|                                                                            fb_417|         array|
|fb_417_we0       |  out|    1|   ap_memory|                                                                            fb_417|         array|
|fb_417_d0        |  out|    8|   ap_memory|                                                                            fb_417|         array|
|fb_418_address0  |  out|    3|   ap_memory|                                                                            fb_418|         array|
|fb_418_ce0       |  out|    1|   ap_memory|                                                                            fb_418|         array|
|fb_418_we0       |  out|    1|   ap_memory|                                                                            fb_418|         array|
|fb_418_d0        |  out|    8|   ap_memory|                                                                            fb_418|         array|
|fb_419_address0  |  out|    3|   ap_memory|                                                                            fb_419|         array|
|fb_419_ce0       |  out|    1|   ap_memory|                                                                            fb_419|         array|
|fb_419_we0       |  out|    1|   ap_memory|                                                                            fb_419|         array|
|fb_419_d0        |  out|    8|   ap_memory|                                                                            fb_419|         array|
|fb_420_address0  |  out|    3|   ap_memory|                                                                            fb_420|         array|
|fb_420_ce0       |  out|    1|   ap_memory|                                                                            fb_420|         array|
|fb_420_we0       |  out|    1|   ap_memory|                                                                            fb_420|         array|
|fb_420_d0        |  out|    8|   ap_memory|                                                                            fb_420|         array|
|fb_421_address0  |  out|    3|   ap_memory|                                                                            fb_421|         array|
|fb_421_ce0       |  out|    1|   ap_memory|                                                                            fb_421|         array|
|fb_421_we0       |  out|    1|   ap_memory|                                                                            fb_421|         array|
|fb_421_d0        |  out|    8|   ap_memory|                                                                            fb_421|         array|
|fb_422_address0  |  out|    3|   ap_memory|                                                                            fb_422|         array|
|fb_422_ce0       |  out|    1|   ap_memory|                                                                            fb_422|         array|
|fb_422_we0       |  out|    1|   ap_memory|                                                                            fb_422|         array|
|fb_422_d0        |  out|    8|   ap_memory|                                                                            fb_422|         array|
|fb_423_address0  |  out|    3|   ap_memory|                                                                            fb_423|         array|
|fb_423_ce0       |  out|    1|   ap_memory|                                                                            fb_423|         array|
|fb_423_we0       |  out|    1|   ap_memory|                                                                            fb_423|         array|
|fb_423_d0        |  out|    8|   ap_memory|                                                                            fb_423|         array|
|fb_424_address0  |  out|    3|   ap_memory|                                                                            fb_424|         array|
|fb_424_ce0       |  out|    1|   ap_memory|                                                                            fb_424|         array|
|fb_424_we0       |  out|    1|   ap_memory|                                                                            fb_424|         array|
|fb_424_d0        |  out|    8|   ap_memory|                                                                            fb_424|         array|
|fb_425_address0  |  out|    3|   ap_memory|                                                                            fb_425|         array|
|fb_425_ce0       |  out|    1|   ap_memory|                                                                            fb_425|         array|
|fb_425_we0       |  out|    1|   ap_memory|                                                                            fb_425|         array|
|fb_425_d0        |  out|    8|   ap_memory|                                                                            fb_425|         array|
|fb_426_address0  |  out|    3|   ap_memory|                                                                            fb_426|         array|
|fb_426_ce0       |  out|    1|   ap_memory|                                                                            fb_426|         array|
|fb_426_we0       |  out|    1|   ap_memory|                                                                            fb_426|         array|
|fb_426_d0        |  out|    8|   ap_memory|                                                                            fb_426|         array|
|fb_427_address0  |  out|    3|   ap_memory|                                                                            fb_427|         array|
|fb_427_ce0       |  out|    1|   ap_memory|                                                                            fb_427|         array|
|fb_427_we0       |  out|    1|   ap_memory|                                                                            fb_427|         array|
|fb_427_d0        |  out|    8|   ap_memory|                                                                            fb_427|         array|
|fb_428_address0  |  out|    3|   ap_memory|                                                                            fb_428|         array|
|fb_428_ce0       |  out|    1|   ap_memory|                                                                            fb_428|         array|
|fb_428_we0       |  out|    1|   ap_memory|                                                                            fb_428|         array|
|fb_428_d0        |  out|    8|   ap_memory|                                                                            fb_428|         array|
|fb_429_address0  |  out|    3|   ap_memory|                                                                            fb_429|         array|
|fb_429_ce0       |  out|    1|   ap_memory|                                                                            fb_429|         array|
|fb_429_we0       |  out|    1|   ap_memory|                                                                            fb_429|         array|
|fb_429_d0        |  out|    8|   ap_memory|                                                                            fb_429|         array|
|fb_430_address0  |  out|    3|   ap_memory|                                                                            fb_430|         array|
|fb_430_ce0       |  out|    1|   ap_memory|                                                                            fb_430|         array|
|fb_430_we0       |  out|    1|   ap_memory|                                                                            fb_430|         array|
|fb_430_d0        |  out|    8|   ap_memory|                                                                            fb_430|         array|
+-----------------+-----+-----+------------+----------------------------------------------------------------------------------+--------------+

============================================================
+ Verbose Summary: Synthesis Manager
============================================================
InlineROM: 1
ExposeGlobal: 0
============================================================
+ Verbose Summary: CDFG Model
============================================================
IsTopModel: 0
ResetActiveHigh: 1
IsCombinational: 2
IsDatapathOnly: 2
HasWiredReturn: 1
HasMFsm: 2
HasVarLatency: 1
IsPipeline: 0
IsRtlPipelined: 0
IsInstanceOverlapped: 0
IsDontTouch: 0
HasImplIP: 0
IsGatedGlobalClock: 0

+ Individual pipeline summary: 
  * Pipeline-0: initiation interval (II) = 1, depth = 3


============================================================
+ Verbose Summary: Schedule
============================================================
* Number of FSM states : 3
* Pipeline : 1
  Pipeline-0 : II = 1, D = 3, States = { 1 2 3 }
* Dataflow Pipeline: 0

* FSM state transitions: 
1 --> 2 
2 --> 3 
3 --> 

* FSM state operations: 

State 1 <SV = 0> <Delay = 0.38>
ST_1 : Operation 5 [1/1] (0.00ns)   --->   "%c = alloca i32 1" [./line_buffer.h:42->./line_buffer.h:34->predecoder_kernel.cpp:40]   --->   Operation 5 'alloca' 'c' <Predicate = true> <Delay = 0.00>
ST_1 : Operation 6 [1/1] (0.00ns)   --->   "%x = alloca i32 1" [./line_buffer.h:41->./line_buffer.h:34->predecoder_kernel.cpp:40]   --->   Operation 6 'alloca' 'x' <Predicate = true> <Delay = 0.00>
ST_1 : Operation 7 [1/1] (0.00ns)   --->   "%indvar_flatten = alloca i32 1"   --->   Operation 7 'alloca' 'indvar_flatten' <Predicate = true> <Delay = 0.00>
ST_1 : Operation 8 [1/1] (0.00ns)   --->   "%y = alloca i32 1" [./line_buffer.h:40->./line_buffer.h:34->predecoder_kernel.cpp:40]   --->   Operation 8 'alloca' 'y' <Predicate = true> <Delay = 0.00>
ST_1 : Operation 9 [1/1] (0.00ns)   --->   "%indvar_flatten12 = alloca i32 1"   --->   Operation 9 'alloca' 'indvar_flatten12' <Predicate = true> <Delay = 0.00>
ST_1 : Operation 10 [1/1] (0.00ns)   --->   "%s = alloca i32 1" [./line_buffer.h:39->./line_buffer.h:34->predecoder_kernel.cpp:40]   --->   Operation 10 'alloca' 's' <Predicate = true> <Delay = 0.00>
ST_1 : Operation 11 [1/1] (0.00ns)   --->   "%indvar_flatten33 = alloca i32 1"   --->   Operation 11 'alloca' 'indvar_flatten33' <Predicate = true> <Delay = 0.00>
ST_1 : Operation 12 [1/1] (0.38ns)   --->   "%store_ln0 = store i11 0, i11 %indvar_flatten33"   --->   Operation 12 'store' 'store_ln0' <Predicate = true> <Delay = 0.38>
ST_1 : Operation 13 [1/1] (0.38ns)   --->   "%store_ln39 = store i2 0, i2 %s" [./line_buffer.h:39->./line_buffer.h:34->predecoder_kernel.cpp:40]   --->   Operation 13 'store' 'store_ln39' <Predicate = true> <Delay = 0.38>
ST_1 : Operation 14 [1/1] (0.38ns)   --->   "%store_ln0 = store i10 0, i10 %indvar_flatten12"   --->   Operation 14 'store' 'store_ln0' <Predicate = true> <Delay = 0.38>
ST_1 : Operation 15 [1/1] (0.38ns)   --->   "%store_ln40 = store i3 0, i3 %y" [./line_buffer.h:40->./line_buffer.h:34->predecoder_kernel.cpp:40]   --->   Operation 15 'store' 'store_ln40' <Predicate = true> <Delay = 0.38>
ST_1 : Operation 16 [1/1] (0.38ns)   --->   "%store_ln0 = store i7 0, i7 %indvar_flatten"   --->   Operation 16 'store' 'store_ln0' <Predicate = true> <Delay = 0.38>
ST_1 : Operation 17 [1/1] (0.38ns)   --->   "%store_ln41 = store i3 0, i3 %x" [./line_buffer.h:41->./line_buffer.h:34->predecoder_kernel.cpp:40]   --->   Operation 17 'store' 'store_ln41' <Predicate = true> <Delay = 0.38>
ST_1 : Operation 18 [1/1] (0.38ns)   --->   "%store_ln42 = store i4 0, i4 %c" [./line_buffer.h:42->./line_buffer.h:34->predecoder_kernel.cpp:40]   --->   Operation 18 'store' 'store_ln42' <Predicate = true> <Delay = 0.38>
ST_1 : Operation 19 [1/1] (0.00ns)   --->   "%br_ln0 = br void %for.inc.i.i"   --->   Operation 19 'br' 'br_ln0' <Predicate = true> <Delay = 0.00>

State 2 <SV = 1> <Delay = 2.41>
ST_2 : Operation 20 [1/1] (0.00ns)   --->   "%indvar_flatten_load = load i7 %indvar_flatten" [./line_buffer.h:41->./line_buffer.h:34->predecoder_kernel.cpp:40]   --->   Operation 20 'load' 'indvar_flatten_load' <Predicate = true> <Delay = 0.00>
ST_2 : Operation 21 [1/1] (0.00ns)   --->   "%indvar_flatten12_load = load i10 %indvar_flatten12" [./line_buffer.h:40->./line_buffer.h:34->predecoder_kernel.cpp:40]   --->   Operation 21 'load' 'indvar_flatten12_load' <Predicate = true> <Delay = 0.00>
ST_2 : Operation 22 [1/1] (0.00ns)   --->   "%indvar_flatten33_load = load i11 %indvar_flatten33" [./line_buffer.h:39->./line_buffer.h:34->predecoder_kernel.cpp:40]   --->   Operation 22 'load' 'indvar_flatten33_load' <Predicate = true> <Delay = 0.00>
ST_2 : Operation 23 [1/1] (0.73ns)   --->   "%icmp_ln39 = icmp_eq  i11 %indvar_flatten33_load, i11 1296" [./line_buffer.h:39->./line_buffer.h:34->predecoder_kernel.cpp:40]   --->   Operation 23 'icmp' 'icmp_ln39' <Predicate = true> <Delay = 0.73> <CoreInst = "Cmp">   --->   Core 9 'Cmp' <Latency = 0> <II = 1> <Delay = 0.73> <FuncUnit> <Opcode : 'icmp'> <InPorts = 2> <OutPorts = 1>
ST_2 : Operation 24 [1/1] (0.73ns)   --->   "%add_ln39_1 = add i11 %indvar_flatten33_load, i11 1" [./line_buffer.h:39->./line_buffer.h:34->predecoder_kernel.cpp:40]   --->   Operation 24 'add' 'add_ln39_1' <Predicate = true> <Delay = 0.73> <CoreInst = "Adder">   --->   Core 1 'Adder' <Latency = 0> <II = 1> <Delay = 0.73> <FuncUnit> <Opcode : 'add' 'sub'> <InPorts = 2> <OutPorts = 1>
ST_2 : Operation 25 [1/1] (0.00ns)   --->   "%br_ln39 = br i1 %icmp_ln39, void %for.inc27.i.i, void %_ZN13FrameBuffer3DI7ap_uintILi8EELi12ELi6ELi6EEC2Ev.exit.exitStub" [./line_buffer.h:39->./line_buffer.h:34->predecoder_kernel.cpp:40]   --->   Operation 25 'br' 'br_ln39' <Predicate = true> <Delay = 0.00>
ST_2 : Operation 26 [1/1] (0.00ns)   --->   "%c_load = load i4 %c" [./line_buffer.h:41->./line_buffer.h:34->predecoder_kernel.cpp:40]   --->   Operation 26 'load' 'c_load' <Predicate = (!icmp_ln39)> <Delay = 0.00>
ST_2 : Operation 27 [1/1] (0.00ns)   --->   "%s_load = load i2 %s" [./line_buffer.h:39->./line_buffer.h:34->predecoder_kernel.cpp:40]   --->   Operation 27 'load' 's_load' <Predicate = (!icmp_ln39)> <Delay = 0.00>
ST_2 : Operation 28 [1/1] (0.43ns)   --->   "%add_ln39 = add i2 %s_load, i2 1" [./line_buffer.h:39->./line_buffer.h:34->predecoder_kernel.cpp:40]   --->   Operation 28 'add' 'add_ln39' <Predicate = (!icmp_ln39)> <Delay = 0.43> <CoreInst = "Adder">   --->   Core 1 'Adder' <Latency = 0> <II = 1> <Delay = 0.43> <FuncUnit> <Opcode : 'add' 'sub'> <InPorts = 2> <OutPorts = 1>
ST_2 : Operation 29 [1/1] (0.72ns)   --->   "%icmp_ln40 = icmp_eq  i10 %indvar_flatten12_load, i10 432" [./line_buffer.h:40->./line_buffer.h:34->predecoder_kernel.cpp:40]   --->   Operation 29 'icmp' 'icmp_ln40' <Predicate = (!icmp_ln39)> <Delay = 0.72> <CoreInst = "Cmp">   --->   Core 9 'Cmp' <Latency = 0> <II = 1> <Delay = 0.72> <FuncUnit> <Opcode : 'icmp'> <InPorts = 2> <OutPorts = 1>
ST_2 : Operation 30 [1/1] (0.12ns)   --->   "%xor_ln39 = xor i1 %icmp_ln40, i1 1" [./line_buffer.h:39->./line_buffer.h:34->predecoder_kernel.cpp:40]   --->   Operation 30 'xor' 'xor_ln39' <Predicate = (!icmp_ln39)> <Delay = 0.12> <CoreInst = "LogicGate">   --->   Core 74 'LogicGate' <Latency = 0> <II = 1> <Delay = 0.12> <FuncUnit> <Opcode : 'and' 'or' 'xor'> <InPorts = 2> <OutPorts = 1>
ST_2 : Operation 31 [1/1] (0.70ns)   --->   "%icmp_ln42 = icmp_eq  i4 %c_load, i4 12" [./line_buffer.h:42->./line_buffer.h:34->predecoder_kernel.cpp:40]   --->   Operation 31 'icmp' 'icmp_ln42' <Predicate = (!icmp_ln39)> <Delay = 0.70> <CoreInst = "Cmp">   --->   Core 9 'Cmp' <Latency = 0> <II = 1> <Delay = 0.70> <FuncUnit> <Opcode : 'icmp'> <InPorts = 2> <OutPorts = 1>
ST_2 : Operation 32 [1/1] (0.70ns)   --->   "%icmp_ln41 = icmp_eq  i7 %indvar_flatten_load, i7 72" [./line_buffer.h:41->./line_buffer.h:34->predecoder_kernel.cpp:40]   --->   Operation 32 'icmp' 'icmp_ln41' <Predicate = (!icmp_ln39)> <Delay = 0.70> <CoreInst = "Cmp">   --->   Core 9 'Cmp' <Latency = 0> <II = 1> <Delay = 0.70> <FuncUnit> <Opcode : 'icmp'> <InPorts = 2> <OutPorts = 1>
ST_2 : Operation 33 [1/1] (0.12ns)   --->   "%and_ln39_1 = and i1 %icmp_ln41, i1 %xor_ln39" [./line_buffer.h:39->./line_buffer.h:34->predecoder_kernel.cpp:40]   --->   Operation 33 'and' 'and_ln39_1' <Predicate = (!icmp_ln39)> <Delay = 0.12> <CoreInst = "LogicGate">   --->   Core 74 'LogicGate' <Latency = 0> <II = 1> <Delay = 0.12> <FuncUnit> <Opcode : 'and' 'or' 'xor'> <InPorts = 2> <OutPorts = 1>
ST_2 : Operation 34 [1/1] (0.27ns)   --->   "%select_ln39_1 = select i1 %icmp_ln40, i2 %add_ln39, i2 %s_load" [./line_buffer.h:39->./line_buffer.h:34->predecoder_kernel.cpp:40]   --->   Operation 34 'select' 'select_ln39_1' <Predicate = (!icmp_ln39)> <Delay = 0.27> <CoreInst = "Sel">   --->   Core 73 'Sel' <Latency = 0> <II = 1> <Delay = 0.27> <FuncUnit> <Opcode : 'select'> <InPorts = 3> <OutPorts = 1>
ST_2 : Operation 35 [1/1] (0.12ns)   --->   "%or_ln40 = or i1 %and_ln39_1, i1 %icmp_ln40" [./line_buffer.h:40->./line_buffer.h:34->predecoder_kernel.cpp:40]   --->   Operation 35 'or' 'or_ln40' <Predicate = (!icmp_ln39)> <Delay = 0.12> <CoreInst = "LogicGate">   --->   Core 74 'LogicGate' <Latency = 0> <II = 1> <Delay = 0.12> <FuncUnit> <Opcode : 'and' 'or' 'xor'> <InPorts = 2> <OutPorts = 1>
ST_2 : Operation 36 [1/1] (0.00ns) (grouped into LUT with out node and_ln40)   --->   "%xor_ln40 = xor i1 %icmp_ln41, i1 1" [./line_buffer.h:40->./line_buffer.h:34->predecoder_kernel.cpp:40]   --->   Operation 36 'xor' 'xor_ln40' <Predicate = (!icmp_ln39)> <Delay = 0.00> <CoreInst = "LogicGate">   --->   Core 74 'LogicGate' <Latency = 0> <II = 1> <Delay = 0.12> <FuncUnit> <Opcode : 'and' 'or' 'xor'> <InPorts = 2> <OutPorts = 1>
ST_2 : Operation 37 [1/1] (0.00ns) (grouped into LUT with out node and_ln40)   --->   "%or_ln40_1 = or i1 %icmp_ln40, i1 %xor_ln40" [./line_buffer.h:40->./line_buffer.h:34->predecoder_kernel.cpp:40]   --->   Operation 37 'or' 'or_ln40_1' <Predicate = (!icmp_ln39)> <Delay = 0.00> <CoreInst = "LogicGate">   --->   Core 74 'LogicGate' <Latency = 0> <II = 1> <Delay = 0.12> <FuncUnit> <Opcode : 'and' 'or' 'xor'> <InPorts = 2> <OutPorts = 1>
ST_2 : Operation 38 [1/1] (0.00ns) (grouped into LUT with out node and_ln40)   --->   "%and_ln39 = and i1 %or_ln40_1, i1 %xor_ln39" [./line_buffer.h:39->./line_buffer.h:34->predecoder_kernel.cpp:40]   --->   Operation 38 'and' 'and_ln39' <Predicate = (!icmp_ln39)> <Delay = 0.00> <CoreInst = "LogicGate">   --->   Core 74 'LogicGate' <Latency = 0> <II = 1> <Delay = 0.12> <FuncUnit> <Opcode : 'and' 'or' 'xor'> <InPorts = 2> <OutPorts = 1>
ST_2 : Operation 39 [1/1] (0.12ns) (out node of the LUT)   --->   "%and_ln40 = and i1 %and_ln39, i1 %icmp_ln42" [./line_buffer.h:40->./line_buffer.h:34->predecoder_kernel.cpp:40]   --->   Operation 39 'and' 'and_ln40' <Predicate = (!icmp_ln39)> <Delay = 0.12> <CoreInst = "LogicGate">   --->   Core 74 'LogicGate' <Latency = 0> <II = 1> <Delay = 0.12> <FuncUnit> <Opcode : 'and' 'or' 'xor'> <InPorts = 2> <OutPorts = 1>
ST_2 : Operation 40 [1/1] (0.00ns) (grouped into LUT with out node select_ln41)   --->   "%or_ln41 = or i1 %and_ln40, i1 %and_ln39_1" [./line_buffer.h:41->./line_buffer.h:34->predecoder_kernel.cpp:40]   --->   Operation 40 'or' 'or_ln41' <Predicate = (!icmp_ln39)> <Delay = 0.00> <CoreInst = "LogicGate">   --->   Core 74 'LogicGate' <Latency = 0> <II = 1> <Delay = 0.12> <FuncUnit> <Opcode : 'and' 'or' 'xor'> <InPorts = 2> <OutPorts = 1>
ST_2 : Operation 41 [1/1] (0.00ns) (grouped into LUT with out node select_ln41)   --->   "%or_ln41_1 = or i1 %or_ln41, i1 %icmp_ln40" [./line_buffer.h:41->./line_buffer.h:34->predecoder_kernel.cpp:40]   --->   Operation 41 'or' 'or_ln41_1' <Predicate = (!icmp_ln39)> <Delay = 0.00> <CoreInst = "LogicGate">   --->   Core 74 'LogicGate' <Latency = 0> <II = 1> <Delay = 0.12> <FuncUnit> <Opcode : 'and' 'or' 'xor'> <InPorts = 2> <OutPorts = 1>
ST_2 : Operation 42 [1/1] (0.35ns) (out node of the LUT)   --->   "%select_ln41 = select i1 %or_ln41_1, i4 0, i4 %c_load" [./line_buffer.h:41->./line_buffer.h:34->predecoder_kernel.cpp:40]   --->   Operation 42 'select' 'select_ln41' <Predicate = (!icmp_ln39)> <Delay = 0.35> <CoreInst = "Sel">   --->   Core 73 'Sel' <Latency = 0> <II = 1> <Delay = 0.35> <FuncUnit> <Opcode : 'select'> <InPorts = 3> <OutPorts = 1>
ST_2 : Operation 43 [1/1] (0.66ns)   --->   "%switch_ln44 = switch i2 %select_ln39_1, void %arrayidx204.i.i.case.2, i2 0, void %arrayidx204.i.i.case.0, i2 1, void %arrayidx204.i.i.case.1" [./line_buffer.h:44->./line_buffer.h:34->predecoder_kernel.cpp:40]   --->   Operation 43 'switch' 'switch_ln44' <Predicate = (!icmp_ln39)> <Delay = 0.66>
ST_2 : Operation 44 [1/1] (0.00ns)   --->   "%br_ln44 = br void %arrayidx204.i.i.exit" [./line_buffer.h:44->./line_buffer.h:34->predecoder_kernel.cpp:40]   --->   Operation 44 'br' 'br_ln44' <Predicate = (!icmp_ln39 & select_ln39_1 == 1)> <Delay = 0.00>
ST_2 : Operation 45 [1/1] (0.00ns)   --->   "%br_ln44 = br void %arrayidx204.i.i.exit" [./line_buffer.h:44->./line_buffer.h:34->predecoder_kernel.cpp:40]   --->   Operation 45 'br' 'br_ln44' <Predicate = (!icmp_ln39 & select_ln39_1 == 0)> <Delay = 0.00>
ST_2 : Operation 46 [1/1] (0.00ns)   --->   "%br_ln44 = br void %arrayidx204.i.i.exit" [./line_buffer.h:44->./line_buffer.h:34->predecoder_kernel.cpp:40]   --->   Operation 46 'br' 'br_ln44' <Predicate = (!icmp_ln39 & select_ln39_1 != 0 & select_ln39_1 != 1)> <Delay = 0.00>
ST_2 : Operation 47 [1/1] (0.70ns)   --->   "%add_ln42 = add i4 %select_ln41, i4 1" [./line_buffer.h:42->./line_buffer.h:34->predecoder_kernel.cpp:40]   --->   Operation 47 'add' 'add_ln42' <Predicate = (!icmp_ln39)> <Delay = 0.70> <CoreInst = "Adder">   --->   Core 1 'Adder' <Latency = 0> <II = 1> <Delay = 0.70> <FuncUnit> <Opcode : 'add' 'sub'> <InPorts = 2> <OutPorts = 1>
ST_2 : Operation 48 [1/1] (0.70ns)   --->   "%add_ln41_1 = add i7 %indvar_flatten_load, i7 1" [./line_buffer.h:41->./line_buffer.h:34->predecoder_kernel.cpp:40]   --->   Operation 48 'add' 'add_ln41_1' <Predicate = (!icmp_ln39)> <Delay = 0.70> <CoreInst = "Adder">   --->   Core 1 'Adder' <Latency = 0> <II = 1> <Delay = 0.70> <FuncUnit> <Opcode : 'add' 'sub'> <InPorts = 2> <OutPorts = 1>
ST_2 : Operation 49 [1/1] (0.30ns)   --->   "%select_ln41_2 = select i1 %or_ln40, i7 1, i7 %add_ln41_1" [./line_buffer.h:41->./line_buffer.h:34->predecoder_kernel.cpp:40]   --->   Operation 49 'select' 'select_ln41_2' <Predicate = (!icmp_ln39)> <Delay = 0.30> <CoreInst = "Sel">   --->   Core 73 'Sel' <Latency = 0> <II = 1> <Delay = 0.30> <FuncUnit> <Opcode : 'select'> <InPorts = 3> <OutPorts = 1>
ST_2 : Operation 50 [1/1] (0.72ns)   --->   "%add_ln40_1 = add i10 %indvar_flatten12_load, i10 1" [./line_buffer.h:40->./line_buffer.h:34->predecoder_kernel.cpp:40]   --->   Operation 50 'add' 'add_ln40_1' <Predicate = (!icmp_ln39)> <Delay = 0.72> <CoreInst = "Adder">   --->   Core 1 'Adder' <Latency = 0> <II = 1> <Delay = 0.72> <FuncUnit> <Opcode : 'add' 'sub'> <InPorts = 2> <OutPorts = 1>
ST_2 : Operation 51 [1/1] (0.30ns)   --->   "%select_ln40_2 = select i1 %icmp_ln40, i10 1, i10 %add_ln40_1" [./line_buffer.h:40->./line_buffer.h:34->predecoder_kernel.cpp:40]   --->   Operation 51 'select' 'select_ln40_2' <Predicate = (!icmp_ln39)> <Delay = 0.30> <CoreInst = "Sel">   --->   Core 73 'Sel' <Latency = 0> <II = 1> <Delay = 0.30> <FuncUnit> <Opcode : 'select'> <InPorts = 3> <OutPorts = 1>
ST_2 : Operation 52 [1/1] (0.38ns)   --->   "%store_ln39 = store i11 %add_ln39_1, i11 %indvar_flatten33" [./line_buffer.h:39->./line_buffer.h:34->predecoder_kernel.cpp:40]   --->   Operation 52 'store' 'store_ln39' <Predicate = (!icmp_ln39)> <Delay = 0.38>
ST_2 : Operation 53 [1/1] (0.38ns)   --->   "%store_ln39 = store i2 %select_ln39_1, i2 %s" [./line_buffer.h:39->./line_buffer.h:34->predecoder_kernel.cpp:40]   --->   Operation 53 'store' 'store_ln39' <Predicate = (!icmp_ln39)> <Delay = 0.38>
ST_2 : Operation 54 [1/1] (0.38ns)   --->   "%store_ln40 = store i10 %select_ln40_2, i10 %indvar_flatten12" [./line_buffer.h:40->./line_buffer.h:34->predecoder_kernel.cpp:40]   --->   Operation 54 'store' 'store_ln40' <Predicate = (!icmp_ln39)> <Delay = 0.38>
ST_2 : Operation 55 [1/1] (0.38ns)   --->   "%store_ln41 = store i7 %select_ln41_2, i7 %indvar_flatten" [./line_buffer.h:41->./line_buffer.h:34->predecoder_kernel.cpp:40]   --->   Operation 55 'store' 'store_ln41' <Predicate = (!icmp_ln39)> <Delay = 0.38>
ST_2 : Operation 56 [1/1] (0.38ns)   --->   "%store_ln42 = store i4 %add_ln42, i4 %c" [./line_buffer.h:42->./line_buffer.h:34->predecoder_kernel.cpp:40]   --->   Operation 56 'store' 'store_ln42' <Predicate = (!icmp_ln39)> <Delay = 0.38>
ST_2 : Operation 759 [1/1] (0.00ns)   --->   "%ret_ln0 = ret"   --->   Operation 759 'ret' 'ret_ln0' <Predicate = (icmp_ln39)> <Delay = 0.00>

State 3 <SV = 2> <Delay = 1.79>
ST_3 : Operation 57 [1/1] (0.00ns)   --->   "%x_load = load i3 %x" [./line_buffer.h:40->./line_buffer.h:34->predecoder_kernel.cpp:40]   --->   Operation 57 'load' 'x_load' <Predicate = (!or_ln40)> <Delay = 0.00>
ST_3 : Operation 58 [1/1] (0.00ns)   --->   "%y_load = load i3 %y" [./line_buffer.h:39->./line_buffer.h:34->predecoder_kernel.cpp:40]   --->   Operation 58 'load' 'y_load' <Predicate = (!icmp_ln40)> <Delay = 0.00>
ST_3 : Operation 59 [1/1] (0.00ns)   --->   "%specloopname_ln0 = specloopname void @_ssdm_op_SpecLoopName, void @RESET_VITIS_LOOP_40_1_VITIS_LOOP_41_2_VITIS_LOOP_42_3_str"   --->   Operation 59 'specloopname' 'specloopname_ln0' <Predicate = true> <Delay = 0.00>
ST_3 : Operation 60 [1/1] (0.00ns)   --->   "%speclooptripcount_ln0 = speclooptripcount void @_ssdm_op_SpecLoopTripCount, i64 1296, i64 1296, i64 1296"   --->   Operation 60 'speclooptripcount' 'speclooptripcount_ln0' <Predicate = true> <Delay = 0.00>
ST_3 : Operation 61 [1/1] (0.27ns)   --->   "%select_ln39 = select i1 %icmp_ln40, i3 0, i3 %y_load" [./line_buffer.h:39->./line_buffer.h:34->predecoder_kernel.cpp:40]   --->   Operation 61 'select' 'select_ln39' <Predicate = true> <Delay = 0.27> <CoreInst = "Sel">   --->   Core 73 'Sel' <Latency = 0> <II = 1> <Delay = 0.27> <FuncUnit> <Opcode : 'select'> <InPorts = 3> <OutPorts = 1>
ST_3 : Operation 62 [1/1] (0.57ns)   --->   "%add_ln40 = add i3 %select_ln39, i3 1" [./line_buffer.h:40->./line_buffer.h:34->predecoder_kernel.cpp:40]   --->   Operation 62 'add' 'add_ln40' <Predicate = (and_ln39_1)> <Delay = 0.57> <CoreInst = "Adder">   --->   Core 1 'Adder' <Latency = 0> <II = 1> <Delay = 0.57> <FuncUnit> <Opcode : 'add' 'sub'> <InPorts = 2> <OutPorts = 1>
ST_3 : Operation 63 [1/1] (0.27ns)   --->   "%select_ln40 = select i1 %or_ln40, i3 0, i3 %x_load" [./line_buffer.h:40->./line_buffer.h:34->predecoder_kernel.cpp:40]   --->   Operation 63 'select' 'select_ln40' <Predicate = true> <Delay = 0.27> <CoreInst = "Sel">   --->   Core 73 'Sel' <Latency = 0> <II = 1> <Delay = 0.27> <FuncUnit> <Opcode : 'select'> <InPorts = 3> <OutPorts = 1>
ST_3 : Operation 64 [1/1] (0.27ns)   --->   "%select_ln40_1 = select i1 %and_ln39_1, i3 %add_ln40, i3 %select_ln39" [./line_buffer.h:40->./line_buffer.h:34->predecoder_kernel.cpp:40]   --->   Operation 64 'select' 'select_ln40_1' <Predicate = true> <Delay = 0.27> <CoreInst = "Sel">   --->   Core 73 'Sel' <Latency = 0> <II = 1> <Delay = 0.27> <FuncUnit> <Opcode : 'select'> <InPorts = 3> <OutPorts = 1>
ST_3 : Operation 65 [1/1] (0.57ns)   --->   "%add_ln41 = add i3 %select_ln40, i3 1" [./line_buffer.h:41->./line_buffer.h:34->predecoder_kernel.cpp:40]   --->   Operation 65 'add' 'add_ln41' <Predicate = (and_ln40)> <Delay = 0.57> <CoreInst = "Adder">   --->   Core 1 'Adder' <Latency = 0> <II = 1> <Delay = 0.57> <FuncUnit> <Opcode : 'add' 'sub'> <InPorts = 2> <OutPorts = 1>
ST_3 : Operation 66 [1/1] (0.27ns)   --->   "%select_ln41_1 = select i1 %and_ln40, i3 %add_ln41, i3 %select_ln40" [./line_buffer.h:41->./line_buffer.h:34->predecoder_kernel.cpp:40]   --->   Operation 66 'select' 'select_ln41_1' <Predicate = true> <Delay = 0.27> <CoreInst = "Sel">   --->   Core 73 'Sel' <Latency = 0> <II = 1> <Delay = 0.27> <FuncUnit> <Opcode : 'select'> <InPorts = 3> <OutPorts = 1>
ST_3 : Operation 67 [1/1] (0.00ns)   --->   "%zext_ln40 = zext i3 %select_ln40_1" [./line_buffer.h:40->./line_buffer.h:34->predecoder_kernel.cpp:40]   --->   Operation 67 'zext' 'zext_ln40' <Predicate = true> <Delay = 0.00>
ST_3 : Operation 68 [1/1] (0.00ns)   --->   "%fb_addr = getelementptr i8 %fb, i64 0, i64 %zext_ln40" [./line_buffer.h:44->./line_buffer.h:34->predecoder_kernel.cpp:40]   --->   Operation 68 'getelementptr' 'fb_addr' <Predicate = true> <Delay = 0.00>
ST_3 : Operation 69 [1/1] (0.00ns)   --->   "%fb_216_addr = getelementptr i8 %fb_216, i64 0, i64 %zext_ln40" [./line_buffer.h:44->./line_buffer.h:34->predecoder_kernel.cpp:40]   --->   Operation 69 'getelementptr' 'fb_216_addr' <Predicate = true> <Delay = 0.00>
ST_3 : Operation 70 [1/1] (0.00ns)   --->   "%fb_217_addr = getelementptr i8 %fb_217, i64 0, i64 %zext_ln40" [./line_buffer.h:44->./line_buffer.h:34->predecoder_kernel.cpp:40]   --->   Operation 70 'getelementptr' 'fb_217_addr' <Predicate = true> <Delay = 0.00>
ST_3 : Operation 71 [1/1] (0.00ns)   --->   "%fb_218_addr = getelementptr i8 %fb_218, i64 0, i64 %zext_ln40" [./line_buffer.h:44->./line_buffer.h:34->predecoder_kernel.cpp:40]   --->   Operation 71 'getelementptr' 'fb_218_addr' <Predicate = true> <Delay = 0.00>
ST_3 : Operation 72 [1/1] (0.00ns)   --->   "%fb_219_addr = getelementptr i8 %fb_219, i64 0, i64 %zext_ln40" [./line_buffer.h:44->./line_buffer.h:34->predecoder_kernel.cpp:40]   --->   Operation 72 'getelementptr' 'fb_219_addr' <Predicate = true> <Delay = 0.00>
ST_3 : Operation 73 [1/1] (0.00ns)   --->   "%fb_220_addr = getelementptr i8 %fb_220, i64 0, i64 %zext_ln40" [./line_buffer.h:44->./line_buffer.h:34->predecoder_kernel.cpp:40]   --->   Operation 73 'getelementptr' 'fb_220_addr' <Predicate = true> <Delay = 0.00>
ST_3 : Operation 74 [1/1] (0.00ns)   --->   "%fb_221_addr = getelementptr i8 %fb_221, i64 0, i64 %zext_ln40" [./line_buffer.h:44->./line_buffer.h:34->predecoder_kernel.cpp:40]   --->   Operation 74 'getelementptr' 'fb_221_addr' <Predicate = true> <Delay = 0.00>
ST_3 : Operation 75 [1/1] (0.00ns)   --->   "%fb_222_addr = getelementptr i8 %fb_222, i64 0, i64 %zext_ln40" [./line_buffer.h:44->./line_buffer.h:34->predecoder_kernel.cpp:40]   --->   Operation 75 'getelementptr' 'fb_222_addr' <Predicate = true> <Delay = 0.00>
ST_3 : Operation 76 [1/1] (0.00ns)   --->   "%fb_223_addr = getelementptr i8 %fb_223, i64 0, i64 %zext_ln40" [./line_buffer.h:44->./line_buffer.h:34->predecoder_kernel.cpp:40]   --->   Operation 76 'getelementptr' 'fb_223_addr' <Predicate = true> <Delay = 0.00>
ST_3 : Operation 77 [1/1] (0.00ns)   --->   "%fb_224_addr = getelementptr i8 %fb_224, i64 0, i64 %zext_ln40" [./line_buffer.h:44->./line_buffer.h:34->predecoder_kernel.cpp:40]   --->   Operation 77 'getelementptr' 'fb_224_addr' <Predicate = true> <Delay = 0.00>
ST_3 : Operation 78 [1/1] (0.00ns)   --->   "%fb_225_addr = getelementptr i8 %fb_225, i64 0, i64 %zext_ln40" [./line_buffer.h:44->./line_buffer.h:34->predecoder_kernel.cpp:40]   --->   Operation 78 'getelementptr' 'fb_225_addr' <Predicate = true> <Delay = 0.00>
ST_3 : Operation 79 [1/1] (0.00ns)   --->   "%fb_226_addr = getelementptr i8 %fb_226, i64 0, i64 %zext_ln40" [./line_buffer.h:44->./line_buffer.h:34->predecoder_kernel.cpp:40]   --->   Operation 79 'getelementptr' 'fb_226_addr' <Predicate = true> <Delay = 0.00>
ST_3 : Operation 80 [1/1] (0.00ns)   --->   "%fb_227_addr = getelementptr i8 %fb_227, i64 0, i64 %zext_ln40" [./line_buffer.h:44->./line_buffer.h:34->predecoder_kernel.cpp:40]   --->   Operation 80 'getelementptr' 'fb_227_addr' <Predicate = true> <Delay = 0.00>
ST_3 : Operation 81 [1/1] (0.00ns)   --->   "%fb_228_addr = getelementptr i8 %fb_228, i64 0, i64 %zext_ln40" [./line_buffer.h:44->./line_buffer.h:34->predecoder_kernel.cpp:40]   --->   Operation 81 'getelementptr' 'fb_228_addr' <Predicate = true> <Delay = 0.00>
ST_3 : Operation 82 [1/1] (0.00ns)   --->   "%fb_229_addr = getelementptr i8 %fb_229, i64 0, i64 %zext_ln40" [./line_buffer.h:44->./line_buffer.h:34->predecoder_kernel.cpp:40]   --->   Operation 82 'getelementptr' 'fb_229_addr' <Predicate = true> <Delay = 0.00>
ST_3 : Operation 83 [1/1] (0.00ns)   --->   "%fb_230_addr = getelementptr i8 %fb_230, i64 0, i64 %zext_ln40" [./line_buffer.h:44->./line_buffer.h:34->predecoder_kernel.cpp:40]   --->   Operation 83 'getelementptr' 'fb_230_addr' <Predicate = true> <Delay = 0.00>
ST_3 : Operation 84 [1/1] (0.00ns)   --->   "%fb_231_addr = getelementptr i8 %fb_231, i64 0, i64 %zext_ln40" [./line_buffer.h:44->./line_buffer.h:34->predecoder_kernel.cpp:40]   --->   Operation 84 'getelementptr' 'fb_231_addr' <Predicate = true> <Delay = 0.00>
ST_3 : Operation 85 [1/1] (0.00ns)   --->   "%fb_232_addr = getelementptr i8 %fb_232, i64 0, i64 %zext_ln40" [./line_buffer.h:44->./line_buffer.h:34->predecoder_kernel.cpp:40]   --->   Operation 85 'getelementptr' 'fb_232_addr' <Predicate = true> <Delay = 0.00>
ST_3 : Operation 86 [1/1] (0.00ns)   --->   "%fb_233_addr = getelementptr i8 %fb_233, i64 0, i64 %zext_ln40" [./line_buffer.h:44->./line_buffer.h:34->predecoder_kernel.cpp:40]   --->   Operation 86 'getelementptr' 'fb_233_addr' <Predicate = true> <Delay = 0.00>
ST_3 : Operation 87 [1/1] (0.00ns)   --->   "%fb_234_addr = getelementptr i8 %fb_234, i64 0, i64 %zext_ln40" [./line_buffer.h:44->./line_buffer.h:34->predecoder_kernel.cpp:40]   --->   Operation 87 'getelementptr' 'fb_234_addr' <Predicate = true> <Delay = 0.00>
ST_3 : Operation 88 [1/1] (0.00ns)   --->   "%fb_235_addr = getelementptr i8 %fb_235, i64 0, i64 %zext_ln40" [./line_buffer.h:44->./line_buffer.h:34->predecoder_kernel.cpp:40]   --->   Operation 88 'getelementptr' 'fb_235_addr' <Predicate = true> <Delay = 0.00>
ST_3 : Operation 89 [1/1] (0.00ns)   --->   "%fb_236_addr = getelementptr i8 %fb_236, i64 0, i64 %zext_ln40" [./line_buffer.h:44->./line_buffer.h:34->predecoder_kernel.cpp:40]   --->   Operation 89 'getelementptr' 'fb_236_addr' <Predicate = true> <Delay = 0.00>
ST_3 : Operation 90 [1/1] (0.00ns)   --->   "%fb_237_addr = getelementptr i8 %fb_237, i64 0, i64 %zext_ln40" [./line_buffer.h:44->./line_buffer.h:34->predecoder_kernel.cpp:40]   --->   Operation 90 'getelementptr' 'fb_237_addr' <Predicate = true> <Delay = 0.00>
ST_3 : Operation 91 [1/1] (0.00ns)   --->   "%fb_238_addr = getelementptr i8 %fb_238, i64 0, i64 %zext_ln40" [./line_buffer.h:44->./line_buffer.h:34->predecoder_kernel.cpp:40]   --->   Operation 91 'getelementptr' 'fb_238_addr' <Predicate = true> <Delay = 0.00>
ST_3 : Operation 92 [1/1] (0.00ns)   --->   "%fb_239_addr = getelementptr i8 %fb_239, i64 0, i64 %zext_ln40" [./line_buffer.h:44->./line_buffer.h:34->predecoder_kernel.cpp:40]   --->   Operation 92 'getelementptr' 'fb_239_addr' <Predicate = true> <Delay = 0.00>
ST_3 : Operation 93 [1/1] (0.00ns)   --->   "%fb_240_addr = getelementptr i8 %fb_240, i64 0, i64 %zext_ln40" [./line_buffer.h:44->./line_buffer.h:34->predecoder_kernel.cpp:40]   --->   Operation 93 'getelementptr' 'fb_240_addr' <Predicate = true> <Delay = 0.00>
ST_3 : Operation 94 [1/1] (0.00ns)   --->   "%fb_241_addr = getelementptr i8 %fb_241, i64 0, i64 %zext_ln40" [./line_buffer.h:44->./line_buffer.h:34->predecoder_kernel.cpp:40]   --->   Operation 94 'getelementptr' 'fb_241_addr' <Predicate = true> <Delay = 0.00>
ST_3 : Operation 95 [1/1] (0.00ns)   --->   "%fb_242_addr = getelementptr i8 %fb_242, i64 0, i64 %zext_ln40" [./line_buffer.h:44->./line_buffer.h:34->predecoder_kernel.cpp:40]   --->   Operation 95 'getelementptr' 'fb_242_addr' <Predicate = true> <Delay = 0.00>
ST_3 : Operation 96 [1/1] (0.00ns)   --->   "%fb_243_addr = getelementptr i8 %fb_243, i64 0, i64 %zext_ln40" [./line_buffer.h:44->./line_buffer.h:34->predecoder_kernel.cpp:40]   --->   Operation 96 'getelementptr' 'fb_243_addr' <Predicate = true> <Delay = 0.00>
ST_3 : Operation 97 [1/1] (0.00ns)   --->   "%fb_244_addr = getelementptr i8 %fb_244, i64 0, i64 %zext_ln40" [./line_buffer.h:44->./line_buffer.h:34->predecoder_kernel.cpp:40]   --->   Operation 97 'getelementptr' 'fb_244_addr' <Predicate = true> <Delay = 0.00>
ST_3 : Operation 98 [1/1] (0.00ns)   --->   "%fb_245_addr = getelementptr i8 %fb_245, i64 0, i64 %zext_ln40" [./line_buffer.h:44->./line_buffer.h:34->predecoder_kernel.cpp:40]   --->   Operation 98 'getelementptr' 'fb_245_addr' <Predicate = true> <Delay = 0.00>
ST_3 : Operation 99 [1/1] (0.00ns)   --->   "%fb_246_addr = getelementptr i8 %fb_246, i64 0, i64 %zext_ln40" [./line_buffer.h:44->./line_buffer.h:34->predecoder_kernel.cpp:40]   --->   Operation 99 'getelementptr' 'fb_246_addr' <Predicate = true> <Delay = 0.00>
ST_3 : Operation 100 [1/1] (0.00ns)   --->   "%fb_247_addr = getelementptr i8 %fb_247, i64 0, i64 %zext_ln40" [./line_buffer.h:44->./line_buffer.h:34->predecoder_kernel.cpp:40]   --->   Operation 100 'getelementptr' 'fb_247_addr' <Predicate = true> <Delay = 0.00>
ST_3 : Operation 101 [1/1] (0.00ns)   --->   "%fb_248_addr = getelementptr i8 %fb_248, i64 0, i64 %zext_ln40" [./line_buffer.h:44->./line_buffer.h:34->predecoder_kernel.cpp:40]   --->   Operation 101 'getelementptr' 'fb_248_addr' <Predicate = true> <Delay = 0.00>
ST_3 : Operation 102 [1/1] (0.00ns)   --->   "%fb_249_addr = getelementptr i8 %fb_249, i64 0, i64 %zext_ln40" [./line_buffer.h:44->./line_buffer.h:34->predecoder_kernel.cpp:40]   --->   Operation 102 'getelementptr' 'fb_249_addr' <Predicate = true> <Delay = 0.00>
ST_3 : Operation 103 [1/1] (0.00ns)   --->   "%fb_250_addr = getelementptr i8 %fb_250, i64 0, i64 %zext_ln40" [./line_buffer.h:44->./line_buffer.h:34->predecoder_kernel.cpp:40]   --->   Operation 103 'getelementptr' 'fb_250_addr' <Predicate = true> <Delay = 0.00>
ST_3 : Operation 104 [1/1] (0.00ns)   --->   "%fb_251_addr = getelementptr i8 %fb_251, i64 0, i64 %zext_ln40" [./line_buffer.h:44->./line_buffer.h:34->predecoder_kernel.cpp:40]   --->   Operation 104 'getelementptr' 'fb_251_addr' <Predicate = true> <Delay = 0.00>
ST_3 : Operation 105 [1/1] (0.00ns)   --->   "%fb_252_addr = getelementptr i8 %fb_252, i64 0, i64 %zext_ln40" [./line_buffer.h:44->./line_buffer.h:34->predecoder_kernel.cpp:40]   --->   Operation 105 'getelementptr' 'fb_252_addr' <Predicate = true> <Delay = 0.00>
ST_3 : Operation 106 [1/1] (0.00ns)   --->   "%fb_253_addr = getelementptr i8 %fb_253, i64 0, i64 %zext_ln40" [./line_buffer.h:44->./line_buffer.h:34->predecoder_kernel.cpp:40]   --->   Operation 106 'getelementptr' 'fb_253_addr' <Predicate = true> <Delay = 0.00>
ST_3 : Operation 107 [1/1] (0.00ns)   --->   "%fb_254_addr = getelementptr i8 %fb_254, i64 0, i64 %zext_ln40" [./line_buffer.h:44->./line_buffer.h:34->predecoder_kernel.cpp:40]   --->   Operation 107 'getelementptr' 'fb_254_addr' <Predicate = true> <Delay = 0.00>
ST_3 : Operation 108 [1/1] (0.00ns)   --->   "%fb_255_addr = getelementptr i8 %fb_255, i64 0, i64 %zext_ln40" [./line_buffer.h:44->./line_buffer.h:34->predecoder_kernel.cpp:40]   --->   Operation 108 'getelementptr' 'fb_255_addr' <Predicate = true> <Delay = 0.00>
ST_3 : Operation 109 [1/1] (0.00ns)   --->   "%fb_256_addr = getelementptr i8 %fb_256, i64 0, i64 %zext_ln40" [./line_buffer.h:44->./line_buffer.h:34->predecoder_kernel.cpp:40]   --->   Operation 109 'getelementptr' 'fb_256_addr' <Predicate = true> <Delay = 0.00>
ST_3 : Operation 110 [1/1] (0.00ns)   --->   "%fb_257_addr = getelementptr i8 %fb_257, i64 0, i64 %zext_ln40" [./line_buffer.h:44->./line_buffer.h:34->predecoder_kernel.cpp:40]   --->   Operation 110 'getelementptr' 'fb_257_addr' <Predicate = true> <Delay = 0.00>
ST_3 : Operation 111 [1/1] (0.00ns)   --->   "%fb_258_addr = getelementptr i8 %fb_258, i64 0, i64 %zext_ln40" [./line_buffer.h:44->./line_buffer.h:34->predecoder_kernel.cpp:40]   --->   Operation 111 'getelementptr' 'fb_258_addr' <Predicate = true> <Delay = 0.00>
ST_3 : Operation 112 [1/1] (0.00ns)   --->   "%fb_259_addr = getelementptr i8 %fb_259, i64 0, i64 %zext_ln40" [./line_buffer.h:44->./line_buffer.h:34->predecoder_kernel.cpp:40]   --->   Operation 112 'getelementptr' 'fb_259_addr' <Predicate = true> <Delay = 0.00>
ST_3 : Operation 113 [1/1] (0.00ns)   --->   "%fb_260_addr = getelementptr i8 %fb_260, i64 0, i64 %zext_ln40" [./line_buffer.h:44->./line_buffer.h:34->predecoder_kernel.cpp:40]   --->   Operation 113 'getelementptr' 'fb_260_addr' <Predicate = true> <Delay = 0.00>
ST_3 : Operation 114 [1/1] (0.00ns)   --->   "%fb_261_addr = getelementptr i8 %fb_261, i64 0, i64 %zext_ln40" [./line_buffer.h:44->./line_buffer.h:34->predecoder_kernel.cpp:40]   --->   Operation 114 'getelementptr' 'fb_261_addr' <Predicate = true> <Delay = 0.00>
ST_3 : Operation 115 [1/1] (0.00ns)   --->   "%fb_262_addr = getelementptr i8 %fb_262, i64 0, i64 %zext_ln40" [./line_buffer.h:44->./line_buffer.h:34->predecoder_kernel.cpp:40]   --->   Operation 115 'getelementptr' 'fb_262_addr' <Predicate = true> <Delay = 0.00>
ST_3 : Operation 116 [1/1] (0.00ns)   --->   "%fb_263_addr = getelementptr i8 %fb_263, i64 0, i64 %zext_ln40" [./line_buffer.h:44->./line_buffer.h:34->predecoder_kernel.cpp:40]   --->   Operation 116 'getelementptr' 'fb_263_addr' <Predicate = true> <Delay = 0.00>
ST_3 : Operation 117 [1/1] (0.00ns)   --->   "%fb_264_addr = getelementptr i8 %fb_264, i64 0, i64 %zext_ln40" [./line_buffer.h:44->./line_buffer.h:34->predecoder_kernel.cpp:40]   --->   Operation 117 'getelementptr' 'fb_264_addr' <Predicate = true> <Delay = 0.00>
ST_3 : Operation 118 [1/1] (0.00ns)   --->   "%fb_265_addr = getelementptr i8 %fb_265, i64 0, i64 %zext_ln40" [./line_buffer.h:44->./line_buffer.h:34->predecoder_kernel.cpp:40]   --->   Operation 118 'getelementptr' 'fb_265_addr' <Predicate = true> <Delay = 0.00>
ST_3 : Operation 119 [1/1] (0.00ns)   --->   "%fb_266_addr = getelementptr i8 %fb_266, i64 0, i64 %zext_ln40" [./line_buffer.h:44->./line_buffer.h:34->predecoder_kernel.cpp:40]   --->   Operation 119 'getelementptr' 'fb_266_addr' <Predicate = true> <Delay = 0.00>
ST_3 : Operation 120 [1/1] (0.00ns)   --->   "%fb_267_addr = getelementptr i8 %fb_267, i64 0, i64 %zext_ln40" [./line_buffer.h:44->./line_buffer.h:34->predecoder_kernel.cpp:40]   --->   Operation 120 'getelementptr' 'fb_267_addr' <Predicate = true> <Delay = 0.00>
ST_3 : Operation 121 [1/1] (0.00ns)   --->   "%fb_268_addr = getelementptr i8 %fb_268, i64 0, i64 %zext_ln40" [./line_buffer.h:44->./line_buffer.h:34->predecoder_kernel.cpp:40]   --->   Operation 121 'getelementptr' 'fb_268_addr' <Predicate = true> <Delay = 0.00>
ST_3 : Operation 122 [1/1] (0.00ns)   --->   "%fb_269_addr = getelementptr i8 %fb_269, i64 0, i64 %zext_ln40" [./line_buffer.h:44->./line_buffer.h:34->predecoder_kernel.cpp:40]   --->   Operation 122 'getelementptr' 'fb_269_addr' <Predicate = true> <Delay = 0.00>
ST_3 : Operation 123 [1/1] (0.00ns)   --->   "%fb_270_addr = getelementptr i8 %fb_270, i64 0, i64 %zext_ln40" [./line_buffer.h:44->./line_buffer.h:34->predecoder_kernel.cpp:40]   --->   Operation 123 'getelementptr' 'fb_270_addr' <Predicate = true> <Delay = 0.00>
ST_3 : Operation 124 [1/1] (0.00ns)   --->   "%fb_271_addr = getelementptr i8 %fb_271, i64 0, i64 %zext_ln40" [./line_buffer.h:44->./line_buffer.h:34->predecoder_kernel.cpp:40]   --->   Operation 124 'getelementptr' 'fb_271_addr' <Predicate = true> <Delay = 0.00>
ST_3 : Operation 125 [1/1] (0.00ns)   --->   "%fb_272_addr = getelementptr i8 %fb_272, i64 0, i64 %zext_ln40" [./line_buffer.h:44->./line_buffer.h:34->predecoder_kernel.cpp:40]   --->   Operation 125 'getelementptr' 'fb_272_addr' <Predicate = true> <Delay = 0.00>
ST_3 : Operation 126 [1/1] (0.00ns)   --->   "%fb_273_addr = getelementptr i8 %fb_273, i64 0, i64 %zext_ln40" [./line_buffer.h:44->./line_buffer.h:34->predecoder_kernel.cpp:40]   --->   Operation 126 'getelementptr' 'fb_273_addr' <Predicate = true> <Delay = 0.00>
ST_3 : Operation 127 [1/1] (0.00ns)   --->   "%fb_274_addr = getelementptr i8 %fb_274, i64 0, i64 %zext_ln40" [./line_buffer.h:44->./line_buffer.h:34->predecoder_kernel.cpp:40]   --->   Operation 127 'getelementptr' 'fb_274_addr' <Predicate = true> <Delay = 0.00>
ST_3 : Operation 128 [1/1] (0.00ns)   --->   "%fb_275_addr = getelementptr i8 %fb_275, i64 0, i64 %zext_ln40" [./line_buffer.h:44->./line_buffer.h:34->predecoder_kernel.cpp:40]   --->   Operation 128 'getelementptr' 'fb_275_addr' <Predicate = true> <Delay = 0.00>
ST_3 : Operation 129 [1/1] (0.00ns)   --->   "%fb_276_addr = getelementptr i8 %fb_276, i64 0, i64 %zext_ln40" [./line_buffer.h:44->./line_buffer.h:34->predecoder_kernel.cpp:40]   --->   Operation 129 'getelementptr' 'fb_276_addr' <Predicate = true> <Delay = 0.00>
ST_3 : Operation 130 [1/1] (0.00ns)   --->   "%fb_277_addr = getelementptr i8 %fb_277, i64 0, i64 %zext_ln40" [./line_buffer.h:44->./line_buffer.h:34->predecoder_kernel.cpp:40]   --->   Operation 130 'getelementptr' 'fb_277_addr' <Predicate = true> <Delay = 0.00>
ST_3 : Operation 131 [1/1] (0.00ns)   --->   "%fb_278_addr = getelementptr i8 %fb_278, i64 0, i64 %zext_ln40" [./line_buffer.h:44->./line_buffer.h:34->predecoder_kernel.cpp:40]   --->   Operation 131 'getelementptr' 'fb_278_addr' <Predicate = true> <Delay = 0.00>
ST_3 : Operation 132 [1/1] (0.00ns)   --->   "%fb_279_addr = getelementptr i8 %fb_279, i64 0, i64 %zext_ln40" [./line_buffer.h:44->./line_buffer.h:34->predecoder_kernel.cpp:40]   --->   Operation 132 'getelementptr' 'fb_279_addr' <Predicate = true> <Delay = 0.00>
ST_3 : Operation 133 [1/1] (0.00ns)   --->   "%fb_280_addr = getelementptr i8 %fb_280, i64 0, i64 %zext_ln40" [./line_buffer.h:44->./line_buffer.h:34->predecoder_kernel.cpp:40]   --->   Operation 133 'getelementptr' 'fb_280_addr' <Predicate = true> <Delay = 0.00>
ST_3 : Operation 134 [1/1] (0.00ns)   --->   "%fb_281_addr = getelementptr i8 %fb_281, i64 0, i64 %zext_ln40" [./line_buffer.h:44->./line_buffer.h:34->predecoder_kernel.cpp:40]   --->   Operation 134 'getelementptr' 'fb_281_addr' <Predicate = true> <Delay = 0.00>
ST_3 : Operation 135 [1/1] (0.00ns)   --->   "%fb_282_addr = getelementptr i8 %fb_282, i64 0, i64 %zext_ln40" [./line_buffer.h:44->./line_buffer.h:34->predecoder_kernel.cpp:40]   --->   Operation 135 'getelementptr' 'fb_282_addr' <Predicate = true> <Delay = 0.00>
ST_3 : Operation 136 [1/1] (0.00ns)   --->   "%fb_283_addr = getelementptr i8 %fb_283, i64 0, i64 %zext_ln40" [./line_buffer.h:44->./line_buffer.h:34->predecoder_kernel.cpp:40]   --->   Operation 136 'getelementptr' 'fb_283_addr' <Predicate = true> <Delay = 0.00>
ST_3 : Operation 137 [1/1] (0.00ns)   --->   "%fb_284_addr = getelementptr i8 %fb_284, i64 0, i64 %zext_ln40" [./line_buffer.h:44->./line_buffer.h:34->predecoder_kernel.cpp:40]   --->   Operation 137 'getelementptr' 'fb_284_addr' <Predicate = true> <Delay = 0.00>
ST_3 : Operation 138 [1/1] (0.00ns)   --->   "%fb_285_addr = getelementptr i8 %fb_285, i64 0, i64 %zext_ln40" [./line_buffer.h:44->./line_buffer.h:34->predecoder_kernel.cpp:40]   --->   Operation 138 'getelementptr' 'fb_285_addr' <Predicate = true> <Delay = 0.00>
ST_3 : Operation 139 [1/1] (0.00ns)   --->   "%fb_286_addr = getelementptr i8 %fb_286, i64 0, i64 %zext_ln40" [./line_buffer.h:44->./line_buffer.h:34->predecoder_kernel.cpp:40]   --->   Operation 139 'getelementptr' 'fb_286_addr' <Predicate = true> <Delay = 0.00>
ST_3 : Operation 140 [1/1] (0.00ns)   --->   "%fb_287_addr = getelementptr i8 %fb_287, i64 0, i64 %zext_ln40" [./line_buffer.h:44->./line_buffer.h:34->predecoder_kernel.cpp:40]   --->   Operation 140 'getelementptr' 'fb_287_addr' <Predicate = true> <Delay = 0.00>
ST_3 : Operation 141 [1/1] (0.00ns)   --->   "%fb_288_addr = getelementptr i8 %fb_288, i64 0, i64 %zext_ln40" [./line_buffer.h:44->./line_buffer.h:34->predecoder_kernel.cpp:40]   --->   Operation 141 'getelementptr' 'fb_288_addr' <Predicate = true> <Delay = 0.00>
ST_3 : Operation 142 [1/1] (0.00ns)   --->   "%fb_289_addr = getelementptr i8 %fb_289, i64 0, i64 %zext_ln40" [./line_buffer.h:44->./line_buffer.h:34->predecoder_kernel.cpp:40]   --->   Operation 142 'getelementptr' 'fb_289_addr' <Predicate = true> <Delay = 0.00>
ST_3 : Operation 143 [1/1] (0.00ns)   --->   "%fb_290_addr = getelementptr i8 %fb_290, i64 0, i64 %zext_ln40" [./line_buffer.h:44->./line_buffer.h:34->predecoder_kernel.cpp:40]   --->   Operation 143 'getelementptr' 'fb_290_addr' <Predicate = true> <Delay = 0.00>
ST_3 : Operation 144 [1/1] (0.00ns)   --->   "%fb_291_addr = getelementptr i8 %fb_291, i64 0, i64 %zext_ln40" [./line_buffer.h:44->./line_buffer.h:34->predecoder_kernel.cpp:40]   --->   Operation 144 'getelementptr' 'fb_291_addr' <Predicate = true> <Delay = 0.00>
ST_3 : Operation 145 [1/1] (0.00ns)   --->   "%fb_292_addr = getelementptr i8 %fb_292, i64 0, i64 %zext_ln40" [./line_buffer.h:44->./line_buffer.h:34->predecoder_kernel.cpp:40]   --->   Operation 145 'getelementptr' 'fb_292_addr' <Predicate = true> <Delay = 0.00>
ST_3 : Operation 146 [1/1] (0.00ns)   --->   "%fb_293_addr = getelementptr i8 %fb_293, i64 0, i64 %zext_ln40" [./line_buffer.h:44->./line_buffer.h:34->predecoder_kernel.cpp:40]   --->   Operation 146 'getelementptr' 'fb_293_addr' <Predicate = true> <Delay = 0.00>
ST_3 : Operation 147 [1/1] (0.00ns)   --->   "%fb_294_addr = getelementptr i8 %fb_294, i64 0, i64 %zext_ln40" [./line_buffer.h:44->./line_buffer.h:34->predecoder_kernel.cpp:40]   --->   Operation 147 'getelementptr' 'fb_294_addr' <Predicate = true> <Delay = 0.00>
ST_3 : Operation 148 [1/1] (0.00ns)   --->   "%fb_295_addr = getelementptr i8 %fb_295, i64 0, i64 %zext_ln40" [./line_buffer.h:44->./line_buffer.h:34->predecoder_kernel.cpp:40]   --->   Operation 148 'getelementptr' 'fb_295_addr' <Predicate = true> <Delay = 0.00>
ST_3 : Operation 149 [1/1] (0.00ns)   --->   "%fb_296_addr = getelementptr i8 %fb_296, i64 0, i64 %zext_ln40" [./line_buffer.h:44->./line_buffer.h:34->predecoder_kernel.cpp:40]   --->   Operation 149 'getelementptr' 'fb_296_addr' <Predicate = true> <Delay = 0.00>
ST_3 : Operation 150 [1/1] (0.00ns)   --->   "%fb_297_addr = getelementptr i8 %fb_297, i64 0, i64 %zext_ln40" [./line_buffer.h:44->./line_buffer.h:34->predecoder_kernel.cpp:40]   --->   Operation 150 'getelementptr' 'fb_297_addr' <Predicate = true> <Delay = 0.00>
ST_3 : Operation 151 [1/1] (0.00ns)   --->   "%fb_298_addr = getelementptr i8 %fb_298, i64 0, i64 %zext_ln40" [./line_buffer.h:44->./line_buffer.h:34->predecoder_kernel.cpp:40]   --->   Operation 151 'getelementptr' 'fb_298_addr' <Predicate = true> <Delay = 0.00>
ST_3 : Operation 152 [1/1] (0.00ns)   --->   "%fb_299_addr = getelementptr i8 %fb_299, i64 0, i64 %zext_ln40" [./line_buffer.h:44->./line_buffer.h:34->predecoder_kernel.cpp:40]   --->   Operation 152 'getelementptr' 'fb_299_addr' <Predicate = true> <Delay = 0.00>
ST_3 : Operation 153 [1/1] (0.00ns)   --->   "%fb_300_addr = getelementptr i8 %fb_300, i64 0, i64 %zext_ln40" [./line_buffer.h:44->./line_buffer.h:34->predecoder_kernel.cpp:40]   --->   Operation 153 'getelementptr' 'fb_300_addr' <Predicate = true> <Delay = 0.00>
ST_3 : Operation 154 [1/1] (0.00ns)   --->   "%fb_301_addr = getelementptr i8 %fb_301, i64 0, i64 %zext_ln40" [./line_buffer.h:44->./line_buffer.h:34->predecoder_kernel.cpp:40]   --->   Operation 154 'getelementptr' 'fb_301_addr' <Predicate = true> <Delay = 0.00>
ST_3 : Operation 155 [1/1] (0.00ns)   --->   "%fb_302_addr = getelementptr i8 %fb_302, i64 0, i64 %zext_ln40" [./line_buffer.h:44->./line_buffer.h:34->predecoder_kernel.cpp:40]   --->   Operation 155 'getelementptr' 'fb_302_addr' <Predicate = true> <Delay = 0.00>
ST_3 : Operation 156 [1/1] (0.00ns)   --->   "%fb_303_addr = getelementptr i8 %fb_303, i64 0, i64 %zext_ln40" [./line_buffer.h:44->./line_buffer.h:34->predecoder_kernel.cpp:40]   --->   Operation 156 'getelementptr' 'fb_303_addr' <Predicate = true> <Delay = 0.00>
ST_3 : Operation 157 [1/1] (0.00ns)   --->   "%fb_304_addr = getelementptr i8 %fb_304, i64 0, i64 %zext_ln40" [./line_buffer.h:44->./line_buffer.h:34->predecoder_kernel.cpp:40]   --->   Operation 157 'getelementptr' 'fb_304_addr' <Predicate = true> <Delay = 0.00>
ST_3 : Operation 158 [1/1] (0.00ns)   --->   "%fb_305_addr = getelementptr i8 %fb_305, i64 0, i64 %zext_ln40" [./line_buffer.h:44->./line_buffer.h:34->predecoder_kernel.cpp:40]   --->   Operation 158 'getelementptr' 'fb_305_addr' <Predicate = true> <Delay = 0.00>
ST_3 : Operation 159 [1/1] (0.00ns)   --->   "%fb_306_addr = getelementptr i8 %fb_306, i64 0, i64 %zext_ln40" [./line_buffer.h:44->./line_buffer.h:34->predecoder_kernel.cpp:40]   --->   Operation 159 'getelementptr' 'fb_306_addr' <Predicate = true> <Delay = 0.00>
ST_3 : Operation 160 [1/1] (0.00ns)   --->   "%fb_307_addr = getelementptr i8 %fb_307, i64 0, i64 %zext_ln40" [./line_buffer.h:44->./line_buffer.h:34->predecoder_kernel.cpp:40]   --->   Operation 160 'getelementptr' 'fb_307_addr' <Predicate = true> <Delay = 0.00>
ST_3 : Operation 161 [1/1] (0.00ns)   --->   "%fb_308_addr = getelementptr i8 %fb_308, i64 0, i64 %zext_ln40" [./line_buffer.h:44->./line_buffer.h:34->predecoder_kernel.cpp:40]   --->   Operation 161 'getelementptr' 'fb_308_addr' <Predicate = true> <Delay = 0.00>
ST_3 : Operation 162 [1/1] (0.00ns)   --->   "%fb_309_addr = getelementptr i8 %fb_309, i64 0, i64 %zext_ln40" [./line_buffer.h:44->./line_buffer.h:34->predecoder_kernel.cpp:40]   --->   Operation 162 'getelementptr' 'fb_309_addr' <Predicate = true> <Delay = 0.00>
ST_3 : Operation 163 [1/1] (0.00ns)   --->   "%fb_310_addr = getelementptr i8 %fb_310, i64 0, i64 %zext_ln40" [./line_buffer.h:44->./line_buffer.h:34->predecoder_kernel.cpp:40]   --->   Operation 163 'getelementptr' 'fb_310_addr' <Predicate = true> <Delay = 0.00>
ST_3 : Operation 164 [1/1] (0.00ns)   --->   "%fb_311_addr = getelementptr i8 %fb_311, i64 0, i64 %zext_ln40" [./line_buffer.h:44->./line_buffer.h:34->predecoder_kernel.cpp:40]   --->   Operation 164 'getelementptr' 'fb_311_addr' <Predicate = true> <Delay = 0.00>
ST_3 : Operation 165 [1/1] (0.00ns)   --->   "%fb_312_addr = getelementptr i8 %fb_312, i64 0, i64 %zext_ln40" [./line_buffer.h:44->./line_buffer.h:34->predecoder_kernel.cpp:40]   --->   Operation 165 'getelementptr' 'fb_312_addr' <Predicate = true> <Delay = 0.00>
ST_3 : Operation 166 [1/1] (0.00ns)   --->   "%fb_313_addr = getelementptr i8 %fb_313, i64 0, i64 %zext_ln40" [./line_buffer.h:44->./line_buffer.h:34->predecoder_kernel.cpp:40]   --->   Operation 166 'getelementptr' 'fb_313_addr' <Predicate = true> <Delay = 0.00>
ST_3 : Operation 167 [1/1] (0.00ns)   --->   "%fb_314_addr = getelementptr i8 %fb_314, i64 0, i64 %zext_ln40" [./line_buffer.h:44->./line_buffer.h:34->predecoder_kernel.cpp:40]   --->   Operation 167 'getelementptr' 'fb_314_addr' <Predicate = true> <Delay = 0.00>
ST_3 : Operation 168 [1/1] (0.00ns)   --->   "%fb_315_addr = getelementptr i8 %fb_315, i64 0, i64 %zext_ln40" [./line_buffer.h:44->./line_buffer.h:34->predecoder_kernel.cpp:40]   --->   Operation 168 'getelementptr' 'fb_315_addr' <Predicate = true> <Delay = 0.00>
ST_3 : Operation 169 [1/1] (0.00ns)   --->   "%fb_316_addr = getelementptr i8 %fb_316, i64 0, i64 %zext_ln40" [./line_buffer.h:44->./line_buffer.h:34->predecoder_kernel.cpp:40]   --->   Operation 169 'getelementptr' 'fb_316_addr' <Predicate = true> <Delay = 0.00>
ST_3 : Operation 170 [1/1] (0.00ns)   --->   "%fb_317_addr = getelementptr i8 %fb_317, i64 0, i64 %zext_ln40" [./line_buffer.h:44->./line_buffer.h:34->predecoder_kernel.cpp:40]   --->   Operation 170 'getelementptr' 'fb_317_addr' <Predicate = true> <Delay = 0.00>
ST_3 : Operation 171 [1/1] (0.00ns)   --->   "%fb_318_addr = getelementptr i8 %fb_318, i64 0, i64 %zext_ln40" [./line_buffer.h:44->./line_buffer.h:34->predecoder_kernel.cpp:40]   --->   Operation 171 'getelementptr' 'fb_318_addr' <Predicate = true> <Delay = 0.00>
ST_3 : Operation 172 [1/1] (0.00ns)   --->   "%fb_319_addr = getelementptr i8 %fb_319, i64 0, i64 %zext_ln40" [./line_buffer.h:44->./line_buffer.h:34->predecoder_kernel.cpp:40]   --->   Operation 172 'getelementptr' 'fb_319_addr' <Predicate = true> <Delay = 0.00>
ST_3 : Operation 173 [1/1] (0.00ns)   --->   "%fb_320_addr = getelementptr i8 %fb_320, i64 0, i64 %zext_ln40" [./line_buffer.h:44->./line_buffer.h:34->predecoder_kernel.cpp:40]   --->   Operation 173 'getelementptr' 'fb_320_addr' <Predicate = true> <Delay = 0.00>
ST_3 : Operation 174 [1/1] (0.00ns)   --->   "%fb_321_addr = getelementptr i8 %fb_321, i64 0, i64 %zext_ln40" [./line_buffer.h:44->./line_buffer.h:34->predecoder_kernel.cpp:40]   --->   Operation 174 'getelementptr' 'fb_321_addr' <Predicate = true> <Delay = 0.00>
ST_3 : Operation 175 [1/1] (0.00ns)   --->   "%fb_322_addr = getelementptr i8 %fb_322, i64 0, i64 %zext_ln40" [./line_buffer.h:44->./line_buffer.h:34->predecoder_kernel.cpp:40]   --->   Operation 175 'getelementptr' 'fb_322_addr' <Predicate = true> <Delay = 0.00>
ST_3 : Operation 176 [1/1] (0.00ns)   --->   "%fb_323_addr = getelementptr i8 %fb_323, i64 0, i64 %zext_ln40" [./line_buffer.h:44->./line_buffer.h:34->predecoder_kernel.cpp:40]   --->   Operation 176 'getelementptr' 'fb_323_addr' <Predicate = true> <Delay = 0.00>
ST_3 : Operation 177 [1/1] (0.00ns)   --->   "%fb_324_addr = getelementptr i8 %fb_324, i64 0, i64 %zext_ln40" [./line_buffer.h:44->./line_buffer.h:34->predecoder_kernel.cpp:40]   --->   Operation 177 'getelementptr' 'fb_324_addr' <Predicate = true> <Delay = 0.00>
ST_3 : Operation 178 [1/1] (0.00ns)   --->   "%fb_325_addr = getelementptr i8 %fb_325, i64 0, i64 %zext_ln40" [./line_buffer.h:44->./line_buffer.h:34->predecoder_kernel.cpp:40]   --->   Operation 178 'getelementptr' 'fb_325_addr' <Predicate = true> <Delay = 0.00>
ST_3 : Operation 179 [1/1] (0.00ns)   --->   "%fb_326_addr = getelementptr i8 %fb_326, i64 0, i64 %zext_ln40" [./line_buffer.h:44->./line_buffer.h:34->predecoder_kernel.cpp:40]   --->   Operation 179 'getelementptr' 'fb_326_addr' <Predicate = true> <Delay = 0.00>
ST_3 : Operation 180 [1/1] (0.00ns)   --->   "%fb_327_addr = getelementptr i8 %fb_327, i64 0, i64 %zext_ln40" [./line_buffer.h:44->./line_buffer.h:34->predecoder_kernel.cpp:40]   --->   Operation 180 'getelementptr' 'fb_327_addr' <Predicate = true> <Delay = 0.00>
ST_3 : Operation 181 [1/1] (0.00ns)   --->   "%fb_328_addr = getelementptr i8 %fb_328, i64 0, i64 %zext_ln40" [./line_buffer.h:44->./line_buffer.h:34->predecoder_kernel.cpp:40]   --->   Operation 181 'getelementptr' 'fb_328_addr' <Predicate = true> <Delay = 0.00>
ST_3 : Operation 182 [1/1] (0.00ns)   --->   "%fb_329_addr = getelementptr i8 %fb_329, i64 0, i64 %zext_ln40" [./line_buffer.h:44->./line_buffer.h:34->predecoder_kernel.cpp:40]   --->   Operation 182 'getelementptr' 'fb_329_addr' <Predicate = true> <Delay = 0.00>
ST_3 : Operation 183 [1/1] (0.00ns)   --->   "%fb_330_addr = getelementptr i8 %fb_330, i64 0, i64 %zext_ln40" [./line_buffer.h:44->./line_buffer.h:34->predecoder_kernel.cpp:40]   --->   Operation 183 'getelementptr' 'fb_330_addr' <Predicate = true> <Delay = 0.00>
ST_3 : Operation 184 [1/1] (0.00ns)   --->   "%fb_331_addr = getelementptr i8 %fb_331, i64 0, i64 %zext_ln40" [./line_buffer.h:44->./line_buffer.h:34->predecoder_kernel.cpp:40]   --->   Operation 184 'getelementptr' 'fb_331_addr' <Predicate = true> <Delay = 0.00>
ST_3 : Operation 185 [1/1] (0.00ns)   --->   "%fb_332_addr = getelementptr i8 %fb_332, i64 0, i64 %zext_ln40" [./line_buffer.h:44->./line_buffer.h:34->predecoder_kernel.cpp:40]   --->   Operation 185 'getelementptr' 'fb_332_addr' <Predicate = true> <Delay = 0.00>
ST_3 : Operation 186 [1/1] (0.00ns)   --->   "%fb_333_addr = getelementptr i8 %fb_333, i64 0, i64 %zext_ln40" [./line_buffer.h:44->./line_buffer.h:34->predecoder_kernel.cpp:40]   --->   Operation 186 'getelementptr' 'fb_333_addr' <Predicate = true> <Delay = 0.00>
ST_3 : Operation 187 [1/1] (0.00ns)   --->   "%fb_334_addr = getelementptr i8 %fb_334, i64 0, i64 %zext_ln40" [./line_buffer.h:44->./line_buffer.h:34->predecoder_kernel.cpp:40]   --->   Operation 187 'getelementptr' 'fb_334_addr' <Predicate = true> <Delay = 0.00>
ST_3 : Operation 188 [1/1] (0.00ns)   --->   "%fb_335_addr = getelementptr i8 %fb_335, i64 0, i64 %zext_ln40" [./line_buffer.h:44->./line_buffer.h:34->predecoder_kernel.cpp:40]   --->   Operation 188 'getelementptr' 'fb_335_addr' <Predicate = true> <Delay = 0.00>
ST_3 : Operation 189 [1/1] (0.00ns)   --->   "%fb_336_addr = getelementptr i8 %fb_336, i64 0, i64 %zext_ln40" [./line_buffer.h:44->./line_buffer.h:34->predecoder_kernel.cpp:40]   --->   Operation 189 'getelementptr' 'fb_336_addr' <Predicate = true> <Delay = 0.00>
ST_3 : Operation 190 [1/1] (0.00ns)   --->   "%fb_337_addr = getelementptr i8 %fb_337, i64 0, i64 %zext_ln40" [./line_buffer.h:44->./line_buffer.h:34->predecoder_kernel.cpp:40]   --->   Operation 190 'getelementptr' 'fb_337_addr' <Predicate = true> <Delay = 0.00>
ST_3 : Operation 191 [1/1] (0.00ns)   --->   "%fb_338_addr = getelementptr i8 %fb_338, i64 0, i64 %zext_ln40" [./line_buffer.h:44->./line_buffer.h:34->predecoder_kernel.cpp:40]   --->   Operation 191 'getelementptr' 'fb_338_addr' <Predicate = true> <Delay = 0.00>
ST_3 : Operation 192 [1/1] (0.00ns)   --->   "%fb_339_addr = getelementptr i8 %fb_339, i64 0, i64 %zext_ln40" [./line_buffer.h:44->./line_buffer.h:34->predecoder_kernel.cpp:40]   --->   Operation 192 'getelementptr' 'fb_339_addr' <Predicate = true> <Delay = 0.00>
ST_3 : Operation 193 [1/1] (0.00ns)   --->   "%fb_340_addr = getelementptr i8 %fb_340, i64 0, i64 %zext_ln40" [./line_buffer.h:44->./line_buffer.h:34->predecoder_kernel.cpp:40]   --->   Operation 193 'getelementptr' 'fb_340_addr' <Predicate = true> <Delay = 0.00>
ST_3 : Operation 194 [1/1] (0.00ns)   --->   "%fb_341_addr = getelementptr i8 %fb_341, i64 0, i64 %zext_ln40" [./line_buffer.h:44->./line_buffer.h:34->predecoder_kernel.cpp:40]   --->   Operation 194 'getelementptr' 'fb_341_addr' <Predicate = true> <Delay = 0.00>
ST_3 : Operation 195 [1/1] (0.00ns)   --->   "%fb_342_addr = getelementptr i8 %fb_342, i64 0, i64 %zext_ln40" [./line_buffer.h:44->./line_buffer.h:34->predecoder_kernel.cpp:40]   --->   Operation 195 'getelementptr' 'fb_342_addr' <Predicate = true> <Delay = 0.00>
ST_3 : Operation 196 [1/1] (0.00ns)   --->   "%fb_343_addr = getelementptr i8 %fb_343, i64 0, i64 %zext_ln40" [./line_buffer.h:44->./line_buffer.h:34->predecoder_kernel.cpp:40]   --->   Operation 196 'getelementptr' 'fb_343_addr' <Predicate = true> <Delay = 0.00>
ST_3 : Operation 197 [1/1] (0.00ns)   --->   "%fb_344_addr = getelementptr i8 %fb_344, i64 0, i64 %zext_ln40" [./line_buffer.h:44->./line_buffer.h:34->predecoder_kernel.cpp:40]   --->   Operation 197 'getelementptr' 'fb_344_addr' <Predicate = true> <Delay = 0.00>
ST_3 : Operation 198 [1/1] (0.00ns)   --->   "%fb_345_addr = getelementptr i8 %fb_345, i64 0, i64 %zext_ln40" [./line_buffer.h:44->./line_buffer.h:34->predecoder_kernel.cpp:40]   --->   Operation 198 'getelementptr' 'fb_345_addr' <Predicate = true> <Delay = 0.00>
ST_3 : Operation 199 [1/1] (0.00ns)   --->   "%fb_346_addr = getelementptr i8 %fb_346, i64 0, i64 %zext_ln40" [./line_buffer.h:44->./line_buffer.h:34->predecoder_kernel.cpp:40]   --->   Operation 199 'getelementptr' 'fb_346_addr' <Predicate = true> <Delay = 0.00>
ST_3 : Operation 200 [1/1] (0.00ns)   --->   "%fb_347_addr = getelementptr i8 %fb_347, i64 0, i64 %zext_ln40" [./line_buffer.h:44->./line_buffer.h:34->predecoder_kernel.cpp:40]   --->   Operation 200 'getelementptr' 'fb_347_addr' <Predicate = true> <Delay = 0.00>
ST_3 : Operation 201 [1/1] (0.00ns)   --->   "%fb_348_addr = getelementptr i8 %fb_348, i64 0, i64 %zext_ln40" [./line_buffer.h:44->./line_buffer.h:34->predecoder_kernel.cpp:40]   --->   Operation 201 'getelementptr' 'fb_348_addr' <Predicate = true> <Delay = 0.00>
ST_3 : Operation 202 [1/1] (0.00ns)   --->   "%fb_349_addr = getelementptr i8 %fb_349, i64 0, i64 %zext_ln40" [./line_buffer.h:44->./line_buffer.h:34->predecoder_kernel.cpp:40]   --->   Operation 202 'getelementptr' 'fb_349_addr' <Predicate = true> <Delay = 0.00>
ST_3 : Operation 203 [1/1] (0.00ns)   --->   "%fb_350_addr = getelementptr i8 %fb_350, i64 0, i64 %zext_ln40" [./line_buffer.h:44->./line_buffer.h:34->predecoder_kernel.cpp:40]   --->   Operation 203 'getelementptr' 'fb_350_addr' <Predicate = true> <Delay = 0.00>
ST_3 : Operation 204 [1/1] (0.00ns)   --->   "%fb_351_addr = getelementptr i8 %fb_351, i64 0, i64 %zext_ln40" [./line_buffer.h:44->./line_buffer.h:34->predecoder_kernel.cpp:40]   --->   Operation 204 'getelementptr' 'fb_351_addr' <Predicate = true> <Delay = 0.00>
ST_3 : Operation 205 [1/1] (0.00ns)   --->   "%fb_352_addr = getelementptr i8 %fb_352, i64 0, i64 %zext_ln40" [./line_buffer.h:44->./line_buffer.h:34->predecoder_kernel.cpp:40]   --->   Operation 205 'getelementptr' 'fb_352_addr' <Predicate = true> <Delay = 0.00>
ST_3 : Operation 206 [1/1] (0.00ns)   --->   "%fb_353_addr = getelementptr i8 %fb_353, i64 0, i64 %zext_ln40" [./line_buffer.h:44->./line_buffer.h:34->predecoder_kernel.cpp:40]   --->   Operation 206 'getelementptr' 'fb_353_addr' <Predicate = true> <Delay = 0.00>
ST_3 : Operation 207 [1/1] (0.00ns)   --->   "%fb_354_addr = getelementptr i8 %fb_354, i64 0, i64 %zext_ln40" [./line_buffer.h:44->./line_buffer.h:34->predecoder_kernel.cpp:40]   --->   Operation 207 'getelementptr' 'fb_354_addr' <Predicate = true> <Delay = 0.00>
ST_3 : Operation 208 [1/1] (0.00ns)   --->   "%fb_355_addr = getelementptr i8 %fb_355, i64 0, i64 %zext_ln40" [./line_buffer.h:44->./line_buffer.h:34->predecoder_kernel.cpp:40]   --->   Operation 208 'getelementptr' 'fb_355_addr' <Predicate = true> <Delay = 0.00>
ST_3 : Operation 209 [1/1] (0.00ns)   --->   "%fb_356_addr = getelementptr i8 %fb_356, i64 0, i64 %zext_ln40" [./line_buffer.h:44->./line_buffer.h:34->predecoder_kernel.cpp:40]   --->   Operation 209 'getelementptr' 'fb_356_addr' <Predicate = true> <Delay = 0.00>
ST_3 : Operation 210 [1/1] (0.00ns)   --->   "%fb_357_addr = getelementptr i8 %fb_357, i64 0, i64 %zext_ln40" [./line_buffer.h:44->./line_buffer.h:34->predecoder_kernel.cpp:40]   --->   Operation 210 'getelementptr' 'fb_357_addr' <Predicate = true> <Delay = 0.00>
ST_3 : Operation 211 [1/1] (0.00ns)   --->   "%fb_358_addr = getelementptr i8 %fb_358, i64 0, i64 %zext_ln40" [./line_buffer.h:44->./line_buffer.h:34->predecoder_kernel.cpp:40]   --->   Operation 211 'getelementptr' 'fb_358_addr' <Predicate = true> <Delay = 0.00>
ST_3 : Operation 212 [1/1] (0.00ns)   --->   "%fb_359_addr = getelementptr i8 %fb_359, i64 0, i64 %zext_ln40" [./line_buffer.h:44->./line_buffer.h:34->predecoder_kernel.cpp:40]   --->   Operation 212 'getelementptr' 'fb_359_addr' <Predicate = true> <Delay = 0.00>
ST_3 : Operation 213 [1/1] (0.00ns)   --->   "%fb_360_addr = getelementptr i8 %fb_360, i64 0, i64 %zext_ln40" [./line_buffer.h:44->./line_buffer.h:34->predecoder_kernel.cpp:40]   --->   Operation 213 'getelementptr' 'fb_360_addr' <Predicate = true> <Delay = 0.00>
ST_3 : Operation 214 [1/1] (0.00ns)   --->   "%fb_361_addr = getelementptr i8 %fb_361, i64 0, i64 %zext_ln40" [./line_buffer.h:44->./line_buffer.h:34->predecoder_kernel.cpp:40]   --->   Operation 214 'getelementptr' 'fb_361_addr' <Predicate = true> <Delay = 0.00>
ST_3 : Operation 215 [1/1] (0.00ns)   --->   "%fb_362_addr = getelementptr i8 %fb_362, i64 0, i64 %zext_ln40" [./line_buffer.h:44->./line_buffer.h:34->predecoder_kernel.cpp:40]   --->   Operation 215 'getelementptr' 'fb_362_addr' <Predicate = true> <Delay = 0.00>
ST_3 : Operation 216 [1/1] (0.00ns)   --->   "%fb_363_addr = getelementptr i8 %fb_363, i64 0, i64 %zext_ln40" [./line_buffer.h:44->./line_buffer.h:34->predecoder_kernel.cpp:40]   --->   Operation 216 'getelementptr' 'fb_363_addr' <Predicate = true> <Delay = 0.00>
ST_3 : Operation 217 [1/1] (0.00ns)   --->   "%fb_364_addr = getelementptr i8 %fb_364, i64 0, i64 %zext_ln40" [./line_buffer.h:44->./line_buffer.h:34->predecoder_kernel.cpp:40]   --->   Operation 217 'getelementptr' 'fb_364_addr' <Predicate = true> <Delay = 0.00>
ST_3 : Operation 218 [1/1] (0.00ns)   --->   "%fb_365_addr = getelementptr i8 %fb_365, i64 0, i64 %zext_ln40" [./line_buffer.h:44->./line_buffer.h:34->predecoder_kernel.cpp:40]   --->   Operation 218 'getelementptr' 'fb_365_addr' <Predicate = true> <Delay = 0.00>
ST_3 : Operation 219 [1/1] (0.00ns)   --->   "%fb_366_addr = getelementptr i8 %fb_366, i64 0, i64 %zext_ln40" [./line_buffer.h:44->./line_buffer.h:34->predecoder_kernel.cpp:40]   --->   Operation 219 'getelementptr' 'fb_366_addr' <Predicate = true> <Delay = 0.00>
ST_3 : Operation 220 [1/1] (0.00ns)   --->   "%fb_367_addr = getelementptr i8 %fb_367, i64 0, i64 %zext_ln40" [./line_buffer.h:44->./line_buffer.h:34->predecoder_kernel.cpp:40]   --->   Operation 220 'getelementptr' 'fb_367_addr' <Predicate = true> <Delay = 0.00>
ST_3 : Operation 221 [1/1] (0.00ns)   --->   "%fb_368_addr = getelementptr i8 %fb_368, i64 0, i64 %zext_ln40" [./line_buffer.h:44->./line_buffer.h:34->predecoder_kernel.cpp:40]   --->   Operation 221 'getelementptr' 'fb_368_addr' <Predicate = true> <Delay = 0.00>
ST_3 : Operation 222 [1/1] (0.00ns)   --->   "%fb_369_addr = getelementptr i8 %fb_369, i64 0, i64 %zext_ln40" [./line_buffer.h:44->./line_buffer.h:34->predecoder_kernel.cpp:40]   --->   Operation 222 'getelementptr' 'fb_369_addr' <Predicate = true> <Delay = 0.00>
ST_3 : Operation 223 [1/1] (0.00ns)   --->   "%fb_370_addr = getelementptr i8 %fb_370, i64 0, i64 %zext_ln40" [./line_buffer.h:44->./line_buffer.h:34->predecoder_kernel.cpp:40]   --->   Operation 223 'getelementptr' 'fb_370_addr' <Predicate = true> <Delay = 0.00>
ST_3 : Operation 224 [1/1] (0.00ns)   --->   "%fb_371_addr = getelementptr i8 %fb_371, i64 0, i64 %zext_ln40" [./line_buffer.h:44->./line_buffer.h:34->predecoder_kernel.cpp:40]   --->   Operation 224 'getelementptr' 'fb_371_addr' <Predicate = true> <Delay = 0.00>
ST_3 : Operation 225 [1/1] (0.00ns)   --->   "%fb_372_addr = getelementptr i8 %fb_372, i64 0, i64 %zext_ln40" [./line_buffer.h:44->./line_buffer.h:34->predecoder_kernel.cpp:40]   --->   Operation 225 'getelementptr' 'fb_372_addr' <Predicate = true> <Delay = 0.00>
ST_3 : Operation 226 [1/1] (0.00ns)   --->   "%fb_373_addr = getelementptr i8 %fb_373, i64 0, i64 %zext_ln40" [./line_buffer.h:44->./line_buffer.h:34->predecoder_kernel.cpp:40]   --->   Operation 226 'getelementptr' 'fb_373_addr' <Predicate = true> <Delay = 0.00>
ST_3 : Operation 227 [1/1] (0.00ns)   --->   "%fb_374_addr = getelementptr i8 %fb_374, i64 0, i64 %zext_ln40" [./line_buffer.h:44->./line_buffer.h:34->predecoder_kernel.cpp:40]   --->   Operation 227 'getelementptr' 'fb_374_addr' <Predicate = true> <Delay = 0.00>
ST_3 : Operation 228 [1/1] (0.00ns)   --->   "%fb_375_addr = getelementptr i8 %fb_375, i64 0, i64 %zext_ln40" [./line_buffer.h:44->./line_buffer.h:34->predecoder_kernel.cpp:40]   --->   Operation 228 'getelementptr' 'fb_375_addr' <Predicate = true> <Delay = 0.00>
ST_3 : Operation 229 [1/1] (0.00ns)   --->   "%fb_376_addr = getelementptr i8 %fb_376, i64 0, i64 %zext_ln40" [./line_buffer.h:44->./line_buffer.h:34->predecoder_kernel.cpp:40]   --->   Operation 229 'getelementptr' 'fb_376_addr' <Predicate = true> <Delay = 0.00>
ST_3 : Operation 230 [1/1] (0.00ns)   --->   "%fb_377_addr = getelementptr i8 %fb_377, i64 0, i64 %zext_ln40" [./line_buffer.h:44->./line_buffer.h:34->predecoder_kernel.cpp:40]   --->   Operation 230 'getelementptr' 'fb_377_addr' <Predicate = true> <Delay = 0.00>
ST_3 : Operation 231 [1/1] (0.00ns)   --->   "%fb_378_addr = getelementptr i8 %fb_378, i64 0, i64 %zext_ln40" [./line_buffer.h:44->./line_buffer.h:34->predecoder_kernel.cpp:40]   --->   Operation 231 'getelementptr' 'fb_378_addr' <Predicate = true> <Delay = 0.00>
ST_3 : Operation 232 [1/1] (0.00ns)   --->   "%fb_379_addr = getelementptr i8 %fb_379, i64 0, i64 %zext_ln40" [./line_buffer.h:44->./line_buffer.h:34->predecoder_kernel.cpp:40]   --->   Operation 232 'getelementptr' 'fb_379_addr' <Predicate = true> <Delay = 0.00>
ST_3 : Operation 233 [1/1] (0.00ns)   --->   "%fb_380_addr = getelementptr i8 %fb_380, i64 0, i64 %zext_ln40" [./line_buffer.h:44->./line_buffer.h:34->predecoder_kernel.cpp:40]   --->   Operation 233 'getelementptr' 'fb_380_addr' <Predicate = true> <Delay = 0.00>
ST_3 : Operation 234 [1/1] (0.00ns)   --->   "%fb_381_addr = getelementptr i8 %fb_381, i64 0, i64 %zext_ln40" [./line_buffer.h:44->./line_buffer.h:34->predecoder_kernel.cpp:40]   --->   Operation 234 'getelementptr' 'fb_381_addr' <Predicate = true> <Delay = 0.00>
ST_3 : Operation 235 [1/1] (0.00ns)   --->   "%fb_382_addr = getelementptr i8 %fb_382, i64 0, i64 %zext_ln40" [./line_buffer.h:44->./line_buffer.h:34->predecoder_kernel.cpp:40]   --->   Operation 235 'getelementptr' 'fb_382_addr' <Predicate = true> <Delay = 0.00>
ST_3 : Operation 236 [1/1] (0.00ns)   --->   "%fb_383_addr = getelementptr i8 %fb_383, i64 0, i64 %zext_ln40" [./line_buffer.h:44->./line_buffer.h:34->predecoder_kernel.cpp:40]   --->   Operation 236 'getelementptr' 'fb_383_addr' <Predicate = true> <Delay = 0.00>
ST_3 : Operation 237 [1/1] (0.00ns)   --->   "%fb_384_addr = getelementptr i8 %fb_384, i64 0, i64 %zext_ln40" [./line_buffer.h:44->./line_buffer.h:34->predecoder_kernel.cpp:40]   --->   Operation 237 'getelementptr' 'fb_384_addr' <Predicate = true> <Delay = 0.00>
ST_3 : Operation 238 [1/1] (0.00ns)   --->   "%fb_385_addr = getelementptr i8 %fb_385, i64 0, i64 %zext_ln40" [./line_buffer.h:44->./line_buffer.h:34->predecoder_kernel.cpp:40]   --->   Operation 238 'getelementptr' 'fb_385_addr' <Predicate = true> <Delay = 0.00>
ST_3 : Operation 239 [1/1] (0.00ns)   --->   "%fb_386_addr = getelementptr i8 %fb_386, i64 0, i64 %zext_ln40" [./line_buffer.h:44->./line_buffer.h:34->predecoder_kernel.cpp:40]   --->   Operation 239 'getelementptr' 'fb_386_addr' <Predicate = true> <Delay = 0.00>
ST_3 : Operation 240 [1/1] (0.00ns)   --->   "%fb_387_addr = getelementptr i8 %fb_387, i64 0, i64 %zext_ln40" [./line_buffer.h:44->./line_buffer.h:34->predecoder_kernel.cpp:40]   --->   Operation 240 'getelementptr' 'fb_387_addr' <Predicate = true> <Delay = 0.00>
ST_3 : Operation 241 [1/1] (0.00ns)   --->   "%fb_388_addr = getelementptr i8 %fb_388, i64 0, i64 %zext_ln40" [./line_buffer.h:44->./line_buffer.h:34->predecoder_kernel.cpp:40]   --->   Operation 241 'getelementptr' 'fb_388_addr' <Predicate = true> <Delay = 0.00>
ST_3 : Operation 242 [1/1] (0.00ns)   --->   "%fb_389_addr = getelementptr i8 %fb_389, i64 0, i64 %zext_ln40" [./line_buffer.h:44->./line_buffer.h:34->predecoder_kernel.cpp:40]   --->   Operation 242 'getelementptr' 'fb_389_addr' <Predicate = true> <Delay = 0.00>
ST_3 : Operation 243 [1/1] (0.00ns)   --->   "%fb_390_addr = getelementptr i8 %fb_390, i64 0, i64 %zext_ln40" [./line_buffer.h:44->./line_buffer.h:34->predecoder_kernel.cpp:40]   --->   Operation 243 'getelementptr' 'fb_390_addr' <Predicate = true> <Delay = 0.00>
ST_3 : Operation 244 [1/1] (0.00ns)   --->   "%fb_391_addr = getelementptr i8 %fb_391, i64 0, i64 %zext_ln40" [./line_buffer.h:44->./line_buffer.h:34->predecoder_kernel.cpp:40]   --->   Operation 244 'getelementptr' 'fb_391_addr' <Predicate = true> <Delay = 0.00>
ST_3 : Operation 245 [1/1] (0.00ns)   --->   "%fb_392_addr = getelementptr i8 %fb_392, i64 0, i64 %zext_ln40" [./line_buffer.h:44->./line_buffer.h:34->predecoder_kernel.cpp:40]   --->   Operation 245 'getelementptr' 'fb_392_addr' <Predicate = true> <Delay = 0.00>
ST_3 : Operation 246 [1/1] (0.00ns)   --->   "%fb_393_addr = getelementptr i8 %fb_393, i64 0, i64 %zext_ln40" [./line_buffer.h:44->./line_buffer.h:34->predecoder_kernel.cpp:40]   --->   Operation 246 'getelementptr' 'fb_393_addr' <Predicate = true> <Delay = 0.00>
ST_3 : Operation 247 [1/1] (0.00ns)   --->   "%fb_394_addr = getelementptr i8 %fb_394, i64 0, i64 %zext_ln40" [./line_buffer.h:44->./line_buffer.h:34->predecoder_kernel.cpp:40]   --->   Operation 247 'getelementptr' 'fb_394_addr' <Predicate = true> <Delay = 0.00>
ST_3 : Operation 248 [1/1] (0.00ns)   --->   "%fb_395_addr = getelementptr i8 %fb_395, i64 0, i64 %zext_ln40" [./line_buffer.h:44->./line_buffer.h:34->predecoder_kernel.cpp:40]   --->   Operation 248 'getelementptr' 'fb_395_addr' <Predicate = true> <Delay = 0.00>
ST_3 : Operation 249 [1/1] (0.00ns)   --->   "%fb_396_addr = getelementptr i8 %fb_396, i64 0, i64 %zext_ln40" [./line_buffer.h:44->./line_buffer.h:34->predecoder_kernel.cpp:40]   --->   Operation 249 'getelementptr' 'fb_396_addr' <Predicate = true> <Delay = 0.00>
ST_3 : Operation 250 [1/1] (0.00ns)   --->   "%fb_397_addr = getelementptr i8 %fb_397, i64 0, i64 %zext_ln40" [./line_buffer.h:44->./line_buffer.h:34->predecoder_kernel.cpp:40]   --->   Operation 250 'getelementptr' 'fb_397_addr' <Predicate = true> <Delay = 0.00>
ST_3 : Operation 251 [1/1] (0.00ns)   --->   "%fb_398_addr = getelementptr i8 %fb_398, i64 0, i64 %zext_ln40" [./line_buffer.h:44->./line_buffer.h:34->predecoder_kernel.cpp:40]   --->   Operation 251 'getelementptr' 'fb_398_addr' <Predicate = true> <Delay = 0.00>
ST_3 : Operation 252 [1/1] (0.00ns)   --->   "%fb_399_addr = getelementptr i8 %fb_399, i64 0, i64 %zext_ln40" [./line_buffer.h:44->./line_buffer.h:34->predecoder_kernel.cpp:40]   --->   Operation 252 'getelementptr' 'fb_399_addr' <Predicate = true> <Delay = 0.00>
ST_3 : Operation 253 [1/1] (0.00ns)   --->   "%fb_400_addr = getelementptr i8 %fb_400, i64 0, i64 %zext_ln40" [./line_buffer.h:44->./line_buffer.h:34->predecoder_kernel.cpp:40]   --->   Operation 253 'getelementptr' 'fb_400_addr' <Predicate = true> <Delay = 0.00>
ST_3 : Operation 254 [1/1] (0.00ns)   --->   "%fb_401_addr = getelementptr i8 %fb_401, i64 0, i64 %zext_ln40" [./line_buffer.h:44->./line_buffer.h:34->predecoder_kernel.cpp:40]   --->   Operation 254 'getelementptr' 'fb_401_addr' <Predicate = true> <Delay = 0.00>
ST_3 : Operation 255 [1/1] (0.00ns)   --->   "%fb_402_addr = getelementptr i8 %fb_402, i64 0, i64 %zext_ln40" [./line_buffer.h:44->./line_buffer.h:34->predecoder_kernel.cpp:40]   --->   Operation 255 'getelementptr' 'fb_402_addr' <Predicate = true> <Delay = 0.00>
ST_3 : Operation 256 [1/1] (0.00ns)   --->   "%fb_403_addr = getelementptr i8 %fb_403, i64 0, i64 %zext_ln40" [./line_buffer.h:44->./line_buffer.h:34->predecoder_kernel.cpp:40]   --->   Operation 256 'getelementptr' 'fb_403_addr' <Predicate = true> <Delay = 0.00>
ST_3 : Operation 257 [1/1] (0.00ns)   --->   "%fb_404_addr = getelementptr i8 %fb_404, i64 0, i64 %zext_ln40" [./line_buffer.h:44->./line_buffer.h:34->predecoder_kernel.cpp:40]   --->   Operation 257 'getelementptr' 'fb_404_addr' <Predicate = true> <Delay = 0.00>
ST_3 : Operation 258 [1/1] (0.00ns)   --->   "%fb_405_addr = getelementptr i8 %fb_405, i64 0, i64 %zext_ln40" [./line_buffer.h:44->./line_buffer.h:34->predecoder_kernel.cpp:40]   --->   Operation 258 'getelementptr' 'fb_405_addr' <Predicate = true> <Delay = 0.00>
ST_3 : Operation 259 [1/1] (0.00ns)   --->   "%fb_406_addr = getelementptr i8 %fb_406, i64 0, i64 %zext_ln40" [./line_buffer.h:44->./line_buffer.h:34->predecoder_kernel.cpp:40]   --->   Operation 259 'getelementptr' 'fb_406_addr' <Predicate = true> <Delay = 0.00>
ST_3 : Operation 260 [1/1] (0.00ns)   --->   "%fb_407_addr = getelementptr i8 %fb_407, i64 0, i64 %zext_ln40" [./line_buffer.h:44->./line_buffer.h:34->predecoder_kernel.cpp:40]   --->   Operation 260 'getelementptr' 'fb_407_addr' <Predicate = true> <Delay = 0.00>
ST_3 : Operation 261 [1/1] (0.00ns)   --->   "%fb_408_addr = getelementptr i8 %fb_408, i64 0, i64 %zext_ln40" [./line_buffer.h:44->./line_buffer.h:34->predecoder_kernel.cpp:40]   --->   Operation 261 'getelementptr' 'fb_408_addr' <Predicate = true> <Delay = 0.00>
ST_3 : Operation 262 [1/1] (0.00ns)   --->   "%fb_409_addr = getelementptr i8 %fb_409, i64 0, i64 %zext_ln40" [./line_buffer.h:44->./line_buffer.h:34->predecoder_kernel.cpp:40]   --->   Operation 262 'getelementptr' 'fb_409_addr' <Predicate = true> <Delay = 0.00>
ST_3 : Operation 263 [1/1] (0.00ns)   --->   "%fb_410_addr = getelementptr i8 %fb_410, i64 0, i64 %zext_ln40" [./line_buffer.h:44->./line_buffer.h:34->predecoder_kernel.cpp:40]   --->   Operation 263 'getelementptr' 'fb_410_addr' <Predicate = true> <Delay = 0.00>
ST_3 : Operation 264 [1/1] (0.00ns)   --->   "%fb_411_addr = getelementptr i8 %fb_411, i64 0, i64 %zext_ln40" [./line_buffer.h:44->./line_buffer.h:34->predecoder_kernel.cpp:40]   --->   Operation 264 'getelementptr' 'fb_411_addr' <Predicate = true> <Delay = 0.00>
ST_3 : Operation 265 [1/1] (0.00ns)   --->   "%fb_412_addr = getelementptr i8 %fb_412, i64 0, i64 %zext_ln40" [./line_buffer.h:44->./line_buffer.h:34->predecoder_kernel.cpp:40]   --->   Operation 265 'getelementptr' 'fb_412_addr' <Predicate = true> <Delay = 0.00>
ST_3 : Operation 266 [1/1] (0.00ns)   --->   "%fb_413_addr = getelementptr i8 %fb_413, i64 0, i64 %zext_ln40" [./line_buffer.h:44->./line_buffer.h:34->predecoder_kernel.cpp:40]   --->   Operation 266 'getelementptr' 'fb_413_addr' <Predicate = true> <Delay = 0.00>
ST_3 : Operation 267 [1/1] (0.00ns)   --->   "%fb_414_addr = getelementptr i8 %fb_414, i64 0, i64 %zext_ln40" [./line_buffer.h:44->./line_buffer.h:34->predecoder_kernel.cpp:40]   --->   Operation 267 'getelementptr' 'fb_414_addr' <Predicate = true> <Delay = 0.00>
ST_3 : Operation 268 [1/1] (0.00ns)   --->   "%fb_415_addr = getelementptr i8 %fb_415, i64 0, i64 %zext_ln40" [./line_buffer.h:44->./line_buffer.h:34->predecoder_kernel.cpp:40]   --->   Operation 268 'getelementptr' 'fb_415_addr' <Predicate = true> <Delay = 0.00>
ST_3 : Operation 269 [1/1] (0.00ns)   --->   "%fb_416_addr = getelementptr i8 %fb_416, i64 0, i64 %zext_ln40" [./line_buffer.h:44->./line_buffer.h:34->predecoder_kernel.cpp:40]   --->   Operation 269 'getelementptr' 'fb_416_addr' <Predicate = true> <Delay = 0.00>
ST_3 : Operation 270 [1/1] (0.00ns)   --->   "%fb_417_addr = getelementptr i8 %fb_417, i64 0, i64 %zext_ln40" [./line_buffer.h:44->./line_buffer.h:34->predecoder_kernel.cpp:40]   --->   Operation 270 'getelementptr' 'fb_417_addr' <Predicate = true> <Delay = 0.00>
ST_3 : Operation 271 [1/1] (0.00ns)   --->   "%fb_418_addr = getelementptr i8 %fb_418, i64 0, i64 %zext_ln40" [./line_buffer.h:44->./line_buffer.h:34->predecoder_kernel.cpp:40]   --->   Operation 271 'getelementptr' 'fb_418_addr' <Predicate = true> <Delay = 0.00>
ST_3 : Operation 272 [1/1] (0.00ns)   --->   "%fb_419_addr = getelementptr i8 %fb_419, i64 0, i64 %zext_ln40" [./line_buffer.h:44->./line_buffer.h:34->predecoder_kernel.cpp:40]   --->   Operation 272 'getelementptr' 'fb_419_addr' <Predicate = true> <Delay = 0.00>
ST_3 : Operation 273 [1/1] (0.00ns)   --->   "%fb_420_addr = getelementptr i8 %fb_420, i64 0, i64 %zext_ln40" [./line_buffer.h:44->./line_buffer.h:34->predecoder_kernel.cpp:40]   --->   Operation 273 'getelementptr' 'fb_420_addr' <Predicate = true> <Delay = 0.00>
ST_3 : Operation 274 [1/1] (0.00ns)   --->   "%fb_421_addr = getelementptr i8 %fb_421, i64 0, i64 %zext_ln40" [./line_buffer.h:44->./line_buffer.h:34->predecoder_kernel.cpp:40]   --->   Operation 274 'getelementptr' 'fb_421_addr' <Predicate = true> <Delay = 0.00>
ST_3 : Operation 275 [1/1] (0.00ns)   --->   "%fb_422_addr = getelementptr i8 %fb_422, i64 0, i64 %zext_ln40" [./line_buffer.h:44->./line_buffer.h:34->predecoder_kernel.cpp:40]   --->   Operation 275 'getelementptr' 'fb_422_addr' <Predicate = true> <Delay = 0.00>
ST_3 : Operation 276 [1/1] (0.00ns)   --->   "%fb_423_addr = getelementptr i8 %fb_423, i64 0, i64 %zext_ln40" [./line_buffer.h:44->./line_buffer.h:34->predecoder_kernel.cpp:40]   --->   Operation 276 'getelementptr' 'fb_423_addr' <Predicate = true> <Delay = 0.00>
ST_3 : Operation 277 [1/1] (0.00ns)   --->   "%fb_424_addr = getelementptr i8 %fb_424, i64 0, i64 %zext_ln40" [./line_buffer.h:44->./line_buffer.h:34->predecoder_kernel.cpp:40]   --->   Operation 277 'getelementptr' 'fb_424_addr' <Predicate = true> <Delay = 0.00>
ST_3 : Operation 278 [1/1] (0.00ns)   --->   "%fb_425_addr = getelementptr i8 %fb_425, i64 0, i64 %zext_ln40" [./line_buffer.h:44->./line_buffer.h:34->predecoder_kernel.cpp:40]   --->   Operation 278 'getelementptr' 'fb_425_addr' <Predicate = true> <Delay = 0.00>
ST_3 : Operation 279 [1/1] (0.00ns)   --->   "%fb_426_addr = getelementptr i8 %fb_426, i64 0, i64 %zext_ln40" [./line_buffer.h:44->./line_buffer.h:34->predecoder_kernel.cpp:40]   --->   Operation 279 'getelementptr' 'fb_426_addr' <Predicate = true> <Delay = 0.00>
ST_3 : Operation 280 [1/1] (0.00ns)   --->   "%fb_427_addr = getelementptr i8 %fb_427, i64 0, i64 %zext_ln40" [./line_buffer.h:44->./line_buffer.h:34->predecoder_kernel.cpp:40]   --->   Operation 280 'getelementptr' 'fb_427_addr' <Predicate = true> <Delay = 0.00>
ST_3 : Operation 281 [1/1] (0.00ns)   --->   "%fb_428_addr = getelementptr i8 %fb_428, i64 0, i64 %zext_ln40" [./line_buffer.h:44->./line_buffer.h:34->predecoder_kernel.cpp:40]   --->   Operation 281 'getelementptr' 'fb_428_addr' <Predicate = true> <Delay = 0.00>
ST_3 : Operation 282 [1/1] (0.00ns)   --->   "%fb_429_addr = getelementptr i8 %fb_429, i64 0, i64 %zext_ln40" [./line_buffer.h:44->./line_buffer.h:34->predecoder_kernel.cpp:40]   --->   Operation 282 'getelementptr' 'fb_429_addr' <Predicate = true> <Delay = 0.00>
ST_3 : Operation 283 [1/1] (0.00ns)   --->   "%fb_430_addr = getelementptr i8 %fb_430, i64 0, i64 %zext_ln40" [./line_buffer.h:44->./line_buffer.h:34->predecoder_kernel.cpp:40]   --->   Operation 283 'getelementptr' 'fb_430_addr' <Predicate = true> <Delay = 0.00>
ST_3 : Operation 284 [1/1] (0.00ns)   --->   "%specpipeline_ln43 = specpipeline void @_ssdm_op_SpecPipeline, i32 1, i32 0, i32 0, i32 0, void @empty_5" [./line_buffer.h:43->./line_buffer.h:34->predecoder_kernel.cpp:40]   --->   Operation 284 'specpipeline' 'specpipeline_ln43' <Predicate = true> <Delay = 0.00>
ST_3 : Operation 285 [1/1] (0.67ns)   --->   "%switch_ln44 = switch i3 %select_ln41_1, void %arrayidx204.i.i_1.case.5, i3 0, void %arrayidx204.i.i_1.case.0, i3 1, void %arrayidx204.i.i_1.case.1, i3 2, void %arrayidx204.i.i_1.case.2, i3 3, void %arrayidx204.i.i_1.case.3, i3 4, void %arrayidx204.i.i_1.case.4" [./line_buffer.h:44->./line_buffer.h:34->predecoder_kernel.cpp:40]   --->   Operation 285 'switch' 'switch_ln44' <Predicate = (select_ln39_1 == 1)> <Delay = 0.67>
ST_3 : Operation 286 [1/1] (0.67ns)   --->   "%switch_ln44 = switch i4 %select_ln41, void %arrayidx204.i.i_1.case.111538, i4 0, void %arrayidx204.i.i_1.case.01527, i4 1, void %arrayidx204.i.i_1.case.11528, i4 2, void %arrayidx204.i.i_1.case.21529, i4 3, void %arrayidx204.i.i_1.case.31530, i4 4, void %arrayidx204.i.i_1.case.41531, i4 5, void %arrayidx204.i.i_1.case.51532, i4 6, void %arrayidx204.i.i_1.case.61533, i4 7, void %arrayidx204.i.i_1.case.71534, i4 8, void %arrayidx204.i.i_1.case.81535, i4 9, void %arrayidx204.i.i_1.case.91536, i4 10, void %arrayidx204.i.i_1.case.101537" [./line_buffer.h:44->./line_buffer.h:34->predecoder_kernel.cpp:40]   --->   Operation 286 'switch' 'switch_ln44' <Predicate = (select_ln39_1 == 1 & select_ln41_1 == 4)> <Delay = 0.67>
ST_3 : Operation 287 [1/1] (0.66ns)   --->   "%store_ln44 = store i8 0, i3 %fb_345_addr" [./line_buffer.h:44->./line_buffer.h:34->predecoder_kernel.cpp:40]   --->   Operation 287 'store' 'store_ln44' <Predicate = (select_ln39_1 == 1 & select_ln41_1 == 4 & select_ln41 == 10)> <Delay = 0.66> <CoreInst = "RAM">   --->   Core 83 'RAM' <Latency = 1> <II = 1> <Delay = 0.66> <Storage> <Opcode : 'load' 'store'> <Ports = 2> <Width = 8> <Depth = 6> <RAM>
ST_3 : Operation 288 [1/1] (0.00ns)   --->   "%br_ln44 = br void %arrayidx204.i.i_1.exit1526" [./line_buffer.h:44->./line_buffer.h:34->predecoder_kernel.cpp:40]   --->   Operation 288 'br' 'br_ln44' <Predicate = (select_ln39_1 == 1 & select_ln41_1 == 4 & select_ln41 == 10)> <Delay = 0.00>
ST_3 : Operation 289 [1/1] (0.66ns)   --->   "%store_ln44 = store i8 0, i3 %fb_344_addr" [./line_buffer.h:44->./line_buffer.h:34->predecoder_kernel.cpp:40]   --->   Operation 289 'store' 'store_ln44' <Predicate = (select_ln39_1 == 1 & select_ln41_1 == 4 & select_ln41 == 9)> <Delay = 0.66> <CoreInst = "RAM">   --->   Core 83 'RAM' <Latency = 1> <II = 1> <Delay = 0.66> <Storage> <Opcode : 'load' 'store'> <Ports = 2> <Width = 8> <Depth = 6> <RAM>
ST_3 : Operation 290 [1/1] (0.00ns)   --->   "%br_ln44 = br void %arrayidx204.i.i_1.exit1526" [./line_buffer.h:44->./line_buffer.h:34->predecoder_kernel.cpp:40]   --->   Operation 290 'br' 'br_ln44' <Predicate = (select_ln39_1 == 1 & select_ln41_1 == 4 & select_ln41 == 9)> <Delay = 0.00>
ST_3 : Operation 291 [1/1] (0.66ns)   --->   "%store_ln44 = store i8 0, i3 %fb_343_addr" [./line_buffer.h:44->./line_buffer.h:34->predecoder_kernel.cpp:40]   --->   Operation 291 'store' 'store_ln44' <Predicate = (select_ln39_1 == 1 & select_ln41_1 == 4 & select_ln41 == 8)> <Delay = 0.66> <CoreInst = "RAM">   --->   Core 83 'RAM' <Latency = 1> <II = 1> <Delay = 0.66> <Storage> <Opcode : 'load' 'store'> <Ports = 2> <Width = 8> <Depth = 6> <RAM>
ST_3 : Operation 292 [1/1] (0.00ns)   --->   "%br_ln44 = br void %arrayidx204.i.i_1.exit1526" [./line_buffer.h:44->./line_buffer.h:34->predecoder_kernel.cpp:40]   --->   Operation 292 'br' 'br_ln44' <Predicate = (select_ln39_1 == 1 & select_ln41_1 == 4 & select_ln41 == 8)> <Delay = 0.00>
ST_3 : Operation 293 [1/1] (0.66ns)   --->   "%store_ln44 = store i8 0, i3 %fb_342_addr" [./line_buffer.h:44->./line_buffer.h:34->predecoder_kernel.cpp:40]   --->   Operation 293 'store' 'store_ln44' <Predicate = (select_ln39_1 == 1 & select_ln41_1 == 4 & select_ln41 == 7)> <Delay = 0.66> <CoreInst = "RAM">   --->   Core 83 'RAM' <Latency = 1> <II = 1> <Delay = 0.66> <Storage> <Opcode : 'load' 'store'> <Ports = 2> <Width = 8> <Depth = 6> <RAM>
ST_3 : Operation 294 [1/1] (0.00ns)   --->   "%br_ln44 = br void %arrayidx204.i.i_1.exit1526" [./line_buffer.h:44->./line_buffer.h:34->predecoder_kernel.cpp:40]   --->   Operation 294 'br' 'br_ln44' <Predicate = (select_ln39_1 == 1 & select_ln41_1 == 4 & select_ln41 == 7)> <Delay = 0.00>
ST_3 : Operation 295 [1/1] (0.66ns)   --->   "%store_ln44 = store i8 0, i3 %fb_341_addr" [./line_buffer.h:44->./line_buffer.h:34->predecoder_kernel.cpp:40]   --->   Operation 295 'store' 'store_ln44' <Predicate = (select_ln39_1 == 1 & select_ln41_1 == 4 & select_ln41 == 6)> <Delay = 0.66> <CoreInst = "RAM">   --->   Core 83 'RAM' <Latency = 1> <II = 1> <Delay = 0.66> <Storage> <Opcode : 'load' 'store'> <Ports = 2> <Width = 8> <Depth = 6> <RAM>
ST_3 : Operation 296 [1/1] (0.00ns)   --->   "%br_ln44 = br void %arrayidx204.i.i_1.exit1526" [./line_buffer.h:44->./line_buffer.h:34->predecoder_kernel.cpp:40]   --->   Operation 296 'br' 'br_ln44' <Predicate = (select_ln39_1 == 1 & select_ln41_1 == 4 & select_ln41 == 6)> <Delay = 0.00>
ST_3 : Operation 297 [1/1] (0.66ns)   --->   "%store_ln44 = store i8 0, i3 %fb_340_addr" [./line_buffer.h:44->./line_buffer.h:34->predecoder_kernel.cpp:40]   --->   Operation 297 'store' 'store_ln44' <Predicate = (select_ln39_1 == 1 & select_ln41_1 == 4 & select_ln41 == 5)> <Delay = 0.66> <CoreInst = "RAM">   --->   Core 83 'RAM' <Latency = 1> <II = 1> <Delay = 0.66> <Storage> <Opcode : 'load' 'store'> <Ports = 2> <Width = 8> <Depth = 6> <RAM>
ST_3 : Operation 298 [1/1] (0.00ns)   --->   "%br_ln44 = br void %arrayidx204.i.i_1.exit1526" [./line_buffer.h:44->./line_buffer.h:34->predecoder_kernel.cpp:40]   --->   Operation 298 'br' 'br_ln44' <Predicate = (select_ln39_1 == 1 & select_ln41_1 == 4 & select_ln41 == 5)> <Delay = 0.00>
ST_3 : Operation 299 [1/1] (0.66ns)   --->   "%store_ln44 = store i8 0, i3 %fb_339_addr" [./line_buffer.h:44->./line_buffer.h:34->predecoder_kernel.cpp:40]   --->   Operation 299 'store' 'store_ln44' <Predicate = (select_ln39_1 == 1 & select_ln41_1 == 4 & select_ln41 == 4)> <Delay = 0.66> <CoreInst = "RAM">   --->   Core 83 'RAM' <Latency = 1> <II = 1> <Delay = 0.66> <Storage> <Opcode : 'load' 'store'> <Ports = 2> <Width = 8> <Depth = 6> <RAM>
ST_3 : Operation 300 [1/1] (0.00ns)   --->   "%br_ln44 = br void %arrayidx204.i.i_1.exit1526" [./line_buffer.h:44->./line_buffer.h:34->predecoder_kernel.cpp:40]   --->   Operation 300 'br' 'br_ln44' <Predicate = (select_ln39_1 == 1 & select_ln41_1 == 4 & select_ln41 == 4)> <Delay = 0.00>
ST_3 : Operation 301 [1/1] (0.66ns)   --->   "%store_ln44 = store i8 0, i3 %fb_338_addr" [./line_buffer.h:44->./line_buffer.h:34->predecoder_kernel.cpp:40]   --->   Operation 301 'store' 'store_ln44' <Predicate = (select_ln39_1 == 1 & select_ln41_1 == 4 & select_ln41 == 3)> <Delay = 0.66> <CoreInst = "RAM">   --->   Core 83 'RAM' <Latency = 1> <II = 1> <Delay = 0.66> <Storage> <Opcode : 'load' 'store'> <Ports = 2> <Width = 8> <Depth = 6> <RAM>
ST_3 : Operation 302 [1/1] (0.00ns)   --->   "%br_ln44 = br void %arrayidx204.i.i_1.exit1526" [./line_buffer.h:44->./line_buffer.h:34->predecoder_kernel.cpp:40]   --->   Operation 302 'br' 'br_ln44' <Predicate = (select_ln39_1 == 1 & select_ln41_1 == 4 & select_ln41 == 3)> <Delay = 0.00>
ST_3 : Operation 303 [1/1] (0.66ns)   --->   "%store_ln44 = store i8 0, i3 %fb_337_addr" [./line_buffer.h:44->./line_buffer.h:34->predecoder_kernel.cpp:40]   --->   Operation 303 'store' 'store_ln44' <Predicate = (select_ln39_1 == 1 & select_ln41_1 == 4 & select_ln41 == 2)> <Delay = 0.66> <CoreInst = "RAM">   --->   Core 83 'RAM' <Latency = 1> <II = 1> <Delay = 0.66> <Storage> <Opcode : 'load' 'store'> <Ports = 2> <Width = 8> <Depth = 6> <RAM>
ST_3 : Operation 304 [1/1] (0.00ns)   --->   "%br_ln44 = br void %arrayidx204.i.i_1.exit1526" [./line_buffer.h:44->./line_buffer.h:34->predecoder_kernel.cpp:40]   --->   Operation 304 'br' 'br_ln44' <Predicate = (select_ln39_1 == 1 & select_ln41_1 == 4 & select_ln41 == 2)> <Delay = 0.00>
ST_3 : Operation 305 [1/1] (0.66ns)   --->   "%store_ln44 = store i8 0, i3 %fb_336_addr" [./line_buffer.h:44->./line_buffer.h:34->predecoder_kernel.cpp:40]   --->   Operation 305 'store' 'store_ln44' <Predicate = (select_ln39_1 == 1 & select_ln41_1 == 4 & select_ln41 == 1)> <Delay = 0.66> <CoreInst = "RAM">   --->   Core 83 'RAM' <Latency = 1> <II = 1> <Delay = 0.66> <Storage> <Opcode : 'load' 'store'> <Ports = 2> <Width = 8> <Depth = 6> <RAM>
ST_3 : Operation 306 [1/1] (0.00ns)   --->   "%br_ln44 = br void %arrayidx204.i.i_1.exit1526" [./line_buffer.h:44->./line_buffer.h:34->predecoder_kernel.cpp:40]   --->   Operation 306 'br' 'br_ln44' <Predicate = (select_ln39_1 == 1 & select_ln41_1 == 4 & select_ln41 == 1)> <Delay = 0.00>
ST_3 : Operation 307 [1/1] (0.66ns)   --->   "%store_ln44 = store i8 0, i3 %fb_335_addr" [./line_buffer.h:44->./line_buffer.h:34->predecoder_kernel.cpp:40]   --->   Operation 307 'store' 'store_ln44' <Predicate = (select_ln39_1 == 1 & select_ln41_1 == 4 & select_ln41 == 0)> <Delay = 0.66> <CoreInst = "RAM">   --->   Core 83 'RAM' <Latency = 1> <II = 1> <Delay = 0.66> <Storage> <Opcode : 'load' 'store'> <Ports = 2> <Width = 8> <Depth = 6> <RAM>
ST_3 : Operation 308 [1/1] (0.00ns)   --->   "%br_ln44 = br void %arrayidx204.i.i_1.exit1526" [./line_buffer.h:44->./line_buffer.h:34->predecoder_kernel.cpp:40]   --->   Operation 308 'br' 'br_ln44' <Predicate = (select_ln39_1 == 1 & select_ln41_1 == 4 & select_ln41 == 0)> <Delay = 0.00>
ST_3 : Operation 309 [1/1] (0.66ns)   --->   "%store_ln44 = store i8 0, i3 %fb_346_addr" [./line_buffer.h:44->./line_buffer.h:34->predecoder_kernel.cpp:40]   --->   Operation 309 'store' 'store_ln44' <Predicate = (select_ln39_1 == 1 & select_ln41_1 == 4 & select_ln41 != 0 & select_ln41 != 1 & select_ln41 != 2 & select_ln41 != 3 & select_ln41 != 4 & select_ln41 != 5 & select_ln41 != 6 & select_ln41 != 7 & select_ln41 != 8 & select_ln41 != 9 & select_ln41 != 10)> <Delay = 0.66> <CoreInst = "RAM">   --->   Core 83 'RAM' <Latency = 1> <II = 1> <Delay = 0.66> <Storage> <Opcode : 'load' 'store'> <Ports = 2> <Width = 8> <Depth = 6> <RAM>
ST_3 : Operation 310 [1/1] (0.00ns)   --->   "%br_ln44 = br void %arrayidx204.i.i_1.exit1526" [./line_buffer.h:44->./line_buffer.h:34->predecoder_kernel.cpp:40]   --->   Operation 310 'br' 'br_ln44' <Predicate = (select_ln39_1 == 1 & select_ln41_1 == 4 & select_ln41 != 0 & select_ln41 != 1 & select_ln41 != 2 & select_ln41 != 3 & select_ln41 != 4 & select_ln41 != 5 & select_ln41 != 6 & select_ln41 != 7 & select_ln41 != 8 & select_ln41 != 9 & select_ln41 != 10)> <Delay = 0.00>
ST_3 : Operation 311 [1/1] (0.00ns)   --->   "%br_ln44 = br void %arrayidx204.i.i_1.exit" [./line_buffer.h:44->./line_buffer.h:34->predecoder_kernel.cpp:40]   --->   Operation 311 'br' 'br_ln44' <Predicate = (select_ln39_1 == 1 & select_ln41_1 == 4)> <Delay = 0.00>
ST_3 : Operation 312 [1/1] (0.67ns)   --->   "%switch_ln44 = switch i4 %select_ln41, void %arrayidx204.i.i_1.case.111524, i4 0, void %arrayidx204.i.i_1.case.01513, i4 1, void %arrayidx204.i.i_1.case.11514, i4 2, void %arrayidx204.i.i_1.case.21515, i4 3, void %arrayidx204.i.i_1.case.31516, i4 4, void %arrayidx204.i.i_1.case.41517, i4 5, void %arrayidx204.i.i_1.case.51518, i4 6, void %arrayidx204.i.i_1.case.61519, i4 7, void %arrayidx204.i.i_1.case.71520, i4 8, void %arrayidx204.i.i_1.case.81521, i4 9, void %arrayidx204.i.i_1.case.91522, i4 10, void %arrayidx204.i.i_1.case.101523" [./line_buffer.h:44->./line_buffer.h:34->predecoder_kernel.cpp:40]   --->   Operation 312 'switch' 'switch_ln44' <Predicate = (select_ln39_1 == 1 & select_ln41_1 == 3)> <Delay = 0.67>
ST_3 : Operation 313 [1/1] (0.66ns)   --->   "%store_ln44 = store i8 0, i3 %fb_333_addr" [./line_buffer.h:44->./line_buffer.h:34->predecoder_kernel.cpp:40]   --->   Operation 313 'store' 'store_ln44' <Predicate = (select_ln39_1 == 1 & select_ln41_1 == 3 & select_ln41 == 10)> <Delay = 0.66> <CoreInst = "RAM">   --->   Core 83 'RAM' <Latency = 1> <II = 1> <Delay = 0.66> <Storage> <Opcode : 'load' 'store'> <Ports = 2> <Width = 8> <Depth = 6> <RAM>
ST_3 : Operation 314 [1/1] (0.00ns)   --->   "%br_ln44 = br void %arrayidx204.i.i_1.exit1512" [./line_buffer.h:44->./line_buffer.h:34->predecoder_kernel.cpp:40]   --->   Operation 314 'br' 'br_ln44' <Predicate = (select_ln39_1 == 1 & select_ln41_1 == 3 & select_ln41 == 10)> <Delay = 0.00>
ST_3 : Operation 315 [1/1] (0.66ns)   --->   "%store_ln44 = store i8 0, i3 %fb_332_addr" [./line_buffer.h:44->./line_buffer.h:34->predecoder_kernel.cpp:40]   --->   Operation 315 'store' 'store_ln44' <Predicate = (select_ln39_1 == 1 & select_ln41_1 == 3 & select_ln41 == 9)> <Delay = 0.66> <CoreInst = "RAM">   --->   Core 83 'RAM' <Latency = 1> <II = 1> <Delay = 0.66> <Storage> <Opcode : 'load' 'store'> <Ports = 2> <Width = 8> <Depth = 6> <RAM>
ST_3 : Operation 316 [1/1] (0.00ns)   --->   "%br_ln44 = br void %arrayidx204.i.i_1.exit1512" [./line_buffer.h:44->./line_buffer.h:34->predecoder_kernel.cpp:40]   --->   Operation 316 'br' 'br_ln44' <Predicate = (select_ln39_1 == 1 & select_ln41_1 == 3 & select_ln41 == 9)> <Delay = 0.00>
ST_3 : Operation 317 [1/1] (0.66ns)   --->   "%store_ln44 = store i8 0, i3 %fb_331_addr" [./line_buffer.h:44->./line_buffer.h:34->predecoder_kernel.cpp:40]   --->   Operation 317 'store' 'store_ln44' <Predicate = (select_ln39_1 == 1 & select_ln41_1 == 3 & select_ln41 == 8)> <Delay = 0.66> <CoreInst = "RAM">   --->   Core 83 'RAM' <Latency = 1> <II = 1> <Delay = 0.66> <Storage> <Opcode : 'load' 'store'> <Ports = 2> <Width = 8> <Depth = 6> <RAM>
ST_3 : Operation 318 [1/1] (0.00ns)   --->   "%br_ln44 = br void %arrayidx204.i.i_1.exit1512" [./line_buffer.h:44->./line_buffer.h:34->predecoder_kernel.cpp:40]   --->   Operation 318 'br' 'br_ln44' <Predicate = (select_ln39_1 == 1 & select_ln41_1 == 3 & select_ln41 == 8)> <Delay = 0.00>
ST_3 : Operation 319 [1/1] (0.66ns)   --->   "%store_ln44 = store i8 0, i3 %fb_330_addr" [./line_buffer.h:44->./line_buffer.h:34->predecoder_kernel.cpp:40]   --->   Operation 319 'store' 'store_ln44' <Predicate = (select_ln39_1 == 1 & select_ln41_1 == 3 & select_ln41 == 7)> <Delay = 0.66> <CoreInst = "RAM">   --->   Core 83 'RAM' <Latency = 1> <II = 1> <Delay = 0.66> <Storage> <Opcode : 'load' 'store'> <Ports = 2> <Width = 8> <Depth = 6> <RAM>
ST_3 : Operation 320 [1/1] (0.00ns)   --->   "%br_ln44 = br void %arrayidx204.i.i_1.exit1512" [./line_buffer.h:44->./line_buffer.h:34->predecoder_kernel.cpp:40]   --->   Operation 320 'br' 'br_ln44' <Predicate = (select_ln39_1 == 1 & select_ln41_1 == 3 & select_ln41 == 7)> <Delay = 0.00>
ST_3 : Operation 321 [1/1] (0.66ns)   --->   "%store_ln44 = store i8 0, i3 %fb_329_addr" [./line_buffer.h:44->./line_buffer.h:34->predecoder_kernel.cpp:40]   --->   Operation 321 'store' 'store_ln44' <Predicate = (select_ln39_1 == 1 & select_ln41_1 == 3 & select_ln41 == 6)> <Delay = 0.66> <CoreInst = "RAM">   --->   Core 83 'RAM' <Latency = 1> <II = 1> <Delay = 0.66> <Storage> <Opcode : 'load' 'store'> <Ports = 2> <Width = 8> <Depth = 6> <RAM>
ST_3 : Operation 322 [1/1] (0.00ns)   --->   "%br_ln44 = br void %arrayidx204.i.i_1.exit1512" [./line_buffer.h:44->./line_buffer.h:34->predecoder_kernel.cpp:40]   --->   Operation 322 'br' 'br_ln44' <Predicate = (select_ln39_1 == 1 & select_ln41_1 == 3 & select_ln41 == 6)> <Delay = 0.00>
ST_3 : Operation 323 [1/1] (0.66ns)   --->   "%store_ln44 = store i8 0, i3 %fb_328_addr" [./line_buffer.h:44->./line_buffer.h:34->predecoder_kernel.cpp:40]   --->   Operation 323 'store' 'store_ln44' <Predicate = (select_ln39_1 == 1 & select_ln41_1 == 3 & select_ln41 == 5)> <Delay = 0.66> <CoreInst = "RAM">   --->   Core 83 'RAM' <Latency = 1> <II = 1> <Delay = 0.66> <Storage> <Opcode : 'load' 'store'> <Ports = 2> <Width = 8> <Depth = 6> <RAM>
ST_3 : Operation 324 [1/1] (0.00ns)   --->   "%br_ln44 = br void %arrayidx204.i.i_1.exit1512" [./line_buffer.h:44->./line_buffer.h:34->predecoder_kernel.cpp:40]   --->   Operation 324 'br' 'br_ln44' <Predicate = (select_ln39_1 == 1 & select_ln41_1 == 3 & select_ln41 == 5)> <Delay = 0.00>
ST_3 : Operation 325 [1/1] (0.66ns)   --->   "%store_ln44 = store i8 0, i3 %fb_327_addr" [./line_buffer.h:44->./line_buffer.h:34->predecoder_kernel.cpp:40]   --->   Operation 325 'store' 'store_ln44' <Predicate = (select_ln39_1 == 1 & select_ln41_1 == 3 & select_ln41 == 4)> <Delay = 0.66> <CoreInst = "RAM">   --->   Core 83 'RAM' <Latency = 1> <II = 1> <Delay = 0.66> <Storage> <Opcode : 'load' 'store'> <Ports = 2> <Width = 8> <Depth = 6> <RAM>
ST_3 : Operation 326 [1/1] (0.00ns)   --->   "%br_ln44 = br void %arrayidx204.i.i_1.exit1512" [./line_buffer.h:44->./line_buffer.h:34->predecoder_kernel.cpp:40]   --->   Operation 326 'br' 'br_ln44' <Predicate = (select_ln39_1 == 1 & select_ln41_1 == 3 & select_ln41 == 4)> <Delay = 0.00>
ST_3 : Operation 327 [1/1] (0.66ns)   --->   "%store_ln44 = store i8 0, i3 %fb_326_addr" [./line_buffer.h:44->./line_buffer.h:34->predecoder_kernel.cpp:40]   --->   Operation 327 'store' 'store_ln44' <Predicate = (select_ln39_1 == 1 & select_ln41_1 == 3 & select_ln41 == 3)> <Delay = 0.66> <CoreInst = "RAM">   --->   Core 83 'RAM' <Latency = 1> <II = 1> <Delay = 0.66> <Storage> <Opcode : 'load' 'store'> <Ports = 2> <Width = 8> <Depth = 6> <RAM>
ST_3 : Operation 328 [1/1] (0.00ns)   --->   "%br_ln44 = br void %arrayidx204.i.i_1.exit1512" [./line_buffer.h:44->./line_buffer.h:34->predecoder_kernel.cpp:40]   --->   Operation 328 'br' 'br_ln44' <Predicate = (select_ln39_1 == 1 & select_ln41_1 == 3 & select_ln41 == 3)> <Delay = 0.00>
ST_3 : Operation 329 [1/1] (0.66ns)   --->   "%store_ln44 = store i8 0, i3 %fb_325_addr" [./line_buffer.h:44->./line_buffer.h:34->predecoder_kernel.cpp:40]   --->   Operation 329 'store' 'store_ln44' <Predicate = (select_ln39_1 == 1 & select_ln41_1 == 3 & select_ln41 == 2)> <Delay = 0.66> <CoreInst = "RAM">   --->   Core 83 'RAM' <Latency = 1> <II = 1> <Delay = 0.66> <Storage> <Opcode : 'load' 'store'> <Ports = 2> <Width = 8> <Depth = 6> <RAM>
ST_3 : Operation 330 [1/1] (0.00ns)   --->   "%br_ln44 = br void %arrayidx204.i.i_1.exit1512" [./line_buffer.h:44->./line_buffer.h:34->predecoder_kernel.cpp:40]   --->   Operation 330 'br' 'br_ln44' <Predicate = (select_ln39_1 == 1 & select_ln41_1 == 3 & select_ln41 == 2)> <Delay = 0.00>
ST_3 : Operation 331 [1/1] (0.66ns)   --->   "%store_ln44 = store i8 0, i3 %fb_324_addr" [./line_buffer.h:44->./line_buffer.h:34->predecoder_kernel.cpp:40]   --->   Operation 331 'store' 'store_ln44' <Predicate = (select_ln39_1 == 1 & select_ln41_1 == 3 & select_ln41 == 1)> <Delay = 0.66> <CoreInst = "RAM">   --->   Core 83 'RAM' <Latency = 1> <II = 1> <Delay = 0.66> <Storage> <Opcode : 'load' 'store'> <Ports = 2> <Width = 8> <Depth = 6> <RAM>
ST_3 : Operation 332 [1/1] (0.00ns)   --->   "%br_ln44 = br void %arrayidx204.i.i_1.exit1512" [./line_buffer.h:44->./line_buffer.h:34->predecoder_kernel.cpp:40]   --->   Operation 332 'br' 'br_ln44' <Predicate = (select_ln39_1 == 1 & select_ln41_1 == 3 & select_ln41 == 1)> <Delay = 0.00>
ST_3 : Operation 333 [1/1] (0.66ns)   --->   "%store_ln44 = store i8 0, i3 %fb_323_addr" [./line_buffer.h:44->./line_buffer.h:34->predecoder_kernel.cpp:40]   --->   Operation 333 'store' 'store_ln44' <Predicate = (select_ln39_1 == 1 & select_ln41_1 == 3 & select_ln41 == 0)> <Delay = 0.66> <CoreInst = "RAM">   --->   Core 83 'RAM' <Latency = 1> <II = 1> <Delay = 0.66> <Storage> <Opcode : 'load' 'store'> <Ports = 2> <Width = 8> <Depth = 6> <RAM>
ST_3 : Operation 334 [1/1] (0.00ns)   --->   "%br_ln44 = br void %arrayidx204.i.i_1.exit1512" [./line_buffer.h:44->./line_buffer.h:34->predecoder_kernel.cpp:40]   --->   Operation 334 'br' 'br_ln44' <Predicate = (select_ln39_1 == 1 & select_ln41_1 == 3 & select_ln41 == 0)> <Delay = 0.00>
ST_3 : Operation 335 [1/1] (0.66ns)   --->   "%store_ln44 = store i8 0, i3 %fb_334_addr" [./line_buffer.h:44->./line_buffer.h:34->predecoder_kernel.cpp:40]   --->   Operation 335 'store' 'store_ln44' <Predicate = (select_ln39_1 == 1 & select_ln41_1 == 3 & select_ln41 != 0 & select_ln41 != 1 & select_ln41 != 2 & select_ln41 != 3 & select_ln41 != 4 & select_ln41 != 5 & select_ln41 != 6 & select_ln41 != 7 & select_ln41 != 8 & select_ln41 != 9 & select_ln41 != 10)> <Delay = 0.66> <CoreInst = "RAM">   --->   Core 83 'RAM' <Latency = 1> <II = 1> <Delay = 0.66> <Storage> <Opcode : 'load' 'store'> <Ports = 2> <Width = 8> <Depth = 6> <RAM>
ST_3 : Operation 336 [1/1] (0.00ns)   --->   "%br_ln44 = br void %arrayidx204.i.i_1.exit1512" [./line_buffer.h:44->./line_buffer.h:34->predecoder_kernel.cpp:40]   --->   Operation 336 'br' 'br_ln44' <Predicate = (select_ln39_1 == 1 & select_ln41_1 == 3 & select_ln41 != 0 & select_ln41 != 1 & select_ln41 != 2 & select_ln41 != 3 & select_ln41 != 4 & select_ln41 != 5 & select_ln41 != 6 & select_ln41 != 7 & select_ln41 != 8 & select_ln41 != 9 & select_ln41 != 10)> <Delay = 0.00>
ST_3 : Operation 337 [1/1] (0.00ns)   --->   "%br_ln44 = br void %arrayidx204.i.i_1.exit" [./line_buffer.h:44->./line_buffer.h:34->predecoder_kernel.cpp:40]   --->   Operation 337 'br' 'br_ln44' <Predicate = (select_ln39_1 == 1 & select_ln41_1 == 3)> <Delay = 0.00>
ST_3 : Operation 338 [1/1] (0.67ns)   --->   "%switch_ln44 = switch i4 %select_ln41, void %arrayidx204.i.i_1.case.111510, i4 0, void %arrayidx204.i.i_1.case.01499, i4 1, void %arrayidx204.i.i_1.case.11500, i4 2, void %arrayidx204.i.i_1.case.21501, i4 3, void %arrayidx204.i.i_1.case.31502, i4 4, void %arrayidx204.i.i_1.case.41503, i4 5, void %arrayidx204.i.i_1.case.51504, i4 6, void %arrayidx204.i.i_1.case.61505, i4 7, void %arrayidx204.i.i_1.case.71506, i4 8, void %arrayidx204.i.i_1.case.81507, i4 9, void %arrayidx204.i.i_1.case.91508, i4 10, void %arrayidx204.i.i_1.case.101509" [./line_buffer.h:44->./line_buffer.h:34->predecoder_kernel.cpp:40]   --->   Operation 338 'switch' 'switch_ln44' <Predicate = (select_ln39_1 == 1 & select_ln41_1 == 2)> <Delay = 0.67>
ST_3 : Operation 339 [1/1] (0.66ns)   --->   "%store_ln44 = store i8 0, i3 %fb_321_addr" [./line_buffer.h:44->./line_buffer.h:34->predecoder_kernel.cpp:40]   --->   Operation 339 'store' 'store_ln44' <Predicate = (select_ln39_1 == 1 & select_ln41_1 == 2 & select_ln41 == 10)> <Delay = 0.66> <CoreInst = "RAM">   --->   Core 83 'RAM' <Latency = 1> <II = 1> <Delay = 0.66> <Storage> <Opcode : 'load' 'store'> <Ports = 2> <Width = 8> <Depth = 6> <RAM>
ST_3 : Operation 340 [1/1] (0.00ns)   --->   "%br_ln44 = br void %arrayidx204.i.i_1.exit1498" [./line_buffer.h:44->./line_buffer.h:34->predecoder_kernel.cpp:40]   --->   Operation 340 'br' 'br_ln44' <Predicate = (select_ln39_1 == 1 & select_ln41_1 == 2 & select_ln41 == 10)> <Delay = 0.00>
ST_3 : Operation 341 [1/1] (0.66ns)   --->   "%store_ln44 = store i8 0, i3 %fb_320_addr" [./line_buffer.h:44->./line_buffer.h:34->predecoder_kernel.cpp:40]   --->   Operation 341 'store' 'store_ln44' <Predicate = (select_ln39_1 == 1 & select_ln41_1 == 2 & select_ln41 == 9)> <Delay = 0.66> <CoreInst = "RAM">   --->   Core 83 'RAM' <Latency = 1> <II = 1> <Delay = 0.66> <Storage> <Opcode : 'load' 'store'> <Ports = 2> <Width = 8> <Depth = 6> <RAM>
ST_3 : Operation 342 [1/1] (0.00ns)   --->   "%br_ln44 = br void %arrayidx204.i.i_1.exit1498" [./line_buffer.h:44->./line_buffer.h:34->predecoder_kernel.cpp:40]   --->   Operation 342 'br' 'br_ln44' <Predicate = (select_ln39_1 == 1 & select_ln41_1 == 2 & select_ln41 == 9)> <Delay = 0.00>
ST_3 : Operation 343 [1/1] (0.66ns)   --->   "%store_ln44 = store i8 0, i3 %fb_319_addr" [./line_buffer.h:44->./line_buffer.h:34->predecoder_kernel.cpp:40]   --->   Operation 343 'store' 'store_ln44' <Predicate = (select_ln39_1 == 1 & select_ln41_1 == 2 & select_ln41 == 8)> <Delay = 0.66> <CoreInst = "RAM">   --->   Core 83 'RAM' <Latency = 1> <II = 1> <Delay = 0.66> <Storage> <Opcode : 'load' 'store'> <Ports = 2> <Width = 8> <Depth = 6> <RAM>
ST_3 : Operation 344 [1/1] (0.00ns)   --->   "%br_ln44 = br void %arrayidx204.i.i_1.exit1498" [./line_buffer.h:44->./line_buffer.h:34->predecoder_kernel.cpp:40]   --->   Operation 344 'br' 'br_ln44' <Predicate = (select_ln39_1 == 1 & select_ln41_1 == 2 & select_ln41 == 8)> <Delay = 0.00>
ST_3 : Operation 345 [1/1] (0.66ns)   --->   "%store_ln44 = store i8 0, i3 %fb_318_addr" [./line_buffer.h:44->./line_buffer.h:34->predecoder_kernel.cpp:40]   --->   Operation 345 'store' 'store_ln44' <Predicate = (select_ln39_1 == 1 & select_ln41_1 == 2 & select_ln41 == 7)> <Delay = 0.66> <CoreInst = "RAM">   --->   Core 83 'RAM' <Latency = 1> <II = 1> <Delay = 0.66> <Storage> <Opcode : 'load' 'store'> <Ports = 2> <Width = 8> <Depth = 6> <RAM>
ST_3 : Operation 346 [1/1] (0.00ns)   --->   "%br_ln44 = br void %arrayidx204.i.i_1.exit1498" [./line_buffer.h:44->./line_buffer.h:34->predecoder_kernel.cpp:40]   --->   Operation 346 'br' 'br_ln44' <Predicate = (select_ln39_1 == 1 & select_ln41_1 == 2 & select_ln41 == 7)> <Delay = 0.00>
ST_3 : Operation 347 [1/1] (0.66ns)   --->   "%store_ln44 = store i8 0, i3 %fb_317_addr" [./line_buffer.h:44->./line_buffer.h:34->predecoder_kernel.cpp:40]   --->   Operation 347 'store' 'store_ln44' <Predicate = (select_ln39_1 == 1 & select_ln41_1 == 2 & select_ln41 == 6)> <Delay = 0.66> <CoreInst = "RAM">   --->   Core 83 'RAM' <Latency = 1> <II = 1> <Delay = 0.66> <Storage> <Opcode : 'load' 'store'> <Ports = 2> <Width = 8> <Depth = 6> <RAM>
ST_3 : Operation 348 [1/1] (0.00ns)   --->   "%br_ln44 = br void %arrayidx204.i.i_1.exit1498" [./line_buffer.h:44->./line_buffer.h:34->predecoder_kernel.cpp:40]   --->   Operation 348 'br' 'br_ln44' <Predicate = (select_ln39_1 == 1 & select_ln41_1 == 2 & select_ln41 == 6)> <Delay = 0.00>
ST_3 : Operation 349 [1/1] (0.66ns)   --->   "%store_ln44 = store i8 0, i3 %fb_316_addr" [./line_buffer.h:44->./line_buffer.h:34->predecoder_kernel.cpp:40]   --->   Operation 349 'store' 'store_ln44' <Predicate = (select_ln39_1 == 1 & select_ln41_1 == 2 & select_ln41 == 5)> <Delay = 0.66> <CoreInst = "RAM">   --->   Core 83 'RAM' <Latency = 1> <II = 1> <Delay = 0.66> <Storage> <Opcode : 'load' 'store'> <Ports = 2> <Width = 8> <Depth = 6> <RAM>
ST_3 : Operation 350 [1/1] (0.00ns)   --->   "%br_ln44 = br void %arrayidx204.i.i_1.exit1498" [./line_buffer.h:44->./line_buffer.h:34->predecoder_kernel.cpp:40]   --->   Operation 350 'br' 'br_ln44' <Predicate = (select_ln39_1 == 1 & select_ln41_1 == 2 & select_ln41 == 5)> <Delay = 0.00>
ST_3 : Operation 351 [1/1] (0.66ns)   --->   "%store_ln44 = store i8 0, i3 %fb_315_addr" [./line_buffer.h:44->./line_buffer.h:34->predecoder_kernel.cpp:40]   --->   Operation 351 'store' 'store_ln44' <Predicate = (select_ln39_1 == 1 & select_ln41_1 == 2 & select_ln41 == 4)> <Delay = 0.66> <CoreInst = "RAM">   --->   Core 83 'RAM' <Latency = 1> <II = 1> <Delay = 0.66> <Storage> <Opcode : 'load' 'store'> <Ports = 2> <Width = 8> <Depth = 6> <RAM>
ST_3 : Operation 352 [1/1] (0.00ns)   --->   "%br_ln44 = br void %arrayidx204.i.i_1.exit1498" [./line_buffer.h:44->./line_buffer.h:34->predecoder_kernel.cpp:40]   --->   Operation 352 'br' 'br_ln44' <Predicate = (select_ln39_1 == 1 & select_ln41_1 == 2 & select_ln41 == 4)> <Delay = 0.00>
ST_3 : Operation 353 [1/1] (0.66ns)   --->   "%store_ln44 = store i8 0, i3 %fb_314_addr" [./line_buffer.h:44->./line_buffer.h:34->predecoder_kernel.cpp:40]   --->   Operation 353 'store' 'store_ln44' <Predicate = (select_ln39_1 == 1 & select_ln41_1 == 2 & select_ln41 == 3)> <Delay = 0.66> <CoreInst = "RAM">   --->   Core 83 'RAM' <Latency = 1> <II = 1> <Delay = 0.66> <Storage> <Opcode : 'load' 'store'> <Ports = 2> <Width = 8> <Depth = 6> <RAM>
ST_3 : Operation 354 [1/1] (0.00ns)   --->   "%br_ln44 = br void %arrayidx204.i.i_1.exit1498" [./line_buffer.h:44->./line_buffer.h:34->predecoder_kernel.cpp:40]   --->   Operation 354 'br' 'br_ln44' <Predicate = (select_ln39_1 == 1 & select_ln41_1 == 2 & select_ln41 == 3)> <Delay = 0.00>
ST_3 : Operation 355 [1/1] (0.66ns)   --->   "%store_ln44 = store i8 0, i3 %fb_313_addr" [./line_buffer.h:44->./line_buffer.h:34->predecoder_kernel.cpp:40]   --->   Operation 355 'store' 'store_ln44' <Predicate = (select_ln39_1 == 1 & select_ln41_1 == 2 & select_ln41 == 2)> <Delay = 0.66> <CoreInst = "RAM">   --->   Core 83 'RAM' <Latency = 1> <II = 1> <Delay = 0.66> <Storage> <Opcode : 'load' 'store'> <Ports = 2> <Width = 8> <Depth = 6> <RAM>
ST_3 : Operation 356 [1/1] (0.00ns)   --->   "%br_ln44 = br void %arrayidx204.i.i_1.exit1498" [./line_buffer.h:44->./line_buffer.h:34->predecoder_kernel.cpp:40]   --->   Operation 356 'br' 'br_ln44' <Predicate = (select_ln39_1 == 1 & select_ln41_1 == 2 & select_ln41 == 2)> <Delay = 0.00>
ST_3 : Operation 357 [1/1] (0.66ns)   --->   "%store_ln44 = store i8 0, i3 %fb_312_addr" [./line_buffer.h:44->./line_buffer.h:34->predecoder_kernel.cpp:40]   --->   Operation 357 'store' 'store_ln44' <Predicate = (select_ln39_1 == 1 & select_ln41_1 == 2 & select_ln41 == 1)> <Delay = 0.66> <CoreInst = "RAM">   --->   Core 83 'RAM' <Latency = 1> <II = 1> <Delay = 0.66> <Storage> <Opcode : 'load' 'store'> <Ports = 2> <Width = 8> <Depth = 6> <RAM>
ST_3 : Operation 358 [1/1] (0.00ns)   --->   "%br_ln44 = br void %arrayidx204.i.i_1.exit1498" [./line_buffer.h:44->./line_buffer.h:34->predecoder_kernel.cpp:40]   --->   Operation 358 'br' 'br_ln44' <Predicate = (select_ln39_1 == 1 & select_ln41_1 == 2 & select_ln41 == 1)> <Delay = 0.00>
ST_3 : Operation 359 [1/1] (0.66ns)   --->   "%store_ln44 = store i8 0, i3 %fb_311_addr" [./line_buffer.h:44->./line_buffer.h:34->predecoder_kernel.cpp:40]   --->   Operation 359 'store' 'store_ln44' <Predicate = (select_ln39_1 == 1 & select_ln41_1 == 2 & select_ln41 == 0)> <Delay = 0.66> <CoreInst = "RAM">   --->   Core 83 'RAM' <Latency = 1> <II = 1> <Delay = 0.66> <Storage> <Opcode : 'load' 'store'> <Ports = 2> <Width = 8> <Depth = 6> <RAM>
ST_3 : Operation 360 [1/1] (0.00ns)   --->   "%br_ln44 = br void %arrayidx204.i.i_1.exit1498" [./line_buffer.h:44->./line_buffer.h:34->predecoder_kernel.cpp:40]   --->   Operation 360 'br' 'br_ln44' <Predicate = (select_ln39_1 == 1 & select_ln41_1 == 2 & select_ln41 == 0)> <Delay = 0.00>
ST_3 : Operation 361 [1/1] (0.66ns)   --->   "%store_ln44 = store i8 0, i3 %fb_322_addr" [./line_buffer.h:44->./line_buffer.h:34->predecoder_kernel.cpp:40]   --->   Operation 361 'store' 'store_ln44' <Predicate = (select_ln39_1 == 1 & select_ln41_1 == 2 & select_ln41 != 0 & select_ln41 != 1 & select_ln41 != 2 & select_ln41 != 3 & select_ln41 != 4 & select_ln41 != 5 & select_ln41 != 6 & select_ln41 != 7 & select_ln41 != 8 & select_ln41 != 9 & select_ln41 != 10)> <Delay = 0.66> <CoreInst = "RAM">   --->   Core 83 'RAM' <Latency = 1> <II = 1> <Delay = 0.66> <Storage> <Opcode : 'load' 'store'> <Ports = 2> <Width = 8> <Depth = 6> <RAM>
ST_3 : Operation 362 [1/1] (0.00ns)   --->   "%br_ln44 = br void %arrayidx204.i.i_1.exit1498" [./line_buffer.h:44->./line_buffer.h:34->predecoder_kernel.cpp:40]   --->   Operation 362 'br' 'br_ln44' <Predicate = (select_ln39_1 == 1 & select_ln41_1 == 2 & select_ln41 != 0 & select_ln41 != 1 & select_ln41 != 2 & select_ln41 != 3 & select_ln41 != 4 & select_ln41 != 5 & select_ln41 != 6 & select_ln41 != 7 & select_ln41 != 8 & select_ln41 != 9 & select_ln41 != 10)> <Delay = 0.00>
ST_3 : Operation 363 [1/1] (0.00ns)   --->   "%br_ln44 = br void %arrayidx204.i.i_1.exit" [./line_buffer.h:44->./line_buffer.h:34->predecoder_kernel.cpp:40]   --->   Operation 363 'br' 'br_ln44' <Predicate = (select_ln39_1 == 1 & select_ln41_1 == 2)> <Delay = 0.00>
ST_3 : Operation 364 [1/1] (0.67ns)   --->   "%switch_ln44 = switch i4 %select_ln41, void %arrayidx204.i.i_1.case.111496, i4 0, void %arrayidx204.i.i_1.case.01485, i4 1, void %arrayidx204.i.i_1.case.11486, i4 2, void %arrayidx204.i.i_1.case.21487, i4 3, void %arrayidx204.i.i_1.case.31488, i4 4, void %arrayidx204.i.i_1.case.41489, i4 5, void %arrayidx204.i.i_1.case.51490, i4 6, void %arrayidx204.i.i_1.case.61491, i4 7, void %arrayidx204.i.i_1.case.71492, i4 8, void %arrayidx204.i.i_1.case.81493, i4 9, void %arrayidx204.i.i_1.case.91494, i4 10, void %arrayidx204.i.i_1.case.101495" [./line_buffer.h:44->./line_buffer.h:34->predecoder_kernel.cpp:40]   --->   Operation 364 'switch' 'switch_ln44' <Predicate = (select_ln39_1 == 1 & select_ln41_1 == 1)> <Delay = 0.67>
ST_3 : Operation 365 [1/1] (0.66ns)   --->   "%store_ln44 = store i8 0, i3 %fb_309_addr" [./line_buffer.h:44->./line_buffer.h:34->predecoder_kernel.cpp:40]   --->   Operation 365 'store' 'store_ln44' <Predicate = (select_ln39_1 == 1 & select_ln41_1 == 1 & select_ln41 == 10)> <Delay = 0.66> <CoreInst = "RAM">   --->   Core 83 'RAM' <Latency = 1> <II = 1> <Delay = 0.66> <Storage> <Opcode : 'load' 'store'> <Ports = 2> <Width = 8> <Depth = 6> <RAM>
ST_3 : Operation 366 [1/1] (0.00ns)   --->   "%br_ln44 = br void %arrayidx204.i.i_1.exit1484" [./line_buffer.h:44->./line_buffer.h:34->predecoder_kernel.cpp:40]   --->   Operation 366 'br' 'br_ln44' <Predicate = (select_ln39_1 == 1 & select_ln41_1 == 1 & select_ln41 == 10)> <Delay = 0.00>
ST_3 : Operation 367 [1/1] (0.66ns)   --->   "%store_ln44 = store i8 0, i3 %fb_308_addr" [./line_buffer.h:44->./line_buffer.h:34->predecoder_kernel.cpp:40]   --->   Operation 367 'store' 'store_ln44' <Predicate = (select_ln39_1 == 1 & select_ln41_1 == 1 & select_ln41 == 9)> <Delay = 0.66> <CoreInst = "RAM">   --->   Core 83 'RAM' <Latency = 1> <II = 1> <Delay = 0.66> <Storage> <Opcode : 'load' 'store'> <Ports = 2> <Width = 8> <Depth = 6> <RAM>
ST_3 : Operation 368 [1/1] (0.00ns)   --->   "%br_ln44 = br void %arrayidx204.i.i_1.exit1484" [./line_buffer.h:44->./line_buffer.h:34->predecoder_kernel.cpp:40]   --->   Operation 368 'br' 'br_ln44' <Predicate = (select_ln39_1 == 1 & select_ln41_1 == 1 & select_ln41 == 9)> <Delay = 0.00>
ST_3 : Operation 369 [1/1] (0.66ns)   --->   "%store_ln44 = store i8 0, i3 %fb_307_addr" [./line_buffer.h:44->./line_buffer.h:34->predecoder_kernel.cpp:40]   --->   Operation 369 'store' 'store_ln44' <Predicate = (select_ln39_1 == 1 & select_ln41_1 == 1 & select_ln41 == 8)> <Delay = 0.66> <CoreInst = "RAM">   --->   Core 83 'RAM' <Latency = 1> <II = 1> <Delay = 0.66> <Storage> <Opcode : 'load' 'store'> <Ports = 2> <Width = 8> <Depth = 6> <RAM>
ST_3 : Operation 370 [1/1] (0.00ns)   --->   "%br_ln44 = br void %arrayidx204.i.i_1.exit1484" [./line_buffer.h:44->./line_buffer.h:34->predecoder_kernel.cpp:40]   --->   Operation 370 'br' 'br_ln44' <Predicate = (select_ln39_1 == 1 & select_ln41_1 == 1 & select_ln41 == 8)> <Delay = 0.00>
ST_3 : Operation 371 [1/1] (0.66ns)   --->   "%store_ln44 = store i8 0, i3 %fb_306_addr" [./line_buffer.h:44->./line_buffer.h:34->predecoder_kernel.cpp:40]   --->   Operation 371 'store' 'store_ln44' <Predicate = (select_ln39_1 == 1 & select_ln41_1 == 1 & select_ln41 == 7)> <Delay = 0.66> <CoreInst = "RAM">   --->   Core 83 'RAM' <Latency = 1> <II = 1> <Delay = 0.66> <Storage> <Opcode : 'load' 'store'> <Ports = 2> <Width = 8> <Depth = 6> <RAM>
ST_3 : Operation 372 [1/1] (0.00ns)   --->   "%br_ln44 = br void %arrayidx204.i.i_1.exit1484" [./line_buffer.h:44->./line_buffer.h:34->predecoder_kernel.cpp:40]   --->   Operation 372 'br' 'br_ln44' <Predicate = (select_ln39_1 == 1 & select_ln41_1 == 1 & select_ln41 == 7)> <Delay = 0.00>
ST_3 : Operation 373 [1/1] (0.66ns)   --->   "%store_ln44 = store i8 0, i3 %fb_305_addr" [./line_buffer.h:44->./line_buffer.h:34->predecoder_kernel.cpp:40]   --->   Operation 373 'store' 'store_ln44' <Predicate = (select_ln39_1 == 1 & select_ln41_1 == 1 & select_ln41 == 6)> <Delay = 0.66> <CoreInst = "RAM">   --->   Core 83 'RAM' <Latency = 1> <II = 1> <Delay = 0.66> <Storage> <Opcode : 'load' 'store'> <Ports = 2> <Width = 8> <Depth = 6> <RAM>
ST_3 : Operation 374 [1/1] (0.00ns)   --->   "%br_ln44 = br void %arrayidx204.i.i_1.exit1484" [./line_buffer.h:44->./line_buffer.h:34->predecoder_kernel.cpp:40]   --->   Operation 374 'br' 'br_ln44' <Predicate = (select_ln39_1 == 1 & select_ln41_1 == 1 & select_ln41 == 6)> <Delay = 0.00>
ST_3 : Operation 375 [1/1] (0.66ns)   --->   "%store_ln44 = store i8 0, i3 %fb_304_addr" [./line_buffer.h:44->./line_buffer.h:34->predecoder_kernel.cpp:40]   --->   Operation 375 'store' 'store_ln44' <Predicate = (select_ln39_1 == 1 & select_ln41_1 == 1 & select_ln41 == 5)> <Delay = 0.66> <CoreInst = "RAM">   --->   Core 83 'RAM' <Latency = 1> <II = 1> <Delay = 0.66> <Storage> <Opcode : 'load' 'store'> <Ports = 2> <Width = 8> <Depth = 6> <RAM>
ST_3 : Operation 376 [1/1] (0.00ns)   --->   "%br_ln44 = br void %arrayidx204.i.i_1.exit1484" [./line_buffer.h:44->./line_buffer.h:34->predecoder_kernel.cpp:40]   --->   Operation 376 'br' 'br_ln44' <Predicate = (select_ln39_1 == 1 & select_ln41_1 == 1 & select_ln41 == 5)> <Delay = 0.00>
ST_3 : Operation 377 [1/1] (0.66ns)   --->   "%store_ln44 = store i8 0, i3 %fb_303_addr" [./line_buffer.h:44->./line_buffer.h:34->predecoder_kernel.cpp:40]   --->   Operation 377 'store' 'store_ln44' <Predicate = (select_ln39_1 == 1 & select_ln41_1 == 1 & select_ln41 == 4)> <Delay = 0.66> <CoreInst = "RAM">   --->   Core 83 'RAM' <Latency = 1> <II = 1> <Delay = 0.66> <Storage> <Opcode : 'load' 'store'> <Ports = 2> <Width = 8> <Depth = 6> <RAM>
ST_3 : Operation 378 [1/1] (0.00ns)   --->   "%br_ln44 = br void %arrayidx204.i.i_1.exit1484" [./line_buffer.h:44->./line_buffer.h:34->predecoder_kernel.cpp:40]   --->   Operation 378 'br' 'br_ln44' <Predicate = (select_ln39_1 == 1 & select_ln41_1 == 1 & select_ln41 == 4)> <Delay = 0.00>
ST_3 : Operation 379 [1/1] (0.66ns)   --->   "%store_ln44 = store i8 0, i3 %fb_302_addr" [./line_buffer.h:44->./line_buffer.h:34->predecoder_kernel.cpp:40]   --->   Operation 379 'store' 'store_ln44' <Predicate = (select_ln39_1 == 1 & select_ln41_1 == 1 & select_ln41 == 3)> <Delay = 0.66> <CoreInst = "RAM">   --->   Core 83 'RAM' <Latency = 1> <II = 1> <Delay = 0.66> <Storage> <Opcode : 'load' 'store'> <Ports = 2> <Width = 8> <Depth = 6> <RAM>
ST_3 : Operation 380 [1/1] (0.00ns)   --->   "%br_ln44 = br void %arrayidx204.i.i_1.exit1484" [./line_buffer.h:44->./line_buffer.h:34->predecoder_kernel.cpp:40]   --->   Operation 380 'br' 'br_ln44' <Predicate = (select_ln39_1 == 1 & select_ln41_1 == 1 & select_ln41 == 3)> <Delay = 0.00>
ST_3 : Operation 381 [1/1] (0.66ns)   --->   "%store_ln44 = store i8 0, i3 %fb_301_addr" [./line_buffer.h:44->./line_buffer.h:34->predecoder_kernel.cpp:40]   --->   Operation 381 'store' 'store_ln44' <Predicate = (select_ln39_1 == 1 & select_ln41_1 == 1 & select_ln41 == 2)> <Delay = 0.66> <CoreInst = "RAM">   --->   Core 83 'RAM' <Latency = 1> <II = 1> <Delay = 0.66> <Storage> <Opcode : 'load' 'store'> <Ports = 2> <Width = 8> <Depth = 6> <RAM>
ST_3 : Operation 382 [1/1] (0.00ns)   --->   "%br_ln44 = br void %arrayidx204.i.i_1.exit1484" [./line_buffer.h:44->./line_buffer.h:34->predecoder_kernel.cpp:40]   --->   Operation 382 'br' 'br_ln44' <Predicate = (select_ln39_1 == 1 & select_ln41_1 == 1 & select_ln41 == 2)> <Delay = 0.00>
ST_3 : Operation 383 [1/1] (0.66ns)   --->   "%store_ln44 = store i8 0, i3 %fb_300_addr" [./line_buffer.h:44->./line_buffer.h:34->predecoder_kernel.cpp:40]   --->   Operation 383 'store' 'store_ln44' <Predicate = (select_ln39_1 == 1 & select_ln41_1 == 1 & select_ln41 == 1)> <Delay = 0.66> <CoreInst = "RAM">   --->   Core 83 'RAM' <Latency = 1> <II = 1> <Delay = 0.66> <Storage> <Opcode : 'load' 'store'> <Ports = 2> <Width = 8> <Depth = 6> <RAM>
ST_3 : Operation 384 [1/1] (0.00ns)   --->   "%br_ln44 = br void %arrayidx204.i.i_1.exit1484" [./line_buffer.h:44->./line_buffer.h:34->predecoder_kernel.cpp:40]   --->   Operation 384 'br' 'br_ln44' <Predicate = (select_ln39_1 == 1 & select_ln41_1 == 1 & select_ln41 == 1)> <Delay = 0.00>
ST_3 : Operation 385 [1/1] (0.66ns)   --->   "%store_ln44 = store i8 0, i3 %fb_299_addr" [./line_buffer.h:44->./line_buffer.h:34->predecoder_kernel.cpp:40]   --->   Operation 385 'store' 'store_ln44' <Predicate = (select_ln39_1 == 1 & select_ln41_1 == 1 & select_ln41 == 0)> <Delay = 0.66> <CoreInst = "RAM">   --->   Core 83 'RAM' <Latency = 1> <II = 1> <Delay = 0.66> <Storage> <Opcode : 'load' 'store'> <Ports = 2> <Width = 8> <Depth = 6> <RAM>
ST_3 : Operation 386 [1/1] (0.00ns)   --->   "%br_ln44 = br void %arrayidx204.i.i_1.exit1484" [./line_buffer.h:44->./line_buffer.h:34->predecoder_kernel.cpp:40]   --->   Operation 386 'br' 'br_ln44' <Predicate = (select_ln39_1 == 1 & select_ln41_1 == 1 & select_ln41 == 0)> <Delay = 0.00>
ST_3 : Operation 387 [1/1] (0.66ns)   --->   "%store_ln44 = store i8 0, i3 %fb_310_addr" [./line_buffer.h:44->./line_buffer.h:34->predecoder_kernel.cpp:40]   --->   Operation 387 'store' 'store_ln44' <Predicate = (select_ln39_1 == 1 & select_ln41_1 == 1 & select_ln41 != 0 & select_ln41 != 1 & select_ln41 != 2 & select_ln41 != 3 & select_ln41 != 4 & select_ln41 != 5 & select_ln41 != 6 & select_ln41 != 7 & select_ln41 != 8 & select_ln41 != 9 & select_ln41 != 10)> <Delay = 0.66> <CoreInst = "RAM">   --->   Core 83 'RAM' <Latency = 1> <II = 1> <Delay = 0.66> <Storage> <Opcode : 'load' 'store'> <Ports = 2> <Width = 8> <Depth = 6> <RAM>
ST_3 : Operation 388 [1/1] (0.00ns)   --->   "%br_ln44 = br void %arrayidx204.i.i_1.exit1484" [./line_buffer.h:44->./line_buffer.h:34->predecoder_kernel.cpp:40]   --->   Operation 388 'br' 'br_ln44' <Predicate = (select_ln39_1 == 1 & select_ln41_1 == 1 & select_ln41 != 0 & select_ln41 != 1 & select_ln41 != 2 & select_ln41 != 3 & select_ln41 != 4 & select_ln41 != 5 & select_ln41 != 6 & select_ln41 != 7 & select_ln41 != 8 & select_ln41 != 9 & select_ln41 != 10)> <Delay = 0.00>
ST_3 : Operation 389 [1/1] (0.00ns)   --->   "%br_ln44 = br void %arrayidx204.i.i_1.exit" [./line_buffer.h:44->./line_buffer.h:34->predecoder_kernel.cpp:40]   --->   Operation 389 'br' 'br_ln44' <Predicate = (select_ln39_1 == 1 & select_ln41_1 == 1)> <Delay = 0.00>
ST_3 : Operation 390 [1/1] (0.67ns)   --->   "%switch_ln44 = switch i4 %select_ln41, void %arrayidx204.i.i_1.case.11, i4 0, void %arrayidx204.i.i_1.case.01477, i4 1, void %arrayidx204.i.i_1.case.11478, i4 2, void %arrayidx204.i.i_1.case.21479, i4 3, void %arrayidx204.i.i_1.case.31480, i4 4, void %arrayidx204.i.i_1.case.41481, i4 5, void %arrayidx204.i.i_1.case.51482, i4 6, void %arrayidx204.i.i_1.case.6, i4 7, void %arrayidx204.i.i_1.case.7, i4 8, void %arrayidx204.i.i_1.case.8, i4 9, void %arrayidx204.i.i_1.case.9, i4 10, void %arrayidx204.i.i_1.case.10" [./line_buffer.h:44->./line_buffer.h:34->predecoder_kernel.cpp:40]   --->   Operation 390 'switch' 'switch_ln44' <Predicate = (select_ln39_1 == 1 & select_ln41_1 == 0)> <Delay = 0.67>
ST_3 : Operation 391 [1/1] (0.66ns)   --->   "%store_ln44 = store i8 0, i3 %fb_297_addr" [./line_buffer.h:44->./line_buffer.h:34->predecoder_kernel.cpp:40]   --->   Operation 391 'store' 'store_ln44' <Predicate = (select_ln39_1 == 1 & select_ln41_1 == 0 & select_ln41 == 10)> <Delay = 0.66> <CoreInst = "RAM">   --->   Core 83 'RAM' <Latency = 1> <II = 1> <Delay = 0.66> <Storage> <Opcode : 'load' 'store'> <Ports = 2> <Width = 8> <Depth = 6> <RAM>
ST_3 : Operation 392 [1/1] (0.00ns)   --->   "%br_ln44 = br void %arrayidx204.i.i_1.exit1476" [./line_buffer.h:44->./line_buffer.h:34->predecoder_kernel.cpp:40]   --->   Operation 392 'br' 'br_ln44' <Predicate = (select_ln39_1 == 1 & select_ln41_1 == 0 & select_ln41 == 10)> <Delay = 0.00>
ST_3 : Operation 393 [1/1] (0.66ns)   --->   "%store_ln44 = store i8 0, i3 %fb_296_addr" [./line_buffer.h:44->./line_buffer.h:34->predecoder_kernel.cpp:40]   --->   Operation 393 'store' 'store_ln44' <Predicate = (select_ln39_1 == 1 & select_ln41_1 == 0 & select_ln41 == 9)> <Delay = 0.66> <CoreInst = "RAM">   --->   Core 83 'RAM' <Latency = 1> <II = 1> <Delay = 0.66> <Storage> <Opcode : 'load' 'store'> <Ports = 2> <Width = 8> <Depth = 6> <RAM>
ST_3 : Operation 394 [1/1] (0.00ns)   --->   "%br_ln44 = br void %arrayidx204.i.i_1.exit1476" [./line_buffer.h:44->./line_buffer.h:34->predecoder_kernel.cpp:40]   --->   Operation 394 'br' 'br_ln44' <Predicate = (select_ln39_1 == 1 & select_ln41_1 == 0 & select_ln41 == 9)> <Delay = 0.00>
ST_3 : Operation 395 [1/1] (0.66ns)   --->   "%store_ln44 = store i8 0, i3 %fb_295_addr" [./line_buffer.h:44->./line_buffer.h:34->predecoder_kernel.cpp:40]   --->   Operation 395 'store' 'store_ln44' <Predicate = (select_ln39_1 == 1 & select_ln41_1 == 0 & select_ln41 == 8)> <Delay = 0.66> <CoreInst = "RAM">   --->   Core 83 'RAM' <Latency = 1> <II = 1> <Delay = 0.66> <Storage> <Opcode : 'load' 'store'> <Ports = 2> <Width = 8> <Depth = 6> <RAM>
ST_3 : Operation 396 [1/1] (0.00ns)   --->   "%br_ln44 = br void %arrayidx204.i.i_1.exit1476" [./line_buffer.h:44->./line_buffer.h:34->predecoder_kernel.cpp:40]   --->   Operation 396 'br' 'br_ln44' <Predicate = (select_ln39_1 == 1 & select_ln41_1 == 0 & select_ln41 == 8)> <Delay = 0.00>
ST_3 : Operation 397 [1/1] (0.66ns)   --->   "%store_ln44 = store i8 0, i3 %fb_294_addr" [./line_buffer.h:44->./line_buffer.h:34->predecoder_kernel.cpp:40]   --->   Operation 397 'store' 'store_ln44' <Predicate = (select_ln39_1 == 1 & select_ln41_1 == 0 & select_ln41 == 7)> <Delay = 0.66> <CoreInst = "RAM">   --->   Core 83 'RAM' <Latency = 1> <II = 1> <Delay = 0.66> <Storage> <Opcode : 'load' 'store'> <Ports = 2> <Width = 8> <Depth = 6> <RAM>
ST_3 : Operation 398 [1/1] (0.00ns)   --->   "%br_ln44 = br void %arrayidx204.i.i_1.exit1476" [./line_buffer.h:44->./line_buffer.h:34->predecoder_kernel.cpp:40]   --->   Operation 398 'br' 'br_ln44' <Predicate = (select_ln39_1 == 1 & select_ln41_1 == 0 & select_ln41 == 7)> <Delay = 0.00>
ST_3 : Operation 399 [1/1] (0.66ns)   --->   "%store_ln44 = store i8 0, i3 %fb_293_addr" [./line_buffer.h:44->./line_buffer.h:34->predecoder_kernel.cpp:40]   --->   Operation 399 'store' 'store_ln44' <Predicate = (select_ln39_1 == 1 & select_ln41_1 == 0 & select_ln41 == 6)> <Delay = 0.66> <CoreInst = "RAM">   --->   Core 83 'RAM' <Latency = 1> <II = 1> <Delay = 0.66> <Storage> <Opcode : 'load' 'store'> <Ports = 2> <Width = 8> <Depth = 6> <RAM>
ST_3 : Operation 400 [1/1] (0.00ns)   --->   "%br_ln44 = br void %arrayidx204.i.i_1.exit1476" [./line_buffer.h:44->./line_buffer.h:34->predecoder_kernel.cpp:40]   --->   Operation 400 'br' 'br_ln44' <Predicate = (select_ln39_1 == 1 & select_ln41_1 == 0 & select_ln41 == 6)> <Delay = 0.00>
ST_3 : Operation 401 [1/1] (0.66ns)   --->   "%store_ln44 = store i8 0, i3 %fb_292_addr" [./line_buffer.h:44->./line_buffer.h:34->predecoder_kernel.cpp:40]   --->   Operation 401 'store' 'store_ln44' <Predicate = (select_ln39_1 == 1 & select_ln41_1 == 0 & select_ln41 == 5)> <Delay = 0.66> <CoreInst = "RAM">   --->   Core 83 'RAM' <Latency = 1> <II = 1> <Delay = 0.66> <Storage> <Opcode : 'load' 'store'> <Ports = 2> <Width = 8> <Depth = 6> <RAM>
ST_3 : Operation 402 [1/1] (0.00ns)   --->   "%br_ln44 = br void %arrayidx204.i.i_1.exit1476" [./line_buffer.h:44->./line_buffer.h:34->predecoder_kernel.cpp:40]   --->   Operation 402 'br' 'br_ln44' <Predicate = (select_ln39_1 == 1 & select_ln41_1 == 0 & select_ln41 == 5)> <Delay = 0.00>
ST_3 : Operation 403 [1/1] (0.66ns)   --->   "%store_ln44 = store i8 0, i3 %fb_291_addr" [./line_buffer.h:44->./line_buffer.h:34->predecoder_kernel.cpp:40]   --->   Operation 403 'store' 'store_ln44' <Predicate = (select_ln39_1 == 1 & select_ln41_1 == 0 & select_ln41 == 4)> <Delay = 0.66> <CoreInst = "RAM">   --->   Core 83 'RAM' <Latency = 1> <II = 1> <Delay = 0.66> <Storage> <Opcode : 'load' 'store'> <Ports = 2> <Width = 8> <Depth = 6> <RAM>
ST_3 : Operation 404 [1/1] (0.00ns)   --->   "%br_ln44 = br void %arrayidx204.i.i_1.exit1476" [./line_buffer.h:44->./line_buffer.h:34->predecoder_kernel.cpp:40]   --->   Operation 404 'br' 'br_ln44' <Predicate = (select_ln39_1 == 1 & select_ln41_1 == 0 & select_ln41 == 4)> <Delay = 0.00>
ST_3 : Operation 405 [1/1] (0.66ns)   --->   "%store_ln44 = store i8 0, i3 %fb_290_addr" [./line_buffer.h:44->./line_buffer.h:34->predecoder_kernel.cpp:40]   --->   Operation 405 'store' 'store_ln44' <Predicate = (select_ln39_1 == 1 & select_ln41_1 == 0 & select_ln41 == 3)> <Delay = 0.66> <CoreInst = "RAM">   --->   Core 83 'RAM' <Latency = 1> <II = 1> <Delay = 0.66> <Storage> <Opcode : 'load' 'store'> <Ports = 2> <Width = 8> <Depth = 6> <RAM>
ST_3 : Operation 406 [1/1] (0.00ns)   --->   "%br_ln44 = br void %arrayidx204.i.i_1.exit1476" [./line_buffer.h:44->./line_buffer.h:34->predecoder_kernel.cpp:40]   --->   Operation 406 'br' 'br_ln44' <Predicate = (select_ln39_1 == 1 & select_ln41_1 == 0 & select_ln41 == 3)> <Delay = 0.00>
ST_3 : Operation 407 [1/1] (0.66ns)   --->   "%store_ln44 = store i8 0, i3 %fb_289_addr" [./line_buffer.h:44->./line_buffer.h:34->predecoder_kernel.cpp:40]   --->   Operation 407 'store' 'store_ln44' <Predicate = (select_ln39_1 == 1 & select_ln41_1 == 0 & select_ln41 == 2)> <Delay = 0.66> <CoreInst = "RAM">   --->   Core 83 'RAM' <Latency = 1> <II = 1> <Delay = 0.66> <Storage> <Opcode : 'load' 'store'> <Ports = 2> <Width = 8> <Depth = 6> <RAM>
ST_3 : Operation 408 [1/1] (0.00ns)   --->   "%br_ln44 = br void %arrayidx204.i.i_1.exit1476" [./line_buffer.h:44->./line_buffer.h:34->predecoder_kernel.cpp:40]   --->   Operation 408 'br' 'br_ln44' <Predicate = (select_ln39_1 == 1 & select_ln41_1 == 0 & select_ln41 == 2)> <Delay = 0.00>
ST_3 : Operation 409 [1/1] (0.66ns)   --->   "%store_ln44 = store i8 0, i3 %fb_288_addr" [./line_buffer.h:44->./line_buffer.h:34->predecoder_kernel.cpp:40]   --->   Operation 409 'store' 'store_ln44' <Predicate = (select_ln39_1 == 1 & select_ln41_1 == 0 & select_ln41 == 1)> <Delay = 0.66> <CoreInst = "RAM">   --->   Core 83 'RAM' <Latency = 1> <II = 1> <Delay = 0.66> <Storage> <Opcode : 'load' 'store'> <Ports = 2> <Width = 8> <Depth = 6> <RAM>
ST_3 : Operation 410 [1/1] (0.00ns)   --->   "%br_ln44 = br void %arrayidx204.i.i_1.exit1476" [./line_buffer.h:44->./line_buffer.h:34->predecoder_kernel.cpp:40]   --->   Operation 410 'br' 'br_ln44' <Predicate = (select_ln39_1 == 1 & select_ln41_1 == 0 & select_ln41 == 1)> <Delay = 0.00>
ST_3 : Operation 411 [1/1] (0.66ns)   --->   "%store_ln44 = store i8 0, i3 %fb_287_addr" [./line_buffer.h:44->./line_buffer.h:34->predecoder_kernel.cpp:40]   --->   Operation 411 'store' 'store_ln44' <Predicate = (select_ln39_1 == 1 & select_ln41_1 == 0 & select_ln41 == 0)> <Delay = 0.66> <CoreInst = "RAM">   --->   Core 83 'RAM' <Latency = 1> <II = 1> <Delay = 0.66> <Storage> <Opcode : 'load' 'store'> <Ports = 2> <Width = 8> <Depth = 6> <RAM>
ST_3 : Operation 412 [1/1] (0.00ns)   --->   "%br_ln44 = br void %arrayidx204.i.i_1.exit1476" [./line_buffer.h:44->./line_buffer.h:34->predecoder_kernel.cpp:40]   --->   Operation 412 'br' 'br_ln44' <Predicate = (select_ln39_1 == 1 & select_ln41_1 == 0 & select_ln41 == 0)> <Delay = 0.00>
ST_3 : Operation 413 [1/1] (0.66ns)   --->   "%store_ln44 = store i8 0, i3 %fb_298_addr" [./line_buffer.h:44->./line_buffer.h:34->predecoder_kernel.cpp:40]   --->   Operation 413 'store' 'store_ln44' <Predicate = (select_ln39_1 == 1 & select_ln41_1 == 0 & select_ln41 != 0 & select_ln41 != 1 & select_ln41 != 2 & select_ln41 != 3 & select_ln41 != 4 & select_ln41 != 5 & select_ln41 != 6 & select_ln41 != 7 & select_ln41 != 8 & select_ln41 != 9 & select_ln41 != 10)> <Delay = 0.66> <CoreInst = "RAM">   --->   Core 83 'RAM' <Latency = 1> <II = 1> <Delay = 0.66> <Storage> <Opcode : 'load' 'store'> <Ports = 2> <Width = 8> <Depth = 6> <RAM>
ST_3 : Operation 414 [1/1] (0.00ns)   --->   "%br_ln44 = br void %arrayidx204.i.i_1.exit1476" [./line_buffer.h:44->./line_buffer.h:34->predecoder_kernel.cpp:40]   --->   Operation 414 'br' 'br_ln44' <Predicate = (select_ln39_1 == 1 & select_ln41_1 == 0 & select_ln41 != 0 & select_ln41 != 1 & select_ln41 != 2 & select_ln41 != 3 & select_ln41 != 4 & select_ln41 != 5 & select_ln41 != 6 & select_ln41 != 7 & select_ln41 != 8 & select_ln41 != 9 & select_ln41 != 10)> <Delay = 0.00>
ST_3 : Operation 415 [1/1] (0.00ns)   --->   "%br_ln44 = br void %arrayidx204.i.i_1.exit" [./line_buffer.h:44->./line_buffer.h:34->predecoder_kernel.cpp:40]   --->   Operation 415 'br' 'br_ln44' <Predicate = (select_ln39_1 == 1 & select_ln41_1 == 0)> <Delay = 0.00>
ST_3 : Operation 416 [1/1] (0.67ns)   --->   "%switch_ln44 = switch i4 %select_ln41, void %arrayidx204.i.i_1.case.111552, i4 0, void %arrayidx204.i.i_1.case.01541, i4 1, void %arrayidx204.i.i_1.case.11542, i4 2, void %arrayidx204.i.i_1.case.21543, i4 3, void %arrayidx204.i.i_1.case.31544, i4 4, void %arrayidx204.i.i_1.case.41545, i4 5, void %arrayidx204.i.i_1.case.51546, i4 6, void %arrayidx204.i.i_1.case.61547, i4 7, void %arrayidx204.i.i_1.case.71548, i4 8, void %arrayidx204.i.i_1.case.81549, i4 9, void %arrayidx204.i.i_1.case.91550, i4 10, void %arrayidx204.i.i_1.case.101551" [./line_buffer.h:44->./line_buffer.h:34->predecoder_kernel.cpp:40]   --->   Operation 416 'switch' 'switch_ln44' <Predicate = (select_ln39_1 == 1 & select_ln41_1 != 0 & select_ln41_1 != 1 & select_ln41_1 != 2 & select_ln41_1 != 3 & select_ln41_1 != 4)> <Delay = 0.67>
ST_3 : Operation 417 [1/1] (0.66ns)   --->   "%store_ln44 = store i8 0, i3 %fb_357_addr" [./line_buffer.h:44->./line_buffer.h:34->predecoder_kernel.cpp:40]   --->   Operation 417 'store' 'store_ln44' <Predicate = (select_ln39_1 == 1 & select_ln41_1 != 0 & select_ln41_1 != 1 & select_ln41_1 != 2 & select_ln41_1 != 3 & select_ln41_1 != 4 & select_ln41 == 10)> <Delay = 0.66> <CoreInst = "RAM">   --->   Core 83 'RAM' <Latency = 1> <II = 1> <Delay = 0.66> <Storage> <Opcode : 'load' 'store'> <Ports = 2> <Width = 8> <Depth = 6> <RAM>
ST_3 : Operation 418 [1/1] (0.00ns)   --->   "%br_ln44 = br void %arrayidx204.i.i_1.exit1540" [./line_buffer.h:44->./line_buffer.h:34->predecoder_kernel.cpp:40]   --->   Operation 418 'br' 'br_ln44' <Predicate = (select_ln39_1 == 1 & select_ln41_1 != 0 & select_ln41_1 != 1 & select_ln41_1 != 2 & select_ln41_1 != 3 & select_ln41_1 != 4 & select_ln41 == 10)> <Delay = 0.00>
ST_3 : Operation 419 [1/1] (0.66ns)   --->   "%store_ln44 = store i8 0, i3 %fb_356_addr" [./line_buffer.h:44->./line_buffer.h:34->predecoder_kernel.cpp:40]   --->   Operation 419 'store' 'store_ln44' <Predicate = (select_ln39_1 == 1 & select_ln41_1 != 0 & select_ln41_1 != 1 & select_ln41_1 != 2 & select_ln41_1 != 3 & select_ln41_1 != 4 & select_ln41 == 9)> <Delay = 0.66> <CoreInst = "RAM">   --->   Core 83 'RAM' <Latency = 1> <II = 1> <Delay = 0.66> <Storage> <Opcode : 'load' 'store'> <Ports = 2> <Width = 8> <Depth = 6> <RAM>
ST_3 : Operation 420 [1/1] (0.00ns)   --->   "%br_ln44 = br void %arrayidx204.i.i_1.exit1540" [./line_buffer.h:44->./line_buffer.h:34->predecoder_kernel.cpp:40]   --->   Operation 420 'br' 'br_ln44' <Predicate = (select_ln39_1 == 1 & select_ln41_1 != 0 & select_ln41_1 != 1 & select_ln41_1 != 2 & select_ln41_1 != 3 & select_ln41_1 != 4 & select_ln41 == 9)> <Delay = 0.00>
ST_3 : Operation 421 [1/1] (0.66ns)   --->   "%store_ln44 = store i8 0, i3 %fb_355_addr" [./line_buffer.h:44->./line_buffer.h:34->predecoder_kernel.cpp:40]   --->   Operation 421 'store' 'store_ln44' <Predicate = (select_ln39_1 == 1 & select_ln41_1 != 0 & select_ln41_1 != 1 & select_ln41_1 != 2 & select_ln41_1 != 3 & select_ln41_1 != 4 & select_ln41 == 8)> <Delay = 0.66> <CoreInst = "RAM">   --->   Core 83 'RAM' <Latency = 1> <II = 1> <Delay = 0.66> <Storage> <Opcode : 'load' 'store'> <Ports = 2> <Width = 8> <Depth = 6> <RAM>
ST_3 : Operation 422 [1/1] (0.00ns)   --->   "%br_ln44 = br void %arrayidx204.i.i_1.exit1540" [./line_buffer.h:44->./line_buffer.h:34->predecoder_kernel.cpp:40]   --->   Operation 422 'br' 'br_ln44' <Predicate = (select_ln39_1 == 1 & select_ln41_1 != 0 & select_ln41_1 != 1 & select_ln41_1 != 2 & select_ln41_1 != 3 & select_ln41_1 != 4 & select_ln41 == 8)> <Delay = 0.00>
ST_3 : Operation 423 [1/1] (0.66ns)   --->   "%store_ln44 = store i8 0, i3 %fb_354_addr" [./line_buffer.h:44->./line_buffer.h:34->predecoder_kernel.cpp:40]   --->   Operation 423 'store' 'store_ln44' <Predicate = (select_ln39_1 == 1 & select_ln41_1 != 0 & select_ln41_1 != 1 & select_ln41_1 != 2 & select_ln41_1 != 3 & select_ln41_1 != 4 & select_ln41 == 7)> <Delay = 0.66> <CoreInst = "RAM">   --->   Core 83 'RAM' <Latency = 1> <II = 1> <Delay = 0.66> <Storage> <Opcode : 'load' 'store'> <Ports = 2> <Width = 8> <Depth = 6> <RAM>
ST_3 : Operation 424 [1/1] (0.00ns)   --->   "%br_ln44 = br void %arrayidx204.i.i_1.exit1540" [./line_buffer.h:44->./line_buffer.h:34->predecoder_kernel.cpp:40]   --->   Operation 424 'br' 'br_ln44' <Predicate = (select_ln39_1 == 1 & select_ln41_1 != 0 & select_ln41_1 != 1 & select_ln41_1 != 2 & select_ln41_1 != 3 & select_ln41_1 != 4 & select_ln41 == 7)> <Delay = 0.00>
ST_3 : Operation 425 [1/1] (0.66ns)   --->   "%store_ln44 = store i8 0, i3 %fb_353_addr" [./line_buffer.h:44->./line_buffer.h:34->predecoder_kernel.cpp:40]   --->   Operation 425 'store' 'store_ln44' <Predicate = (select_ln39_1 == 1 & select_ln41_1 != 0 & select_ln41_1 != 1 & select_ln41_1 != 2 & select_ln41_1 != 3 & select_ln41_1 != 4 & select_ln41 == 6)> <Delay = 0.66> <CoreInst = "RAM">   --->   Core 83 'RAM' <Latency = 1> <II = 1> <Delay = 0.66> <Storage> <Opcode : 'load' 'store'> <Ports = 2> <Width = 8> <Depth = 6> <RAM>
ST_3 : Operation 426 [1/1] (0.00ns)   --->   "%br_ln44 = br void %arrayidx204.i.i_1.exit1540" [./line_buffer.h:44->./line_buffer.h:34->predecoder_kernel.cpp:40]   --->   Operation 426 'br' 'br_ln44' <Predicate = (select_ln39_1 == 1 & select_ln41_1 != 0 & select_ln41_1 != 1 & select_ln41_1 != 2 & select_ln41_1 != 3 & select_ln41_1 != 4 & select_ln41 == 6)> <Delay = 0.00>
ST_3 : Operation 427 [1/1] (0.66ns)   --->   "%store_ln44 = store i8 0, i3 %fb_352_addr" [./line_buffer.h:44->./line_buffer.h:34->predecoder_kernel.cpp:40]   --->   Operation 427 'store' 'store_ln44' <Predicate = (select_ln39_1 == 1 & select_ln41_1 != 0 & select_ln41_1 != 1 & select_ln41_1 != 2 & select_ln41_1 != 3 & select_ln41_1 != 4 & select_ln41 == 5)> <Delay = 0.66> <CoreInst = "RAM">   --->   Core 83 'RAM' <Latency = 1> <II = 1> <Delay = 0.66> <Storage> <Opcode : 'load' 'store'> <Ports = 2> <Width = 8> <Depth = 6> <RAM>
ST_3 : Operation 428 [1/1] (0.00ns)   --->   "%br_ln44 = br void %arrayidx204.i.i_1.exit1540" [./line_buffer.h:44->./line_buffer.h:34->predecoder_kernel.cpp:40]   --->   Operation 428 'br' 'br_ln44' <Predicate = (select_ln39_1 == 1 & select_ln41_1 != 0 & select_ln41_1 != 1 & select_ln41_1 != 2 & select_ln41_1 != 3 & select_ln41_1 != 4 & select_ln41 == 5)> <Delay = 0.00>
ST_3 : Operation 429 [1/1] (0.66ns)   --->   "%store_ln44 = store i8 0, i3 %fb_351_addr" [./line_buffer.h:44->./line_buffer.h:34->predecoder_kernel.cpp:40]   --->   Operation 429 'store' 'store_ln44' <Predicate = (select_ln39_1 == 1 & select_ln41_1 != 0 & select_ln41_1 != 1 & select_ln41_1 != 2 & select_ln41_1 != 3 & select_ln41_1 != 4 & select_ln41 == 4)> <Delay = 0.66> <CoreInst = "RAM">   --->   Core 83 'RAM' <Latency = 1> <II = 1> <Delay = 0.66> <Storage> <Opcode : 'load' 'store'> <Ports = 2> <Width = 8> <Depth = 6> <RAM>
ST_3 : Operation 430 [1/1] (0.00ns)   --->   "%br_ln44 = br void %arrayidx204.i.i_1.exit1540" [./line_buffer.h:44->./line_buffer.h:34->predecoder_kernel.cpp:40]   --->   Operation 430 'br' 'br_ln44' <Predicate = (select_ln39_1 == 1 & select_ln41_1 != 0 & select_ln41_1 != 1 & select_ln41_1 != 2 & select_ln41_1 != 3 & select_ln41_1 != 4 & select_ln41 == 4)> <Delay = 0.00>
ST_3 : Operation 431 [1/1] (0.66ns)   --->   "%store_ln44 = store i8 0, i3 %fb_350_addr" [./line_buffer.h:44->./line_buffer.h:34->predecoder_kernel.cpp:40]   --->   Operation 431 'store' 'store_ln44' <Predicate = (select_ln39_1 == 1 & select_ln41_1 != 0 & select_ln41_1 != 1 & select_ln41_1 != 2 & select_ln41_1 != 3 & select_ln41_1 != 4 & select_ln41 == 3)> <Delay = 0.66> <CoreInst = "RAM">   --->   Core 83 'RAM' <Latency = 1> <II = 1> <Delay = 0.66> <Storage> <Opcode : 'load' 'store'> <Ports = 2> <Width = 8> <Depth = 6> <RAM>
ST_3 : Operation 432 [1/1] (0.00ns)   --->   "%br_ln44 = br void %arrayidx204.i.i_1.exit1540" [./line_buffer.h:44->./line_buffer.h:34->predecoder_kernel.cpp:40]   --->   Operation 432 'br' 'br_ln44' <Predicate = (select_ln39_1 == 1 & select_ln41_1 != 0 & select_ln41_1 != 1 & select_ln41_1 != 2 & select_ln41_1 != 3 & select_ln41_1 != 4 & select_ln41 == 3)> <Delay = 0.00>
ST_3 : Operation 433 [1/1] (0.66ns)   --->   "%store_ln44 = store i8 0, i3 %fb_349_addr" [./line_buffer.h:44->./line_buffer.h:34->predecoder_kernel.cpp:40]   --->   Operation 433 'store' 'store_ln44' <Predicate = (select_ln39_1 == 1 & select_ln41_1 != 0 & select_ln41_1 != 1 & select_ln41_1 != 2 & select_ln41_1 != 3 & select_ln41_1 != 4 & select_ln41 == 2)> <Delay = 0.66> <CoreInst = "RAM">   --->   Core 83 'RAM' <Latency = 1> <II = 1> <Delay = 0.66> <Storage> <Opcode : 'load' 'store'> <Ports = 2> <Width = 8> <Depth = 6> <RAM>
ST_3 : Operation 434 [1/1] (0.00ns)   --->   "%br_ln44 = br void %arrayidx204.i.i_1.exit1540" [./line_buffer.h:44->./line_buffer.h:34->predecoder_kernel.cpp:40]   --->   Operation 434 'br' 'br_ln44' <Predicate = (select_ln39_1 == 1 & select_ln41_1 != 0 & select_ln41_1 != 1 & select_ln41_1 != 2 & select_ln41_1 != 3 & select_ln41_1 != 4 & select_ln41 == 2)> <Delay = 0.00>
ST_3 : Operation 435 [1/1] (0.66ns)   --->   "%store_ln44 = store i8 0, i3 %fb_348_addr" [./line_buffer.h:44->./line_buffer.h:34->predecoder_kernel.cpp:40]   --->   Operation 435 'store' 'store_ln44' <Predicate = (select_ln39_1 == 1 & select_ln41_1 != 0 & select_ln41_1 != 1 & select_ln41_1 != 2 & select_ln41_1 != 3 & select_ln41_1 != 4 & select_ln41 == 1)> <Delay = 0.66> <CoreInst = "RAM">   --->   Core 83 'RAM' <Latency = 1> <II = 1> <Delay = 0.66> <Storage> <Opcode : 'load' 'store'> <Ports = 2> <Width = 8> <Depth = 6> <RAM>
ST_3 : Operation 436 [1/1] (0.00ns)   --->   "%br_ln44 = br void %arrayidx204.i.i_1.exit1540" [./line_buffer.h:44->./line_buffer.h:34->predecoder_kernel.cpp:40]   --->   Operation 436 'br' 'br_ln44' <Predicate = (select_ln39_1 == 1 & select_ln41_1 != 0 & select_ln41_1 != 1 & select_ln41_1 != 2 & select_ln41_1 != 3 & select_ln41_1 != 4 & select_ln41 == 1)> <Delay = 0.00>
ST_3 : Operation 437 [1/1] (0.66ns)   --->   "%store_ln44 = store i8 0, i3 %fb_347_addr" [./line_buffer.h:44->./line_buffer.h:34->predecoder_kernel.cpp:40]   --->   Operation 437 'store' 'store_ln44' <Predicate = (select_ln39_1 == 1 & select_ln41_1 != 0 & select_ln41_1 != 1 & select_ln41_1 != 2 & select_ln41_1 != 3 & select_ln41_1 != 4 & select_ln41 == 0)> <Delay = 0.66> <CoreInst = "RAM">   --->   Core 83 'RAM' <Latency = 1> <II = 1> <Delay = 0.66> <Storage> <Opcode : 'load' 'store'> <Ports = 2> <Width = 8> <Depth = 6> <RAM>
ST_3 : Operation 438 [1/1] (0.00ns)   --->   "%br_ln44 = br void %arrayidx204.i.i_1.exit1540" [./line_buffer.h:44->./line_buffer.h:34->predecoder_kernel.cpp:40]   --->   Operation 438 'br' 'br_ln44' <Predicate = (select_ln39_1 == 1 & select_ln41_1 != 0 & select_ln41_1 != 1 & select_ln41_1 != 2 & select_ln41_1 != 3 & select_ln41_1 != 4 & select_ln41 == 0)> <Delay = 0.00>
ST_3 : Operation 439 [1/1] (0.66ns)   --->   "%store_ln44 = store i8 0, i3 %fb_358_addr" [./line_buffer.h:44->./line_buffer.h:34->predecoder_kernel.cpp:40]   --->   Operation 439 'store' 'store_ln44' <Predicate = (select_ln39_1 == 1 & select_ln41_1 != 0 & select_ln41_1 != 1 & select_ln41_1 != 2 & select_ln41_1 != 3 & select_ln41_1 != 4 & select_ln41 != 0 & select_ln41 != 1 & select_ln41 != 2 & select_ln41 != 3 & select_ln41 != 4 & select_ln41 != 5 & select_ln41 != 6 & select_ln41 != 7 & select_ln41 != 8 & select_ln41 != 9 & select_ln41 != 10)> <Delay = 0.66> <CoreInst = "RAM">   --->   Core 83 'RAM' <Latency = 1> <II = 1> <Delay = 0.66> <Storage> <Opcode : 'load' 'store'> <Ports = 2> <Width = 8> <Depth = 6> <RAM>
ST_3 : Operation 440 [1/1] (0.00ns)   --->   "%br_ln44 = br void %arrayidx204.i.i_1.exit1540" [./line_buffer.h:44->./line_buffer.h:34->predecoder_kernel.cpp:40]   --->   Operation 440 'br' 'br_ln44' <Predicate = (select_ln39_1 == 1 & select_ln41_1 != 0 & select_ln41_1 != 1 & select_ln41_1 != 2 & select_ln41_1 != 3 & select_ln41_1 != 4 & select_ln41 != 0 & select_ln41 != 1 & select_ln41 != 2 & select_ln41 != 3 & select_ln41 != 4 & select_ln41 != 5 & select_ln41 != 6 & select_ln41 != 7 & select_ln41 != 8 & select_ln41 != 9 & select_ln41 != 10)> <Delay = 0.00>
ST_3 : Operation 441 [1/1] (0.00ns)   --->   "%br_ln44 = br void %arrayidx204.i.i_1.exit" [./line_buffer.h:44->./line_buffer.h:34->predecoder_kernel.cpp:40]   --->   Operation 441 'br' 'br_ln44' <Predicate = (select_ln39_1 == 1 & select_ln41_1 != 0 & select_ln41_1 != 1 & select_ln41_1 != 2 & select_ln41_1 != 3 & select_ln41_1 != 4)> <Delay = 0.00>
ST_3 : Operation 442 [1/1] (0.67ns)   --->   "%switch_ln44 = switch i3 %select_ln41_1, void %arrayidx204.i.i_0.case.5, i3 0, void %arrayidx204.i.i_0.case.0, i3 1, void %arrayidx204.i.i_0.case.1, i3 2, void %arrayidx204.i.i_0.case.2, i3 3, void %arrayidx204.i.i_0.case.3, i3 4, void %arrayidx204.i.i_0.case.4" [./line_buffer.h:44->./line_buffer.h:34->predecoder_kernel.cpp:40]   --->   Operation 442 'switch' 'switch_ln44' <Predicate = (select_ln39_1 == 0)> <Delay = 0.67>
ST_3 : Operation 443 [1/1] (0.67ns)   --->   "%switch_ln44 = switch i4 %select_ln41, void %arrayidx204.i.i_0.case.111460, i4 0, void %arrayidx204.i.i_0.case.01449, i4 1, void %arrayidx204.i.i_0.case.11450, i4 2, void %arrayidx204.i.i_0.case.21451, i4 3, void %arrayidx204.i.i_0.case.31452, i4 4, void %arrayidx204.i.i_0.case.41453, i4 5, void %arrayidx204.i.i_0.case.51454, i4 6, void %arrayidx204.i.i_0.case.61455, i4 7, void %arrayidx204.i.i_0.case.71456, i4 8, void %arrayidx204.i.i_0.case.81457, i4 9, void %arrayidx204.i.i_0.case.91458, i4 10, void %arrayidx204.i.i_0.case.101459" [./line_buffer.h:44->./line_buffer.h:34->predecoder_kernel.cpp:40]   --->   Operation 443 'switch' 'switch_ln44' <Predicate = (select_ln39_1 == 0 & select_ln41_1 == 4)> <Delay = 0.67>
ST_3 : Operation 444 [1/1] (0.66ns)   --->   "%store_ln44 = store i8 0, i3 %fb_273_addr" [./line_buffer.h:44->./line_buffer.h:34->predecoder_kernel.cpp:40]   --->   Operation 444 'store' 'store_ln44' <Predicate = (select_ln39_1 == 0 & select_ln41_1 == 4 & select_ln41 == 10)> <Delay = 0.66> <CoreInst = "RAM">   --->   Core 83 'RAM' <Latency = 1> <II = 1> <Delay = 0.66> <Storage> <Opcode : 'load' 'store'> <Ports = 2> <Width = 8> <Depth = 6> <RAM>
ST_3 : Operation 445 [1/1] (0.00ns)   --->   "%br_ln44 = br void %arrayidx204.i.i_0.exit1448" [./line_buffer.h:44->./line_buffer.h:34->predecoder_kernel.cpp:40]   --->   Operation 445 'br' 'br_ln44' <Predicate = (select_ln39_1 == 0 & select_ln41_1 == 4 & select_ln41 == 10)> <Delay = 0.00>
ST_3 : Operation 446 [1/1] (0.66ns)   --->   "%store_ln44 = store i8 0, i3 %fb_272_addr" [./line_buffer.h:44->./line_buffer.h:34->predecoder_kernel.cpp:40]   --->   Operation 446 'store' 'store_ln44' <Predicate = (select_ln39_1 == 0 & select_ln41_1 == 4 & select_ln41 == 9)> <Delay = 0.66> <CoreInst = "RAM">   --->   Core 83 'RAM' <Latency = 1> <II = 1> <Delay = 0.66> <Storage> <Opcode : 'load' 'store'> <Ports = 2> <Width = 8> <Depth = 6> <RAM>
ST_3 : Operation 447 [1/1] (0.00ns)   --->   "%br_ln44 = br void %arrayidx204.i.i_0.exit1448" [./line_buffer.h:44->./line_buffer.h:34->predecoder_kernel.cpp:40]   --->   Operation 447 'br' 'br_ln44' <Predicate = (select_ln39_1 == 0 & select_ln41_1 == 4 & select_ln41 == 9)> <Delay = 0.00>
ST_3 : Operation 448 [1/1] (0.66ns)   --->   "%store_ln44 = store i8 0, i3 %fb_271_addr" [./line_buffer.h:44->./line_buffer.h:34->predecoder_kernel.cpp:40]   --->   Operation 448 'store' 'store_ln44' <Predicate = (select_ln39_1 == 0 & select_ln41_1 == 4 & select_ln41 == 8)> <Delay = 0.66> <CoreInst = "RAM">   --->   Core 83 'RAM' <Latency = 1> <II = 1> <Delay = 0.66> <Storage> <Opcode : 'load' 'store'> <Ports = 2> <Width = 8> <Depth = 6> <RAM>
ST_3 : Operation 449 [1/1] (0.00ns)   --->   "%br_ln44 = br void %arrayidx204.i.i_0.exit1448" [./line_buffer.h:44->./line_buffer.h:34->predecoder_kernel.cpp:40]   --->   Operation 449 'br' 'br_ln44' <Predicate = (select_ln39_1 == 0 & select_ln41_1 == 4 & select_ln41 == 8)> <Delay = 0.00>
ST_3 : Operation 450 [1/1] (0.66ns)   --->   "%store_ln44 = store i8 0, i3 %fb_270_addr" [./line_buffer.h:44->./line_buffer.h:34->predecoder_kernel.cpp:40]   --->   Operation 450 'store' 'store_ln44' <Predicate = (select_ln39_1 == 0 & select_ln41_1 == 4 & select_ln41 == 7)> <Delay = 0.66> <CoreInst = "RAM">   --->   Core 83 'RAM' <Latency = 1> <II = 1> <Delay = 0.66> <Storage> <Opcode : 'load' 'store'> <Ports = 2> <Width = 8> <Depth = 6> <RAM>
ST_3 : Operation 451 [1/1] (0.00ns)   --->   "%br_ln44 = br void %arrayidx204.i.i_0.exit1448" [./line_buffer.h:44->./line_buffer.h:34->predecoder_kernel.cpp:40]   --->   Operation 451 'br' 'br_ln44' <Predicate = (select_ln39_1 == 0 & select_ln41_1 == 4 & select_ln41 == 7)> <Delay = 0.00>
ST_3 : Operation 452 [1/1] (0.66ns)   --->   "%store_ln44 = store i8 0, i3 %fb_269_addr" [./line_buffer.h:44->./line_buffer.h:34->predecoder_kernel.cpp:40]   --->   Operation 452 'store' 'store_ln44' <Predicate = (select_ln39_1 == 0 & select_ln41_1 == 4 & select_ln41 == 6)> <Delay = 0.66> <CoreInst = "RAM">   --->   Core 83 'RAM' <Latency = 1> <II = 1> <Delay = 0.66> <Storage> <Opcode : 'load' 'store'> <Ports = 2> <Width = 8> <Depth = 6> <RAM>
ST_3 : Operation 453 [1/1] (0.00ns)   --->   "%br_ln44 = br void %arrayidx204.i.i_0.exit1448" [./line_buffer.h:44->./line_buffer.h:34->predecoder_kernel.cpp:40]   --->   Operation 453 'br' 'br_ln44' <Predicate = (select_ln39_1 == 0 & select_ln41_1 == 4 & select_ln41 == 6)> <Delay = 0.00>
ST_3 : Operation 454 [1/1] (0.66ns)   --->   "%store_ln44 = store i8 0, i3 %fb_268_addr" [./line_buffer.h:44->./line_buffer.h:34->predecoder_kernel.cpp:40]   --->   Operation 454 'store' 'store_ln44' <Predicate = (select_ln39_1 == 0 & select_ln41_1 == 4 & select_ln41 == 5)> <Delay = 0.66> <CoreInst = "RAM">   --->   Core 83 'RAM' <Latency = 1> <II = 1> <Delay = 0.66> <Storage> <Opcode : 'load' 'store'> <Ports = 2> <Width = 8> <Depth = 6> <RAM>
ST_3 : Operation 455 [1/1] (0.00ns)   --->   "%br_ln44 = br void %arrayidx204.i.i_0.exit1448" [./line_buffer.h:44->./line_buffer.h:34->predecoder_kernel.cpp:40]   --->   Operation 455 'br' 'br_ln44' <Predicate = (select_ln39_1 == 0 & select_ln41_1 == 4 & select_ln41 == 5)> <Delay = 0.00>
ST_3 : Operation 456 [1/1] (0.66ns)   --->   "%store_ln44 = store i8 0, i3 %fb_267_addr" [./line_buffer.h:44->./line_buffer.h:34->predecoder_kernel.cpp:40]   --->   Operation 456 'store' 'store_ln44' <Predicate = (select_ln39_1 == 0 & select_ln41_1 == 4 & select_ln41 == 4)> <Delay = 0.66> <CoreInst = "RAM">   --->   Core 83 'RAM' <Latency = 1> <II = 1> <Delay = 0.66> <Storage> <Opcode : 'load' 'store'> <Ports = 2> <Width = 8> <Depth = 6> <RAM>
ST_3 : Operation 457 [1/1] (0.00ns)   --->   "%br_ln44 = br void %arrayidx204.i.i_0.exit1448" [./line_buffer.h:44->./line_buffer.h:34->predecoder_kernel.cpp:40]   --->   Operation 457 'br' 'br_ln44' <Predicate = (select_ln39_1 == 0 & select_ln41_1 == 4 & select_ln41 == 4)> <Delay = 0.00>
ST_3 : Operation 458 [1/1] (0.66ns)   --->   "%store_ln44 = store i8 0, i3 %fb_266_addr" [./line_buffer.h:44->./line_buffer.h:34->predecoder_kernel.cpp:40]   --->   Operation 458 'store' 'store_ln44' <Predicate = (select_ln39_1 == 0 & select_ln41_1 == 4 & select_ln41 == 3)> <Delay = 0.66> <CoreInst = "RAM">   --->   Core 83 'RAM' <Latency = 1> <II = 1> <Delay = 0.66> <Storage> <Opcode : 'load' 'store'> <Ports = 2> <Width = 8> <Depth = 6> <RAM>
ST_3 : Operation 459 [1/1] (0.00ns)   --->   "%br_ln44 = br void %arrayidx204.i.i_0.exit1448" [./line_buffer.h:44->./line_buffer.h:34->predecoder_kernel.cpp:40]   --->   Operation 459 'br' 'br_ln44' <Predicate = (select_ln39_1 == 0 & select_ln41_1 == 4 & select_ln41 == 3)> <Delay = 0.00>
ST_3 : Operation 460 [1/1] (0.66ns)   --->   "%store_ln44 = store i8 0, i3 %fb_265_addr" [./line_buffer.h:44->./line_buffer.h:34->predecoder_kernel.cpp:40]   --->   Operation 460 'store' 'store_ln44' <Predicate = (select_ln39_1 == 0 & select_ln41_1 == 4 & select_ln41 == 2)> <Delay = 0.66> <CoreInst = "RAM">   --->   Core 83 'RAM' <Latency = 1> <II = 1> <Delay = 0.66> <Storage> <Opcode : 'load' 'store'> <Ports = 2> <Width = 8> <Depth = 6> <RAM>
ST_3 : Operation 461 [1/1] (0.00ns)   --->   "%br_ln44 = br void %arrayidx204.i.i_0.exit1448" [./line_buffer.h:44->./line_buffer.h:34->predecoder_kernel.cpp:40]   --->   Operation 461 'br' 'br_ln44' <Predicate = (select_ln39_1 == 0 & select_ln41_1 == 4 & select_ln41 == 2)> <Delay = 0.00>
ST_3 : Operation 462 [1/1] (0.66ns)   --->   "%store_ln44 = store i8 0, i3 %fb_264_addr" [./line_buffer.h:44->./line_buffer.h:34->predecoder_kernel.cpp:40]   --->   Operation 462 'store' 'store_ln44' <Predicate = (select_ln39_1 == 0 & select_ln41_1 == 4 & select_ln41 == 1)> <Delay = 0.66> <CoreInst = "RAM">   --->   Core 83 'RAM' <Latency = 1> <II = 1> <Delay = 0.66> <Storage> <Opcode : 'load' 'store'> <Ports = 2> <Width = 8> <Depth = 6> <RAM>
ST_3 : Operation 463 [1/1] (0.00ns)   --->   "%br_ln44 = br void %arrayidx204.i.i_0.exit1448" [./line_buffer.h:44->./line_buffer.h:34->predecoder_kernel.cpp:40]   --->   Operation 463 'br' 'br_ln44' <Predicate = (select_ln39_1 == 0 & select_ln41_1 == 4 & select_ln41 == 1)> <Delay = 0.00>
ST_3 : Operation 464 [1/1] (0.66ns)   --->   "%store_ln44 = store i8 0, i3 %fb_263_addr" [./line_buffer.h:44->./line_buffer.h:34->predecoder_kernel.cpp:40]   --->   Operation 464 'store' 'store_ln44' <Predicate = (select_ln39_1 == 0 & select_ln41_1 == 4 & select_ln41 == 0)> <Delay = 0.66> <CoreInst = "RAM">   --->   Core 83 'RAM' <Latency = 1> <II = 1> <Delay = 0.66> <Storage> <Opcode : 'load' 'store'> <Ports = 2> <Width = 8> <Depth = 6> <RAM>
ST_3 : Operation 465 [1/1] (0.00ns)   --->   "%br_ln44 = br void %arrayidx204.i.i_0.exit1448" [./line_buffer.h:44->./line_buffer.h:34->predecoder_kernel.cpp:40]   --->   Operation 465 'br' 'br_ln44' <Predicate = (select_ln39_1 == 0 & select_ln41_1 == 4 & select_ln41 == 0)> <Delay = 0.00>
ST_3 : Operation 466 [1/1] (0.66ns)   --->   "%store_ln44 = store i8 0, i3 %fb_274_addr" [./line_buffer.h:44->./line_buffer.h:34->predecoder_kernel.cpp:40]   --->   Operation 466 'store' 'store_ln44' <Predicate = (select_ln39_1 == 0 & select_ln41_1 == 4 & select_ln41 != 0 & select_ln41 != 1 & select_ln41 != 2 & select_ln41 != 3 & select_ln41 != 4 & select_ln41 != 5 & select_ln41 != 6 & select_ln41 != 7 & select_ln41 != 8 & select_ln41 != 9 & select_ln41 != 10)> <Delay = 0.66> <CoreInst = "RAM">   --->   Core 83 'RAM' <Latency = 1> <II = 1> <Delay = 0.66> <Storage> <Opcode : 'load' 'store'> <Ports = 2> <Width = 8> <Depth = 6> <RAM>
ST_3 : Operation 467 [1/1] (0.00ns)   --->   "%br_ln44 = br void %arrayidx204.i.i_0.exit1448" [./line_buffer.h:44->./line_buffer.h:34->predecoder_kernel.cpp:40]   --->   Operation 467 'br' 'br_ln44' <Predicate = (select_ln39_1 == 0 & select_ln41_1 == 4 & select_ln41 != 0 & select_ln41 != 1 & select_ln41 != 2 & select_ln41 != 3 & select_ln41 != 4 & select_ln41 != 5 & select_ln41 != 6 & select_ln41 != 7 & select_ln41 != 8 & select_ln41 != 9 & select_ln41 != 10)> <Delay = 0.00>
ST_3 : Operation 468 [1/1] (0.00ns)   --->   "%br_ln44 = br void %arrayidx204.i.i_0.exit" [./line_buffer.h:44->./line_buffer.h:34->predecoder_kernel.cpp:40]   --->   Operation 468 'br' 'br_ln44' <Predicate = (select_ln39_1 == 0 & select_ln41_1 == 4)> <Delay = 0.00>
ST_3 : Operation 469 [1/1] (0.67ns)   --->   "%switch_ln44 = switch i4 %select_ln41, void %arrayidx204.i.i_0.case.111446, i4 0, void %arrayidx204.i.i_0.case.01435, i4 1, void %arrayidx204.i.i_0.case.11436, i4 2, void %arrayidx204.i.i_0.case.21437, i4 3, void %arrayidx204.i.i_0.case.31438, i4 4, void %arrayidx204.i.i_0.case.41439, i4 5, void %arrayidx204.i.i_0.case.51440, i4 6, void %arrayidx204.i.i_0.case.61441, i4 7, void %arrayidx204.i.i_0.case.71442, i4 8, void %arrayidx204.i.i_0.case.81443, i4 9, void %arrayidx204.i.i_0.case.91444, i4 10, void %arrayidx204.i.i_0.case.101445" [./line_buffer.h:44->./line_buffer.h:34->predecoder_kernel.cpp:40]   --->   Operation 469 'switch' 'switch_ln44' <Predicate = (select_ln39_1 == 0 & select_ln41_1 == 3)> <Delay = 0.67>
ST_3 : Operation 470 [1/1] (0.66ns)   --->   "%store_ln44 = store i8 0, i3 %fb_261_addr" [./line_buffer.h:44->./line_buffer.h:34->predecoder_kernel.cpp:40]   --->   Operation 470 'store' 'store_ln44' <Predicate = (select_ln39_1 == 0 & select_ln41_1 == 3 & select_ln41 == 10)> <Delay = 0.66> <CoreInst = "RAM">   --->   Core 83 'RAM' <Latency = 1> <II = 1> <Delay = 0.66> <Storage> <Opcode : 'load' 'store'> <Ports = 2> <Width = 8> <Depth = 6> <RAM>
ST_3 : Operation 471 [1/1] (0.00ns)   --->   "%br_ln44 = br void %arrayidx204.i.i_0.exit1434" [./line_buffer.h:44->./line_buffer.h:34->predecoder_kernel.cpp:40]   --->   Operation 471 'br' 'br_ln44' <Predicate = (select_ln39_1 == 0 & select_ln41_1 == 3 & select_ln41 == 10)> <Delay = 0.00>
ST_3 : Operation 472 [1/1] (0.66ns)   --->   "%store_ln44 = store i8 0, i3 %fb_260_addr" [./line_buffer.h:44->./line_buffer.h:34->predecoder_kernel.cpp:40]   --->   Operation 472 'store' 'store_ln44' <Predicate = (select_ln39_1 == 0 & select_ln41_1 == 3 & select_ln41 == 9)> <Delay = 0.66> <CoreInst = "RAM">   --->   Core 83 'RAM' <Latency = 1> <II = 1> <Delay = 0.66> <Storage> <Opcode : 'load' 'store'> <Ports = 2> <Width = 8> <Depth = 6> <RAM>
ST_3 : Operation 473 [1/1] (0.00ns)   --->   "%br_ln44 = br void %arrayidx204.i.i_0.exit1434" [./line_buffer.h:44->./line_buffer.h:34->predecoder_kernel.cpp:40]   --->   Operation 473 'br' 'br_ln44' <Predicate = (select_ln39_1 == 0 & select_ln41_1 == 3 & select_ln41 == 9)> <Delay = 0.00>
ST_3 : Operation 474 [1/1] (0.66ns)   --->   "%store_ln44 = store i8 0, i3 %fb_259_addr" [./line_buffer.h:44->./line_buffer.h:34->predecoder_kernel.cpp:40]   --->   Operation 474 'store' 'store_ln44' <Predicate = (select_ln39_1 == 0 & select_ln41_1 == 3 & select_ln41 == 8)> <Delay = 0.66> <CoreInst = "RAM">   --->   Core 83 'RAM' <Latency = 1> <II = 1> <Delay = 0.66> <Storage> <Opcode : 'load' 'store'> <Ports = 2> <Width = 8> <Depth = 6> <RAM>
ST_3 : Operation 475 [1/1] (0.00ns)   --->   "%br_ln44 = br void %arrayidx204.i.i_0.exit1434" [./line_buffer.h:44->./line_buffer.h:34->predecoder_kernel.cpp:40]   --->   Operation 475 'br' 'br_ln44' <Predicate = (select_ln39_1 == 0 & select_ln41_1 == 3 & select_ln41 == 8)> <Delay = 0.00>
ST_3 : Operation 476 [1/1] (0.66ns)   --->   "%store_ln44 = store i8 0, i3 %fb_258_addr" [./line_buffer.h:44->./line_buffer.h:34->predecoder_kernel.cpp:40]   --->   Operation 476 'store' 'store_ln44' <Predicate = (select_ln39_1 == 0 & select_ln41_1 == 3 & select_ln41 == 7)> <Delay = 0.66> <CoreInst = "RAM">   --->   Core 83 'RAM' <Latency = 1> <II = 1> <Delay = 0.66> <Storage> <Opcode : 'load' 'store'> <Ports = 2> <Width = 8> <Depth = 6> <RAM>
ST_3 : Operation 477 [1/1] (0.00ns)   --->   "%br_ln44 = br void %arrayidx204.i.i_0.exit1434" [./line_buffer.h:44->./line_buffer.h:34->predecoder_kernel.cpp:40]   --->   Operation 477 'br' 'br_ln44' <Predicate = (select_ln39_1 == 0 & select_ln41_1 == 3 & select_ln41 == 7)> <Delay = 0.00>
ST_3 : Operation 478 [1/1] (0.66ns)   --->   "%store_ln44 = store i8 0, i3 %fb_257_addr" [./line_buffer.h:44->./line_buffer.h:34->predecoder_kernel.cpp:40]   --->   Operation 478 'store' 'store_ln44' <Predicate = (select_ln39_1 == 0 & select_ln41_1 == 3 & select_ln41 == 6)> <Delay = 0.66> <CoreInst = "RAM">   --->   Core 83 'RAM' <Latency = 1> <II = 1> <Delay = 0.66> <Storage> <Opcode : 'load' 'store'> <Ports = 2> <Width = 8> <Depth = 6> <RAM>
ST_3 : Operation 479 [1/1] (0.00ns)   --->   "%br_ln44 = br void %arrayidx204.i.i_0.exit1434" [./line_buffer.h:44->./line_buffer.h:34->predecoder_kernel.cpp:40]   --->   Operation 479 'br' 'br_ln44' <Predicate = (select_ln39_1 == 0 & select_ln41_1 == 3 & select_ln41 == 6)> <Delay = 0.00>
ST_3 : Operation 480 [1/1] (0.66ns)   --->   "%store_ln44 = store i8 0, i3 %fb_256_addr" [./line_buffer.h:44->./line_buffer.h:34->predecoder_kernel.cpp:40]   --->   Operation 480 'store' 'store_ln44' <Predicate = (select_ln39_1 == 0 & select_ln41_1 == 3 & select_ln41 == 5)> <Delay = 0.66> <CoreInst = "RAM">   --->   Core 83 'RAM' <Latency = 1> <II = 1> <Delay = 0.66> <Storage> <Opcode : 'load' 'store'> <Ports = 2> <Width = 8> <Depth = 6> <RAM>
ST_3 : Operation 481 [1/1] (0.00ns)   --->   "%br_ln44 = br void %arrayidx204.i.i_0.exit1434" [./line_buffer.h:44->./line_buffer.h:34->predecoder_kernel.cpp:40]   --->   Operation 481 'br' 'br_ln44' <Predicate = (select_ln39_1 == 0 & select_ln41_1 == 3 & select_ln41 == 5)> <Delay = 0.00>
ST_3 : Operation 482 [1/1] (0.66ns)   --->   "%store_ln44 = store i8 0, i3 %fb_255_addr" [./line_buffer.h:44->./line_buffer.h:34->predecoder_kernel.cpp:40]   --->   Operation 482 'store' 'store_ln44' <Predicate = (select_ln39_1 == 0 & select_ln41_1 == 3 & select_ln41 == 4)> <Delay = 0.66> <CoreInst = "RAM">   --->   Core 83 'RAM' <Latency = 1> <II = 1> <Delay = 0.66> <Storage> <Opcode : 'load' 'store'> <Ports = 2> <Width = 8> <Depth = 6> <RAM>
ST_3 : Operation 483 [1/1] (0.00ns)   --->   "%br_ln44 = br void %arrayidx204.i.i_0.exit1434" [./line_buffer.h:44->./line_buffer.h:34->predecoder_kernel.cpp:40]   --->   Operation 483 'br' 'br_ln44' <Predicate = (select_ln39_1 == 0 & select_ln41_1 == 3 & select_ln41 == 4)> <Delay = 0.00>
ST_3 : Operation 484 [1/1] (0.66ns)   --->   "%store_ln44 = store i8 0, i3 %fb_254_addr" [./line_buffer.h:44->./line_buffer.h:34->predecoder_kernel.cpp:40]   --->   Operation 484 'store' 'store_ln44' <Predicate = (select_ln39_1 == 0 & select_ln41_1 == 3 & select_ln41 == 3)> <Delay = 0.66> <CoreInst = "RAM">   --->   Core 83 'RAM' <Latency = 1> <II = 1> <Delay = 0.66> <Storage> <Opcode : 'load' 'store'> <Ports = 2> <Width = 8> <Depth = 6> <RAM>
ST_3 : Operation 485 [1/1] (0.00ns)   --->   "%br_ln44 = br void %arrayidx204.i.i_0.exit1434" [./line_buffer.h:44->./line_buffer.h:34->predecoder_kernel.cpp:40]   --->   Operation 485 'br' 'br_ln44' <Predicate = (select_ln39_1 == 0 & select_ln41_1 == 3 & select_ln41 == 3)> <Delay = 0.00>
ST_3 : Operation 486 [1/1] (0.66ns)   --->   "%store_ln44 = store i8 0, i3 %fb_253_addr" [./line_buffer.h:44->./line_buffer.h:34->predecoder_kernel.cpp:40]   --->   Operation 486 'store' 'store_ln44' <Predicate = (select_ln39_1 == 0 & select_ln41_1 == 3 & select_ln41 == 2)> <Delay = 0.66> <CoreInst = "RAM">   --->   Core 83 'RAM' <Latency = 1> <II = 1> <Delay = 0.66> <Storage> <Opcode : 'load' 'store'> <Ports = 2> <Width = 8> <Depth = 6> <RAM>
ST_3 : Operation 487 [1/1] (0.00ns)   --->   "%br_ln44 = br void %arrayidx204.i.i_0.exit1434" [./line_buffer.h:44->./line_buffer.h:34->predecoder_kernel.cpp:40]   --->   Operation 487 'br' 'br_ln44' <Predicate = (select_ln39_1 == 0 & select_ln41_1 == 3 & select_ln41 == 2)> <Delay = 0.00>
ST_3 : Operation 488 [1/1] (0.66ns)   --->   "%store_ln44 = store i8 0, i3 %fb_252_addr" [./line_buffer.h:44->./line_buffer.h:34->predecoder_kernel.cpp:40]   --->   Operation 488 'store' 'store_ln44' <Predicate = (select_ln39_1 == 0 & select_ln41_1 == 3 & select_ln41 == 1)> <Delay = 0.66> <CoreInst = "RAM">   --->   Core 83 'RAM' <Latency = 1> <II = 1> <Delay = 0.66> <Storage> <Opcode : 'load' 'store'> <Ports = 2> <Width = 8> <Depth = 6> <RAM>
ST_3 : Operation 489 [1/1] (0.00ns)   --->   "%br_ln44 = br void %arrayidx204.i.i_0.exit1434" [./line_buffer.h:44->./line_buffer.h:34->predecoder_kernel.cpp:40]   --->   Operation 489 'br' 'br_ln44' <Predicate = (select_ln39_1 == 0 & select_ln41_1 == 3 & select_ln41 == 1)> <Delay = 0.00>
ST_3 : Operation 490 [1/1] (0.66ns)   --->   "%store_ln44 = store i8 0, i3 %fb_251_addr" [./line_buffer.h:44->./line_buffer.h:34->predecoder_kernel.cpp:40]   --->   Operation 490 'store' 'store_ln44' <Predicate = (select_ln39_1 == 0 & select_ln41_1 == 3 & select_ln41 == 0)> <Delay = 0.66> <CoreInst = "RAM">   --->   Core 83 'RAM' <Latency = 1> <II = 1> <Delay = 0.66> <Storage> <Opcode : 'load' 'store'> <Ports = 2> <Width = 8> <Depth = 6> <RAM>
ST_3 : Operation 491 [1/1] (0.00ns)   --->   "%br_ln44 = br void %arrayidx204.i.i_0.exit1434" [./line_buffer.h:44->./line_buffer.h:34->predecoder_kernel.cpp:40]   --->   Operation 491 'br' 'br_ln44' <Predicate = (select_ln39_1 == 0 & select_ln41_1 == 3 & select_ln41 == 0)> <Delay = 0.00>
ST_3 : Operation 492 [1/1] (0.66ns)   --->   "%store_ln44 = store i8 0, i3 %fb_262_addr" [./line_buffer.h:44->./line_buffer.h:34->predecoder_kernel.cpp:40]   --->   Operation 492 'store' 'store_ln44' <Predicate = (select_ln39_1 == 0 & select_ln41_1 == 3 & select_ln41 != 0 & select_ln41 != 1 & select_ln41 != 2 & select_ln41 != 3 & select_ln41 != 4 & select_ln41 != 5 & select_ln41 != 6 & select_ln41 != 7 & select_ln41 != 8 & select_ln41 != 9 & select_ln41 != 10)> <Delay = 0.66> <CoreInst = "RAM">   --->   Core 83 'RAM' <Latency = 1> <II = 1> <Delay = 0.66> <Storage> <Opcode : 'load' 'store'> <Ports = 2> <Width = 8> <Depth = 6> <RAM>
ST_3 : Operation 493 [1/1] (0.00ns)   --->   "%br_ln44 = br void %arrayidx204.i.i_0.exit1434" [./line_buffer.h:44->./line_buffer.h:34->predecoder_kernel.cpp:40]   --->   Operation 493 'br' 'br_ln44' <Predicate = (select_ln39_1 == 0 & select_ln41_1 == 3 & select_ln41 != 0 & select_ln41 != 1 & select_ln41 != 2 & select_ln41 != 3 & select_ln41 != 4 & select_ln41 != 5 & select_ln41 != 6 & select_ln41 != 7 & select_ln41 != 8 & select_ln41 != 9 & select_ln41 != 10)> <Delay = 0.00>
ST_3 : Operation 494 [1/1] (0.00ns)   --->   "%br_ln44 = br void %arrayidx204.i.i_0.exit" [./line_buffer.h:44->./line_buffer.h:34->predecoder_kernel.cpp:40]   --->   Operation 494 'br' 'br_ln44' <Predicate = (select_ln39_1 == 0 & select_ln41_1 == 3)> <Delay = 0.00>
ST_3 : Operation 495 [1/1] (0.67ns)   --->   "%switch_ln44 = switch i4 %select_ln41, void %arrayidx204.i.i_0.case.111432, i4 0, void %arrayidx204.i.i_0.case.01421, i4 1, void %arrayidx204.i.i_0.case.11422, i4 2, void %arrayidx204.i.i_0.case.21423, i4 3, void %arrayidx204.i.i_0.case.31424, i4 4, void %arrayidx204.i.i_0.case.41425, i4 5, void %arrayidx204.i.i_0.case.51426, i4 6, void %arrayidx204.i.i_0.case.61427, i4 7, void %arrayidx204.i.i_0.case.71428, i4 8, void %arrayidx204.i.i_0.case.81429, i4 9, void %arrayidx204.i.i_0.case.91430, i4 10, void %arrayidx204.i.i_0.case.101431" [./line_buffer.h:44->./line_buffer.h:34->predecoder_kernel.cpp:40]   --->   Operation 495 'switch' 'switch_ln44' <Predicate = (select_ln39_1 == 0 & select_ln41_1 == 2)> <Delay = 0.67>
ST_3 : Operation 496 [1/1] (0.66ns)   --->   "%store_ln44 = store i8 0, i3 %fb_249_addr" [./line_buffer.h:44->./line_buffer.h:34->predecoder_kernel.cpp:40]   --->   Operation 496 'store' 'store_ln44' <Predicate = (select_ln39_1 == 0 & select_ln41_1 == 2 & select_ln41 == 10)> <Delay = 0.66> <CoreInst = "RAM">   --->   Core 83 'RAM' <Latency = 1> <II = 1> <Delay = 0.66> <Storage> <Opcode : 'load' 'store'> <Ports = 2> <Width = 8> <Depth = 6> <RAM>
ST_3 : Operation 497 [1/1] (0.00ns)   --->   "%br_ln44 = br void %arrayidx204.i.i_0.exit1420" [./line_buffer.h:44->./line_buffer.h:34->predecoder_kernel.cpp:40]   --->   Operation 497 'br' 'br_ln44' <Predicate = (select_ln39_1 == 0 & select_ln41_1 == 2 & select_ln41 == 10)> <Delay = 0.00>
ST_3 : Operation 498 [1/1] (0.66ns)   --->   "%store_ln44 = store i8 0, i3 %fb_248_addr" [./line_buffer.h:44->./line_buffer.h:34->predecoder_kernel.cpp:40]   --->   Operation 498 'store' 'store_ln44' <Predicate = (select_ln39_1 == 0 & select_ln41_1 == 2 & select_ln41 == 9)> <Delay = 0.66> <CoreInst = "RAM">   --->   Core 83 'RAM' <Latency = 1> <II = 1> <Delay = 0.66> <Storage> <Opcode : 'load' 'store'> <Ports = 2> <Width = 8> <Depth = 6> <RAM>
ST_3 : Operation 499 [1/1] (0.00ns)   --->   "%br_ln44 = br void %arrayidx204.i.i_0.exit1420" [./line_buffer.h:44->./line_buffer.h:34->predecoder_kernel.cpp:40]   --->   Operation 499 'br' 'br_ln44' <Predicate = (select_ln39_1 == 0 & select_ln41_1 == 2 & select_ln41 == 9)> <Delay = 0.00>
ST_3 : Operation 500 [1/1] (0.66ns)   --->   "%store_ln44 = store i8 0, i3 %fb_247_addr" [./line_buffer.h:44->./line_buffer.h:34->predecoder_kernel.cpp:40]   --->   Operation 500 'store' 'store_ln44' <Predicate = (select_ln39_1 == 0 & select_ln41_1 == 2 & select_ln41 == 8)> <Delay = 0.66> <CoreInst = "RAM">   --->   Core 83 'RAM' <Latency = 1> <II = 1> <Delay = 0.66> <Storage> <Opcode : 'load' 'store'> <Ports = 2> <Width = 8> <Depth = 6> <RAM>
ST_3 : Operation 501 [1/1] (0.00ns)   --->   "%br_ln44 = br void %arrayidx204.i.i_0.exit1420" [./line_buffer.h:44->./line_buffer.h:34->predecoder_kernel.cpp:40]   --->   Operation 501 'br' 'br_ln44' <Predicate = (select_ln39_1 == 0 & select_ln41_1 == 2 & select_ln41 == 8)> <Delay = 0.00>
ST_3 : Operation 502 [1/1] (0.66ns)   --->   "%store_ln44 = store i8 0, i3 %fb_246_addr" [./line_buffer.h:44->./line_buffer.h:34->predecoder_kernel.cpp:40]   --->   Operation 502 'store' 'store_ln44' <Predicate = (select_ln39_1 == 0 & select_ln41_1 == 2 & select_ln41 == 7)> <Delay = 0.66> <CoreInst = "RAM">   --->   Core 83 'RAM' <Latency = 1> <II = 1> <Delay = 0.66> <Storage> <Opcode : 'load' 'store'> <Ports = 2> <Width = 8> <Depth = 6> <RAM>
ST_3 : Operation 503 [1/1] (0.00ns)   --->   "%br_ln44 = br void %arrayidx204.i.i_0.exit1420" [./line_buffer.h:44->./line_buffer.h:34->predecoder_kernel.cpp:40]   --->   Operation 503 'br' 'br_ln44' <Predicate = (select_ln39_1 == 0 & select_ln41_1 == 2 & select_ln41 == 7)> <Delay = 0.00>
ST_3 : Operation 504 [1/1] (0.66ns)   --->   "%store_ln44 = store i8 0, i3 %fb_245_addr" [./line_buffer.h:44->./line_buffer.h:34->predecoder_kernel.cpp:40]   --->   Operation 504 'store' 'store_ln44' <Predicate = (select_ln39_1 == 0 & select_ln41_1 == 2 & select_ln41 == 6)> <Delay = 0.66> <CoreInst = "RAM">   --->   Core 83 'RAM' <Latency = 1> <II = 1> <Delay = 0.66> <Storage> <Opcode : 'load' 'store'> <Ports = 2> <Width = 8> <Depth = 6> <RAM>
ST_3 : Operation 505 [1/1] (0.00ns)   --->   "%br_ln44 = br void %arrayidx204.i.i_0.exit1420" [./line_buffer.h:44->./line_buffer.h:34->predecoder_kernel.cpp:40]   --->   Operation 505 'br' 'br_ln44' <Predicate = (select_ln39_1 == 0 & select_ln41_1 == 2 & select_ln41 == 6)> <Delay = 0.00>
ST_3 : Operation 506 [1/1] (0.66ns)   --->   "%store_ln44 = store i8 0, i3 %fb_244_addr" [./line_buffer.h:44->./line_buffer.h:34->predecoder_kernel.cpp:40]   --->   Operation 506 'store' 'store_ln44' <Predicate = (select_ln39_1 == 0 & select_ln41_1 == 2 & select_ln41 == 5)> <Delay = 0.66> <CoreInst = "RAM">   --->   Core 83 'RAM' <Latency = 1> <II = 1> <Delay = 0.66> <Storage> <Opcode : 'load' 'store'> <Ports = 2> <Width = 8> <Depth = 6> <RAM>
ST_3 : Operation 507 [1/1] (0.00ns)   --->   "%br_ln44 = br void %arrayidx204.i.i_0.exit1420" [./line_buffer.h:44->./line_buffer.h:34->predecoder_kernel.cpp:40]   --->   Operation 507 'br' 'br_ln44' <Predicate = (select_ln39_1 == 0 & select_ln41_1 == 2 & select_ln41 == 5)> <Delay = 0.00>
ST_3 : Operation 508 [1/1] (0.66ns)   --->   "%store_ln44 = store i8 0, i3 %fb_243_addr" [./line_buffer.h:44->./line_buffer.h:34->predecoder_kernel.cpp:40]   --->   Operation 508 'store' 'store_ln44' <Predicate = (select_ln39_1 == 0 & select_ln41_1 == 2 & select_ln41 == 4)> <Delay = 0.66> <CoreInst = "RAM">   --->   Core 83 'RAM' <Latency = 1> <II = 1> <Delay = 0.66> <Storage> <Opcode : 'load' 'store'> <Ports = 2> <Width = 8> <Depth = 6> <RAM>
ST_3 : Operation 509 [1/1] (0.00ns)   --->   "%br_ln44 = br void %arrayidx204.i.i_0.exit1420" [./line_buffer.h:44->./line_buffer.h:34->predecoder_kernel.cpp:40]   --->   Operation 509 'br' 'br_ln44' <Predicate = (select_ln39_1 == 0 & select_ln41_1 == 2 & select_ln41 == 4)> <Delay = 0.00>
ST_3 : Operation 510 [1/1] (0.66ns)   --->   "%store_ln44 = store i8 0, i3 %fb_242_addr" [./line_buffer.h:44->./line_buffer.h:34->predecoder_kernel.cpp:40]   --->   Operation 510 'store' 'store_ln44' <Predicate = (select_ln39_1 == 0 & select_ln41_1 == 2 & select_ln41 == 3)> <Delay = 0.66> <CoreInst = "RAM">   --->   Core 83 'RAM' <Latency = 1> <II = 1> <Delay = 0.66> <Storage> <Opcode : 'load' 'store'> <Ports = 2> <Width = 8> <Depth = 6> <RAM>
ST_3 : Operation 511 [1/1] (0.00ns)   --->   "%br_ln44 = br void %arrayidx204.i.i_0.exit1420" [./line_buffer.h:44->./line_buffer.h:34->predecoder_kernel.cpp:40]   --->   Operation 511 'br' 'br_ln44' <Predicate = (select_ln39_1 == 0 & select_ln41_1 == 2 & select_ln41 == 3)> <Delay = 0.00>
ST_3 : Operation 512 [1/1] (0.66ns)   --->   "%store_ln44 = store i8 0, i3 %fb_241_addr" [./line_buffer.h:44->./line_buffer.h:34->predecoder_kernel.cpp:40]   --->   Operation 512 'store' 'store_ln44' <Predicate = (select_ln39_1 == 0 & select_ln41_1 == 2 & select_ln41 == 2)> <Delay = 0.66> <CoreInst = "RAM">   --->   Core 83 'RAM' <Latency = 1> <II = 1> <Delay = 0.66> <Storage> <Opcode : 'load' 'store'> <Ports = 2> <Width = 8> <Depth = 6> <RAM>
ST_3 : Operation 513 [1/1] (0.00ns)   --->   "%br_ln44 = br void %arrayidx204.i.i_0.exit1420" [./line_buffer.h:44->./line_buffer.h:34->predecoder_kernel.cpp:40]   --->   Operation 513 'br' 'br_ln44' <Predicate = (select_ln39_1 == 0 & select_ln41_1 == 2 & select_ln41 == 2)> <Delay = 0.00>
ST_3 : Operation 514 [1/1] (0.66ns)   --->   "%store_ln44 = store i8 0, i3 %fb_240_addr" [./line_buffer.h:44->./line_buffer.h:34->predecoder_kernel.cpp:40]   --->   Operation 514 'store' 'store_ln44' <Predicate = (select_ln39_1 == 0 & select_ln41_1 == 2 & select_ln41 == 1)> <Delay = 0.66> <CoreInst = "RAM">   --->   Core 83 'RAM' <Latency = 1> <II = 1> <Delay = 0.66> <Storage> <Opcode : 'load' 'store'> <Ports = 2> <Width = 8> <Depth = 6> <RAM>
ST_3 : Operation 515 [1/1] (0.00ns)   --->   "%br_ln44 = br void %arrayidx204.i.i_0.exit1420" [./line_buffer.h:44->./line_buffer.h:34->predecoder_kernel.cpp:40]   --->   Operation 515 'br' 'br_ln44' <Predicate = (select_ln39_1 == 0 & select_ln41_1 == 2 & select_ln41 == 1)> <Delay = 0.00>
ST_3 : Operation 516 [1/1] (0.66ns)   --->   "%store_ln44 = store i8 0, i3 %fb_239_addr" [./line_buffer.h:44->./line_buffer.h:34->predecoder_kernel.cpp:40]   --->   Operation 516 'store' 'store_ln44' <Predicate = (select_ln39_1 == 0 & select_ln41_1 == 2 & select_ln41 == 0)> <Delay = 0.66> <CoreInst = "RAM">   --->   Core 83 'RAM' <Latency = 1> <II = 1> <Delay = 0.66> <Storage> <Opcode : 'load' 'store'> <Ports = 2> <Width = 8> <Depth = 6> <RAM>
ST_3 : Operation 517 [1/1] (0.00ns)   --->   "%br_ln44 = br void %arrayidx204.i.i_0.exit1420" [./line_buffer.h:44->./line_buffer.h:34->predecoder_kernel.cpp:40]   --->   Operation 517 'br' 'br_ln44' <Predicate = (select_ln39_1 == 0 & select_ln41_1 == 2 & select_ln41 == 0)> <Delay = 0.00>
ST_3 : Operation 518 [1/1] (0.66ns)   --->   "%store_ln44 = store i8 0, i3 %fb_250_addr" [./line_buffer.h:44->./line_buffer.h:34->predecoder_kernel.cpp:40]   --->   Operation 518 'store' 'store_ln44' <Predicate = (select_ln39_1 == 0 & select_ln41_1 == 2 & select_ln41 != 0 & select_ln41 != 1 & select_ln41 != 2 & select_ln41 != 3 & select_ln41 != 4 & select_ln41 != 5 & select_ln41 != 6 & select_ln41 != 7 & select_ln41 != 8 & select_ln41 != 9 & select_ln41 != 10)> <Delay = 0.66> <CoreInst = "RAM">   --->   Core 83 'RAM' <Latency = 1> <II = 1> <Delay = 0.66> <Storage> <Opcode : 'load' 'store'> <Ports = 2> <Width = 8> <Depth = 6> <RAM>
ST_3 : Operation 519 [1/1] (0.00ns)   --->   "%br_ln44 = br void %arrayidx204.i.i_0.exit1420" [./line_buffer.h:44->./line_buffer.h:34->predecoder_kernel.cpp:40]   --->   Operation 519 'br' 'br_ln44' <Predicate = (select_ln39_1 == 0 & select_ln41_1 == 2 & select_ln41 != 0 & select_ln41 != 1 & select_ln41 != 2 & select_ln41 != 3 & select_ln41 != 4 & select_ln41 != 5 & select_ln41 != 6 & select_ln41 != 7 & select_ln41 != 8 & select_ln41 != 9 & select_ln41 != 10)> <Delay = 0.00>
ST_3 : Operation 520 [1/1] (0.00ns)   --->   "%br_ln44 = br void %arrayidx204.i.i_0.exit" [./line_buffer.h:44->./line_buffer.h:34->predecoder_kernel.cpp:40]   --->   Operation 520 'br' 'br_ln44' <Predicate = (select_ln39_1 == 0 & select_ln41_1 == 2)> <Delay = 0.00>
ST_3 : Operation 521 [1/1] (0.67ns)   --->   "%switch_ln44 = switch i4 %select_ln41, void %arrayidx204.i.i_0.case.111418, i4 0, void %arrayidx204.i.i_0.case.01407, i4 1, void %arrayidx204.i.i_0.case.11408, i4 2, void %arrayidx204.i.i_0.case.21409, i4 3, void %arrayidx204.i.i_0.case.31410, i4 4, void %arrayidx204.i.i_0.case.41411, i4 5, void %arrayidx204.i.i_0.case.51412, i4 6, void %arrayidx204.i.i_0.case.61413, i4 7, void %arrayidx204.i.i_0.case.71414, i4 8, void %arrayidx204.i.i_0.case.81415, i4 9, void %arrayidx204.i.i_0.case.91416, i4 10, void %arrayidx204.i.i_0.case.101417" [./line_buffer.h:44->./line_buffer.h:34->predecoder_kernel.cpp:40]   --->   Operation 521 'switch' 'switch_ln44' <Predicate = (select_ln39_1 == 0 & select_ln41_1 == 1)> <Delay = 0.67>
ST_3 : Operation 522 [1/1] (0.66ns)   --->   "%store_ln44 = store i8 0, i3 %fb_237_addr" [./line_buffer.h:44->./line_buffer.h:34->predecoder_kernel.cpp:40]   --->   Operation 522 'store' 'store_ln44' <Predicate = (select_ln39_1 == 0 & select_ln41_1 == 1 & select_ln41 == 10)> <Delay = 0.66> <CoreInst = "RAM">   --->   Core 83 'RAM' <Latency = 1> <II = 1> <Delay = 0.66> <Storage> <Opcode : 'load' 'store'> <Ports = 2> <Width = 8> <Depth = 6> <RAM>
ST_3 : Operation 523 [1/1] (0.00ns)   --->   "%br_ln44 = br void %arrayidx204.i.i_0.exit1406" [./line_buffer.h:44->./line_buffer.h:34->predecoder_kernel.cpp:40]   --->   Operation 523 'br' 'br_ln44' <Predicate = (select_ln39_1 == 0 & select_ln41_1 == 1 & select_ln41 == 10)> <Delay = 0.00>
ST_3 : Operation 524 [1/1] (0.66ns)   --->   "%store_ln44 = store i8 0, i3 %fb_236_addr" [./line_buffer.h:44->./line_buffer.h:34->predecoder_kernel.cpp:40]   --->   Operation 524 'store' 'store_ln44' <Predicate = (select_ln39_1 == 0 & select_ln41_1 == 1 & select_ln41 == 9)> <Delay = 0.66> <CoreInst = "RAM">   --->   Core 83 'RAM' <Latency = 1> <II = 1> <Delay = 0.66> <Storage> <Opcode : 'load' 'store'> <Ports = 2> <Width = 8> <Depth = 6> <RAM>
ST_3 : Operation 525 [1/1] (0.00ns)   --->   "%br_ln44 = br void %arrayidx204.i.i_0.exit1406" [./line_buffer.h:44->./line_buffer.h:34->predecoder_kernel.cpp:40]   --->   Operation 525 'br' 'br_ln44' <Predicate = (select_ln39_1 == 0 & select_ln41_1 == 1 & select_ln41 == 9)> <Delay = 0.00>
ST_3 : Operation 526 [1/1] (0.66ns)   --->   "%store_ln44 = store i8 0, i3 %fb_235_addr" [./line_buffer.h:44->./line_buffer.h:34->predecoder_kernel.cpp:40]   --->   Operation 526 'store' 'store_ln44' <Predicate = (select_ln39_1 == 0 & select_ln41_1 == 1 & select_ln41 == 8)> <Delay = 0.66> <CoreInst = "RAM">   --->   Core 83 'RAM' <Latency = 1> <II = 1> <Delay = 0.66> <Storage> <Opcode : 'load' 'store'> <Ports = 2> <Width = 8> <Depth = 6> <RAM>
ST_3 : Operation 527 [1/1] (0.00ns)   --->   "%br_ln44 = br void %arrayidx204.i.i_0.exit1406" [./line_buffer.h:44->./line_buffer.h:34->predecoder_kernel.cpp:40]   --->   Operation 527 'br' 'br_ln44' <Predicate = (select_ln39_1 == 0 & select_ln41_1 == 1 & select_ln41 == 8)> <Delay = 0.00>
ST_3 : Operation 528 [1/1] (0.66ns)   --->   "%store_ln44 = store i8 0, i3 %fb_234_addr" [./line_buffer.h:44->./line_buffer.h:34->predecoder_kernel.cpp:40]   --->   Operation 528 'store' 'store_ln44' <Predicate = (select_ln39_1 == 0 & select_ln41_1 == 1 & select_ln41 == 7)> <Delay = 0.66> <CoreInst = "RAM">   --->   Core 83 'RAM' <Latency = 1> <II = 1> <Delay = 0.66> <Storage> <Opcode : 'load' 'store'> <Ports = 2> <Width = 8> <Depth = 6> <RAM>
ST_3 : Operation 529 [1/1] (0.00ns)   --->   "%br_ln44 = br void %arrayidx204.i.i_0.exit1406" [./line_buffer.h:44->./line_buffer.h:34->predecoder_kernel.cpp:40]   --->   Operation 529 'br' 'br_ln44' <Predicate = (select_ln39_1 == 0 & select_ln41_1 == 1 & select_ln41 == 7)> <Delay = 0.00>
ST_3 : Operation 530 [1/1] (0.66ns)   --->   "%store_ln44 = store i8 0, i3 %fb_233_addr" [./line_buffer.h:44->./line_buffer.h:34->predecoder_kernel.cpp:40]   --->   Operation 530 'store' 'store_ln44' <Predicate = (select_ln39_1 == 0 & select_ln41_1 == 1 & select_ln41 == 6)> <Delay = 0.66> <CoreInst = "RAM">   --->   Core 83 'RAM' <Latency = 1> <II = 1> <Delay = 0.66> <Storage> <Opcode : 'load' 'store'> <Ports = 2> <Width = 8> <Depth = 6> <RAM>
ST_3 : Operation 531 [1/1] (0.00ns)   --->   "%br_ln44 = br void %arrayidx204.i.i_0.exit1406" [./line_buffer.h:44->./line_buffer.h:34->predecoder_kernel.cpp:40]   --->   Operation 531 'br' 'br_ln44' <Predicate = (select_ln39_1 == 0 & select_ln41_1 == 1 & select_ln41 == 6)> <Delay = 0.00>
ST_3 : Operation 532 [1/1] (0.66ns)   --->   "%store_ln44 = store i8 0, i3 %fb_232_addr" [./line_buffer.h:44->./line_buffer.h:34->predecoder_kernel.cpp:40]   --->   Operation 532 'store' 'store_ln44' <Predicate = (select_ln39_1 == 0 & select_ln41_1 == 1 & select_ln41 == 5)> <Delay = 0.66> <CoreInst = "RAM">   --->   Core 83 'RAM' <Latency = 1> <II = 1> <Delay = 0.66> <Storage> <Opcode : 'load' 'store'> <Ports = 2> <Width = 8> <Depth = 6> <RAM>
ST_3 : Operation 533 [1/1] (0.00ns)   --->   "%br_ln44 = br void %arrayidx204.i.i_0.exit1406" [./line_buffer.h:44->./line_buffer.h:34->predecoder_kernel.cpp:40]   --->   Operation 533 'br' 'br_ln44' <Predicate = (select_ln39_1 == 0 & select_ln41_1 == 1 & select_ln41 == 5)> <Delay = 0.00>
ST_3 : Operation 534 [1/1] (0.66ns)   --->   "%store_ln44 = store i8 0, i3 %fb_231_addr" [./line_buffer.h:44->./line_buffer.h:34->predecoder_kernel.cpp:40]   --->   Operation 534 'store' 'store_ln44' <Predicate = (select_ln39_1 == 0 & select_ln41_1 == 1 & select_ln41 == 4)> <Delay = 0.66> <CoreInst = "RAM">   --->   Core 83 'RAM' <Latency = 1> <II = 1> <Delay = 0.66> <Storage> <Opcode : 'load' 'store'> <Ports = 2> <Width = 8> <Depth = 6> <RAM>
ST_3 : Operation 535 [1/1] (0.00ns)   --->   "%br_ln44 = br void %arrayidx204.i.i_0.exit1406" [./line_buffer.h:44->./line_buffer.h:34->predecoder_kernel.cpp:40]   --->   Operation 535 'br' 'br_ln44' <Predicate = (select_ln39_1 == 0 & select_ln41_1 == 1 & select_ln41 == 4)> <Delay = 0.00>
ST_3 : Operation 536 [1/1] (0.66ns)   --->   "%store_ln44 = store i8 0, i3 %fb_230_addr" [./line_buffer.h:44->./line_buffer.h:34->predecoder_kernel.cpp:40]   --->   Operation 536 'store' 'store_ln44' <Predicate = (select_ln39_1 == 0 & select_ln41_1 == 1 & select_ln41 == 3)> <Delay = 0.66> <CoreInst = "RAM">   --->   Core 83 'RAM' <Latency = 1> <II = 1> <Delay = 0.66> <Storage> <Opcode : 'load' 'store'> <Ports = 2> <Width = 8> <Depth = 6> <RAM>
ST_3 : Operation 537 [1/1] (0.00ns)   --->   "%br_ln44 = br void %arrayidx204.i.i_0.exit1406" [./line_buffer.h:44->./line_buffer.h:34->predecoder_kernel.cpp:40]   --->   Operation 537 'br' 'br_ln44' <Predicate = (select_ln39_1 == 0 & select_ln41_1 == 1 & select_ln41 == 3)> <Delay = 0.00>
ST_3 : Operation 538 [1/1] (0.66ns)   --->   "%store_ln44 = store i8 0, i3 %fb_229_addr" [./line_buffer.h:44->./line_buffer.h:34->predecoder_kernel.cpp:40]   --->   Operation 538 'store' 'store_ln44' <Predicate = (select_ln39_1 == 0 & select_ln41_1 == 1 & select_ln41 == 2)> <Delay = 0.66> <CoreInst = "RAM">   --->   Core 83 'RAM' <Latency = 1> <II = 1> <Delay = 0.66> <Storage> <Opcode : 'load' 'store'> <Ports = 2> <Width = 8> <Depth = 6> <RAM>
ST_3 : Operation 539 [1/1] (0.00ns)   --->   "%br_ln44 = br void %arrayidx204.i.i_0.exit1406" [./line_buffer.h:44->./line_buffer.h:34->predecoder_kernel.cpp:40]   --->   Operation 539 'br' 'br_ln44' <Predicate = (select_ln39_1 == 0 & select_ln41_1 == 1 & select_ln41 == 2)> <Delay = 0.00>
ST_3 : Operation 540 [1/1] (0.66ns)   --->   "%store_ln44 = store i8 0, i3 %fb_228_addr" [./line_buffer.h:44->./line_buffer.h:34->predecoder_kernel.cpp:40]   --->   Operation 540 'store' 'store_ln44' <Predicate = (select_ln39_1 == 0 & select_ln41_1 == 1 & select_ln41 == 1)> <Delay = 0.66> <CoreInst = "RAM">   --->   Core 83 'RAM' <Latency = 1> <II = 1> <Delay = 0.66> <Storage> <Opcode : 'load' 'store'> <Ports = 2> <Width = 8> <Depth = 6> <RAM>
ST_3 : Operation 541 [1/1] (0.00ns)   --->   "%br_ln44 = br void %arrayidx204.i.i_0.exit1406" [./line_buffer.h:44->./line_buffer.h:34->predecoder_kernel.cpp:40]   --->   Operation 541 'br' 'br_ln44' <Predicate = (select_ln39_1 == 0 & select_ln41_1 == 1 & select_ln41 == 1)> <Delay = 0.00>
ST_3 : Operation 542 [1/1] (0.66ns)   --->   "%store_ln44 = store i8 0, i3 %fb_227_addr" [./line_buffer.h:44->./line_buffer.h:34->predecoder_kernel.cpp:40]   --->   Operation 542 'store' 'store_ln44' <Predicate = (select_ln39_1 == 0 & select_ln41_1 == 1 & select_ln41 == 0)> <Delay = 0.66> <CoreInst = "RAM">   --->   Core 83 'RAM' <Latency = 1> <II = 1> <Delay = 0.66> <Storage> <Opcode : 'load' 'store'> <Ports = 2> <Width = 8> <Depth = 6> <RAM>
ST_3 : Operation 543 [1/1] (0.00ns)   --->   "%br_ln44 = br void %arrayidx204.i.i_0.exit1406" [./line_buffer.h:44->./line_buffer.h:34->predecoder_kernel.cpp:40]   --->   Operation 543 'br' 'br_ln44' <Predicate = (select_ln39_1 == 0 & select_ln41_1 == 1 & select_ln41 == 0)> <Delay = 0.00>
ST_3 : Operation 544 [1/1] (0.66ns)   --->   "%store_ln44 = store i8 0, i3 %fb_238_addr" [./line_buffer.h:44->./line_buffer.h:34->predecoder_kernel.cpp:40]   --->   Operation 544 'store' 'store_ln44' <Predicate = (select_ln39_1 == 0 & select_ln41_1 == 1 & select_ln41 != 0 & select_ln41 != 1 & select_ln41 != 2 & select_ln41 != 3 & select_ln41 != 4 & select_ln41 != 5 & select_ln41 != 6 & select_ln41 != 7 & select_ln41 != 8 & select_ln41 != 9 & select_ln41 != 10)> <Delay = 0.66> <CoreInst = "RAM">   --->   Core 83 'RAM' <Latency = 1> <II = 1> <Delay = 0.66> <Storage> <Opcode : 'load' 'store'> <Ports = 2> <Width = 8> <Depth = 6> <RAM>
ST_3 : Operation 545 [1/1] (0.00ns)   --->   "%br_ln44 = br void %arrayidx204.i.i_0.exit1406" [./line_buffer.h:44->./line_buffer.h:34->predecoder_kernel.cpp:40]   --->   Operation 545 'br' 'br_ln44' <Predicate = (select_ln39_1 == 0 & select_ln41_1 == 1 & select_ln41 != 0 & select_ln41 != 1 & select_ln41 != 2 & select_ln41 != 3 & select_ln41 != 4 & select_ln41 != 5 & select_ln41 != 6 & select_ln41 != 7 & select_ln41 != 8 & select_ln41 != 9 & select_ln41 != 10)> <Delay = 0.00>
ST_3 : Operation 546 [1/1] (0.00ns)   --->   "%br_ln44 = br void %arrayidx204.i.i_0.exit" [./line_buffer.h:44->./line_buffer.h:34->predecoder_kernel.cpp:40]   --->   Operation 546 'br' 'br_ln44' <Predicate = (select_ln39_1 == 0 & select_ln41_1 == 1)> <Delay = 0.00>
ST_3 : Operation 547 [1/1] (0.67ns)   --->   "%switch_ln44 = switch i4 %select_ln41, void %arrayidx204.i.i_0.case.11, i4 0, void %arrayidx204.i.i_0.case.01399, i4 1, void %arrayidx204.i.i_0.case.11400, i4 2, void %arrayidx204.i.i_0.case.21401, i4 3, void %arrayidx204.i.i_0.case.31402, i4 4, void %arrayidx204.i.i_0.case.41403, i4 5, void %arrayidx204.i.i_0.case.51404, i4 6, void %arrayidx204.i.i_0.case.6, i4 7, void %arrayidx204.i.i_0.case.7, i4 8, void %arrayidx204.i.i_0.case.8, i4 9, void %arrayidx204.i.i_0.case.9, i4 10, void %arrayidx204.i.i_0.case.10" [./line_buffer.h:44->./line_buffer.h:34->predecoder_kernel.cpp:40]   --->   Operation 547 'switch' 'switch_ln44' <Predicate = (select_ln39_1 == 0 & select_ln41_1 == 0)> <Delay = 0.67>
ST_3 : Operation 548 [1/1] (0.66ns)   --->   "%store_ln44 = store i8 0, i3 %fb_225_addr" [./line_buffer.h:44->./line_buffer.h:34->predecoder_kernel.cpp:40]   --->   Operation 548 'store' 'store_ln44' <Predicate = (select_ln39_1 == 0 & select_ln41_1 == 0 & select_ln41 == 10)> <Delay = 0.66> <CoreInst = "RAM">   --->   Core 83 'RAM' <Latency = 1> <II = 1> <Delay = 0.66> <Storage> <Opcode : 'load' 'store'> <Ports = 2> <Width = 8> <Depth = 6> <RAM>
ST_3 : Operation 549 [1/1] (0.00ns)   --->   "%br_ln44 = br void %arrayidx204.i.i_0.exit1398" [./line_buffer.h:44->./line_buffer.h:34->predecoder_kernel.cpp:40]   --->   Operation 549 'br' 'br_ln44' <Predicate = (select_ln39_1 == 0 & select_ln41_1 == 0 & select_ln41 == 10)> <Delay = 0.00>
ST_3 : Operation 550 [1/1] (0.66ns)   --->   "%store_ln44 = store i8 0, i3 %fb_224_addr" [./line_buffer.h:44->./line_buffer.h:34->predecoder_kernel.cpp:40]   --->   Operation 550 'store' 'store_ln44' <Predicate = (select_ln39_1 == 0 & select_ln41_1 == 0 & select_ln41 == 9)> <Delay = 0.66> <CoreInst = "RAM">   --->   Core 83 'RAM' <Latency = 1> <II = 1> <Delay = 0.66> <Storage> <Opcode : 'load' 'store'> <Ports = 2> <Width = 8> <Depth = 6> <RAM>
ST_3 : Operation 551 [1/1] (0.00ns)   --->   "%br_ln44 = br void %arrayidx204.i.i_0.exit1398" [./line_buffer.h:44->./line_buffer.h:34->predecoder_kernel.cpp:40]   --->   Operation 551 'br' 'br_ln44' <Predicate = (select_ln39_1 == 0 & select_ln41_1 == 0 & select_ln41 == 9)> <Delay = 0.00>
ST_3 : Operation 552 [1/1] (0.66ns)   --->   "%store_ln44 = store i8 0, i3 %fb_223_addr" [./line_buffer.h:44->./line_buffer.h:34->predecoder_kernel.cpp:40]   --->   Operation 552 'store' 'store_ln44' <Predicate = (select_ln39_1 == 0 & select_ln41_1 == 0 & select_ln41 == 8)> <Delay = 0.66> <CoreInst = "RAM">   --->   Core 83 'RAM' <Latency = 1> <II = 1> <Delay = 0.66> <Storage> <Opcode : 'load' 'store'> <Ports = 2> <Width = 8> <Depth = 6> <RAM>
ST_3 : Operation 553 [1/1] (0.00ns)   --->   "%br_ln44 = br void %arrayidx204.i.i_0.exit1398" [./line_buffer.h:44->./line_buffer.h:34->predecoder_kernel.cpp:40]   --->   Operation 553 'br' 'br_ln44' <Predicate = (select_ln39_1 == 0 & select_ln41_1 == 0 & select_ln41 == 8)> <Delay = 0.00>
ST_3 : Operation 554 [1/1] (0.66ns)   --->   "%store_ln44 = store i8 0, i3 %fb_222_addr" [./line_buffer.h:44->./line_buffer.h:34->predecoder_kernel.cpp:40]   --->   Operation 554 'store' 'store_ln44' <Predicate = (select_ln39_1 == 0 & select_ln41_1 == 0 & select_ln41 == 7)> <Delay = 0.66> <CoreInst = "RAM">   --->   Core 83 'RAM' <Latency = 1> <II = 1> <Delay = 0.66> <Storage> <Opcode : 'load' 'store'> <Ports = 2> <Width = 8> <Depth = 6> <RAM>
ST_3 : Operation 555 [1/1] (0.00ns)   --->   "%br_ln44 = br void %arrayidx204.i.i_0.exit1398" [./line_buffer.h:44->./line_buffer.h:34->predecoder_kernel.cpp:40]   --->   Operation 555 'br' 'br_ln44' <Predicate = (select_ln39_1 == 0 & select_ln41_1 == 0 & select_ln41 == 7)> <Delay = 0.00>
ST_3 : Operation 556 [1/1] (0.66ns)   --->   "%store_ln44 = store i8 0, i3 %fb_221_addr" [./line_buffer.h:44->./line_buffer.h:34->predecoder_kernel.cpp:40]   --->   Operation 556 'store' 'store_ln44' <Predicate = (select_ln39_1 == 0 & select_ln41_1 == 0 & select_ln41 == 6)> <Delay = 0.66> <CoreInst = "RAM">   --->   Core 83 'RAM' <Latency = 1> <II = 1> <Delay = 0.66> <Storage> <Opcode : 'load' 'store'> <Ports = 2> <Width = 8> <Depth = 6> <RAM>
ST_3 : Operation 557 [1/1] (0.00ns)   --->   "%br_ln44 = br void %arrayidx204.i.i_0.exit1398" [./line_buffer.h:44->./line_buffer.h:34->predecoder_kernel.cpp:40]   --->   Operation 557 'br' 'br_ln44' <Predicate = (select_ln39_1 == 0 & select_ln41_1 == 0 & select_ln41 == 6)> <Delay = 0.00>
ST_3 : Operation 558 [1/1] (0.66ns)   --->   "%store_ln44 = store i8 0, i3 %fb_220_addr" [./line_buffer.h:44->./line_buffer.h:34->predecoder_kernel.cpp:40]   --->   Operation 558 'store' 'store_ln44' <Predicate = (select_ln39_1 == 0 & select_ln41_1 == 0 & select_ln41 == 5)> <Delay = 0.66> <CoreInst = "RAM">   --->   Core 83 'RAM' <Latency = 1> <II = 1> <Delay = 0.66> <Storage> <Opcode : 'load' 'store'> <Ports = 2> <Width = 8> <Depth = 6> <RAM>
ST_3 : Operation 559 [1/1] (0.00ns)   --->   "%br_ln44 = br void %arrayidx204.i.i_0.exit1398" [./line_buffer.h:44->./line_buffer.h:34->predecoder_kernel.cpp:40]   --->   Operation 559 'br' 'br_ln44' <Predicate = (select_ln39_1 == 0 & select_ln41_1 == 0 & select_ln41 == 5)> <Delay = 0.00>
ST_3 : Operation 560 [1/1] (0.66ns)   --->   "%store_ln44 = store i8 0, i3 %fb_219_addr" [./line_buffer.h:44->./line_buffer.h:34->predecoder_kernel.cpp:40]   --->   Operation 560 'store' 'store_ln44' <Predicate = (select_ln39_1 == 0 & select_ln41_1 == 0 & select_ln41 == 4)> <Delay = 0.66> <CoreInst = "RAM">   --->   Core 83 'RAM' <Latency = 1> <II = 1> <Delay = 0.66> <Storage> <Opcode : 'load' 'store'> <Ports = 2> <Width = 8> <Depth = 6> <RAM>
ST_3 : Operation 561 [1/1] (0.00ns)   --->   "%br_ln44 = br void %arrayidx204.i.i_0.exit1398" [./line_buffer.h:44->./line_buffer.h:34->predecoder_kernel.cpp:40]   --->   Operation 561 'br' 'br_ln44' <Predicate = (select_ln39_1 == 0 & select_ln41_1 == 0 & select_ln41 == 4)> <Delay = 0.00>
ST_3 : Operation 562 [1/1] (0.66ns)   --->   "%store_ln44 = store i8 0, i3 %fb_218_addr" [./line_buffer.h:44->./line_buffer.h:34->predecoder_kernel.cpp:40]   --->   Operation 562 'store' 'store_ln44' <Predicate = (select_ln39_1 == 0 & select_ln41_1 == 0 & select_ln41 == 3)> <Delay = 0.66> <CoreInst = "RAM">   --->   Core 83 'RAM' <Latency = 1> <II = 1> <Delay = 0.66> <Storage> <Opcode : 'load' 'store'> <Ports = 2> <Width = 8> <Depth = 6> <RAM>
ST_3 : Operation 563 [1/1] (0.00ns)   --->   "%br_ln44 = br void %arrayidx204.i.i_0.exit1398" [./line_buffer.h:44->./line_buffer.h:34->predecoder_kernel.cpp:40]   --->   Operation 563 'br' 'br_ln44' <Predicate = (select_ln39_1 == 0 & select_ln41_1 == 0 & select_ln41 == 3)> <Delay = 0.00>
ST_3 : Operation 564 [1/1] (0.66ns)   --->   "%store_ln44 = store i8 0, i3 %fb_217_addr" [./line_buffer.h:44->./line_buffer.h:34->predecoder_kernel.cpp:40]   --->   Operation 564 'store' 'store_ln44' <Predicate = (select_ln39_1 == 0 & select_ln41_1 == 0 & select_ln41 == 2)> <Delay = 0.66> <CoreInst = "RAM">   --->   Core 83 'RAM' <Latency = 1> <II = 1> <Delay = 0.66> <Storage> <Opcode : 'load' 'store'> <Ports = 2> <Width = 8> <Depth = 6> <RAM>
ST_3 : Operation 565 [1/1] (0.00ns)   --->   "%br_ln44 = br void %arrayidx204.i.i_0.exit1398" [./line_buffer.h:44->./line_buffer.h:34->predecoder_kernel.cpp:40]   --->   Operation 565 'br' 'br_ln44' <Predicate = (select_ln39_1 == 0 & select_ln41_1 == 0 & select_ln41 == 2)> <Delay = 0.00>
ST_3 : Operation 566 [1/1] (0.66ns)   --->   "%store_ln44 = store i8 0, i3 %fb_216_addr" [./line_buffer.h:44->./line_buffer.h:34->predecoder_kernel.cpp:40]   --->   Operation 566 'store' 'store_ln44' <Predicate = (select_ln39_1 == 0 & select_ln41_1 == 0 & select_ln41 == 1)> <Delay = 0.66> <CoreInst = "RAM">   --->   Core 83 'RAM' <Latency = 1> <II = 1> <Delay = 0.66> <Storage> <Opcode : 'load' 'store'> <Ports = 2> <Width = 8> <Depth = 6> <RAM>
ST_3 : Operation 567 [1/1] (0.00ns)   --->   "%br_ln44 = br void %arrayidx204.i.i_0.exit1398" [./line_buffer.h:44->./line_buffer.h:34->predecoder_kernel.cpp:40]   --->   Operation 567 'br' 'br_ln44' <Predicate = (select_ln39_1 == 0 & select_ln41_1 == 0 & select_ln41 == 1)> <Delay = 0.00>
ST_3 : Operation 568 [1/1] (0.66ns)   --->   "%store_ln44 = store i8 0, i3 %fb_addr" [./line_buffer.h:44->./line_buffer.h:34->predecoder_kernel.cpp:40]   --->   Operation 568 'store' 'store_ln44' <Predicate = (select_ln39_1 == 0 & select_ln41_1 == 0 & select_ln41 == 0)> <Delay = 0.66> <CoreInst = "RAM">   --->   Core 83 'RAM' <Latency = 1> <II = 1> <Delay = 0.66> <Storage> <Opcode : 'load' 'store'> <Ports = 2> <Width = 8> <Depth = 6> <RAM>
ST_3 : Operation 569 [1/1] (0.00ns)   --->   "%br_ln44 = br void %arrayidx204.i.i_0.exit1398" [./line_buffer.h:44->./line_buffer.h:34->predecoder_kernel.cpp:40]   --->   Operation 569 'br' 'br_ln44' <Predicate = (select_ln39_1 == 0 & select_ln41_1 == 0 & select_ln41 == 0)> <Delay = 0.00>
ST_3 : Operation 570 [1/1] (0.66ns)   --->   "%store_ln44 = store i8 0, i3 %fb_226_addr" [./line_buffer.h:44->./line_buffer.h:34->predecoder_kernel.cpp:40]   --->   Operation 570 'store' 'store_ln44' <Predicate = (select_ln39_1 == 0 & select_ln41_1 == 0 & select_ln41 != 0 & select_ln41 != 1 & select_ln41 != 2 & select_ln41 != 3 & select_ln41 != 4 & select_ln41 != 5 & select_ln41 != 6 & select_ln41 != 7 & select_ln41 != 8 & select_ln41 != 9 & select_ln41 != 10)> <Delay = 0.66> <CoreInst = "RAM">   --->   Core 83 'RAM' <Latency = 1> <II = 1> <Delay = 0.66> <Storage> <Opcode : 'load' 'store'> <Ports = 2> <Width = 8> <Depth = 6> <RAM>
ST_3 : Operation 571 [1/1] (0.00ns)   --->   "%br_ln44 = br void %arrayidx204.i.i_0.exit1398" [./line_buffer.h:44->./line_buffer.h:34->predecoder_kernel.cpp:40]   --->   Operation 571 'br' 'br_ln44' <Predicate = (select_ln39_1 == 0 & select_ln41_1 == 0 & select_ln41 != 0 & select_ln41 != 1 & select_ln41 != 2 & select_ln41 != 3 & select_ln41 != 4 & select_ln41 != 5 & select_ln41 != 6 & select_ln41 != 7 & select_ln41 != 8 & select_ln41 != 9 & select_ln41 != 10)> <Delay = 0.00>
ST_3 : Operation 572 [1/1] (0.00ns)   --->   "%br_ln44 = br void %arrayidx204.i.i_0.exit" [./line_buffer.h:44->./line_buffer.h:34->predecoder_kernel.cpp:40]   --->   Operation 572 'br' 'br_ln44' <Predicate = (select_ln39_1 == 0 & select_ln41_1 == 0)> <Delay = 0.00>
ST_3 : Operation 573 [1/1] (0.67ns)   --->   "%switch_ln44 = switch i4 %select_ln41, void %arrayidx204.i.i_0.case.111474, i4 0, void %arrayidx204.i.i_0.case.01463, i4 1, void %arrayidx204.i.i_0.case.11464, i4 2, void %arrayidx204.i.i_0.case.21465, i4 3, void %arrayidx204.i.i_0.case.31466, i4 4, void %arrayidx204.i.i_0.case.41467, i4 5, void %arrayidx204.i.i_0.case.51468, i4 6, void %arrayidx204.i.i_0.case.61469, i4 7, void %arrayidx204.i.i_0.case.71470, i4 8, void %arrayidx204.i.i_0.case.81471, i4 9, void %arrayidx204.i.i_0.case.91472, i4 10, void %arrayidx204.i.i_0.case.101473" [./line_buffer.h:44->./line_buffer.h:34->predecoder_kernel.cpp:40]   --->   Operation 573 'switch' 'switch_ln44' <Predicate = (select_ln39_1 == 0 & select_ln41_1 != 0 & select_ln41_1 != 1 & select_ln41_1 != 2 & select_ln41_1 != 3 & select_ln41_1 != 4)> <Delay = 0.67>
ST_3 : Operation 574 [1/1] (0.66ns)   --->   "%store_ln44 = store i8 0, i3 %fb_285_addr" [./line_buffer.h:44->./line_buffer.h:34->predecoder_kernel.cpp:40]   --->   Operation 574 'store' 'store_ln44' <Predicate = (select_ln39_1 == 0 & select_ln41_1 != 0 & select_ln41_1 != 1 & select_ln41_1 != 2 & select_ln41_1 != 3 & select_ln41_1 != 4 & select_ln41 == 10)> <Delay = 0.66> <CoreInst = "RAM">   --->   Core 83 'RAM' <Latency = 1> <II = 1> <Delay = 0.66> <Storage> <Opcode : 'load' 'store'> <Ports = 2> <Width = 8> <Depth = 6> <RAM>
ST_3 : Operation 575 [1/1] (0.00ns)   --->   "%br_ln44 = br void %arrayidx204.i.i_0.exit1462" [./line_buffer.h:44->./line_buffer.h:34->predecoder_kernel.cpp:40]   --->   Operation 575 'br' 'br_ln44' <Predicate = (select_ln39_1 == 0 & select_ln41_1 != 0 & select_ln41_1 != 1 & select_ln41_1 != 2 & select_ln41_1 != 3 & select_ln41_1 != 4 & select_ln41 == 10)> <Delay = 0.00>
ST_3 : Operation 576 [1/1] (0.66ns)   --->   "%store_ln44 = store i8 0, i3 %fb_284_addr" [./line_buffer.h:44->./line_buffer.h:34->predecoder_kernel.cpp:40]   --->   Operation 576 'store' 'store_ln44' <Predicate = (select_ln39_1 == 0 & select_ln41_1 != 0 & select_ln41_1 != 1 & select_ln41_1 != 2 & select_ln41_1 != 3 & select_ln41_1 != 4 & select_ln41 == 9)> <Delay = 0.66> <CoreInst = "RAM">   --->   Core 83 'RAM' <Latency = 1> <II = 1> <Delay = 0.66> <Storage> <Opcode : 'load' 'store'> <Ports = 2> <Width = 8> <Depth = 6> <RAM>
ST_3 : Operation 577 [1/1] (0.00ns)   --->   "%br_ln44 = br void %arrayidx204.i.i_0.exit1462" [./line_buffer.h:44->./line_buffer.h:34->predecoder_kernel.cpp:40]   --->   Operation 577 'br' 'br_ln44' <Predicate = (select_ln39_1 == 0 & select_ln41_1 != 0 & select_ln41_1 != 1 & select_ln41_1 != 2 & select_ln41_1 != 3 & select_ln41_1 != 4 & select_ln41 == 9)> <Delay = 0.00>
ST_3 : Operation 578 [1/1] (0.66ns)   --->   "%store_ln44 = store i8 0, i3 %fb_283_addr" [./line_buffer.h:44->./line_buffer.h:34->predecoder_kernel.cpp:40]   --->   Operation 578 'store' 'store_ln44' <Predicate = (select_ln39_1 == 0 & select_ln41_1 != 0 & select_ln41_1 != 1 & select_ln41_1 != 2 & select_ln41_1 != 3 & select_ln41_1 != 4 & select_ln41 == 8)> <Delay = 0.66> <CoreInst = "RAM">   --->   Core 83 'RAM' <Latency = 1> <II = 1> <Delay = 0.66> <Storage> <Opcode : 'load' 'store'> <Ports = 2> <Width = 8> <Depth = 6> <RAM>
ST_3 : Operation 579 [1/1] (0.00ns)   --->   "%br_ln44 = br void %arrayidx204.i.i_0.exit1462" [./line_buffer.h:44->./line_buffer.h:34->predecoder_kernel.cpp:40]   --->   Operation 579 'br' 'br_ln44' <Predicate = (select_ln39_1 == 0 & select_ln41_1 != 0 & select_ln41_1 != 1 & select_ln41_1 != 2 & select_ln41_1 != 3 & select_ln41_1 != 4 & select_ln41 == 8)> <Delay = 0.00>
ST_3 : Operation 580 [1/1] (0.66ns)   --->   "%store_ln44 = store i8 0, i3 %fb_282_addr" [./line_buffer.h:44->./line_buffer.h:34->predecoder_kernel.cpp:40]   --->   Operation 580 'store' 'store_ln44' <Predicate = (select_ln39_1 == 0 & select_ln41_1 != 0 & select_ln41_1 != 1 & select_ln41_1 != 2 & select_ln41_1 != 3 & select_ln41_1 != 4 & select_ln41 == 7)> <Delay = 0.66> <CoreInst = "RAM">   --->   Core 83 'RAM' <Latency = 1> <II = 1> <Delay = 0.66> <Storage> <Opcode : 'load' 'store'> <Ports = 2> <Width = 8> <Depth = 6> <RAM>
ST_3 : Operation 581 [1/1] (0.00ns)   --->   "%br_ln44 = br void %arrayidx204.i.i_0.exit1462" [./line_buffer.h:44->./line_buffer.h:34->predecoder_kernel.cpp:40]   --->   Operation 581 'br' 'br_ln44' <Predicate = (select_ln39_1 == 0 & select_ln41_1 != 0 & select_ln41_1 != 1 & select_ln41_1 != 2 & select_ln41_1 != 3 & select_ln41_1 != 4 & select_ln41 == 7)> <Delay = 0.00>
ST_3 : Operation 582 [1/1] (0.66ns)   --->   "%store_ln44 = store i8 0, i3 %fb_281_addr" [./line_buffer.h:44->./line_buffer.h:34->predecoder_kernel.cpp:40]   --->   Operation 582 'store' 'store_ln44' <Predicate = (select_ln39_1 == 0 & select_ln41_1 != 0 & select_ln41_1 != 1 & select_ln41_1 != 2 & select_ln41_1 != 3 & select_ln41_1 != 4 & select_ln41 == 6)> <Delay = 0.66> <CoreInst = "RAM">   --->   Core 83 'RAM' <Latency = 1> <II = 1> <Delay = 0.66> <Storage> <Opcode : 'load' 'store'> <Ports = 2> <Width = 8> <Depth = 6> <RAM>
ST_3 : Operation 583 [1/1] (0.00ns)   --->   "%br_ln44 = br void %arrayidx204.i.i_0.exit1462" [./line_buffer.h:44->./line_buffer.h:34->predecoder_kernel.cpp:40]   --->   Operation 583 'br' 'br_ln44' <Predicate = (select_ln39_1 == 0 & select_ln41_1 != 0 & select_ln41_1 != 1 & select_ln41_1 != 2 & select_ln41_1 != 3 & select_ln41_1 != 4 & select_ln41 == 6)> <Delay = 0.00>
ST_3 : Operation 584 [1/1] (0.66ns)   --->   "%store_ln44 = store i8 0, i3 %fb_280_addr" [./line_buffer.h:44->./line_buffer.h:34->predecoder_kernel.cpp:40]   --->   Operation 584 'store' 'store_ln44' <Predicate = (select_ln39_1 == 0 & select_ln41_1 != 0 & select_ln41_1 != 1 & select_ln41_1 != 2 & select_ln41_1 != 3 & select_ln41_1 != 4 & select_ln41 == 5)> <Delay = 0.66> <CoreInst = "RAM">   --->   Core 83 'RAM' <Latency = 1> <II = 1> <Delay = 0.66> <Storage> <Opcode : 'load' 'store'> <Ports = 2> <Width = 8> <Depth = 6> <RAM>
ST_3 : Operation 585 [1/1] (0.00ns)   --->   "%br_ln44 = br void %arrayidx204.i.i_0.exit1462" [./line_buffer.h:44->./line_buffer.h:34->predecoder_kernel.cpp:40]   --->   Operation 585 'br' 'br_ln44' <Predicate = (select_ln39_1 == 0 & select_ln41_1 != 0 & select_ln41_1 != 1 & select_ln41_1 != 2 & select_ln41_1 != 3 & select_ln41_1 != 4 & select_ln41 == 5)> <Delay = 0.00>
ST_3 : Operation 586 [1/1] (0.66ns)   --->   "%store_ln44 = store i8 0, i3 %fb_279_addr" [./line_buffer.h:44->./line_buffer.h:34->predecoder_kernel.cpp:40]   --->   Operation 586 'store' 'store_ln44' <Predicate = (select_ln39_1 == 0 & select_ln41_1 != 0 & select_ln41_1 != 1 & select_ln41_1 != 2 & select_ln41_1 != 3 & select_ln41_1 != 4 & select_ln41 == 4)> <Delay = 0.66> <CoreInst = "RAM">   --->   Core 83 'RAM' <Latency = 1> <II = 1> <Delay = 0.66> <Storage> <Opcode : 'load' 'store'> <Ports = 2> <Width = 8> <Depth = 6> <RAM>
ST_3 : Operation 587 [1/1] (0.00ns)   --->   "%br_ln44 = br void %arrayidx204.i.i_0.exit1462" [./line_buffer.h:44->./line_buffer.h:34->predecoder_kernel.cpp:40]   --->   Operation 587 'br' 'br_ln44' <Predicate = (select_ln39_1 == 0 & select_ln41_1 != 0 & select_ln41_1 != 1 & select_ln41_1 != 2 & select_ln41_1 != 3 & select_ln41_1 != 4 & select_ln41 == 4)> <Delay = 0.00>
ST_3 : Operation 588 [1/1] (0.66ns)   --->   "%store_ln44 = store i8 0, i3 %fb_278_addr" [./line_buffer.h:44->./line_buffer.h:34->predecoder_kernel.cpp:40]   --->   Operation 588 'store' 'store_ln44' <Predicate = (select_ln39_1 == 0 & select_ln41_1 != 0 & select_ln41_1 != 1 & select_ln41_1 != 2 & select_ln41_1 != 3 & select_ln41_1 != 4 & select_ln41 == 3)> <Delay = 0.66> <CoreInst = "RAM">   --->   Core 83 'RAM' <Latency = 1> <II = 1> <Delay = 0.66> <Storage> <Opcode : 'load' 'store'> <Ports = 2> <Width = 8> <Depth = 6> <RAM>
ST_3 : Operation 589 [1/1] (0.00ns)   --->   "%br_ln44 = br void %arrayidx204.i.i_0.exit1462" [./line_buffer.h:44->./line_buffer.h:34->predecoder_kernel.cpp:40]   --->   Operation 589 'br' 'br_ln44' <Predicate = (select_ln39_1 == 0 & select_ln41_1 != 0 & select_ln41_1 != 1 & select_ln41_1 != 2 & select_ln41_1 != 3 & select_ln41_1 != 4 & select_ln41 == 3)> <Delay = 0.00>
ST_3 : Operation 590 [1/1] (0.66ns)   --->   "%store_ln44 = store i8 0, i3 %fb_277_addr" [./line_buffer.h:44->./line_buffer.h:34->predecoder_kernel.cpp:40]   --->   Operation 590 'store' 'store_ln44' <Predicate = (select_ln39_1 == 0 & select_ln41_1 != 0 & select_ln41_1 != 1 & select_ln41_1 != 2 & select_ln41_1 != 3 & select_ln41_1 != 4 & select_ln41 == 2)> <Delay = 0.66> <CoreInst = "RAM">   --->   Core 83 'RAM' <Latency = 1> <II = 1> <Delay = 0.66> <Storage> <Opcode : 'load' 'store'> <Ports = 2> <Width = 8> <Depth = 6> <RAM>
ST_3 : Operation 591 [1/1] (0.00ns)   --->   "%br_ln44 = br void %arrayidx204.i.i_0.exit1462" [./line_buffer.h:44->./line_buffer.h:34->predecoder_kernel.cpp:40]   --->   Operation 591 'br' 'br_ln44' <Predicate = (select_ln39_1 == 0 & select_ln41_1 != 0 & select_ln41_1 != 1 & select_ln41_1 != 2 & select_ln41_1 != 3 & select_ln41_1 != 4 & select_ln41 == 2)> <Delay = 0.00>
ST_3 : Operation 592 [1/1] (0.66ns)   --->   "%store_ln44 = store i8 0, i3 %fb_276_addr" [./line_buffer.h:44->./line_buffer.h:34->predecoder_kernel.cpp:40]   --->   Operation 592 'store' 'store_ln44' <Predicate = (select_ln39_1 == 0 & select_ln41_1 != 0 & select_ln41_1 != 1 & select_ln41_1 != 2 & select_ln41_1 != 3 & select_ln41_1 != 4 & select_ln41 == 1)> <Delay = 0.66> <CoreInst = "RAM">   --->   Core 83 'RAM' <Latency = 1> <II = 1> <Delay = 0.66> <Storage> <Opcode : 'load' 'store'> <Ports = 2> <Width = 8> <Depth = 6> <RAM>
ST_3 : Operation 593 [1/1] (0.00ns)   --->   "%br_ln44 = br void %arrayidx204.i.i_0.exit1462" [./line_buffer.h:44->./line_buffer.h:34->predecoder_kernel.cpp:40]   --->   Operation 593 'br' 'br_ln44' <Predicate = (select_ln39_1 == 0 & select_ln41_1 != 0 & select_ln41_1 != 1 & select_ln41_1 != 2 & select_ln41_1 != 3 & select_ln41_1 != 4 & select_ln41 == 1)> <Delay = 0.00>
ST_3 : Operation 594 [1/1] (0.66ns)   --->   "%store_ln44 = store i8 0, i3 %fb_275_addr" [./line_buffer.h:44->./line_buffer.h:34->predecoder_kernel.cpp:40]   --->   Operation 594 'store' 'store_ln44' <Predicate = (select_ln39_1 == 0 & select_ln41_1 != 0 & select_ln41_1 != 1 & select_ln41_1 != 2 & select_ln41_1 != 3 & select_ln41_1 != 4 & select_ln41 == 0)> <Delay = 0.66> <CoreInst = "RAM">   --->   Core 83 'RAM' <Latency = 1> <II = 1> <Delay = 0.66> <Storage> <Opcode : 'load' 'store'> <Ports = 2> <Width = 8> <Depth = 6> <RAM>
ST_3 : Operation 595 [1/1] (0.00ns)   --->   "%br_ln44 = br void %arrayidx204.i.i_0.exit1462" [./line_buffer.h:44->./line_buffer.h:34->predecoder_kernel.cpp:40]   --->   Operation 595 'br' 'br_ln44' <Predicate = (select_ln39_1 == 0 & select_ln41_1 != 0 & select_ln41_1 != 1 & select_ln41_1 != 2 & select_ln41_1 != 3 & select_ln41_1 != 4 & select_ln41 == 0)> <Delay = 0.00>
ST_3 : Operation 596 [1/1] (0.66ns)   --->   "%store_ln44 = store i8 0, i3 %fb_286_addr" [./line_buffer.h:44->./line_buffer.h:34->predecoder_kernel.cpp:40]   --->   Operation 596 'store' 'store_ln44' <Predicate = (select_ln39_1 == 0 & select_ln41_1 != 0 & select_ln41_1 != 1 & select_ln41_1 != 2 & select_ln41_1 != 3 & select_ln41_1 != 4 & select_ln41 != 0 & select_ln41 != 1 & select_ln41 != 2 & select_ln41 != 3 & select_ln41 != 4 & select_ln41 != 5 & select_ln41 != 6 & select_ln41 != 7 & select_ln41 != 8 & select_ln41 != 9 & select_ln41 != 10)> <Delay = 0.66> <CoreInst = "RAM">   --->   Core 83 'RAM' <Latency = 1> <II = 1> <Delay = 0.66> <Storage> <Opcode : 'load' 'store'> <Ports = 2> <Width = 8> <Depth = 6> <RAM>
ST_3 : Operation 597 [1/1] (0.00ns)   --->   "%br_ln44 = br void %arrayidx204.i.i_0.exit1462" [./line_buffer.h:44->./line_buffer.h:34->predecoder_kernel.cpp:40]   --->   Operation 597 'br' 'br_ln44' <Predicate = (select_ln39_1 == 0 & select_ln41_1 != 0 & select_ln41_1 != 1 & select_ln41_1 != 2 & select_ln41_1 != 3 & select_ln41_1 != 4 & select_ln41 != 0 & select_ln41 != 1 & select_ln41 != 2 & select_ln41 != 3 & select_ln41 != 4 & select_ln41 != 5 & select_ln41 != 6 & select_ln41 != 7 & select_ln41 != 8 & select_ln41 != 9 & select_ln41 != 10)> <Delay = 0.00>
ST_3 : Operation 598 [1/1] (0.00ns)   --->   "%br_ln44 = br void %arrayidx204.i.i_0.exit" [./line_buffer.h:44->./line_buffer.h:34->predecoder_kernel.cpp:40]   --->   Operation 598 'br' 'br_ln44' <Predicate = (select_ln39_1 == 0 & select_ln41_1 != 0 & select_ln41_1 != 1 & select_ln41_1 != 2 & select_ln41_1 != 3 & select_ln41_1 != 4)> <Delay = 0.00>
ST_3 : Operation 599 [1/1] (0.67ns)   --->   "%switch_ln44 = switch i3 %select_ln41_1, void %arrayidx204.i.i_2.case.5, i3 0, void %arrayidx204.i.i_2.case.0, i3 1, void %arrayidx204.i.i_2.case.1, i3 2, void %arrayidx204.i.i_2.case.2, i3 3, void %arrayidx204.i.i_2.case.3, i3 4, void %arrayidx204.i.i_2.case.4" [./line_buffer.h:44->./line_buffer.h:34->predecoder_kernel.cpp:40]   --->   Operation 599 'switch' 'switch_ln44' <Predicate = (select_ln39_1 != 0 & select_ln39_1 != 1)> <Delay = 0.67>
ST_3 : Operation 600 [1/1] (0.67ns)   --->   "%switch_ln44 = switch i4 %select_ln41, void %arrayidx204.i.i_2.case.111616, i4 0, void %arrayidx204.i.i_2.case.01605, i4 1, void %arrayidx204.i.i_2.case.11606, i4 2, void %arrayidx204.i.i_2.case.21607, i4 3, void %arrayidx204.i.i_2.case.31608, i4 4, void %arrayidx204.i.i_2.case.41609, i4 5, void %arrayidx204.i.i_2.case.51610, i4 6, void %arrayidx204.i.i_2.case.61611, i4 7, void %arrayidx204.i.i_2.case.71612, i4 8, void %arrayidx204.i.i_2.case.81613, i4 9, void %arrayidx204.i.i_2.case.91614, i4 10, void %arrayidx204.i.i_2.case.101615" [./line_buffer.h:44->./line_buffer.h:34->predecoder_kernel.cpp:40]   --->   Operation 600 'switch' 'switch_ln44' <Predicate = (select_ln39_1 != 0 & select_ln39_1 != 1 & select_ln41_1 == 4)> <Delay = 0.67>
ST_3 : Operation 601 [1/1] (0.66ns)   --->   "%store_ln44 = store i8 0, i3 %fb_417_addr" [./line_buffer.h:44->./line_buffer.h:34->predecoder_kernel.cpp:40]   --->   Operation 601 'store' 'store_ln44' <Predicate = (select_ln39_1 != 0 & select_ln39_1 != 1 & select_ln41_1 == 4 & select_ln41 == 10)> <Delay = 0.66> <CoreInst = "RAM">   --->   Core 83 'RAM' <Latency = 1> <II = 1> <Delay = 0.66> <Storage> <Opcode : 'load' 'store'> <Ports = 2> <Width = 8> <Depth = 6> <RAM>
ST_3 : Operation 602 [1/1] (0.00ns)   --->   "%br_ln44 = br void %arrayidx204.i.i_2.exit1604" [./line_buffer.h:44->./line_buffer.h:34->predecoder_kernel.cpp:40]   --->   Operation 602 'br' 'br_ln44' <Predicate = (select_ln39_1 != 0 & select_ln39_1 != 1 & select_ln41_1 == 4 & select_ln41 == 10)> <Delay = 0.00>
ST_3 : Operation 603 [1/1] (0.66ns)   --->   "%store_ln44 = store i8 0, i3 %fb_416_addr" [./line_buffer.h:44->./line_buffer.h:34->predecoder_kernel.cpp:40]   --->   Operation 603 'store' 'store_ln44' <Predicate = (select_ln39_1 != 0 & select_ln39_1 != 1 & select_ln41_1 == 4 & select_ln41 == 9)> <Delay = 0.66> <CoreInst = "RAM">   --->   Core 83 'RAM' <Latency = 1> <II = 1> <Delay = 0.66> <Storage> <Opcode : 'load' 'store'> <Ports = 2> <Width = 8> <Depth = 6> <RAM>
ST_3 : Operation 604 [1/1] (0.00ns)   --->   "%br_ln44 = br void %arrayidx204.i.i_2.exit1604" [./line_buffer.h:44->./line_buffer.h:34->predecoder_kernel.cpp:40]   --->   Operation 604 'br' 'br_ln44' <Predicate = (select_ln39_1 != 0 & select_ln39_1 != 1 & select_ln41_1 == 4 & select_ln41 == 9)> <Delay = 0.00>
ST_3 : Operation 605 [1/1] (0.66ns)   --->   "%store_ln44 = store i8 0, i3 %fb_415_addr" [./line_buffer.h:44->./line_buffer.h:34->predecoder_kernel.cpp:40]   --->   Operation 605 'store' 'store_ln44' <Predicate = (select_ln39_1 != 0 & select_ln39_1 != 1 & select_ln41_1 == 4 & select_ln41 == 8)> <Delay = 0.66> <CoreInst = "RAM">   --->   Core 83 'RAM' <Latency = 1> <II = 1> <Delay = 0.66> <Storage> <Opcode : 'load' 'store'> <Ports = 2> <Width = 8> <Depth = 6> <RAM>
ST_3 : Operation 606 [1/1] (0.00ns)   --->   "%br_ln44 = br void %arrayidx204.i.i_2.exit1604" [./line_buffer.h:44->./line_buffer.h:34->predecoder_kernel.cpp:40]   --->   Operation 606 'br' 'br_ln44' <Predicate = (select_ln39_1 != 0 & select_ln39_1 != 1 & select_ln41_1 == 4 & select_ln41 == 8)> <Delay = 0.00>
ST_3 : Operation 607 [1/1] (0.66ns)   --->   "%store_ln44 = store i8 0, i3 %fb_414_addr" [./line_buffer.h:44->./line_buffer.h:34->predecoder_kernel.cpp:40]   --->   Operation 607 'store' 'store_ln44' <Predicate = (select_ln39_1 != 0 & select_ln39_1 != 1 & select_ln41_1 == 4 & select_ln41 == 7)> <Delay = 0.66> <CoreInst = "RAM">   --->   Core 83 'RAM' <Latency = 1> <II = 1> <Delay = 0.66> <Storage> <Opcode : 'load' 'store'> <Ports = 2> <Width = 8> <Depth = 6> <RAM>
ST_3 : Operation 608 [1/1] (0.00ns)   --->   "%br_ln44 = br void %arrayidx204.i.i_2.exit1604" [./line_buffer.h:44->./line_buffer.h:34->predecoder_kernel.cpp:40]   --->   Operation 608 'br' 'br_ln44' <Predicate = (select_ln39_1 != 0 & select_ln39_1 != 1 & select_ln41_1 == 4 & select_ln41 == 7)> <Delay = 0.00>
ST_3 : Operation 609 [1/1] (0.66ns)   --->   "%store_ln44 = store i8 0, i3 %fb_413_addr" [./line_buffer.h:44->./line_buffer.h:34->predecoder_kernel.cpp:40]   --->   Operation 609 'store' 'store_ln44' <Predicate = (select_ln39_1 != 0 & select_ln39_1 != 1 & select_ln41_1 == 4 & select_ln41 == 6)> <Delay = 0.66> <CoreInst = "RAM">   --->   Core 83 'RAM' <Latency = 1> <II = 1> <Delay = 0.66> <Storage> <Opcode : 'load' 'store'> <Ports = 2> <Width = 8> <Depth = 6> <RAM>
ST_3 : Operation 610 [1/1] (0.00ns)   --->   "%br_ln44 = br void %arrayidx204.i.i_2.exit1604" [./line_buffer.h:44->./line_buffer.h:34->predecoder_kernel.cpp:40]   --->   Operation 610 'br' 'br_ln44' <Predicate = (select_ln39_1 != 0 & select_ln39_1 != 1 & select_ln41_1 == 4 & select_ln41 == 6)> <Delay = 0.00>
ST_3 : Operation 611 [1/1] (0.66ns)   --->   "%store_ln44 = store i8 0, i3 %fb_412_addr" [./line_buffer.h:44->./line_buffer.h:34->predecoder_kernel.cpp:40]   --->   Operation 611 'store' 'store_ln44' <Predicate = (select_ln39_1 != 0 & select_ln39_1 != 1 & select_ln41_1 == 4 & select_ln41 == 5)> <Delay = 0.66> <CoreInst = "RAM">   --->   Core 83 'RAM' <Latency = 1> <II = 1> <Delay = 0.66> <Storage> <Opcode : 'load' 'store'> <Ports = 2> <Width = 8> <Depth = 6> <RAM>
ST_3 : Operation 612 [1/1] (0.00ns)   --->   "%br_ln44 = br void %arrayidx204.i.i_2.exit1604" [./line_buffer.h:44->./line_buffer.h:34->predecoder_kernel.cpp:40]   --->   Operation 612 'br' 'br_ln44' <Predicate = (select_ln39_1 != 0 & select_ln39_1 != 1 & select_ln41_1 == 4 & select_ln41 == 5)> <Delay = 0.00>
ST_3 : Operation 613 [1/1] (0.66ns)   --->   "%store_ln44 = store i8 0, i3 %fb_411_addr" [./line_buffer.h:44->./line_buffer.h:34->predecoder_kernel.cpp:40]   --->   Operation 613 'store' 'store_ln44' <Predicate = (select_ln39_1 != 0 & select_ln39_1 != 1 & select_ln41_1 == 4 & select_ln41 == 4)> <Delay = 0.66> <CoreInst = "RAM">   --->   Core 83 'RAM' <Latency = 1> <II = 1> <Delay = 0.66> <Storage> <Opcode : 'load' 'store'> <Ports = 2> <Width = 8> <Depth = 6> <RAM>
ST_3 : Operation 614 [1/1] (0.00ns)   --->   "%br_ln44 = br void %arrayidx204.i.i_2.exit1604" [./line_buffer.h:44->./line_buffer.h:34->predecoder_kernel.cpp:40]   --->   Operation 614 'br' 'br_ln44' <Predicate = (select_ln39_1 != 0 & select_ln39_1 != 1 & select_ln41_1 == 4 & select_ln41 == 4)> <Delay = 0.00>
ST_3 : Operation 615 [1/1] (0.66ns)   --->   "%store_ln44 = store i8 0, i3 %fb_410_addr" [./line_buffer.h:44->./line_buffer.h:34->predecoder_kernel.cpp:40]   --->   Operation 615 'store' 'store_ln44' <Predicate = (select_ln39_1 != 0 & select_ln39_1 != 1 & select_ln41_1 == 4 & select_ln41 == 3)> <Delay = 0.66> <CoreInst = "RAM">   --->   Core 83 'RAM' <Latency = 1> <II = 1> <Delay = 0.66> <Storage> <Opcode : 'load' 'store'> <Ports = 2> <Width = 8> <Depth = 6> <RAM>
ST_3 : Operation 616 [1/1] (0.00ns)   --->   "%br_ln44 = br void %arrayidx204.i.i_2.exit1604" [./line_buffer.h:44->./line_buffer.h:34->predecoder_kernel.cpp:40]   --->   Operation 616 'br' 'br_ln44' <Predicate = (select_ln39_1 != 0 & select_ln39_1 != 1 & select_ln41_1 == 4 & select_ln41 == 3)> <Delay = 0.00>
ST_3 : Operation 617 [1/1] (0.66ns)   --->   "%store_ln44 = store i8 0, i3 %fb_409_addr" [./line_buffer.h:44->./line_buffer.h:34->predecoder_kernel.cpp:40]   --->   Operation 617 'store' 'store_ln44' <Predicate = (select_ln39_1 != 0 & select_ln39_1 != 1 & select_ln41_1 == 4 & select_ln41 == 2)> <Delay = 0.66> <CoreInst = "RAM">   --->   Core 83 'RAM' <Latency = 1> <II = 1> <Delay = 0.66> <Storage> <Opcode : 'load' 'store'> <Ports = 2> <Width = 8> <Depth = 6> <RAM>
ST_3 : Operation 618 [1/1] (0.00ns)   --->   "%br_ln44 = br void %arrayidx204.i.i_2.exit1604" [./line_buffer.h:44->./line_buffer.h:34->predecoder_kernel.cpp:40]   --->   Operation 618 'br' 'br_ln44' <Predicate = (select_ln39_1 != 0 & select_ln39_1 != 1 & select_ln41_1 == 4 & select_ln41 == 2)> <Delay = 0.00>
ST_3 : Operation 619 [1/1] (0.66ns)   --->   "%store_ln44 = store i8 0, i3 %fb_408_addr" [./line_buffer.h:44->./line_buffer.h:34->predecoder_kernel.cpp:40]   --->   Operation 619 'store' 'store_ln44' <Predicate = (select_ln39_1 != 0 & select_ln39_1 != 1 & select_ln41_1 == 4 & select_ln41 == 1)> <Delay = 0.66> <CoreInst = "RAM">   --->   Core 83 'RAM' <Latency = 1> <II = 1> <Delay = 0.66> <Storage> <Opcode : 'load' 'store'> <Ports = 2> <Width = 8> <Depth = 6> <RAM>
ST_3 : Operation 620 [1/1] (0.00ns)   --->   "%br_ln44 = br void %arrayidx204.i.i_2.exit1604" [./line_buffer.h:44->./line_buffer.h:34->predecoder_kernel.cpp:40]   --->   Operation 620 'br' 'br_ln44' <Predicate = (select_ln39_1 != 0 & select_ln39_1 != 1 & select_ln41_1 == 4 & select_ln41 == 1)> <Delay = 0.00>
ST_3 : Operation 621 [1/1] (0.66ns)   --->   "%store_ln44 = store i8 0, i3 %fb_407_addr" [./line_buffer.h:44->./line_buffer.h:34->predecoder_kernel.cpp:40]   --->   Operation 621 'store' 'store_ln44' <Predicate = (select_ln39_1 != 0 & select_ln39_1 != 1 & select_ln41_1 == 4 & select_ln41 == 0)> <Delay = 0.66> <CoreInst = "RAM">   --->   Core 83 'RAM' <Latency = 1> <II = 1> <Delay = 0.66> <Storage> <Opcode : 'load' 'store'> <Ports = 2> <Width = 8> <Depth = 6> <RAM>
ST_3 : Operation 622 [1/1] (0.00ns)   --->   "%br_ln44 = br void %arrayidx204.i.i_2.exit1604" [./line_buffer.h:44->./line_buffer.h:34->predecoder_kernel.cpp:40]   --->   Operation 622 'br' 'br_ln44' <Predicate = (select_ln39_1 != 0 & select_ln39_1 != 1 & select_ln41_1 == 4 & select_ln41 == 0)> <Delay = 0.00>
ST_3 : Operation 623 [1/1] (0.66ns)   --->   "%store_ln44 = store i8 0, i3 %fb_418_addr" [./line_buffer.h:44->./line_buffer.h:34->predecoder_kernel.cpp:40]   --->   Operation 623 'store' 'store_ln44' <Predicate = (select_ln39_1 != 0 & select_ln39_1 != 1 & select_ln41_1 == 4 & select_ln41 != 0 & select_ln41 != 1 & select_ln41 != 2 & select_ln41 != 3 & select_ln41 != 4 & select_ln41 != 5 & select_ln41 != 6 & select_ln41 != 7 & select_ln41 != 8 & select_ln41 != 9 & select_ln41 != 10)> <Delay = 0.66> <CoreInst = "RAM">   --->   Core 83 'RAM' <Latency = 1> <II = 1> <Delay = 0.66> <Storage> <Opcode : 'load' 'store'> <Ports = 2> <Width = 8> <Depth = 6> <RAM>
ST_3 : Operation 624 [1/1] (0.00ns)   --->   "%br_ln44 = br void %arrayidx204.i.i_2.exit1604" [./line_buffer.h:44->./line_buffer.h:34->predecoder_kernel.cpp:40]   --->   Operation 624 'br' 'br_ln44' <Predicate = (select_ln39_1 != 0 & select_ln39_1 != 1 & select_ln41_1 == 4 & select_ln41 != 0 & select_ln41 != 1 & select_ln41 != 2 & select_ln41 != 3 & select_ln41 != 4 & select_ln41 != 5 & select_ln41 != 6 & select_ln41 != 7 & select_ln41 != 8 & select_ln41 != 9 & select_ln41 != 10)> <Delay = 0.00>
ST_3 : Operation 625 [1/1] (0.00ns)   --->   "%br_ln44 = br void %arrayidx204.i.i_2.exit" [./line_buffer.h:44->./line_buffer.h:34->predecoder_kernel.cpp:40]   --->   Operation 625 'br' 'br_ln44' <Predicate = (select_ln39_1 != 0 & select_ln39_1 != 1 & select_ln41_1 == 4)> <Delay = 0.00>
ST_3 : Operation 626 [1/1] (0.67ns)   --->   "%switch_ln44 = switch i4 %select_ln41, void %arrayidx204.i.i_2.case.111602, i4 0, void %arrayidx204.i.i_2.case.01591, i4 1, void %arrayidx204.i.i_2.case.11592, i4 2, void %arrayidx204.i.i_2.case.21593, i4 3, void %arrayidx204.i.i_2.case.31594, i4 4, void %arrayidx204.i.i_2.case.41595, i4 5, void %arrayidx204.i.i_2.case.51596, i4 6, void %arrayidx204.i.i_2.case.61597, i4 7, void %arrayidx204.i.i_2.case.71598, i4 8, void %arrayidx204.i.i_2.case.81599, i4 9, void %arrayidx204.i.i_2.case.91600, i4 10, void %arrayidx204.i.i_2.case.101601" [./line_buffer.h:44->./line_buffer.h:34->predecoder_kernel.cpp:40]   --->   Operation 626 'switch' 'switch_ln44' <Predicate = (select_ln39_1 != 0 & select_ln39_1 != 1 & select_ln41_1 == 3)> <Delay = 0.67>
ST_3 : Operation 627 [1/1] (0.66ns)   --->   "%store_ln44 = store i8 0, i3 %fb_405_addr" [./line_buffer.h:44->./line_buffer.h:34->predecoder_kernel.cpp:40]   --->   Operation 627 'store' 'store_ln44' <Predicate = (select_ln39_1 != 0 & select_ln39_1 != 1 & select_ln41_1 == 3 & select_ln41 == 10)> <Delay = 0.66> <CoreInst = "RAM">   --->   Core 83 'RAM' <Latency = 1> <II = 1> <Delay = 0.66> <Storage> <Opcode : 'load' 'store'> <Ports = 2> <Width = 8> <Depth = 6> <RAM>
ST_3 : Operation 628 [1/1] (0.00ns)   --->   "%br_ln44 = br void %arrayidx204.i.i_2.exit1590" [./line_buffer.h:44->./line_buffer.h:34->predecoder_kernel.cpp:40]   --->   Operation 628 'br' 'br_ln44' <Predicate = (select_ln39_1 != 0 & select_ln39_1 != 1 & select_ln41_1 == 3 & select_ln41 == 10)> <Delay = 0.00>
ST_3 : Operation 629 [1/1] (0.66ns)   --->   "%store_ln44 = store i8 0, i3 %fb_404_addr" [./line_buffer.h:44->./line_buffer.h:34->predecoder_kernel.cpp:40]   --->   Operation 629 'store' 'store_ln44' <Predicate = (select_ln39_1 != 0 & select_ln39_1 != 1 & select_ln41_1 == 3 & select_ln41 == 9)> <Delay = 0.66> <CoreInst = "RAM">   --->   Core 83 'RAM' <Latency = 1> <II = 1> <Delay = 0.66> <Storage> <Opcode : 'load' 'store'> <Ports = 2> <Width = 8> <Depth = 6> <RAM>
ST_3 : Operation 630 [1/1] (0.00ns)   --->   "%br_ln44 = br void %arrayidx204.i.i_2.exit1590" [./line_buffer.h:44->./line_buffer.h:34->predecoder_kernel.cpp:40]   --->   Operation 630 'br' 'br_ln44' <Predicate = (select_ln39_1 != 0 & select_ln39_1 != 1 & select_ln41_1 == 3 & select_ln41 == 9)> <Delay = 0.00>
ST_3 : Operation 631 [1/1] (0.66ns)   --->   "%store_ln44 = store i8 0, i3 %fb_403_addr" [./line_buffer.h:44->./line_buffer.h:34->predecoder_kernel.cpp:40]   --->   Operation 631 'store' 'store_ln44' <Predicate = (select_ln39_1 != 0 & select_ln39_1 != 1 & select_ln41_1 == 3 & select_ln41 == 8)> <Delay = 0.66> <CoreInst = "RAM">   --->   Core 83 'RAM' <Latency = 1> <II = 1> <Delay = 0.66> <Storage> <Opcode : 'load' 'store'> <Ports = 2> <Width = 8> <Depth = 6> <RAM>
ST_3 : Operation 632 [1/1] (0.00ns)   --->   "%br_ln44 = br void %arrayidx204.i.i_2.exit1590" [./line_buffer.h:44->./line_buffer.h:34->predecoder_kernel.cpp:40]   --->   Operation 632 'br' 'br_ln44' <Predicate = (select_ln39_1 != 0 & select_ln39_1 != 1 & select_ln41_1 == 3 & select_ln41 == 8)> <Delay = 0.00>
ST_3 : Operation 633 [1/1] (0.66ns)   --->   "%store_ln44 = store i8 0, i3 %fb_402_addr" [./line_buffer.h:44->./line_buffer.h:34->predecoder_kernel.cpp:40]   --->   Operation 633 'store' 'store_ln44' <Predicate = (select_ln39_1 != 0 & select_ln39_1 != 1 & select_ln41_1 == 3 & select_ln41 == 7)> <Delay = 0.66> <CoreInst = "RAM">   --->   Core 83 'RAM' <Latency = 1> <II = 1> <Delay = 0.66> <Storage> <Opcode : 'load' 'store'> <Ports = 2> <Width = 8> <Depth = 6> <RAM>
ST_3 : Operation 634 [1/1] (0.00ns)   --->   "%br_ln44 = br void %arrayidx204.i.i_2.exit1590" [./line_buffer.h:44->./line_buffer.h:34->predecoder_kernel.cpp:40]   --->   Operation 634 'br' 'br_ln44' <Predicate = (select_ln39_1 != 0 & select_ln39_1 != 1 & select_ln41_1 == 3 & select_ln41 == 7)> <Delay = 0.00>
ST_3 : Operation 635 [1/1] (0.66ns)   --->   "%store_ln44 = store i8 0, i3 %fb_401_addr" [./line_buffer.h:44->./line_buffer.h:34->predecoder_kernel.cpp:40]   --->   Operation 635 'store' 'store_ln44' <Predicate = (select_ln39_1 != 0 & select_ln39_1 != 1 & select_ln41_1 == 3 & select_ln41 == 6)> <Delay = 0.66> <CoreInst = "RAM">   --->   Core 83 'RAM' <Latency = 1> <II = 1> <Delay = 0.66> <Storage> <Opcode : 'load' 'store'> <Ports = 2> <Width = 8> <Depth = 6> <RAM>
ST_3 : Operation 636 [1/1] (0.00ns)   --->   "%br_ln44 = br void %arrayidx204.i.i_2.exit1590" [./line_buffer.h:44->./line_buffer.h:34->predecoder_kernel.cpp:40]   --->   Operation 636 'br' 'br_ln44' <Predicate = (select_ln39_1 != 0 & select_ln39_1 != 1 & select_ln41_1 == 3 & select_ln41 == 6)> <Delay = 0.00>
ST_3 : Operation 637 [1/1] (0.66ns)   --->   "%store_ln44 = store i8 0, i3 %fb_400_addr" [./line_buffer.h:44->./line_buffer.h:34->predecoder_kernel.cpp:40]   --->   Operation 637 'store' 'store_ln44' <Predicate = (select_ln39_1 != 0 & select_ln39_1 != 1 & select_ln41_1 == 3 & select_ln41 == 5)> <Delay = 0.66> <CoreInst = "RAM">   --->   Core 83 'RAM' <Latency = 1> <II = 1> <Delay = 0.66> <Storage> <Opcode : 'load' 'store'> <Ports = 2> <Width = 8> <Depth = 6> <RAM>
ST_3 : Operation 638 [1/1] (0.00ns)   --->   "%br_ln44 = br void %arrayidx204.i.i_2.exit1590" [./line_buffer.h:44->./line_buffer.h:34->predecoder_kernel.cpp:40]   --->   Operation 638 'br' 'br_ln44' <Predicate = (select_ln39_1 != 0 & select_ln39_1 != 1 & select_ln41_1 == 3 & select_ln41 == 5)> <Delay = 0.00>
ST_3 : Operation 639 [1/1] (0.66ns)   --->   "%store_ln44 = store i8 0, i3 %fb_399_addr" [./line_buffer.h:44->./line_buffer.h:34->predecoder_kernel.cpp:40]   --->   Operation 639 'store' 'store_ln44' <Predicate = (select_ln39_1 != 0 & select_ln39_1 != 1 & select_ln41_1 == 3 & select_ln41 == 4)> <Delay = 0.66> <CoreInst = "RAM">   --->   Core 83 'RAM' <Latency = 1> <II = 1> <Delay = 0.66> <Storage> <Opcode : 'load' 'store'> <Ports = 2> <Width = 8> <Depth = 6> <RAM>
ST_3 : Operation 640 [1/1] (0.00ns)   --->   "%br_ln44 = br void %arrayidx204.i.i_2.exit1590" [./line_buffer.h:44->./line_buffer.h:34->predecoder_kernel.cpp:40]   --->   Operation 640 'br' 'br_ln44' <Predicate = (select_ln39_1 != 0 & select_ln39_1 != 1 & select_ln41_1 == 3 & select_ln41 == 4)> <Delay = 0.00>
ST_3 : Operation 641 [1/1] (0.66ns)   --->   "%store_ln44 = store i8 0, i3 %fb_398_addr" [./line_buffer.h:44->./line_buffer.h:34->predecoder_kernel.cpp:40]   --->   Operation 641 'store' 'store_ln44' <Predicate = (select_ln39_1 != 0 & select_ln39_1 != 1 & select_ln41_1 == 3 & select_ln41 == 3)> <Delay = 0.66> <CoreInst = "RAM">   --->   Core 83 'RAM' <Latency = 1> <II = 1> <Delay = 0.66> <Storage> <Opcode : 'load' 'store'> <Ports = 2> <Width = 8> <Depth = 6> <RAM>
ST_3 : Operation 642 [1/1] (0.00ns)   --->   "%br_ln44 = br void %arrayidx204.i.i_2.exit1590" [./line_buffer.h:44->./line_buffer.h:34->predecoder_kernel.cpp:40]   --->   Operation 642 'br' 'br_ln44' <Predicate = (select_ln39_1 != 0 & select_ln39_1 != 1 & select_ln41_1 == 3 & select_ln41 == 3)> <Delay = 0.00>
ST_3 : Operation 643 [1/1] (0.66ns)   --->   "%store_ln44 = store i8 0, i3 %fb_397_addr" [./line_buffer.h:44->./line_buffer.h:34->predecoder_kernel.cpp:40]   --->   Operation 643 'store' 'store_ln44' <Predicate = (select_ln39_1 != 0 & select_ln39_1 != 1 & select_ln41_1 == 3 & select_ln41 == 2)> <Delay = 0.66> <CoreInst = "RAM">   --->   Core 83 'RAM' <Latency = 1> <II = 1> <Delay = 0.66> <Storage> <Opcode : 'load' 'store'> <Ports = 2> <Width = 8> <Depth = 6> <RAM>
ST_3 : Operation 644 [1/1] (0.00ns)   --->   "%br_ln44 = br void %arrayidx204.i.i_2.exit1590" [./line_buffer.h:44->./line_buffer.h:34->predecoder_kernel.cpp:40]   --->   Operation 644 'br' 'br_ln44' <Predicate = (select_ln39_1 != 0 & select_ln39_1 != 1 & select_ln41_1 == 3 & select_ln41 == 2)> <Delay = 0.00>
ST_3 : Operation 645 [1/1] (0.66ns)   --->   "%store_ln44 = store i8 0, i3 %fb_396_addr" [./line_buffer.h:44->./line_buffer.h:34->predecoder_kernel.cpp:40]   --->   Operation 645 'store' 'store_ln44' <Predicate = (select_ln39_1 != 0 & select_ln39_1 != 1 & select_ln41_1 == 3 & select_ln41 == 1)> <Delay = 0.66> <CoreInst = "RAM">   --->   Core 83 'RAM' <Latency = 1> <II = 1> <Delay = 0.66> <Storage> <Opcode : 'load' 'store'> <Ports = 2> <Width = 8> <Depth = 6> <RAM>
ST_3 : Operation 646 [1/1] (0.00ns)   --->   "%br_ln44 = br void %arrayidx204.i.i_2.exit1590" [./line_buffer.h:44->./line_buffer.h:34->predecoder_kernel.cpp:40]   --->   Operation 646 'br' 'br_ln44' <Predicate = (select_ln39_1 != 0 & select_ln39_1 != 1 & select_ln41_1 == 3 & select_ln41 == 1)> <Delay = 0.00>
ST_3 : Operation 647 [1/1] (0.66ns)   --->   "%store_ln44 = store i8 0, i3 %fb_395_addr" [./line_buffer.h:44->./line_buffer.h:34->predecoder_kernel.cpp:40]   --->   Operation 647 'store' 'store_ln44' <Predicate = (select_ln39_1 != 0 & select_ln39_1 != 1 & select_ln41_1 == 3 & select_ln41 == 0)> <Delay = 0.66> <CoreInst = "RAM">   --->   Core 83 'RAM' <Latency = 1> <II = 1> <Delay = 0.66> <Storage> <Opcode : 'load' 'store'> <Ports = 2> <Width = 8> <Depth = 6> <RAM>
ST_3 : Operation 648 [1/1] (0.00ns)   --->   "%br_ln44 = br void %arrayidx204.i.i_2.exit1590" [./line_buffer.h:44->./line_buffer.h:34->predecoder_kernel.cpp:40]   --->   Operation 648 'br' 'br_ln44' <Predicate = (select_ln39_1 != 0 & select_ln39_1 != 1 & select_ln41_1 == 3 & select_ln41 == 0)> <Delay = 0.00>
ST_3 : Operation 649 [1/1] (0.66ns)   --->   "%store_ln44 = store i8 0, i3 %fb_406_addr" [./line_buffer.h:44->./line_buffer.h:34->predecoder_kernel.cpp:40]   --->   Operation 649 'store' 'store_ln44' <Predicate = (select_ln39_1 != 0 & select_ln39_1 != 1 & select_ln41_1 == 3 & select_ln41 != 0 & select_ln41 != 1 & select_ln41 != 2 & select_ln41 != 3 & select_ln41 != 4 & select_ln41 != 5 & select_ln41 != 6 & select_ln41 != 7 & select_ln41 != 8 & select_ln41 != 9 & select_ln41 != 10)> <Delay = 0.66> <CoreInst = "RAM">   --->   Core 83 'RAM' <Latency = 1> <II = 1> <Delay = 0.66> <Storage> <Opcode : 'load' 'store'> <Ports = 2> <Width = 8> <Depth = 6> <RAM>
ST_3 : Operation 650 [1/1] (0.00ns)   --->   "%br_ln44 = br void %arrayidx204.i.i_2.exit1590" [./line_buffer.h:44->./line_buffer.h:34->predecoder_kernel.cpp:40]   --->   Operation 650 'br' 'br_ln44' <Predicate = (select_ln39_1 != 0 & select_ln39_1 != 1 & select_ln41_1 == 3 & select_ln41 != 0 & select_ln41 != 1 & select_ln41 != 2 & select_ln41 != 3 & select_ln41 != 4 & select_ln41 != 5 & select_ln41 != 6 & select_ln41 != 7 & select_ln41 != 8 & select_ln41 != 9 & select_ln41 != 10)> <Delay = 0.00>
ST_3 : Operation 651 [1/1] (0.00ns)   --->   "%br_ln44 = br void %arrayidx204.i.i_2.exit" [./line_buffer.h:44->./line_buffer.h:34->predecoder_kernel.cpp:40]   --->   Operation 651 'br' 'br_ln44' <Predicate = (select_ln39_1 != 0 & select_ln39_1 != 1 & select_ln41_1 == 3)> <Delay = 0.00>
ST_3 : Operation 652 [1/1] (0.67ns)   --->   "%switch_ln44 = switch i4 %select_ln41, void %arrayidx204.i.i_2.case.111588, i4 0, void %arrayidx204.i.i_2.case.01577, i4 1, void %arrayidx204.i.i_2.case.11578, i4 2, void %arrayidx204.i.i_2.case.21579, i4 3, void %arrayidx204.i.i_2.case.31580, i4 4, void %arrayidx204.i.i_2.case.41581, i4 5, void %arrayidx204.i.i_2.case.51582, i4 6, void %arrayidx204.i.i_2.case.61583, i4 7, void %arrayidx204.i.i_2.case.71584, i4 8, void %arrayidx204.i.i_2.case.81585, i4 9, void %arrayidx204.i.i_2.case.91586, i4 10, void %arrayidx204.i.i_2.case.101587" [./line_buffer.h:44->./line_buffer.h:34->predecoder_kernel.cpp:40]   --->   Operation 652 'switch' 'switch_ln44' <Predicate = (select_ln39_1 != 0 & select_ln39_1 != 1 & select_ln41_1 == 2)> <Delay = 0.67>
ST_3 : Operation 653 [1/1] (0.66ns)   --->   "%store_ln44 = store i8 0, i3 %fb_393_addr" [./line_buffer.h:44->./line_buffer.h:34->predecoder_kernel.cpp:40]   --->   Operation 653 'store' 'store_ln44' <Predicate = (select_ln39_1 != 0 & select_ln39_1 != 1 & select_ln41_1 == 2 & select_ln41 == 10)> <Delay = 0.66> <CoreInst = "RAM">   --->   Core 83 'RAM' <Latency = 1> <II = 1> <Delay = 0.66> <Storage> <Opcode : 'load' 'store'> <Ports = 2> <Width = 8> <Depth = 6> <RAM>
ST_3 : Operation 654 [1/1] (0.00ns)   --->   "%br_ln44 = br void %arrayidx204.i.i_2.exit1576" [./line_buffer.h:44->./line_buffer.h:34->predecoder_kernel.cpp:40]   --->   Operation 654 'br' 'br_ln44' <Predicate = (select_ln39_1 != 0 & select_ln39_1 != 1 & select_ln41_1 == 2 & select_ln41 == 10)> <Delay = 0.00>
ST_3 : Operation 655 [1/1] (0.66ns)   --->   "%store_ln44 = store i8 0, i3 %fb_392_addr" [./line_buffer.h:44->./line_buffer.h:34->predecoder_kernel.cpp:40]   --->   Operation 655 'store' 'store_ln44' <Predicate = (select_ln39_1 != 0 & select_ln39_1 != 1 & select_ln41_1 == 2 & select_ln41 == 9)> <Delay = 0.66> <CoreInst = "RAM">   --->   Core 83 'RAM' <Latency = 1> <II = 1> <Delay = 0.66> <Storage> <Opcode : 'load' 'store'> <Ports = 2> <Width = 8> <Depth = 6> <RAM>
ST_3 : Operation 656 [1/1] (0.00ns)   --->   "%br_ln44 = br void %arrayidx204.i.i_2.exit1576" [./line_buffer.h:44->./line_buffer.h:34->predecoder_kernel.cpp:40]   --->   Operation 656 'br' 'br_ln44' <Predicate = (select_ln39_1 != 0 & select_ln39_1 != 1 & select_ln41_1 == 2 & select_ln41 == 9)> <Delay = 0.00>
ST_3 : Operation 657 [1/1] (0.66ns)   --->   "%store_ln44 = store i8 0, i3 %fb_391_addr" [./line_buffer.h:44->./line_buffer.h:34->predecoder_kernel.cpp:40]   --->   Operation 657 'store' 'store_ln44' <Predicate = (select_ln39_1 != 0 & select_ln39_1 != 1 & select_ln41_1 == 2 & select_ln41 == 8)> <Delay = 0.66> <CoreInst = "RAM">   --->   Core 83 'RAM' <Latency = 1> <II = 1> <Delay = 0.66> <Storage> <Opcode : 'load' 'store'> <Ports = 2> <Width = 8> <Depth = 6> <RAM>
ST_3 : Operation 658 [1/1] (0.00ns)   --->   "%br_ln44 = br void %arrayidx204.i.i_2.exit1576" [./line_buffer.h:44->./line_buffer.h:34->predecoder_kernel.cpp:40]   --->   Operation 658 'br' 'br_ln44' <Predicate = (select_ln39_1 != 0 & select_ln39_1 != 1 & select_ln41_1 == 2 & select_ln41 == 8)> <Delay = 0.00>
ST_3 : Operation 659 [1/1] (0.66ns)   --->   "%store_ln44 = store i8 0, i3 %fb_390_addr" [./line_buffer.h:44->./line_buffer.h:34->predecoder_kernel.cpp:40]   --->   Operation 659 'store' 'store_ln44' <Predicate = (select_ln39_1 != 0 & select_ln39_1 != 1 & select_ln41_1 == 2 & select_ln41 == 7)> <Delay = 0.66> <CoreInst = "RAM">   --->   Core 83 'RAM' <Latency = 1> <II = 1> <Delay = 0.66> <Storage> <Opcode : 'load' 'store'> <Ports = 2> <Width = 8> <Depth = 6> <RAM>
ST_3 : Operation 660 [1/1] (0.00ns)   --->   "%br_ln44 = br void %arrayidx204.i.i_2.exit1576" [./line_buffer.h:44->./line_buffer.h:34->predecoder_kernel.cpp:40]   --->   Operation 660 'br' 'br_ln44' <Predicate = (select_ln39_1 != 0 & select_ln39_1 != 1 & select_ln41_1 == 2 & select_ln41 == 7)> <Delay = 0.00>
ST_3 : Operation 661 [1/1] (0.66ns)   --->   "%store_ln44 = store i8 0, i3 %fb_389_addr" [./line_buffer.h:44->./line_buffer.h:34->predecoder_kernel.cpp:40]   --->   Operation 661 'store' 'store_ln44' <Predicate = (select_ln39_1 != 0 & select_ln39_1 != 1 & select_ln41_1 == 2 & select_ln41 == 6)> <Delay = 0.66> <CoreInst = "RAM">   --->   Core 83 'RAM' <Latency = 1> <II = 1> <Delay = 0.66> <Storage> <Opcode : 'load' 'store'> <Ports = 2> <Width = 8> <Depth = 6> <RAM>
ST_3 : Operation 662 [1/1] (0.00ns)   --->   "%br_ln44 = br void %arrayidx204.i.i_2.exit1576" [./line_buffer.h:44->./line_buffer.h:34->predecoder_kernel.cpp:40]   --->   Operation 662 'br' 'br_ln44' <Predicate = (select_ln39_1 != 0 & select_ln39_1 != 1 & select_ln41_1 == 2 & select_ln41 == 6)> <Delay = 0.00>
ST_3 : Operation 663 [1/1] (0.66ns)   --->   "%store_ln44 = store i8 0, i3 %fb_388_addr" [./line_buffer.h:44->./line_buffer.h:34->predecoder_kernel.cpp:40]   --->   Operation 663 'store' 'store_ln44' <Predicate = (select_ln39_1 != 0 & select_ln39_1 != 1 & select_ln41_1 == 2 & select_ln41 == 5)> <Delay = 0.66> <CoreInst = "RAM">   --->   Core 83 'RAM' <Latency = 1> <II = 1> <Delay = 0.66> <Storage> <Opcode : 'load' 'store'> <Ports = 2> <Width = 8> <Depth = 6> <RAM>
ST_3 : Operation 664 [1/1] (0.00ns)   --->   "%br_ln44 = br void %arrayidx204.i.i_2.exit1576" [./line_buffer.h:44->./line_buffer.h:34->predecoder_kernel.cpp:40]   --->   Operation 664 'br' 'br_ln44' <Predicate = (select_ln39_1 != 0 & select_ln39_1 != 1 & select_ln41_1 == 2 & select_ln41 == 5)> <Delay = 0.00>
ST_3 : Operation 665 [1/1] (0.66ns)   --->   "%store_ln44 = store i8 0, i3 %fb_387_addr" [./line_buffer.h:44->./line_buffer.h:34->predecoder_kernel.cpp:40]   --->   Operation 665 'store' 'store_ln44' <Predicate = (select_ln39_1 != 0 & select_ln39_1 != 1 & select_ln41_1 == 2 & select_ln41 == 4)> <Delay = 0.66> <CoreInst = "RAM">   --->   Core 83 'RAM' <Latency = 1> <II = 1> <Delay = 0.66> <Storage> <Opcode : 'load' 'store'> <Ports = 2> <Width = 8> <Depth = 6> <RAM>
ST_3 : Operation 666 [1/1] (0.00ns)   --->   "%br_ln44 = br void %arrayidx204.i.i_2.exit1576" [./line_buffer.h:44->./line_buffer.h:34->predecoder_kernel.cpp:40]   --->   Operation 666 'br' 'br_ln44' <Predicate = (select_ln39_1 != 0 & select_ln39_1 != 1 & select_ln41_1 == 2 & select_ln41 == 4)> <Delay = 0.00>
ST_3 : Operation 667 [1/1] (0.66ns)   --->   "%store_ln44 = store i8 0, i3 %fb_386_addr" [./line_buffer.h:44->./line_buffer.h:34->predecoder_kernel.cpp:40]   --->   Operation 667 'store' 'store_ln44' <Predicate = (select_ln39_1 != 0 & select_ln39_1 != 1 & select_ln41_1 == 2 & select_ln41 == 3)> <Delay = 0.66> <CoreInst = "RAM">   --->   Core 83 'RAM' <Latency = 1> <II = 1> <Delay = 0.66> <Storage> <Opcode : 'load' 'store'> <Ports = 2> <Width = 8> <Depth = 6> <RAM>
ST_3 : Operation 668 [1/1] (0.00ns)   --->   "%br_ln44 = br void %arrayidx204.i.i_2.exit1576" [./line_buffer.h:44->./line_buffer.h:34->predecoder_kernel.cpp:40]   --->   Operation 668 'br' 'br_ln44' <Predicate = (select_ln39_1 != 0 & select_ln39_1 != 1 & select_ln41_1 == 2 & select_ln41 == 3)> <Delay = 0.00>
ST_3 : Operation 669 [1/1] (0.66ns)   --->   "%store_ln44 = store i8 0, i3 %fb_385_addr" [./line_buffer.h:44->./line_buffer.h:34->predecoder_kernel.cpp:40]   --->   Operation 669 'store' 'store_ln44' <Predicate = (select_ln39_1 != 0 & select_ln39_1 != 1 & select_ln41_1 == 2 & select_ln41 == 2)> <Delay = 0.66> <CoreInst = "RAM">   --->   Core 83 'RAM' <Latency = 1> <II = 1> <Delay = 0.66> <Storage> <Opcode : 'load' 'store'> <Ports = 2> <Width = 8> <Depth = 6> <RAM>
ST_3 : Operation 670 [1/1] (0.00ns)   --->   "%br_ln44 = br void %arrayidx204.i.i_2.exit1576" [./line_buffer.h:44->./line_buffer.h:34->predecoder_kernel.cpp:40]   --->   Operation 670 'br' 'br_ln44' <Predicate = (select_ln39_1 != 0 & select_ln39_1 != 1 & select_ln41_1 == 2 & select_ln41 == 2)> <Delay = 0.00>
ST_3 : Operation 671 [1/1] (0.66ns)   --->   "%store_ln44 = store i8 0, i3 %fb_384_addr" [./line_buffer.h:44->./line_buffer.h:34->predecoder_kernel.cpp:40]   --->   Operation 671 'store' 'store_ln44' <Predicate = (select_ln39_1 != 0 & select_ln39_1 != 1 & select_ln41_1 == 2 & select_ln41 == 1)> <Delay = 0.66> <CoreInst = "RAM">   --->   Core 83 'RAM' <Latency = 1> <II = 1> <Delay = 0.66> <Storage> <Opcode : 'load' 'store'> <Ports = 2> <Width = 8> <Depth = 6> <RAM>
ST_3 : Operation 672 [1/1] (0.00ns)   --->   "%br_ln44 = br void %arrayidx204.i.i_2.exit1576" [./line_buffer.h:44->./line_buffer.h:34->predecoder_kernel.cpp:40]   --->   Operation 672 'br' 'br_ln44' <Predicate = (select_ln39_1 != 0 & select_ln39_1 != 1 & select_ln41_1 == 2 & select_ln41 == 1)> <Delay = 0.00>
ST_3 : Operation 673 [1/1] (0.66ns)   --->   "%store_ln44 = store i8 0, i3 %fb_383_addr" [./line_buffer.h:44->./line_buffer.h:34->predecoder_kernel.cpp:40]   --->   Operation 673 'store' 'store_ln44' <Predicate = (select_ln39_1 != 0 & select_ln39_1 != 1 & select_ln41_1 == 2 & select_ln41 == 0)> <Delay = 0.66> <CoreInst = "RAM">   --->   Core 83 'RAM' <Latency = 1> <II = 1> <Delay = 0.66> <Storage> <Opcode : 'load' 'store'> <Ports = 2> <Width = 8> <Depth = 6> <RAM>
ST_3 : Operation 674 [1/1] (0.00ns)   --->   "%br_ln44 = br void %arrayidx204.i.i_2.exit1576" [./line_buffer.h:44->./line_buffer.h:34->predecoder_kernel.cpp:40]   --->   Operation 674 'br' 'br_ln44' <Predicate = (select_ln39_1 != 0 & select_ln39_1 != 1 & select_ln41_1 == 2 & select_ln41 == 0)> <Delay = 0.00>
ST_3 : Operation 675 [1/1] (0.66ns)   --->   "%store_ln44 = store i8 0, i3 %fb_394_addr" [./line_buffer.h:44->./line_buffer.h:34->predecoder_kernel.cpp:40]   --->   Operation 675 'store' 'store_ln44' <Predicate = (select_ln39_1 != 0 & select_ln39_1 != 1 & select_ln41_1 == 2 & select_ln41 != 0 & select_ln41 != 1 & select_ln41 != 2 & select_ln41 != 3 & select_ln41 != 4 & select_ln41 != 5 & select_ln41 != 6 & select_ln41 != 7 & select_ln41 != 8 & select_ln41 != 9 & select_ln41 != 10)> <Delay = 0.66> <CoreInst = "RAM">   --->   Core 83 'RAM' <Latency = 1> <II = 1> <Delay = 0.66> <Storage> <Opcode : 'load' 'store'> <Ports = 2> <Width = 8> <Depth = 6> <RAM>
ST_3 : Operation 676 [1/1] (0.00ns)   --->   "%br_ln44 = br void %arrayidx204.i.i_2.exit1576" [./line_buffer.h:44->./line_buffer.h:34->predecoder_kernel.cpp:40]   --->   Operation 676 'br' 'br_ln44' <Predicate = (select_ln39_1 != 0 & select_ln39_1 != 1 & select_ln41_1 == 2 & select_ln41 != 0 & select_ln41 != 1 & select_ln41 != 2 & select_ln41 != 3 & select_ln41 != 4 & select_ln41 != 5 & select_ln41 != 6 & select_ln41 != 7 & select_ln41 != 8 & select_ln41 != 9 & select_ln41 != 10)> <Delay = 0.00>
ST_3 : Operation 677 [1/1] (0.00ns)   --->   "%br_ln44 = br void %arrayidx204.i.i_2.exit" [./line_buffer.h:44->./line_buffer.h:34->predecoder_kernel.cpp:40]   --->   Operation 677 'br' 'br_ln44' <Predicate = (select_ln39_1 != 0 & select_ln39_1 != 1 & select_ln41_1 == 2)> <Delay = 0.00>
ST_3 : Operation 678 [1/1] (0.67ns)   --->   "%switch_ln44 = switch i4 %select_ln41, void %arrayidx204.i.i_2.case.111574, i4 0, void %arrayidx204.i.i_2.case.01563, i4 1, void %arrayidx204.i.i_2.case.11564, i4 2, void %arrayidx204.i.i_2.case.21565, i4 3, void %arrayidx204.i.i_2.case.31566, i4 4, void %arrayidx204.i.i_2.case.41567, i4 5, void %arrayidx204.i.i_2.case.51568, i4 6, void %arrayidx204.i.i_2.case.61569, i4 7, void %arrayidx204.i.i_2.case.71570, i4 8, void %arrayidx204.i.i_2.case.81571, i4 9, void %arrayidx204.i.i_2.case.91572, i4 10, void %arrayidx204.i.i_2.case.101573" [./line_buffer.h:44->./line_buffer.h:34->predecoder_kernel.cpp:40]   --->   Operation 678 'switch' 'switch_ln44' <Predicate = (select_ln39_1 != 0 & select_ln39_1 != 1 & select_ln41_1 == 1)> <Delay = 0.67>
ST_3 : Operation 679 [1/1] (0.66ns)   --->   "%store_ln44 = store i8 0, i3 %fb_381_addr" [./line_buffer.h:44->./line_buffer.h:34->predecoder_kernel.cpp:40]   --->   Operation 679 'store' 'store_ln44' <Predicate = (select_ln39_1 != 0 & select_ln39_1 != 1 & select_ln41_1 == 1 & select_ln41 == 10)> <Delay = 0.66> <CoreInst = "RAM">   --->   Core 83 'RAM' <Latency = 1> <II = 1> <Delay = 0.66> <Storage> <Opcode : 'load' 'store'> <Ports = 2> <Width = 8> <Depth = 6> <RAM>
ST_3 : Operation 680 [1/1] (0.00ns)   --->   "%br_ln44 = br void %arrayidx204.i.i_2.exit1562" [./line_buffer.h:44->./line_buffer.h:34->predecoder_kernel.cpp:40]   --->   Operation 680 'br' 'br_ln44' <Predicate = (select_ln39_1 != 0 & select_ln39_1 != 1 & select_ln41_1 == 1 & select_ln41 == 10)> <Delay = 0.00>
ST_3 : Operation 681 [1/1] (0.66ns)   --->   "%store_ln44 = store i8 0, i3 %fb_380_addr" [./line_buffer.h:44->./line_buffer.h:34->predecoder_kernel.cpp:40]   --->   Operation 681 'store' 'store_ln44' <Predicate = (select_ln39_1 != 0 & select_ln39_1 != 1 & select_ln41_1 == 1 & select_ln41 == 9)> <Delay = 0.66> <CoreInst = "RAM">   --->   Core 83 'RAM' <Latency = 1> <II = 1> <Delay = 0.66> <Storage> <Opcode : 'load' 'store'> <Ports = 2> <Width = 8> <Depth = 6> <RAM>
ST_3 : Operation 682 [1/1] (0.00ns)   --->   "%br_ln44 = br void %arrayidx204.i.i_2.exit1562" [./line_buffer.h:44->./line_buffer.h:34->predecoder_kernel.cpp:40]   --->   Operation 682 'br' 'br_ln44' <Predicate = (select_ln39_1 != 0 & select_ln39_1 != 1 & select_ln41_1 == 1 & select_ln41 == 9)> <Delay = 0.00>
ST_3 : Operation 683 [1/1] (0.66ns)   --->   "%store_ln44 = store i8 0, i3 %fb_379_addr" [./line_buffer.h:44->./line_buffer.h:34->predecoder_kernel.cpp:40]   --->   Operation 683 'store' 'store_ln44' <Predicate = (select_ln39_1 != 0 & select_ln39_1 != 1 & select_ln41_1 == 1 & select_ln41 == 8)> <Delay = 0.66> <CoreInst = "RAM">   --->   Core 83 'RAM' <Latency = 1> <II = 1> <Delay = 0.66> <Storage> <Opcode : 'load' 'store'> <Ports = 2> <Width = 8> <Depth = 6> <RAM>
ST_3 : Operation 684 [1/1] (0.00ns)   --->   "%br_ln44 = br void %arrayidx204.i.i_2.exit1562" [./line_buffer.h:44->./line_buffer.h:34->predecoder_kernel.cpp:40]   --->   Operation 684 'br' 'br_ln44' <Predicate = (select_ln39_1 != 0 & select_ln39_1 != 1 & select_ln41_1 == 1 & select_ln41 == 8)> <Delay = 0.00>
ST_3 : Operation 685 [1/1] (0.66ns)   --->   "%store_ln44 = store i8 0, i3 %fb_378_addr" [./line_buffer.h:44->./line_buffer.h:34->predecoder_kernel.cpp:40]   --->   Operation 685 'store' 'store_ln44' <Predicate = (select_ln39_1 != 0 & select_ln39_1 != 1 & select_ln41_1 == 1 & select_ln41 == 7)> <Delay = 0.66> <CoreInst = "RAM">   --->   Core 83 'RAM' <Latency = 1> <II = 1> <Delay = 0.66> <Storage> <Opcode : 'load' 'store'> <Ports = 2> <Width = 8> <Depth = 6> <RAM>
ST_3 : Operation 686 [1/1] (0.00ns)   --->   "%br_ln44 = br void %arrayidx204.i.i_2.exit1562" [./line_buffer.h:44->./line_buffer.h:34->predecoder_kernel.cpp:40]   --->   Operation 686 'br' 'br_ln44' <Predicate = (select_ln39_1 != 0 & select_ln39_1 != 1 & select_ln41_1 == 1 & select_ln41 == 7)> <Delay = 0.00>
ST_3 : Operation 687 [1/1] (0.66ns)   --->   "%store_ln44 = store i8 0, i3 %fb_377_addr" [./line_buffer.h:44->./line_buffer.h:34->predecoder_kernel.cpp:40]   --->   Operation 687 'store' 'store_ln44' <Predicate = (select_ln39_1 != 0 & select_ln39_1 != 1 & select_ln41_1 == 1 & select_ln41 == 6)> <Delay = 0.66> <CoreInst = "RAM">   --->   Core 83 'RAM' <Latency = 1> <II = 1> <Delay = 0.66> <Storage> <Opcode : 'load' 'store'> <Ports = 2> <Width = 8> <Depth = 6> <RAM>
ST_3 : Operation 688 [1/1] (0.00ns)   --->   "%br_ln44 = br void %arrayidx204.i.i_2.exit1562" [./line_buffer.h:44->./line_buffer.h:34->predecoder_kernel.cpp:40]   --->   Operation 688 'br' 'br_ln44' <Predicate = (select_ln39_1 != 0 & select_ln39_1 != 1 & select_ln41_1 == 1 & select_ln41 == 6)> <Delay = 0.00>
ST_3 : Operation 689 [1/1] (0.66ns)   --->   "%store_ln44 = store i8 0, i3 %fb_376_addr" [./line_buffer.h:44->./line_buffer.h:34->predecoder_kernel.cpp:40]   --->   Operation 689 'store' 'store_ln44' <Predicate = (select_ln39_1 != 0 & select_ln39_1 != 1 & select_ln41_1 == 1 & select_ln41 == 5)> <Delay = 0.66> <CoreInst = "RAM">   --->   Core 83 'RAM' <Latency = 1> <II = 1> <Delay = 0.66> <Storage> <Opcode : 'load' 'store'> <Ports = 2> <Width = 8> <Depth = 6> <RAM>
ST_3 : Operation 690 [1/1] (0.00ns)   --->   "%br_ln44 = br void %arrayidx204.i.i_2.exit1562" [./line_buffer.h:44->./line_buffer.h:34->predecoder_kernel.cpp:40]   --->   Operation 690 'br' 'br_ln44' <Predicate = (select_ln39_1 != 0 & select_ln39_1 != 1 & select_ln41_1 == 1 & select_ln41 == 5)> <Delay = 0.00>
ST_3 : Operation 691 [1/1] (0.66ns)   --->   "%store_ln44 = store i8 0, i3 %fb_375_addr" [./line_buffer.h:44->./line_buffer.h:34->predecoder_kernel.cpp:40]   --->   Operation 691 'store' 'store_ln44' <Predicate = (select_ln39_1 != 0 & select_ln39_1 != 1 & select_ln41_1 == 1 & select_ln41 == 4)> <Delay = 0.66> <CoreInst = "RAM">   --->   Core 83 'RAM' <Latency = 1> <II = 1> <Delay = 0.66> <Storage> <Opcode : 'load' 'store'> <Ports = 2> <Width = 8> <Depth = 6> <RAM>
ST_3 : Operation 692 [1/1] (0.00ns)   --->   "%br_ln44 = br void %arrayidx204.i.i_2.exit1562" [./line_buffer.h:44->./line_buffer.h:34->predecoder_kernel.cpp:40]   --->   Operation 692 'br' 'br_ln44' <Predicate = (select_ln39_1 != 0 & select_ln39_1 != 1 & select_ln41_1 == 1 & select_ln41 == 4)> <Delay = 0.00>
ST_3 : Operation 693 [1/1] (0.66ns)   --->   "%store_ln44 = store i8 0, i3 %fb_374_addr" [./line_buffer.h:44->./line_buffer.h:34->predecoder_kernel.cpp:40]   --->   Operation 693 'store' 'store_ln44' <Predicate = (select_ln39_1 != 0 & select_ln39_1 != 1 & select_ln41_1 == 1 & select_ln41 == 3)> <Delay = 0.66> <CoreInst = "RAM">   --->   Core 83 'RAM' <Latency = 1> <II = 1> <Delay = 0.66> <Storage> <Opcode : 'load' 'store'> <Ports = 2> <Width = 8> <Depth = 6> <RAM>
ST_3 : Operation 694 [1/1] (0.00ns)   --->   "%br_ln44 = br void %arrayidx204.i.i_2.exit1562" [./line_buffer.h:44->./line_buffer.h:34->predecoder_kernel.cpp:40]   --->   Operation 694 'br' 'br_ln44' <Predicate = (select_ln39_1 != 0 & select_ln39_1 != 1 & select_ln41_1 == 1 & select_ln41 == 3)> <Delay = 0.00>
ST_3 : Operation 695 [1/1] (0.66ns)   --->   "%store_ln44 = store i8 0, i3 %fb_373_addr" [./line_buffer.h:44->./line_buffer.h:34->predecoder_kernel.cpp:40]   --->   Operation 695 'store' 'store_ln44' <Predicate = (select_ln39_1 != 0 & select_ln39_1 != 1 & select_ln41_1 == 1 & select_ln41 == 2)> <Delay = 0.66> <CoreInst = "RAM">   --->   Core 83 'RAM' <Latency = 1> <II = 1> <Delay = 0.66> <Storage> <Opcode : 'load' 'store'> <Ports = 2> <Width = 8> <Depth = 6> <RAM>
ST_3 : Operation 696 [1/1] (0.00ns)   --->   "%br_ln44 = br void %arrayidx204.i.i_2.exit1562" [./line_buffer.h:44->./line_buffer.h:34->predecoder_kernel.cpp:40]   --->   Operation 696 'br' 'br_ln44' <Predicate = (select_ln39_1 != 0 & select_ln39_1 != 1 & select_ln41_1 == 1 & select_ln41 == 2)> <Delay = 0.00>
ST_3 : Operation 697 [1/1] (0.66ns)   --->   "%store_ln44 = store i8 0, i3 %fb_372_addr" [./line_buffer.h:44->./line_buffer.h:34->predecoder_kernel.cpp:40]   --->   Operation 697 'store' 'store_ln44' <Predicate = (select_ln39_1 != 0 & select_ln39_1 != 1 & select_ln41_1 == 1 & select_ln41 == 1)> <Delay = 0.66> <CoreInst = "RAM">   --->   Core 83 'RAM' <Latency = 1> <II = 1> <Delay = 0.66> <Storage> <Opcode : 'load' 'store'> <Ports = 2> <Width = 8> <Depth = 6> <RAM>
ST_3 : Operation 698 [1/1] (0.00ns)   --->   "%br_ln44 = br void %arrayidx204.i.i_2.exit1562" [./line_buffer.h:44->./line_buffer.h:34->predecoder_kernel.cpp:40]   --->   Operation 698 'br' 'br_ln44' <Predicate = (select_ln39_1 != 0 & select_ln39_1 != 1 & select_ln41_1 == 1 & select_ln41 == 1)> <Delay = 0.00>
ST_3 : Operation 699 [1/1] (0.66ns)   --->   "%store_ln44 = store i8 0, i3 %fb_371_addr" [./line_buffer.h:44->./line_buffer.h:34->predecoder_kernel.cpp:40]   --->   Operation 699 'store' 'store_ln44' <Predicate = (select_ln39_1 != 0 & select_ln39_1 != 1 & select_ln41_1 == 1 & select_ln41 == 0)> <Delay = 0.66> <CoreInst = "RAM">   --->   Core 83 'RAM' <Latency = 1> <II = 1> <Delay = 0.66> <Storage> <Opcode : 'load' 'store'> <Ports = 2> <Width = 8> <Depth = 6> <RAM>
ST_3 : Operation 700 [1/1] (0.00ns)   --->   "%br_ln44 = br void %arrayidx204.i.i_2.exit1562" [./line_buffer.h:44->./line_buffer.h:34->predecoder_kernel.cpp:40]   --->   Operation 700 'br' 'br_ln44' <Predicate = (select_ln39_1 != 0 & select_ln39_1 != 1 & select_ln41_1 == 1 & select_ln41 == 0)> <Delay = 0.00>
ST_3 : Operation 701 [1/1] (0.66ns)   --->   "%store_ln44 = store i8 0, i3 %fb_382_addr" [./line_buffer.h:44->./line_buffer.h:34->predecoder_kernel.cpp:40]   --->   Operation 701 'store' 'store_ln44' <Predicate = (select_ln39_1 != 0 & select_ln39_1 != 1 & select_ln41_1 == 1 & select_ln41 != 0 & select_ln41 != 1 & select_ln41 != 2 & select_ln41 != 3 & select_ln41 != 4 & select_ln41 != 5 & select_ln41 != 6 & select_ln41 != 7 & select_ln41 != 8 & select_ln41 != 9 & select_ln41 != 10)> <Delay = 0.66> <CoreInst = "RAM">   --->   Core 83 'RAM' <Latency = 1> <II = 1> <Delay = 0.66> <Storage> <Opcode : 'load' 'store'> <Ports = 2> <Width = 8> <Depth = 6> <RAM>
ST_3 : Operation 702 [1/1] (0.00ns)   --->   "%br_ln44 = br void %arrayidx204.i.i_2.exit1562" [./line_buffer.h:44->./line_buffer.h:34->predecoder_kernel.cpp:40]   --->   Operation 702 'br' 'br_ln44' <Predicate = (select_ln39_1 != 0 & select_ln39_1 != 1 & select_ln41_1 == 1 & select_ln41 != 0 & select_ln41 != 1 & select_ln41 != 2 & select_ln41 != 3 & select_ln41 != 4 & select_ln41 != 5 & select_ln41 != 6 & select_ln41 != 7 & select_ln41 != 8 & select_ln41 != 9 & select_ln41 != 10)> <Delay = 0.00>
ST_3 : Operation 703 [1/1] (0.00ns)   --->   "%br_ln44 = br void %arrayidx204.i.i_2.exit" [./line_buffer.h:44->./line_buffer.h:34->predecoder_kernel.cpp:40]   --->   Operation 703 'br' 'br_ln44' <Predicate = (select_ln39_1 != 0 & select_ln39_1 != 1 & select_ln41_1 == 1)> <Delay = 0.00>
ST_3 : Operation 704 [1/1] (0.67ns)   --->   "%switch_ln44 = switch i4 %select_ln41, void %arrayidx204.i.i_2.case.11, i4 0, void %arrayidx204.i.i_2.case.01555, i4 1, void %arrayidx204.i.i_2.case.11556, i4 2, void %arrayidx204.i.i_2.case.21557, i4 3, void %arrayidx204.i.i_2.case.31558, i4 4, void %arrayidx204.i.i_2.case.41559, i4 5, void %arrayidx204.i.i_2.case.51560, i4 6, void %arrayidx204.i.i_2.case.6, i4 7, void %arrayidx204.i.i_2.case.7, i4 8, void %arrayidx204.i.i_2.case.8, i4 9, void %arrayidx204.i.i_2.case.9, i4 10, void %arrayidx204.i.i_2.case.10" [./line_buffer.h:44->./line_buffer.h:34->predecoder_kernel.cpp:40]   --->   Operation 704 'switch' 'switch_ln44' <Predicate = (select_ln39_1 != 0 & select_ln39_1 != 1 & select_ln41_1 == 0)> <Delay = 0.67>
ST_3 : Operation 705 [1/1] (0.66ns)   --->   "%store_ln44 = store i8 0, i3 %fb_369_addr" [./line_buffer.h:44->./line_buffer.h:34->predecoder_kernel.cpp:40]   --->   Operation 705 'store' 'store_ln44' <Predicate = (select_ln39_1 != 0 & select_ln39_1 != 1 & select_ln41_1 == 0 & select_ln41 == 10)> <Delay = 0.66> <CoreInst = "RAM">   --->   Core 83 'RAM' <Latency = 1> <II = 1> <Delay = 0.66> <Storage> <Opcode : 'load' 'store'> <Ports = 2> <Width = 8> <Depth = 6> <RAM>
ST_3 : Operation 706 [1/1] (0.00ns)   --->   "%br_ln44 = br void %arrayidx204.i.i_2.exit1554" [./line_buffer.h:44->./line_buffer.h:34->predecoder_kernel.cpp:40]   --->   Operation 706 'br' 'br_ln44' <Predicate = (select_ln39_1 != 0 & select_ln39_1 != 1 & select_ln41_1 == 0 & select_ln41 == 10)> <Delay = 0.00>
ST_3 : Operation 707 [1/1] (0.66ns)   --->   "%store_ln44 = store i8 0, i3 %fb_368_addr" [./line_buffer.h:44->./line_buffer.h:34->predecoder_kernel.cpp:40]   --->   Operation 707 'store' 'store_ln44' <Predicate = (select_ln39_1 != 0 & select_ln39_1 != 1 & select_ln41_1 == 0 & select_ln41 == 9)> <Delay = 0.66> <CoreInst = "RAM">   --->   Core 83 'RAM' <Latency = 1> <II = 1> <Delay = 0.66> <Storage> <Opcode : 'load' 'store'> <Ports = 2> <Width = 8> <Depth = 6> <RAM>
ST_3 : Operation 708 [1/1] (0.00ns)   --->   "%br_ln44 = br void %arrayidx204.i.i_2.exit1554" [./line_buffer.h:44->./line_buffer.h:34->predecoder_kernel.cpp:40]   --->   Operation 708 'br' 'br_ln44' <Predicate = (select_ln39_1 != 0 & select_ln39_1 != 1 & select_ln41_1 == 0 & select_ln41 == 9)> <Delay = 0.00>
ST_3 : Operation 709 [1/1] (0.66ns)   --->   "%store_ln44 = store i8 0, i3 %fb_367_addr" [./line_buffer.h:44->./line_buffer.h:34->predecoder_kernel.cpp:40]   --->   Operation 709 'store' 'store_ln44' <Predicate = (select_ln39_1 != 0 & select_ln39_1 != 1 & select_ln41_1 == 0 & select_ln41 == 8)> <Delay = 0.66> <CoreInst = "RAM">   --->   Core 83 'RAM' <Latency = 1> <II = 1> <Delay = 0.66> <Storage> <Opcode : 'load' 'store'> <Ports = 2> <Width = 8> <Depth = 6> <RAM>
ST_3 : Operation 710 [1/1] (0.00ns)   --->   "%br_ln44 = br void %arrayidx204.i.i_2.exit1554" [./line_buffer.h:44->./line_buffer.h:34->predecoder_kernel.cpp:40]   --->   Operation 710 'br' 'br_ln44' <Predicate = (select_ln39_1 != 0 & select_ln39_1 != 1 & select_ln41_1 == 0 & select_ln41 == 8)> <Delay = 0.00>
ST_3 : Operation 711 [1/1] (0.66ns)   --->   "%store_ln44 = store i8 0, i3 %fb_366_addr" [./line_buffer.h:44->./line_buffer.h:34->predecoder_kernel.cpp:40]   --->   Operation 711 'store' 'store_ln44' <Predicate = (select_ln39_1 != 0 & select_ln39_1 != 1 & select_ln41_1 == 0 & select_ln41 == 7)> <Delay = 0.66> <CoreInst = "RAM">   --->   Core 83 'RAM' <Latency = 1> <II = 1> <Delay = 0.66> <Storage> <Opcode : 'load' 'store'> <Ports = 2> <Width = 8> <Depth = 6> <RAM>
ST_3 : Operation 712 [1/1] (0.00ns)   --->   "%br_ln44 = br void %arrayidx204.i.i_2.exit1554" [./line_buffer.h:44->./line_buffer.h:34->predecoder_kernel.cpp:40]   --->   Operation 712 'br' 'br_ln44' <Predicate = (select_ln39_1 != 0 & select_ln39_1 != 1 & select_ln41_1 == 0 & select_ln41 == 7)> <Delay = 0.00>
ST_3 : Operation 713 [1/1] (0.66ns)   --->   "%store_ln44 = store i8 0, i3 %fb_365_addr" [./line_buffer.h:44->./line_buffer.h:34->predecoder_kernel.cpp:40]   --->   Operation 713 'store' 'store_ln44' <Predicate = (select_ln39_1 != 0 & select_ln39_1 != 1 & select_ln41_1 == 0 & select_ln41 == 6)> <Delay = 0.66> <CoreInst = "RAM">   --->   Core 83 'RAM' <Latency = 1> <II = 1> <Delay = 0.66> <Storage> <Opcode : 'load' 'store'> <Ports = 2> <Width = 8> <Depth = 6> <RAM>
ST_3 : Operation 714 [1/1] (0.00ns)   --->   "%br_ln44 = br void %arrayidx204.i.i_2.exit1554" [./line_buffer.h:44->./line_buffer.h:34->predecoder_kernel.cpp:40]   --->   Operation 714 'br' 'br_ln44' <Predicate = (select_ln39_1 != 0 & select_ln39_1 != 1 & select_ln41_1 == 0 & select_ln41 == 6)> <Delay = 0.00>
ST_3 : Operation 715 [1/1] (0.66ns)   --->   "%store_ln44 = store i8 0, i3 %fb_364_addr" [./line_buffer.h:44->./line_buffer.h:34->predecoder_kernel.cpp:40]   --->   Operation 715 'store' 'store_ln44' <Predicate = (select_ln39_1 != 0 & select_ln39_1 != 1 & select_ln41_1 == 0 & select_ln41 == 5)> <Delay = 0.66> <CoreInst = "RAM">   --->   Core 83 'RAM' <Latency = 1> <II = 1> <Delay = 0.66> <Storage> <Opcode : 'load' 'store'> <Ports = 2> <Width = 8> <Depth = 6> <RAM>
ST_3 : Operation 716 [1/1] (0.00ns)   --->   "%br_ln44 = br void %arrayidx204.i.i_2.exit1554" [./line_buffer.h:44->./line_buffer.h:34->predecoder_kernel.cpp:40]   --->   Operation 716 'br' 'br_ln44' <Predicate = (select_ln39_1 != 0 & select_ln39_1 != 1 & select_ln41_1 == 0 & select_ln41 == 5)> <Delay = 0.00>
ST_3 : Operation 717 [1/1] (0.66ns)   --->   "%store_ln44 = store i8 0, i3 %fb_363_addr" [./line_buffer.h:44->./line_buffer.h:34->predecoder_kernel.cpp:40]   --->   Operation 717 'store' 'store_ln44' <Predicate = (select_ln39_1 != 0 & select_ln39_1 != 1 & select_ln41_1 == 0 & select_ln41 == 4)> <Delay = 0.66> <CoreInst = "RAM">   --->   Core 83 'RAM' <Latency = 1> <II = 1> <Delay = 0.66> <Storage> <Opcode : 'load' 'store'> <Ports = 2> <Width = 8> <Depth = 6> <RAM>
ST_3 : Operation 718 [1/1] (0.00ns)   --->   "%br_ln44 = br void %arrayidx204.i.i_2.exit1554" [./line_buffer.h:44->./line_buffer.h:34->predecoder_kernel.cpp:40]   --->   Operation 718 'br' 'br_ln44' <Predicate = (select_ln39_1 != 0 & select_ln39_1 != 1 & select_ln41_1 == 0 & select_ln41 == 4)> <Delay = 0.00>
ST_3 : Operation 719 [1/1] (0.66ns)   --->   "%store_ln44 = store i8 0, i3 %fb_362_addr" [./line_buffer.h:44->./line_buffer.h:34->predecoder_kernel.cpp:40]   --->   Operation 719 'store' 'store_ln44' <Predicate = (select_ln39_1 != 0 & select_ln39_1 != 1 & select_ln41_1 == 0 & select_ln41 == 3)> <Delay = 0.66> <CoreInst = "RAM">   --->   Core 83 'RAM' <Latency = 1> <II = 1> <Delay = 0.66> <Storage> <Opcode : 'load' 'store'> <Ports = 2> <Width = 8> <Depth = 6> <RAM>
ST_3 : Operation 720 [1/1] (0.00ns)   --->   "%br_ln44 = br void %arrayidx204.i.i_2.exit1554" [./line_buffer.h:44->./line_buffer.h:34->predecoder_kernel.cpp:40]   --->   Operation 720 'br' 'br_ln44' <Predicate = (select_ln39_1 != 0 & select_ln39_1 != 1 & select_ln41_1 == 0 & select_ln41 == 3)> <Delay = 0.00>
ST_3 : Operation 721 [1/1] (0.66ns)   --->   "%store_ln44 = store i8 0, i3 %fb_361_addr" [./line_buffer.h:44->./line_buffer.h:34->predecoder_kernel.cpp:40]   --->   Operation 721 'store' 'store_ln44' <Predicate = (select_ln39_1 != 0 & select_ln39_1 != 1 & select_ln41_1 == 0 & select_ln41 == 2)> <Delay = 0.66> <CoreInst = "RAM">   --->   Core 83 'RAM' <Latency = 1> <II = 1> <Delay = 0.66> <Storage> <Opcode : 'load' 'store'> <Ports = 2> <Width = 8> <Depth = 6> <RAM>
ST_3 : Operation 722 [1/1] (0.00ns)   --->   "%br_ln44 = br void %arrayidx204.i.i_2.exit1554" [./line_buffer.h:44->./line_buffer.h:34->predecoder_kernel.cpp:40]   --->   Operation 722 'br' 'br_ln44' <Predicate = (select_ln39_1 != 0 & select_ln39_1 != 1 & select_ln41_1 == 0 & select_ln41 == 2)> <Delay = 0.00>
ST_3 : Operation 723 [1/1] (0.66ns)   --->   "%store_ln44 = store i8 0, i3 %fb_360_addr" [./line_buffer.h:44->./line_buffer.h:34->predecoder_kernel.cpp:40]   --->   Operation 723 'store' 'store_ln44' <Predicate = (select_ln39_1 != 0 & select_ln39_1 != 1 & select_ln41_1 == 0 & select_ln41 == 1)> <Delay = 0.66> <CoreInst = "RAM">   --->   Core 83 'RAM' <Latency = 1> <II = 1> <Delay = 0.66> <Storage> <Opcode : 'load' 'store'> <Ports = 2> <Width = 8> <Depth = 6> <RAM>
ST_3 : Operation 724 [1/1] (0.00ns)   --->   "%br_ln44 = br void %arrayidx204.i.i_2.exit1554" [./line_buffer.h:44->./line_buffer.h:34->predecoder_kernel.cpp:40]   --->   Operation 724 'br' 'br_ln44' <Predicate = (select_ln39_1 != 0 & select_ln39_1 != 1 & select_ln41_1 == 0 & select_ln41 == 1)> <Delay = 0.00>
ST_3 : Operation 725 [1/1] (0.66ns)   --->   "%store_ln44 = store i8 0, i3 %fb_359_addr" [./line_buffer.h:44->./line_buffer.h:34->predecoder_kernel.cpp:40]   --->   Operation 725 'store' 'store_ln44' <Predicate = (select_ln39_1 != 0 & select_ln39_1 != 1 & select_ln41_1 == 0 & select_ln41 == 0)> <Delay = 0.66> <CoreInst = "RAM">   --->   Core 83 'RAM' <Latency = 1> <II = 1> <Delay = 0.66> <Storage> <Opcode : 'load' 'store'> <Ports = 2> <Width = 8> <Depth = 6> <RAM>
ST_3 : Operation 726 [1/1] (0.00ns)   --->   "%br_ln44 = br void %arrayidx204.i.i_2.exit1554" [./line_buffer.h:44->./line_buffer.h:34->predecoder_kernel.cpp:40]   --->   Operation 726 'br' 'br_ln44' <Predicate = (select_ln39_1 != 0 & select_ln39_1 != 1 & select_ln41_1 == 0 & select_ln41 == 0)> <Delay = 0.00>
ST_3 : Operation 727 [1/1] (0.66ns)   --->   "%store_ln44 = store i8 0, i3 %fb_370_addr" [./line_buffer.h:44->./line_buffer.h:34->predecoder_kernel.cpp:40]   --->   Operation 727 'store' 'store_ln44' <Predicate = (select_ln39_1 != 0 & select_ln39_1 != 1 & select_ln41_1 == 0 & select_ln41 != 0 & select_ln41 != 1 & select_ln41 != 2 & select_ln41 != 3 & select_ln41 != 4 & select_ln41 != 5 & select_ln41 != 6 & select_ln41 != 7 & select_ln41 != 8 & select_ln41 != 9 & select_ln41 != 10)> <Delay = 0.66> <CoreInst = "RAM">   --->   Core 83 'RAM' <Latency = 1> <II = 1> <Delay = 0.66> <Storage> <Opcode : 'load' 'store'> <Ports = 2> <Width = 8> <Depth = 6> <RAM>
ST_3 : Operation 728 [1/1] (0.00ns)   --->   "%br_ln44 = br void %arrayidx204.i.i_2.exit1554" [./line_buffer.h:44->./line_buffer.h:34->predecoder_kernel.cpp:40]   --->   Operation 728 'br' 'br_ln44' <Predicate = (select_ln39_1 != 0 & select_ln39_1 != 1 & select_ln41_1 == 0 & select_ln41 != 0 & select_ln41 != 1 & select_ln41 != 2 & select_ln41 != 3 & select_ln41 != 4 & select_ln41 != 5 & select_ln41 != 6 & select_ln41 != 7 & select_ln41 != 8 & select_ln41 != 9 & select_ln41 != 10)> <Delay = 0.00>
ST_3 : Operation 729 [1/1] (0.00ns)   --->   "%br_ln44 = br void %arrayidx204.i.i_2.exit" [./line_buffer.h:44->./line_buffer.h:34->predecoder_kernel.cpp:40]   --->   Operation 729 'br' 'br_ln44' <Predicate = (select_ln39_1 != 0 & select_ln39_1 != 1 & select_ln41_1 == 0)> <Delay = 0.00>
ST_3 : Operation 730 [1/1] (0.67ns)   --->   "%switch_ln44 = switch i4 %select_ln41, void %arrayidx204.i.i_2.case.111630, i4 0, void %arrayidx204.i.i_2.case.01619, i4 1, void %arrayidx204.i.i_2.case.11620, i4 2, void %arrayidx204.i.i_2.case.21621, i4 3, void %arrayidx204.i.i_2.case.31622, i4 4, void %arrayidx204.i.i_2.case.41623, i4 5, void %arrayidx204.i.i_2.case.51624, i4 6, void %arrayidx204.i.i_2.case.61625, i4 7, void %arrayidx204.i.i_2.case.71626, i4 8, void %arrayidx204.i.i_2.case.81627, i4 9, void %arrayidx204.i.i_2.case.91628, i4 10, void %arrayidx204.i.i_2.case.101629" [./line_buffer.h:44->./line_buffer.h:34->predecoder_kernel.cpp:40]   --->   Operation 730 'switch' 'switch_ln44' <Predicate = (select_ln39_1 != 0 & select_ln39_1 != 1 & select_ln41_1 != 0 & select_ln41_1 != 1 & select_ln41_1 != 2 & select_ln41_1 != 3 & select_ln41_1 != 4)> <Delay = 0.67>
ST_3 : Operation 731 [1/1] (0.66ns)   --->   "%store_ln44 = store i8 0, i3 %fb_429_addr" [./line_buffer.h:44->./line_buffer.h:34->predecoder_kernel.cpp:40]   --->   Operation 731 'store' 'store_ln44' <Predicate = (select_ln39_1 != 0 & select_ln39_1 != 1 & select_ln41_1 != 0 & select_ln41_1 != 1 & select_ln41_1 != 2 & select_ln41_1 != 3 & select_ln41_1 != 4 & select_ln41 == 10)> <Delay = 0.66> <CoreInst = "RAM">   --->   Core 83 'RAM' <Latency = 1> <II = 1> <Delay = 0.66> <Storage> <Opcode : 'load' 'store'> <Ports = 2> <Width = 8> <Depth = 6> <RAM>
ST_3 : Operation 732 [1/1] (0.00ns)   --->   "%br_ln44 = br void %arrayidx204.i.i_2.exit1618" [./line_buffer.h:44->./line_buffer.h:34->predecoder_kernel.cpp:40]   --->   Operation 732 'br' 'br_ln44' <Predicate = (select_ln39_1 != 0 & select_ln39_1 != 1 & select_ln41_1 != 0 & select_ln41_1 != 1 & select_ln41_1 != 2 & select_ln41_1 != 3 & select_ln41_1 != 4 & select_ln41 == 10)> <Delay = 0.00>
ST_3 : Operation 733 [1/1] (0.66ns)   --->   "%store_ln44 = store i8 0, i3 %fb_428_addr" [./line_buffer.h:44->./line_buffer.h:34->predecoder_kernel.cpp:40]   --->   Operation 733 'store' 'store_ln44' <Predicate = (select_ln39_1 != 0 & select_ln39_1 != 1 & select_ln41_1 != 0 & select_ln41_1 != 1 & select_ln41_1 != 2 & select_ln41_1 != 3 & select_ln41_1 != 4 & select_ln41 == 9)> <Delay = 0.66> <CoreInst = "RAM">   --->   Core 83 'RAM' <Latency = 1> <II = 1> <Delay = 0.66> <Storage> <Opcode : 'load' 'store'> <Ports = 2> <Width = 8> <Depth = 6> <RAM>
ST_3 : Operation 734 [1/1] (0.00ns)   --->   "%br_ln44 = br void %arrayidx204.i.i_2.exit1618" [./line_buffer.h:44->./line_buffer.h:34->predecoder_kernel.cpp:40]   --->   Operation 734 'br' 'br_ln44' <Predicate = (select_ln39_1 != 0 & select_ln39_1 != 1 & select_ln41_1 != 0 & select_ln41_1 != 1 & select_ln41_1 != 2 & select_ln41_1 != 3 & select_ln41_1 != 4 & select_ln41 == 9)> <Delay = 0.00>
ST_3 : Operation 735 [1/1] (0.66ns)   --->   "%store_ln44 = store i8 0, i3 %fb_427_addr" [./line_buffer.h:44->./line_buffer.h:34->predecoder_kernel.cpp:40]   --->   Operation 735 'store' 'store_ln44' <Predicate = (select_ln39_1 != 0 & select_ln39_1 != 1 & select_ln41_1 != 0 & select_ln41_1 != 1 & select_ln41_1 != 2 & select_ln41_1 != 3 & select_ln41_1 != 4 & select_ln41 == 8)> <Delay = 0.66> <CoreInst = "RAM">   --->   Core 83 'RAM' <Latency = 1> <II = 1> <Delay = 0.66> <Storage> <Opcode : 'load' 'store'> <Ports = 2> <Width = 8> <Depth = 6> <RAM>
ST_3 : Operation 736 [1/1] (0.00ns)   --->   "%br_ln44 = br void %arrayidx204.i.i_2.exit1618" [./line_buffer.h:44->./line_buffer.h:34->predecoder_kernel.cpp:40]   --->   Operation 736 'br' 'br_ln44' <Predicate = (select_ln39_1 != 0 & select_ln39_1 != 1 & select_ln41_1 != 0 & select_ln41_1 != 1 & select_ln41_1 != 2 & select_ln41_1 != 3 & select_ln41_1 != 4 & select_ln41 == 8)> <Delay = 0.00>
ST_3 : Operation 737 [1/1] (0.66ns)   --->   "%store_ln44 = store i8 0, i3 %fb_426_addr" [./line_buffer.h:44->./line_buffer.h:34->predecoder_kernel.cpp:40]   --->   Operation 737 'store' 'store_ln44' <Predicate = (select_ln39_1 != 0 & select_ln39_1 != 1 & select_ln41_1 != 0 & select_ln41_1 != 1 & select_ln41_1 != 2 & select_ln41_1 != 3 & select_ln41_1 != 4 & select_ln41 == 7)> <Delay = 0.66> <CoreInst = "RAM">   --->   Core 83 'RAM' <Latency = 1> <II = 1> <Delay = 0.66> <Storage> <Opcode : 'load' 'store'> <Ports = 2> <Width = 8> <Depth = 6> <RAM>
ST_3 : Operation 738 [1/1] (0.00ns)   --->   "%br_ln44 = br void %arrayidx204.i.i_2.exit1618" [./line_buffer.h:44->./line_buffer.h:34->predecoder_kernel.cpp:40]   --->   Operation 738 'br' 'br_ln44' <Predicate = (select_ln39_1 != 0 & select_ln39_1 != 1 & select_ln41_1 != 0 & select_ln41_1 != 1 & select_ln41_1 != 2 & select_ln41_1 != 3 & select_ln41_1 != 4 & select_ln41 == 7)> <Delay = 0.00>
ST_3 : Operation 739 [1/1] (0.66ns)   --->   "%store_ln44 = store i8 0, i3 %fb_425_addr" [./line_buffer.h:44->./line_buffer.h:34->predecoder_kernel.cpp:40]   --->   Operation 739 'store' 'store_ln44' <Predicate = (select_ln39_1 != 0 & select_ln39_1 != 1 & select_ln41_1 != 0 & select_ln41_1 != 1 & select_ln41_1 != 2 & select_ln41_1 != 3 & select_ln41_1 != 4 & select_ln41 == 6)> <Delay = 0.66> <CoreInst = "RAM">   --->   Core 83 'RAM' <Latency = 1> <II = 1> <Delay = 0.66> <Storage> <Opcode : 'load' 'store'> <Ports = 2> <Width = 8> <Depth = 6> <RAM>
ST_3 : Operation 740 [1/1] (0.00ns)   --->   "%br_ln44 = br void %arrayidx204.i.i_2.exit1618" [./line_buffer.h:44->./line_buffer.h:34->predecoder_kernel.cpp:40]   --->   Operation 740 'br' 'br_ln44' <Predicate = (select_ln39_1 != 0 & select_ln39_1 != 1 & select_ln41_1 != 0 & select_ln41_1 != 1 & select_ln41_1 != 2 & select_ln41_1 != 3 & select_ln41_1 != 4 & select_ln41 == 6)> <Delay = 0.00>
ST_3 : Operation 741 [1/1] (0.66ns)   --->   "%store_ln44 = store i8 0, i3 %fb_424_addr" [./line_buffer.h:44->./line_buffer.h:34->predecoder_kernel.cpp:40]   --->   Operation 741 'store' 'store_ln44' <Predicate = (select_ln39_1 != 0 & select_ln39_1 != 1 & select_ln41_1 != 0 & select_ln41_1 != 1 & select_ln41_1 != 2 & select_ln41_1 != 3 & select_ln41_1 != 4 & select_ln41 == 5)> <Delay = 0.66> <CoreInst = "RAM">   --->   Core 83 'RAM' <Latency = 1> <II = 1> <Delay = 0.66> <Storage> <Opcode : 'load' 'store'> <Ports = 2> <Width = 8> <Depth = 6> <RAM>
ST_3 : Operation 742 [1/1] (0.00ns)   --->   "%br_ln44 = br void %arrayidx204.i.i_2.exit1618" [./line_buffer.h:44->./line_buffer.h:34->predecoder_kernel.cpp:40]   --->   Operation 742 'br' 'br_ln44' <Predicate = (select_ln39_1 != 0 & select_ln39_1 != 1 & select_ln41_1 != 0 & select_ln41_1 != 1 & select_ln41_1 != 2 & select_ln41_1 != 3 & select_ln41_1 != 4 & select_ln41 == 5)> <Delay = 0.00>
ST_3 : Operation 743 [1/1] (0.66ns)   --->   "%store_ln44 = store i8 0, i3 %fb_423_addr" [./line_buffer.h:44->./line_buffer.h:34->predecoder_kernel.cpp:40]   --->   Operation 743 'store' 'store_ln44' <Predicate = (select_ln39_1 != 0 & select_ln39_1 != 1 & select_ln41_1 != 0 & select_ln41_1 != 1 & select_ln41_1 != 2 & select_ln41_1 != 3 & select_ln41_1 != 4 & select_ln41 == 4)> <Delay = 0.66> <CoreInst = "RAM">   --->   Core 83 'RAM' <Latency = 1> <II = 1> <Delay = 0.66> <Storage> <Opcode : 'load' 'store'> <Ports = 2> <Width = 8> <Depth = 6> <RAM>
ST_3 : Operation 744 [1/1] (0.00ns)   --->   "%br_ln44 = br void %arrayidx204.i.i_2.exit1618" [./line_buffer.h:44->./line_buffer.h:34->predecoder_kernel.cpp:40]   --->   Operation 744 'br' 'br_ln44' <Predicate = (select_ln39_1 != 0 & select_ln39_1 != 1 & select_ln41_1 != 0 & select_ln41_1 != 1 & select_ln41_1 != 2 & select_ln41_1 != 3 & select_ln41_1 != 4 & select_ln41 == 4)> <Delay = 0.00>
ST_3 : Operation 745 [1/1] (0.66ns)   --->   "%store_ln44 = store i8 0, i3 %fb_422_addr" [./line_buffer.h:44->./line_buffer.h:34->predecoder_kernel.cpp:40]   --->   Operation 745 'store' 'store_ln44' <Predicate = (select_ln39_1 != 0 & select_ln39_1 != 1 & select_ln41_1 != 0 & select_ln41_1 != 1 & select_ln41_1 != 2 & select_ln41_1 != 3 & select_ln41_1 != 4 & select_ln41 == 3)> <Delay = 0.66> <CoreInst = "RAM">   --->   Core 83 'RAM' <Latency = 1> <II = 1> <Delay = 0.66> <Storage> <Opcode : 'load' 'store'> <Ports = 2> <Width = 8> <Depth = 6> <RAM>
ST_3 : Operation 746 [1/1] (0.00ns)   --->   "%br_ln44 = br void %arrayidx204.i.i_2.exit1618" [./line_buffer.h:44->./line_buffer.h:34->predecoder_kernel.cpp:40]   --->   Operation 746 'br' 'br_ln44' <Predicate = (select_ln39_1 != 0 & select_ln39_1 != 1 & select_ln41_1 != 0 & select_ln41_1 != 1 & select_ln41_1 != 2 & select_ln41_1 != 3 & select_ln41_1 != 4 & select_ln41 == 3)> <Delay = 0.00>
ST_3 : Operation 747 [1/1] (0.66ns)   --->   "%store_ln44 = store i8 0, i3 %fb_421_addr" [./line_buffer.h:44->./line_buffer.h:34->predecoder_kernel.cpp:40]   --->   Operation 747 'store' 'store_ln44' <Predicate = (select_ln39_1 != 0 & select_ln39_1 != 1 & select_ln41_1 != 0 & select_ln41_1 != 1 & select_ln41_1 != 2 & select_ln41_1 != 3 & select_ln41_1 != 4 & select_ln41 == 2)> <Delay = 0.66> <CoreInst = "RAM">   --->   Core 83 'RAM' <Latency = 1> <II = 1> <Delay = 0.66> <Storage> <Opcode : 'load' 'store'> <Ports = 2> <Width = 8> <Depth = 6> <RAM>
ST_3 : Operation 748 [1/1] (0.00ns)   --->   "%br_ln44 = br void %arrayidx204.i.i_2.exit1618" [./line_buffer.h:44->./line_buffer.h:34->predecoder_kernel.cpp:40]   --->   Operation 748 'br' 'br_ln44' <Predicate = (select_ln39_1 != 0 & select_ln39_1 != 1 & select_ln41_1 != 0 & select_ln41_1 != 1 & select_ln41_1 != 2 & select_ln41_1 != 3 & select_ln41_1 != 4 & select_ln41 == 2)> <Delay = 0.00>
ST_3 : Operation 749 [1/1] (0.66ns)   --->   "%store_ln44 = store i8 0, i3 %fb_420_addr" [./line_buffer.h:44->./line_buffer.h:34->predecoder_kernel.cpp:40]   --->   Operation 749 'store' 'store_ln44' <Predicate = (select_ln39_1 != 0 & select_ln39_1 != 1 & select_ln41_1 != 0 & select_ln41_1 != 1 & select_ln41_1 != 2 & select_ln41_1 != 3 & select_ln41_1 != 4 & select_ln41 == 1)> <Delay = 0.66> <CoreInst = "RAM">   --->   Core 83 'RAM' <Latency = 1> <II = 1> <Delay = 0.66> <Storage> <Opcode : 'load' 'store'> <Ports = 2> <Width = 8> <Depth = 6> <RAM>
ST_3 : Operation 750 [1/1] (0.00ns)   --->   "%br_ln44 = br void %arrayidx204.i.i_2.exit1618" [./line_buffer.h:44->./line_buffer.h:34->predecoder_kernel.cpp:40]   --->   Operation 750 'br' 'br_ln44' <Predicate = (select_ln39_1 != 0 & select_ln39_1 != 1 & select_ln41_1 != 0 & select_ln41_1 != 1 & select_ln41_1 != 2 & select_ln41_1 != 3 & select_ln41_1 != 4 & select_ln41 == 1)> <Delay = 0.00>
ST_3 : Operation 751 [1/1] (0.66ns)   --->   "%store_ln44 = store i8 0, i3 %fb_419_addr" [./line_buffer.h:44->./line_buffer.h:34->predecoder_kernel.cpp:40]   --->   Operation 751 'store' 'store_ln44' <Predicate = (select_ln39_1 != 0 & select_ln39_1 != 1 & select_ln41_1 != 0 & select_ln41_1 != 1 & select_ln41_1 != 2 & select_ln41_1 != 3 & select_ln41_1 != 4 & select_ln41 == 0)> <Delay = 0.66> <CoreInst = "RAM">   --->   Core 83 'RAM' <Latency = 1> <II = 1> <Delay = 0.66> <Storage> <Opcode : 'load' 'store'> <Ports = 2> <Width = 8> <Depth = 6> <RAM>
ST_3 : Operation 752 [1/1] (0.00ns)   --->   "%br_ln44 = br void %arrayidx204.i.i_2.exit1618" [./line_buffer.h:44->./line_buffer.h:34->predecoder_kernel.cpp:40]   --->   Operation 752 'br' 'br_ln44' <Predicate = (select_ln39_1 != 0 & select_ln39_1 != 1 & select_ln41_1 != 0 & select_ln41_1 != 1 & select_ln41_1 != 2 & select_ln41_1 != 3 & select_ln41_1 != 4 & select_ln41 == 0)> <Delay = 0.00>
ST_3 : Operation 753 [1/1] (0.66ns)   --->   "%store_ln44 = store i8 0, i3 %fb_430_addr" [./line_buffer.h:44->./line_buffer.h:34->predecoder_kernel.cpp:40]   --->   Operation 753 'store' 'store_ln44' <Predicate = (select_ln39_1 != 0 & select_ln39_1 != 1 & select_ln41_1 != 0 & select_ln41_1 != 1 & select_ln41_1 != 2 & select_ln41_1 != 3 & select_ln41_1 != 4 & select_ln41 != 0 & select_ln41 != 1 & select_ln41 != 2 & select_ln41 != 3 & select_ln41 != 4 & select_ln41 != 5 & select_ln41 != 6 & select_ln41 != 7 & select_ln41 != 8 & select_ln41 != 9 & select_ln41 != 10)> <Delay = 0.66> <CoreInst = "RAM">   --->   Core 83 'RAM' <Latency = 1> <II = 1> <Delay = 0.66> <Storage> <Opcode : 'load' 'store'> <Ports = 2> <Width = 8> <Depth = 6> <RAM>
ST_3 : Operation 754 [1/1] (0.00ns)   --->   "%br_ln44 = br void %arrayidx204.i.i_2.exit1618" [./line_buffer.h:44->./line_buffer.h:34->predecoder_kernel.cpp:40]   --->   Operation 754 'br' 'br_ln44' <Predicate = (select_ln39_1 != 0 & select_ln39_1 != 1 & select_ln41_1 != 0 & select_ln41_1 != 1 & select_ln41_1 != 2 & select_ln41_1 != 3 & select_ln41_1 != 4 & select_ln41 != 0 & select_ln41 != 1 & select_ln41 != 2 & select_ln41 != 3 & select_ln41 != 4 & select_ln41 != 5 & select_ln41 != 6 & select_ln41 != 7 & select_ln41 != 8 & select_ln41 != 9 & select_ln41 != 10)> <Delay = 0.00>
ST_3 : Operation 755 [1/1] (0.00ns)   --->   "%br_ln44 = br void %arrayidx204.i.i_2.exit" [./line_buffer.h:44->./line_buffer.h:34->predecoder_kernel.cpp:40]   --->   Operation 755 'br' 'br_ln44' <Predicate = (select_ln39_1 != 0 & select_ln39_1 != 1 & select_ln41_1 != 0 & select_ln41_1 != 1 & select_ln41_1 != 2 & select_ln41_1 != 3 & select_ln41_1 != 4)> <Delay = 0.00>
ST_3 : Operation 756 [1/1] (0.38ns)   --->   "%store_ln40 = store i3 %select_ln40_1, i3 %y" [./line_buffer.h:40->./line_buffer.h:34->predecoder_kernel.cpp:40]   --->   Operation 756 'store' 'store_ln40' <Predicate = true> <Delay = 0.38>
ST_3 : Operation 757 [1/1] (0.38ns)   --->   "%store_ln41 = store i3 %select_ln41_1, i3 %x" [./line_buffer.h:41->./line_buffer.h:34->predecoder_kernel.cpp:40]   --->   Operation 757 'store' 'store_ln41' <Predicate = true> <Delay = 0.38>
ST_3 : Operation 758 [1/1] (0.00ns)   --->   "%br_ln42 = br void %for.inc.i.i" [./line_buffer.h:42->./line_buffer.h:34->predecoder_kernel.cpp:40]   --->   Operation 758 'br' 'br_ln42' <Predicate = true> <Delay = 0.00>


============================================================
+ Verbose Summary: Binding
============================================================
STG Binding: 
---------------- STG Properties BEGIN ----------------
- Is combinational: 0
- Is one-state seq: 0
- Is datapath-only: 0
- Is pipelined: 0
- Is top level: 0
Port [ Return ] is wired: 1; IO mode=ap_ctrl_hs:ce=0
Port [ fb]:  wired=1; compound=1; hidden=0; nouse=0; global=0; static=0; extern=0; dir=1; type=1; pingpong=0; private_global=0; MemPort=[03]; IO mode=ap_memory:ce=0
Port [ fb_216]:  wired=1; compound=1; hidden=0; nouse=0; global=0; static=0; extern=0; dir=1; type=1; pingpong=0; private_global=0; MemPort=[03]; IO mode=ap_memory:ce=0
Port [ fb_217]:  wired=1; compound=1; hidden=0; nouse=0; global=0; static=0; extern=0; dir=1; type=1; pingpong=0; private_global=0; MemPort=[03]; IO mode=ap_memory:ce=0
Port [ fb_218]:  wired=1; compound=1; hidden=0; nouse=0; global=0; static=0; extern=0; dir=1; type=1; pingpong=0; private_global=0; MemPort=[03]; IO mode=ap_memory:ce=0
Port [ fb_219]:  wired=1; compound=1; hidden=0; nouse=0; global=0; static=0; extern=0; dir=1; type=1; pingpong=0; private_global=0; MemPort=[03]; IO mode=ap_memory:ce=0
Port [ fb_220]:  wired=1; compound=1; hidden=0; nouse=0; global=0; static=0; extern=0; dir=1; type=1; pingpong=0; private_global=0; MemPort=[03]; IO mode=ap_memory:ce=0
Port [ fb_221]:  wired=1; compound=1; hidden=0; nouse=0; global=0; static=0; extern=0; dir=1; type=1; pingpong=0; private_global=0; MemPort=[03]; IO mode=ap_memory:ce=0
Port [ fb_222]:  wired=1; compound=1; hidden=0; nouse=0; global=0; static=0; extern=0; dir=1; type=1; pingpong=0; private_global=0; MemPort=[03]; IO mode=ap_memory:ce=0
Port [ fb_223]:  wired=1; compound=1; hidden=0; nouse=0; global=0; static=0; extern=0; dir=1; type=1; pingpong=0; private_global=0; MemPort=[03]; IO mode=ap_memory:ce=0
Port [ fb_224]:  wired=1; compound=1; hidden=0; nouse=0; global=0; static=0; extern=0; dir=1; type=1; pingpong=0; private_global=0; MemPort=[03]; IO mode=ap_memory:ce=0
Port [ fb_225]:  wired=1; compound=1; hidden=0; nouse=0; global=0; static=0; extern=0; dir=1; type=1; pingpong=0; private_global=0; MemPort=[03]; IO mode=ap_memory:ce=0
Port [ fb_226]:  wired=1; compound=1; hidden=0; nouse=0; global=0; static=0; extern=0; dir=1; type=1; pingpong=0; private_global=0; MemPort=[03]; IO mode=ap_memory:ce=0
Port [ fb_227]:  wired=1; compound=1; hidden=0; nouse=0; global=0; static=0; extern=0; dir=1; type=1; pingpong=0; private_global=0; MemPort=[03]; IO mode=ap_memory:ce=0
Port [ fb_228]:  wired=1; compound=1; hidden=0; nouse=0; global=0; static=0; extern=0; dir=1; type=1; pingpong=0; private_global=0; MemPort=[03]; IO mode=ap_memory:ce=0
Port [ fb_229]:  wired=1; compound=1; hidden=0; nouse=0; global=0; static=0; extern=0; dir=1; type=1; pingpong=0; private_global=0; MemPort=[03]; IO mode=ap_memory:ce=0
Port [ fb_230]:  wired=1; compound=1; hidden=0; nouse=0; global=0; static=0; extern=0; dir=1; type=1; pingpong=0; private_global=0; MemPort=[03]; IO mode=ap_memory:ce=0
Port [ fb_231]:  wired=1; compound=1; hidden=0; nouse=0; global=0; static=0; extern=0; dir=1; type=1; pingpong=0; private_global=0; MemPort=[03]; IO mode=ap_memory:ce=0
Port [ fb_232]:  wired=1; compound=1; hidden=0; nouse=0; global=0; static=0; extern=0; dir=1; type=1; pingpong=0; private_global=0; MemPort=[03]; IO mode=ap_memory:ce=0
Port [ fb_233]:  wired=1; compound=1; hidden=0; nouse=0; global=0; static=0; extern=0; dir=1; type=1; pingpong=0; private_global=0; MemPort=[03]; IO mode=ap_memory:ce=0
Port [ fb_234]:  wired=1; compound=1; hidden=0; nouse=0; global=0; static=0; extern=0; dir=1; type=1; pingpong=0; private_global=0; MemPort=[03]; IO mode=ap_memory:ce=0
Port [ fb_235]:  wired=1; compound=1; hidden=0; nouse=0; global=0; static=0; extern=0; dir=1; type=1; pingpong=0; private_global=0; MemPort=[03]; IO mode=ap_memory:ce=0
Port [ fb_236]:  wired=1; compound=1; hidden=0; nouse=0; global=0; static=0; extern=0; dir=1; type=1; pingpong=0; private_global=0; MemPort=[03]; IO mode=ap_memory:ce=0
Port [ fb_237]:  wired=1; compound=1; hidden=0; nouse=0; global=0; static=0; extern=0; dir=1; type=1; pingpong=0; private_global=0; MemPort=[03]; IO mode=ap_memory:ce=0
Port [ fb_238]:  wired=1; compound=1; hidden=0; nouse=0; global=0; static=0; extern=0; dir=1; type=1; pingpong=0; private_global=0; MemPort=[03]; IO mode=ap_memory:ce=0
Port [ fb_239]:  wired=1; compound=1; hidden=0; nouse=0; global=0; static=0; extern=0; dir=1; type=1; pingpong=0; private_global=0; MemPort=[03]; IO mode=ap_memory:ce=0
Port [ fb_240]:  wired=1; compound=1; hidden=0; nouse=0; global=0; static=0; extern=0; dir=1; type=1; pingpong=0; private_global=0; MemPort=[03]; IO mode=ap_memory:ce=0
Port [ fb_241]:  wired=1; compound=1; hidden=0; nouse=0; global=0; static=0; extern=0; dir=1; type=1; pingpong=0; private_global=0; MemPort=[03]; IO mode=ap_memory:ce=0
Port [ fb_242]:  wired=1; compound=1; hidden=0; nouse=0; global=0; static=0; extern=0; dir=1; type=1; pingpong=0; private_global=0; MemPort=[03]; IO mode=ap_memory:ce=0
Port [ fb_243]:  wired=1; compound=1; hidden=0; nouse=0; global=0; static=0; extern=0; dir=1; type=1; pingpong=0; private_global=0; MemPort=[03]; IO mode=ap_memory:ce=0
Port [ fb_244]:  wired=1; compound=1; hidden=0; nouse=0; global=0; static=0; extern=0; dir=1; type=1; pingpong=0; private_global=0; MemPort=[03]; IO mode=ap_memory:ce=0
Port [ fb_245]:  wired=1; compound=1; hidden=0; nouse=0; global=0; static=0; extern=0; dir=1; type=1; pingpong=0; private_global=0; MemPort=[03]; IO mode=ap_memory:ce=0
Port [ fb_246]:  wired=1; compound=1; hidden=0; nouse=0; global=0; static=0; extern=0; dir=1; type=1; pingpong=0; private_global=0; MemPort=[03]; IO mode=ap_memory:ce=0
Port [ fb_247]:  wired=1; compound=1; hidden=0; nouse=0; global=0; static=0; extern=0; dir=1; type=1; pingpong=0; private_global=0; MemPort=[03]; IO mode=ap_memory:ce=0
Port [ fb_248]:  wired=1; compound=1; hidden=0; nouse=0; global=0; static=0; extern=0; dir=1; type=1; pingpong=0; private_global=0; MemPort=[03]; IO mode=ap_memory:ce=0
Port [ fb_249]:  wired=1; compound=1; hidden=0; nouse=0; global=0; static=0; extern=0; dir=1; type=1; pingpong=0; private_global=0; MemPort=[03]; IO mode=ap_memory:ce=0
Port [ fb_250]:  wired=1; compound=1; hidden=0; nouse=0; global=0; static=0; extern=0; dir=1; type=1; pingpong=0; private_global=0; MemPort=[03]; IO mode=ap_memory:ce=0
Port [ fb_251]:  wired=1; compound=1; hidden=0; nouse=0; global=0; static=0; extern=0; dir=1; type=1; pingpong=0; private_global=0; MemPort=[03]; IO mode=ap_memory:ce=0
Port [ fb_252]:  wired=1; compound=1; hidden=0; nouse=0; global=0; static=0; extern=0; dir=1; type=1; pingpong=0; private_global=0; MemPort=[03]; IO mode=ap_memory:ce=0
Port [ fb_253]:  wired=1; compound=1; hidden=0; nouse=0; global=0; static=0; extern=0; dir=1; type=1; pingpong=0; private_global=0; MemPort=[03]; IO mode=ap_memory:ce=0
Port [ fb_254]:  wired=1; compound=1; hidden=0; nouse=0; global=0; static=0; extern=0; dir=1; type=1; pingpong=0; private_global=0; MemPort=[03]; IO mode=ap_memory:ce=0
Port [ fb_255]:  wired=1; compound=1; hidden=0; nouse=0; global=0; static=0; extern=0; dir=1; type=1; pingpong=0; private_global=0; MemPort=[03]; IO mode=ap_memory:ce=0
Port [ fb_256]:  wired=1; compound=1; hidden=0; nouse=0; global=0; static=0; extern=0; dir=1; type=1; pingpong=0; private_global=0; MemPort=[03]; IO mode=ap_memory:ce=0
Port [ fb_257]:  wired=1; compound=1; hidden=0; nouse=0; global=0; static=0; extern=0; dir=1; type=1; pingpong=0; private_global=0; MemPort=[03]; IO mode=ap_memory:ce=0
Port [ fb_258]:  wired=1; compound=1; hidden=0; nouse=0; global=0; static=0; extern=0; dir=1; type=1; pingpong=0; private_global=0; MemPort=[03]; IO mode=ap_memory:ce=0
Port [ fb_259]:  wired=1; compound=1; hidden=0; nouse=0; global=0; static=0; extern=0; dir=1; type=1; pingpong=0; private_global=0; MemPort=[03]; IO mode=ap_memory:ce=0
Port [ fb_260]:  wired=1; compound=1; hidden=0; nouse=0; global=0; static=0; extern=0; dir=1; type=1; pingpong=0; private_global=0; MemPort=[03]; IO mode=ap_memory:ce=0
Port [ fb_261]:  wired=1; compound=1; hidden=0; nouse=0; global=0; static=0; extern=0; dir=1; type=1; pingpong=0; private_global=0; MemPort=[03]; IO mode=ap_memory:ce=0
Port [ fb_262]:  wired=1; compound=1; hidden=0; nouse=0; global=0; static=0; extern=0; dir=1; type=1; pingpong=0; private_global=0; MemPort=[03]; IO mode=ap_memory:ce=0
Port [ fb_263]:  wired=1; compound=1; hidden=0; nouse=0; global=0; static=0; extern=0; dir=1; type=1; pingpong=0; private_global=0; MemPort=[03]; IO mode=ap_memory:ce=0
Port [ fb_264]:  wired=1; compound=1; hidden=0; nouse=0; global=0; static=0; extern=0; dir=1; type=1; pingpong=0; private_global=0; MemPort=[03]; IO mode=ap_memory:ce=0
Port [ fb_265]:  wired=1; compound=1; hidden=0; nouse=0; global=0; static=0; extern=0; dir=1; type=1; pingpong=0; private_global=0; MemPort=[03]; IO mode=ap_memory:ce=0
Port [ fb_266]:  wired=1; compound=1; hidden=0; nouse=0; global=0; static=0; extern=0; dir=1; type=1; pingpong=0; private_global=0; MemPort=[03]; IO mode=ap_memory:ce=0
Port [ fb_267]:  wired=1; compound=1; hidden=0; nouse=0; global=0; static=0; extern=0; dir=1; type=1; pingpong=0; private_global=0; MemPort=[03]; IO mode=ap_memory:ce=0
Port [ fb_268]:  wired=1; compound=1; hidden=0; nouse=0; global=0; static=0; extern=0; dir=1; type=1; pingpong=0; private_global=0; MemPort=[03]; IO mode=ap_memory:ce=0
Port [ fb_269]:  wired=1; compound=1; hidden=0; nouse=0; global=0; static=0; extern=0; dir=1; type=1; pingpong=0; private_global=0; MemPort=[03]; IO mode=ap_memory:ce=0
Port [ fb_270]:  wired=1; compound=1; hidden=0; nouse=0; global=0; static=0; extern=0; dir=1; type=1; pingpong=0; private_global=0; MemPort=[03]; IO mode=ap_memory:ce=0
Port [ fb_271]:  wired=1; compound=1; hidden=0; nouse=0; global=0; static=0; extern=0; dir=1; type=1; pingpong=0; private_global=0; MemPort=[03]; IO mode=ap_memory:ce=0
Port [ fb_272]:  wired=1; compound=1; hidden=0; nouse=0; global=0; static=0; extern=0; dir=1; type=1; pingpong=0; private_global=0; MemPort=[03]; IO mode=ap_memory:ce=0
Port [ fb_273]:  wired=1; compound=1; hidden=0; nouse=0; global=0; static=0; extern=0; dir=1; type=1; pingpong=0; private_global=0; MemPort=[03]; IO mode=ap_memory:ce=0
Port [ fb_274]:  wired=1; compound=1; hidden=0; nouse=0; global=0; static=0; extern=0; dir=1; type=1; pingpong=0; private_global=0; MemPort=[03]; IO mode=ap_memory:ce=0
Port [ fb_275]:  wired=1; compound=1; hidden=0; nouse=0; global=0; static=0; extern=0; dir=1; type=1; pingpong=0; private_global=0; MemPort=[03]; IO mode=ap_memory:ce=0
Port [ fb_276]:  wired=1; compound=1; hidden=0; nouse=0; global=0; static=0; extern=0; dir=1; type=1; pingpong=0; private_global=0; MemPort=[03]; IO mode=ap_memory:ce=0
Port [ fb_277]:  wired=1; compound=1; hidden=0; nouse=0; global=0; static=0; extern=0; dir=1; type=1; pingpong=0; private_global=0; MemPort=[03]; IO mode=ap_memory:ce=0
Port [ fb_278]:  wired=1; compound=1; hidden=0; nouse=0; global=0; static=0; extern=0; dir=1; type=1; pingpong=0; private_global=0; MemPort=[03]; IO mode=ap_memory:ce=0
Port [ fb_279]:  wired=1; compound=1; hidden=0; nouse=0; global=0; static=0; extern=0; dir=1; type=1; pingpong=0; private_global=0; MemPort=[03]; IO mode=ap_memory:ce=0
Port [ fb_280]:  wired=1; compound=1; hidden=0; nouse=0; global=0; static=0; extern=0; dir=1; type=1; pingpong=0; private_global=0; MemPort=[03]; IO mode=ap_memory:ce=0
Port [ fb_281]:  wired=1; compound=1; hidden=0; nouse=0; global=0; static=0; extern=0; dir=1; type=1; pingpong=0; private_global=0; MemPort=[03]; IO mode=ap_memory:ce=0
Port [ fb_282]:  wired=1; compound=1; hidden=0; nouse=0; global=0; static=0; extern=0; dir=1; type=1; pingpong=0; private_global=0; MemPort=[03]; IO mode=ap_memory:ce=0
Port [ fb_283]:  wired=1; compound=1; hidden=0; nouse=0; global=0; static=0; extern=0; dir=1; type=1; pingpong=0; private_global=0; MemPort=[03]; IO mode=ap_memory:ce=0
Port [ fb_284]:  wired=1; compound=1; hidden=0; nouse=0; global=0; static=0; extern=0; dir=1; type=1; pingpong=0; private_global=0; MemPort=[03]; IO mode=ap_memory:ce=0
Port [ fb_285]:  wired=1; compound=1; hidden=0; nouse=0; global=0; static=0; extern=0; dir=1; type=1; pingpong=0; private_global=0; MemPort=[03]; IO mode=ap_memory:ce=0
Port [ fb_286]:  wired=1; compound=1; hidden=0; nouse=0; global=0; static=0; extern=0; dir=1; type=1; pingpong=0; private_global=0; MemPort=[03]; IO mode=ap_memory:ce=0
Port [ fb_287]:  wired=1; compound=1; hidden=0; nouse=0; global=0; static=0; extern=0; dir=1; type=1; pingpong=0; private_global=0; MemPort=[03]; IO mode=ap_memory:ce=0
Port [ fb_288]:  wired=1; compound=1; hidden=0; nouse=0; global=0; static=0; extern=0; dir=1; type=1; pingpong=0; private_global=0; MemPort=[03]; IO mode=ap_memory:ce=0
Port [ fb_289]:  wired=1; compound=1; hidden=0; nouse=0; global=0; static=0; extern=0; dir=1; type=1; pingpong=0; private_global=0; MemPort=[03]; IO mode=ap_memory:ce=0
Port [ fb_290]:  wired=1; compound=1; hidden=0; nouse=0; global=0; static=0; extern=0; dir=1; type=1; pingpong=0; private_global=0; MemPort=[03]; IO mode=ap_memory:ce=0
Port [ fb_291]:  wired=1; compound=1; hidden=0; nouse=0; global=0; static=0; extern=0; dir=1; type=1; pingpong=0; private_global=0; MemPort=[03]; IO mode=ap_memory:ce=0
Port [ fb_292]:  wired=1; compound=1; hidden=0; nouse=0; global=0; static=0; extern=0; dir=1; type=1; pingpong=0; private_global=0; MemPort=[03]; IO mode=ap_memory:ce=0
Port [ fb_293]:  wired=1; compound=1; hidden=0; nouse=0; global=0; static=0; extern=0; dir=1; type=1; pingpong=0; private_global=0; MemPort=[03]; IO mode=ap_memory:ce=0
Port [ fb_294]:  wired=1; compound=1; hidden=0; nouse=0; global=0; static=0; extern=0; dir=1; type=1; pingpong=0; private_global=0; MemPort=[03]; IO mode=ap_memory:ce=0
Port [ fb_295]:  wired=1; compound=1; hidden=0; nouse=0; global=0; static=0; extern=0; dir=1; type=1; pingpong=0; private_global=0; MemPort=[03]; IO mode=ap_memory:ce=0
Port [ fb_296]:  wired=1; compound=1; hidden=0; nouse=0; global=0; static=0; extern=0; dir=1; type=1; pingpong=0; private_global=0; MemPort=[03]; IO mode=ap_memory:ce=0
Port [ fb_297]:  wired=1; compound=1; hidden=0; nouse=0; global=0; static=0; extern=0; dir=1; type=1; pingpong=0; private_global=0; MemPort=[03]; IO mode=ap_memory:ce=0
Port [ fb_298]:  wired=1; compound=1; hidden=0; nouse=0; global=0; static=0; extern=0; dir=1; type=1; pingpong=0; private_global=0; MemPort=[03]; IO mode=ap_memory:ce=0
Port [ fb_299]:  wired=1; compound=1; hidden=0; nouse=0; global=0; static=0; extern=0; dir=1; type=1; pingpong=0; private_global=0; MemPort=[03]; IO mode=ap_memory:ce=0
Port [ fb_300]:  wired=1; compound=1; hidden=0; nouse=0; global=0; static=0; extern=0; dir=1; type=1; pingpong=0; private_global=0; MemPort=[03]; IO mode=ap_memory:ce=0
Port [ fb_301]:  wired=1; compound=1; hidden=0; nouse=0; global=0; static=0; extern=0; dir=1; type=1; pingpong=0; private_global=0; MemPort=[03]; IO mode=ap_memory:ce=0
Port [ fb_302]:  wired=1; compound=1; hidden=0; nouse=0; global=0; static=0; extern=0; dir=1; type=1; pingpong=0; private_global=0; MemPort=[03]; IO mode=ap_memory:ce=0
Port [ fb_303]:  wired=1; compound=1; hidden=0; nouse=0; global=0; static=0; extern=0; dir=1; type=1; pingpong=0; private_global=0; MemPort=[03]; IO mode=ap_memory:ce=0
Port [ fb_304]:  wired=1; compound=1; hidden=0; nouse=0; global=0; static=0; extern=0; dir=1; type=1; pingpong=0; private_global=0; MemPort=[03]; IO mode=ap_memory:ce=0
Port [ fb_305]:  wired=1; compound=1; hidden=0; nouse=0; global=0; static=0; extern=0; dir=1; type=1; pingpong=0; private_global=0; MemPort=[03]; IO mode=ap_memory:ce=0
Port [ fb_306]:  wired=1; compound=1; hidden=0; nouse=0; global=0; static=0; extern=0; dir=1; type=1; pingpong=0; private_global=0; MemPort=[03]; IO mode=ap_memory:ce=0
Port [ fb_307]:  wired=1; compound=1; hidden=0; nouse=0; global=0; static=0; extern=0; dir=1; type=1; pingpong=0; private_global=0; MemPort=[03]; IO mode=ap_memory:ce=0
Port [ fb_308]:  wired=1; compound=1; hidden=0; nouse=0; global=0; static=0; extern=0; dir=1; type=1; pingpong=0; private_global=0; MemPort=[03]; IO mode=ap_memory:ce=0
Port [ fb_309]:  wired=1; compound=1; hidden=0; nouse=0; global=0; static=0; extern=0; dir=1; type=1; pingpong=0; private_global=0; MemPort=[03]; IO mode=ap_memory:ce=0
Port [ fb_310]:  wired=1; compound=1; hidden=0; nouse=0; global=0; static=0; extern=0; dir=1; type=1; pingpong=0; private_global=0; MemPort=[03]; IO mode=ap_memory:ce=0
Port [ fb_311]:  wired=1; compound=1; hidden=0; nouse=0; global=0; static=0; extern=0; dir=1; type=1; pingpong=0; private_global=0; MemPort=[03]; IO mode=ap_memory:ce=0
Port [ fb_312]:  wired=1; compound=1; hidden=0; nouse=0; global=0; static=0; extern=0; dir=1; type=1; pingpong=0; private_global=0; MemPort=[03]; IO mode=ap_memory:ce=0
Port [ fb_313]:  wired=1; compound=1; hidden=0; nouse=0; global=0; static=0; extern=0; dir=1; type=1; pingpong=0; private_global=0; MemPort=[03]; IO mode=ap_memory:ce=0
Port [ fb_314]:  wired=1; compound=1; hidden=0; nouse=0; global=0; static=0; extern=0; dir=1; type=1; pingpong=0; private_global=0; MemPort=[03]; IO mode=ap_memory:ce=0
Port [ fb_315]:  wired=1; compound=1; hidden=0; nouse=0; global=0; static=0; extern=0; dir=1; type=1; pingpong=0; private_global=0; MemPort=[03]; IO mode=ap_memory:ce=0
Port [ fb_316]:  wired=1; compound=1; hidden=0; nouse=0; global=0; static=0; extern=0; dir=1; type=1; pingpong=0; private_global=0; MemPort=[03]; IO mode=ap_memory:ce=0
Port [ fb_317]:  wired=1; compound=1; hidden=0; nouse=0; global=0; static=0; extern=0; dir=1; type=1; pingpong=0; private_global=0; MemPort=[03]; IO mode=ap_memory:ce=0
Port [ fb_318]:  wired=1; compound=1; hidden=0; nouse=0; global=0; static=0; extern=0; dir=1; type=1; pingpong=0; private_global=0; MemPort=[03]; IO mode=ap_memory:ce=0
Port [ fb_319]:  wired=1; compound=1; hidden=0; nouse=0; global=0; static=0; extern=0; dir=1; type=1; pingpong=0; private_global=0; MemPort=[03]; IO mode=ap_memory:ce=0
Port [ fb_320]:  wired=1; compound=1; hidden=0; nouse=0; global=0; static=0; extern=0; dir=1; type=1; pingpong=0; private_global=0; MemPort=[03]; IO mode=ap_memory:ce=0
Port [ fb_321]:  wired=1; compound=1; hidden=0; nouse=0; global=0; static=0; extern=0; dir=1; type=1; pingpong=0; private_global=0; MemPort=[03]; IO mode=ap_memory:ce=0
Port [ fb_322]:  wired=1; compound=1; hidden=0; nouse=0; global=0; static=0; extern=0; dir=1; type=1; pingpong=0; private_global=0; MemPort=[03]; IO mode=ap_memory:ce=0
Port [ fb_323]:  wired=1; compound=1; hidden=0; nouse=0; global=0; static=0; extern=0; dir=1; type=1; pingpong=0; private_global=0; MemPort=[03]; IO mode=ap_memory:ce=0
Port [ fb_324]:  wired=1; compound=1; hidden=0; nouse=0; global=0; static=0; extern=0; dir=1; type=1; pingpong=0; private_global=0; MemPort=[03]; IO mode=ap_memory:ce=0
Port [ fb_325]:  wired=1; compound=1; hidden=0; nouse=0; global=0; static=0; extern=0; dir=1; type=1; pingpong=0; private_global=0; MemPort=[03]; IO mode=ap_memory:ce=0
Port [ fb_326]:  wired=1; compound=1; hidden=0; nouse=0; global=0; static=0; extern=0; dir=1; type=1; pingpong=0; private_global=0; MemPort=[03]; IO mode=ap_memory:ce=0
Port [ fb_327]:  wired=1; compound=1; hidden=0; nouse=0; global=0; static=0; extern=0; dir=1; type=1; pingpong=0; private_global=0; MemPort=[03]; IO mode=ap_memory:ce=0
Port [ fb_328]:  wired=1; compound=1; hidden=0; nouse=0; global=0; static=0; extern=0; dir=1; type=1; pingpong=0; private_global=0; MemPort=[03]; IO mode=ap_memory:ce=0
Port [ fb_329]:  wired=1; compound=1; hidden=0; nouse=0; global=0; static=0; extern=0; dir=1; type=1; pingpong=0; private_global=0; MemPort=[03]; IO mode=ap_memory:ce=0
Port [ fb_330]:  wired=1; compound=1; hidden=0; nouse=0; global=0; static=0; extern=0; dir=1; type=1; pingpong=0; private_global=0; MemPort=[03]; IO mode=ap_memory:ce=0
Port [ fb_331]:  wired=1; compound=1; hidden=0; nouse=0; global=0; static=0; extern=0; dir=1; type=1; pingpong=0; private_global=0; MemPort=[03]; IO mode=ap_memory:ce=0
Port [ fb_332]:  wired=1; compound=1; hidden=0; nouse=0; global=0; static=0; extern=0; dir=1; type=1; pingpong=0; private_global=0; MemPort=[03]; IO mode=ap_memory:ce=0
Port [ fb_333]:  wired=1; compound=1; hidden=0; nouse=0; global=0; static=0; extern=0; dir=1; type=1; pingpong=0; private_global=0; MemPort=[03]; IO mode=ap_memory:ce=0
Port [ fb_334]:  wired=1; compound=1; hidden=0; nouse=0; global=0; static=0; extern=0; dir=1; type=1; pingpong=0; private_global=0; MemPort=[03]; IO mode=ap_memory:ce=0
Port [ fb_335]:  wired=1; compound=1; hidden=0; nouse=0; global=0; static=0; extern=0; dir=1; type=1; pingpong=0; private_global=0; MemPort=[03]; IO mode=ap_memory:ce=0
Port [ fb_336]:  wired=1; compound=1; hidden=0; nouse=0; global=0; static=0; extern=0; dir=1; type=1; pingpong=0; private_global=0; MemPort=[03]; IO mode=ap_memory:ce=0
Port [ fb_337]:  wired=1; compound=1; hidden=0; nouse=0; global=0; static=0; extern=0; dir=1; type=1; pingpong=0; private_global=0; MemPort=[03]; IO mode=ap_memory:ce=0
Port [ fb_338]:  wired=1; compound=1; hidden=0; nouse=0; global=0; static=0; extern=0; dir=1; type=1; pingpong=0; private_global=0; MemPort=[03]; IO mode=ap_memory:ce=0
Port [ fb_339]:  wired=1; compound=1; hidden=0; nouse=0; global=0; static=0; extern=0; dir=1; type=1; pingpong=0; private_global=0; MemPort=[03]; IO mode=ap_memory:ce=0
Port [ fb_340]:  wired=1; compound=1; hidden=0; nouse=0; global=0; static=0; extern=0; dir=1; type=1; pingpong=0; private_global=0; MemPort=[03]; IO mode=ap_memory:ce=0
Port [ fb_341]:  wired=1; compound=1; hidden=0; nouse=0; global=0; static=0; extern=0; dir=1; type=1; pingpong=0; private_global=0; MemPort=[03]; IO mode=ap_memory:ce=0
Port [ fb_342]:  wired=1; compound=1; hidden=0; nouse=0; global=0; static=0; extern=0; dir=1; type=1; pingpong=0; private_global=0; MemPort=[03]; IO mode=ap_memory:ce=0
Port [ fb_343]:  wired=1; compound=1; hidden=0; nouse=0; global=0; static=0; extern=0; dir=1; type=1; pingpong=0; private_global=0; MemPort=[03]; IO mode=ap_memory:ce=0
Port [ fb_344]:  wired=1; compound=1; hidden=0; nouse=0; global=0; static=0; extern=0; dir=1; type=1; pingpong=0; private_global=0; MemPort=[03]; IO mode=ap_memory:ce=0
Port [ fb_345]:  wired=1; compound=1; hidden=0; nouse=0; global=0; static=0; extern=0; dir=1; type=1; pingpong=0; private_global=0; MemPort=[03]; IO mode=ap_memory:ce=0
Port [ fb_346]:  wired=1; compound=1; hidden=0; nouse=0; global=0; static=0; extern=0; dir=1; type=1; pingpong=0; private_global=0; MemPort=[03]; IO mode=ap_memory:ce=0
Port [ fb_347]:  wired=1; compound=1; hidden=0; nouse=0; global=0; static=0; extern=0; dir=1; type=1; pingpong=0; private_global=0; MemPort=[03]; IO mode=ap_memory:ce=0
Port [ fb_348]:  wired=1; compound=1; hidden=0; nouse=0; global=0; static=0; extern=0; dir=1; type=1; pingpong=0; private_global=0; MemPort=[03]; IO mode=ap_memory:ce=0
Port [ fb_349]:  wired=1; compound=1; hidden=0; nouse=0; global=0; static=0; extern=0; dir=1; type=1; pingpong=0; private_global=0; MemPort=[03]; IO mode=ap_memory:ce=0
Port [ fb_350]:  wired=1; compound=1; hidden=0; nouse=0; global=0; static=0; extern=0; dir=1; type=1; pingpong=0; private_global=0; MemPort=[03]; IO mode=ap_memory:ce=0
Port [ fb_351]:  wired=1; compound=1; hidden=0; nouse=0; global=0; static=0; extern=0; dir=1; type=1; pingpong=0; private_global=0; MemPort=[03]; IO mode=ap_memory:ce=0
Port [ fb_352]:  wired=1; compound=1; hidden=0; nouse=0; global=0; static=0; extern=0; dir=1; type=1; pingpong=0; private_global=0; MemPort=[03]; IO mode=ap_memory:ce=0
Port [ fb_353]:  wired=1; compound=1; hidden=0; nouse=0; global=0; static=0; extern=0; dir=1; type=1; pingpong=0; private_global=0; MemPort=[03]; IO mode=ap_memory:ce=0
Port [ fb_354]:  wired=1; compound=1; hidden=0; nouse=0; global=0; static=0; extern=0; dir=1; type=1; pingpong=0; private_global=0; MemPort=[03]; IO mode=ap_memory:ce=0
Port [ fb_355]:  wired=1; compound=1; hidden=0; nouse=0; global=0; static=0; extern=0; dir=1; type=1; pingpong=0; private_global=0; MemPort=[03]; IO mode=ap_memory:ce=0
Port [ fb_356]:  wired=1; compound=1; hidden=0; nouse=0; global=0; static=0; extern=0; dir=1; type=1; pingpong=0; private_global=0; MemPort=[03]; IO mode=ap_memory:ce=0
Port [ fb_357]:  wired=1; compound=1; hidden=0; nouse=0; global=0; static=0; extern=0; dir=1; type=1; pingpong=0; private_global=0; MemPort=[03]; IO mode=ap_memory:ce=0
Port [ fb_358]:  wired=1; compound=1; hidden=0; nouse=0; global=0; static=0; extern=0; dir=1; type=1; pingpong=0; private_global=0; MemPort=[03]; IO mode=ap_memory:ce=0
Port [ fb_359]:  wired=1; compound=1; hidden=0; nouse=0; global=0; static=0; extern=0; dir=1; type=1; pingpong=0; private_global=0; MemPort=[03]; IO mode=ap_memory:ce=0
Port [ fb_360]:  wired=1; compound=1; hidden=0; nouse=0; global=0; static=0; extern=0; dir=1; type=1; pingpong=0; private_global=0; MemPort=[03]; IO mode=ap_memory:ce=0
Port [ fb_361]:  wired=1; compound=1; hidden=0; nouse=0; global=0; static=0; extern=0; dir=1; type=1; pingpong=0; private_global=0; MemPort=[03]; IO mode=ap_memory:ce=0
Port [ fb_362]:  wired=1; compound=1; hidden=0; nouse=0; global=0; static=0; extern=0; dir=1; type=1; pingpong=0; private_global=0; MemPort=[03]; IO mode=ap_memory:ce=0
Port [ fb_363]:  wired=1; compound=1; hidden=0; nouse=0; global=0; static=0; extern=0; dir=1; type=1; pingpong=0; private_global=0; MemPort=[03]; IO mode=ap_memory:ce=0
Port [ fb_364]:  wired=1; compound=1; hidden=0; nouse=0; global=0; static=0; extern=0; dir=1; type=1; pingpong=0; private_global=0; MemPort=[03]; IO mode=ap_memory:ce=0
Port [ fb_365]:  wired=1; compound=1; hidden=0; nouse=0; global=0; static=0; extern=0; dir=1; type=1; pingpong=0; private_global=0; MemPort=[03]; IO mode=ap_memory:ce=0
Port [ fb_366]:  wired=1; compound=1; hidden=0; nouse=0; global=0; static=0; extern=0; dir=1; type=1; pingpong=0; private_global=0; MemPort=[03]; IO mode=ap_memory:ce=0
Port [ fb_367]:  wired=1; compound=1; hidden=0; nouse=0; global=0; static=0; extern=0; dir=1; type=1; pingpong=0; private_global=0; MemPort=[03]; IO mode=ap_memory:ce=0
Port [ fb_368]:  wired=1; compound=1; hidden=0; nouse=0; global=0; static=0; extern=0; dir=1; type=1; pingpong=0; private_global=0; MemPort=[03]; IO mode=ap_memory:ce=0
Port [ fb_369]:  wired=1; compound=1; hidden=0; nouse=0; global=0; static=0; extern=0; dir=1; type=1; pingpong=0; private_global=0; MemPort=[03]; IO mode=ap_memory:ce=0
Port [ fb_370]:  wired=1; compound=1; hidden=0; nouse=0; global=0; static=0; extern=0; dir=1; type=1; pingpong=0; private_global=0; MemPort=[03]; IO mode=ap_memory:ce=0
Port [ fb_371]:  wired=1; compound=1; hidden=0; nouse=0; global=0; static=0; extern=0; dir=1; type=1; pingpong=0; private_global=0; MemPort=[03]; IO mode=ap_memory:ce=0
Port [ fb_372]:  wired=1; compound=1; hidden=0; nouse=0; global=0; static=0; extern=0; dir=1; type=1; pingpong=0; private_global=0; MemPort=[03]; IO mode=ap_memory:ce=0
Port [ fb_373]:  wired=1; compound=1; hidden=0; nouse=0; global=0; static=0; extern=0; dir=1; type=1; pingpong=0; private_global=0; MemPort=[03]; IO mode=ap_memory:ce=0
Port [ fb_374]:  wired=1; compound=1; hidden=0; nouse=0; global=0; static=0; extern=0; dir=1; type=1; pingpong=0; private_global=0; MemPort=[03]; IO mode=ap_memory:ce=0
Port [ fb_375]:  wired=1; compound=1; hidden=0; nouse=0; global=0; static=0; extern=0; dir=1; type=1; pingpong=0; private_global=0; MemPort=[03]; IO mode=ap_memory:ce=0
Port [ fb_376]:  wired=1; compound=1; hidden=0; nouse=0; global=0; static=0; extern=0; dir=1; type=1; pingpong=0; private_global=0; MemPort=[03]; IO mode=ap_memory:ce=0
Port [ fb_377]:  wired=1; compound=1; hidden=0; nouse=0; global=0; static=0; extern=0; dir=1; type=1; pingpong=0; private_global=0; MemPort=[03]; IO mode=ap_memory:ce=0
Port [ fb_378]:  wired=1; compound=1; hidden=0; nouse=0; global=0; static=0; extern=0; dir=1; type=1; pingpong=0; private_global=0; MemPort=[03]; IO mode=ap_memory:ce=0
Port [ fb_379]:  wired=1; compound=1; hidden=0; nouse=0; global=0; static=0; extern=0; dir=1; type=1; pingpong=0; private_global=0; MemPort=[03]; IO mode=ap_memory:ce=0
Port [ fb_380]:  wired=1; compound=1; hidden=0; nouse=0; global=0; static=0; extern=0; dir=1; type=1; pingpong=0; private_global=0; MemPort=[03]; IO mode=ap_memory:ce=0
Port [ fb_381]:  wired=1; compound=1; hidden=0; nouse=0; global=0; static=0; extern=0; dir=1; type=1; pingpong=0; private_global=0; MemPort=[03]; IO mode=ap_memory:ce=0
Port [ fb_382]:  wired=1; compound=1; hidden=0; nouse=0; global=0; static=0; extern=0; dir=1; type=1; pingpong=0; private_global=0; MemPort=[03]; IO mode=ap_memory:ce=0
Port [ fb_383]:  wired=1; compound=1; hidden=0; nouse=0; global=0; static=0; extern=0; dir=1; type=1; pingpong=0; private_global=0; MemPort=[03]; IO mode=ap_memory:ce=0
Port [ fb_384]:  wired=1; compound=1; hidden=0; nouse=0; global=0; static=0; extern=0; dir=1; type=1; pingpong=0; private_global=0; MemPort=[03]; IO mode=ap_memory:ce=0
Port [ fb_385]:  wired=1; compound=1; hidden=0; nouse=0; global=0; static=0; extern=0; dir=1; type=1; pingpong=0; private_global=0; MemPort=[03]; IO mode=ap_memory:ce=0
Port [ fb_386]:  wired=1; compound=1; hidden=0; nouse=0; global=0; static=0; extern=0; dir=1; type=1; pingpong=0; private_global=0; MemPort=[03]; IO mode=ap_memory:ce=0
Port [ fb_387]:  wired=1; compound=1; hidden=0; nouse=0; global=0; static=0; extern=0; dir=1; type=1; pingpong=0; private_global=0; MemPort=[03]; IO mode=ap_memory:ce=0
Port [ fb_388]:  wired=1; compound=1; hidden=0; nouse=0; global=0; static=0; extern=0; dir=1; type=1; pingpong=0; private_global=0; MemPort=[03]; IO mode=ap_memory:ce=0
Port [ fb_389]:  wired=1; compound=1; hidden=0; nouse=0; global=0; static=0; extern=0; dir=1; type=1; pingpong=0; private_global=0; MemPort=[03]; IO mode=ap_memory:ce=0
Port [ fb_390]:  wired=1; compound=1; hidden=0; nouse=0; global=0; static=0; extern=0; dir=1; type=1; pingpong=0; private_global=0; MemPort=[03]; IO mode=ap_memory:ce=0
Port [ fb_391]:  wired=1; compound=1; hidden=0; nouse=0; global=0; static=0; extern=0; dir=1; type=1; pingpong=0; private_global=0; MemPort=[03]; IO mode=ap_memory:ce=0
Port [ fb_392]:  wired=1; compound=1; hidden=0; nouse=0; global=0; static=0; extern=0; dir=1; type=1; pingpong=0; private_global=0; MemPort=[03]; IO mode=ap_memory:ce=0
Port [ fb_393]:  wired=1; compound=1; hidden=0; nouse=0; global=0; static=0; extern=0; dir=1; type=1; pingpong=0; private_global=0; MemPort=[03]; IO mode=ap_memory:ce=0
Port [ fb_394]:  wired=1; compound=1; hidden=0; nouse=0; global=0; static=0; extern=0; dir=1; type=1; pingpong=0; private_global=0; MemPort=[03]; IO mode=ap_memory:ce=0
Port [ fb_395]:  wired=1; compound=1; hidden=0; nouse=0; global=0; static=0; extern=0; dir=1; type=1; pingpong=0; private_global=0; MemPort=[03]; IO mode=ap_memory:ce=0
Port [ fb_396]:  wired=1; compound=1; hidden=0; nouse=0; global=0; static=0; extern=0; dir=1; type=1; pingpong=0; private_global=0; MemPort=[03]; IO mode=ap_memory:ce=0
Port [ fb_397]:  wired=1; compound=1; hidden=0; nouse=0; global=0; static=0; extern=0; dir=1; type=1; pingpong=0; private_global=0; MemPort=[03]; IO mode=ap_memory:ce=0
Port [ fb_398]:  wired=1; compound=1; hidden=0; nouse=0; global=0; static=0; extern=0; dir=1; type=1; pingpong=0; private_global=0; MemPort=[03]; IO mode=ap_memory:ce=0
Port [ fb_399]:  wired=1; compound=1; hidden=0; nouse=0; global=0; static=0; extern=0; dir=1; type=1; pingpong=0; private_global=0; MemPort=[03]; IO mode=ap_memory:ce=0
Port [ fb_400]:  wired=1; compound=1; hidden=0; nouse=0; global=0; static=0; extern=0; dir=1; type=1; pingpong=0; private_global=0; MemPort=[03]; IO mode=ap_memory:ce=0
Port [ fb_401]:  wired=1; compound=1; hidden=0; nouse=0; global=0; static=0; extern=0; dir=1; type=1; pingpong=0; private_global=0; MemPort=[03]; IO mode=ap_memory:ce=0
Port [ fb_402]:  wired=1; compound=1; hidden=0; nouse=0; global=0; static=0; extern=0; dir=1; type=1; pingpong=0; private_global=0; MemPort=[03]; IO mode=ap_memory:ce=0
Port [ fb_403]:  wired=1; compound=1; hidden=0; nouse=0; global=0; static=0; extern=0; dir=1; type=1; pingpong=0; private_global=0; MemPort=[03]; IO mode=ap_memory:ce=0
Port [ fb_404]:  wired=1; compound=1; hidden=0; nouse=0; global=0; static=0; extern=0; dir=1; type=1; pingpong=0; private_global=0; MemPort=[03]; IO mode=ap_memory:ce=0
Port [ fb_405]:  wired=1; compound=1; hidden=0; nouse=0; global=0; static=0; extern=0; dir=1; type=1; pingpong=0; private_global=0; MemPort=[03]; IO mode=ap_memory:ce=0
Port [ fb_406]:  wired=1; compound=1; hidden=0; nouse=0; global=0; static=0; extern=0; dir=1; type=1; pingpong=0; private_global=0; MemPort=[03]; IO mode=ap_memory:ce=0
Port [ fb_407]:  wired=1; compound=1; hidden=0; nouse=0; global=0; static=0; extern=0; dir=1; type=1; pingpong=0; private_global=0; MemPort=[03]; IO mode=ap_memory:ce=0
Port [ fb_408]:  wired=1; compound=1; hidden=0; nouse=0; global=0; static=0; extern=0; dir=1; type=1; pingpong=0; private_global=0; MemPort=[03]; IO mode=ap_memory:ce=0
Port [ fb_409]:  wired=1; compound=1; hidden=0; nouse=0; global=0; static=0; extern=0; dir=1; type=1; pingpong=0; private_global=0; MemPort=[03]; IO mode=ap_memory:ce=0
Port [ fb_410]:  wired=1; compound=1; hidden=0; nouse=0; global=0; static=0; extern=0; dir=1; type=1; pingpong=0; private_global=0; MemPort=[03]; IO mode=ap_memory:ce=0
Port [ fb_411]:  wired=1; compound=1; hidden=0; nouse=0; global=0; static=0; extern=0; dir=1; type=1; pingpong=0; private_global=0; MemPort=[03]; IO mode=ap_memory:ce=0
Port [ fb_412]:  wired=1; compound=1; hidden=0; nouse=0; global=0; static=0; extern=0; dir=1; type=1; pingpong=0; private_global=0; MemPort=[03]; IO mode=ap_memory:ce=0
Port [ fb_413]:  wired=1; compound=1; hidden=0; nouse=0; global=0; static=0; extern=0; dir=1; type=1; pingpong=0; private_global=0; MemPort=[03]; IO mode=ap_memory:ce=0
Port [ fb_414]:  wired=1; compound=1; hidden=0; nouse=0; global=0; static=0; extern=0; dir=1; type=1; pingpong=0; private_global=0; MemPort=[03]; IO mode=ap_memory:ce=0
Port [ fb_415]:  wired=1; compound=1; hidden=0; nouse=0; global=0; static=0; extern=0; dir=1; type=1; pingpong=0; private_global=0; MemPort=[03]; IO mode=ap_memory:ce=0
Port [ fb_416]:  wired=1; compound=1; hidden=0; nouse=0; global=0; static=0; extern=0; dir=1; type=1; pingpong=0; private_global=0; MemPort=[03]; IO mode=ap_memory:ce=0
Port [ fb_417]:  wired=1; compound=1; hidden=0; nouse=0; global=0; static=0; extern=0; dir=1; type=1; pingpong=0; private_global=0; MemPort=[03]; IO mode=ap_memory:ce=0
Port [ fb_418]:  wired=1; compound=1; hidden=0; nouse=0; global=0; static=0; extern=0; dir=1; type=1; pingpong=0; private_global=0; MemPort=[03]; IO mode=ap_memory:ce=0
Port [ fb_419]:  wired=1; compound=1; hidden=0; nouse=0; global=0; static=0; extern=0; dir=1; type=1; pingpong=0; private_global=0; MemPort=[03]; IO mode=ap_memory:ce=0
Port [ fb_420]:  wired=1; compound=1; hidden=0; nouse=0; global=0; static=0; extern=0; dir=1; type=1; pingpong=0; private_global=0; MemPort=[03]; IO mode=ap_memory:ce=0
Port [ fb_421]:  wired=1; compound=1; hidden=0; nouse=0; global=0; static=0; extern=0; dir=1; type=1; pingpong=0; private_global=0; MemPort=[03]; IO mode=ap_memory:ce=0
Port [ fb_422]:  wired=1; compound=1; hidden=0; nouse=0; global=0; static=0; extern=0; dir=1; type=1; pingpong=0; private_global=0; MemPort=[03]; IO mode=ap_memory:ce=0
Port [ fb_423]:  wired=1; compound=1; hidden=0; nouse=0; global=0; static=0; extern=0; dir=1; type=1; pingpong=0; private_global=0; MemPort=[03]; IO mode=ap_memory:ce=0
Port [ fb_424]:  wired=1; compound=1; hidden=0; nouse=0; global=0; static=0; extern=0; dir=1; type=1; pingpong=0; private_global=0; MemPort=[03]; IO mode=ap_memory:ce=0
Port [ fb_425]:  wired=1; compound=1; hidden=0; nouse=0; global=0; static=0; extern=0; dir=1; type=1; pingpong=0; private_global=0; MemPort=[03]; IO mode=ap_memory:ce=0
Port [ fb_426]:  wired=1; compound=1; hidden=0; nouse=0; global=0; static=0; extern=0; dir=1; type=1; pingpong=0; private_global=0; MemPort=[03]; IO mode=ap_memory:ce=0
Port [ fb_427]:  wired=1; compound=1; hidden=0; nouse=0; global=0; static=0; extern=0; dir=1; type=1; pingpong=0; private_global=0; MemPort=[03]; IO mode=ap_memory:ce=0
Port [ fb_428]:  wired=1; compound=1; hidden=0; nouse=0; global=0; static=0; extern=0; dir=1; type=1; pingpong=0; private_global=0; MemPort=[03]; IO mode=ap_memory:ce=0
Port [ fb_429]:  wired=1; compound=1; hidden=0; nouse=0; global=0; static=0; extern=0; dir=1; type=1; pingpong=0; private_global=0; MemPort=[03]; IO mode=ap_memory:ce=0
Port [ fb_430]:  wired=1; compound=1; hidden=0; nouse=0; global=0; static=0; extern=0; dir=1; type=1; pingpong=0; private_global=0; MemPort=[03]; IO mode=ap_memory:ce=0
---------------- STG Properties END ------------------

---------------- Datapath Model BEGIN ----------------

<LifeTime>
<method=bitvector/>
c                     (alloca           ) [ 0110]
x                     (alloca           ) [ 0111]
indvar_flatten        (alloca           ) [ 0110]
y                     (alloca           ) [ 0111]
indvar_flatten12      (alloca           ) [ 0110]
s                     (alloca           ) [ 0110]
indvar_flatten33      (alloca           ) [ 0110]
store_ln0             (store            ) [ 0000]
store_ln39            (store            ) [ 0000]
store_ln0             (store            ) [ 0000]
store_ln40            (store            ) [ 0000]
store_ln0             (store            ) [ 0000]
store_ln41            (store            ) [ 0000]
store_ln42            (store            ) [ 0000]
br_ln0                (br               ) [ 0000]
indvar_flatten_load   (load             ) [ 0000]
indvar_flatten12_load (load             ) [ 0000]
indvar_flatten33_load (load             ) [ 0000]
icmp_ln39             (icmp             ) [ 0110]
add_ln39_1            (add              ) [ 0000]
br_ln39               (br               ) [ 0000]
c_load                (load             ) [ 0000]
s_load                (load             ) [ 0000]
add_ln39              (add              ) [ 0000]
icmp_ln40             (icmp             ) [ 0101]
xor_ln39              (xor              ) [ 0000]
icmp_ln42             (icmp             ) [ 0000]
icmp_ln41             (icmp             ) [ 0000]
and_ln39_1            (and              ) [ 0101]
select_ln39_1         (select           ) [ 0111]
or_ln40               (or               ) [ 0101]
xor_ln40              (xor              ) [ 0000]
or_ln40_1             (or               ) [ 0000]
and_ln39              (and              ) [ 0000]
and_ln40              (and              ) [ 0101]
or_ln41               (or               ) [ 0000]
or_ln41_1             (or               ) [ 0000]
select_ln41           (select           ) [ 0101]
switch_ln44           (switch           ) [ 0000]
br_ln44               (br               ) [ 0000]
br_ln44               (br               ) [ 0000]
br_ln44               (br               ) [ 0000]
add_ln42              (add              ) [ 0000]
add_ln41_1            (add              ) [ 0000]
select_ln41_2         (select           ) [ 0000]
add_ln40_1            (add              ) [ 0000]
select_ln40_2         (select           ) [ 0000]
store_ln39            (store            ) [ 0000]
store_ln39            (store            ) [ 0000]
store_ln40            (store            ) [ 0000]
store_ln41            (store            ) [ 0000]
store_ln42            (store            ) [ 0000]
x_load                (load             ) [ 0000]
y_load                (load             ) [ 0000]
specloopname_ln0      (specloopname     ) [ 0000]
speclooptripcount_ln0 (speclooptripcount) [ 0000]
select_ln39           (select           ) [ 0000]
add_ln40              (add              ) [ 0000]
select_ln40           (select           ) [ 0000]
select_ln40_1         (select           ) [ 0000]
add_ln41              (add              ) [ 0000]
select_ln41_1         (select           ) [ 0101]
zext_ln40             (zext             ) [ 0000]
fb_addr               (getelementptr    ) [ 0000]
fb_216_addr           (getelementptr    ) [ 0000]
fb_217_addr           (getelementptr    ) [ 0000]
fb_218_addr           (getelementptr    ) [ 0000]
fb_219_addr           (getelementptr    ) [ 0000]
fb_220_addr           (getelementptr    ) [ 0000]
fb_221_addr           (getelementptr    ) [ 0000]
fb_222_addr           (getelementptr    ) [ 0000]
fb_223_addr           (getelementptr    ) [ 0000]
fb_224_addr           (getelementptr    ) [ 0000]
fb_225_addr           (getelementptr    ) [ 0000]
fb_226_addr           (getelementptr    ) [ 0000]
fb_227_addr           (getelementptr    ) [ 0000]
fb_228_addr           (getelementptr    ) [ 0000]
fb_229_addr           (getelementptr    ) [ 0000]
fb_230_addr           (getelementptr    ) [ 0000]
fb_231_addr           (getelementptr    ) [ 0000]
fb_232_addr           (getelementptr    ) [ 0000]
fb_233_addr           (getelementptr    ) [ 0000]
fb_234_addr           (getelementptr    ) [ 0000]
fb_235_addr           (getelementptr    ) [ 0000]
fb_236_addr           (getelementptr    ) [ 0000]
fb_237_addr           (getelementptr    ) [ 0000]
fb_238_addr           (getelementptr    ) [ 0000]
fb_239_addr           (getelementptr    ) [ 0000]
fb_240_addr           (getelementptr    ) [ 0000]
fb_241_addr           (getelementptr    ) [ 0000]
fb_242_addr           (getelementptr    ) [ 0000]
fb_243_addr           (getelementptr    ) [ 0000]
fb_244_addr           (getelementptr    ) [ 0000]
fb_245_addr           (getelementptr    ) [ 0000]
fb_246_addr           (getelementptr    ) [ 0000]
fb_247_addr           (getelementptr    ) [ 0000]
fb_248_addr           (getelementptr    ) [ 0000]
fb_249_addr           (getelementptr    ) [ 0000]
fb_250_addr           (getelementptr    ) [ 0000]
fb_251_addr           (getelementptr    ) [ 0000]
fb_252_addr           (getelementptr    ) [ 0000]
fb_253_addr           (getelementptr    ) [ 0000]
fb_254_addr           (getelementptr    ) [ 0000]
fb_255_addr           (getelementptr    ) [ 0000]
fb_256_addr           (getelementptr    ) [ 0000]
fb_257_addr           (getelementptr    ) [ 0000]
fb_258_addr           (getelementptr    ) [ 0000]
fb_259_addr           (getelementptr    ) [ 0000]
fb_260_addr           (getelementptr    ) [ 0000]
fb_261_addr           (getelementptr    ) [ 0000]
fb_262_addr           (getelementptr    ) [ 0000]
fb_263_addr           (getelementptr    ) [ 0000]
fb_264_addr           (getelementptr    ) [ 0000]
fb_265_addr           (getelementptr    ) [ 0000]
fb_266_addr           (getelementptr    ) [ 0000]
fb_267_addr           (getelementptr    ) [ 0000]
fb_268_addr           (getelementptr    ) [ 0000]
fb_269_addr           (getelementptr    ) [ 0000]
fb_270_addr           (getelementptr    ) [ 0000]
fb_271_addr           (getelementptr    ) [ 0000]
fb_272_addr           (getelementptr    ) [ 0000]
fb_273_addr           (getelementptr    ) [ 0000]
fb_274_addr           (getelementptr    ) [ 0000]
fb_275_addr           (getelementptr    ) [ 0000]
fb_276_addr           (getelementptr    ) [ 0000]
fb_277_addr           (getelementptr    ) [ 0000]
fb_278_addr           (getelementptr    ) [ 0000]
fb_279_addr           (getelementptr    ) [ 0000]
fb_280_addr           (getelementptr    ) [ 0000]
fb_281_addr           (getelementptr    ) [ 0000]
fb_282_addr           (getelementptr    ) [ 0000]
fb_283_addr           (getelementptr    ) [ 0000]
fb_284_addr           (getelementptr    ) [ 0000]
fb_285_addr           (getelementptr    ) [ 0000]
fb_286_addr           (getelementptr    ) [ 0000]
fb_287_addr           (getelementptr    ) [ 0000]
fb_288_addr           (getelementptr    ) [ 0000]
fb_289_addr           (getelementptr    ) [ 0000]
fb_290_addr           (getelementptr    ) [ 0000]
fb_291_addr           (getelementptr    ) [ 0000]
fb_292_addr           (getelementptr    ) [ 0000]
fb_293_addr           (getelementptr    ) [ 0000]
fb_294_addr           (getelementptr    ) [ 0000]
fb_295_addr           (getelementptr    ) [ 0000]
fb_296_addr           (getelementptr    ) [ 0000]
fb_297_addr           (getelementptr    ) [ 0000]
fb_298_addr           (getelementptr    ) [ 0000]
fb_299_addr           (getelementptr    ) [ 0000]
fb_300_addr           (getelementptr    ) [ 0000]
fb_301_addr           (getelementptr    ) [ 0000]
fb_302_addr           (getelementptr    ) [ 0000]
fb_303_addr           (getelementptr    ) [ 0000]
fb_304_addr           (getelementptr    ) [ 0000]
fb_305_addr           (getelementptr    ) [ 0000]
fb_306_addr           (getelementptr    ) [ 0000]
fb_307_addr           (getelementptr    ) [ 0000]
fb_308_addr           (getelementptr    ) [ 0000]
fb_309_addr           (getelementptr    ) [ 0000]
fb_310_addr           (getelementptr    ) [ 0000]
fb_311_addr           (getelementptr    ) [ 0000]
fb_312_addr           (getelementptr    ) [ 0000]
fb_313_addr           (getelementptr    ) [ 0000]
fb_314_addr           (getelementptr    ) [ 0000]
fb_315_addr           (getelementptr    ) [ 0000]
fb_316_addr           (getelementptr    ) [ 0000]
fb_317_addr           (getelementptr    ) [ 0000]
fb_318_addr           (getelementptr    ) [ 0000]
fb_319_addr           (getelementptr    ) [ 0000]
fb_320_addr           (getelementptr    ) [ 0000]
fb_321_addr           (getelementptr    ) [ 0000]
fb_322_addr           (getelementptr    ) [ 0000]
fb_323_addr           (getelementptr    ) [ 0000]
fb_324_addr           (getelementptr    ) [ 0000]
fb_325_addr           (getelementptr    ) [ 0000]
fb_326_addr           (getelementptr    ) [ 0000]
fb_327_addr           (getelementptr    ) [ 0000]
fb_328_addr           (getelementptr    ) [ 0000]
fb_329_addr           (getelementptr    ) [ 0000]
fb_330_addr           (getelementptr    ) [ 0000]
fb_331_addr           (getelementptr    ) [ 0000]
fb_332_addr           (getelementptr    ) [ 0000]
fb_333_addr           (getelementptr    ) [ 0000]
fb_334_addr           (getelementptr    ) [ 0000]
fb_335_addr           (getelementptr    ) [ 0000]
fb_336_addr           (getelementptr    ) [ 0000]
fb_337_addr           (getelementptr    ) [ 0000]
fb_338_addr           (getelementptr    ) [ 0000]
fb_339_addr           (getelementptr    ) [ 0000]
fb_340_addr           (getelementptr    ) [ 0000]
fb_341_addr           (getelementptr    ) [ 0000]
fb_342_addr           (getelementptr    ) [ 0000]
fb_343_addr           (getelementptr    ) [ 0000]
fb_344_addr           (getelementptr    ) [ 0000]
fb_345_addr           (getelementptr    ) [ 0000]
fb_346_addr           (getelementptr    ) [ 0000]
fb_347_addr           (getelementptr    ) [ 0000]
fb_348_addr           (getelementptr    ) [ 0000]
fb_349_addr           (getelementptr    ) [ 0000]
fb_350_addr           (getelementptr    ) [ 0000]
fb_351_addr           (getelementptr    ) [ 0000]
fb_352_addr           (getelementptr    ) [ 0000]
fb_353_addr           (getelementptr    ) [ 0000]
fb_354_addr           (getelementptr    ) [ 0000]
fb_355_addr           (getelementptr    ) [ 0000]
fb_356_addr           (getelementptr    ) [ 0000]
fb_357_addr           (getelementptr    ) [ 0000]
fb_358_addr           (getelementptr    ) [ 0000]
fb_359_addr           (getelementptr    ) [ 0000]
fb_360_addr           (getelementptr    ) [ 0000]
fb_361_addr           (getelementptr    ) [ 0000]
fb_362_addr           (getelementptr    ) [ 0000]
fb_363_addr           (getelementptr    ) [ 0000]
fb_364_addr           (getelementptr    ) [ 0000]
fb_365_addr           (getelementptr    ) [ 0000]
fb_366_addr           (getelementptr    ) [ 0000]
fb_367_addr           (getelementptr    ) [ 0000]
fb_368_addr           (getelementptr    ) [ 0000]
fb_369_addr           (getelementptr    ) [ 0000]
fb_370_addr           (getelementptr    ) [ 0000]
fb_371_addr           (getelementptr    ) [ 0000]
fb_372_addr           (getelementptr    ) [ 0000]
fb_373_addr           (getelementptr    ) [ 0000]
fb_374_addr           (getelementptr    ) [ 0000]
fb_375_addr           (getelementptr    ) [ 0000]
fb_376_addr           (getelementptr    ) [ 0000]
fb_377_addr           (getelementptr    ) [ 0000]
fb_378_addr           (getelementptr    ) [ 0000]
fb_379_addr           (getelementptr    ) [ 0000]
fb_380_addr           (getelementptr    ) [ 0000]
fb_381_addr           (getelementptr    ) [ 0000]
fb_382_addr           (getelementptr    ) [ 0000]
fb_383_addr           (getelementptr    ) [ 0000]
fb_384_addr           (getelementptr    ) [ 0000]
fb_385_addr           (getelementptr    ) [ 0000]
fb_386_addr           (getelementptr    ) [ 0000]
fb_387_addr           (getelementptr    ) [ 0000]
fb_388_addr           (getelementptr    ) [ 0000]
fb_389_addr           (getelementptr    ) [ 0000]
fb_390_addr           (getelementptr    ) [ 0000]
fb_391_addr           (getelementptr    ) [ 0000]
fb_392_addr           (getelementptr    ) [ 0000]
fb_393_addr           (getelementptr    ) [ 0000]
fb_394_addr           (getelementptr    ) [ 0000]
fb_395_addr           (getelementptr    ) [ 0000]
fb_396_addr           (getelementptr    ) [ 0000]
fb_397_addr           (getelementptr    ) [ 0000]
fb_398_addr           (getelementptr    ) [ 0000]
fb_399_addr           (getelementptr    ) [ 0000]
fb_400_addr           (getelementptr    ) [ 0000]
fb_401_addr           (getelementptr    ) [ 0000]
fb_402_addr           (getelementptr    ) [ 0000]
fb_403_addr           (getelementptr    ) [ 0000]
fb_404_addr           (getelementptr    ) [ 0000]
fb_405_addr           (getelementptr    ) [ 0000]
fb_406_addr           (getelementptr    ) [ 0000]
fb_407_addr           (getelementptr    ) [ 0000]
fb_408_addr           (getelementptr    ) [ 0000]
fb_409_addr           (getelementptr    ) [ 0000]
fb_410_addr           (getelementptr    ) [ 0000]
fb_411_addr           (getelementptr    ) [ 0000]
fb_412_addr           (getelementptr    ) [ 0000]
fb_413_addr           (getelementptr    ) [ 0000]
fb_414_addr           (getelementptr    ) [ 0000]
fb_415_addr           (getelementptr    ) [ 0000]
fb_416_addr           (getelementptr    ) [ 0000]
fb_417_addr           (getelementptr    ) [ 0000]
fb_418_addr           (getelementptr    ) [ 0000]
fb_419_addr           (getelementptr    ) [ 0000]
fb_420_addr           (getelementptr    ) [ 0000]
fb_421_addr           (getelementptr    ) [ 0000]
fb_422_addr           (getelementptr    ) [ 0000]
fb_423_addr           (getelementptr    ) [ 0000]
fb_424_addr           (getelementptr    ) [ 0000]
fb_425_addr           (getelementptr    ) [ 0000]
fb_426_addr           (getelementptr    ) [ 0000]
fb_427_addr           (getelementptr    ) [ 0000]
fb_428_addr           (getelementptr    ) [ 0000]
fb_429_addr           (getelementptr    ) [ 0000]
fb_430_addr           (getelementptr    ) [ 0000]
specpipeline_ln43     (specpipeline     ) [ 0000]
switch_ln44           (switch           ) [ 0000]
switch_ln44           (switch           ) [ 0000]
store_ln44            (store            ) [ 0000]
br_ln44               (br               ) [ 0000]
store_ln44            (store            ) [ 0000]
br_ln44               (br               ) [ 0000]
store_ln44            (store            ) [ 0000]
br_ln44               (br               ) [ 0000]
store_ln44            (store            ) [ 0000]
br_ln44               (br               ) [ 0000]
store_ln44            (store            ) [ 0000]
br_ln44               (br               ) [ 0000]
store_ln44            (store            ) [ 0000]
br_ln44               (br               ) [ 0000]
store_ln44            (store            ) [ 0000]
br_ln44               (br               ) [ 0000]
store_ln44            (store            ) [ 0000]
br_ln44               (br               ) [ 0000]
store_ln44            (store            ) [ 0000]
br_ln44               (br               ) [ 0000]
store_ln44            (store            ) [ 0000]
br_ln44               (br               ) [ 0000]
store_ln44            (store            ) [ 0000]
br_ln44               (br               ) [ 0000]
store_ln44            (store            ) [ 0000]
br_ln44               (br               ) [ 0000]
br_ln44               (br               ) [ 0000]
switch_ln44           (switch           ) [ 0000]
store_ln44            (store            ) [ 0000]
br_ln44               (br               ) [ 0000]
store_ln44            (store            ) [ 0000]
br_ln44               (br               ) [ 0000]
store_ln44            (store            ) [ 0000]
br_ln44               (br               ) [ 0000]
store_ln44            (store            ) [ 0000]
br_ln44               (br               ) [ 0000]
store_ln44            (store            ) [ 0000]
br_ln44               (br               ) [ 0000]
store_ln44            (store            ) [ 0000]
br_ln44               (br               ) [ 0000]
store_ln44            (store            ) [ 0000]
br_ln44               (br               ) [ 0000]
store_ln44            (store            ) [ 0000]
br_ln44               (br               ) [ 0000]
store_ln44            (store            ) [ 0000]
br_ln44               (br               ) [ 0000]
store_ln44            (store            ) [ 0000]
br_ln44               (br               ) [ 0000]
store_ln44            (store            ) [ 0000]
br_ln44               (br               ) [ 0000]
store_ln44            (store            ) [ 0000]
br_ln44               (br               ) [ 0000]
br_ln44               (br               ) [ 0000]
switch_ln44           (switch           ) [ 0000]
store_ln44            (store            ) [ 0000]
br_ln44               (br               ) [ 0000]
store_ln44            (store            ) [ 0000]
br_ln44               (br               ) [ 0000]
store_ln44            (store            ) [ 0000]
br_ln44               (br               ) [ 0000]
store_ln44            (store            ) [ 0000]
br_ln44               (br               ) [ 0000]
store_ln44            (store            ) [ 0000]
br_ln44               (br               ) [ 0000]
store_ln44            (store            ) [ 0000]
br_ln44               (br               ) [ 0000]
store_ln44            (store            ) [ 0000]
br_ln44               (br               ) [ 0000]
store_ln44            (store            ) [ 0000]
br_ln44               (br               ) [ 0000]
store_ln44            (store            ) [ 0000]
br_ln44               (br               ) [ 0000]
store_ln44            (store            ) [ 0000]
br_ln44               (br               ) [ 0000]
store_ln44            (store            ) [ 0000]
br_ln44               (br               ) [ 0000]
store_ln44            (store            ) [ 0000]
br_ln44               (br               ) [ 0000]
br_ln44               (br               ) [ 0000]
switch_ln44           (switch           ) [ 0000]
store_ln44            (store            ) [ 0000]
br_ln44               (br               ) [ 0000]
store_ln44            (store            ) [ 0000]
br_ln44               (br               ) [ 0000]
store_ln44            (store            ) [ 0000]
br_ln44               (br               ) [ 0000]
store_ln44            (store            ) [ 0000]
br_ln44               (br               ) [ 0000]
store_ln44            (store            ) [ 0000]
br_ln44               (br               ) [ 0000]
store_ln44            (store            ) [ 0000]
br_ln44               (br               ) [ 0000]
store_ln44            (store            ) [ 0000]
br_ln44               (br               ) [ 0000]
store_ln44            (store            ) [ 0000]
br_ln44               (br               ) [ 0000]
store_ln44            (store            ) [ 0000]
br_ln44               (br               ) [ 0000]
store_ln44            (store            ) [ 0000]
br_ln44               (br               ) [ 0000]
store_ln44            (store            ) [ 0000]
br_ln44               (br               ) [ 0000]
store_ln44            (store            ) [ 0000]
br_ln44               (br               ) [ 0000]
br_ln44               (br               ) [ 0000]
switch_ln44           (switch           ) [ 0000]
store_ln44            (store            ) [ 0000]
br_ln44               (br               ) [ 0000]
store_ln44            (store            ) [ 0000]
br_ln44               (br               ) [ 0000]
store_ln44            (store            ) [ 0000]
br_ln44               (br               ) [ 0000]
store_ln44            (store            ) [ 0000]
br_ln44               (br               ) [ 0000]
store_ln44            (store            ) [ 0000]
br_ln44               (br               ) [ 0000]
store_ln44            (store            ) [ 0000]
br_ln44               (br               ) [ 0000]
store_ln44            (store            ) [ 0000]
br_ln44               (br               ) [ 0000]
store_ln44            (store            ) [ 0000]
br_ln44               (br               ) [ 0000]
store_ln44            (store            ) [ 0000]
br_ln44               (br               ) [ 0000]
store_ln44            (store            ) [ 0000]
br_ln44               (br               ) [ 0000]
store_ln44            (store            ) [ 0000]
br_ln44               (br               ) [ 0000]
store_ln44            (store            ) [ 0000]
br_ln44               (br               ) [ 0000]
br_ln44               (br               ) [ 0000]
switch_ln44           (switch           ) [ 0000]
store_ln44            (store            ) [ 0000]
br_ln44               (br               ) [ 0000]
store_ln44            (store            ) [ 0000]
br_ln44               (br               ) [ 0000]
store_ln44            (store            ) [ 0000]
br_ln44               (br               ) [ 0000]
store_ln44            (store            ) [ 0000]
br_ln44               (br               ) [ 0000]
store_ln44            (store            ) [ 0000]
br_ln44               (br               ) [ 0000]
store_ln44            (store            ) [ 0000]
br_ln44               (br               ) [ 0000]
store_ln44            (store            ) [ 0000]
br_ln44               (br               ) [ 0000]
store_ln44            (store            ) [ 0000]
br_ln44               (br               ) [ 0000]
store_ln44            (store            ) [ 0000]
br_ln44               (br               ) [ 0000]
store_ln44            (store            ) [ 0000]
br_ln44               (br               ) [ 0000]
store_ln44            (store            ) [ 0000]
br_ln44               (br               ) [ 0000]
store_ln44            (store            ) [ 0000]
br_ln44               (br               ) [ 0000]
br_ln44               (br               ) [ 0000]
switch_ln44           (switch           ) [ 0000]
switch_ln44           (switch           ) [ 0000]
store_ln44            (store            ) [ 0000]
br_ln44               (br               ) [ 0000]
store_ln44            (store            ) [ 0000]
br_ln44               (br               ) [ 0000]
store_ln44            (store            ) [ 0000]
br_ln44               (br               ) [ 0000]
store_ln44            (store            ) [ 0000]
br_ln44               (br               ) [ 0000]
store_ln44            (store            ) [ 0000]
br_ln44               (br               ) [ 0000]
store_ln44            (store            ) [ 0000]
br_ln44               (br               ) [ 0000]
store_ln44            (store            ) [ 0000]
br_ln44               (br               ) [ 0000]
store_ln44            (store            ) [ 0000]
br_ln44               (br               ) [ 0000]
store_ln44            (store            ) [ 0000]
br_ln44               (br               ) [ 0000]
store_ln44            (store            ) [ 0000]
br_ln44               (br               ) [ 0000]
store_ln44            (store            ) [ 0000]
br_ln44               (br               ) [ 0000]
store_ln44            (store            ) [ 0000]
br_ln44               (br               ) [ 0000]
br_ln44               (br               ) [ 0000]
switch_ln44           (switch           ) [ 0000]
store_ln44            (store            ) [ 0000]
br_ln44               (br               ) [ 0000]
store_ln44            (store            ) [ 0000]
br_ln44               (br               ) [ 0000]
store_ln44            (store            ) [ 0000]
br_ln44               (br               ) [ 0000]
store_ln44            (store            ) [ 0000]
br_ln44               (br               ) [ 0000]
store_ln44            (store            ) [ 0000]
br_ln44               (br               ) [ 0000]
store_ln44            (store            ) [ 0000]
br_ln44               (br               ) [ 0000]
store_ln44            (store            ) [ 0000]
br_ln44               (br               ) [ 0000]
store_ln44            (store            ) [ 0000]
br_ln44               (br               ) [ 0000]
store_ln44            (store            ) [ 0000]
br_ln44               (br               ) [ 0000]
store_ln44            (store            ) [ 0000]
br_ln44               (br               ) [ 0000]
store_ln44            (store            ) [ 0000]
br_ln44               (br               ) [ 0000]
store_ln44            (store            ) [ 0000]
br_ln44               (br               ) [ 0000]
br_ln44               (br               ) [ 0000]
switch_ln44           (switch           ) [ 0000]
store_ln44            (store            ) [ 0000]
br_ln44               (br               ) [ 0000]
store_ln44            (store            ) [ 0000]
br_ln44               (br               ) [ 0000]
store_ln44            (store            ) [ 0000]
br_ln44               (br               ) [ 0000]
store_ln44            (store            ) [ 0000]
br_ln44               (br               ) [ 0000]
store_ln44            (store            ) [ 0000]
br_ln44               (br               ) [ 0000]
store_ln44            (store            ) [ 0000]
br_ln44               (br               ) [ 0000]
store_ln44            (store            ) [ 0000]
br_ln44               (br               ) [ 0000]
store_ln44            (store            ) [ 0000]
br_ln44               (br               ) [ 0000]
store_ln44            (store            ) [ 0000]
br_ln44               (br               ) [ 0000]
store_ln44            (store            ) [ 0000]
br_ln44               (br               ) [ 0000]
store_ln44            (store            ) [ 0000]
br_ln44               (br               ) [ 0000]
store_ln44            (store            ) [ 0000]
br_ln44               (br               ) [ 0000]
br_ln44               (br               ) [ 0000]
switch_ln44           (switch           ) [ 0000]
store_ln44            (store            ) [ 0000]
br_ln44               (br               ) [ 0000]
store_ln44            (store            ) [ 0000]
br_ln44               (br               ) [ 0000]
store_ln44            (store            ) [ 0000]
br_ln44               (br               ) [ 0000]
store_ln44            (store            ) [ 0000]
br_ln44               (br               ) [ 0000]
store_ln44            (store            ) [ 0000]
br_ln44               (br               ) [ 0000]
store_ln44            (store            ) [ 0000]
br_ln44               (br               ) [ 0000]
store_ln44            (store            ) [ 0000]
br_ln44               (br               ) [ 0000]
store_ln44            (store            ) [ 0000]
br_ln44               (br               ) [ 0000]
store_ln44            (store            ) [ 0000]
br_ln44               (br               ) [ 0000]
store_ln44            (store            ) [ 0000]
br_ln44               (br               ) [ 0000]
store_ln44            (store            ) [ 0000]
br_ln44               (br               ) [ 0000]
store_ln44            (store            ) [ 0000]
br_ln44               (br               ) [ 0000]
br_ln44               (br               ) [ 0000]
switch_ln44           (switch           ) [ 0000]
store_ln44            (store            ) [ 0000]
br_ln44               (br               ) [ 0000]
store_ln44            (store            ) [ 0000]
br_ln44               (br               ) [ 0000]
store_ln44            (store            ) [ 0000]
br_ln44               (br               ) [ 0000]
store_ln44            (store            ) [ 0000]
br_ln44               (br               ) [ 0000]
store_ln44            (store            ) [ 0000]
br_ln44               (br               ) [ 0000]
store_ln44            (store            ) [ 0000]
br_ln44               (br               ) [ 0000]
store_ln44            (store            ) [ 0000]
br_ln44               (br               ) [ 0000]
store_ln44            (store            ) [ 0000]
br_ln44               (br               ) [ 0000]
store_ln44            (store            ) [ 0000]
br_ln44               (br               ) [ 0000]
store_ln44            (store            ) [ 0000]
br_ln44               (br               ) [ 0000]
store_ln44            (store            ) [ 0000]
br_ln44               (br               ) [ 0000]
store_ln44            (store            ) [ 0000]
br_ln44               (br               ) [ 0000]
br_ln44               (br               ) [ 0000]
switch_ln44           (switch           ) [ 0000]
store_ln44            (store            ) [ 0000]
br_ln44               (br               ) [ 0000]
store_ln44            (store            ) [ 0000]
br_ln44               (br               ) [ 0000]
store_ln44            (store            ) [ 0000]
br_ln44               (br               ) [ 0000]
store_ln44            (store            ) [ 0000]
br_ln44               (br               ) [ 0000]
store_ln44            (store            ) [ 0000]
br_ln44               (br               ) [ 0000]
store_ln44            (store            ) [ 0000]
br_ln44               (br               ) [ 0000]
store_ln44            (store            ) [ 0000]
br_ln44               (br               ) [ 0000]
store_ln44            (store            ) [ 0000]
br_ln44               (br               ) [ 0000]
store_ln44            (store            ) [ 0000]
br_ln44               (br               ) [ 0000]
store_ln44            (store            ) [ 0000]
br_ln44               (br               ) [ 0000]
store_ln44            (store            ) [ 0000]
br_ln44               (br               ) [ 0000]
store_ln44            (store            ) [ 0000]
br_ln44               (br               ) [ 0000]
br_ln44               (br               ) [ 0000]
switch_ln44           (switch           ) [ 0000]
switch_ln44           (switch           ) [ 0000]
store_ln44            (store            ) [ 0000]
br_ln44               (br               ) [ 0000]
store_ln44            (store            ) [ 0000]
br_ln44               (br               ) [ 0000]
store_ln44            (store            ) [ 0000]
br_ln44               (br               ) [ 0000]
store_ln44            (store            ) [ 0000]
br_ln44               (br               ) [ 0000]
store_ln44            (store            ) [ 0000]
br_ln44               (br               ) [ 0000]
store_ln44            (store            ) [ 0000]
br_ln44               (br               ) [ 0000]
store_ln44            (store            ) [ 0000]
br_ln44               (br               ) [ 0000]
store_ln44            (store            ) [ 0000]
br_ln44               (br               ) [ 0000]
store_ln44            (store            ) [ 0000]
br_ln44               (br               ) [ 0000]
store_ln44            (store            ) [ 0000]
br_ln44               (br               ) [ 0000]
store_ln44            (store            ) [ 0000]
br_ln44               (br               ) [ 0000]
store_ln44            (store            ) [ 0000]
br_ln44               (br               ) [ 0000]
br_ln44               (br               ) [ 0000]
switch_ln44           (switch           ) [ 0000]
store_ln44            (store            ) [ 0000]
br_ln44               (br               ) [ 0000]
store_ln44            (store            ) [ 0000]
br_ln44               (br               ) [ 0000]
store_ln44            (store            ) [ 0000]
br_ln44               (br               ) [ 0000]
store_ln44            (store            ) [ 0000]
br_ln44               (br               ) [ 0000]
store_ln44            (store            ) [ 0000]
br_ln44               (br               ) [ 0000]
store_ln44            (store            ) [ 0000]
br_ln44               (br               ) [ 0000]
store_ln44            (store            ) [ 0000]
br_ln44               (br               ) [ 0000]
store_ln44            (store            ) [ 0000]
br_ln44               (br               ) [ 0000]
store_ln44            (store            ) [ 0000]
br_ln44               (br               ) [ 0000]
store_ln44            (store            ) [ 0000]
br_ln44               (br               ) [ 0000]
store_ln44            (store            ) [ 0000]
br_ln44               (br               ) [ 0000]
store_ln44            (store            ) [ 0000]
br_ln44               (br               ) [ 0000]
br_ln44               (br               ) [ 0000]
switch_ln44           (switch           ) [ 0000]
store_ln44            (store            ) [ 0000]
br_ln44               (br               ) [ 0000]
store_ln44            (store            ) [ 0000]
br_ln44               (br               ) [ 0000]
store_ln44            (store            ) [ 0000]
br_ln44               (br               ) [ 0000]
store_ln44            (store            ) [ 0000]
br_ln44               (br               ) [ 0000]
store_ln44            (store            ) [ 0000]
br_ln44               (br               ) [ 0000]
store_ln44            (store            ) [ 0000]
br_ln44               (br               ) [ 0000]
store_ln44            (store            ) [ 0000]
br_ln44               (br               ) [ 0000]
store_ln44            (store            ) [ 0000]
br_ln44               (br               ) [ 0000]
store_ln44            (store            ) [ 0000]
br_ln44               (br               ) [ 0000]
store_ln44            (store            ) [ 0000]
br_ln44               (br               ) [ 0000]
store_ln44            (store            ) [ 0000]
br_ln44               (br               ) [ 0000]
store_ln44            (store            ) [ 0000]
br_ln44               (br               ) [ 0000]
br_ln44               (br               ) [ 0000]
switch_ln44           (switch           ) [ 0000]
store_ln44            (store            ) [ 0000]
br_ln44               (br               ) [ 0000]
store_ln44            (store            ) [ 0000]
br_ln44               (br               ) [ 0000]
store_ln44            (store            ) [ 0000]
br_ln44               (br               ) [ 0000]
store_ln44            (store            ) [ 0000]
br_ln44               (br               ) [ 0000]
store_ln44            (store            ) [ 0000]
br_ln44               (br               ) [ 0000]
store_ln44            (store            ) [ 0000]
br_ln44               (br               ) [ 0000]
store_ln44            (store            ) [ 0000]
br_ln44               (br               ) [ 0000]
store_ln44            (store            ) [ 0000]
br_ln44               (br               ) [ 0000]
store_ln44            (store            ) [ 0000]
br_ln44               (br               ) [ 0000]
store_ln44            (store            ) [ 0000]
br_ln44               (br               ) [ 0000]
store_ln44            (store            ) [ 0000]
br_ln44               (br               ) [ 0000]
store_ln44            (store            ) [ 0000]
br_ln44               (br               ) [ 0000]
br_ln44               (br               ) [ 0000]
switch_ln44           (switch           ) [ 0000]
store_ln44            (store            ) [ 0000]
br_ln44               (br               ) [ 0000]
store_ln44            (store            ) [ 0000]
br_ln44               (br               ) [ 0000]
store_ln44            (store            ) [ 0000]
br_ln44               (br               ) [ 0000]
store_ln44            (store            ) [ 0000]
br_ln44               (br               ) [ 0000]
store_ln44            (store            ) [ 0000]
br_ln44               (br               ) [ 0000]
store_ln44            (store            ) [ 0000]
br_ln44               (br               ) [ 0000]
store_ln44            (store            ) [ 0000]
br_ln44               (br               ) [ 0000]
store_ln44            (store            ) [ 0000]
br_ln44               (br               ) [ 0000]
store_ln44            (store            ) [ 0000]
br_ln44               (br               ) [ 0000]
store_ln44            (store            ) [ 0000]
br_ln44               (br               ) [ 0000]
store_ln44            (store            ) [ 0000]
br_ln44               (br               ) [ 0000]
store_ln44            (store            ) [ 0000]
br_ln44               (br               ) [ 0000]
br_ln44               (br               ) [ 0000]
switch_ln44           (switch           ) [ 0000]
store_ln44            (store            ) [ 0000]
br_ln44               (br               ) [ 0000]
store_ln44            (store            ) [ 0000]
br_ln44               (br               ) [ 0000]
store_ln44            (store            ) [ 0000]
br_ln44               (br               ) [ 0000]
store_ln44            (store            ) [ 0000]
br_ln44               (br               ) [ 0000]
store_ln44            (store            ) [ 0000]
br_ln44               (br               ) [ 0000]
store_ln44            (store            ) [ 0000]
br_ln44               (br               ) [ 0000]
store_ln44            (store            ) [ 0000]
br_ln44               (br               ) [ 0000]
store_ln44            (store            ) [ 0000]
br_ln44               (br               ) [ 0000]
store_ln44            (store            ) [ 0000]
br_ln44               (br               ) [ 0000]
store_ln44            (store            ) [ 0000]
br_ln44               (br               ) [ 0000]
store_ln44            (store            ) [ 0000]
br_ln44               (br               ) [ 0000]
store_ln44            (store            ) [ 0000]
br_ln44               (br               ) [ 0000]
br_ln44               (br               ) [ 0000]
store_ln40            (store            ) [ 0000]
store_ln41            (store            ) [ 0000]
br_ln42               (br               ) [ 0000]
ret_ln0               (ret              ) [ 0000]
</LifeTime>

<model>

<comp_list>
<comp id="0" class="1000" name="fb">
<pin_list>
<pin id="1" dir="1" index="0" bw="1" slack="0"/>
</pin_list>
<bind>
<StgValue><ssdm name="fb"/><MemPortTyVec>0 3 </MemPortTyVec>
</StgValue>
</bind>
</comp>

<comp id="2" class="1000" name="fb_216">
<pin_list>
<pin id="3" dir="1" index="0" bw="1" slack="0"/>
</pin_list>
<bind>
<StgValue><ssdm name="fb_216"/><MemPortTyVec>0 3 </MemPortTyVec>
</StgValue>
</bind>
</comp>

<comp id="4" class="1000" name="fb_217">
<pin_list>
<pin id="5" dir="1" index="0" bw="1" slack="0"/>
</pin_list>
<bind>
<StgValue><ssdm name="fb_217"/><MemPortTyVec>0 3 </MemPortTyVec>
</StgValue>
</bind>
</comp>

<comp id="6" class="1000" name="fb_218">
<pin_list>
<pin id="7" dir="1" index="0" bw="1" slack="0"/>
</pin_list>
<bind>
<StgValue><ssdm name="fb_218"/><MemPortTyVec>0 3 </MemPortTyVec>
</StgValue>
</bind>
</comp>

<comp id="8" class="1000" name="fb_219">
<pin_list>
<pin id="9" dir="1" index="0" bw="1" slack="0"/>
</pin_list>
<bind>
<StgValue><ssdm name="fb_219"/><MemPortTyVec>0 3 </MemPortTyVec>
</StgValue>
</bind>
</comp>

<comp id="10" class="1000" name="fb_220">
<pin_list>
<pin id="11" dir="1" index="0" bw="1" slack="0"/>
</pin_list>
<bind>
<StgValue><ssdm name="fb_220"/><MemPortTyVec>0 3 </MemPortTyVec>
</StgValue>
</bind>
</comp>

<comp id="12" class="1000" name="fb_221">
<pin_list>
<pin id="13" dir="1" index="0" bw="1" slack="0"/>
</pin_list>
<bind>
<StgValue><ssdm name="fb_221"/><MemPortTyVec>0 3 </MemPortTyVec>
</StgValue>
</bind>
</comp>

<comp id="14" class="1000" name="fb_222">
<pin_list>
<pin id="15" dir="1" index="0" bw="1" slack="0"/>
</pin_list>
<bind>
<StgValue><ssdm name="fb_222"/><MemPortTyVec>0 3 </MemPortTyVec>
</StgValue>
</bind>
</comp>

<comp id="16" class="1000" name="fb_223">
<pin_list>
<pin id="17" dir="1" index="0" bw="1" slack="0"/>
</pin_list>
<bind>
<StgValue><ssdm name="fb_223"/><MemPortTyVec>0 3 </MemPortTyVec>
</StgValue>
</bind>
</comp>

<comp id="18" class="1000" name="fb_224">
<pin_list>
<pin id="19" dir="1" index="0" bw="1" slack="0"/>
</pin_list>
<bind>
<StgValue><ssdm name="fb_224"/><MemPortTyVec>0 3 </MemPortTyVec>
</StgValue>
</bind>
</comp>

<comp id="20" class="1000" name="fb_225">
<pin_list>
<pin id="21" dir="1" index="0" bw="1" slack="0"/>
</pin_list>
<bind>
<StgValue><ssdm name="fb_225"/><MemPortTyVec>0 3 </MemPortTyVec>
</StgValue>
</bind>
</comp>

<comp id="22" class="1000" name="fb_226">
<pin_list>
<pin id="23" dir="1" index="0" bw="1" slack="0"/>
</pin_list>
<bind>
<StgValue><ssdm name="fb_226"/><MemPortTyVec>0 3 </MemPortTyVec>
</StgValue>
</bind>
</comp>

<comp id="24" class="1000" name="fb_227">
<pin_list>
<pin id="25" dir="1" index="0" bw="1" slack="0"/>
</pin_list>
<bind>
<StgValue><ssdm name="fb_227"/><MemPortTyVec>0 3 </MemPortTyVec>
</StgValue>
</bind>
</comp>

<comp id="26" class="1000" name="fb_228">
<pin_list>
<pin id="27" dir="1" index="0" bw="1" slack="0"/>
</pin_list>
<bind>
<StgValue><ssdm name="fb_228"/><MemPortTyVec>0 3 </MemPortTyVec>
</StgValue>
</bind>
</comp>

<comp id="28" class="1000" name="fb_229">
<pin_list>
<pin id="29" dir="1" index="0" bw="1" slack="0"/>
</pin_list>
<bind>
<StgValue><ssdm name="fb_229"/><MemPortTyVec>0 3 </MemPortTyVec>
</StgValue>
</bind>
</comp>

<comp id="30" class="1000" name="fb_230">
<pin_list>
<pin id="31" dir="1" index="0" bw="1" slack="0"/>
</pin_list>
<bind>
<StgValue><ssdm name="fb_230"/><MemPortTyVec>0 3 </MemPortTyVec>
</StgValue>
</bind>
</comp>

<comp id="32" class="1000" name="fb_231">
<pin_list>
<pin id="33" dir="1" index="0" bw="1" slack="0"/>
</pin_list>
<bind>
<StgValue><ssdm name="fb_231"/><MemPortTyVec>0 3 </MemPortTyVec>
</StgValue>
</bind>
</comp>

<comp id="34" class="1000" name="fb_232">
<pin_list>
<pin id="35" dir="1" index="0" bw="1" slack="0"/>
</pin_list>
<bind>
<StgValue><ssdm name="fb_232"/><MemPortTyVec>0 3 </MemPortTyVec>
</StgValue>
</bind>
</comp>

<comp id="36" class="1000" name="fb_233">
<pin_list>
<pin id="37" dir="1" index="0" bw="1" slack="0"/>
</pin_list>
<bind>
<StgValue><ssdm name="fb_233"/><MemPortTyVec>0 3 </MemPortTyVec>
</StgValue>
</bind>
</comp>

<comp id="38" class="1000" name="fb_234">
<pin_list>
<pin id="39" dir="1" index="0" bw="1" slack="0"/>
</pin_list>
<bind>
<StgValue><ssdm name="fb_234"/><MemPortTyVec>0 3 </MemPortTyVec>
</StgValue>
</bind>
</comp>

<comp id="40" class="1000" name="fb_235">
<pin_list>
<pin id="41" dir="1" index="0" bw="1" slack="0"/>
</pin_list>
<bind>
<StgValue><ssdm name="fb_235"/><MemPortTyVec>0 3 </MemPortTyVec>
</StgValue>
</bind>
</comp>

<comp id="42" class="1000" name="fb_236">
<pin_list>
<pin id="43" dir="1" index="0" bw="1" slack="0"/>
</pin_list>
<bind>
<StgValue><ssdm name="fb_236"/><MemPortTyVec>0 3 </MemPortTyVec>
</StgValue>
</bind>
</comp>

<comp id="44" class="1000" name="fb_237">
<pin_list>
<pin id="45" dir="1" index="0" bw="1" slack="0"/>
</pin_list>
<bind>
<StgValue><ssdm name="fb_237"/><MemPortTyVec>0 3 </MemPortTyVec>
</StgValue>
</bind>
</comp>

<comp id="46" class="1000" name="fb_238">
<pin_list>
<pin id="47" dir="1" index="0" bw="1" slack="0"/>
</pin_list>
<bind>
<StgValue><ssdm name="fb_238"/><MemPortTyVec>0 3 </MemPortTyVec>
</StgValue>
</bind>
</comp>

<comp id="48" class="1000" name="fb_239">
<pin_list>
<pin id="49" dir="1" index="0" bw="1" slack="0"/>
</pin_list>
<bind>
<StgValue><ssdm name="fb_239"/><MemPortTyVec>0 3 </MemPortTyVec>
</StgValue>
</bind>
</comp>

<comp id="50" class="1000" name="fb_240">
<pin_list>
<pin id="51" dir="1" index="0" bw="1" slack="0"/>
</pin_list>
<bind>
<StgValue><ssdm name="fb_240"/><MemPortTyVec>0 3 </MemPortTyVec>
</StgValue>
</bind>
</comp>

<comp id="52" class="1000" name="fb_241">
<pin_list>
<pin id="53" dir="1" index="0" bw="1" slack="0"/>
</pin_list>
<bind>
<StgValue><ssdm name="fb_241"/><MemPortTyVec>0 3 </MemPortTyVec>
</StgValue>
</bind>
</comp>

<comp id="54" class="1000" name="fb_242">
<pin_list>
<pin id="55" dir="1" index="0" bw="1" slack="0"/>
</pin_list>
<bind>
<StgValue><ssdm name="fb_242"/><MemPortTyVec>0 3 </MemPortTyVec>
</StgValue>
</bind>
</comp>

<comp id="56" class="1000" name="fb_243">
<pin_list>
<pin id="57" dir="1" index="0" bw="1" slack="0"/>
</pin_list>
<bind>
<StgValue><ssdm name="fb_243"/><MemPortTyVec>0 3 </MemPortTyVec>
</StgValue>
</bind>
</comp>

<comp id="58" class="1000" name="fb_244">
<pin_list>
<pin id="59" dir="1" index="0" bw="1" slack="0"/>
</pin_list>
<bind>
<StgValue><ssdm name="fb_244"/><MemPortTyVec>0 3 </MemPortTyVec>
</StgValue>
</bind>
</comp>

<comp id="60" class="1000" name="fb_245">
<pin_list>
<pin id="61" dir="1" index="0" bw="1" slack="0"/>
</pin_list>
<bind>
<StgValue><ssdm name="fb_245"/><MemPortTyVec>0 3 </MemPortTyVec>
</StgValue>
</bind>
</comp>

<comp id="62" class="1000" name="fb_246">
<pin_list>
<pin id="63" dir="1" index="0" bw="1" slack="0"/>
</pin_list>
<bind>
<StgValue><ssdm name="fb_246"/><MemPortTyVec>0 3 </MemPortTyVec>
</StgValue>
</bind>
</comp>

<comp id="64" class="1000" name="fb_247">
<pin_list>
<pin id="65" dir="1" index="0" bw="1" slack="0"/>
</pin_list>
<bind>
<StgValue><ssdm name="fb_247"/><MemPortTyVec>0 3 </MemPortTyVec>
</StgValue>
</bind>
</comp>

<comp id="66" class="1000" name="fb_248">
<pin_list>
<pin id="67" dir="1" index="0" bw="1" slack="0"/>
</pin_list>
<bind>
<StgValue><ssdm name="fb_248"/><MemPortTyVec>0 3 </MemPortTyVec>
</StgValue>
</bind>
</comp>

<comp id="68" class="1000" name="fb_249">
<pin_list>
<pin id="69" dir="1" index="0" bw="1" slack="0"/>
</pin_list>
<bind>
<StgValue><ssdm name="fb_249"/><MemPortTyVec>0 3 </MemPortTyVec>
</StgValue>
</bind>
</comp>

<comp id="70" class="1000" name="fb_250">
<pin_list>
<pin id="71" dir="1" index="0" bw="1" slack="0"/>
</pin_list>
<bind>
<StgValue><ssdm name="fb_250"/><MemPortTyVec>0 3 </MemPortTyVec>
</StgValue>
</bind>
</comp>

<comp id="72" class="1000" name="fb_251">
<pin_list>
<pin id="73" dir="1" index="0" bw="1" slack="0"/>
</pin_list>
<bind>
<StgValue><ssdm name="fb_251"/><MemPortTyVec>0 3 </MemPortTyVec>
</StgValue>
</bind>
</comp>

<comp id="74" class="1000" name="fb_252">
<pin_list>
<pin id="75" dir="1" index="0" bw="1" slack="0"/>
</pin_list>
<bind>
<StgValue><ssdm name="fb_252"/><MemPortTyVec>0 3 </MemPortTyVec>
</StgValue>
</bind>
</comp>

<comp id="76" class="1000" name="fb_253">
<pin_list>
<pin id="77" dir="1" index="0" bw="1" slack="0"/>
</pin_list>
<bind>
<StgValue><ssdm name="fb_253"/><MemPortTyVec>0 3 </MemPortTyVec>
</StgValue>
</bind>
</comp>

<comp id="78" class="1000" name="fb_254">
<pin_list>
<pin id="79" dir="1" index="0" bw="1" slack="0"/>
</pin_list>
<bind>
<StgValue><ssdm name="fb_254"/><MemPortTyVec>0 3 </MemPortTyVec>
</StgValue>
</bind>
</comp>

<comp id="80" class="1000" name="fb_255">
<pin_list>
<pin id="81" dir="1" index="0" bw="1" slack="0"/>
</pin_list>
<bind>
<StgValue><ssdm name="fb_255"/><MemPortTyVec>0 3 </MemPortTyVec>
</StgValue>
</bind>
</comp>

<comp id="82" class="1000" name="fb_256">
<pin_list>
<pin id="83" dir="1" index="0" bw="1" slack="0"/>
</pin_list>
<bind>
<StgValue><ssdm name="fb_256"/><MemPortTyVec>0 3 </MemPortTyVec>
</StgValue>
</bind>
</comp>

<comp id="84" class="1000" name="fb_257">
<pin_list>
<pin id="85" dir="1" index="0" bw="1" slack="0"/>
</pin_list>
<bind>
<StgValue><ssdm name="fb_257"/><MemPortTyVec>0 3 </MemPortTyVec>
</StgValue>
</bind>
</comp>

<comp id="86" class="1000" name="fb_258">
<pin_list>
<pin id="87" dir="1" index="0" bw="1" slack="0"/>
</pin_list>
<bind>
<StgValue><ssdm name="fb_258"/><MemPortTyVec>0 3 </MemPortTyVec>
</StgValue>
</bind>
</comp>

<comp id="88" class="1000" name="fb_259">
<pin_list>
<pin id="89" dir="1" index="0" bw="1" slack="0"/>
</pin_list>
<bind>
<StgValue><ssdm name="fb_259"/><MemPortTyVec>0 3 </MemPortTyVec>
</StgValue>
</bind>
</comp>

<comp id="90" class="1000" name="fb_260">
<pin_list>
<pin id="91" dir="1" index="0" bw="1" slack="0"/>
</pin_list>
<bind>
<StgValue><ssdm name="fb_260"/><MemPortTyVec>0 3 </MemPortTyVec>
</StgValue>
</bind>
</comp>

<comp id="92" class="1000" name="fb_261">
<pin_list>
<pin id="93" dir="1" index="0" bw="1" slack="0"/>
</pin_list>
<bind>
<StgValue><ssdm name="fb_261"/><MemPortTyVec>0 3 </MemPortTyVec>
</StgValue>
</bind>
</comp>

<comp id="94" class="1000" name="fb_262">
<pin_list>
<pin id="95" dir="1" index="0" bw="1" slack="0"/>
</pin_list>
<bind>
<StgValue><ssdm name="fb_262"/><MemPortTyVec>0 3 </MemPortTyVec>
</StgValue>
</bind>
</comp>

<comp id="96" class="1000" name="fb_263">
<pin_list>
<pin id="97" dir="1" index="0" bw="1" slack="0"/>
</pin_list>
<bind>
<StgValue><ssdm name="fb_263"/><MemPortTyVec>0 3 </MemPortTyVec>
</StgValue>
</bind>
</comp>

<comp id="98" class="1000" name="fb_264">
<pin_list>
<pin id="99" dir="1" index="0" bw="1" slack="0"/>
</pin_list>
<bind>
<StgValue><ssdm name="fb_264"/><MemPortTyVec>0 3 </MemPortTyVec>
</StgValue>
</bind>
</comp>

<comp id="100" class="1000" name="fb_265">
<pin_list>
<pin id="101" dir="1" index="0" bw="1" slack="0"/>
</pin_list>
<bind>
<StgValue><ssdm name="fb_265"/><MemPortTyVec>0 3 </MemPortTyVec>
</StgValue>
</bind>
</comp>

<comp id="102" class="1000" name="fb_266">
<pin_list>
<pin id="103" dir="1" index="0" bw="1" slack="0"/>
</pin_list>
<bind>
<StgValue><ssdm name="fb_266"/><MemPortTyVec>0 3 </MemPortTyVec>
</StgValue>
</bind>
</comp>

<comp id="104" class="1000" name="fb_267">
<pin_list>
<pin id="105" dir="1" index="0" bw="1" slack="0"/>
</pin_list>
<bind>
<StgValue><ssdm name="fb_267"/><MemPortTyVec>0 3 </MemPortTyVec>
</StgValue>
</bind>
</comp>

<comp id="106" class="1000" name="fb_268">
<pin_list>
<pin id="107" dir="1" index="0" bw="1" slack="0"/>
</pin_list>
<bind>
<StgValue><ssdm name="fb_268"/><MemPortTyVec>0 3 </MemPortTyVec>
</StgValue>
</bind>
</comp>

<comp id="108" class="1000" name="fb_269">
<pin_list>
<pin id="109" dir="1" index="0" bw="1" slack="0"/>
</pin_list>
<bind>
<StgValue><ssdm name="fb_269"/><MemPortTyVec>0 3 </MemPortTyVec>
</StgValue>
</bind>
</comp>

<comp id="110" class="1000" name="fb_270">
<pin_list>
<pin id="111" dir="1" index="0" bw="1" slack="0"/>
</pin_list>
<bind>
<StgValue><ssdm name="fb_270"/><MemPortTyVec>0 3 </MemPortTyVec>
</StgValue>
</bind>
</comp>

<comp id="112" class="1000" name="fb_271">
<pin_list>
<pin id="113" dir="1" index="0" bw="1" slack="0"/>
</pin_list>
<bind>
<StgValue><ssdm name="fb_271"/><MemPortTyVec>0 3 </MemPortTyVec>
</StgValue>
</bind>
</comp>

<comp id="114" class="1000" name="fb_272">
<pin_list>
<pin id="115" dir="1" index="0" bw="1" slack="0"/>
</pin_list>
<bind>
<StgValue><ssdm name="fb_272"/><MemPortTyVec>0 3 </MemPortTyVec>
</StgValue>
</bind>
</comp>

<comp id="116" class="1000" name="fb_273">
<pin_list>
<pin id="117" dir="1" index="0" bw="1" slack="0"/>
</pin_list>
<bind>
<StgValue><ssdm name="fb_273"/><MemPortTyVec>0 3 </MemPortTyVec>
</StgValue>
</bind>
</comp>

<comp id="118" class="1000" name="fb_274">
<pin_list>
<pin id="119" dir="1" index="0" bw="1" slack="0"/>
</pin_list>
<bind>
<StgValue><ssdm name="fb_274"/><MemPortTyVec>0 3 </MemPortTyVec>
</StgValue>
</bind>
</comp>

<comp id="120" class="1000" name="fb_275">
<pin_list>
<pin id="121" dir="1" index="0" bw="1" slack="0"/>
</pin_list>
<bind>
<StgValue><ssdm name="fb_275"/><MemPortTyVec>0 3 </MemPortTyVec>
</StgValue>
</bind>
</comp>

<comp id="122" class="1000" name="fb_276">
<pin_list>
<pin id="123" dir="1" index="0" bw="1" slack="0"/>
</pin_list>
<bind>
<StgValue><ssdm name="fb_276"/><MemPortTyVec>0 3 </MemPortTyVec>
</StgValue>
</bind>
</comp>

<comp id="124" class="1000" name="fb_277">
<pin_list>
<pin id="125" dir="1" index="0" bw="1" slack="0"/>
</pin_list>
<bind>
<StgValue><ssdm name="fb_277"/><MemPortTyVec>0 3 </MemPortTyVec>
</StgValue>
</bind>
</comp>

<comp id="126" class="1000" name="fb_278">
<pin_list>
<pin id="127" dir="1" index="0" bw="1" slack="0"/>
</pin_list>
<bind>
<StgValue><ssdm name="fb_278"/><MemPortTyVec>0 3 </MemPortTyVec>
</StgValue>
</bind>
</comp>

<comp id="128" class="1000" name="fb_279">
<pin_list>
<pin id="129" dir="1" index="0" bw="1" slack="0"/>
</pin_list>
<bind>
<StgValue><ssdm name="fb_279"/><MemPortTyVec>0 3 </MemPortTyVec>
</StgValue>
</bind>
</comp>

<comp id="130" class="1000" name="fb_280">
<pin_list>
<pin id="131" dir="1" index="0" bw="1" slack="0"/>
</pin_list>
<bind>
<StgValue><ssdm name="fb_280"/><MemPortTyVec>0 3 </MemPortTyVec>
</StgValue>
</bind>
</comp>

<comp id="132" class="1000" name="fb_281">
<pin_list>
<pin id="133" dir="1" index="0" bw="1" slack="0"/>
</pin_list>
<bind>
<StgValue><ssdm name="fb_281"/><MemPortTyVec>0 3 </MemPortTyVec>
</StgValue>
</bind>
</comp>

<comp id="134" class="1000" name="fb_282">
<pin_list>
<pin id="135" dir="1" index="0" bw="1" slack="0"/>
</pin_list>
<bind>
<StgValue><ssdm name="fb_282"/><MemPortTyVec>0 3 </MemPortTyVec>
</StgValue>
</bind>
</comp>

<comp id="136" class="1000" name="fb_283">
<pin_list>
<pin id="137" dir="1" index="0" bw="1" slack="0"/>
</pin_list>
<bind>
<StgValue><ssdm name="fb_283"/><MemPortTyVec>0 3 </MemPortTyVec>
</StgValue>
</bind>
</comp>

<comp id="138" class="1000" name="fb_284">
<pin_list>
<pin id="139" dir="1" index="0" bw="1" slack="0"/>
</pin_list>
<bind>
<StgValue><ssdm name="fb_284"/><MemPortTyVec>0 3 </MemPortTyVec>
</StgValue>
</bind>
</comp>

<comp id="140" class="1000" name="fb_285">
<pin_list>
<pin id="141" dir="1" index="0" bw="1" slack="0"/>
</pin_list>
<bind>
<StgValue><ssdm name="fb_285"/><MemPortTyVec>0 3 </MemPortTyVec>
</StgValue>
</bind>
</comp>

<comp id="142" class="1000" name="fb_286">
<pin_list>
<pin id="143" dir="1" index="0" bw="1" slack="0"/>
</pin_list>
<bind>
<StgValue><ssdm name="fb_286"/><MemPortTyVec>0 3 </MemPortTyVec>
</StgValue>
</bind>
</comp>

<comp id="144" class="1000" name="fb_287">
<pin_list>
<pin id="145" dir="1" index="0" bw="1" slack="0"/>
</pin_list>
<bind>
<StgValue><ssdm name="fb_287"/><MemPortTyVec>0 3 </MemPortTyVec>
</StgValue>
</bind>
</comp>

<comp id="146" class="1000" name="fb_288">
<pin_list>
<pin id="147" dir="1" index="0" bw="1" slack="0"/>
</pin_list>
<bind>
<StgValue><ssdm name="fb_288"/><MemPortTyVec>0 3 </MemPortTyVec>
</StgValue>
</bind>
</comp>

<comp id="148" class="1000" name="fb_289">
<pin_list>
<pin id="149" dir="1" index="0" bw="1" slack="0"/>
</pin_list>
<bind>
<StgValue><ssdm name="fb_289"/><MemPortTyVec>0 3 </MemPortTyVec>
</StgValue>
</bind>
</comp>

<comp id="150" class="1000" name="fb_290">
<pin_list>
<pin id="151" dir="1" index="0" bw="1" slack="0"/>
</pin_list>
<bind>
<StgValue><ssdm name="fb_290"/><MemPortTyVec>0 3 </MemPortTyVec>
</StgValue>
</bind>
</comp>

<comp id="152" class="1000" name="fb_291">
<pin_list>
<pin id="153" dir="1" index="0" bw="1" slack="0"/>
</pin_list>
<bind>
<StgValue><ssdm name="fb_291"/><MemPortTyVec>0 3 </MemPortTyVec>
</StgValue>
</bind>
</comp>

<comp id="154" class="1000" name="fb_292">
<pin_list>
<pin id="155" dir="1" index="0" bw="1" slack="0"/>
</pin_list>
<bind>
<StgValue><ssdm name="fb_292"/><MemPortTyVec>0 3 </MemPortTyVec>
</StgValue>
</bind>
</comp>

<comp id="156" class="1000" name="fb_293">
<pin_list>
<pin id="157" dir="1" index="0" bw="1" slack="0"/>
</pin_list>
<bind>
<StgValue><ssdm name="fb_293"/><MemPortTyVec>0 3 </MemPortTyVec>
</StgValue>
</bind>
</comp>

<comp id="158" class="1000" name="fb_294">
<pin_list>
<pin id="159" dir="1" index="0" bw="1" slack="0"/>
</pin_list>
<bind>
<StgValue><ssdm name="fb_294"/><MemPortTyVec>0 3 </MemPortTyVec>
</StgValue>
</bind>
</comp>

<comp id="160" class="1000" name="fb_295">
<pin_list>
<pin id="161" dir="1" index="0" bw="1" slack="0"/>
</pin_list>
<bind>
<StgValue><ssdm name="fb_295"/><MemPortTyVec>0 3 </MemPortTyVec>
</StgValue>
</bind>
</comp>

<comp id="162" class="1000" name="fb_296">
<pin_list>
<pin id="163" dir="1" index="0" bw="1" slack="0"/>
</pin_list>
<bind>
<StgValue><ssdm name="fb_296"/><MemPortTyVec>0 3 </MemPortTyVec>
</StgValue>
</bind>
</comp>

<comp id="164" class="1000" name="fb_297">
<pin_list>
<pin id="165" dir="1" index="0" bw="1" slack="0"/>
</pin_list>
<bind>
<StgValue><ssdm name="fb_297"/><MemPortTyVec>0 3 </MemPortTyVec>
</StgValue>
</bind>
</comp>

<comp id="166" class="1000" name="fb_298">
<pin_list>
<pin id="167" dir="1" index="0" bw="1" slack="0"/>
</pin_list>
<bind>
<StgValue><ssdm name="fb_298"/><MemPortTyVec>0 3 </MemPortTyVec>
</StgValue>
</bind>
</comp>

<comp id="168" class="1000" name="fb_299">
<pin_list>
<pin id="169" dir="1" index="0" bw="1" slack="0"/>
</pin_list>
<bind>
<StgValue><ssdm name="fb_299"/><MemPortTyVec>0 3 </MemPortTyVec>
</StgValue>
</bind>
</comp>

<comp id="170" class="1000" name="fb_300">
<pin_list>
<pin id="171" dir="1" index="0" bw="1" slack="0"/>
</pin_list>
<bind>
<StgValue><ssdm name="fb_300"/><MemPortTyVec>0 3 </MemPortTyVec>
</StgValue>
</bind>
</comp>

<comp id="172" class="1000" name="fb_301">
<pin_list>
<pin id="173" dir="1" index="0" bw="1" slack="0"/>
</pin_list>
<bind>
<StgValue><ssdm name="fb_301"/><MemPortTyVec>0 3 </MemPortTyVec>
</StgValue>
</bind>
</comp>

<comp id="174" class="1000" name="fb_302">
<pin_list>
<pin id="175" dir="1" index="0" bw="1" slack="0"/>
</pin_list>
<bind>
<StgValue><ssdm name="fb_302"/><MemPortTyVec>0 3 </MemPortTyVec>
</StgValue>
</bind>
</comp>

<comp id="176" class="1000" name="fb_303">
<pin_list>
<pin id="177" dir="1" index="0" bw="1" slack="0"/>
</pin_list>
<bind>
<StgValue><ssdm name="fb_303"/><MemPortTyVec>0 3 </MemPortTyVec>
</StgValue>
</bind>
</comp>

<comp id="178" class="1000" name="fb_304">
<pin_list>
<pin id="179" dir="1" index="0" bw="1" slack="0"/>
</pin_list>
<bind>
<StgValue><ssdm name="fb_304"/><MemPortTyVec>0 3 </MemPortTyVec>
</StgValue>
</bind>
</comp>

<comp id="180" class="1000" name="fb_305">
<pin_list>
<pin id="181" dir="1" index="0" bw="1" slack="0"/>
</pin_list>
<bind>
<StgValue><ssdm name="fb_305"/><MemPortTyVec>0 3 </MemPortTyVec>
</StgValue>
</bind>
</comp>

<comp id="182" class="1000" name="fb_306">
<pin_list>
<pin id="183" dir="1" index="0" bw="1" slack="0"/>
</pin_list>
<bind>
<StgValue><ssdm name="fb_306"/><MemPortTyVec>0 3 </MemPortTyVec>
</StgValue>
</bind>
</comp>

<comp id="184" class="1000" name="fb_307">
<pin_list>
<pin id="185" dir="1" index="0" bw="1" slack="0"/>
</pin_list>
<bind>
<StgValue><ssdm name="fb_307"/><MemPortTyVec>0 3 </MemPortTyVec>
</StgValue>
</bind>
</comp>

<comp id="186" class="1000" name="fb_308">
<pin_list>
<pin id="187" dir="1" index="0" bw="1" slack="0"/>
</pin_list>
<bind>
<StgValue><ssdm name="fb_308"/><MemPortTyVec>0 3 </MemPortTyVec>
</StgValue>
</bind>
</comp>

<comp id="188" class="1000" name="fb_309">
<pin_list>
<pin id="189" dir="1" index="0" bw="1" slack="0"/>
</pin_list>
<bind>
<StgValue><ssdm name="fb_309"/><MemPortTyVec>0 3 </MemPortTyVec>
</StgValue>
</bind>
</comp>

<comp id="190" class="1000" name="fb_310">
<pin_list>
<pin id="191" dir="1" index="0" bw="1" slack="0"/>
</pin_list>
<bind>
<StgValue><ssdm name="fb_310"/><MemPortTyVec>0 3 </MemPortTyVec>
</StgValue>
</bind>
</comp>

<comp id="192" class="1000" name="fb_311">
<pin_list>
<pin id="193" dir="1" index="0" bw="1" slack="0"/>
</pin_list>
<bind>
<StgValue><ssdm name="fb_311"/><MemPortTyVec>0 3 </MemPortTyVec>
</StgValue>
</bind>
</comp>

<comp id="194" class="1000" name="fb_312">
<pin_list>
<pin id="195" dir="1" index="0" bw="1" slack="0"/>
</pin_list>
<bind>
<StgValue><ssdm name="fb_312"/><MemPortTyVec>0 3 </MemPortTyVec>
</StgValue>
</bind>
</comp>

<comp id="196" class="1000" name="fb_313">
<pin_list>
<pin id="197" dir="1" index="0" bw="1" slack="0"/>
</pin_list>
<bind>
<StgValue><ssdm name="fb_313"/><MemPortTyVec>0 3 </MemPortTyVec>
</StgValue>
</bind>
</comp>

<comp id="198" class="1000" name="fb_314">
<pin_list>
<pin id="199" dir="1" index="0" bw="1" slack="0"/>
</pin_list>
<bind>
<StgValue><ssdm name="fb_314"/><MemPortTyVec>0 3 </MemPortTyVec>
</StgValue>
</bind>
</comp>

<comp id="200" class="1000" name="fb_315">
<pin_list>
<pin id="201" dir="1" index="0" bw="1" slack="0"/>
</pin_list>
<bind>
<StgValue><ssdm name="fb_315"/><MemPortTyVec>0 3 </MemPortTyVec>
</StgValue>
</bind>
</comp>

<comp id="202" class="1000" name="fb_316">
<pin_list>
<pin id="203" dir="1" index="0" bw="1" slack="0"/>
</pin_list>
<bind>
<StgValue><ssdm name="fb_316"/><MemPortTyVec>0 3 </MemPortTyVec>
</StgValue>
</bind>
</comp>

<comp id="204" class="1000" name="fb_317">
<pin_list>
<pin id="205" dir="1" index="0" bw="1" slack="0"/>
</pin_list>
<bind>
<StgValue><ssdm name="fb_317"/><MemPortTyVec>0 3 </MemPortTyVec>
</StgValue>
</bind>
</comp>

<comp id="206" class="1000" name="fb_318">
<pin_list>
<pin id="207" dir="1" index="0" bw="1" slack="0"/>
</pin_list>
<bind>
<StgValue><ssdm name="fb_318"/><MemPortTyVec>0 3 </MemPortTyVec>
</StgValue>
</bind>
</comp>

<comp id="208" class="1000" name="fb_319">
<pin_list>
<pin id="209" dir="1" index="0" bw="1" slack="0"/>
</pin_list>
<bind>
<StgValue><ssdm name="fb_319"/><MemPortTyVec>0 3 </MemPortTyVec>
</StgValue>
</bind>
</comp>

<comp id="210" class="1000" name="fb_320">
<pin_list>
<pin id="211" dir="1" index="0" bw="1" slack="0"/>
</pin_list>
<bind>
<StgValue><ssdm name="fb_320"/><MemPortTyVec>0 3 </MemPortTyVec>
</StgValue>
</bind>
</comp>

<comp id="212" class="1000" name="fb_321">
<pin_list>
<pin id="213" dir="1" index="0" bw="1" slack="0"/>
</pin_list>
<bind>
<StgValue><ssdm name="fb_321"/><MemPortTyVec>0 3 </MemPortTyVec>
</StgValue>
</bind>
</comp>

<comp id="214" class="1000" name="fb_322">
<pin_list>
<pin id="215" dir="1" index="0" bw="1" slack="0"/>
</pin_list>
<bind>
<StgValue><ssdm name="fb_322"/><MemPortTyVec>0 3 </MemPortTyVec>
</StgValue>
</bind>
</comp>

<comp id="216" class="1000" name="fb_323">
<pin_list>
<pin id="217" dir="1" index="0" bw="1" slack="0"/>
</pin_list>
<bind>
<StgValue><ssdm name="fb_323"/><MemPortTyVec>0 3 </MemPortTyVec>
</StgValue>
</bind>
</comp>

<comp id="218" class="1000" name="fb_324">
<pin_list>
<pin id="219" dir="1" index="0" bw="1" slack="0"/>
</pin_list>
<bind>
<StgValue><ssdm name="fb_324"/><MemPortTyVec>0 3 </MemPortTyVec>
</StgValue>
</bind>
</comp>

<comp id="220" class="1000" name="fb_325">
<pin_list>
<pin id="221" dir="1" index="0" bw="1" slack="0"/>
</pin_list>
<bind>
<StgValue><ssdm name="fb_325"/><MemPortTyVec>0 3 </MemPortTyVec>
</StgValue>
</bind>
</comp>

<comp id="222" class="1000" name="fb_326">
<pin_list>
<pin id="223" dir="1" index="0" bw="1" slack="0"/>
</pin_list>
<bind>
<StgValue><ssdm name="fb_326"/><MemPortTyVec>0 3 </MemPortTyVec>
</StgValue>
</bind>
</comp>

<comp id="224" class="1000" name="fb_327">
<pin_list>
<pin id="225" dir="1" index="0" bw="1" slack="0"/>
</pin_list>
<bind>
<StgValue><ssdm name="fb_327"/><MemPortTyVec>0 3 </MemPortTyVec>
</StgValue>
</bind>
</comp>

<comp id="226" class="1000" name="fb_328">
<pin_list>
<pin id="227" dir="1" index="0" bw="1" slack="0"/>
</pin_list>
<bind>
<StgValue><ssdm name="fb_328"/><MemPortTyVec>0 3 </MemPortTyVec>
</StgValue>
</bind>
</comp>

<comp id="228" class="1000" name="fb_329">
<pin_list>
<pin id="229" dir="1" index="0" bw="1" slack="0"/>
</pin_list>
<bind>
<StgValue><ssdm name="fb_329"/><MemPortTyVec>0 3 </MemPortTyVec>
</StgValue>
</bind>
</comp>

<comp id="230" class="1000" name="fb_330">
<pin_list>
<pin id="231" dir="1" index="0" bw="1" slack="0"/>
</pin_list>
<bind>
<StgValue><ssdm name="fb_330"/><MemPortTyVec>0 3 </MemPortTyVec>
</StgValue>
</bind>
</comp>

<comp id="232" class="1000" name="fb_331">
<pin_list>
<pin id="233" dir="1" index="0" bw="1" slack="0"/>
</pin_list>
<bind>
<StgValue><ssdm name="fb_331"/><MemPortTyVec>0 3 </MemPortTyVec>
</StgValue>
</bind>
</comp>

<comp id="234" class="1000" name="fb_332">
<pin_list>
<pin id="235" dir="1" index="0" bw="1" slack="0"/>
</pin_list>
<bind>
<StgValue><ssdm name="fb_332"/><MemPortTyVec>0 3 </MemPortTyVec>
</StgValue>
</bind>
</comp>

<comp id="236" class="1000" name="fb_333">
<pin_list>
<pin id="237" dir="1" index="0" bw="1" slack="0"/>
</pin_list>
<bind>
<StgValue><ssdm name="fb_333"/><MemPortTyVec>0 3 </MemPortTyVec>
</StgValue>
</bind>
</comp>

<comp id="238" class="1000" name="fb_334">
<pin_list>
<pin id="239" dir="1" index="0" bw="1" slack="0"/>
</pin_list>
<bind>
<StgValue><ssdm name="fb_334"/><MemPortTyVec>0 3 </MemPortTyVec>
</StgValue>
</bind>
</comp>

<comp id="240" class="1000" name="fb_335">
<pin_list>
<pin id="241" dir="1" index="0" bw="1" slack="0"/>
</pin_list>
<bind>
<StgValue><ssdm name="fb_335"/><MemPortTyVec>0 3 </MemPortTyVec>
</StgValue>
</bind>
</comp>

<comp id="242" class="1000" name="fb_336">
<pin_list>
<pin id="243" dir="1" index="0" bw="1" slack="0"/>
</pin_list>
<bind>
<StgValue><ssdm name="fb_336"/><MemPortTyVec>0 3 </MemPortTyVec>
</StgValue>
</bind>
</comp>

<comp id="244" class="1000" name="fb_337">
<pin_list>
<pin id="245" dir="1" index="0" bw="1" slack="0"/>
</pin_list>
<bind>
<StgValue><ssdm name="fb_337"/><MemPortTyVec>0 3 </MemPortTyVec>
</StgValue>
</bind>
</comp>

<comp id="246" class="1000" name="fb_338">
<pin_list>
<pin id="247" dir="1" index="0" bw="1" slack="0"/>
</pin_list>
<bind>
<StgValue><ssdm name="fb_338"/><MemPortTyVec>0 3 </MemPortTyVec>
</StgValue>
</bind>
</comp>

<comp id="248" class="1000" name="fb_339">
<pin_list>
<pin id="249" dir="1" index="0" bw="1" slack="0"/>
</pin_list>
<bind>
<StgValue><ssdm name="fb_339"/><MemPortTyVec>0 3 </MemPortTyVec>
</StgValue>
</bind>
</comp>

<comp id="250" class="1000" name="fb_340">
<pin_list>
<pin id="251" dir="1" index="0" bw="1" slack="0"/>
</pin_list>
<bind>
<StgValue><ssdm name="fb_340"/><MemPortTyVec>0 3 </MemPortTyVec>
</StgValue>
</bind>
</comp>

<comp id="252" class="1000" name="fb_341">
<pin_list>
<pin id="253" dir="1" index="0" bw="1" slack="0"/>
</pin_list>
<bind>
<StgValue><ssdm name="fb_341"/><MemPortTyVec>0 3 </MemPortTyVec>
</StgValue>
</bind>
</comp>

<comp id="254" class="1000" name="fb_342">
<pin_list>
<pin id="255" dir="1" index="0" bw="1" slack="0"/>
</pin_list>
<bind>
<StgValue><ssdm name="fb_342"/><MemPortTyVec>0 3 </MemPortTyVec>
</StgValue>
</bind>
</comp>

<comp id="256" class="1000" name="fb_343">
<pin_list>
<pin id="257" dir="1" index="0" bw="1" slack="0"/>
</pin_list>
<bind>
<StgValue><ssdm name="fb_343"/><MemPortTyVec>0 3 </MemPortTyVec>
</StgValue>
</bind>
</comp>

<comp id="258" class="1000" name="fb_344">
<pin_list>
<pin id="259" dir="1" index="0" bw="1" slack="0"/>
</pin_list>
<bind>
<StgValue><ssdm name="fb_344"/><MemPortTyVec>0 3 </MemPortTyVec>
</StgValue>
</bind>
</comp>

<comp id="260" class="1000" name="fb_345">
<pin_list>
<pin id="261" dir="1" index="0" bw="1" slack="0"/>
</pin_list>
<bind>
<StgValue><ssdm name="fb_345"/><MemPortTyVec>0 3 </MemPortTyVec>
</StgValue>
</bind>
</comp>

<comp id="262" class="1000" name="fb_346">
<pin_list>
<pin id="263" dir="1" index="0" bw="1" slack="0"/>
</pin_list>
<bind>
<StgValue><ssdm name="fb_346"/><MemPortTyVec>0 3 </MemPortTyVec>
</StgValue>
</bind>
</comp>

<comp id="264" class="1000" name="fb_347">
<pin_list>
<pin id="265" dir="1" index="0" bw="1" slack="0"/>
</pin_list>
<bind>
<StgValue><ssdm name="fb_347"/><MemPortTyVec>0 3 </MemPortTyVec>
</StgValue>
</bind>
</comp>

<comp id="266" class="1000" name="fb_348">
<pin_list>
<pin id="267" dir="1" index="0" bw="1" slack="0"/>
</pin_list>
<bind>
<StgValue><ssdm name="fb_348"/><MemPortTyVec>0 3 </MemPortTyVec>
</StgValue>
</bind>
</comp>

<comp id="268" class="1000" name="fb_349">
<pin_list>
<pin id="269" dir="1" index="0" bw="1" slack="0"/>
</pin_list>
<bind>
<StgValue><ssdm name="fb_349"/><MemPortTyVec>0 3 </MemPortTyVec>
</StgValue>
</bind>
</comp>

<comp id="270" class="1000" name="fb_350">
<pin_list>
<pin id="271" dir="1" index="0" bw="1" slack="0"/>
</pin_list>
<bind>
<StgValue><ssdm name="fb_350"/><MemPortTyVec>0 3 </MemPortTyVec>
</StgValue>
</bind>
</comp>

<comp id="272" class="1000" name="fb_351">
<pin_list>
<pin id="273" dir="1" index="0" bw="1" slack="0"/>
</pin_list>
<bind>
<StgValue><ssdm name="fb_351"/><MemPortTyVec>0 3 </MemPortTyVec>
</StgValue>
</bind>
</comp>

<comp id="274" class="1000" name="fb_352">
<pin_list>
<pin id="275" dir="1" index="0" bw="1" slack="0"/>
</pin_list>
<bind>
<StgValue><ssdm name="fb_352"/><MemPortTyVec>0 3 </MemPortTyVec>
</StgValue>
</bind>
</comp>

<comp id="276" class="1000" name="fb_353">
<pin_list>
<pin id="277" dir="1" index="0" bw="1" slack="0"/>
</pin_list>
<bind>
<StgValue><ssdm name="fb_353"/><MemPortTyVec>0 3 </MemPortTyVec>
</StgValue>
</bind>
</comp>

<comp id="278" class="1000" name="fb_354">
<pin_list>
<pin id="279" dir="1" index="0" bw="1" slack="0"/>
</pin_list>
<bind>
<StgValue><ssdm name="fb_354"/><MemPortTyVec>0 3 </MemPortTyVec>
</StgValue>
</bind>
</comp>

<comp id="280" class="1000" name="fb_355">
<pin_list>
<pin id="281" dir="1" index="0" bw="1" slack="0"/>
</pin_list>
<bind>
<StgValue><ssdm name="fb_355"/><MemPortTyVec>0 3 </MemPortTyVec>
</StgValue>
</bind>
</comp>

<comp id="282" class="1000" name="fb_356">
<pin_list>
<pin id="283" dir="1" index="0" bw="1" slack="0"/>
</pin_list>
<bind>
<StgValue><ssdm name="fb_356"/><MemPortTyVec>0 3 </MemPortTyVec>
</StgValue>
</bind>
</comp>

<comp id="284" class="1000" name="fb_357">
<pin_list>
<pin id="285" dir="1" index="0" bw="1" slack="0"/>
</pin_list>
<bind>
<StgValue><ssdm name="fb_357"/><MemPortTyVec>0 3 </MemPortTyVec>
</StgValue>
</bind>
</comp>

<comp id="286" class="1000" name="fb_358">
<pin_list>
<pin id="287" dir="1" index="0" bw="1" slack="0"/>
</pin_list>
<bind>
<StgValue><ssdm name="fb_358"/><MemPortTyVec>0 3 </MemPortTyVec>
</StgValue>
</bind>
</comp>

<comp id="288" class="1000" name="fb_359">
<pin_list>
<pin id="289" dir="1" index="0" bw="1" slack="0"/>
</pin_list>
<bind>
<StgValue><ssdm name="fb_359"/><MemPortTyVec>0 3 </MemPortTyVec>
</StgValue>
</bind>
</comp>

<comp id="290" class="1000" name="fb_360">
<pin_list>
<pin id="291" dir="1" index="0" bw="1" slack="0"/>
</pin_list>
<bind>
<StgValue><ssdm name="fb_360"/><MemPortTyVec>0 3 </MemPortTyVec>
</StgValue>
</bind>
</comp>

<comp id="292" class="1000" name="fb_361">
<pin_list>
<pin id="293" dir="1" index="0" bw="1" slack="0"/>
</pin_list>
<bind>
<StgValue><ssdm name="fb_361"/><MemPortTyVec>0 3 </MemPortTyVec>
</StgValue>
</bind>
</comp>

<comp id="294" class="1000" name="fb_362">
<pin_list>
<pin id="295" dir="1" index="0" bw="1" slack="0"/>
</pin_list>
<bind>
<StgValue><ssdm name="fb_362"/><MemPortTyVec>0 3 </MemPortTyVec>
</StgValue>
</bind>
</comp>

<comp id="296" class="1000" name="fb_363">
<pin_list>
<pin id="297" dir="1" index="0" bw="1" slack="0"/>
</pin_list>
<bind>
<StgValue><ssdm name="fb_363"/><MemPortTyVec>0 3 </MemPortTyVec>
</StgValue>
</bind>
</comp>

<comp id="298" class="1000" name="fb_364">
<pin_list>
<pin id="299" dir="1" index="0" bw="1" slack="0"/>
</pin_list>
<bind>
<StgValue><ssdm name="fb_364"/><MemPortTyVec>0 3 </MemPortTyVec>
</StgValue>
</bind>
</comp>

<comp id="300" class="1000" name="fb_365">
<pin_list>
<pin id="301" dir="1" index="0" bw="1" slack="0"/>
</pin_list>
<bind>
<StgValue><ssdm name="fb_365"/><MemPortTyVec>0 3 </MemPortTyVec>
</StgValue>
</bind>
</comp>

<comp id="302" class="1000" name="fb_366">
<pin_list>
<pin id="303" dir="1" index="0" bw="1" slack="0"/>
</pin_list>
<bind>
<StgValue><ssdm name="fb_366"/><MemPortTyVec>0 3 </MemPortTyVec>
</StgValue>
</bind>
</comp>

<comp id="304" class="1000" name="fb_367">
<pin_list>
<pin id="305" dir="1" index="0" bw="1" slack="0"/>
</pin_list>
<bind>
<StgValue><ssdm name="fb_367"/><MemPortTyVec>0 3 </MemPortTyVec>
</StgValue>
</bind>
</comp>

<comp id="306" class="1000" name="fb_368">
<pin_list>
<pin id="307" dir="1" index="0" bw="1" slack="0"/>
</pin_list>
<bind>
<StgValue><ssdm name="fb_368"/><MemPortTyVec>0 3 </MemPortTyVec>
</StgValue>
</bind>
</comp>

<comp id="308" class="1000" name="fb_369">
<pin_list>
<pin id="309" dir="1" index="0" bw="1" slack="0"/>
</pin_list>
<bind>
<StgValue><ssdm name="fb_369"/><MemPortTyVec>0 3 </MemPortTyVec>
</StgValue>
</bind>
</comp>

<comp id="310" class="1000" name="fb_370">
<pin_list>
<pin id="311" dir="1" index="0" bw="1" slack="0"/>
</pin_list>
<bind>
<StgValue><ssdm name="fb_370"/><MemPortTyVec>0 3 </MemPortTyVec>
</StgValue>
</bind>
</comp>

<comp id="312" class="1000" name="fb_371">
<pin_list>
<pin id="313" dir="1" index="0" bw="1" slack="0"/>
</pin_list>
<bind>
<StgValue><ssdm name="fb_371"/><MemPortTyVec>0 3 </MemPortTyVec>
</StgValue>
</bind>
</comp>

<comp id="314" class="1000" name="fb_372">
<pin_list>
<pin id="315" dir="1" index="0" bw="1" slack="0"/>
</pin_list>
<bind>
<StgValue><ssdm name="fb_372"/><MemPortTyVec>0 3 </MemPortTyVec>
</StgValue>
</bind>
</comp>

<comp id="316" class="1000" name="fb_373">
<pin_list>
<pin id="317" dir="1" index="0" bw="1" slack="0"/>
</pin_list>
<bind>
<StgValue><ssdm name="fb_373"/><MemPortTyVec>0 3 </MemPortTyVec>
</StgValue>
</bind>
</comp>

<comp id="318" class="1000" name="fb_374">
<pin_list>
<pin id="319" dir="1" index="0" bw="1" slack="0"/>
</pin_list>
<bind>
<StgValue><ssdm name="fb_374"/><MemPortTyVec>0 3 </MemPortTyVec>
</StgValue>
</bind>
</comp>

<comp id="320" class="1000" name="fb_375">
<pin_list>
<pin id="321" dir="1" index="0" bw="1" slack="0"/>
</pin_list>
<bind>
<StgValue><ssdm name="fb_375"/><MemPortTyVec>0 3 </MemPortTyVec>
</StgValue>
</bind>
</comp>

<comp id="322" class="1000" name="fb_376">
<pin_list>
<pin id="323" dir="1" index="0" bw="1" slack="0"/>
</pin_list>
<bind>
<StgValue><ssdm name="fb_376"/><MemPortTyVec>0 3 </MemPortTyVec>
</StgValue>
</bind>
</comp>

<comp id="324" class="1000" name="fb_377">
<pin_list>
<pin id="325" dir="1" index="0" bw="1" slack="0"/>
</pin_list>
<bind>
<StgValue><ssdm name="fb_377"/><MemPortTyVec>0 3 </MemPortTyVec>
</StgValue>
</bind>
</comp>

<comp id="326" class="1000" name="fb_378">
<pin_list>
<pin id="327" dir="1" index="0" bw="1" slack="0"/>
</pin_list>
<bind>
<StgValue><ssdm name="fb_378"/><MemPortTyVec>0 3 </MemPortTyVec>
</StgValue>
</bind>
</comp>

<comp id="328" class="1000" name="fb_379">
<pin_list>
<pin id="329" dir="1" index="0" bw="1" slack="0"/>
</pin_list>
<bind>
<StgValue><ssdm name="fb_379"/><MemPortTyVec>0 3 </MemPortTyVec>
</StgValue>
</bind>
</comp>

<comp id="330" class="1000" name="fb_380">
<pin_list>
<pin id="331" dir="1" index="0" bw="1" slack="0"/>
</pin_list>
<bind>
<StgValue><ssdm name="fb_380"/><MemPortTyVec>0 3 </MemPortTyVec>
</StgValue>
</bind>
</comp>

<comp id="332" class="1000" name="fb_381">
<pin_list>
<pin id="333" dir="1" index="0" bw="1" slack="0"/>
</pin_list>
<bind>
<StgValue><ssdm name="fb_381"/><MemPortTyVec>0 3 </MemPortTyVec>
</StgValue>
</bind>
</comp>

<comp id="334" class="1000" name="fb_382">
<pin_list>
<pin id="335" dir="1" index="0" bw="1" slack="0"/>
</pin_list>
<bind>
<StgValue><ssdm name="fb_382"/><MemPortTyVec>0 3 </MemPortTyVec>
</StgValue>
</bind>
</comp>

<comp id="336" class="1000" name="fb_383">
<pin_list>
<pin id="337" dir="1" index="0" bw="1" slack="0"/>
</pin_list>
<bind>
<StgValue><ssdm name="fb_383"/><MemPortTyVec>0 3 </MemPortTyVec>
</StgValue>
</bind>
</comp>

<comp id="338" class="1000" name="fb_384">
<pin_list>
<pin id="339" dir="1" index="0" bw="1" slack="0"/>
</pin_list>
<bind>
<StgValue><ssdm name="fb_384"/><MemPortTyVec>0 3 </MemPortTyVec>
</StgValue>
</bind>
</comp>

<comp id="340" class="1000" name="fb_385">
<pin_list>
<pin id="341" dir="1" index="0" bw="1" slack="0"/>
</pin_list>
<bind>
<StgValue><ssdm name="fb_385"/><MemPortTyVec>0 3 </MemPortTyVec>
</StgValue>
</bind>
</comp>

<comp id="342" class="1000" name="fb_386">
<pin_list>
<pin id="343" dir="1" index="0" bw="1" slack="0"/>
</pin_list>
<bind>
<StgValue><ssdm name="fb_386"/><MemPortTyVec>0 3 </MemPortTyVec>
</StgValue>
</bind>
</comp>

<comp id="344" class="1000" name="fb_387">
<pin_list>
<pin id="345" dir="1" index="0" bw="1" slack="0"/>
</pin_list>
<bind>
<StgValue><ssdm name="fb_387"/><MemPortTyVec>0 3 </MemPortTyVec>
</StgValue>
</bind>
</comp>

<comp id="346" class="1000" name="fb_388">
<pin_list>
<pin id="347" dir="1" index="0" bw="1" slack="0"/>
</pin_list>
<bind>
<StgValue><ssdm name="fb_388"/><MemPortTyVec>0 3 </MemPortTyVec>
</StgValue>
</bind>
</comp>

<comp id="348" class="1000" name="fb_389">
<pin_list>
<pin id="349" dir="1" index="0" bw="1" slack="0"/>
</pin_list>
<bind>
<StgValue><ssdm name="fb_389"/><MemPortTyVec>0 3 </MemPortTyVec>
</StgValue>
</bind>
</comp>

<comp id="350" class="1000" name="fb_390">
<pin_list>
<pin id="351" dir="1" index="0" bw="1" slack="0"/>
</pin_list>
<bind>
<StgValue><ssdm name="fb_390"/><MemPortTyVec>0 3 </MemPortTyVec>
</StgValue>
</bind>
</comp>

<comp id="352" class="1000" name="fb_391">
<pin_list>
<pin id="353" dir="1" index="0" bw="1" slack="0"/>
</pin_list>
<bind>
<StgValue><ssdm name="fb_391"/><MemPortTyVec>0 3 </MemPortTyVec>
</StgValue>
</bind>
</comp>

<comp id="354" class="1000" name="fb_392">
<pin_list>
<pin id="355" dir="1" index="0" bw="1" slack="0"/>
</pin_list>
<bind>
<StgValue><ssdm name="fb_392"/><MemPortTyVec>0 3 </MemPortTyVec>
</StgValue>
</bind>
</comp>

<comp id="356" class="1000" name="fb_393">
<pin_list>
<pin id="357" dir="1" index="0" bw="1" slack="0"/>
</pin_list>
<bind>
<StgValue><ssdm name="fb_393"/><MemPortTyVec>0 3 </MemPortTyVec>
</StgValue>
</bind>
</comp>

<comp id="358" class="1000" name="fb_394">
<pin_list>
<pin id="359" dir="1" index="0" bw="1" slack="0"/>
</pin_list>
<bind>
<StgValue><ssdm name="fb_394"/><MemPortTyVec>0 3 </MemPortTyVec>
</StgValue>
</bind>
</comp>

<comp id="360" class="1000" name="fb_395">
<pin_list>
<pin id="361" dir="1" index="0" bw="1" slack="0"/>
</pin_list>
<bind>
<StgValue><ssdm name="fb_395"/><MemPortTyVec>0 3 </MemPortTyVec>
</StgValue>
</bind>
</comp>

<comp id="362" class="1000" name="fb_396">
<pin_list>
<pin id="363" dir="1" index="0" bw="1" slack="0"/>
</pin_list>
<bind>
<StgValue><ssdm name="fb_396"/><MemPortTyVec>0 3 </MemPortTyVec>
</StgValue>
</bind>
</comp>

<comp id="364" class="1000" name="fb_397">
<pin_list>
<pin id="365" dir="1" index="0" bw="1" slack="0"/>
</pin_list>
<bind>
<StgValue><ssdm name="fb_397"/><MemPortTyVec>0 3 </MemPortTyVec>
</StgValue>
</bind>
</comp>

<comp id="366" class="1000" name="fb_398">
<pin_list>
<pin id="367" dir="1" index="0" bw="1" slack="0"/>
</pin_list>
<bind>
<StgValue><ssdm name="fb_398"/><MemPortTyVec>0 3 </MemPortTyVec>
</StgValue>
</bind>
</comp>

<comp id="368" class="1000" name="fb_399">
<pin_list>
<pin id="369" dir="1" index="0" bw="1" slack="0"/>
</pin_list>
<bind>
<StgValue><ssdm name="fb_399"/><MemPortTyVec>0 3 </MemPortTyVec>
</StgValue>
</bind>
</comp>

<comp id="370" class="1000" name="fb_400">
<pin_list>
<pin id="371" dir="1" index="0" bw="1" slack="0"/>
</pin_list>
<bind>
<StgValue><ssdm name="fb_400"/><MemPortTyVec>0 3 </MemPortTyVec>
</StgValue>
</bind>
</comp>

<comp id="372" class="1000" name="fb_401">
<pin_list>
<pin id="373" dir="1" index="0" bw="1" slack="0"/>
</pin_list>
<bind>
<StgValue><ssdm name="fb_401"/><MemPortTyVec>0 3 </MemPortTyVec>
</StgValue>
</bind>
</comp>

<comp id="374" class="1000" name="fb_402">
<pin_list>
<pin id="375" dir="1" index="0" bw="1" slack="0"/>
</pin_list>
<bind>
<StgValue><ssdm name="fb_402"/><MemPortTyVec>0 3 </MemPortTyVec>
</StgValue>
</bind>
</comp>

<comp id="376" class="1000" name="fb_403">
<pin_list>
<pin id="377" dir="1" index="0" bw="1" slack="0"/>
</pin_list>
<bind>
<StgValue><ssdm name="fb_403"/><MemPortTyVec>0 3 </MemPortTyVec>
</StgValue>
</bind>
</comp>

<comp id="378" class="1000" name="fb_404">
<pin_list>
<pin id="379" dir="1" index="0" bw="1" slack="0"/>
</pin_list>
<bind>
<StgValue><ssdm name="fb_404"/><MemPortTyVec>0 3 </MemPortTyVec>
</StgValue>
</bind>
</comp>

<comp id="380" class="1000" name="fb_405">
<pin_list>
<pin id="381" dir="1" index="0" bw="1" slack="0"/>
</pin_list>
<bind>
<StgValue><ssdm name="fb_405"/><MemPortTyVec>0 3 </MemPortTyVec>
</StgValue>
</bind>
</comp>

<comp id="382" class="1000" name="fb_406">
<pin_list>
<pin id="383" dir="1" index="0" bw="1" slack="0"/>
</pin_list>
<bind>
<StgValue><ssdm name="fb_406"/><MemPortTyVec>0 3 </MemPortTyVec>
</StgValue>
</bind>
</comp>

<comp id="384" class="1000" name="fb_407">
<pin_list>
<pin id="385" dir="1" index="0" bw="1" slack="0"/>
</pin_list>
<bind>
<StgValue><ssdm name="fb_407"/><MemPortTyVec>0 3 </MemPortTyVec>
</StgValue>
</bind>
</comp>

<comp id="386" class="1000" name="fb_408">
<pin_list>
<pin id="387" dir="1" index="0" bw="1" slack="0"/>
</pin_list>
<bind>
<StgValue><ssdm name="fb_408"/><MemPortTyVec>0 3 </MemPortTyVec>
</StgValue>
</bind>
</comp>

<comp id="388" class="1000" name="fb_409">
<pin_list>
<pin id="389" dir="1" index="0" bw="1" slack="0"/>
</pin_list>
<bind>
<StgValue><ssdm name="fb_409"/><MemPortTyVec>0 3 </MemPortTyVec>
</StgValue>
</bind>
</comp>

<comp id="390" class="1000" name="fb_410">
<pin_list>
<pin id="391" dir="1" index="0" bw="1" slack="0"/>
</pin_list>
<bind>
<StgValue><ssdm name="fb_410"/><MemPortTyVec>0 3 </MemPortTyVec>
</StgValue>
</bind>
</comp>

<comp id="392" class="1000" name="fb_411">
<pin_list>
<pin id="393" dir="1" index="0" bw="1" slack="0"/>
</pin_list>
<bind>
<StgValue><ssdm name="fb_411"/><MemPortTyVec>0 3 </MemPortTyVec>
</StgValue>
</bind>
</comp>

<comp id="394" class="1000" name="fb_412">
<pin_list>
<pin id="395" dir="1" index="0" bw="1" slack="0"/>
</pin_list>
<bind>
<StgValue><ssdm name="fb_412"/><MemPortTyVec>0 3 </MemPortTyVec>
</StgValue>
</bind>
</comp>

<comp id="396" class="1000" name="fb_413">
<pin_list>
<pin id="397" dir="1" index="0" bw="1" slack="0"/>
</pin_list>
<bind>
<StgValue><ssdm name="fb_413"/><MemPortTyVec>0 3 </MemPortTyVec>
</StgValue>
</bind>
</comp>

<comp id="398" class="1000" name="fb_414">
<pin_list>
<pin id="399" dir="1" index="0" bw="1" slack="0"/>
</pin_list>
<bind>
<StgValue><ssdm name="fb_414"/><MemPortTyVec>0 3 </MemPortTyVec>
</StgValue>
</bind>
</comp>

<comp id="400" class="1000" name="fb_415">
<pin_list>
<pin id="401" dir="1" index="0" bw="1" slack="0"/>
</pin_list>
<bind>
<StgValue><ssdm name="fb_415"/><MemPortTyVec>0 3 </MemPortTyVec>
</StgValue>
</bind>
</comp>

<comp id="402" class="1000" name="fb_416">
<pin_list>
<pin id="403" dir="1" index="0" bw="1" slack="0"/>
</pin_list>
<bind>
<StgValue><ssdm name="fb_416"/><MemPortTyVec>0 3 </MemPortTyVec>
</StgValue>
</bind>
</comp>

<comp id="404" class="1000" name="fb_417">
<pin_list>
<pin id="405" dir="1" index="0" bw="1" slack="0"/>
</pin_list>
<bind>
<StgValue><ssdm name="fb_417"/><MemPortTyVec>0 3 </MemPortTyVec>
</StgValue>
</bind>
</comp>

<comp id="406" class="1000" name="fb_418">
<pin_list>
<pin id="407" dir="1" index="0" bw="1" slack="0"/>
</pin_list>
<bind>
<StgValue><ssdm name="fb_418"/><MemPortTyVec>0 3 </MemPortTyVec>
</StgValue>
</bind>
</comp>

<comp id="408" class="1000" name="fb_419">
<pin_list>
<pin id="409" dir="1" index="0" bw="1" slack="0"/>
</pin_list>
<bind>
<StgValue><ssdm name="fb_419"/><MemPortTyVec>0 3 </MemPortTyVec>
</StgValue>
</bind>
</comp>

<comp id="410" class="1000" name="fb_420">
<pin_list>
<pin id="411" dir="1" index="0" bw="1" slack="0"/>
</pin_list>
<bind>
<StgValue><ssdm name="fb_420"/><MemPortTyVec>0 3 </MemPortTyVec>
</StgValue>
</bind>
</comp>

<comp id="412" class="1000" name="fb_421">
<pin_list>
<pin id="413" dir="1" index="0" bw="1" slack="0"/>
</pin_list>
<bind>
<StgValue><ssdm name="fb_421"/><MemPortTyVec>0 3 </MemPortTyVec>
</StgValue>
</bind>
</comp>

<comp id="414" class="1000" name="fb_422">
<pin_list>
<pin id="415" dir="1" index="0" bw="1" slack="0"/>
</pin_list>
<bind>
<StgValue><ssdm name="fb_422"/><MemPortTyVec>0 3 </MemPortTyVec>
</StgValue>
</bind>
</comp>

<comp id="416" class="1000" name="fb_423">
<pin_list>
<pin id="417" dir="1" index="0" bw="1" slack="0"/>
</pin_list>
<bind>
<StgValue><ssdm name="fb_423"/><MemPortTyVec>0 3 </MemPortTyVec>
</StgValue>
</bind>
</comp>

<comp id="418" class="1000" name="fb_424">
<pin_list>
<pin id="419" dir="1" index="0" bw="1" slack="0"/>
</pin_list>
<bind>
<StgValue><ssdm name="fb_424"/><MemPortTyVec>0 3 </MemPortTyVec>
</StgValue>
</bind>
</comp>

<comp id="420" class="1000" name="fb_425">
<pin_list>
<pin id="421" dir="1" index="0" bw="1" slack="0"/>
</pin_list>
<bind>
<StgValue><ssdm name="fb_425"/><MemPortTyVec>0 3 </MemPortTyVec>
</StgValue>
</bind>
</comp>

<comp id="422" class="1000" name="fb_426">
<pin_list>
<pin id="423" dir="1" index="0" bw="1" slack="0"/>
</pin_list>
<bind>
<StgValue><ssdm name="fb_426"/><MemPortTyVec>0 3 </MemPortTyVec>
</StgValue>
</bind>
</comp>

<comp id="424" class="1000" name="fb_427">
<pin_list>
<pin id="425" dir="1" index="0" bw="1" slack="0"/>
</pin_list>
<bind>
<StgValue><ssdm name="fb_427"/><MemPortTyVec>0 3 </MemPortTyVec>
</StgValue>
</bind>
</comp>

<comp id="426" class="1000" name="fb_428">
<pin_list>
<pin id="427" dir="1" index="0" bw="1" slack="0"/>
</pin_list>
<bind>
<StgValue><ssdm name="fb_428"/><MemPortTyVec>0 3 </MemPortTyVec>
</StgValue>
</bind>
</comp>

<comp id="428" class="1000" name="fb_429">
<pin_list>
<pin id="429" dir="1" index="0" bw="1" slack="0"/>
</pin_list>
<bind>
<StgValue><ssdm name="fb_429"/><MemPortTyVec>0 3 </MemPortTyVec>
</StgValue>
</bind>
</comp>

<comp id="430" class="1000" name="fb_430">
<pin_list>
<pin id="431" dir="1" index="0" bw="1" slack="0"/>
</pin_list>
<bind>
<StgValue><ssdm name="fb_430"/><MemPortTyVec>0 3 </MemPortTyVec>
</StgValue>
</bind>
</comp>

<comp id="432" class="1001" name="const_432">
<pin_list>
<pin id="433" dir="1" index="0" bw="1" slack="0"/>
</pin_list>
<bind>
<StgValue><ssdm name=""/></StgValue>
</bind>
</comp>

<comp id="434" class="1001" name="const_434">
<pin_list>
<pin id="435" dir="1" index="0" bw="1" slack="0"/>
</pin_list>
<bind>
<StgValue><ssdm name=""/></StgValue>
</bind>
</comp>

<comp id="436" class="1001" name="const_436">
<pin_list>
<pin id="437" dir="1" index="0" bw="1" slack="0"/>
</pin_list>
<bind>
<StgValue><ssdm name=""/></StgValue>
</bind>
</comp>

<comp id="438" class="1001" name="const_438">
<pin_list>
<pin id="439" dir="1" index="0" bw="1" slack="0"/>
</pin_list>
<bind>
<StgValue><ssdm name=""/></StgValue>
</bind>
</comp>

<comp id="440" class="1001" name="const_440">
<pin_list>
<pin id="441" dir="1" index="0" bw="1" slack="0"/>
</pin_list>
<bind>
<StgValue><ssdm name=""/></StgValue>
</bind>
</comp>

<comp id="442" class="1001" name="const_442">
<pin_list>
<pin id="443" dir="1" index="0" bw="1" slack="0"/>
</pin_list>
<bind>
<StgValue><ssdm name=""/></StgValue>
</bind>
</comp>

<comp id="444" class="1001" name="const_444">
<pin_list>
<pin id="445" dir="1" index="0" bw="1" slack="0"/>
</pin_list>
<bind>
<StgValue><ssdm name=""/></StgValue>
</bind>
</comp>

<comp id="446" class="1001" name="const_446">
<pin_list>
<pin id="447" dir="1" index="0" bw="1" slack="0"/>
</pin_list>
<bind>
<StgValue><ssdm name=""/></StgValue>
</bind>
</comp>

<comp id="448" class="1001" name="const_448">
<pin_list>
<pin id="449" dir="1" index="0" bw="1" slack="0"/>
</pin_list>
<bind>
<StgValue><ssdm name=""/></StgValue>
</bind>
</comp>

<comp id="450" class="1001" name="const_450">
<pin_list>
<pin id="451" dir="1" index="0" bw="1" slack="0"/>
</pin_list>
<bind>
<StgValue><ssdm name=""/></StgValue>
</bind>
</comp>

<comp id="452" class="1001" name="const_452">
<pin_list>
<pin id="453" dir="1" index="0" bw="1" slack="0"/>
</pin_list>
<bind>
<StgValue><ssdm name=""/></StgValue>
</bind>
</comp>

<comp id="454" class="1001" name="const_454">
<pin_list>
<pin id="455" dir="1" index="0" bw="1" slack="0"/>
</pin_list>
<bind>
<StgValue><ssdm name=""/></StgValue>
</bind>
</comp>

<comp id="456" class="1001" name="const_456">
<pin_list>
<pin id="457" dir="1" index="0" bw="1" slack="0"/>
</pin_list>
<bind>
<StgValue><ssdm name=""/></StgValue>
</bind>
</comp>

<comp id="458" class="1001" name="const_458">
<pin_list>
<pin id="459" dir="1" index="0" bw="1" slack="0"/>
</pin_list>
<bind>
<StgValue><ssdm name=""/></StgValue>
</bind>
</comp>

<comp id="460" class="1001" name="const_460">
<pin_list>
<pin id="461" dir="1" index="0" bw="1" slack="0"/>
</pin_list>
<bind>
<StgValue><ssdm name=""/></StgValue>
</bind>
</comp>

<comp id="462" class="1001" name="const_462">
<pin_list>
<pin id="463" dir="1" index="0" bw="1" slack="0"/>
</pin_list>
<bind>
<StgValue><ssdm name=""/></StgValue>
</bind>
</comp>

<comp id="464" class="1001" name="const_464">
<pin_list>
<pin id="465" dir="1" index="0" bw="1" slack="0"/>
</pin_list>
<bind>
<StgValue><ssdm name=""/></StgValue>
</bind>
</comp>

<comp id="466" class="1001" name="const_466">
<pin_list>
<pin id="467" dir="1" index="0" bw="1" slack="2147483647"/>
</pin_list>
<bind>
<StgValue><ssdm name="_ssdm_op_SpecLoopName"/></StgValue>
</bind>
</comp>

<comp id="468" class="1001" name="const_468">
<pin_list>
<pin id="469" dir="1" index="0" bw="1" slack="2147483647"/>
</pin_list>
<bind>
<StgValue><ssdm name="RESET_VITIS_LOOP_40_1_VITIS_LOOP_41_2_VITIS_LOOP_42_3_str"/></StgValue>
</bind>
</comp>

<comp id="470" class="1001" name="const_470">
<pin_list>
<pin id="471" dir="1" index="0" bw="1" slack="2147483647"/>
</pin_list>
<bind>
<StgValue><ssdm name="_ssdm_op_SpecLoopTripCount"/></StgValue>
</bind>
</comp>

<comp id="472" class="1001" name="const_472">
<pin_list>
<pin id="473" dir="1" index="0" bw="1" slack="2147483647"/>
</pin_list>
<bind>
<StgValue><ssdm name=""/></StgValue>
</bind>
</comp>

<comp id="474" class="1001" name="const_474">
<pin_list>
<pin id="475" dir="1" index="0" bw="1" slack="0"/>
</pin_list>
<bind>
<StgValue><ssdm name=""/></StgValue>
</bind>
</comp>

<comp id="476" class="1001" name="const_476">
<pin_list>
<pin id="477" dir="1" index="0" bw="1" slack="0"/>
</pin_list>
<bind>
<StgValue><ssdm name=""/></StgValue>
</bind>
</comp>

<comp id="478" class="1001" name="const_478">
<pin_list>
<pin id="479" dir="1" index="0" bw="1" slack="2147483647"/>
</pin_list>
<bind>
<StgValue><ssdm name="_ssdm_op_SpecPipeline"/></StgValue>
</bind>
</comp>

<comp id="480" class="1001" name="const_480">
<pin_list>
<pin id="481" dir="1" index="0" bw="1" slack="2147483647"/>
</pin_list>
<bind>
<StgValue><ssdm name=""/></StgValue>
</bind>
</comp>

<comp id="482" class="1001" name="const_482">
<pin_list>
<pin id="483" dir="1" index="0" bw="1" slack="2147483647"/>
</pin_list>
<bind>
<StgValue><ssdm name="empty_5"/></StgValue>
</bind>
</comp>

<comp id="484" class="1001" name="const_484">
<pin_list>
<pin id="485" dir="1" index="0" bw="1" slack="2147483647"/>
</pin_list>
<bind>
<StgValue><ssdm name=""/></StgValue>
</bind>
</comp>

<comp id="486" class="1001" name="const_486">
<pin_list>
<pin id="487" dir="1" index="0" bw="1" slack="2147483647"/>
</pin_list>
<bind>
<StgValue><ssdm name=""/></StgValue>
</bind>
</comp>

<comp id="488" class="1001" name="const_488">
<pin_list>
<pin id="489" dir="1" index="0" bw="1" slack="2147483647"/>
</pin_list>
<bind>
<StgValue><ssdm name=""/></StgValue>
</bind>
</comp>

<comp id="490" class="1001" name="const_490">
<pin_list>
<pin id="491" dir="1" index="0" bw="1" slack="2147483647"/>
</pin_list>
<bind>
<StgValue><ssdm name=""/></StgValue>
</bind>
</comp>

<comp id="492" class="1001" name="const_492">
<pin_list>
<pin id="493" dir="1" index="0" bw="1" slack="2147483647"/>
</pin_list>
<bind>
<StgValue><ssdm name=""/></StgValue>
</bind>
</comp>

<comp id="494" class="1001" name="const_494">
<pin_list>
<pin id="495" dir="1" index="0" bw="1" slack="2147483647"/>
</pin_list>
<bind>
<StgValue><ssdm name=""/></StgValue>
</bind>
</comp>

<comp id="496" class="1001" name="const_496">
<pin_list>
<pin id="497" dir="1" index="0" bw="1" slack="2147483647"/>
</pin_list>
<bind>
<StgValue><ssdm name=""/></StgValue>
</bind>
</comp>

<comp id="498" class="1001" name="const_498">
<pin_list>
<pin id="499" dir="1" index="0" bw="1" slack="2147483647"/>
</pin_list>
<bind>
<StgValue><ssdm name=""/></StgValue>
</bind>
</comp>

<comp id="500" class="1001" name="const_500">
<pin_list>
<pin id="501" dir="1" index="0" bw="1" slack="2147483647"/>
</pin_list>
<bind>
<StgValue><ssdm name=""/></StgValue>
</bind>
</comp>

<comp id="502" class="1001" name="const_502">
<pin_list>
<pin id="503" dir="1" index="0" bw="1" slack="2147483647"/>
</pin_list>
<bind>
<StgValue><ssdm name=""/></StgValue>
</bind>
</comp>

<comp id="504" class="1001" name="const_504">
<pin_list>
<pin id="505" dir="1" index="0" bw="1" slack="2147483647"/>
</pin_list>
<bind>
<StgValue><ssdm name=""/></StgValue>
</bind>
</comp>

<comp id="506" class="1001" name="const_506">
<pin_list>
<pin id="507" dir="1" index="0" bw="1" slack="2147483647"/>
</pin_list>
<bind>
<StgValue><ssdm name=""/></StgValue>
</bind>
</comp>

<comp id="508" class="1001" name="const_508">
<pin_list>
<pin id="509" dir="1" index="0" bw="1" slack="0"/>
</pin_list>
<bind>
<StgValue><ssdm name=""/></StgValue>
</bind>
</comp>

<comp id="510" class="1004" name="c_fu_510">
<pin_list>
<pin id="511" dir="0" index="0" bw="1" slack="0"/>
<pin id="512" dir="1" index="1" bw="4" slack="0"/>
</pin_list>
<bind>
<opcode="alloca(26) " fcode="alloca"/>
<opset="c/1 "/>
</bind>
</comp>

<comp id="514" class="1004" name="x_fu_514">
<pin_list>
<pin id="515" dir="0" index="0" bw="1" slack="0"/>
<pin id="516" dir="1" index="1" bw="3" slack="0"/>
</pin_list>
<bind>
<opcode="alloca(26) " fcode="alloca"/>
<opset="x/1 "/>
</bind>
</comp>

<comp id="518" class="1004" name="indvar_flatten_fu_518">
<pin_list>
<pin id="519" dir="0" index="0" bw="1" slack="0"/>
<pin id="520" dir="1" index="1" bw="7" slack="0"/>
</pin_list>
<bind>
<opcode="alloca(26) " fcode="alloca"/>
<opset="indvar_flatten/1 "/>
</bind>
</comp>

<comp id="522" class="1004" name="y_fu_522">
<pin_list>
<pin id="523" dir="0" index="0" bw="1" slack="0"/>
<pin id="524" dir="1" index="1" bw="3" slack="0"/>
</pin_list>
<bind>
<opcode="alloca(26) " fcode="alloca"/>
<opset="y/1 "/>
</bind>
</comp>

<comp id="526" class="1004" name="indvar_flatten12_fu_526">
<pin_list>
<pin id="527" dir="0" index="0" bw="1" slack="0"/>
<pin id="528" dir="1" index="1" bw="10" slack="0"/>
</pin_list>
<bind>
<opcode="alloca(26) " fcode="alloca"/>
<opset="indvar_flatten12/1 "/>
</bind>
</comp>

<comp id="530" class="1004" name="s_fu_530">
<pin_list>
<pin id="531" dir="0" index="0" bw="1" slack="0"/>
<pin id="532" dir="1" index="1" bw="2" slack="0"/>
</pin_list>
<bind>
<opcode="alloca(26) " fcode="alloca"/>
<opset="s/1 "/>
</bind>
</comp>

<comp id="534" class="1004" name="indvar_flatten33_fu_534">
<pin_list>
<pin id="535" dir="0" index="0" bw="1" slack="0"/>
<pin id="536" dir="1" index="1" bw="11" slack="0"/>
</pin_list>
<bind>
<opcode="alloca(26) " fcode="alloca"/>
<opset="indvar_flatten33/1 "/>
</bind>
</comp>

<comp id="538" class="1004" name="fb_addr_gep_fu_538">
<pin_list>
<pin id="539" dir="0" index="0" bw="8" slack="0"/>
<pin id="540" dir="0" index="1" bw="1" slack="0"/>
<pin id="541" dir="0" index="2" bw="3" slack="0"/>
<pin id="542" dir="1" index="3" bw="3" slack="0"/>
</pin_list>
<bind>
<opcode="getelementptr(29) " fcode="getelementptr"/>
<opset="fb_addr/3 "/>
</bind>
</comp>

<comp id="545" class="1004" name="fb_216_addr_gep_fu_545">
<pin_list>
<pin id="546" dir="0" index="0" bw="8" slack="0"/>
<pin id="547" dir="0" index="1" bw="1" slack="0"/>
<pin id="548" dir="0" index="2" bw="3" slack="0"/>
<pin id="549" dir="1" index="3" bw="3" slack="0"/>
</pin_list>
<bind>
<opcode="getelementptr(29) " fcode="getelementptr"/>
<opset="fb_216_addr/3 "/>
</bind>
</comp>

<comp id="552" class="1004" name="fb_217_addr_gep_fu_552">
<pin_list>
<pin id="553" dir="0" index="0" bw="8" slack="0"/>
<pin id="554" dir="0" index="1" bw="1" slack="0"/>
<pin id="555" dir="0" index="2" bw="3" slack="0"/>
<pin id="556" dir="1" index="3" bw="3" slack="0"/>
</pin_list>
<bind>
<opcode="getelementptr(29) " fcode="getelementptr"/>
<opset="fb_217_addr/3 "/>
</bind>
</comp>

<comp id="559" class="1004" name="fb_218_addr_gep_fu_559">
<pin_list>
<pin id="560" dir="0" index="0" bw="8" slack="0"/>
<pin id="561" dir="0" index="1" bw="1" slack="0"/>
<pin id="562" dir="0" index="2" bw="3" slack="0"/>
<pin id="563" dir="1" index="3" bw="3" slack="0"/>
</pin_list>
<bind>
<opcode="getelementptr(29) " fcode="getelementptr"/>
<opset="fb_218_addr/3 "/>
</bind>
</comp>

<comp id="566" class="1004" name="fb_219_addr_gep_fu_566">
<pin_list>
<pin id="567" dir="0" index="0" bw="8" slack="0"/>
<pin id="568" dir="0" index="1" bw="1" slack="0"/>
<pin id="569" dir="0" index="2" bw="3" slack="0"/>
<pin id="570" dir="1" index="3" bw="3" slack="0"/>
</pin_list>
<bind>
<opcode="getelementptr(29) " fcode="getelementptr"/>
<opset="fb_219_addr/3 "/>
</bind>
</comp>

<comp id="573" class="1004" name="fb_220_addr_gep_fu_573">
<pin_list>
<pin id="574" dir="0" index="0" bw="8" slack="0"/>
<pin id="575" dir="0" index="1" bw="1" slack="0"/>
<pin id="576" dir="0" index="2" bw="3" slack="0"/>
<pin id="577" dir="1" index="3" bw="3" slack="0"/>
</pin_list>
<bind>
<opcode="getelementptr(29) " fcode="getelementptr"/>
<opset="fb_220_addr/3 "/>
</bind>
</comp>

<comp id="580" class="1004" name="fb_221_addr_gep_fu_580">
<pin_list>
<pin id="581" dir="0" index="0" bw="8" slack="0"/>
<pin id="582" dir="0" index="1" bw="1" slack="0"/>
<pin id="583" dir="0" index="2" bw="3" slack="0"/>
<pin id="584" dir="1" index="3" bw="3" slack="0"/>
</pin_list>
<bind>
<opcode="getelementptr(29) " fcode="getelementptr"/>
<opset="fb_221_addr/3 "/>
</bind>
</comp>

<comp id="587" class="1004" name="fb_222_addr_gep_fu_587">
<pin_list>
<pin id="588" dir="0" index="0" bw="8" slack="0"/>
<pin id="589" dir="0" index="1" bw="1" slack="0"/>
<pin id="590" dir="0" index="2" bw="3" slack="0"/>
<pin id="591" dir="1" index="3" bw="3" slack="0"/>
</pin_list>
<bind>
<opcode="getelementptr(29) " fcode="getelementptr"/>
<opset="fb_222_addr/3 "/>
</bind>
</comp>

<comp id="594" class="1004" name="fb_223_addr_gep_fu_594">
<pin_list>
<pin id="595" dir="0" index="0" bw="8" slack="0"/>
<pin id="596" dir="0" index="1" bw="1" slack="0"/>
<pin id="597" dir="0" index="2" bw="3" slack="0"/>
<pin id="598" dir="1" index="3" bw="3" slack="0"/>
</pin_list>
<bind>
<opcode="getelementptr(29) " fcode="getelementptr"/>
<opset="fb_223_addr/3 "/>
</bind>
</comp>

<comp id="601" class="1004" name="fb_224_addr_gep_fu_601">
<pin_list>
<pin id="602" dir="0" index="0" bw="8" slack="0"/>
<pin id="603" dir="0" index="1" bw="1" slack="0"/>
<pin id="604" dir="0" index="2" bw="3" slack="0"/>
<pin id="605" dir="1" index="3" bw="3" slack="0"/>
</pin_list>
<bind>
<opcode="getelementptr(29) " fcode="getelementptr"/>
<opset="fb_224_addr/3 "/>
</bind>
</comp>

<comp id="608" class="1004" name="fb_225_addr_gep_fu_608">
<pin_list>
<pin id="609" dir="0" index="0" bw="8" slack="0"/>
<pin id="610" dir="0" index="1" bw="1" slack="0"/>
<pin id="611" dir="0" index="2" bw="3" slack="0"/>
<pin id="612" dir="1" index="3" bw="3" slack="0"/>
</pin_list>
<bind>
<opcode="getelementptr(29) " fcode="getelementptr"/>
<opset="fb_225_addr/3 "/>
</bind>
</comp>

<comp id="615" class="1004" name="fb_226_addr_gep_fu_615">
<pin_list>
<pin id="616" dir="0" index="0" bw="8" slack="0"/>
<pin id="617" dir="0" index="1" bw="1" slack="0"/>
<pin id="618" dir="0" index="2" bw="3" slack="0"/>
<pin id="619" dir="1" index="3" bw="3" slack="0"/>
</pin_list>
<bind>
<opcode="getelementptr(29) " fcode="getelementptr"/>
<opset="fb_226_addr/3 "/>
</bind>
</comp>

<comp id="622" class="1004" name="fb_227_addr_gep_fu_622">
<pin_list>
<pin id="623" dir="0" index="0" bw="8" slack="0"/>
<pin id="624" dir="0" index="1" bw="1" slack="0"/>
<pin id="625" dir="0" index="2" bw="3" slack="0"/>
<pin id="626" dir="1" index="3" bw="3" slack="0"/>
</pin_list>
<bind>
<opcode="getelementptr(29) " fcode="getelementptr"/>
<opset="fb_227_addr/3 "/>
</bind>
</comp>

<comp id="629" class="1004" name="fb_228_addr_gep_fu_629">
<pin_list>
<pin id="630" dir="0" index="0" bw="8" slack="0"/>
<pin id="631" dir="0" index="1" bw="1" slack="0"/>
<pin id="632" dir="0" index="2" bw="3" slack="0"/>
<pin id="633" dir="1" index="3" bw="3" slack="0"/>
</pin_list>
<bind>
<opcode="getelementptr(29) " fcode="getelementptr"/>
<opset="fb_228_addr/3 "/>
</bind>
</comp>

<comp id="636" class="1004" name="fb_229_addr_gep_fu_636">
<pin_list>
<pin id="637" dir="0" index="0" bw="8" slack="0"/>
<pin id="638" dir="0" index="1" bw="1" slack="0"/>
<pin id="639" dir="0" index="2" bw="3" slack="0"/>
<pin id="640" dir="1" index="3" bw="3" slack="0"/>
</pin_list>
<bind>
<opcode="getelementptr(29) " fcode="getelementptr"/>
<opset="fb_229_addr/3 "/>
</bind>
</comp>

<comp id="643" class="1004" name="fb_230_addr_gep_fu_643">
<pin_list>
<pin id="644" dir="0" index="0" bw="8" slack="0"/>
<pin id="645" dir="0" index="1" bw="1" slack="0"/>
<pin id="646" dir="0" index="2" bw="3" slack="0"/>
<pin id="647" dir="1" index="3" bw="3" slack="0"/>
</pin_list>
<bind>
<opcode="getelementptr(29) " fcode="getelementptr"/>
<opset="fb_230_addr/3 "/>
</bind>
</comp>

<comp id="650" class="1004" name="fb_231_addr_gep_fu_650">
<pin_list>
<pin id="651" dir="0" index="0" bw="8" slack="0"/>
<pin id="652" dir="0" index="1" bw="1" slack="0"/>
<pin id="653" dir="0" index="2" bw="3" slack="0"/>
<pin id="654" dir="1" index="3" bw="3" slack="0"/>
</pin_list>
<bind>
<opcode="getelementptr(29) " fcode="getelementptr"/>
<opset="fb_231_addr/3 "/>
</bind>
</comp>

<comp id="657" class="1004" name="fb_232_addr_gep_fu_657">
<pin_list>
<pin id="658" dir="0" index="0" bw="8" slack="0"/>
<pin id="659" dir="0" index="1" bw="1" slack="0"/>
<pin id="660" dir="0" index="2" bw="3" slack="0"/>
<pin id="661" dir="1" index="3" bw="3" slack="0"/>
</pin_list>
<bind>
<opcode="getelementptr(29) " fcode="getelementptr"/>
<opset="fb_232_addr/3 "/>
</bind>
</comp>

<comp id="664" class="1004" name="fb_233_addr_gep_fu_664">
<pin_list>
<pin id="665" dir="0" index="0" bw="8" slack="0"/>
<pin id="666" dir="0" index="1" bw="1" slack="0"/>
<pin id="667" dir="0" index="2" bw="3" slack="0"/>
<pin id="668" dir="1" index="3" bw="3" slack="0"/>
</pin_list>
<bind>
<opcode="getelementptr(29) " fcode="getelementptr"/>
<opset="fb_233_addr/3 "/>
</bind>
</comp>

<comp id="671" class="1004" name="fb_234_addr_gep_fu_671">
<pin_list>
<pin id="672" dir="0" index="0" bw="8" slack="0"/>
<pin id="673" dir="0" index="1" bw="1" slack="0"/>
<pin id="674" dir="0" index="2" bw="3" slack="0"/>
<pin id="675" dir="1" index="3" bw="3" slack="0"/>
</pin_list>
<bind>
<opcode="getelementptr(29) " fcode="getelementptr"/>
<opset="fb_234_addr/3 "/>
</bind>
</comp>

<comp id="678" class="1004" name="fb_235_addr_gep_fu_678">
<pin_list>
<pin id="679" dir="0" index="0" bw="8" slack="0"/>
<pin id="680" dir="0" index="1" bw="1" slack="0"/>
<pin id="681" dir="0" index="2" bw="3" slack="0"/>
<pin id="682" dir="1" index="3" bw="3" slack="0"/>
</pin_list>
<bind>
<opcode="getelementptr(29) " fcode="getelementptr"/>
<opset="fb_235_addr/3 "/>
</bind>
</comp>

<comp id="685" class="1004" name="fb_236_addr_gep_fu_685">
<pin_list>
<pin id="686" dir="0" index="0" bw="8" slack="0"/>
<pin id="687" dir="0" index="1" bw="1" slack="0"/>
<pin id="688" dir="0" index="2" bw="3" slack="0"/>
<pin id="689" dir="1" index="3" bw="3" slack="0"/>
</pin_list>
<bind>
<opcode="getelementptr(29) " fcode="getelementptr"/>
<opset="fb_236_addr/3 "/>
</bind>
</comp>

<comp id="692" class="1004" name="fb_237_addr_gep_fu_692">
<pin_list>
<pin id="693" dir="0" index="0" bw="8" slack="0"/>
<pin id="694" dir="0" index="1" bw="1" slack="0"/>
<pin id="695" dir="0" index="2" bw="3" slack="0"/>
<pin id="696" dir="1" index="3" bw="3" slack="0"/>
</pin_list>
<bind>
<opcode="getelementptr(29) " fcode="getelementptr"/>
<opset="fb_237_addr/3 "/>
</bind>
</comp>

<comp id="699" class="1004" name="fb_238_addr_gep_fu_699">
<pin_list>
<pin id="700" dir="0" index="0" bw="8" slack="0"/>
<pin id="701" dir="0" index="1" bw="1" slack="0"/>
<pin id="702" dir="0" index="2" bw="3" slack="0"/>
<pin id="703" dir="1" index="3" bw="3" slack="0"/>
</pin_list>
<bind>
<opcode="getelementptr(29) " fcode="getelementptr"/>
<opset="fb_238_addr/3 "/>
</bind>
</comp>

<comp id="706" class="1004" name="fb_239_addr_gep_fu_706">
<pin_list>
<pin id="707" dir="0" index="0" bw="8" slack="0"/>
<pin id="708" dir="0" index="1" bw="1" slack="0"/>
<pin id="709" dir="0" index="2" bw="3" slack="0"/>
<pin id="710" dir="1" index="3" bw="3" slack="0"/>
</pin_list>
<bind>
<opcode="getelementptr(29) " fcode="getelementptr"/>
<opset="fb_239_addr/3 "/>
</bind>
</comp>

<comp id="713" class="1004" name="fb_240_addr_gep_fu_713">
<pin_list>
<pin id="714" dir="0" index="0" bw="8" slack="0"/>
<pin id="715" dir="0" index="1" bw="1" slack="0"/>
<pin id="716" dir="0" index="2" bw="3" slack="0"/>
<pin id="717" dir="1" index="3" bw="3" slack="0"/>
</pin_list>
<bind>
<opcode="getelementptr(29) " fcode="getelementptr"/>
<opset="fb_240_addr/3 "/>
</bind>
</comp>

<comp id="720" class="1004" name="fb_241_addr_gep_fu_720">
<pin_list>
<pin id="721" dir="0" index="0" bw="8" slack="0"/>
<pin id="722" dir="0" index="1" bw="1" slack="0"/>
<pin id="723" dir="0" index="2" bw="3" slack="0"/>
<pin id="724" dir="1" index="3" bw="3" slack="0"/>
</pin_list>
<bind>
<opcode="getelementptr(29) " fcode="getelementptr"/>
<opset="fb_241_addr/3 "/>
</bind>
</comp>

<comp id="727" class="1004" name="fb_242_addr_gep_fu_727">
<pin_list>
<pin id="728" dir="0" index="0" bw="8" slack="0"/>
<pin id="729" dir="0" index="1" bw="1" slack="0"/>
<pin id="730" dir="0" index="2" bw="3" slack="0"/>
<pin id="731" dir="1" index="3" bw="3" slack="0"/>
</pin_list>
<bind>
<opcode="getelementptr(29) " fcode="getelementptr"/>
<opset="fb_242_addr/3 "/>
</bind>
</comp>

<comp id="734" class="1004" name="fb_243_addr_gep_fu_734">
<pin_list>
<pin id="735" dir="0" index="0" bw="8" slack="0"/>
<pin id="736" dir="0" index="1" bw="1" slack="0"/>
<pin id="737" dir="0" index="2" bw="3" slack="0"/>
<pin id="738" dir="1" index="3" bw="3" slack="0"/>
</pin_list>
<bind>
<opcode="getelementptr(29) " fcode="getelementptr"/>
<opset="fb_243_addr/3 "/>
</bind>
</comp>

<comp id="741" class="1004" name="fb_244_addr_gep_fu_741">
<pin_list>
<pin id="742" dir="0" index="0" bw="8" slack="0"/>
<pin id="743" dir="0" index="1" bw="1" slack="0"/>
<pin id="744" dir="0" index="2" bw="3" slack="0"/>
<pin id="745" dir="1" index="3" bw="3" slack="0"/>
</pin_list>
<bind>
<opcode="getelementptr(29) " fcode="getelementptr"/>
<opset="fb_244_addr/3 "/>
</bind>
</comp>

<comp id="748" class="1004" name="fb_245_addr_gep_fu_748">
<pin_list>
<pin id="749" dir="0" index="0" bw="8" slack="0"/>
<pin id="750" dir="0" index="1" bw="1" slack="0"/>
<pin id="751" dir="0" index="2" bw="3" slack="0"/>
<pin id="752" dir="1" index="3" bw="3" slack="0"/>
</pin_list>
<bind>
<opcode="getelementptr(29) " fcode="getelementptr"/>
<opset="fb_245_addr/3 "/>
</bind>
</comp>

<comp id="755" class="1004" name="fb_246_addr_gep_fu_755">
<pin_list>
<pin id="756" dir="0" index="0" bw="8" slack="0"/>
<pin id="757" dir="0" index="1" bw="1" slack="0"/>
<pin id="758" dir="0" index="2" bw="3" slack="0"/>
<pin id="759" dir="1" index="3" bw="3" slack="0"/>
</pin_list>
<bind>
<opcode="getelementptr(29) " fcode="getelementptr"/>
<opset="fb_246_addr/3 "/>
</bind>
</comp>

<comp id="762" class="1004" name="fb_247_addr_gep_fu_762">
<pin_list>
<pin id="763" dir="0" index="0" bw="8" slack="0"/>
<pin id="764" dir="0" index="1" bw="1" slack="0"/>
<pin id="765" dir="0" index="2" bw="3" slack="0"/>
<pin id="766" dir="1" index="3" bw="3" slack="0"/>
</pin_list>
<bind>
<opcode="getelementptr(29) " fcode="getelementptr"/>
<opset="fb_247_addr/3 "/>
</bind>
</comp>

<comp id="769" class="1004" name="fb_248_addr_gep_fu_769">
<pin_list>
<pin id="770" dir="0" index="0" bw="8" slack="0"/>
<pin id="771" dir="0" index="1" bw="1" slack="0"/>
<pin id="772" dir="0" index="2" bw="3" slack="0"/>
<pin id="773" dir="1" index="3" bw="3" slack="0"/>
</pin_list>
<bind>
<opcode="getelementptr(29) " fcode="getelementptr"/>
<opset="fb_248_addr/3 "/>
</bind>
</comp>

<comp id="776" class="1004" name="fb_249_addr_gep_fu_776">
<pin_list>
<pin id="777" dir="0" index="0" bw="8" slack="0"/>
<pin id="778" dir="0" index="1" bw="1" slack="0"/>
<pin id="779" dir="0" index="2" bw="3" slack="0"/>
<pin id="780" dir="1" index="3" bw="3" slack="0"/>
</pin_list>
<bind>
<opcode="getelementptr(29) " fcode="getelementptr"/>
<opset="fb_249_addr/3 "/>
</bind>
</comp>

<comp id="783" class="1004" name="fb_250_addr_gep_fu_783">
<pin_list>
<pin id="784" dir="0" index="0" bw="8" slack="0"/>
<pin id="785" dir="0" index="1" bw="1" slack="0"/>
<pin id="786" dir="0" index="2" bw="3" slack="0"/>
<pin id="787" dir="1" index="3" bw="3" slack="0"/>
</pin_list>
<bind>
<opcode="getelementptr(29) " fcode="getelementptr"/>
<opset="fb_250_addr/3 "/>
</bind>
</comp>

<comp id="790" class="1004" name="fb_251_addr_gep_fu_790">
<pin_list>
<pin id="791" dir="0" index="0" bw="8" slack="0"/>
<pin id="792" dir="0" index="1" bw="1" slack="0"/>
<pin id="793" dir="0" index="2" bw="3" slack="0"/>
<pin id="794" dir="1" index="3" bw="3" slack="0"/>
</pin_list>
<bind>
<opcode="getelementptr(29) " fcode="getelementptr"/>
<opset="fb_251_addr/3 "/>
</bind>
</comp>

<comp id="797" class="1004" name="fb_252_addr_gep_fu_797">
<pin_list>
<pin id="798" dir="0" index="0" bw="8" slack="0"/>
<pin id="799" dir="0" index="1" bw="1" slack="0"/>
<pin id="800" dir="0" index="2" bw="3" slack="0"/>
<pin id="801" dir="1" index="3" bw="3" slack="0"/>
</pin_list>
<bind>
<opcode="getelementptr(29) " fcode="getelementptr"/>
<opset="fb_252_addr/3 "/>
</bind>
</comp>

<comp id="804" class="1004" name="fb_253_addr_gep_fu_804">
<pin_list>
<pin id="805" dir="0" index="0" bw="8" slack="0"/>
<pin id="806" dir="0" index="1" bw="1" slack="0"/>
<pin id="807" dir="0" index="2" bw="3" slack="0"/>
<pin id="808" dir="1" index="3" bw="3" slack="0"/>
</pin_list>
<bind>
<opcode="getelementptr(29) " fcode="getelementptr"/>
<opset="fb_253_addr/3 "/>
</bind>
</comp>

<comp id="811" class="1004" name="fb_254_addr_gep_fu_811">
<pin_list>
<pin id="812" dir="0" index="0" bw="8" slack="0"/>
<pin id="813" dir="0" index="1" bw="1" slack="0"/>
<pin id="814" dir="0" index="2" bw="3" slack="0"/>
<pin id="815" dir="1" index="3" bw="3" slack="0"/>
</pin_list>
<bind>
<opcode="getelementptr(29) " fcode="getelementptr"/>
<opset="fb_254_addr/3 "/>
</bind>
</comp>

<comp id="818" class="1004" name="fb_255_addr_gep_fu_818">
<pin_list>
<pin id="819" dir="0" index="0" bw="8" slack="0"/>
<pin id="820" dir="0" index="1" bw="1" slack="0"/>
<pin id="821" dir="0" index="2" bw="3" slack="0"/>
<pin id="822" dir="1" index="3" bw="3" slack="0"/>
</pin_list>
<bind>
<opcode="getelementptr(29) " fcode="getelementptr"/>
<opset="fb_255_addr/3 "/>
</bind>
</comp>

<comp id="825" class="1004" name="fb_256_addr_gep_fu_825">
<pin_list>
<pin id="826" dir="0" index="0" bw="8" slack="0"/>
<pin id="827" dir="0" index="1" bw="1" slack="0"/>
<pin id="828" dir="0" index="2" bw="3" slack="0"/>
<pin id="829" dir="1" index="3" bw="3" slack="0"/>
</pin_list>
<bind>
<opcode="getelementptr(29) " fcode="getelementptr"/>
<opset="fb_256_addr/3 "/>
</bind>
</comp>

<comp id="832" class="1004" name="fb_257_addr_gep_fu_832">
<pin_list>
<pin id="833" dir="0" index="0" bw="8" slack="0"/>
<pin id="834" dir="0" index="1" bw="1" slack="0"/>
<pin id="835" dir="0" index="2" bw="3" slack="0"/>
<pin id="836" dir="1" index="3" bw="3" slack="0"/>
</pin_list>
<bind>
<opcode="getelementptr(29) " fcode="getelementptr"/>
<opset="fb_257_addr/3 "/>
</bind>
</comp>

<comp id="839" class="1004" name="fb_258_addr_gep_fu_839">
<pin_list>
<pin id="840" dir="0" index="0" bw="8" slack="0"/>
<pin id="841" dir="0" index="1" bw="1" slack="0"/>
<pin id="842" dir="0" index="2" bw="3" slack="0"/>
<pin id="843" dir="1" index="3" bw="3" slack="0"/>
</pin_list>
<bind>
<opcode="getelementptr(29) " fcode="getelementptr"/>
<opset="fb_258_addr/3 "/>
</bind>
</comp>

<comp id="846" class="1004" name="fb_259_addr_gep_fu_846">
<pin_list>
<pin id="847" dir="0" index="0" bw="8" slack="0"/>
<pin id="848" dir="0" index="1" bw="1" slack="0"/>
<pin id="849" dir="0" index="2" bw="3" slack="0"/>
<pin id="850" dir="1" index="3" bw="3" slack="0"/>
</pin_list>
<bind>
<opcode="getelementptr(29) " fcode="getelementptr"/>
<opset="fb_259_addr/3 "/>
</bind>
</comp>

<comp id="853" class="1004" name="fb_260_addr_gep_fu_853">
<pin_list>
<pin id="854" dir="0" index="0" bw="8" slack="0"/>
<pin id="855" dir="0" index="1" bw="1" slack="0"/>
<pin id="856" dir="0" index="2" bw="3" slack="0"/>
<pin id="857" dir="1" index="3" bw="3" slack="0"/>
</pin_list>
<bind>
<opcode="getelementptr(29) " fcode="getelementptr"/>
<opset="fb_260_addr/3 "/>
</bind>
</comp>

<comp id="860" class="1004" name="fb_261_addr_gep_fu_860">
<pin_list>
<pin id="861" dir="0" index="0" bw="8" slack="0"/>
<pin id="862" dir="0" index="1" bw="1" slack="0"/>
<pin id="863" dir="0" index="2" bw="3" slack="0"/>
<pin id="864" dir="1" index="3" bw="3" slack="0"/>
</pin_list>
<bind>
<opcode="getelementptr(29) " fcode="getelementptr"/>
<opset="fb_261_addr/3 "/>
</bind>
</comp>

<comp id="867" class="1004" name="fb_262_addr_gep_fu_867">
<pin_list>
<pin id="868" dir="0" index="0" bw="8" slack="0"/>
<pin id="869" dir="0" index="1" bw="1" slack="0"/>
<pin id="870" dir="0" index="2" bw="3" slack="0"/>
<pin id="871" dir="1" index="3" bw="3" slack="0"/>
</pin_list>
<bind>
<opcode="getelementptr(29) " fcode="getelementptr"/>
<opset="fb_262_addr/3 "/>
</bind>
</comp>

<comp id="874" class="1004" name="fb_263_addr_gep_fu_874">
<pin_list>
<pin id="875" dir="0" index="0" bw="8" slack="0"/>
<pin id="876" dir="0" index="1" bw="1" slack="0"/>
<pin id="877" dir="0" index="2" bw="3" slack="0"/>
<pin id="878" dir="1" index="3" bw="3" slack="0"/>
</pin_list>
<bind>
<opcode="getelementptr(29) " fcode="getelementptr"/>
<opset="fb_263_addr/3 "/>
</bind>
</comp>

<comp id="881" class="1004" name="fb_264_addr_gep_fu_881">
<pin_list>
<pin id="882" dir="0" index="0" bw="8" slack="0"/>
<pin id="883" dir="0" index="1" bw="1" slack="0"/>
<pin id="884" dir="0" index="2" bw="3" slack="0"/>
<pin id="885" dir="1" index="3" bw="3" slack="0"/>
</pin_list>
<bind>
<opcode="getelementptr(29) " fcode="getelementptr"/>
<opset="fb_264_addr/3 "/>
</bind>
</comp>

<comp id="888" class="1004" name="fb_265_addr_gep_fu_888">
<pin_list>
<pin id="889" dir="0" index="0" bw="8" slack="0"/>
<pin id="890" dir="0" index="1" bw="1" slack="0"/>
<pin id="891" dir="0" index="2" bw="3" slack="0"/>
<pin id="892" dir="1" index="3" bw="3" slack="0"/>
</pin_list>
<bind>
<opcode="getelementptr(29) " fcode="getelementptr"/>
<opset="fb_265_addr/3 "/>
</bind>
</comp>

<comp id="895" class="1004" name="fb_266_addr_gep_fu_895">
<pin_list>
<pin id="896" dir="0" index="0" bw="8" slack="0"/>
<pin id="897" dir="0" index="1" bw="1" slack="0"/>
<pin id="898" dir="0" index="2" bw="3" slack="0"/>
<pin id="899" dir="1" index="3" bw="3" slack="0"/>
</pin_list>
<bind>
<opcode="getelementptr(29) " fcode="getelementptr"/>
<opset="fb_266_addr/3 "/>
</bind>
</comp>

<comp id="902" class="1004" name="fb_267_addr_gep_fu_902">
<pin_list>
<pin id="903" dir="0" index="0" bw="8" slack="0"/>
<pin id="904" dir="0" index="1" bw="1" slack="0"/>
<pin id="905" dir="0" index="2" bw="3" slack="0"/>
<pin id="906" dir="1" index="3" bw="3" slack="0"/>
</pin_list>
<bind>
<opcode="getelementptr(29) " fcode="getelementptr"/>
<opset="fb_267_addr/3 "/>
</bind>
</comp>

<comp id="909" class="1004" name="fb_268_addr_gep_fu_909">
<pin_list>
<pin id="910" dir="0" index="0" bw="8" slack="0"/>
<pin id="911" dir="0" index="1" bw="1" slack="0"/>
<pin id="912" dir="0" index="2" bw="3" slack="0"/>
<pin id="913" dir="1" index="3" bw="3" slack="0"/>
</pin_list>
<bind>
<opcode="getelementptr(29) " fcode="getelementptr"/>
<opset="fb_268_addr/3 "/>
</bind>
</comp>

<comp id="916" class="1004" name="fb_269_addr_gep_fu_916">
<pin_list>
<pin id="917" dir="0" index="0" bw="8" slack="0"/>
<pin id="918" dir="0" index="1" bw="1" slack="0"/>
<pin id="919" dir="0" index="2" bw="3" slack="0"/>
<pin id="920" dir="1" index="3" bw="3" slack="0"/>
</pin_list>
<bind>
<opcode="getelementptr(29) " fcode="getelementptr"/>
<opset="fb_269_addr/3 "/>
</bind>
</comp>

<comp id="923" class="1004" name="fb_270_addr_gep_fu_923">
<pin_list>
<pin id="924" dir="0" index="0" bw="8" slack="0"/>
<pin id="925" dir="0" index="1" bw="1" slack="0"/>
<pin id="926" dir="0" index="2" bw="3" slack="0"/>
<pin id="927" dir="1" index="3" bw="3" slack="0"/>
</pin_list>
<bind>
<opcode="getelementptr(29) " fcode="getelementptr"/>
<opset="fb_270_addr/3 "/>
</bind>
</comp>

<comp id="930" class="1004" name="fb_271_addr_gep_fu_930">
<pin_list>
<pin id="931" dir="0" index="0" bw="8" slack="0"/>
<pin id="932" dir="0" index="1" bw="1" slack="0"/>
<pin id="933" dir="0" index="2" bw="3" slack="0"/>
<pin id="934" dir="1" index="3" bw="3" slack="0"/>
</pin_list>
<bind>
<opcode="getelementptr(29) " fcode="getelementptr"/>
<opset="fb_271_addr/3 "/>
</bind>
</comp>

<comp id="937" class="1004" name="fb_272_addr_gep_fu_937">
<pin_list>
<pin id="938" dir="0" index="0" bw="8" slack="0"/>
<pin id="939" dir="0" index="1" bw="1" slack="0"/>
<pin id="940" dir="0" index="2" bw="3" slack="0"/>
<pin id="941" dir="1" index="3" bw="3" slack="0"/>
</pin_list>
<bind>
<opcode="getelementptr(29) " fcode="getelementptr"/>
<opset="fb_272_addr/3 "/>
</bind>
</comp>

<comp id="944" class="1004" name="fb_273_addr_gep_fu_944">
<pin_list>
<pin id="945" dir="0" index="0" bw="8" slack="0"/>
<pin id="946" dir="0" index="1" bw="1" slack="0"/>
<pin id="947" dir="0" index="2" bw="3" slack="0"/>
<pin id="948" dir="1" index="3" bw="3" slack="0"/>
</pin_list>
<bind>
<opcode="getelementptr(29) " fcode="getelementptr"/>
<opset="fb_273_addr/3 "/>
</bind>
</comp>

<comp id="951" class="1004" name="fb_274_addr_gep_fu_951">
<pin_list>
<pin id="952" dir="0" index="0" bw="8" slack="0"/>
<pin id="953" dir="0" index="1" bw="1" slack="0"/>
<pin id="954" dir="0" index="2" bw="3" slack="0"/>
<pin id="955" dir="1" index="3" bw="3" slack="0"/>
</pin_list>
<bind>
<opcode="getelementptr(29) " fcode="getelementptr"/>
<opset="fb_274_addr/3 "/>
</bind>
</comp>

<comp id="958" class="1004" name="fb_275_addr_gep_fu_958">
<pin_list>
<pin id="959" dir="0" index="0" bw="8" slack="0"/>
<pin id="960" dir="0" index="1" bw="1" slack="0"/>
<pin id="961" dir="0" index="2" bw="3" slack="0"/>
<pin id="962" dir="1" index="3" bw="3" slack="0"/>
</pin_list>
<bind>
<opcode="getelementptr(29) " fcode="getelementptr"/>
<opset="fb_275_addr/3 "/>
</bind>
</comp>

<comp id="965" class="1004" name="fb_276_addr_gep_fu_965">
<pin_list>
<pin id="966" dir="0" index="0" bw="8" slack="0"/>
<pin id="967" dir="0" index="1" bw="1" slack="0"/>
<pin id="968" dir="0" index="2" bw="3" slack="0"/>
<pin id="969" dir="1" index="3" bw="3" slack="0"/>
</pin_list>
<bind>
<opcode="getelementptr(29) " fcode="getelementptr"/>
<opset="fb_276_addr/3 "/>
</bind>
</comp>

<comp id="972" class="1004" name="fb_277_addr_gep_fu_972">
<pin_list>
<pin id="973" dir="0" index="0" bw="8" slack="0"/>
<pin id="974" dir="0" index="1" bw="1" slack="0"/>
<pin id="975" dir="0" index="2" bw="3" slack="0"/>
<pin id="976" dir="1" index="3" bw="3" slack="0"/>
</pin_list>
<bind>
<opcode="getelementptr(29) " fcode="getelementptr"/>
<opset="fb_277_addr/3 "/>
</bind>
</comp>

<comp id="979" class="1004" name="fb_278_addr_gep_fu_979">
<pin_list>
<pin id="980" dir="0" index="0" bw="8" slack="0"/>
<pin id="981" dir="0" index="1" bw="1" slack="0"/>
<pin id="982" dir="0" index="2" bw="3" slack="0"/>
<pin id="983" dir="1" index="3" bw="3" slack="0"/>
</pin_list>
<bind>
<opcode="getelementptr(29) " fcode="getelementptr"/>
<opset="fb_278_addr/3 "/>
</bind>
</comp>

<comp id="986" class="1004" name="fb_279_addr_gep_fu_986">
<pin_list>
<pin id="987" dir="0" index="0" bw="8" slack="0"/>
<pin id="988" dir="0" index="1" bw="1" slack="0"/>
<pin id="989" dir="0" index="2" bw="3" slack="0"/>
<pin id="990" dir="1" index="3" bw="3" slack="0"/>
</pin_list>
<bind>
<opcode="getelementptr(29) " fcode="getelementptr"/>
<opset="fb_279_addr/3 "/>
</bind>
</comp>

<comp id="993" class="1004" name="fb_280_addr_gep_fu_993">
<pin_list>
<pin id="994" dir="0" index="0" bw="8" slack="0"/>
<pin id="995" dir="0" index="1" bw="1" slack="0"/>
<pin id="996" dir="0" index="2" bw="3" slack="0"/>
<pin id="997" dir="1" index="3" bw="3" slack="0"/>
</pin_list>
<bind>
<opcode="getelementptr(29) " fcode="getelementptr"/>
<opset="fb_280_addr/3 "/>
</bind>
</comp>

<comp id="1000" class="1004" name="fb_281_addr_gep_fu_1000">
<pin_list>
<pin id="1001" dir="0" index="0" bw="8" slack="0"/>
<pin id="1002" dir="0" index="1" bw="1" slack="0"/>
<pin id="1003" dir="0" index="2" bw="3" slack="0"/>
<pin id="1004" dir="1" index="3" bw="3" slack="0"/>
</pin_list>
<bind>
<opcode="getelementptr(29) " fcode="getelementptr"/>
<opset="fb_281_addr/3 "/>
</bind>
</comp>

<comp id="1007" class="1004" name="fb_282_addr_gep_fu_1007">
<pin_list>
<pin id="1008" dir="0" index="0" bw="8" slack="0"/>
<pin id="1009" dir="0" index="1" bw="1" slack="0"/>
<pin id="1010" dir="0" index="2" bw="3" slack="0"/>
<pin id="1011" dir="1" index="3" bw="3" slack="0"/>
</pin_list>
<bind>
<opcode="getelementptr(29) " fcode="getelementptr"/>
<opset="fb_282_addr/3 "/>
</bind>
</comp>

<comp id="1014" class="1004" name="fb_283_addr_gep_fu_1014">
<pin_list>
<pin id="1015" dir="0" index="0" bw="8" slack="0"/>
<pin id="1016" dir="0" index="1" bw="1" slack="0"/>
<pin id="1017" dir="0" index="2" bw="3" slack="0"/>
<pin id="1018" dir="1" index="3" bw="3" slack="0"/>
</pin_list>
<bind>
<opcode="getelementptr(29) " fcode="getelementptr"/>
<opset="fb_283_addr/3 "/>
</bind>
</comp>

<comp id="1021" class="1004" name="fb_284_addr_gep_fu_1021">
<pin_list>
<pin id="1022" dir="0" index="0" bw="8" slack="0"/>
<pin id="1023" dir="0" index="1" bw="1" slack="0"/>
<pin id="1024" dir="0" index="2" bw="3" slack="0"/>
<pin id="1025" dir="1" index="3" bw="3" slack="0"/>
</pin_list>
<bind>
<opcode="getelementptr(29) " fcode="getelementptr"/>
<opset="fb_284_addr/3 "/>
</bind>
</comp>

<comp id="1028" class="1004" name="fb_285_addr_gep_fu_1028">
<pin_list>
<pin id="1029" dir="0" index="0" bw="8" slack="0"/>
<pin id="1030" dir="0" index="1" bw="1" slack="0"/>
<pin id="1031" dir="0" index="2" bw="3" slack="0"/>
<pin id="1032" dir="1" index="3" bw="3" slack="0"/>
</pin_list>
<bind>
<opcode="getelementptr(29) " fcode="getelementptr"/>
<opset="fb_285_addr/3 "/>
</bind>
</comp>

<comp id="1035" class="1004" name="fb_286_addr_gep_fu_1035">
<pin_list>
<pin id="1036" dir="0" index="0" bw="8" slack="0"/>
<pin id="1037" dir="0" index="1" bw="1" slack="0"/>
<pin id="1038" dir="0" index="2" bw="3" slack="0"/>
<pin id="1039" dir="1" index="3" bw="3" slack="0"/>
</pin_list>
<bind>
<opcode="getelementptr(29) " fcode="getelementptr"/>
<opset="fb_286_addr/3 "/>
</bind>
</comp>

<comp id="1042" class="1004" name="fb_287_addr_gep_fu_1042">
<pin_list>
<pin id="1043" dir="0" index="0" bw="8" slack="0"/>
<pin id="1044" dir="0" index="1" bw="1" slack="0"/>
<pin id="1045" dir="0" index="2" bw="3" slack="0"/>
<pin id="1046" dir="1" index="3" bw="3" slack="0"/>
</pin_list>
<bind>
<opcode="getelementptr(29) " fcode="getelementptr"/>
<opset="fb_287_addr/3 "/>
</bind>
</comp>

<comp id="1049" class="1004" name="fb_288_addr_gep_fu_1049">
<pin_list>
<pin id="1050" dir="0" index="0" bw="8" slack="0"/>
<pin id="1051" dir="0" index="1" bw="1" slack="0"/>
<pin id="1052" dir="0" index="2" bw="3" slack="0"/>
<pin id="1053" dir="1" index="3" bw="3" slack="0"/>
</pin_list>
<bind>
<opcode="getelementptr(29) " fcode="getelementptr"/>
<opset="fb_288_addr/3 "/>
</bind>
</comp>

<comp id="1056" class="1004" name="fb_289_addr_gep_fu_1056">
<pin_list>
<pin id="1057" dir="0" index="0" bw="8" slack="0"/>
<pin id="1058" dir="0" index="1" bw="1" slack="0"/>
<pin id="1059" dir="0" index="2" bw="3" slack="0"/>
<pin id="1060" dir="1" index="3" bw="3" slack="0"/>
</pin_list>
<bind>
<opcode="getelementptr(29) " fcode="getelementptr"/>
<opset="fb_289_addr/3 "/>
</bind>
</comp>

<comp id="1063" class="1004" name="fb_290_addr_gep_fu_1063">
<pin_list>
<pin id="1064" dir="0" index="0" bw="8" slack="0"/>
<pin id="1065" dir="0" index="1" bw="1" slack="0"/>
<pin id="1066" dir="0" index="2" bw="3" slack="0"/>
<pin id="1067" dir="1" index="3" bw="3" slack="0"/>
</pin_list>
<bind>
<opcode="getelementptr(29) " fcode="getelementptr"/>
<opset="fb_290_addr/3 "/>
</bind>
</comp>

<comp id="1070" class="1004" name="fb_291_addr_gep_fu_1070">
<pin_list>
<pin id="1071" dir="0" index="0" bw="8" slack="0"/>
<pin id="1072" dir="0" index="1" bw="1" slack="0"/>
<pin id="1073" dir="0" index="2" bw="3" slack="0"/>
<pin id="1074" dir="1" index="3" bw="3" slack="0"/>
</pin_list>
<bind>
<opcode="getelementptr(29) " fcode="getelementptr"/>
<opset="fb_291_addr/3 "/>
</bind>
</comp>

<comp id="1077" class="1004" name="fb_292_addr_gep_fu_1077">
<pin_list>
<pin id="1078" dir="0" index="0" bw="8" slack="0"/>
<pin id="1079" dir="0" index="1" bw="1" slack="0"/>
<pin id="1080" dir="0" index="2" bw="3" slack="0"/>
<pin id="1081" dir="1" index="3" bw="3" slack="0"/>
</pin_list>
<bind>
<opcode="getelementptr(29) " fcode="getelementptr"/>
<opset="fb_292_addr/3 "/>
</bind>
</comp>

<comp id="1084" class="1004" name="fb_293_addr_gep_fu_1084">
<pin_list>
<pin id="1085" dir="0" index="0" bw="8" slack="0"/>
<pin id="1086" dir="0" index="1" bw="1" slack="0"/>
<pin id="1087" dir="0" index="2" bw="3" slack="0"/>
<pin id="1088" dir="1" index="3" bw="3" slack="0"/>
</pin_list>
<bind>
<opcode="getelementptr(29) " fcode="getelementptr"/>
<opset="fb_293_addr/3 "/>
</bind>
</comp>

<comp id="1091" class="1004" name="fb_294_addr_gep_fu_1091">
<pin_list>
<pin id="1092" dir="0" index="0" bw="8" slack="0"/>
<pin id="1093" dir="0" index="1" bw="1" slack="0"/>
<pin id="1094" dir="0" index="2" bw="3" slack="0"/>
<pin id="1095" dir="1" index="3" bw="3" slack="0"/>
</pin_list>
<bind>
<opcode="getelementptr(29) " fcode="getelementptr"/>
<opset="fb_294_addr/3 "/>
</bind>
</comp>

<comp id="1098" class="1004" name="fb_295_addr_gep_fu_1098">
<pin_list>
<pin id="1099" dir="0" index="0" bw="8" slack="0"/>
<pin id="1100" dir="0" index="1" bw="1" slack="0"/>
<pin id="1101" dir="0" index="2" bw="3" slack="0"/>
<pin id="1102" dir="1" index="3" bw="3" slack="0"/>
</pin_list>
<bind>
<opcode="getelementptr(29) " fcode="getelementptr"/>
<opset="fb_295_addr/3 "/>
</bind>
</comp>

<comp id="1105" class="1004" name="fb_296_addr_gep_fu_1105">
<pin_list>
<pin id="1106" dir="0" index="0" bw="8" slack="0"/>
<pin id="1107" dir="0" index="1" bw="1" slack="0"/>
<pin id="1108" dir="0" index="2" bw="3" slack="0"/>
<pin id="1109" dir="1" index="3" bw="3" slack="0"/>
</pin_list>
<bind>
<opcode="getelementptr(29) " fcode="getelementptr"/>
<opset="fb_296_addr/3 "/>
</bind>
</comp>

<comp id="1112" class="1004" name="fb_297_addr_gep_fu_1112">
<pin_list>
<pin id="1113" dir="0" index="0" bw="8" slack="0"/>
<pin id="1114" dir="0" index="1" bw="1" slack="0"/>
<pin id="1115" dir="0" index="2" bw="3" slack="0"/>
<pin id="1116" dir="1" index="3" bw="3" slack="0"/>
</pin_list>
<bind>
<opcode="getelementptr(29) " fcode="getelementptr"/>
<opset="fb_297_addr/3 "/>
</bind>
</comp>

<comp id="1119" class="1004" name="fb_298_addr_gep_fu_1119">
<pin_list>
<pin id="1120" dir="0" index="0" bw="8" slack="0"/>
<pin id="1121" dir="0" index="1" bw="1" slack="0"/>
<pin id="1122" dir="0" index="2" bw="3" slack="0"/>
<pin id="1123" dir="1" index="3" bw="3" slack="0"/>
</pin_list>
<bind>
<opcode="getelementptr(29) " fcode="getelementptr"/>
<opset="fb_298_addr/3 "/>
</bind>
</comp>

<comp id="1126" class="1004" name="fb_299_addr_gep_fu_1126">
<pin_list>
<pin id="1127" dir="0" index="0" bw="8" slack="0"/>
<pin id="1128" dir="0" index="1" bw="1" slack="0"/>
<pin id="1129" dir="0" index="2" bw="3" slack="0"/>
<pin id="1130" dir="1" index="3" bw="3" slack="0"/>
</pin_list>
<bind>
<opcode="getelementptr(29) " fcode="getelementptr"/>
<opset="fb_299_addr/3 "/>
</bind>
</comp>

<comp id="1133" class="1004" name="fb_300_addr_gep_fu_1133">
<pin_list>
<pin id="1134" dir="0" index="0" bw="8" slack="0"/>
<pin id="1135" dir="0" index="1" bw="1" slack="0"/>
<pin id="1136" dir="0" index="2" bw="3" slack="0"/>
<pin id="1137" dir="1" index="3" bw="3" slack="0"/>
</pin_list>
<bind>
<opcode="getelementptr(29) " fcode="getelementptr"/>
<opset="fb_300_addr/3 "/>
</bind>
</comp>

<comp id="1140" class="1004" name="fb_301_addr_gep_fu_1140">
<pin_list>
<pin id="1141" dir="0" index="0" bw="8" slack="0"/>
<pin id="1142" dir="0" index="1" bw="1" slack="0"/>
<pin id="1143" dir="0" index="2" bw="3" slack="0"/>
<pin id="1144" dir="1" index="3" bw="3" slack="0"/>
</pin_list>
<bind>
<opcode="getelementptr(29) " fcode="getelementptr"/>
<opset="fb_301_addr/3 "/>
</bind>
</comp>

<comp id="1147" class="1004" name="fb_302_addr_gep_fu_1147">
<pin_list>
<pin id="1148" dir="0" index="0" bw="8" slack="0"/>
<pin id="1149" dir="0" index="1" bw="1" slack="0"/>
<pin id="1150" dir="0" index="2" bw="3" slack="0"/>
<pin id="1151" dir="1" index="3" bw="3" slack="0"/>
</pin_list>
<bind>
<opcode="getelementptr(29) " fcode="getelementptr"/>
<opset="fb_302_addr/3 "/>
</bind>
</comp>

<comp id="1154" class="1004" name="fb_303_addr_gep_fu_1154">
<pin_list>
<pin id="1155" dir="0" index="0" bw="8" slack="0"/>
<pin id="1156" dir="0" index="1" bw="1" slack="0"/>
<pin id="1157" dir="0" index="2" bw="3" slack="0"/>
<pin id="1158" dir="1" index="3" bw="3" slack="0"/>
</pin_list>
<bind>
<opcode="getelementptr(29) " fcode="getelementptr"/>
<opset="fb_303_addr/3 "/>
</bind>
</comp>

<comp id="1161" class="1004" name="fb_304_addr_gep_fu_1161">
<pin_list>
<pin id="1162" dir="0" index="0" bw="8" slack="0"/>
<pin id="1163" dir="0" index="1" bw="1" slack="0"/>
<pin id="1164" dir="0" index="2" bw="3" slack="0"/>
<pin id="1165" dir="1" index="3" bw="3" slack="0"/>
</pin_list>
<bind>
<opcode="getelementptr(29) " fcode="getelementptr"/>
<opset="fb_304_addr/3 "/>
</bind>
</comp>

<comp id="1168" class="1004" name="fb_305_addr_gep_fu_1168">
<pin_list>
<pin id="1169" dir="0" index="0" bw="8" slack="0"/>
<pin id="1170" dir="0" index="1" bw="1" slack="0"/>
<pin id="1171" dir="0" index="2" bw="3" slack="0"/>
<pin id="1172" dir="1" index="3" bw="3" slack="0"/>
</pin_list>
<bind>
<opcode="getelementptr(29) " fcode="getelementptr"/>
<opset="fb_305_addr/3 "/>
</bind>
</comp>

<comp id="1175" class="1004" name="fb_306_addr_gep_fu_1175">
<pin_list>
<pin id="1176" dir="0" index="0" bw="8" slack="0"/>
<pin id="1177" dir="0" index="1" bw="1" slack="0"/>
<pin id="1178" dir="0" index="2" bw="3" slack="0"/>
<pin id="1179" dir="1" index="3" bw="3" slack="0"/>
</pin_list>
<bind>
<opcode="getelementptr(29) " fcode="getelementptr"/>
<opset="fb_306_addr/3 "/>
</bind>
</comp>

<comp id="1182" class="1004" name="fb_307_addr_gep_fu_1182">
<pin_list>
<pin id="1183" dir="0" index="0" bw="8" slack="0"/>
<pin id="1184" dir="0" index="1" bw="1" slack="0"/>
<pin id="1185" dir="0" index="2" bw="3" slack="0"/>
<pin id="1186" dir="1" index="3" bw="3" slack="0"/>
</pin_list>
<bind>
<opcode="getelementptr(29) " fcode="getelementptr"/>
<opset="fb_307_addr/3 "/>
</bind>
</comp>

<comp id="1189" class="1004" name="fb_308_addr_gep_fu_1189">
<pin_list>
<pin id="1190" dir="0" index="0" bw="8" slack="0"/>
<pin id="1191" dir="0" index="1" bw="1" slack="0"/>
<pin id="1192" dir="0" index="2" bw="3" slack="0"/>
<pin id="1193" dir="1" index="3" bw="3" slack="0"/>
</pin_list>
<bind>
<opcode="getelementptr(29) " fcode="getelementptr"/>
<opset="fb_308_addr/3 "/>
</bind>
</comp>

<comp id="1196" class="1004" name="fb_309_addr_gep_fu_1196">
<pin_list>
<pin id="1197" dir="0" index="0" bw="8" slack="0"/>
<pin id="1198" dir="0" index="1" bw="1" slack="0"/>
<pin id="1199" dir="0" index="2" bw="3" slack="0"/>
<pin id="1200" dir="1" index="3" bw="3" slack="0"/>
</pin_list>
<bind>
<opcode="getelementptr(29) " fcode="getelementptr"/>
<opset="fb_309_addr/3 "/>
</bind>
</comp>

<comp id="1203" class="1004" name="fb_310_addr_gep_fu_1203">
<pin_list>
<pin id="1204" dir="0" index="0" bw="8" slack="0"/>
<pin id="1205" dir="0" index="1" bw="1" slack="0"/>
<pin id="1206" dir="0" index="2" bw="3" slack="0"/>
<pin id="1207" dir="1" index="3" bw="3" slack="0"/>
</pin_list>
<bind>
<opcode="getelementptr(29) " fcode="getelementptr"/>
<opset="fb_310_addr/3 "/>
</bind>
</comp>

<comp id="1210" class="1004" name="fb_311_addr_gep_fu_1210">
<pin_list>
<pin id="1211" dir="0" index="0" bw="8" slack="0"/>
<pin id="1212" dir="0" index="1" bw="1" slack="0"/>
<pin id="1213" dir="0" index="2" bw="3" slack="0"/>
<pin id="1214" dir="1" index="3" bw="3" slack="0"/>
</pin_list>
<bind>
<opcode="getelementptr(29) " fcode="getelementptr"/>
<opset="fb_311_addr/3 "/>
</bind>
</comp>

<comp id="1217" class="1004" name="fb_312_addr_gep_fu_1217">
<pin_list>
<pin id="1218" dir="0" index="0" bw="8" slack="0"/>
<pin id="1219" dir="0" index="1" bw="1" slack="0"/>
<pin id="1220" dir="0" index="2" bw="3" slack="0"/>
<pin id="1221" dir="1" index="3" bw="3" slack="0"/>
</pin_list>
<bind>
<opcode="getelementptr(29) " fcode="getelementptr"/>
<opset="fb_312_addr/3 "/>
</bind>
</comp>

<comp id="1224" class="1004" name="fb_313_addr_gep_fu_1224">
<pin_list>
<pin id="1225" dir="0" index="0" bw="8" slack="0"/>
<pin id="1226" dir="0" index="1" bw="1" slack="0"/>
<pin id="1227" dir="0" index="2" bw="3" slack="0"/>
<pin id="1228" dir="1" index="3" bw="3" slack="0"/>
</pin_list>
<bind>
<opcode="getelementptr(29) " fcode="getelementptr"/>
<opset="fb_313_addr/3 "/>
</bind>
</comp>

<comp id="1231" class="1004" name="fb_314_addr_gep_fu_1231">
<pin_list>
<pin id="1232" dir="0" index="0" bw="8" slack="0"/>
<pin id="1233" dir="0" index="1" bw="1" slack="0"/>
<pin id="1234" dir="0" index="2" bw="3" slack="0"/>
<pin id="1235" dir="1" index="3" bw="3" slack="0"/>
</pin_list>
<bind>
<opcode="getelementptr(29) " fcode="getelementptr"/>
<opset="fb_314_addr/3 "/>
</bind>
</comp>

<comp id="1238" class="1004" name="fb_315_addr_gep_fu_1238">
<pin_list>
<pin id="1239" dir="0" index="0" bw="8" slack="0"/>
<pin id="1240" dir="0" index="1" bw="1" slack="0"/>
<pin id="1241" dir="0" index="2" bw="3" slack="0"/>
<pin id="1242" dir="1" index="3" bw="3" slack="0"/>
</pin_list>
<bind>
<opcode="getelementptr(29) " fcode="getelementptr"/>
<opset="fb_315_addr/3 "/>
</bind>
</comp>

<comp id="1245" class="1004" name="fb_316_addr_gep_fu_1245">
<pin_list>
<pin id="1246" dir="0" index="0" bw="8" slack="0"/>
<pin id="1247" dir="0" index="1" bw="1" slack="0"/>
<pin id="1248" dir="0" index="2" bw="3" slack="0"/>
<pin id="1249" dir="1" index="3" bw="3" slack="0"/>
</pin_list>
<bind>
<opcode="getelementptr(29) " fcode="getelementptr"/>
<opset="fb_316_addr/3 "/>
</bind>
</comp>

<comp id="1252" class="1004" name="fb_317_addr_gep_fu_1252">
<pin_list>
<pin id="1253" dir="0" index="0" bw="8" slack="0"/>
<pin id="1254" dir="0" index="1" bw="1" slack="0"/>
<pin id="1255" dir="0" index="2" bw="3" slack="0"/>
<pin id="1256" dir="1" index="3" bw="3" slack="0"/>
</pin_list>
<bind>
<opcode="getelementptr(29) " fcode="getelementptr"/>
<opset="fb_317_addr/3 "/>
</bind>
</comp>

<comp id="1259" class="1004" name="fb_318_addr_gep_fu_1259">
<pin_list>
<pin id="1260" dir="0" index="0" bw="8" slack="0"/>
<pin id="1261" dir="0" index="1" bw="1" slack="0"/>
<pin id="1262" dir="0" index="2" bw="3" slack="0"/>
<pin id="1263" dir="1" index="3" bw="3" slack="0"/>
</pin_list>
<bind>
<opcode="getelementptr(29) " fcode="getelementptr"/>
<opset="fb_318_addr/3 "/>
</bind>
</comp>

<comp id="1266" class="1004" name="fb_319_addr_gep_fu_1266">
<pin_list>
<pin id="1267" dir="0" index="0" bw="8" slack="0"/>
<pin id="1268" dir="0" index="1" bw="1" slack="0"/>
<pin id="1269" dir="0" index="2" bw="3" slack="0"/>
<pin id="1270" dir="1" index="3" bw="3" slack="0"/>
</pin_list>
<bind>
<opcode="getelementptr(29) " fcode="getelementptr"/>
<opset="fb_319_addr/3 "/>
</bind>
</comp>

<comp id="1273" class="1004" name="fb_320_addr_gep_fu_1273">
<pin_list>
<pin id="1274" dir="0" index="0" bw="8" slack="0"/>
<pin id="1275" dir="0" index="1" bw="1" slack="0"/>
<pin id="1276" dir="0" index="2" bw="3" slack="0"/>
<pin id="1277" dir="1" index="3" bw="3" slack="0"/>
</pin_list>
<bind>
<opcode="getelementptr(29) " fcode="getelementptr"/>
<opset="fb_320_addr/3 "/>
</bind>
</comp>

<comp id="1280" class="1004" name="fb_321_addr_gep_fu_1280">
<pin_list>
<pin id="1281" dir="0" index="0" bw="8" slack="0"/>
<pin id="1282" dir="0" index="1" bw="1" slack="0"/>
<pin id="1283" dir="0" index="2" bw="3" slack="0"/>
<pin id="1284" dir="1" index="3" bw="3" slack="0"/>
</pin_list>
<bind>
<opcode="getelementptr(29) " fcode="getelementptr"/>
<opset="fb_321_addr/3 "/>
</bind>
</comp>

<comp id="1287" class="1004" name="fb_322_addr_gep_fu_1287">
<pin_list>
<pin id="1288" dir="0" index="0" bw="8" slack="0"/>
<pin id="1289" dir="0" index="1" bw="1" slack="0"/>
<pin id="1290" dir="0" index="2" bw="3" slack="0"/>
<pin id="1291" dir="1" index="3" bw="3" slack="0"/>
</pin_list>
<bind>
<opcode="getelementptr(29) " fcode="getelementptr"/>
<opset="fb_322_addr/3 "/>
</bind>
</comp>

<comp id="1294" class="1004" name="fb_323_addr_gep_fu_1294">
<pin_list>
<pin id="1295" dir="0" index="0" bw="8" slack="0"/>
<pin id="1296" dir="0" index="1" bw="1" slack="0"/>
<pin id="1297" dir="0" index="2" bw="3" slack="0"/>
<pin id="1298" dir="1" index="3" bw="3" slack="0"/>
</pin_list>
<bind>
<opcode="getelementptr(29) " fcode="getelementptr"/>
<opset="fb_323_addr/3 "/>
</bind>
</comp>

<comp id="1301" class="1004" name="fb_324_addr_gep_fu_1301">
<pin_list>
<pin id="1302" dir="0" index="0" bw="8" slack="0"/>
<pin id="1303" dir="0" index="1" bw="1" slack="0"/>
<pin id="1304" dir="0" index="2" bw="3" slack="0"/>
<pin id="1305" dir="1" index="3" bw="3" slack="0"/>
</pin_list>
<bind>
<opcode="getelementptr(29) " fcode="getelementptr"/>
<opset="fb_324_addr/3 "/>
</bind>
</comp>

<comp id="1308" class="1004" name="fb_325_addr_gep_fu_1308">
<pin_list>
<pin id="1309" dir="0" index="0" bw="8" slack="0"/>
<pin id="1310" dir="0" index="1" bw="1" slack="0"/>
<pin id="1311" dir="0" index="2" bw="3" slack="0"/>
<pin id="1312" dir="1" index="3" bw="3" slack="0"/>
</pin_list>
<bind>
<opcode="getelementptr(29) " fcode="getelementptr"/>
<opset="fb_325_addr/3 "/>
</bind>
</comp>

<comp id="1315" class="1004" name="fb_326_addr_gep_fu_1315">
<pin_list>
<pin id="1316" dir="0" index="0" bw="8" slack="0"/>
<pin id="1317" dir="0" index="1" bw="1" slack="0"/>
<pin id="1318" dir="0" index="2" bw="3" slack="0"/>
<pin id="1319" dir="1" index="3" bw="3" slack="0"/>
</pin_list>
<bind>
<opcode="getelementptr(29) " fcode="getelementptr"/>
<opset="fb_326_addr/3 "/>
</bind>
</comp>

<comp id="1322" class="1004" name="fb_327_addr_gep_fu_1322">
<pin_list>
<pin id="1323" dir="0" index="0" bw="8" slack="0"/>
<pin id="1324" dir="0" index="1" bw="1" slack="0"/>
<pin id="1325" dir="0" index="2" bw="3" slack="0"/>
<pin id="1326" dir="1" index="3" bw="3" slack="0"/>
</pin_list>
<bind>
<opcode="getelementptr(29) " fcode="getelementptr"/>
<opset="fb_327_addr/3 "/>
</bind>
</comp>

<comp id="1329" class="1004" name="fb_328_addr_gep_fu_1329">
<pin_list>
<pin id="1330" dir="0" index="0" bw="8" slack="0"/>
<pin id="1331" dir="0" index="1" bw="1" slack="0"/>
<pin id="1332" dir="0" index="2" bw="3" slack="0"/>
<pin id="1333" dir="1" index="3" bw="3" slack="0"/>
</pin_list>
<bind>
<opcode="getelementptr(29) " fcode="getelementptr"/>
<opset="fb_328_addr/3 "/>
</bind>
</comp>

<comp id="1336" class="1004" name="fb_329_addr_gep_fu_1336">
<pin_list>
<pin id="1337" dir="0" index="0" bw="8" slack="0"/>
<pin id="1338" dir="0" index="1" bw="1" slack="0"/>
<pin id="1339" dir="0" index="2" bw="3" slack="0"/>
<pin id="1340" dir="1" index="3" bw="3" slack="0"/>
</pin_list>
<bind>
<opcode="getelementptr(29) " fcode="getelementptr"/>
<opset="fb_329_addr/3 "/>
</bind>
</comp>

<comp id="1343" class="1004" name="fb_330_addr_gep_fu_1343">
<pin_list>
<pin id="1344" dir="0" index="0" bw="8" slack="0"/>
<pin id="1345" dir="0" index="1" bw="1" slack="0"/>
<pin id="1346" dir="0" index="2" bw="3" slack="0"/>
<pin id="1347" dir="1" index="3" bw="3" slack="0"/>
</pin_list>
<bind>
<opcode="getelementptr(29) " fcode="getelementptr"/>
<opset="fb_330_addr/3 "/>
</bind>
</comp>

<comp id="1350" class="1004" name="fb_331_addr_gep_fu_1350">
<pin_list>
<pin id="1351" dir="0" index="0" bw="8" slack="0"/>
<pin id="1352" dir="0" index="1" bw="1" slack="0"/>
<pin id="1353" dir="0" index="2" bw="3" slack="0"/>
<pin id="1354" dir="1" index="3" bw="3" slack="0"/>
</pin_list>
<bind>
<opcode="getelementptr(29) " fcode="getelementptr"/>
<opset="fb_331_addr/3 "/>
</bind>
</comp>

<comp id="1357" class="1004" name="fb_332_addr_gep_fu_1357">
<pin_list>
<pin id="1358" dir="0" index="0" bw="8" slack="0"/>
<pin id="1359" dir="0" index="1" bw="1" slack="0"/>
<pin id="1360" dir="0" index="2" bw="3" slack="0"/>
<pin id="1361" dir="1" index="3" bw="3" slack="0"/>
</pin_list>
<bind>
<opcode="getelementptr(29) " fcode="getelementptr"/>
<opset="fb_332_addr/3 "/>
</bind>
</comp>

<comp id="1364" class="1004" name="fb_333_addr_gep_fu_1364">
<pin_list>
<pin id="1365" dir="0" index="0" bw="8" slack="0"/>
<pin id="1366" dir="0" index="1" bw="1" slack="0"/>
<pin id="1367" dir="0" index="2" bw="3" slack="0"/>
<pin id="1368" dir="1" index="3" bw="3" slack="0"/>
</pin_list>
<bind>
<opcode="getelementptr(29) " fcode="getelementptr"/>
<opset="fb_333_addr/3 "/>
</bind>
</comp>

<comp id="1371" class="1004" name="fb_334_addr_gep_fu_1371">
<pin_list>
<pin id="1372" dir="0" index="0" bw="8" slack="0"/>
<pin id="1373" dir="0" index="1" bw="1" slack="0"/>
<pin id="1374" dir="0" index="2" bw="3" slack="0"/>
<pin id="1375" dir="1" index="3" bw="3" slack="0"/>
</pin_list>
<bind>
<opcode="getelementptr(29) " fcode="getelementptr"/>
<opset="fb_334_addr/3 "/>
</bind>
</comp>

<comp id="1378" class="1004" name="fb_335_addr_gep_fu_1378">
<pin_list>
<pin id="1379" dir="0" index="0" bw="8" slack="0"/>
<pin id="1380" dir="0" index="1" bw="1" slack="0"/>
<pin id="1381" dir="0" index="2" bw="3" slack="0"/>
<pin id="1382" dir="1" index="3" bw="3" slack="0"/>
</pin_list>
<bind>
<opcode="getelementptr(29) " fcode="getelementptr"/>
<opset="fb_335_addr/3 "/>
</bind>
</comp>

<comp id="1385" class="1004" name="fb_336_addr_gep_fu_1385">
<pin_list>
<pin id="1386" dir="0" index="0" bw="8" slack="0"/>
<pin id="1387" dir="0" index="1" bw="1" slack="0"/>
<pin id="1388" dir="0" index="2" bw="3" slack="0"/>
<pin id="1389" dir="1" index="3" bw="3" slack="0"/>
</pin_list>
<bind>
<opcode="getelementptr(29) " fcode="getelementptr"/>
<opset="fb_336_addr/3 "/>
</bind>
</comp>

<comp id="1392" class="1004" name="fb_337_addr_gep_fu_1392">
<pin_list>
<pin id="1393" dir="0" index="0" bw="8" slack="0"/>
<pin id="1394" dir="0" index="1" bw="1" slack="0"/>
<pin id="1395" dir="0" index="2" bw="3" slack="0"/>
<pin id="1396" dir="1" index="3" bw="3" slack="0"/>
</pin_list>
<bind>
<opcode="getelementptr(29) " fcode="getelementptr"/>
<opset="fb_337_addr/3 "/>
</bind>
</comp>

<comp id="1399" class="1004" name="fb_338_addr_gep_fu_1399">
<pin_list>
<pin id="1400" dir="0" index="0" bw="8" slack="0"/>
<pin id="1401" dir="0" index="1" bw="1" slack="0"/>
<pin id="1402" dir="0" index="2" bw="3" slack="0"/>
<pin id="1403" dir="1" index="3" bw="3" slack="0"/>
</pin_list>
<bind>
<opcode="getelementptr(29) " fcode="getelementptr"/>
<opset="fb_338_addr/3 "/>
</bind>
</comp>

<comp id="1406" class="1004" name="fb_339_addr_gep_fu_1406">
<pin_list>
<pin id="1407" dir="0" index="0" bw="8" slack="0"/>
<pin id="1408" dir="0" index="1" bw="1" slack="0"/>
<pin id="1409" dir="0" index="2" bw="3" slack="0"/>
<pin id="1410" dir="1" index="3" bw="3" slack="0"/>
</pin_list>
<bind>
<opcode="getelementptr(29) " fcode="getelementptr"/>
<opset="fb_339_addr/3 "/>
</bind>
</comp>

<comp id="1413" class="1004" name="fb_340_addr_gep_fu_1413">
<pin_list>
<pin id="1414" dir="0" index="0" bw="8" slack="0"/>
<pin id="1415" dir="0" index="1" bw="1" slack="0"/>
<pin id="1416" dir="0" index="2" bw="3" slack="0"/>
<pin id="1417" dir="1" index="3" bw="3" slack="0"/>
</pin_list>
<bind>
<opcode="getelementptr(29) " fcode="getelementptr"/>
<opset="fb_340_addr/3 "/>
</bind>
</comp>

<comp id="1420" class="1004" name="fb_341_addr_gep_fu_1420">
<pin_list>
<pin id="1421" dir="0" index="0" bw="8" slack="0"/>
<pin id="1422" dir="0" index="1" bw="1" slack="0"/>
<pin id="1423" dir="0" index="2" bw="3" slack="0"/>
<pin id="1424" dir="1" index="3" bw="3" slack="0"/>
</pin_list>
<bind>
<opcode="getelementptr(29) " fcode="getelementptr"/>
<opset="fb_341_addr/3 "/>
</bind>
</comp>

<comp id="1427" class="1004" name="fb_342_addr_gep_fu_1427">
<pin_list>
<pin id="1428" dir="0" index="0" bw="8" slack="0"/>
<pin id="1429" dir="0" index="1" bw="1" slack="0"/>
<pin id="1430" dir="0" index="2" bw="3" slack="0"/>
<pin id="1431" dir="1" index="3" bw="3" slack="0"/>
</pin_list>
<bind>
<opcode="getelementptr(29) " fcode="getelementptr"/>
<opset="fb_342_addr/3 "/>
</bind>
</comp>

<comp id="1434" class="1004" name="fb_343_addr_gep_fu_1434">
<pin_list>
<pin id="1435" dir="0" index="0" bw="8" slack="0"/>
<pin id="1436" dir="0" index="1" bw="1" slack="0"/>
<pin id="1437" dir="0" index="2" bw="3" slack="0"/>
<pin id="1438" dir="1" index="3" bw="3" slack="0"/>
</pin_list>
<bind>
<opcode="getelementptr(29) " fcode="getelementptr"/>
<opset="fb_343_addr/3 "/>
</bind>
</comp>

<comp id="1441" class="1004" name="fb_344_addr_gep_fu_1441">
<pin_list>
<pin id="1442" dir="0" index="0" bw="8" slack="0"/>
<pin id="1443" dir="0" index="1" bw="1" slack="0"/>
<pin id="1444" dir="0" index="2" bw="3" slack="0"/>
<pin id="1445" dir="1" index="3" bw="3" slack="0"/>
</pin_list>
<bind>
<opcode="getelementptr(29) " fcode="getelementptr"/>
<opset="fb_344_addr/3 "/>
</bind>
</comp>

<comp id="1448" class="1004" name="fb_345_addr_gep_fu_1448">
<pin_list>
<pin id="1449" dir="0" index="0" bw="8" slack="0"/>
<pin id="1450" dir="0" index="1" bw="1" slack="0"/>
<pin id="1451" dir="0" index="2" bw="3" slack="0"/>
<pin id="1452" dir="1" index="3" bw="3" slack="0"/>
</pin_list>
<bind>
<opcode="getelementptr(29) " fcode="getelementptr"/>
<opset="fb_345_addr/3 "/>
</bind>
</comp>

<comp id="1455" class="1004" name="fb_346_addr_gep_fu_1455">
<pin_list>
<pin id="1456" dir="0" index="0" bw="8" slack="0"/>
<pin id="1457" dir="0" index="1" bw="1" slack="0"/>
<pin id="1458" dir="0" index="2" bw="3" slack="0"/>
<pin id="1459" dir="1" index="3" bw="3" slack="0"/>
</pin_list>
<bind>
<opcode="getelementptr(29) " fcode="getelementptr"/>
<opset="fb_346_addr/3 "/>
</bind>
</comp>

<comp id="1462" class="1004" name="fb_347_addr_gep_fu_1462">
<pin_list>
<pin id="1463" dir="0" index="0" bw="8" slack="0"/>
<pin id="1464" dir="0" index="1" bw="1" slack="0"/>
<pin id="1465" dir="0" index="2" bw="3" slack="0"/>
<pin id="1466" dir="1" index="3" bw="3" slack="0"/>
</pin_list>
<bind>
<opcode="getelementptr(29) " fcode="getelementptr"/>
<opset="fb_347_addr/3 "/>
</bind>
</comp>

<comp id="1469" class="1004" name="fb_348_addr_gep_fu_1469">
<pin_list>
<pin id="1470" dir="0" index="0" bw="8" slack="0"/>
<pin id="1471" dir="0" index="1" bw="1" slack="0"/>
<pin id="1472" dir="0" index="2" bw="3" slack="0"/>
<pin id="1473" dir="1" index="3" bw="3" slack="0"/>
</pin_list>
<bind>
<opcode="getelementptr(29) " fcode="getelementptr"/>
<opset="fb_348_addr/3 "/>
</bind>
</comp>

<comp id="1476" class="1004" name="fb_349_addr_gep_fu_1476">
<pin_list>
<pin id="1477" dir="0" index="0" bw="8" slack="0"/>
<pin id="1478" dir="0" index="1" bw="1" slack="0"/>
<pin id="1479" dir="0" index="2" bw="3" slack="0"/>
<pin id="1480" dir="1" index="3" bw="3" slack="0"/>
</pin_list>
<bind>
<opcode="getelementptr(29) " fcode="getelementptr"/>
<opset="fb_349_addr/3 "/>
</bind>
</comp>

<comp id="1483" class="1004" name="fb_350_addr_gep_fu_1483">
<pin_list>
<pin id="1484" dir="0" index="0" bw="8" slack="0"/>
<pin id="1485" dir="0" index="1" bw="1" slack="0"/>
<pin id="1486" dir="0" index="2" bw="3" slack="0"/>
<pin id="1487" dir="1" index="3" bw="3" slack="0"/>
</pin_list>
<bind>
<opcode="getelementptr(29) " fcode="getelementptr"/>
<opset="fb_350_addr/3 "/>
</bind>
</comp>

<comp id="1490" class="1004" name="fb_351_addr_gep_fu_1490">
<pin_list>
<pin id="1491" dir="0" index="0" bw="8" slack="0"/>
<pin id="1492" dir="0" index="1" bw="1" slack="0"/>
<pin id="1493" dir="0" index="2" bw="3" slack="0"/>
<pin id="1494" dir="1" index="3" bw="3" slack="0"/>
</pin_list>
<bind>
<opcode="getelementptr(29) " fcode="getelementptr"/>
<opset="fb_351_addr/3 "/>
</bind>
</comp>

<comp id="1497" class="1004" name="fb_352_addr_gep_fu_1497">
<pin_list>
<pin id="1498" dir="0" index="0" bw="8" slack="0"/>
<pin id="1499" dir="0" index="1" bw="1" slack="0"/>
<pin id="1500" dir="0" index="2" bw="3" slack="0"/>
<pin id="1501" dir="1" index="3" bw="3" slack="0"/>
</pin_list>
<bind>
<opcode="getelementptr(29) " fcode="getelementptr"/>
<opset="fb_352_addr/3 "/>
</bind>
</comp>

<comp id="1504" class="1004" name="fb_353_addr_gep_fu_1504">
<pin_list>
<pin id="1505" dir="0" index="0" bw="8" slack="0"/>
<pin id="1506" dir="0" index="1" bw="1" slack="0"/>
<pin id="1507" dir="0" index="2" bw="3" slack="0"/>
<pin id="1508" dir="1" index="3" bw="3" slack="0"/>
</pin_list>
<bind>
<opcode="getelementptr(29) " fcode="getelementptr"/>
<opset="fb_353_addr/3 "/>
</bind>
</comp>

<comp id="1511" class="1004" name="fb_354_addr_gep_fu_1511">
<pin_list>
<pin id="1512" dir="0" index="0" bw="8" slack="0"/>
<pin id="1513" dir="0" index="1" bw="1" slack="0"/>
<pin id="1514" dir="0" index="2" bw="3" slack="0"/>
<pin id="1515" dir="1" index="3" bw="3" slack="0"/>
</pin_list>
<bind>
<opcode="getelementptr(29) " fcode="getelementptr"/>
<opset="fb_354_addr/3 "/>
</bind>
</comp>

<comp id="1518" class="1004" name="fb_355_addr_gep_fu_1518">
<pin_list>
<pin id="1519" dir="0" index="0" bw="8" slack="0"/>
<pin id="1520" dir="0" index="1" bw="1" slack="0"/>
<pin id="1521" dir="0" index="2" bw="3" slack="0"/>
<pin id="1522" dir="1" index="3" bw="3" slack="0"/>
</pin_list>
<bind>
<opcode="getelementptr(29) " fcode="getelementptr"/>
<opset="fb_355_addr/3 "/>
</bind>
</comp>

<comp id="1525" class="1004" name="fb_356_addr_gep_fu_1525">
<pin_list>
<pin id="1526" dir="0" index="0" bw="8" slack="0"/>
<pin id="1527" dir="0" index="1" bw="1" slack="0"/>
<pin id="1528" dir="0" index="2" bw="3" slack="0"/>
<pin id="1529" dir="1" index="3" bw="3" slack="0"/>
</pin_list>
<bind>
<opcode="getelementptr(29) " fcode="getelementptr"/>
<opset="fb_356_addr/3 "/>
</bind>
</comp>

<comp id="1532" class="1004" name="fb_357_addr_gep_fu_1532">
<pin_list>
<pin id="1533" dir="0" index="0" bw="8" slack="0"/>
<pin id="1534" dir="0" index="1" bw="1" slack="0"/>
<pin id="1535" dir="0" index="2" bw="3" slack="0"/>
<pin id="1536" dir="1" index="3" bw="3" slack="0"/>
</pin_list>
<bind>
<opcode="getelementptr(29) " fcode="getelementptr"/>
<opset="fb_357_addr/3 "/>
</bind>
</comp>

<comp id="1539" class="1004" name="fb_358_addr_gep_fu_1539">
<pin_list>
<pin id="1540" dir="0" index="0" bw="8" slack="0"/>
<pin id="1541" dir="0" index="1" bw="1" slack="0"/>
<pin id="1542" dir="0" index="2" bw="3" slack="0"/>
<pin id="1543" dir="1" index="3" bw="3" slack="0"/>
</pin_list>
<bind>
<opcode="getelementptr(29) " fcode="getelementptr"/>
<opset="fb_358_addr/3 "/>
</bind>
</comp>

<comp id="1546" class="1004" name="fb_359_addr_gep_fu_1546">
<pin_list>
<pin id="1547" dir="0" index="0" bw="8" slack="0"/>
<pin id="1548" dir="0" index="1" bw="1" slack="0"/>
<pin id="1549" dir="0" index="2" bw="3" slack="0"/>
<pin id="1550" dir="1" index="3" bw="3" slack="0"/>
</pin_list>
<bind>
<opcode="getelementptr(29) " fcode="getelementptr"/>
<opset="fb_359_addr/3 "/>
</bind>
</comp>

<comp id="1553" class="1004" name="fb_360_addr_gep_fu_1553">
<pin_list>
<pin id="1554" dir="0" index="0" bw="8" slack="0"/>
<pin id="1555" dir="0" index="1" bw="1" slack="0"/>
<pin id="1556" dir="0" index="2" bw="3" slack="0"/>
<pin id="1557" dir="1" index="3" bw="3" slack="0"/>
</pin_list>
<bind>
<opcode="getelementptr(29) " fcode="getelementptr"/>
<opset="fb_360_addr/3 "/>
</bind>
</comp>

<comp id="1560" class="1004" name="fb_361_addr_gep_fu_1560">
<pin_list>
<pin id="1561" dir="0" index="0" bw="8" slack="0"/>
<pin id="1562" dir="0" index="1" bw="1" slack="0"/>
<pin id="1563" dir="0" index="2" bw="3" slack="0"/>
<pin id="1564" dir="1" index="3" bw="3" slack="0"/>
</pin_list>
<bind>
<opcode="getelementptr(29) " fcode="getelementptr"/>
<opset="fb_361_addr/3 "/>
</bind>
</comp>

<comp id="1567" class="1004" name="fb_362_addr_gep_fu_1567">
<pin_list>
<pin id="1568" dir="0" index="0" bw="8" slack="0"/>
<pin id="1569" dir="0" index="1" bw="1" slack="0"/>
<pin id="1570" dir="0" index="2" bw="3" slack="0"/>
<pin id="1571" dir="1" index="3" bw="3" slack="0"/>
</pin_list>
<bind>
<opcode="getelementptr(29) " fcode="getelementptr"/>
<opset="fb_362_addr/3 "/>
</bind>
</comp>

<comp id="1574" class="1004" name="fb_363_addr_gep_fu_1574">
<pin_list>
<pin id="1575" dir="0" index="0" bw="8" slack="0"/>
<pin id="1576" dir="0" index="1" bw="1" slack="0"/>
<pin id="1577" dir="0" index="2" bw="3" slack="0"/>
<pin id="1578" dir="1" index="3" bw="3" slack="0"/>
</pin_list>
<bind>
<opcode="getelementptr(29) " fcode="getelementptr"/>
<opset="fb_363_addr/3 "/>
</bind>
</comp>

<comp id="1581" class="1004" name="fb_364_addr_gep_fu_1581">
<pin_list>
<pin id="1582" dir="0" index="0" bw="8" slack="0"/>
<pin id="1583" dir="0" index="1" bw="1" slack="0"/>
<pin id="1584" dir="0" index="2" bw="3" slack="0"/>
<pin id="1585" dir="1" index="3" bw="3" slack="0"/>
</pin_list>
<bind>
<opcode="getelementptr(29) " fcode="getelementptr"/>
<opset="fb_364_addr/3 "/>
</bind>
</comp>

<comp id="1588" class="1004" name="fb_365_addr_gep_fu_1588">
<pin_list>
<pin id="1589" dir="0" index="0" bw="8" slack="0"/>
<pin id="1590" dir="0" index="1" bw="1" slack="0"/>
<pin id="1591" dir="0" index="2" bw="3" slack="0"/>
<pin id="1592" dir="1" index="3" bw="3" slack="0"/>
</pin_list>
<bind>
<opcode="getelementptr(29) " fcode="getelementptr"/>
<opset="fb_365_addr/3 "/>
</bind>
</comp>

<comp id="1595" class="1004" name="fb_366_addr_gep_fu_1595">
<pin_list>
<pin id="1596" dir="0" index="0" bw="8" slack="0"/>
<pin id="1597" dir="0" index="1" bw="1" slack="0"/>
<pin id="1598" dir="0" index="2" bw="3" slack="0"/>
<pin id="1599" dir="1" index="3" bw="3" slack="0"/>
</pin_list>
<bind>
<opcode="getelementptr(29) " fcode="getelementptr"/>
<opset="fb_366_addr/3 "/>
</bind>
</comp>

<comp id="1602" class="1004" name="fb_367_addr_gep_fu_1602">
<pin_list>
<pin id="1603" dir="0" index="0" bw="8" slack="0"/>
<pin id="1604" dir="0" index="1" bw="1" slack="0"/>
<pin id="1605" dir="0" index="2" bw="3" slack="0"/>
<pin id="1606" dir="1" index="3" bw="3" slack="0"/>
</pin_list>
<bind>
<opcode="getelementptr(29) " fcode="getelementptr"/>
<opset="fb_367_addr/3 "/>
</bind>
</comp>

<comp id="1609" class="1004" name="fb_368_addr_gep_fu_1609">
<pin_list>
<pin id="1610" dir="0" index="0" bw="8" slack="0"/>
<pin id="1611" dir="0" index="1" bw="1" slack="0"/>
<pin id="1612" dir="0" index="2" bw="3" slack="0"/>
<pin id="1613" dir="1" index="3" bw="3" slack="0"/>
</pin_list>
<bind>
<opcode="getelementptr(29) " fcode="getelementptr"/>
<opset="fb_368_addr/3 "/>
</bind>
</comp>

<comp id="1616" class="1004" name="fb_369_addr_gep_fu_1616">
<pin_list>
<pin id="1617" dir="0" index="0" bw="8" slack="0"/>
<pin id="1618" dir="0" index="1" bw="1" slack="0"/>
<pin id="1619" dir="0" index="2" bw="3" slack="0"/>
<pin id="1620" dir="1" index="3" bw="3" slack="0"/>
</pin_list>
<bind>
<opcode="getelementptr(29) " fcode="getelementptr"/>
<opset="fb_369_addr/3 "/>
</bind>
</comp>

<comp id="1623" class="1004" name="fb_370_addr_gep_fu_1623">
<pin_list>
<pin id="1624" dir="0" index="0" bw="8" slack="0"/>
<pin id="1625" dir="0" index="1" bw="1" slack="0"/>
<pin id="1626" dir="0" index="2" bw="3" slack="0"/>
<pin id="1627" dir="1" index="3" bw="3" slack="0"/>
</pin_list>
<bind>
<opcode="getelementptr(29) " fcode="getelementptr"/>
<opset="fb_370_addr/3 "/>
</bind>
</comp>

<comp id="1630" class="1004" name="fb_371_addr_gep_fu_1630">
<pin_list>
<pin id="1631" dir="0" index="0" bw="8" slack="0"/>
<pin id="1632" dir="0" index="1" bw="1" slack="0"/>
<pin id="1633" dir="0" index="2" bw="3" slack="0"/>
<pin id="1634" dir="1" index="3" bw="3" slack="0"/>
</pin_list>
<bind>
<opcode="getelementptr(29) " fcode="getelementptr"/>
<opset="fb_371_addr/3 "/>
</bind>
</comp>

<comp id="1637" class="1004" name="fb_372_addr_gep_fu_1637">
<pin_list>
<pin id="1638" dir="0" index="0" bw="8" slack="0"/>
<pin id="1639" dir="0" index="1" bw="1" slack="0"/>
<pin id="1640" dir="0" index="2" bw="3" slack="0"/>
<pin id="1641" dir="1" index="3" bw="3" slack="0"/>
</pin_list>
<bind>
<opcode="getelementptr(29) " fcode="getelementptr"/>
<opset="fb_372_addr/3 "/>
</bind>
</comp>

<comp id="1644" class="1004" name="fb_373_addr_gep_fu_1644">
<pin_list>
<pin id="1645" dir="0" index="0" bw="8" slack="0"/>
<pin id="1646" dir="0" index="1" bw="1" slack="0"/>
<pin id="1647" dir="0" index="2" bw="3" slack="0"/>
<pin id="1648" dir="1" index="3" bw="3" slack="0"/>
</pin_list>
<bind>
<opcode="getelementptr(29) " fcode="getelementptr"/>
<opset="fb_373_addr/3 "/>
</bind>
</comp>

<comp id="1651" class="1004" name="fb_374_addr_gep_fu_1651">
<pin_list>
<pin id="1652" dir="0" index="0" bw="8" slack="0"/>
<pin id="1653" dir="0" index="1" bw="1" slack="0"/>
<pin id="1654" dir="0" index="2" bw="3" slack="0"/>
<pin id="1655" dir="1" index="3" bw="3" slack="0"/>
</pin_list>
<bind>
<opcode="getelementptr(29) " fcode="getelementptr"/>
<opset="fb_374_addr/3 "/>
</bind>
</comp>

<comp id="1658" class="1004" name="fb_375_addr_gep_fu_1658">
<pin_list>
<pin id="1659" dir="0" index="0" bw="8" slack="0"/>
<pin id="1660" dir="0" index="1" bw="1" slack="0"/>
<pin id="1661" dir="0" index="2" bw="3" slack="0"/>
<pin id="1662" dir="1" index="3" bw="3" slack="0"/>
</pin_list>
<bind>
<opcode="getelementptr(29) " fcode="getelementptr"/>
<opset="fb_375_addr/3 "/>
</bind>
</comp>

<comp id="1665" class="1004" name="fb_376_addr_gep_fu_1665">
<pin_list>
<pin id="1666" dir="0" index="0" bw="8" slack="0"/>
<pin id="1667" dir="0" index="1" bw="1" slack="0"/>
<pin id="1668" dir="0" index="2" bw="3" slack="0"/>
<pin id="1669" dir="1" index="3" bw="3" slack="0"/>
</pin_list>
<bind>
<opcode="getelementptr(29) " fcode="getelementptr"/>
<opset="fb_376_addr/3 "/>
</bind>
</comp>

<comp id="1672" class="1004" name="fb_377_addr_gep_fu_1672">
<pin_list>
<pin id="1673" dir="0" index="0" bw="8" slack="0"/>
<pin id="1674" dir="0" index="1" bw="1" slack="0"/>
<pin id="1675" dir="0" index="2" bw="3" slack="0"/>
<pin id="1676" dir="1" index="3" bw="3" slack="0"/>
</pin_list>
<bind>
<opcode="getelementptr(29) " fcode="getelementptr"/>
<opset="fb_377_addr/3 "/>
</bind>
</comp>

<comp id="1679" class="1004" name="fb_378_addr_gep_fu_1679">
<pin_list>
<pin id="1680" dir="0" index="0" bw="8" slack="0"/>
<pin id="1681" dir="0" index="1" bw="1" slack="0"/>
<pin id="1682" dir="0" index="2" bw="3" slack="0"/>
<pin id="1683" dir="1" index="3" bw="3" slack="0"/>
</pin_list>
<bind>
<opcode="getelementptr(29) " fcode="getelementptr"/>
<opset="fb_378_addr/3 "/>
</bind>
</comp>

<comp id="1686" class="1004" name="fb_379_addr_gep_fu_1686">
<pin_list>
<pin id="1687" dir="0" index="0" bw="8" slack="0"/>
<pin id="1688" dir="0" index="1" bw="1" slack="0"/>
<pin id="1689" dir="0" index="2" bw="3" slack="0"/>
<pin id="1690" dir="1" index="3" bw="3" slack="0"/>
</pin_list>
<bind>
<opcode="getelementptr(29) " fcode="getelementptr"/>
<opset="fb_379_addr/3 "/>
</bind>
</comp>

<comp id="1693" class="1004" name="fb_380_addr_gep_fu_1693">
<pin_list>
<pin id="1694" dir="0" index="0" bw="8" slack="0"/>
<pin id="1695" dir="0" index="1" bw="1" slack="0"/>
<pin id="1696" dir="0" index="2" bw="3" slack="0"/>
<pin id="1697" dir="1" index="3" bw="3" slack="0"/>
</pin_list>
<bind>
<opcode="getelementptr(29) " fcode="getelementptr"/>
<opset="fb_380_addr/3 "/>
</bind>
</comp>

<comp id="1700" class="1004" name="fb_381_addr_gep_fu_1700">
<pin_list>
<pin id="1701" dir="0" index="0" bw="8" slack="0"/>
<pin id="1702" dir="0" index="1" bw="1" slack="0"/>
<pin id="1703" dir="0" index="2" bw="3" slack="0"/>
<pin id="1704" dir="1" index="3" bw="3" slack="0"/>
</pin_list>
<bind>
<opcode="getelementptr(29) " fcode="getelementptr"/>
<opset="fb_381_addr/3 "/>
</bind>
</comp>

<comp id="1707" class="1004" name="fb_382_addr_gep_fu_1707">
<pin_list>
<pin id="1708" dir="0" index="0" bw="8" slack="0"/>
<pin id="1709" dir="0" index="1" bw="1" slack="0"/>
<pin id="1710" dir="0" index="2" bw="3" slack="0"/>
<pin id="1711" dir="1" index="3" bw="3" slack="0"/>
</pin_list>
<bind>
<opcode="getelementptr(29) " fcode="getelementptr"/>
<opset="fb_382_addr/3 "/>
</bind>
</comp>

<comp id="1714" class="1004" name="fb_383_addr_gep_fu_1714">
<pin_list>
<pin id="1715" dir="0" index="0" bw="8" slack="0"/>
<pin id="1716" dir="0" index="1" bw="1" slack="0"/>
<pin id="1717" dir="0" index="2" bw="3" slack="0"/>
<pin id="1718" dir="1" index="3" bw="3" slack="0"/>
</pin_list>
<bind>
<opcode="getelementptr(29) " fcode="getelementptr"/>
<opset="fb_383_addr/3 "/>
</bind>
</comp>

<comp id="1721" class="1004" name="fb_384_addr_gep_fu_1721">
<pin_list>
<pin id="1722" dir="0" index="0" bw="8" slack="0"/>
<pin id="1723" dir="0" index="1" bw="1" slack="0"/>
<pin id="1724" dir="0" index="2" bw="3" slack="0"/>
<pin id="1725" dir="1" index="3" bw="3" slack="0"/>
</pin_list>
<bind>
<opcode="getelementptr(29) " fcode="getelementptr"/>
<opset="fb_384_addr/3 "/>
</bind>
</comp>

<comp id="1728" class="1004" name="fb_385_addr_gep_fu_1728">
<pin_list>
<pin id="1729" dir="0" index="0" bw="8" slack="0"/>
<pin id="1730" dir="0" index="1" bw="1" slack="0"/>
<pin id="1731" dir="0" index="2" bw="3" slack="0"/>
<pin id="1732" dir="1" index="3" bw="3" slack="0"/>
</pin_list>
<bind>
<opcode="getelementptr(29) " fcode="getelementptr"/>
<opset="fb_385_addr/3 "/>
</bind>
</comp>

<comp id="1735" class="1004" name="fb_386_addr_gep_fu_1735">
<pin_list>
<pin id="1736" dir="0" index="0" bw="8" slack="0"/>
<pin id="1737" dir="0" index="1" bw="1" slack="0"/>
<pin id="1738" dir="0" index="2" bw="3" slack="0"/>
<pin id="1739" dir="1" index="3" bw="3" slack="0"/>
</pin_list>
<bind>
<opcode="getelementptr(29) " fcode="getelementptr"/>
<opset="fb_386_addr/3 "/>
</bind>
</comp>

<comp id="1742" class="1004" name="fb_387_addr_gep_fu_1742">
<pin_list>
<pin id="1743" dir="0" index="0" bw="8" slack="0"/>
<pin id="1744" dir="0" index="1" bw="1" slack="0"/>
<pin id="1745" dir="0" index="2" bw="3" slack="0"/>
<pin id="1746" dir="1" index="3" bw="3" slack="0"/>
</pin_list>
<bind>
<opcode="getelementptr(29) " fcode="getelementptr"/>
<opset="fb_387_addr/3 "/>
</bind>
</comp>

<comp id="1749" class="1004" name="fb_388_addr_gep_fu_1749">
<pin_list>
<pin id="1750" dir="0" index="0" bw="8" slack="0"/>
<pin id="1751" dir="0" index="1" bw="1" slack="0"/>
<pin id="1752" dir="0" index="2" bw="3" slack="0"/>
<pin id="1753" dir="1" index="3" bw="3" slack="0"/>
</pin_list>
<bind>
<opcode="getelementptr(29) " fcode="getelementptr"/>
<opset="fb_388_addr/3 "/>
</bind>
</comp>

<comp id="1756" class="1004" name="fb_389_addr_gep_fu_1756">
<pin_list>
<pin id="1757" dir="0" index="0" bw="8" slack="0"/>
<pin id="1758" dir="0" index="1" bw="1" slack="0"/>
<pin id="1759" dir="0" index="2" bw="3" slack="0"/>
<pin id="1760" dir="1" index="3" bw="3" slack="0"/>
</pin_list>
<bind>
<opcode="getelementptr(29) " fcode="getelementptr"/>
<opset="fb_389_addr/3 "/>
</bind>
</comp>

<comp id="1763" class="1004" name="fb_390_addr_gep_fu_1763">
<pin_list>
<pin id="1764" dir="0" index="0" bw="8" slack="0"/>
<pin id="1765" dir="0" index="1" bw="1" slack="0"/>
<pin id="1766" dir="0" index="2" bw="3" slack="0"/>
<pin id="1767" dir="1" index="3" bw="3" slack="0"/>
</pin_list>
<bind>
<opcode="getelementptr(29) " fcode="getelementptr"/>
<opset="fb_390_addr/3 "/>
</bind>
</comp>

<comp id="1770" class="1004" name="fb_391_addr_gep_fu_1770">
<pin_list>
<pin id="1771" dir="0" index="0" bw="8" slack="0"/>
<pin id="1772" dir="0" index="1" bw="1" slack="0"/>
<pin id="1773" dir="0" index="2" bw="3" slack="0"/>
<pin id="1774" dir="1" index="3" bw="3" slack="0"/>
</pin_list>
<bind>
<opcode="getelementptr(29) " fcode="getelementptr"/>
<opset="fb_391_addr/3 "/>
</bind>
</comp>

<comp id="1777" class="1004" name="fb_392_addr_gep_fu_1777">
<pin_list>
<pin id="1778" dir="0" index="0" bw="8" slack="0"/>
<pin id="1779" dir="0" index="1" bw="1" slack="0"/>
<pin id="1780" dir="0" index="2" bw="3" slack="0"/>
<pin id="1781" dir="1" index="3" bw="3" slack="0"/>
</pin_list>
<bind>
<opcode="getelementptr(29) " fcode="getelementptr"/>
<opset="fb_392_addr/3 "/>
</bind>
</comp>

<comp id="1784" class="1004" name="fb_393_addr_gep_fu_1784">
<pin_list>
<pin id="1785" dir="0" index="0" bw="8" slack="0"/>
<pin id="1786" dir="0" index="1" bw="1" slack="0"/>
<pin id="1787" dir="0" index="2" bw="3" slack="0"/>
<pin id="1788" dir="1" index="3" bw="3" slack="0"/>
</pin_list>
<bind>
<opcode="getelementptr(29) " fcode="getelementptr"/>
<opset="fb_393_addr/3 "/>
</bind>
</comp>

<comp id="1791" class="1004" name="fb_394_addr_gep_fu_1791">
<pin_list>
<pin id="1792" dir="0" index="0" bw="8" slack="0"/>
<pin id="1793" dir="0" index="1" bw="1" slack="0"/>
<pin id="1794" dir="0" index="2" bw="3" slack="0"/>
<pin id="1795" dir="1" index="3" bw="3" slack="0"/>
</pin_list>
<bind>
<opcode="getelementptr(29) " fcode="getelementptr"/>
<opset="fb_394_addr/3 "/>
</bind>
</comp>

<comp id="1798" class="1004" name="fb_395_addr_gep_fu_1798">
<pin_list>
<pin id="1799" dir="0" index="0" bw="8" slack="0"/>
<pin id="1800" dir="0" index="1" bw="1" slack="0"/>
<pin id="1801" dir="0" index="2" bw="3" slack="0"/>
<pin id="1802" dir="1" index="3" bw="3" slack="0"/>
</pin_list>
<bind>
<opcode="getelementptr(29) " fcode="getelementptr"/>
<opset="fb_395_addr/3 "/>
</bind>
</comp>

<comp id="1805" class="1004" name="fb_396_addr_gep_fu_1805">
<pin_list>
<pin id="1806" dir="0" index="0" bw="8" slack="0"/>
<pin id="1807" dir="0" index="1" bw="1" slack="0"/>
<pin id="1808" dir="0" index="2" bw="3" slack="0"/>
<pin id="1809" dir="1" index="3" bw="3" slack="0"/>
</pin_list>
<bind>
<opcode="getelementptr(29) " fcode="getelementptr"/>
<opset="fb_396_addr/3 "/>
</bind>
</comp>

<comp id="1812" class="1004" name="fb_397_addr_gep_fu_1812">
<pin_list>
<pin id="1813" dir="0" index="0" bw="8" slack="0"/>
<pin id="1814" dir="0" index="1" bw="1" slack="0"/>
<pin id="1815" dir="0" index="2" bw="3" slack="0"/>
<pin id="1816" dir="1" index="3" bw="3" slack="0"/>
</pin_list>
<bind>
<opcode="getelementptr(29) " fcode="getelementptr"/>
<opset="fb_397_addr/3 "/>
</bind>
</comp>

<comp id="1819" class="1004" name="fb_398_addr_gep_fu_1819">
<pin_list>
<pin id="1820" dir="0" index="0" bw="8" slack="0"/>
<pin id="1821" dir="0" index="1" bw="1" slack="0"/>
<pin id="1822" dir="0" index="2" bw="3" slack="0"/>
<pin id="1823" dir="1" index="3" bw="3" slack="0"/>
</pin_list>
<bind>
<opcode="getelementptr(29) " fcode="getelementptr"/>
<opset="fb_398_addr/3 "/>
</bind>
</comp>

<comp id="1826" class="1004" name="fb_399_addr_gep_fu_1826">
<pin_list>
<pin id="1827" dir="0" index="0" bw="8" slack="0"/>
<pin id="1828" dir="0" index="1" bw="1" slack="0"/>
<pin id="1829" dir="0" index="2" bw="3" slack="0"/>
<pin id="1830" dir="1" index="3" bw="3" slack="0"/>
</pin_list>
<bind>
<opcode="getelementptr(29) " fcode="getelementptr"/>
<opset="fb_399_addr/3 "/>
</bind>
</comp>

<comp id="1833" class="1004" name="fb_400_addr_gep_fu_1833">
<pin_list>
<pin id="1834" dir="0" index="0" bw="8" slack="0"/>
<pin id="1835" dir="0" index="1" bw="1" slack="0"/>
<pin id="1836" dir="0" index="2" bw="3" slack="0"/>
<pin id="1837" dir="1" index="3" bw="3" slack="0"/>
</pin_list>
<bind>
<opcode="getelementptr(29) " fcode="getelementptr"/>
<opset="fb_400_addr/3 "/>
</bind>
</comp>

<comp id="1840" class="1004" name="fb_401_addr_gep_fu_1840">
<pin_list>
<pin id="1841" dir="0" index="0" bw="8" slack="0"/>
<pin id="1842" dir="0" index="1" bw="1" slack="0"/>
<pin id="1843" dir="0" index="2" bw="3" slack="0"/>
<pin id="1844" dir="1" index="3" bw="3" slack="0"/>
</pin_list>
<bind>
<opcode="getelementptr(29) " fcode="getelementptr"/>
<opset="fb_401_addr/3 "/>
</bind>
</comp>

<comp id="1847" class="1004" name="fb_402_addr_gep_fu_1847">
<pin_list>
<pin id="1848" dir="0" index="0" bw="8" slack="0"/>
<pin id="1849" dir="0" index="1" bw="1" slack="0"/>
<pin id="1850" dir="0" index="2" bw="3" slack="0"/>
<pin id="1851" dir="1" index="3" bw="3" slack="0"/>
</pin_list>
<bind>
<opcode="getelementptr(29) " fcode="getelementptr"/>
<opset="fb_402_addr/3 "/>
</bind>
</comp>

<comp id="1854" class="1004" name="fb_403_addr_gep_fu_1854">
<pin_list>
<pin id="1855" dir="0" index="0" bw="8" slack="0"/>
<pin id="1856" dir="0" index="1" bw="1" slack="0"/>
<pin id="1857" dir="0" index="2" bw="3" slack="0"/>
<pin id="1858" dir="1" index="3" bw="3" slack="0"/>
</pin_list>
<bind>
<opcode="getelementptr(29) " fcode="getelementptr"/>
<opset="fb_403_addr/3 "/>
</bind>
</comp>

<comp id="1861" class="1004" name="fb_404_addr_gep_fu_1861">
<pin_list>
<pin id="1862" dir="0" index="0" bw="8" slack="0"/>
<pin id="1863" dir="0" index="1" bw="1" slack="0"/>
<pin id="1864" dir="0" index="2" bw="3" slack="0"/>
<pin id="1865" dir="1" index="3" bw="3" slack="0"/>
</pin_list>
<bind>
<opcode="getelementptr(29) " fcode="getelementptr"/>
<opset="fb_404_addr/3 "/>
</bind>
</comp>

<comp id="1868" class="1004" name="fb_405_addr_gep_fu_1868">
<pin_list>
<pin id="1869" dir="0" index="0" bw="8" slack="0"/>
<pin id="1870" dir="0" index="1" bw="1" slack="0"/>
<pin id="1871" dir="0" index="2" bw="3" slack="0"/>
<pin id="1872" dir="1" index="3" bw="3" slack="0"/>
</pin_list>
<bind>
<opcode="getelementptr(29) " fcode="getelementptr"/>
<opset="fb_405_addr/3 "/>
</bind>
</comp>

<comp id="1875" class="1004" name="fb_406_addr_gep_fu_1875">
<pin_list>
<pin id="1876" dir="0" index="0" bw="8" slack="0"/>
<pin id="1877" dir="0" index="1" bw="1" slack="0"/>
<pin id="1878" dir="0" index="2" bw="3" slack="0"/>
<pin id="1879" dir="1" index="3" bw="3" slack="0"/>
</pin_list>
<bind>
<opcode="getelementptr(29) " fcode="getelementptr"/>
<opset="fb_406_addr/3 "/>
</bind>
</comp>

<comp id="1882" class="1004" name="fb_407_addr_gep_fu_1882">
<pin_list>
<pin id="1883" dir="0" index="0" bw="8" slack="0"/>
<pin id="1884" dir="0" index="1" bw="1" slack="0"/>
<pin id="1885" dir="0" index="2" bw="3" slack="0"/>
<pin id="1886" dir="1" index="3" bw="3" slack="0"/>
</pin_list>
<bind>
<opcode="getelementptr(29) " fcode="getelementptr"/>
<opset="fb_407_addr/3 "/>
</bind>
</comp>

<comp id="1889" class="1004" name="fb_408_addr_gep_fu_1889">
<pin_list>
<pin id="1890" dir="0" index="0" bw="8" slack="0"/>
<pin id="1891" dir="0" index="1" bw="1" slack="0"/>
<pin id="1892" dir="0" index="2" bw="3" slack="0"/>
<pin id="1893" dir="1" index="3" bw="3" slack="0"/>
</pin_list>
<bind>
<opcode="getelementptr(29) " fcode="getelementptr"/>
<opset="fb_408_addr/3 "/>
</bind>
</comp>

<comp id="1896" class="1004" name="fb_409_addr_gep_fu_1896">
<pin_list>
<pin id="1897" dir="0" index="0" bw="8" slack="0"/>
<pin id="1898" dir="0" index="1" bw="1" slack="0"/>
<pin id="1899" dir="0" index="2" bw="3" slack="0"/>
<pin id="1900" dir="1" index="3" bw="3" slack="0"/>
</pin_list>
<bind>
<opcode="getelementptr(29) " fcode="getelementptr"/>
<opset="fb_409_addr/3 "/>
</bind>
</comp>

<comp id="1903" class="1004" name="fb_410_addr_gep_fu_1903">
<pin_list>
<pin id="1904" dir="0" index="0" bw="8" slack="0"/>
<pin id="1905" dir="0" index="1" bw="1" slack="0"/>
<pin id="1906" dir="0" index="2" bw="3" slack="0"/>
<pin id="1907" dir="1" index="3" bw="3" slack="0"/>
</pin_list>
<bind>
<opcode="getelementptr(29) " fcode="getelementptr"/>
<opset="fb_410_addr/3 "/>
</bind>
</comp>

<comp id="1910" class="1004" name="fb_411_addr_gep_fu_1910">
<pin_list>
<pin id="1911" dir="0" index="0" bw="8" slack="0"/>
<pin id="1912" dir="0" index="1" bw="1" slack="0"/>
<pin id="1913" dir="0" index="2" bw="3" slack="0"/>
<pin id="1914" dir="1" index="3" bw="3" slack="0"/>
</pin_list>
<bind>
<opcode="getelementptr(29) " fcode="getelementptr"/>
<opset="fb_411_addr/3 "/>
</bind>
</comp>

<comp id="1917" class="1004" name="fb_412_addr_gep_fu_1917">
<pin_list>
<pin id="1918" dir="0" index="0" bw="8" slack="0"/>
<pin id="1919" dir="0" index="1" bw="1" slack="0"/>
<pin id="1920" dir="0" index="2" bw="3" slack="0"/>
<pin id="1921" dir="1" index="3" bw="3" slack="0"/>
</pin_list>
<bind>
<opcode="getelementptr(29) " fcode="getelementptr"/>
<opset="fb_412_addr/3 "/>
</bind>
</comp>

<comp id="1924" class="1004" name="fb_413_addr_gep_fu_1924">
<pin_list>
<pin id="1925" dir="0" index="0" bw="8" slack="0"/>
<pin id="1926" dir="0" index="1" bw="1" slack="0"/>
<pin id="1927" dir="0" index="2" bw="3" slack="0"/>
<pin id="1928" dir="1" index="3" bw="3" slack="0"/>
</pin_list>
<bind>
<opcode="getelementptr(29) " fcode="getelementptr"/>
<opset="fb_413_addr/3 "/>
</bind>
</comp>

<comp id="1931" class="1004" name="fb_414_addr_gep_fu_1931">
<pin_list>
<pin id="1932" dir="0" index="0" bw="8" slack="0"/>
<pin id="1933" dir="0" index="1" bw="1" slack="0"/>
<pin id="1934" dir="0" index="2" bw="3" slack="0"/>
<pin id="1935" dir="1" index="3" bw="3" slack="0"/>
</pin_list>
<bind>
<opcode="getelementptr(29) " fcode="getelementptr"/>
<opset="fb_414_addr/3 "/>
</bind>
</comp>

<comp id="1938" class="1004" name="fb_415_addr_gep_fu_1938">
<pin_list>
<pin id="1939" dir="0" index="0" bw="8" slack="0"/>
<pin id="1940" dir="0" index="1" bw="1" slack="0"/>
<pin id="1941" dir="0" index="2" bw="3" slack="0"/>
<pin id="1942" dir="1" index="3" bw="3" slack="0"/>
</pin_list>
<bind>
<opcode="getelementptr(29) " fcode="getelementptr"/>
<opset="fb_415_addr/3 "/>
</bind>
</comp>

<comp id="1945" class="1004" name="fb_416_addr_gep_fu_1945">
<pin_list>
<pin id="1946" dir="0" index="0" bw="8" slack="0"/>
<pin id="1947" dir="0" index="1" bw="1" slack="0"/>
<pin id="1948" dir="0" index="2" bw="3" slack="0"/>
<pin id="1949" dir="1" index="3" bw="3" slack="0"/>
</pin_list>
<bind>
<opcode="getelementptr(29) " fcode="getelementptr"/>
<opset="fb_416_addr/3 "/>
</bind>
</comp>

<comp id="1952" class="1004" name="fb_417_addr_gep_fu_1952">
<pin_list>
<pin id="1953" dir="0" index="0" bw="8" slack="0"/>
<pin id="1954" dir="0" index="1" bw="1" slack="0"/>
<pin id="1955" dir="0" index="2" bw="3" slack="0"/>
<pin id="1956" dir="1" index="3" bw="3" slack="0"/>
</pin_list>
<bind>
<opcode="getelementptr(29) " fcode="getelementptr"/>
<opset="fb_417_addr/3 "/>
</bind>
</comp>

<comp id="1959" class="1004" name="fb_418_addr_gep_fu_1959">
<pin_list>
<pin id="1960" dir="0" index="0" bw="8" slack="0"/>
<pin id="1961" dir="0" index="1" bw="1" slack="0"/>
<pin id="1962" dir="0" index="2" bw="3" slack="0"/>
<pin id="1963" dir="1" index="3" bw="3" slack="0"/>
</pin_list>
<bind>
<opcode="getelementptr(29) " fcode="getelementptr"/>
<opset="fb_418_addr/3 "/>
</bind>
</comp>

<comp id="1966" class="1004" name="fb_419_addr_gep_fu_1966">
<pin_list>
<pin id="1967" dir="0" index="0" bw="8" slack="0"/>
<pin id="1968" dir="0" index="1" bw="1" slack="0"/>
<pin id="1969" dir="0" index="2" bw="3" slack="0"/>
<pin id="1970" dir="1" index="3" bw="3" slack="0"/>
</pin_list>
<bind>
<opcode="getelementptr(29) " fcode="getelementptr"/>
<opset="fb_419_addr/3 "/>
</bind>
</comp>

<comp id="1973" class="1004" name="fb_420_addr_gep_fu_1973">
<pin_list>
<pin id="1974" dir="0" index="0" bw="8" slack="0"/>
<pin id="1975" dir="0" index="1" bw="1" slack="0"/>
<pin id="1976" dir="0" index="2" bw="3" slack="0"/>
<pin id="1977" dir="1" index="3" bw="3" slack="0"/>
</pin_list>
<bind>
<opcode="getelementptr(29) " fcode="getelementptr"/>
<opset="fb_420_addr/3 "/>
</bind>
</comp>

<comp id="1980" class="1004" name="fb_421_addr_gep_fu_1980">
<pin_list>
<pin id="1981" dir="0" index="0" bw="8" slack="0"/>
<pin id="1982" dir="0" index="1" bw="1" slack="0"/>
<pin id="1983" dir="0" index="2" bw="3" slack="0"/>
<pin id="1984" dir="1" index="3" bw="3" slack="0"/>
</pin_list>
<bind>
<opcode="getelementptr(29) " fcode="getelementptr"/>
<opset="fb_421_addr/3 "/>
</bind>
</comp>

<comp id="1987" class="1004" name="fb_422_addr_gep_fu_1987">
<pin_list>
<pin id="1988" dir="0" index="0" bw="8" slack="0"/>
<pin id="1989" dir="0" index="1" bw="1" slack="0"/>
<pin id="1990" dir="0" index="2" bw="3" slack="0"/>
<pin id="1991" dir="1" index="3" bw="3" slack="0"/>
</pin_list>
<bind>
<opcode="getelementptr(29) " fcode="getelementptr"/>
<opset="fb_422_addr/3 "/>
</bind>
</comp>

<comp id="1994" class="1004" name="fb_423_addr_gep_fu_1994">
<pin_list>
<pin id="1995" dir="0" index="0" bw="8" slack="0"/>
<pin id="1996" dir="0" index="1" bw="1" slack="0"/>
<pin id="1997" dir="0" index="2" bw="3" slack="0"/>
<pin id="1998" dir="1" index="3" bw="3" slack="0"/>
</pin_list>
<bind>
<opcode="getelementptr(29) " fcode="getelementptr"/>
<opset="fb_423_addr/3 "/>
</bind>
</comp>

<comp id="2001" class="1004" name="fb_424_addr_gep_fu_2001">
<pin_list>
<pin id="2002" dir="0" index="0" bw="8" slack="0"/>
<pin id="2003" dir="0" index="1" bw="1" slack="0"/>
<pin id="2004" dir="0" index="2" bw="3" slack="0"/>
<pin id="2005" dir="1" index="3" bw="3" slack="0"/>
</pin_list>
<bind>
<opcode="getelementptr(29) " fcode="getelementptr"/>
<opset="fb_424_addr/3 "/>
</bind>
</comp>

<comp id="2008" class="1004" name="fb_425_addr_gep_fu_2008">
<pin_list>
<pin id="2009" dir="0" index="0" bw="8" slack="0"/>
<pin id="2010" dir="0" index="1" bw="1" slack="0"/>
<pin id="2011" dir="0" index="2" bw="3" slack="0"/>
<pin id="2012" dir="1" index="3" bw="3" slack="0"/>
</pin_list>
<bind>
<opcode="getelementptr(29) " fcode="getelementptr"/>
<opset="fb_425_addr/3 "/>
</bind>
</comp>

<comp id="2015" class="1004" name="fb_426_addr_gep_fu_2015">
<pin_list>
<pin id="2016" dir="0" index="0" bw="8" slack="0"/>
<pin id="2017" dir="0" index="1" bw="1" slack="0"/>
<pin id="2018" dir="0" index="2" bw="3" slack="0"/>
<pin id="2019" dir="1" index="3" bw="3" slack="0"/>
</pin_list>
<bind>
<opcode="getelementptr(29) " fcode="getelementptr"/>
<opset="fb_426_addr/3 "/>
</bind>
</comp>

<comp id="2022" class="1004" name="fb_427_addr_gep_fu_2022">
<pin_list>
<pin id="2023" dir="0" index="0" bw="8" slack="0"/>
<pin id="2024" dir="0" index="1" bw="1" slack="0"/>
<pin id="2025" dir="0" index="2" bw="3" slack="0"/>
<pin id="2026" dir="1" index="3" bw="3" slack="0"/>
</pin_list>
<bind>
<opcode="getelementptr(29) " fcode="getelementptr"/>
<opset="fb_427_addr/3 "/>
</bind>
</comp>

<comp id="2029" class="1004" name="fb_428_addr_gep_fu_2029">
<pin_list>
<pin id="2030" dir="0" index="0" bw="8" slack="0"/>
<pin id="2031" dir="0" index="1" bw="1" slack="0"/>
<pin id="2032" dir="0" index="2" bw="3" slack="0"/>
<pin id="2033" dir="1" index="3" bw="3" slack="0"/>
</pin_list>
<bind>
<opcode="getelementptr(29) " fcode="getelementptr"/>
<opset="fb_428_addr/3 "/>
</bind>
</comp>

<comp id="2036" class="1004" name="fb_429_addr_gep_fu_2036">
<pin_list>
<pin id="2037" dir="0" index="0" bw="8" slack="0"/>
<pin id="2038" dir="0" index="1" bw="1" slack="0"/>
<pin id="2039" dir="0" index="2" bw="3" slack="0"/>
<pin id="2040" dir="1" index="3" bw="3" slack="0"/>
</pin_list>
<bind>
<opcode="getelementptr(29) " fcode="getelementptr"/>
<opset="fb_429_addr/3 "/>
</bind>
</comp>

<comp id="2043" class="1004" name="fb_430_addr_gep_fu_2043">
<pin_list>
<pin id="2044" dir="0" index="0" bw="8" slack="0"/>
<pin id="2045" dir="0" index="1" bw="1" slack="0"/>
<pin id="2046" dir="0" index="2" bw="3" slack="0"/>
<pin id="2047" dir="1" index="3" bw="3" slack="0"/>
</pin_list>
<bind>
<opcode="getelementptr(29) " fcode="getelementptr"/>
<opset="fb_430_addr/3 "/>
</bind>
</comp>

<comp id="2050" class="1004" name="store_ln44_access_fu_2050">
<pin_list>
<pin id="2051" dir="0" index="0" bw="3" slack="0"/>
<pin id="2052" dir="0" index="1" bw="8" slack="0"/>
<pin id="2053" dir="0" index="2" bw="0" slack="2147483647"/>
<pin id="2054" dir="1" index="3" bw="8" slack="2147483647"/>
</pin_list>
<bind>
<opcode="store(28) " fcode="store"/>
<opset="store_ln44/3 "/>
</bind>
</comp>

<comp id="2057" class="1004" name="store_ln44_access_fu_2057">
<pin_list>
<pin id="2058" dir="0" index="0" bw="3" slack="0"/>
<pin id="2059" dir="0" index="1" bw="8" slack="0"/>
<pin id="2060" dir="0" index="2" bw="0" slack="2147483647"/>
<pin id="2061" dir="1" index="3" bw="8" slack="2147483647"/>
</pin_list>
<bind>
<opcode="store(28) " fcode="store"/>
<opset="store_ln44/3 "/>
</bind>
</comp>

<comp id="2064" class="1004" name="store_ln44_access_fu_2064">
<pin_list>
<pin id="2065" dir="0" index="0" bw="3" slack="0"/>
<pin id="2066" dir="0" index="1" bw="8" slack="0"/>
<pin id="2067" dir="0" index="2" bw="0" slack="2147483647"/>
<pin id="2068" dir="1" index="3" bw="8" slack="2147483647"/>
</pin_list>
<bind>
<opcode="store(28) " fcode="store"/>
<opset="store_ln44/3 "/>
</bind>
</comp>

<comp id="2071" class="1004" name="store_ln44_access_fu_2071">
<pin_list>
<pin id="2072" dir="0" index="0" bw="3" slack="0"/>
<pin id="2073" dir="0" index="1" bw="8" slack="0"/>
<pin id="2074" dir="0" index="2" bw="0" slack="2147483647"/>
<pin id="2075" dir="1" index="3" bw="8" slack="2147483647"/>
</pin_list>
<bind>
<opcode="store(28) " fcode="store"/>
<opset="store_ln44/3 "/>
</bind>
</comp>

<comp id="2078" class="1004" name="store_ln44_access_fu_2078">
<pin_list>
<pin id="2079" dir="0" index="0" bw="3" slack="0"/>
<pin id="2080" dir="0" index="1" bw="8" slack="0"/>
<pin id="2081" dir="0" index="2" bw="0" slack="2147483647"/>
<pin id="2082" dir="1" index="3" bw="8" slack="2147483647"/>
</pin_list>
<bind>
<opcode="store(28) " fcode="store"/>
<opset="store_ln44/3 "/>
</bind>
</comp>

<comp id="2085" class="1004" name="store_ln44_access_fu_2085">
<pin_list>
<pin id="2086" dir="0" index="0" bw="3" slack="0"/>
<pin id="2087" dir="0" index="1" bw="8" slack="0"/>
<pin id="2088" dir="0" index="2" bw="0" slack="2147483647"/>
<pin id="2089" dir="1" index="3" bw="8" slack="2147483647"/>
</pin_list>
<bind>
<opcode="store(28) " fcode="store"/>
<opset="store_ln44/3 "/>
</bind>
</comp>

<comp id="2092" class="1004" name="store_ln44_access_fu_2092">
<pin_list>
<pin id="2093" dir="0" index="0" bw="3" slack="0"/>
<pin id="2094" dir="0" index="1" bw="8" slack="0"/>
<pin id="2095" dir="0" index="2" bw="0" slack="2147483647"/>
<pin id="2096" dir="1" index="3" bw="8" slack="2147483647"/>
</pin_list>
<bind>
<opcode="store(28) " fcode="store"/>
<opset="store_ln44/3 "/>
</bind>
</comp>

<comp id="2099" class="1004" name="store_ln44_access_fu_2099">
<pin_list>
<pin id="2100" dir="0" index="0" bw="3" slack="0"/>
<pin id="2101" dir="0" index="1" bw="8" slack="0"/>
<pin id="2102" dir="0" index="2" bw="0" slack="2147483647"/>
<pin id="2103" dir="1" index="3" bw="8" slack="2147483647"/>
</pin_list>
<bind>
<opcode="store(28) " fcode="store"/>
<opset="store_ln44/3 "/>
</bind>
</comp>

<comp id="2106" class="1004" name="store_ln44_access_fu_2106">
<pin_list>
<pin id="2107" dir="0" index="0" bw="3" slack="0"/>
<pin id="2108" dir="0" index="1" bw="8" slack="0"/>
<pin id="2109" dir="0" index="2" bw="0" slack="2147483647"/>
<pin id="2110" dir="1" index="3" bw="8" slack="2147483647"/>
</pin_list>
<bind>
<opcode="store(28) " fcode="store"/>
<opset="store_ln44/3 "/>
</bind>
</comp>

<comp id="2113" class="1004" name="store_ln44_access_fu_2113">
<pin_list>
<pin id="2114" dir="0" index="0" bw="3" slack="0"/>
<pin id="2115" dir="0" index="1" bw="8" slack="0"/>
<pin id="2116" dir="0" index="2" bw="0" slack="2147483647"/>
<pin id="2117" dir="1" index="3" bw="8" slack="2147483647"/>
</pin_list>
<bind>
<opcode="store(28) " fcode="store"/>
<opset="store_ln44/3 "/>
</bind>
</comp>

<comp id="2120" class="1004" name="store_ln44_access_fu_2120">
<pin_list>
<pin id="2121" dir="0" index="0" bw="3" slack="0"/>
<pin id="2122" dir="0" index="1" bw="8" slack="0"/>
<pin id="2123" dir="0" index="2" bw="0" slack="2147483647"/>
<pin id="2124" dir="1" index="3" bw="8" slack="2147483647"/>
</pin_list>
<bind>
<opcode="store(28) " fcode="store"/>
<opset="store_ln44/3 "/>
</bind>
</comp>

<comp id="2127" class="1004" name="store_ln44_access_fu_2127">
<pin_list>
<pin id="2128" dir="0" index="0" bw="3" slack="0"/>
<pin id="2129" dir="0" index="1" bw="8" slack="0"/>
<pin id="2130" dir="0" index="2" bw="0" slack="2147483647"/>
<pin id="2131" dir="1" index="3" bw="8" slack="2147483647"/>
</pin_list>
<bind>
<opcode="store(28) " fcode="store"/>
<opset="store_ln44/3 "/>
</bind>
</comp>

<comp id="2134" class="1004" name="store_ln44_access_fu_2134">
<pin_list>
<pin id="2135" dir="0" index="0" bw="3" slack="0"/>
<pin id="2136" dir="0" index="1" bw="8" slack="0"/>
<pin id="2137" dir="0" index="2" bw="0" slack="2147483647"/>
<pin id="2138" dir="1" index="3" bw="8" slack="2147483647"/>
</pin_list>
<bind>
<opcode="store(28) " fcode="store"/>
<opset="store_ln44/3 "/>
</bind>
</comp>

<comp id="2141" class="1004" name="store_ln44_access_fu_2141">
<pin_list>
<pin id="2142" dir="0" index="0" bw="3" slack="0"/>
<pin id="2143" dir="0" index="1" bw="8" slack="0"/>
<pin id="2144" dir="0" index="2" bw="0" slack="2147483647"/>
<pin id="2145" dir="1" index="3" bw="8" slack="2147483647"/>
</pin_list>
<bind>
<opcode="store(28) " fcode="store"/>
<opset="store_ln44/3 "/>
</bind>
</comp>

<comp id="2148" class="1004" name="store_ln44_access_fu_2148">
<pin_list>
<pin id="2149" dir="0" index="0" bw="3" slack="0"/>
<pin id="2150" dir="0" index="1" bw="8" slack="0"/>
<pin id="2151" dir="0" index="2" bw="0" slack="2147483647"/>
<pin id="2152" dir="1" index="3" bw="8" slack="2147483647"/>
</pin_list>
<bind>
<opcode="store(28) " fcode="store"/>
<opset="store_ln44/3 "/>
</bind>
</comp>

<comp id="2155" class="1004" name="store_ln44_access_fu_2155">
<pin_list>
<pin id="2156" dir="0" index="0" bw="3" slack="0"/>
<pin id="2157" dir="0" index="1" bw="8" slack="0"/>
<pin id="2158" dir="0" index="2" bw="0" slack="2147483647"/>
<pin id="2159" dir="1" index="3" bw="8" slack="2147483647"/>
</pin_list>
<bind>
<opcode="store(28) " fcode="store"/>
<opset="store_ln44/3 "/>
</bind>
</comp>

<comp id="2162" class="1004" name="store_ln44_access_fu_2162">
<pin_list>
<pin id="2163" dir="0" index="0" bw="3" slack="0"/>
<pin id="2164" dir="0" index="1" bw="8" slack="0"/>
<pin id="2165" dir="0" index="2" bw="0" slack="2147483647"/>
<pin id="2166" dir="1" index="3" bw="8" slack="2147483647"/>
</pin_list>
<bind>
<opcode="store(28) " fcode="store"/>
<opset="store_ln44/3 "/>
</bind>
</comp>

<comp id="2169" class="1004" name="store_ln44_access_fu_2169">
<pin_list>
<pin id="2170" dir="0" index="0" bw="3" slack="0"/>
<pin id="2171" dir="0" index="1" bw="8" slack="0"/>
<pin id="2172" dir="0" index="2" bw="0" slack="2147483647"/>
<pin id="2173" dir="1" index="3" bw="8" slack="2147483647"/>
</pin_list>
<bind>
<opcode="store(28) " fcode="store"/>
<opset="store_ln44/3 "/>
</bind>
</comp>

<comp id="2176" class="1004" name="store_ln44_access_fu_2176">
<pin_list>
<pin id="2177" dir="0" index="0" bw="3" slack="0"/>
<pin id="2178" dir="0" index="1" bw="8" slack="0"/>
<pin id="2179" dir="0" index="2" bw="0" slack="2147483647"/>
<pin id="2180" dir="1" index="3" bw="8" slack="2147483647"/>
</pin_list>
<bind>
<opcode="store(28) " fcode="store"/>
<opset="store_ln44/3 "/>
</bind>
</comp>

<comp id="2183" class="1004" name="store_ln44_access_fu_2183">
<pin_list>
<pin id="2184" dir="0" index="0" bw="3" slack="0"/>
<pin id="2185" dir="0" index="1" bw="8" slack="0"/>
<pin id="2186" dir="0" index="2" bw="0" slack="2147483647"/>
<pin id="2187" dir="1" index="3" bw="8" slack="2147483647"/>
</pin_list>
<bind>
<opcode="store(28) " fcode="store"/>
<opset="store_ln44/3 "/>
</bind>
</comp>

<comp id="2190" class="1004" name="store_ln44_access_fu_2190">
<pin_list>
<pin id="2191" dir="0" index="0" bw="3" slack="0"/>
<pin id="2192" dir="0" index="1" bw="8" slack="0"/>
<pin id="2193" dir="0" index="2" bw="0" slack="2147483647"/>
<pin id="2194" dir="1" index="3" bw="8" slack="2147483647"/>
</pin_list>
<bind>
<opcode="store(28) " fcode="store"/>
<opset="store_ln44/3 "/>
</bind>
</comp>

<comp id="2197" class="1004" name="store_ln44_access_fu_2197">
<pin_list>
<pin id="2198" dir="0" index="0" bw="3" slack="0"/>
<pin id="2199" dir="0" index="1" bw="8" slack="0"/>
<pin id="2200" dir="0" index="2" bw="0" slack="2147483647"/>
<pin id="2201" dir="1" index="3" bw="8" slack="2147483647"/>
</pin_list>
<bind>
<opcode="store(28) " fcode="store"/>
<opset="store_ln44/3 "/>
</bind>
</comp>

<comp id="2204" class="1004" name="store_ln44_access_fu_2204">
<pin_list>
<pin id="2205" dir="0" index="0" bw="3" slack="0"/>
<pin id="2206" dir="0" index="1" bw="8" slack="0"/>
<pin id="2207" dir="0" index="2" bw="0" slack="2147483647"/>
<pin id="2208" dir="1" index="3" bw="8" slack="2147483647"/>
</pin_list>
<bind>
<opcode="store(28) " fcode="store"/>
<opset="store_ln44/3 "/>
</bind>
</comp>

<comp id="2211" class="1004" name="store_ln44_access_fu_2211">
<pin_list>
<pin id="2212" dir="0" index="0" bw="3" slack="0"/>
<pin id="2213" dir="0" index="1" bw="8" slack="0"/>
<pin id="2214" dir="0" index="2" bw="0" slack="2147483647"/>
<pin id="2215" dir="1" index="3" bw="8" slack="2147483647"/>
</pin_list>
<bind>
<opcode="store(28) " fcode="store"/>
<opset="store_ln44/3 "/>
</bind>
</comp>

<comp id="2218" class="1004" name="store_ln44_access_fu_2218">
<pin_list>
<pin id="2219" dir="0" index="0" bw="3" slack="0"/>
<pin id="2220" dir="0" index="1" bw="8" slack="0"/>
<pin id="2221" dir="0" index="2" bw="0" slack="2147483647"/>
<pin id="2222" dir="1" index="3" bw="8" slack="2147483647"/>
</pin_list>
<bind>
<opcode="store(28) " fcode="store"/>
<opset="store_ln44/3 "/>
</bind>
</comp>

<comp id="2225" class="1004" name="store_ln44_access_fu_2225">
<pin_list>
<pin id="2226" dir="0" index="0" bw="3" slack="0"/>
<pin id="2227" dir="0" index="1" bw="8" slack="0"/>
<pin id="2228" dir="0" index="2" bw="0" slack="2147483647"/>
<pin id="2229" dir="1" index="3" bw="8" slack="2147483647"/>
</pin_list>
<bind>
<opcode="store(28) " fcode="store"/>
<opset="store_ln44/3 "/>
</bind>
</comp>

<comp id="2232" class="1004" name="store_ln44_access_fu_2232">
<pin_list>
<pin id="2233" dir="0" index="0" bw="3" slack="0"/>
<pin id="2234" dir="0" index="1" bw="8" slack="0"/>
<pin id="2235" dir="0" index="2" bw="0" slack="2147483647"/>
<pin id="2236" dir="1" index="3" bw="8" slack="2147483647"/>
</pin_list>
<bind>
<opcode="store(28) " fcode="store"/>
<opset="store_ln44/3 "/>
</bind>
</comp>

<comp id="2239" class="1004" name="store_ln44_access_fu_2239">
<pin_list>
<pin id="2240" dir="0" index="0" bw="3" slack="0"/>
<pin id="2241" dir="0" index="1" bw="8" slack="0"/>
<pin id="2242" dir="0" index="2" bw="0" slack="2147483647"/>
<pin id="2243" dir="1" index="3" bw="8" slack="2147483647"/>
</pin_list>
<bind>
<opcode="store(28) " fcode="store"/>
<opset="store_ln44/3 "/>
</bind>
</comp>

<comp id="2246" class="1004" name="store_ln44_access_fu_2246">
<pin_list>
<pin id="2247" dir="0" index="0" bw="3" slack="0"/>
<pin id="2248" dir="0" index="1" bw="8" slack="0"/>
<pin id="2249" dir="0" index="2" bw="0" slack="2147483647"/>
<pin id="2250" dir="1" index="3" bw="8" slack="2147483647"/>
</pin_list>
<bind>
<opcode="store(28) " fcode="store"/>
<opset="store_ln44/3 "/>
</bind>
</comp>

<comp id="2253" class="1004" name="store_ln44_access_fu_2253">
<pin_list>
<pin id="2254" dir="0" index="0" bw="3" slack="0"/>
<pin id="2255" dir="0" index="1" bw="8" slack="0"/>
<pin id="2256" dir="0" index="2" bw="0" slack="2147483647"/>
<pin id="2257" dir="1" index="3" bw="8" slack="2147483647"/>
</pin_list>
<bind>
<opcode="store(28) " fcode="store"/>
<opset="store_ln44/3 "/>
</bind>
</comp>

<comp id="2260" class="1004" name="store_ln44_access_fu_2260">
<pin_list>
<pin id="2261" dir="0" index="0" bw="3" slack="0"/>
<pin id="2262" dir="0" index="1" bw="8" slack="0"/>
<pin id="2263" dir="0" index="2" bw="0" slack="2147483647"/>
<pin id="2264" dir="1" index="3" bw="8" slack="2147483647"/>
</pin_list>
<bind>
<opcode="store(28) " fcode="store"/>
<opset="store_ln44/3 "/>
</bind>
</comp>

<comp id="2267" class="1004" name="store_ln44_access_fu_2267">
<pin_list>
<pin id="2268" dir="0" index="0" bw="3" slack="0"/>
<pin id="2269" dir="0" index="1" bw="8" slack="0"/>
<pin id="2270" dir="0" index="2" bw="0" slack="2147483647"/>
<pin id="2271" dir="1" index="3" bw="8" slack="2147483647"/>
</pin_list>
<bind>
<opcode="store(28) " fcode="store"/>
<opset="store_ln44/3 "/>
</bind>
</comp>

<comp id="2274" class="1004" name="store_ln44_access_fu_2274">
<pin_list>
<pin id="2275" dir="0" index="0" bw="3" slack="0"/>
<pin id="2276" dir="0" index="1" bw="8" slack="0"/>
<pin id="2277" dir="0" index="2" bw="0" slack="2147483647"/>
<pin id="2278" dir="1" index="3" bw="8" slack="2147483647"/>
</pin_list>
<bind>
<opcode="store(28) " fcode="store"/>
<opset="store_ln44/3 "/>
</bind>
</comp>

<comp id="2281" class="1004" name="store_ln44_access_fu_2281">
<pin_list>
<pin id="2282" dir="0" index="0" bw="3" slack="0"/>
<pin id="2283" dir="0" index="1" bw="8" slack="0"/>
<pin id="2284" dir="0" index="2" bw="0" slack="2147483647"/>
<pin id="2285" dir="1" index="3" bw="8" slack="2147483647"/>
</pin_list>
<bind>
<opcode="store(28) " fcode="store"/>
<opset="store_ln44/3 "/>
</bind>
</comp>

<comp id="2288" class="1004" name="store_ln44_access_fu_2288">
<pin_list>
<pin id="2289" dir="0" index="0" bw="3" slack="0"/>
<pin id="2290" dir="0" index="1" bw="8" slack="0"/>
<pin id="2291" dir="0" index="2" bw="0" slack="2147483647"/>
<pin id="2292" dir="1" index="3" bw="8" slack="2147483647"/>
</pin_list>
<bind>
<opcode="store(28) " fcode="store"/>
<opset="store_ln44/3 "/>
</bind>
</comp>

<comp id="2295" class="1004" name="store_ln44_access_fu_2295">
<pin_list>
<pin id="2296" dir="0" index="0" bw="3" slack="0"/>
<pin id="2297" dir="0" index="1" bw="8" slack="0"/>
<pin id="2298" dir="0" index="2" bw="0" slack="2147483647"/>
<pin id="2299" dir="1" index="3" bw="8" slack="2147483647"/>
</pin_list>
<bind>
<opcode="store(28) " fcode="store"/>
<opset="store_ln44/3 "/>
</bind>
</comp>

<comp id="2302" class="1004" name="store_ln44_access_fu_2302">
<pin_list>
<pin id="2303" dir="0" index="0" bw="3" slack="0"/>
<pin id="2304" dir="0" index="1" bw="8" slack="0"/>
<pin id="2305" dir="0" index="2" bw="0" slack="2147483647"/>
<pin id="2306" dir="1" index="3" bw="8" slack="2147483647"/>
</pin_list>
<bind>
<opcode="store(28) " fcode="store"/>
<opset="store_ln44/3 "/>
</bind>
</comp>

<comp id="2309" class="1004" name="store_ln44_access_fu_2309">
<pin_list>
<pin id="2310" dir="0" index="0" bw="3" slack="0"/>
<pin id="2311" dir="0" index="1" bw="8" slack="0"/>
<pin id="2312" dir="0" index="2" bw="0" slack="2147483647"/>
<pin id="2313" dir="1" index="3" bw="8" slack="2147483647"/>
</pin_list>
<bind>
<opcode="store(28) " fcode="store"/>
<opset="store_ln44/3 "/>
</bind>
</comp>

<comp id="2316" class="1004" name="store_ln44_access_fu_2316">
<pin_list>
<pin id="2317" dir="0" index="0" bw="3" slack="0"/>
<pin id="2318" dir="0" index="1" bw="8" slack="0"/>
<pin id="2319" dir="0" index="2" bw="0" slack="2147483647"/>
<pin id="2320" dir="1" index="3" bw="8" slack="2147483647"/>
</pin_list>
<bind>
<opcode="store(28) " fcode="store"/>
<opset="store_ln44/3 "/>
</bind>
</comp>

<comp id="2323" class="1004" name="store_ln44_access_fu_2323">
<pin_list>
<pin id="2324" dir="0" index="0" bw="3" slack="0"/>
<pin id="2325" dir="0" index="1" bw="8" slack="0"/>
<pin id="2326" dir="0" index="2" bw="0" slack="2147483647"/>
<pin id="2327" dir="1" index="3" bw="8" slack="2147483647"/>
</pin_list>
<bind>
<opcode="store(28) " fcode="store"/>
<opset="store_ln44/3 "/>
</bind>
</comp>

<comp id="2330" class="1004" name="store_ln44_access_fu_2330">
<pin_list>
<pin id="2331" dir="0" index="0" bw="3" slack="0"/>
<pin id="2332" dir="0" index="1" bw="8" slack="0"/>
<pin id="2333" dir="0" index="2" bw="0" slack="2147483647"/>
<pin id="2334" dir="1" index="3" bw="8" slack="2147483647"/>
</pin_list>
<bind>
<opcode="store(28) " fcode="store"/>
<opset="store_ln44/3 "/>
</bind>
</comp>

<comp id="2337" class="1004" name="store_ln44_access_fu_2337">
<pin_list>
<pin id="2338" dir="0" index="0" bw="3" slack="0"/>
<pin id="2339" dir="0" index="1" bw="8" slack="0"/>
<pin id="2340" dir="0" index="2" bw="0" slack="2147483647"/>
<pin id="2341" dir="1" index="3" bw="8" slack="2147483647"/>
</pin_list>
<bind>
<opcode="store(28) " fcode="store"/>
<opset="store_ln44/3 "/>
</bind>
</comp>

<comp id="2344" class="1004" name="store_ln44_access_fu_2344">
<pin_list>
<pin id="2345" dir="0" index="0" bw="3" slack="0"/>
<pin id="2346" dir="0" index="1" bw="8" slack="0"/>
<pin id="2347" dir="0" index="2" bw="0" slack="2147483647"/>
<pin id="2348" dir="1" index="3" bw="8" slack="2147483647"/>
</pin_list>
<bind>
<opcode="store(28) " fcode="store"/>
<opset="store_ln44/3 "/>
</bind>
</comp>

<comp id="2351" class="1004" name="store_ln44_access_fu_2351">
<pin_list>
<pin id="2352" dir="0" index="0" bw="3" slack="0"/>
<pin id="2353" dir="0" index="1" bw="8" slack="0"/>
<pin id="2354" dir="0" index="2" bw="0" slack="2147483647"/>
<pin id="2355" dir="1" index="3" bw="8" slack="2147483647"/>
</pin_list>
<bind>
<opcode="store(28) " fcode="store"/>
<opset="store_ln44/3 "/>
</bind>
</comp>

<comp id="2358" class="1004" name="store_ln44_access_fu_2358">
<pin_list>
<pin id="2359" dir="0" index="0" bw="3" slack="0"/>
<pin id="2360" dir="0" index="1" bw="8" slack="0"/>
<pin id="2361" dir="0" index="2" bw="0" slack="2147483647"/>
<pin id="2362" dir="1" index="3" bw="8" slack="2147483647"/>
</pin_list>
<bind>
<opcode="store(28) " fcode="store"/>
<opset="store_ln44/3 "/>
</bind>
</comp>

<comp id="2365" class="1004" name="store_ln44_access_fu_2365">
<pin_list>
<pin id="2366" dir="0" index="0" bw="3" slack="0"/>
<pin id="2367" dir="0" index="1" bw="8" slack="0"/>
<pin id="2368" dir="0" index="2" bw="0" slack="2147483647"/>
<pin id="2369" dir="1" index="3" bw="8" slack="2147483647"/>
</pin_list>
<bind>
<opcode="store(28) " fcode="store"/>
<opset="store_ln44/3 "/>
</bind>
</comp>

<comp id="2372" class="1004" name="store_ln44_access_fu_2372">
<pin_list>
<pin id="2373" dir="0" index="0" bw="3" slack="0"/>
<pin id="2374" dir="0" index="1" bw="8" slack="0"/>
<pin id="2375" dir="0" index="2" bw="0" slack="2147483647"/>
<pin id="2376" dir="1" index="3" bw="8" slack="2147483647"/>
</pin_list>
<bind>
<opcode="store(28) " fcode="store"/>
<opset="store_ln44/3 "/>
</bind>
</comp>

<comp id="2379" class="1004" name="store_ln44_access_fu_2379">
<pin_list>
<pin id="2380" dir="0" index="0" bw="3" slack="0"/>
<pin id="2381" dir="0" index="1" bw="8" slack="0"/>
<pin id="2382" dir="0" index="2" bw="0" slack="2147483647"/>
<pin id="2383" dir="1" index="3" bw="8" slack="2147483647"/>
</pin_list>
<bind>
<opcode="store(28) " fcode="store"/>
<opset="store_ln44/3 "/>
</bind>
</comp>

<comp id="2386" class="1004" name="store_ln44_access_fu_2386">
<pin_list>
<pin id="2387" dir="0" index="0" bw="3" slack="0"/>
<pin id="2388" dir="0" index="1" bw="8" slack="0"/>
<pin id="2389" dir="0" index="2" bw="0" slack="2147483647"/>
<pin id="2390" dir="1" index="3" bw="8" slack="2147483647"/>
</pin_list>
<bind>
<opcode="store(28) " fcode="store"/>
<opset="store_ln44/3 "/>
</bind>
</comp>

<comp id="2393" class="1004" name="store_ln44_access_fu_2393">
<pin_list>
<pin id="2394" dir="0" index="0" bw="3" slack="0"/>
<pin id="2395" dir="0" index="1" bw="8" slack="0"/>
<pin id="2396" dir="0" index="2" bw="0" slack="2147483647"/>
<pin id="2397" dir="1" index="3" bw="8" slack="2147483647"/>
</pin_list>
<bind>
<opcode="store(28) " fcode="store"/>
<opset="store_ln44/3 "/>
</bind>
</comp>

<comp id="2400" class="1004" name="store_ln44_access_fu_2400">
<pin_list>
<pin id="2401" dir="0" index="0" bw="3" slack="0"/>
<pin id="2402" dir="0" index="1" bw="8" slack="0"/>
<pin id="2403" dir="0" index="2" bw="0" slack="2147483647"/>
<pin id="2404" dir="1" index="3" bw="8" slack="2147483647"/>
</pin_list>
<bind>
<opcode="store(28) " fcode="store"/>
<opset="store_ln44/3 "/>
</bind>
</comp>

<comp id="2407" class="1004" name="store_ln44_access_fu_2407">
<pin_list>
<pin id="2408" dir="0" index="0" bw="3" slack="0"/>
<pin id="2409" dir="0" index="1" bw="8" slack="0"/>
<pin id="2410" dir="0" index="2" bw="0" slack="2147483647"/>
<pin id="2411" dir="1" index="3" bw="8" slack="2147483647"/>
</pin_list>
<bind>
<opcode="store(28) " fcode="store"/>
<opset="store_ln44/3 "/>
</bind>
</comp>

<comp id="2414" class="1004" name="store_ln44_access_fu_2414">
<pin_list>
<pin id="2415" dir="0" index="0" bw="3" slack="0"/>
<pin id="2416" dir="0" index="1" bw="8" slack="0"/>
<pin id="2417" dir="0" index="2" bw="0" slack="2147483647"/>
<pin id="2418" dir="1" index="3" bw="8" slack="2147483647"/>
</pin_list>
<bind>
<opcode="store(28) " fcode="store"/>
<opset="store_ln44/3 "/>
</bind>
</comp>

<comp id="2421" class="1004" name="store_ln44_access_fu_2421">
<pin_list>
<pin id="2422" dir="0" index="0" bw="3" slack="0"/>
<pin id="2423" dir="0" index="1" bw="8" slack="0"/>
<pin id="2424" dir="0" index="2" bw="0" slack="2147483647"/>
<pin id="2425" dir="1" index="3" bw="8" slack="2147483647"/>
</pin_list>
<bind>
<opcode="store(28) " fcode="store"/>
<opset="store_ln44/3 "/>
</bind>
</comp>

<comp id="2428" class="1004" name="store_ln44_access_fu_2428">
<pin_list>
<pin id="2429" dir="0" index="0" bw="3" slack="0"/>
<pin id="2430" dir="0" index="1" bw="8" slack="0"/>
<pin id="2431" dir="0" index="2" bw="0" slack="2147483647"/>
<pin id="2432" dir="1" index="3" bw="8" slack="2147483647"/>
</pin_list>
<bind>
<opcode="store(28) " fcode="store"/>
<opset="store_ln44/3 "/>
</bind>
</comp>

<comp id="2435" class="1004" name="store_ln44_access_fu_2435">
<pin_list>
<pin id="2436" dir="0" index="0" bw="3" slack="0"/>
<pin id="2437" dir="0" index="1" bw="8" slack="0"/>
<pin id="2438" dir="0" index="2" bw="0" slack="2147483647"/>
<pin id="2439" dir="1" index="3" bw="8" slack="2147483647"/>
</pin_list>
<bind>
<opcode="store(28) " fcode="store"/>
<opset="store_ln44/3 "/>
</bind>
</comp>

<comp id="2442" class="1004" name="store_ln44_access_fu_2442">
<pin_list>
<pin id="2443" dir="0" index="0" bw="3" slack="0"/>
<pin id="2444" dir="0" index="1" bw="8" slack="0"/>
<pin id="2445" dir="0" index="2" bw="0" slack="2147483647"/>
<pin id="2446" dir="1" index="3" bw="8" slack="2147483647"/>
</pin_list>
<bind>
<opcode="store(28) " fcode="store"/>
<opset="store_ln44/3 "/>
</bind>
</comp>

<comp id="2449" class="1004" name="store_ln44_access_fu_2449">
<pin_list>
<pin id="2450" dir="0" index="0" bw="3" slack="0"/>
<pin id="2451" dir="0" index="1" bw="8" slack="0"/>
<pin id="2452" dir="0" index="2" bw="0" slack="2147483647"/>
<pin id="2453" dir="1" index="3" bw="8" slack="2147483647"/>
</pin_list>
<bind>
<opcode="store(28) " fcode="store"/>
<opset="store_ln44/3 "/>
</bind>
</comp>

<comp id="2456" class="1004" name="store_ln44_access_fu_2456">
<pin_list>
<pin id="2457" dir="0" index="0" bw="3" slack="0"/>
<pin id="2458" dir="0" index="1" bw="8" slack="0"/>
<pin id="2459" dir="0" index="2" bw="0" slack="2147483647"/>
<pin id="2460" dir="1" index="3" bw="8" slack="2147483647"/>
</pin_list>
<bind>
<opcode="store(28) " fcode="store"/>
<opset="store_ln44/3 "/>
</bind>
</comp>

<comp id="2463" class="1004" name="store_ln44_access_fu_2463">
<pin_list>
<pin id="2464" dir="0" index="0" bw="3" slack="0"/>
<pin id="2465" dir="0" index="1" bw="8" slack="0"/>
<pin id="2466" dir="0" index="2" bw="0" slack="2147483647"/>
<pin id="2467" dir="1" index="3" bw="8" slack="2147483647"/>
</pin_list>
<bind>
<opcode="store(28) " fcode="store"/>
<opset="store_ln44/3 "/>
</bind>
</comp>

<comp id="2470" class="1004" name="store_ln44_access_fu_2470">
<pin_list>
<pin id="2471" dir="0" index="0" bw="3" slack="0"/>
<pin id="2472" dir="0" index="1" bw="8" slack="0"/>
<pin id="2473" dir="0" index="2" bw="0" slack="2147483647"/>
<pin id="2474" dir="1" index="3" bw="8" slack="2147483647"/>
</pin_list>
<bind>
<opcode="store(28) " fcode="store"/>
<opset="store_ln44/3 "/>
</bind>
</comp>

<comp id="2477" class="1004" name="store_ln44_access_fu_2477">
<pin_list>
<pin id="2478" dir="0" index="0" bw="3" slack="0"/>
<pin id="2479" dir="0" index="1" bw="8" slack="0"/>
<pin id="2480" dir="0" index="2" bw="0" slack="2147483647"/>
<pin id="2481" dir="1" index="3" bw="8" slack="2147483647"/>
</pin_list>
<bind>
<opcode="store(28) " fcode="store"/>
<opset="store_ln44/3 "/>
</bind>
</comp>

<comp id="2484" class="1004" name="store_ln44_access_fu_2484">
<pin_list>
<pin id="2485" dir="0" index="0" bw="3" slack="0"/>
<pin id="2486" dir="0" index="1" bw="8" slack="0"/>
<pin id="2487" dir="0" index="2" bw="0" slack="2147483647"/>
<pin id="2488" dir="1" index="3" bw="8" slack="2147483647"/>
</pin_list>
<bind>
<opcode="store(28) " fcode="store"/>
<opset="store_ln44/3 "/>
</bind>
</comp>

<comp id="2491" class="1004" name="store_ln44_access_fu_2491">
<pin_list>
<pin id="2492" dir="0" index="0" bw="3" slack="0"/>
<pin id="2493" dir="0" index="1" bw="8" slack="0"/>
<pin id="2494" dir="0" index="2" bw="0" slack="2147483647"/>
<pin id="2495" dir="1" index="3" bw="8" slack="2147483647"/>
</pin_list>
<bind>
<opcode="store(28) " fcode="store"/>
<opset="store_ln44/3 "/>
</bind>
</comp>

<comp id="2498" class="1004" name="store_ln44_access_fu_2498">
<pin_list>
<pin id="2499" dir="0" index="0" bw="3" slack="0"/>
<pin id="2500" dir="0" index="1" bw="8" slack="0"/>
<pin id="2501" dir="0" index="2" bw="0" slack="2147483647"/>
<pin id="2502" dir="1" index="3" bw="8" slack="2147483647"/>
</pin_list>
<bind>
<opcode="store(28) " fcode="store"/>
<opset="store_ln44/3 "/>
</bind>
</comp>

<comp id="2505" class="1004" name="store_ln44_access_fu_2505">
<pin_list>
<pin id="2506" dir="0" index="0" bw="3" slack="0"/>
<pin id="2507" dir="0" index="1" bw="8" slack="0"/>
<pin id="2508" dir="0" index="2" bw="0" slack="2147483647"/>
<pin id="2509" dir="1" index="3" bw="8" slack="2147483647"/>
</pin_list>
<bind>
<opcode="store(28) " fcode="store"/>
<opset="store_ln44/3 "/>
</bind>
</comp>

<comp id="2512" class="1004" name="store_ln44_access_fu_2512">
<pin_list>
<pin id="2513" dir="0" index="0" bw="3" slack="0"/>
<pin id="2514" dir="0" index="1" bw="8" slack="0"/>
<pin id="2515" dir="0" index="2" bw="0" slack="2147483647"/>
<pin id="2516" dir="1" index="3" bw="8" slack="2147483647"/>
</pin_list>
<bind>
<opcode="store(28) " fcode="store"/>
<opset="store_ln44/3 "/>
</bind>
</comp>

<comp id="2519" class="1004" name="store_ln44_access_fu_2519">
<pin_list>
<pin id="2520" dir="0" index="0" bw="3" slack="0"/>
<pin id="2521" dir="0" index="1" bw="8" slack="0"/>
<pin id="2522" dir="0" index="2" bw="0" slack="2147483647"/>
<pin id="2523" dir="1" index="3" bw="8" slack="2147483647"/>
</pin_list>
<bind>
<opcode="store(28) " fcode="store"/>
<opset="store_ln44/3 "/>
</bind>
</comp>

<comp id="2526" class="1004" name="store_ln44_access_fu_2526">
<pin_list>
<pin id="2527" dir="0" index="0" bw="3" slack="0"/>
<pin id="2528" dir="0" index="1" bw="8" slack="0"/>
<pin id="2529" dir="0" index="2" bw="0" slack="2147483647"/>
<pin id="2530" dir="1" index="3" bw="8" slack="2147483647"/>
</pin_list>
<bind>
<opcode="store(28) " fcode="store"/>
<opset="store_ln44/3 "/>
</bind>
</comp>

<comp id="2533" class="1004" name="store_ln44_access_fu_2533">
<pin_list>
<pin id="2534" dir="0" index="0" bw="3" slack="0"/>
<pin id="2535" dir="0" index="1" bw="8" slack="0"/>
<pin id="2536" dir="0" index="2" bw="0" slack="2147483647"/>
<pin id="2537" dir="1" index="3" bw="8" slack="2147483647"/>
</pin_list>
<bind>
<opcode="store(28) " fcode="store"/>
<opset="store_ln44/3 "/>
</bind>
</comp>

<comp id="2540" class="1004" name="store_ln44_access_fu_2540">
<pin_list>
<pin id="2541" dir="0" index="0" bw="3" slack="0"/>
<pin id="2542" dir="0" index="1" bw="8" slack="0"/>
<pin id="2543" dir="0" index="2" bw="0" slack="2147483647"/>
<pin id="2544" dir="1" index="3" bw="8" slack="2147483647"/>
</pin_list>
<bind>
<opcode="store(28) " fcode="store"/>
<opset="store_ln44/3 "/>
</bind>
</comp>

<comp id="2547" class="1004" name="store_ln44_access_fu_2547">
<pin_list>
<pin id="2548" dir="0" index="0" bw="3" slack="0"/>
<pin id="2549" dir="0" index="1" bw="8" slack="0"/>
<pin id="2550" dir="0" index="2" bw="0" slack="2147483647"/>
<pin id="2551" dir="1" index="3" bw="8" slack="2147483647"/>
</pin_list>
<bind>
<opcode="store(28) " fcode="store"/>
<opset="store_ln44/3 "/>
</bind>
</comp>

<comp id="2554" class="1004" name="store_ln44_access_fu_2554">
<pin_list>
<pin id="2555" dir="0" index="0" bw="3" slack="0"/>
<pin id="2556" dir="0" index="1" bw="8" slack="0"/>
<pin id="2557" dir="0" index="2" bw="0" slack="2147483647"/>
<pin id="2558" dir="1" index="3" bw="8" slack="2147483647"/>
</pin_list>
<bind>
<opcode="store(28) " fcode="store"/>
<opset="store_ln44/3 "/>
</bind>
</comp>

<comp id="2561" class="1004" name="store_ln44_access_fu_2561">
<pin_list>
<pin id="2562" dir="0" index="0" bw="3" slack="0"/>
<pin id="2563" dir="0" index="1" bw="8" slack="0"/>
<pin id="2564" dir="0" index="2" bw="0" slack="2147483647"/>
<pin id="2565" dir="1" index="3" bw="8" slack="2147483647"/>
</pin_list>
<bind>
<opcode="store(28) " fcode="store"/>
<opset="store_ln44/3 "/>
</bind>
</comp>

<comp id="2568" class="1004" name="store_ln44_access_fu_2568">
<pin_list>
<pin id="2569" dir="0" index="0" bw="3" slack="0"/>
<pin id="2570" dir="0" index="1" bw="8" slack="0"/>
<pin id="2571" dir="0" index="2" bw="0" slack="2147483647"/>
<pin id="2572" dir="1" index="3" bw="8" slack="2147483647"/>
</pin_list>
<bind>
<opcode="store(28) " fcode="store"/>
<opset="store_ln44/3 "/>
</bind>
</comp>

<comp id="2575" class="1004" name="store_ln44_access_fu_2575">
<pin_list>
<pin id="2576" dir="0" index="0" bw="3" slack="0"/>
<pin id="2577" dir="0" index="1" bw="8" slack="0"/>
<pin id="2578" dir="0" index="2" bw="0" slack="2147483647"/>
<pin id="2579" dir="1" index="3" bw="8" slack="2147483647"/>
</pin_list>
<bind>
<opcode="store(28) " fcode="store"/>
<opset="store_ln44/3 "/>
</bind>
</comp>

<comp id="2582" class="1004" name="store_ln44_access_fu_2582">
<pin_list>
<pin id="2583" dir="0" index="0" bw="3" slack="0"/>
<pin id="2584" dir="0" index="1" bw="8" slack="0"/>
<pin id="2585" dir="0" index="2" bw="0" slack="2147483647"/>
<pin id="2586" dir="1" index="3" bw="8" slack="2147483647"/>
</pin_list>
<bind>
<opcode="store(28) " fcode="store"/>
<opset="store_ln44/3 "/>
</bind>
</comp>

<comp id="2589" class="1004" name="store_ln44_access_fu_2589">
<pin_list>
<pin id="2590" dir="0" index="0" bw="3" slack="0"/>
<pin id="2591" dir="0" index="1" bw="8" slack="0"/>
<pin id="2592" dir="0" index="2" bw="0" slack="2147483647"/>
<pin id="2593" dir="1" index="3" bw="8" slack="2147483647"/>
</pin_list>
<bind>
<opcode="store(28) " fcode="store"/>
<opset="store_ln44/3 "/>
</bind>
</comp>

<comp id="2596" class="1004" name="store_ln44_access_fu_2596">
<pin_list>
<pin id="2597" dir="0" index="0" bw="3" slack="0"/>
<pin id="2598" dir="0" index="1" bw="8" slack="0"/>
<pin id="2599" dir="0" index="2" bw="0" slack="2147483647"/>
<pin id="2600" dir="1" index="3" bw="8" slack="2147483647"/>
</pin_list>
<bind>
<opcode="store(28) " fcode="store"/>
<opset="store_ln44/3 "/>
</bind>
</comp>

<comp id="2603" class="1004" name="store_ln44_access_fu_2603">
<pin_list>
<pin id="2604" dir="0" index="0" bw="3" slack="0"/>
<pin id="2605" dir="0" index="1" bw="8" slack="0"/>
<pin id="2606" dir="0" index="2" bw="0" slack="2147483647"/>
<pin id="2607" dir="1" index="3" bw="8" slack="2147483647"/>
</pin_list>
<bind>
<opcode="store(28) " fcode="store"/>
<opset="store_ln44/3 "/>
</bind>
</comp>

<comp id="2610" class="1004" name="store_ln44_access_fu_2610">
<pin_list>
<pin id="2611" dir="0" index="0" bw="3" slack="0"/>
<pin id="2612" dir="0" index="1" bw="8" slack="0"/>
<pin id="2613" dir="0" index="2" bw="0" slack="2147483647"/>
<pin id="2614" dir="1" index="3" bw="8" slack="2147483647"/>
</pin_list>
<bind>
<opcode="store(28) " fcode="store"/>
<opset="store_ln44/3 "/>
</bind>
</comp>

<comp id="2617" class="1004" name="store_ln44_access_fu_2617">
<pin_list>
<pin id="2618" dir="0" index="0" bw="3" slack="0"/>
<pin id="2619" dir="0" index="1" bw="8" slack="0"/>
<pin id="2620" dir="0" index="2" bw="0" slack="2147483647"/>
<pin id="2621" dir="1" index="3" bw="8" slack="2147483647"/>
</pin_list>
<bind>
<opcode="store(28) " fcode="store"/>
<opset="store_ln44/3 "/>
</bind>
</comp>

<comp id="2624" class="1004" name="store_ln44_access_fu_2624">
<pin_list>
<pin id="2625" dir="0" index="0" bw="3" slack="0"/>
<pin id="2626" dir="0" index="1" bw="8" slack="0"/>
<pin id="2627" dir="0" index="2" bw="0" slack="2147483647"/>
<pin id="2628" dir="1" index="3" bw="8" slack="2147483647"/>
</pin_list>
<bind>
<opcode="store(28) " fcode="store"/>
<opset="store_ln44/3 "/>
</bind>
</comp>

<comp id="2631" class="1004" name="store_ln44_access_fu_2631">
<pin_list>
<pin id="2632" dir="0" index="0" bw="3" slack="0"/>
<pin id="2633" dir="0" index="1" bw="8" slack="0"/>
<pin id="2634" dir="0" index="2" bw="0" slack="2147483647"/>
<pin id="2635" dir="1" index="3" bw="8" slack="2147483647"/>
</pin_list>
<bind>
<opcode="store(28) " fcode="store"/>
<opset="store_ln44/3 "/>
</bind>
</comp>

<comp id="2638" class="1004" name="store_ln44_access_fu_2638">
<pin_list>
<pin id="2639" dir="0" index="0" bw="3" slack="0"/>
<pin id="2640" dir="0" index="1" bw="8" slack="0"/>
<pin id="2641" dir="0" index="2" bw="0" slack="2147483647"/>
<pin id="2642" dir="1" index="3" bw="8" slack="2147483647"/>
</pin_list>
<bind>
<opcode="store(28) " fcode="store"/>
<opset="store_ln44/3 "/>
</bind>
</comp>

<comp id="2645" class="1004" name="store_ln44_access_fu_2645">
<pin_list>
<pin id="2646" dir="0" index="0" bw="3" slack="0"/>
<pin id="2647" dir="0" index="1" bw="8" slack="0"/>
<pin id="2648" dir="0" index="2" bw="0" slack="2147483647"/>
<pin id="2649" dir="1" index="3" bw="8" slack="2147483647"/>
</pin_list>
<bind>
<opcode="store(28) " fcode="store"/>
<opset="store_ln44/3 "/>
</bind>
</comp>

<comp id="2652" class="1004" name="store_ln44_access_fu_2652">
<pin_list>
<pin id="2653" dir="0" index="0" bw="3" slack="0"/>
<pin id="2654" dir="0" index="1" bw="8" slack="0"/>
<pin id="2655" dir="0" index="2" bw="0" slack="2147483647"/>
<pin id="2656" dir="1" index="3" bw="8" slack="2147483647"/>
</pin_list>
<bind>
<opcode="store(28) " fcode="store"/>
<opset="store_ln44/3 "/>
</bind>
</comp>

<comp id="2659" class="1004" name="store_ln44_access_fu_2659">
<pin_list>
<pin id="2660" dir="0" index="0" bw="3" slack="0"/>
<pin id="2661" dir="0" index="1" bw="8" slack="0"/>
<pin id="2662" dir="0" index="2" bw="0" slack="2147483647"/>
<pin id="2663" dir="1" index="3" bw="8" slack="2147483647"/>
</pin_list>
<bind>
<opcode="store(28) " fcode="store"/>
<opset="store_ln44/3 "/>
</bind>
</comp>

<comp id="2666" class="1004" name="store_ln44_access_fu_2666">
<pin_list>
<pin id="2667" dir="0" index="0" bw="3" slack="0"/>
<pin id="2668" dir="0" index="1" bw="8" slack="0"/>
<pin id="2669" dir="0" index="2" bw="0" slack="2147483647"/>
<pin id="2670" dir="1" index="3" bw="8" slack="2147483647"/>
</pin_list>
<bind>
<opcode="store(28) " fcode="store"/>
<opset="store_ln44/3 "/>
</bind>
</comp>

<comp id="2673" class="1004" name="store_ln44_access_fu_2673">
<pin_list>
<pin id="2674" dir="0" index="0" bw="3" slack="0"/>
<pin id="2675" dir="0" index="1" bw="8" slack="0"/>
<pin id="2676" dir="0" index="2" bw="0" slack="2147483647"/>
<pin id="2677" dir="1" index="3" bw="8" slack="2147483647"/>
</pin_list>
<bind>
<opcode="store(28) " fcode="store"/>
<opset="store_ln44/3 "/>
</bind>
</comp>

<comp id="2680" class="1004" name="store_ln44_access_fu_2680">
<pin_list>
<pin id="2681" dir="0" index="0" bw="3" slack="0"/>
<pin id="2682" dir="0" index="1" bw="8" slack="0"/>
<pin id="2683" dir="0" index="2" bw="0" slack="2147483647"/>
<pin id="2684" dir="1" index="3" bw="8" slack="2147483647"/>
</pin_list>
<bind>
<opcode="store(28) " fcode="store"/>
<opset="store_ln44/3 "/>
</bind>
</comp>

<comp id="2687" class="1004" name="store_ln44_access_fu_2687">
<pin_list>
<pin id="2688" dir="0" index="0" bw="3" slack="0"/>
<pin id="2689" dir="0" index="1" bw="8" slack="0"/>
<pin id="2690" dir="0" index="2" bw="0" slack="2147483647"/>
<pin id="2691" dir="1" index="3" bw="8" slack="2147483647"/>
</pin_list>
<bind>
<opcode="store(28) " fcode="store"/>
<opset="store_ln44/3 "/>
</bind>
</comp>

<comp id="2694" class="1004" name="store_ln44_access_fu_2694">
<pin_list>
<pin id="2695" dir="0" index="0" bw="3" slack="0"/>
<pin id="2696" dir="0" index="1" bw="8" slack="0"/>
<pin id="2697" dir="0" index="2" bw="0" slack="2147483647"/>
<pin id="2698" dir="1" index="3" bw="8" slack="2147483647"/>
</pin_list>
<bind>
<opcode="store(28) " fcode="store"/>
<opset="store_ln44/3 "/>
</bind>
</comp>

<comp id="2701" class="1004" name="store_ln44_access_fu_2701">
<pin_list>
<pin id="2702" dir="0" index="0" bw="3" slack="0"/>
<pin id="2703" dir="0" index="1" bw="8" slack="0"/>
<pin id="2704" dir="0" index="2" bw="0" slack="2147483647"/>
<pin id="2705" dir="1" index="3" bw="8" slack="2147483647"/>
</pin_list>
<bind>
<opcode="store(28) " fcode="store"/>
<opset="store_ln44/3 "/>
</bind>
</comp>

<comp id="2708" class="1004" name="store_ln44_access_fu_2708">
<pin_list>
<pin id="2709" dir="0" index="0" bw="3" slack="0"/>
<pin id="2710" dir="0" index="1" bw="8" slack="0"/>
<pin id="2711" dir="0" index="2" bw="0" slack="2147483647"/>
<pin id="2712" dir="1" index="3" bw="8" slack="2147483647"/>
</pin_list>
<bind>
<opcode="store(28) " fcode="store"/>
<opset="store_ln44/3 "/>
</bind>
</comp>

<comp id="2715" class="1004" name="store_ln44_access_fu_2715">
<pin_list>
<pin id="2716" dir="0" index="0" bw="3" slack="0"/>
<pin id="2717" dir="0" index="1" bw="8" slack="0"/>
<pin id="2718" dir="0" index="2" bw="0" slack="2147483647"/>
<pin id="2719" dir="1" index="3" bw="8" slack="2147483647"/>
</pin_list>
<bind>
<opcode="store(28) " fcode="store"/>
<opset="store_ln44/3 "/>
</bind>
</comp>

<comp id="2722" class="1004" name="store_ln44_access_fu_2722">
<pin_list>
<pin id="2723" dir="0" index="0" bw="3" slack="0"/>
<pin id="2724" dir="0" index="1" bw="8" slack="0"/>
<pin id="2725" dir="0" index="2" bw="0" slack="2147483647"/>
<pin id="2726" dir="1" index="3" bw="8" slack="2147483647"/>
</pin_list>
<bind>
<opcode="store(28) " fcode="store"/>
<opset="store_ln44/3 "/>
</bind>
</comp>

<comp id="2729" class="1004" name="store_ln44_access_fu_2729">
<pin_list>
<pin id="2730" dir="0" index="0" bw="3" slack="0"/>
<pin id="2731" dir="0" index="1" bw="8" slack="0"/>
<pin id="2732" dir="0" index="2" bw="0" slack="2147483647"/>
<pin id="2733" dir="1" index="3" bw="8" slack="2147483647"/>
</pin_list>
<bind>
<opcode="store(28) " fcode="store"/>
<opset="store_ln44/3 "/>
</bind>
</comp>

<comp id="2736" class="1004" name="store_ln44_access_fu_2736">
<pin_list>
<pin id="2737" dir="0" index="0" bw="3" slack="0"/>
<pin id="2738" dir="0" index="1" bw="8" slack="0"/>
<pin id="2739" dir="0" index="2" bw="0" slack="2147483647"/>
<pin id="2740" dir="1" index="3" bw="8" slack="2147483647"/>
</pin_list>
<bind>
<opcode="store(28) " fcode="store"/>
<opset="store_ln44/3 "/>
</bind>
</comp>

<comp id="2743" class="1004" name="store_ln44_access_fu_2743">
<pin_list>
<pin id="2744" dir="0" index="0" bw="3" slack="0"/>
<pin id="2745" dir="0" index="1" bw="8" slack="0"/>
<pin id="2746" dir="0" index="2" bw="0" slack="2147483647"/>
<pin id="2747" dir="1" index="3" bw="8" slack="2147483647"/>
</pin_list>
<bind>
<opcode="store(28) " fcode="store"/>
<opset="store_ln44/3 "/>
</bind>
</comp>

<comp id="2750" class="1004" name="store_ln44_access_fu_2750">
<pin_list>
<pin id="2751" dir="0" index="0" bw="3" slack="0"/>
<pin id="2752" dir="0" index="1" bw="8" slack="0"/>
<pin id="2753" dir="0" index="2" bw="0" slack="2147483647"/>
<pin id="2754" dir="1" index="3" bw="8" slack="2147483647"/>
</pin_list>
<bind>
<opcode="store(28) " fcode="store"/>
<opset="store_ln44/3 "/>
</bind>
</comp>

<comp id="2757" class="1004" name="store_ln44_access_fu_2757">
<pin_list>
<pin id="2758" dir="0" index="0" bw="3" slack="0"/>
<pin id="2759" dir="0" index="1" bw="8" slack="0"/>
<pin id="2760" dir="0" index="2" bw="0" slack="2147483647"/>
<pin id="2761" dir="1" index="3" bw="8" slack="2147483647"/>
</pin_list>
<bind>
<opcode="store(28) " fcode="store"/>
<opset="store_ln44/3 "/>
</bind>
</comp>

<comp id="2764" class="1004" name="store_ln44_access_fu_2764">
<pin_list>
<pin id="2765" dir="0" index="0" bw="3" slack="0"/>
<pin id="2766" dir="0" index="1" bw="8" slack="0"/>
<pin id="2767" dir="0" index="2" bw="0" slack="2147483647"/>
<pin id="2768" dir="1" index="3" bw="8" slack="2147483647"/>
</pin_list>
<bind>
<opcode="store(28) " fcode="store"/>
<opset="store_ln44/3 "/>
</bind>
</comp>

<comp id="2771" class="1004" name="store_ln44_access_fu_2771">
<pin_list>
<pin id="2772" dir="0" index="0" bw="3" slack="0"/>
<pin id="2773" dir="0" index="1" bw="8" slack="0"/>
<pin id="2774" dir="0" index="2" bw="0" slack="2147483647"/>
<pin id="2775" dir="1" index="3" bw="8" slack="2147483647"/>
</pin_list>
<bind>
<opcode="store(28) " fcode="store"/>
<opset="store_ln44/3 "/>
</bind>
</comp>

<comp id="2778" class="1004" name="store_ln44_access_fu_2778">
<pin_list>
<pin id="2779" dir="0" index="0" bw="3" slack="0"/>
<pin id="2780" dir="0" index="1" bw="8" slack="0"/>
<pin id="2781" dir="0" index="2" bw="0" slack="2147483647"/>
<pin id="2782" dir="1" index="3" bw="8" slack="2147483647"/>
</pin_list>
<bind>
<opcode="store(28) " fcode="store"/>
<opset="store_ln44/3 "/>
</bind>
</comp>

<comp id="2785" class="1004" name="store_ln44_access_fu_2785">
<pin_list>
<pin id="2786" dir="0" index="0" bw="3" slack="0"/>
<pin id="2787" dir="0" index="1" bw="8" slack="0"/>
<pin id="2788" dir="0" index="2" bw="0" slack="2147483647"/>
<pin id="2789" dir="1" index="3" bw="8" slack="2147483647"/>
</pin_list>
<bind>
<opcode="store(28) " fcode="store"/>
<opset="store_ln44/3 "/>
</bind>
</comp>

<comp id="2792" class="1004" name="store_ln44_access_fu_2792">
<pin_list>
<pin id="2793" dir="0" index="0" bw="3" slack="0"/>
<pin id="2794" dir="0" index="1" bw="8" slack="0"/>
<pin id="2795" dir="0" index="2" bw="0" slack="2147483647"/>
<pin id="2796" dir="1" index="3" bw="8" slack="2147483647"/>
</pin_list>
<bind>
<opcode="store(28) " fcode="store"/>
<opset="store_ln44/3 "/>
</bind>
</comp>

<comp id="2799" class="1004" name="store_ln44_access_fu_2799">
<pin_list>
<pin id="2800" dir="0" index="0" bw="3" slack="0"/>
<pin id="2801" dir="0" index="1" bw="8" slack="0"/>
<pin id="2802" dir="0" index="2" bw="0" slack="2147483647"/>
<pin id="2803" dir="1" index="3" bw="8" slack="2147483647"/>
</pin_list>
<bind>
<opcode="store(28) " fcode="store"/>
<opset="store_ln44/3 "/>
</bind>
</comp>

<comp id="2806" class="1004" name="store_ln44_access_fu_2806">
<pin_list>
<pin id="2807" dir="0" index="0" bw="3" slack="0"/>
<pin id="2808" dir="0" index="1" bw="8" slack="0"/>
<pin id="2809" dir="0" index="2" bw="0" slack="2147483647"/>
<pin id="2810" dir="1" index="3" bw="8" slack="2147483647"/>
</pin_list>
<bind>
<opcode="store(28) " fcode="store"/>
<opset="store_ln44/3 "/>
</bind>
</comp>

<comp id="2813" class="1004" name="store_ln44_access_fu_2813">
<pin_list>
<pin id="2814" dir="0" index="0" bw="3" slack="0"/>
<pin id="2815" dir="0" index="1" bw="8" slack="0"/>
<pin id="2816" dir="0" index="2" bw="0" slack="2147483647"/>
<pin id="2817" dir="1" index="3" bw="8" slack="2147483647"/>
</pin_list>
<bind>
<opcode="store(28) " fcode="store"/>
<opset="store_ln44/3 "/>
</bind>
</comp>

<comp id="2820" class="1004" name="store_ln44_access_fu_2820">
<pin_list>
<pin id="2821" dir="0" index="0" bw="3" slack="0"/>
<pin id="2822" dir="0" index="1" bw="8" slack="0"/>
<pin id="2823" dir="0" index="2" bw="0" slack="2147483647"/>
<pin id="2824" dir="1" index="3" bw="8" slack="2147483647"/>
</pin_list>
<bind>
<opcode="store(28) " fcode="store"/>
<opset="store_ln44/3 "/>
</bind>
</comp>

<comp id="2827" class="1004" name="store_ln44_access_fu_2827">
<pin_list>
<pin id="2828" dir="0" index="0" bw="3" slack="0"/>
<pin id="2829" dir="0" index="1" bw="8" slack="0"/>
<pin id="2830" dir="0" index="2" bw="0" slack="2147483647"/>
<pin id="2831" dir="1" index="3" bw="8" slack="2147483647"/>
</pin_list>
<bind>
<opcode="store(28) " fcode="store"/>
<opset="store_ln44/3 "/>
</bind>
</comp>

<comp id="2834" class="1004" name="store_ln44_access_fu_2834">
<pin_list>
<pin id="2835" dir="0" index="0" bw="3" slack="0"/>
<pin id="2836" dir="0" index="1" bw="8" slack="0"/>
<pin id="2837" dir="0" index="2" bw="0" slack="2147483647"/>
<pin id="2838" dir="1" index="3" bw="8" slack="2147483647"/>
</pin_list>
<bind>
<opcode="store(28) " fcode="store"/>
<opset="store_ln44/3 "/>
</bind>
</comp>

<comp id="2841" class="1004" name="store_ln44_access_fu_2841">
<pin_list>
<pin id="2842" dir="0" index="0" bw="3" slack="0"/>
<pin id="2843" dir="0" index="1" bw="8" slack="0"/>
<pin id="2844" dir="0" index="2" bw="0" slack="2147483647"/>
<pin id="2845" dir="1" index="3" bw="8" slack="2147483647"/>
</pin_list>
<bind>
<opcode="store(28) " fcode="store"/>
<opset="store_ln44/3 "/>
</bind>
</comp>

<comp id="2848" class="1004" name="store_ln44_access_fu_2848">
<pin_list>
<pin id="2849" dir="0" index="0" bw="3" slack="0"/>
<pin id="2850" dir="0" index="1" bw="8" slack="0"/>
<pin id="2851" dir="0" index="2" bw="0" slack="2147483647"/>
<pin id="2852" dir="1" index="3" bw="8" slack="2147483647"/>
</pin_list>
<bind>
<opcode="store(28) " fcode="store"/>
<opset="store_ln44/3 "/>
</bind>
</comp>

<comp id="2855" class="1004" name="store_ln44_access_fu_2855">
<pin_list>
<pin id="2856" dir="0" index="0" bw="3" slack="0"/>
<pin id="2857" dir="0" index="1" bw="8" slack="0"/>
<pin id="2858" dir="0" index="2" bw="0" slack="2147483647"/>
<pin id="2859" dir="1" index="3" bw="8" slack="2147483647"/>
</pin_list>
<bind>
<opcode="store(28) " fcode="store"/>
<opset="store_ln44/3 "/>
</bind>
</comp>

<comp id="2862" class="1004" name="store_ln44_access_fu_2862">
<pin_list>
<pin id="2863" dir="0" index="0" bw="3" slack="0"/>
<pin id="2864" dir="0" index="1" bw="8" slack="0"/>
<pin id="2865" dir="0" index="2" bw="0" slack="2147483647"/>
<pin id="2866" dir="1" index="3" bw="8" slack="2147483647"/>
</pin_list>
<bind>
<opcode="store(28) " fcode="store"/>
<opset="store_ln44/3 "/>
</bind>
</comp>

<comp id="2869" class="1004" name="store_ln44_access_fu_2869">
<pin_list>
<pin id="2870" dir="0" index="0" bw="3" slack="0"/>
<pin id="2871" dir="0" index="1" bw="8" slack="0"/>
<pin id="2872" dir="0" index="2" bw="0" slack="2147483647"/>
<pin id="2873" dir="1" index="3" bw="8" slack="2147483647"/>
</pin_list>
<bind>
<opcode="store(28) " fcode="store"/>
<opset="store_ln44/3 "/>
</bind>
</comp>

<comp id="2876" class="1004" name="store_ln44_access_fu_2876">
<pin_list>
<pin id="2877" dir="0" index="0" bw="3" slack="0"/>
<pin id="2878" dir="0" index="1" bw="8" slack="0"/>
<pin id="2879" dir="0" index="2" bw="0" slack="2147483647"/>
<pin id="2880" dir="1" index="3" bw="8" slack="2147483647"/>
</pin_list>
<bind>
<opcode="store(28) " fcode="store"/>
<opset="store_ln44/3 "/>
</bind>
</comp>

<comp id="2883" class="1004" name="store_ln44_access_fu_2883">
<pin_list>
<pin id="2884" dir="0" index="0" bw="3" slack="0"/>
<pin id="2885" dir="0" index="1" bw="8" slack="0"/>
<pin id="2886" dir="0" index="2" bw="0" slack="2147483647"/>
<pin id="2887" dir="1" index="3" bw="8" slack="2147483647"/>
</pin_list>
<bind>
<opcode="store(28) " fcode="store"/>
<opset="store_ln44/3 "/>
</bind>
</comp>

<comp id="2890" class="1004" name="store_ln44_access_fu_2890">
<pin_list>
<pin id="2891" dir="0" index="0" bw="3" slack="0"/>
<pin id="2892" dir="0" index="1" bw="8" slack="0"/>
<pin id="2893" dir="0" index="2" bw="0" slack="2147483647"/>
<pin id="2894" dir="1" index="3" bw="8" slack="2147483647"/>
</pin_list>
<bind>
<opcode="store(28) " fcode="store"/>
<opset="store_ln44/3 "/>
</bind>
</comp>

<comp id="2897" class="1004" name="store_ln44_access_fu_2897">
<pin_list>
<pin id="2898" dir="0" index="0" bw="3" slack="0"/>
<pin id="2899" dir="0" index="1" bw="8" slack="0"/>
<pin id="2900" dir="0" index="2" bw="0" slack="2147483647"/>
<pin id="2901" dir="1" index="3" bw="8" slack="2147483647"/>
</pin_list>
<bind>
<opcode="store(28) " fcode="store"/>
<opset="store_ln44/3 "/>
</bind>
</comp>

<comp id="2904" class="1004" name="store_ln44_access_fu_2904">
<pin_list>
<pin id="2905" dir="0" index="0" bw="3" slack="0"/>
<pin id="2906" dir="0" index="1" bw="8" slack="0"/>
<pin id="2907" dir="0" index="2" bw="0" slack="2147483647"/>
<pin id="2908" dir="1" index="3" bw="8" slack="2147483647"/>
</pin_list>
<bind>
<opcode="store(28) " fcode="store"/>
<opset="store_ln44/3 "/>
</bind>
</comp>

<comp id="2911" class="1004" name="store_ln44_access_fu_2911">
<pin_list>
<pin id="2912" dir="0" index="0" bw="3" slack="0"/>
<pin id="2913" dir="0" index="1" bw="8" slack="0"/>
<pin id="2914" dir="0" index="2" bw="0" slack="2147483647"/>
<pin id="2915" dir="1" index="3" bw="8" slack="2147483647"/>
</pin_list>
<bind>
<opcode="store(28) " fcode="store"/>
<opset="store_ln44/3 "/>
</bind>
</comp>

<comp id="2918" class="1004" name="store_ln44_access_fu_2918">
<pin_list>
<pin id="2919" dir="0" index="0" bw="3" slack="0"/>
<pin id="2920" dir="0" index="1" bw="8" slack="0"/>
<pin id="2921" dir="0" index="2" bw="0" slack="2147483647"/>
<pin id="2922" dir="1" index="3" bw="8" slack="2147483647"/>
</pin_list>
<bind>
<opcode="store(28) " fcode="store"/>
<opset="store_ln44/3 "/>
</bind>
</comp>

<comp id="2925" class="1004" name="store_ln44_access_fu_2925">
<pin_list>
<pin id="2926" dir="0" index="0" bw="3" slack="0"/>
<pin id="2927" dir="0" index="1" bw="8" slack="0"/>
<pin id="2928" dir="0" index="2" bw="0" slack="2147483647"/>
<pin id="2929" dir="1" index="3" bw="8" slack="2147483647"/>
</pin_list>
<bind>
<opcode="store(28) " fcode="store"/>
<opset="store_ln44/3 "/>
</bind>
</comp>

<comp id="2932" class="1004" name="store_ln44_access_fu_2932">
<pin_list>
<pin id="2933" dir="0" index="0" bw="3" slack="0"/>
<pin id="2934" dir="0" index="1" bw="8" slack="0"/>
<pin id="2935" dir="0" index="2" bw="0" slack="2147483647"/>
<pin id="2936" dir="1" index="3" bw="8" slack="2147483647"/>
</pin_list>
<bind>
<opcode="store(28) " fcode="store"/>
<opset="store_ln44/3 "/>
</bind>
</comp>

<comp id="2939" class="1004" name="store_ln44_access_fu_2939">
<pin_list>
<pin id="2940" dir="0" index="0" bw="3" slack="0"/>
<pin id="2941" dir="0" index="1" bw="8" slack="0"/>
<pin id="2942" dir="0" index="2" bw="0" slack="2147483647"/>
<pin id="2943" dir="1" index="3" bw="8" slack="2147483647"/>
</pin_list>
<bind>
<opcode="store(28) " fcode="store"/>
<opset="store_ln44/3 "/>
</bind>
</comp>

<comp id="2946" class="1004" name="store_ln44_access_fu_2946">
<pin_list>
<pin id="2947" dir="0" index="0" bw="3" slack="0"/>
<pin id="2948" dir="0" index="1" bw="8" slack="0"/>
<pin id="2949" dir="0" index="2" bw="0" slack="2147483647"/>
<pin id="2950" dir="1" index="3" bw="8" slack="2147483647"/>
</pin_list>
<bind>
<opcode="store(28) " fcode="store"/>
<opset="store_ln44/3 "/>
</bind>
</comp>

<comp id="2953" class="1004" name="store_ln44_access_fu_2953">
<pin_list>
<pin id="2954" dir="0" index="0" bw="3" slack="0"/>
<pin id="2955" dir="0" index="1" bw="8" slack="0"/>
<pin id="2956" dir="0" index="2" bw="0" slack="2147483647"/>
<pin id="2957" dir="1" index="3" bw="8" slack="2147483647"/>
</pin_list>
<bind>
<opcode="store(28) " fcode="store"/>
<opset="store_ln44/3 "/>
</bind>
</comp>

<comp id="2960" class="1004" name="store_ln44_access_fu_2960">
<pin_list>
<pin id="2961" dir="0" index="0" bw="3" slack="0"/>
<pin id="2962" dir="0" index="1" bw="8" slack="0"/>
<pin id="2963" dir="0" index="2" bw="0" slack="2147483647"/>
<pin id="2964" dir="1" index="3" bw="8" slack="2147483647"/>
</pin_list>
<bind>
<opcode="store(28) " fcode="store"/>
<opset="store_ln44/3 "/>
</bind>
</comp>

<comp id="2967" class="1004" name="store_ln44_access_fu_2967">
<pin_list>
<pin id="2968" dir="0" index="0" bw="3" slack="0"/>
<pin id="2969" dir="0" index="1" bw="8" slack="0"/>
<pin id="2970" dir="0" index="2" bw="0" slack="2147483647"/>
<pin id="2971" dir="1" index="3" bw="8" slack="2147483647"/>
</pin_list>
<bind>
<opcode="store(28) " fcode="store"/>
<opset="store_ln44/3 "/>
</bind>
</comp>

<comp id="2974" class="1004" name="store_ln44_access_fu_2974">
<pin_list>
<pin id="2975" dir="0" index="0" bw="3" slack="0"/>
<pin id="2976" dir="0" index="1" bw="8" slack="0"/>
<pin id="2977" dir="0" index="2" bw="0" slack="2147483647"/>
<pin id="2978" dir="1" index="3" bw="8" slack="2147483647"/>
</pin_list>
<bind>
<opcode="store(28) " fcode="store"/>
<opset="store_ln44/3 "/>
</bind>
</comp>

<comp id="2981" class="1004" name="store_ln44_access_fu_2981">
<pin_list>
<pin id="2982" dir="0" index="0" bw="3" slack="0"/>
<pin id="2983" dir="0" index="1" bw="8" slack="0"/>
<pin id="2984" dir="0" index="2" bw="0" slack="2147483647"/>
<pin id="2985" dir="1" index="3" bw="8" slack="2147483647"/>
</pin_list>
<bind>
<opcode="store(28) " fcode="store"/>
<opset="store_ln44/3 "/>
</bind>
</comp>

<comp id="2988" class="1004" name="store_ln44_access_fu_2988">
<pin_list>
<pin id="2989" dir="0" index="0" bw="3" slack="0"/>
<pin id="2990" dir="0" index="1" bw="8" slack="0"/>
<pin id="2991" dir="0" index="2" bw="0" slack="2147483647"/>
<pin id="2992" dir="1" index="3" bw="8" slack="2147483647"/>
</pin_list>
<bind>
<opcode="store(28) " fcode="store"/>
<opset="store_ln44/3 "/>
</bind>
</comp>

<comp id="2995" class="1004" name="store_ln44_access_fu_2995">
<pin_list>
<pin id="2996" dir="0" index="0" bw="3" slack="0"/>
<pin id="2997" dir="0" index="1" bw="8" slack="0"/>
<pin id="2998" dir="0" index="2" bw="0" slack="2147483647"/>
<pin id="2999" dir="1" index="3" bw="8" slack="2147483647"/>
</pin_list>
<bind>
<opcode="store(28) " fcode="store"/>
<opset="store_ln44/3 "/>
</bind>
</comp>

<comp id="3002" class="1004" name="store_ln44_access_fu_3002">
<pin_list>
<pin id="3003" dir="0" index="0" bw="3" slack="0"/>
<pin id="3004" dir="0" index="1" bw="8" slack="0"/>
<pin id="3005" dir="0" index="2" bw="0" slack="2147483647"/>
<pin id="3006" dir="1" index="3" bw="8" slack="2147483647"/>
</pin_list>
<bind>
<opcode="store(28) " fcode="store"/>
<opset="store_ln44/3 "/>
</bind>
</comp>

<comp id="3009" class="1004" name="store_ln44_access_fu_3009">
<pin_list>
<pin id="3010" dir="0" index="0" bw="3" slack="0"/>
<pin id="3011" dir="0" index="1" bw="8" slack="0"/>
<pin id="3012" dir="0" index="2" bw="0" slack="2147483647"/>
<pin id="3013" dir="1" index="3" bw="8" slack="2147483647"/>
</pin_list>
<bind>
<opcode="store(28) " fcode="store"/>
<opset="store_ln44/3 "/>
</bind>
</comp>

<comp id="3016" class="1004" name="store_ln44_access_fu_3016">
<pin_list>
<pin id="3017" dir="0" index="0" bw="3" slack="0"/>
<pin id="3018" dir="0" index="1" bw="8" slack="0"/>
<pin id="3019" dir="0" index="2" bw="0" slack="2147483647"/>
<pin id="3020" dir="1" index="3" bw="8" slack="2147483647"/>
</pin_list>
<bind>
<opcode="store(28) " fcode="store"/>
<opset="store_ln44/3 "/>
</bind>
</comp>

<comp id="3023" class="1004" name="store_ln44_access_fu_3023">
<pin_list>
<pin id="3024" dir="0" index="0" bw="3" slack="0"/>
<pin id="3025" dir="0" index="1" bw="8" slack="0"/>
<pin id="3026" dir="0" index="2" bw="0" slack="2147483647"/>
<pin id="3027" dir="1" index="3" bw="8" slack="2147483647"/>
</pin_list>
<bind>
<opcode="store(28) " fcode="store"/>
<opset="store_ln44/3 "/>
</bind>
</comp>

<comp id="3030" class="1004" name="store_ln44_access_fu_3030">
<pin_list>
<pin id="3031" dir="0" index="0" bw="3" slack="0"/>
<pin id="3032" dir="0" index="1" bw="8" slack="0"/>
<pin id="3033" dir="0" index="2" bw="0" slack="2147483647"/>
<pin id="3034" dir="1" index="3" bw="8" slack="2147483647"/>
</pin_list>
<bind>
<opcode="store(28) " fcode="store"/>
<opset="store_ln44/3 "/>
</bind>
</comp>

<comp id="3037" class="1004" name="store_ln44_access_fu_3037">
<pin_list>
<pin id="3038" dir="0" index="0" bw="3" slack="0"/>
<pin id="3039" dir="0" index="1" bw="8" slack="0"/>
<pin id="3040" dir="0" index="2" bw="0" slack="2147483647"/>
<pin id="3041" dir="1" index="3" bw="8" slack="2147483647"/>
</pin_list>
<bind>
<opcode="store(28) " fcode="store"/>
<opset="store_ln44/3 "/>
</bind>
</comp>

<comp id="3044" class="1004" name="store_ln44_access_fu_3044">
<pin_list>
<pin id="3045" dir="0" index="0" bw="3" slack="0"/>
<pin id="3046" dir="0" index="1" bw="8" slack="0"/>
<pin id="3047" dir="0" index="2" bw="0" slack="2147483647"/>
<pin id="3048" dir="1" index="3" bw="8" slack="2147483647"/>
</pin_list>
<bind>
<opcode="store(28) " fcode="store"/>
<opset="store_ln44/3 "/>
</bind>
</comp>

<comp id="3051" class="1004" name="store_ln44_access_fu_3051">
<pin_list>
<pin id="3052" dir="0" index="0" bw="3" slack="0"/>
<pin id="3053" dir="0" index="1" bw="8" slack="0"/>
<pin id="3054" dir="0" index="2" bw="0" slack="2147483647"/>
<pin id="3055" dir="1" index="3" bw="8" slack="2147483647"/>
</pin_list>
<bind>
<opcode="store(28) " fcode="store"/>
<opset="store_ln44/3 "/>
</bind>
</comp>

<comp id="3058" class="1004" name="store_ln44_access_fu_3058">
<pin_list>
<pin id="3059" dir="0" index="0" bw="3" slack="0"/>
<pin id="3060" dir="0" index="1" bw="8" slack="0"/>
<pin id="3061" dir="0" index="2" bw="0" slack="2147483647"/>
<pin id="3062" dir="1" index="3" bw="8" slack="2147483647"/>
</pin_list>
<bind>
<opcode="store(28) " fcode="store"/>
<opset="store_ln44/3 "/>
</bind>
</comp>

<comp id="3065" class="1004" name="store_ln44_access_fu_3065">
<pin_list>
<pin id="3066" dir="0" index="0" bw="3" slack="0"/>
<pin id="3067" dir="0" index="1" bw="8" slack="0"/>
<pin id="3068" dir="0" index="2" bw="0" slack="2147483647"/>
<pin id="3069" dir="1" index="3" bw="8" slack="2147483647"/>
</pin_list>
<bind>
<opcode="store(28) " fcode="store"/>
<opset="store_ln44/3 "/>
</bind>
</comp>

<comp id="3072" class="1004" name="store_ln44_access_fu_3072">
<pin_list>
<pin id="3073" dir="0" index="0" bw="3" slack="0"/>
<pin id="3074" dir="0" index="1" bw="8" slack="0"/>
<pin id="3075" dir="0" index="2" bw="0" slack="2147483647"/>
<pin id="3076" dir="1" index="3" bw="8" slack="2147483647"/>
</pin_list>
<bind>
<opcode="store(28) " fcode="store"/>
<opset="store_ln44/3 "/>
</bind>
</comp>

<comp id="3079" class="1004" name="store_ln44_access_fu_3079">
<pin_list>
<pin id="3080" dir="0" index="0" bw="3" slack="0"/>
<pin id="3081" dir="0" index="1" bw="8" slack="0"/>
<pin id="3082" dir="0" index="2" bw="0" slack="2147483647"/>
<pin id="3083" dir="1" index="3" bw="8" slack="2147483647"/>
</pin_list>
<bind>
<opcode="store(28) " fcode="store"/>
<opset="store_ln44/3 "/>
</bind>
</comp>

<comp id="3086" class="1004" name="store_ln44_access_fu_3086">
<pin_list>
<pin id="3087" dir="0" index="0" bw="3" slack="0"/>
<pin id="3088" dir="0" index="1" bw="8" slack="0"/>
<pin id="3089" dir="0" index="2" bw="0" slack="2147483647"/>
<pin id="3090" dir="1" index="3" bw="8" slack="2147483647"/>
</pin_list>
<bind>
<opcode="store(28) " fcode="store"/>
<opset="store_ln44/3 "/>
</bind>
</comp>

<comp id="3093" class="1004" name="store_ln44_access_fu_3093">
<pin_list>
<pin id="3094" dir="0" index="0" bw="3" slack="0"/>
<pin id="3095" dir="0" index="1" bw="8" slack="0"/>
<pin id="3096" dir="0" index="2" bw="0" slack="2147483647"/>
<pin id="3097" dir="1" index="3" bw="8" slack="2147483647"/>
</pin_list>
<bind>
<opcode="store(28) " fcode="store"/>
<opset="store_ln44/3 "/>
</bind>
</comp>

<comp id="3100" class="1004" name="store_ln44_access_fu_3100">
<pin_list>
<pin id="3101" dir="0" index="0" bw="3" slack="0"/>
<pin id="3102" dir="0" index="1" bw="8" slack="0"/>
<pin id="3103" dir="0" index="2" bw="0" slack="2147483647"/>
<pin id="3104" dir="1" index="3" bw="8" slack="2147483647"/>
</pin_list>
<bind>
<opcode="store(28) " fcode="store"/>
<opset="store_ln44/3 "/>
</bind>
</comp>

<comp id="3107" class="1004" name="store_ln44_access_fu_3107">
<pin_list>
<pin id="3108" dir="0" index="0" bw="3" slack="0"/>
<pin id="3109" dir="0" index="1" bw="8" slack="0"/>
<pin id="3110" dir="0" index="2" bw="0" slack="2147483647"/>
<pin id="3111" dir="1" index="3" bw="8" slack="2147483647"/>
</pin_list>
<bind>
<opcode="store(28) " fcode="store"/>
<opset="store_ln44/3 "/>
</bind>
</comp>

<comp id="3114" class="1004" name="store_ln44_access_fu_3114">
<pin_list>
<pin id="3115" dir="0" index="0" bw="3" slack="0"/>
<pin id="3116" dir="0" index="1" bw="8" slack="0"/>
<pin id="3117" dir="0" index="2" bw="0" slack="2147483647"/>
<pin id="3118" dir="1" index="3" bw="8" slack="2147483647"/>
</pin_list>
<bind>
<opcode="store(28) " fcode="store"/>
<opset="store_ln44/3 "/>
</bind>
</comp>

<comp id="3121" class="1004" name="store_ln44_access_fu_3121">
<pin_list>
<pin id="3122" dir="0" index="0" bw="3" slack="0"/>
<pin id="3123" dir="0" index="1" bw="8" slack="0"/>
<pin id="3124" dir="0" index="2" bw="0" slack="2147483647"/>
<pin id="3125" dir="1" index="3" bw="8" slack="2147483647"/>
</pin_list>
<bind>
<opcode="store(28) " fcode="store"/>
<opset="store_ln44/3 "/>
</bind>
</comp>

<comp id="3128" class="1004" name="store_ln44_access_fu_3128">
<pin_list>
<pin id="3129" dir="0" index="0" bw="3" slack="0"/>
<pin id="3130" dir="0" index="1" bw="8" slack="0"/>
<pin id="3131" dir="0" index="2" bw="0" slack="2147483647"/>
<pin id="3132" dir="1" index="3" bw="8" slack="2147483647"/>
</pin_list>
<bind>
<opcode="store(28) " fcode="store"/>
<opset="store_ln44/3 "/>
</bind>
</comp>

<comp id="3135" class="1004" name="store_ln44_access_fu_3135">
<pin_list>
<pin id="3136" dir="0" index="0" bw="3" slack="0"/>
<pin id="3137" dir="0" index="1" bw="8" slack="0"/>
<pin id="3138" dir="0" index="2" bw="0" slack="2147483647"/>
<pin id="3139" dir="1" index="3" bw="8" slack="2147483647"/>
</pin_list>
<bind>
<opcode="store(28) " fcode="store"/>
<opset="store_ln44/3 "/>
</bind>
</comp>

<comp id="3142" class="1004" name="store_ln44_access_fu_3142">
<pin_list>
<pin id="3143" dir="0" index="0" bw="3" slack="0"/>
<pin id="3144" dir="0" index="1" bw="8" slack="0"/>
<pin id="3145" dir="0" index="2" bw="0" slack="2147483647"/>
<pin id="3146" dir="1" index="3" bw="8" slack="2147483647"/>
</pin_list>
<bind>
<opcode="store(28) " fcode="store"/>
<opset="store_ln44/3 "/>
</bind>
</comp>

<comp id="3149" class="1004" name="store_ln44_access_fu_3149">
<pin_list>
<pin id="3150" dir="0" index="0" bw="3" slack="0"/>
<pin id="3151" dir="0" index="1" bw="8" slack="0"/>
<pin id="3152" dir="0" index="2" bw="0" slack="2147483647"/>
<pin id="3153" dir="1" index="3" bw="8" slack="2147483647"/>
</pin_list>
<bind>
<opcode="store(28) " fcode="store"/>
<opset="store_ln44/3 "/>
</bind>
</comp>

<comp id="3156" class="1004" name="store_ln44_access_fu_3156">
<pin_list>
<pin id="3157" dir="0" index="0" bw="3" slack="0"/>
<pin id="3158" dir="0" index="1" bw="8" slack="0"/>
<pin id="3159" dir="0" index="2" bw="0" slack="2147483647"/>
<pin id="3160" dir="1" index="3" bw="8" slack="2147483647"/>
</pin_list>
<bind>
<opcode="store(28) " fcode="store"/>
<opset="store_ln44/3 "/>
</bind>
</comp>

<comp id="3163" class="1004" name="store_ln44_access_fu_3163">
<pin_list>
<pin id="3164" dir="0" index="0" bw="3" slack="0"/>
<pin id="3165" dir="0" index="1" bw="8" slack="0"/>
<pin id="3166" dir="0" index="2" bw="0" slack="2147483647"/>
<pin id="3167" dir="1" index="3" bw="8" slack="2147483647"/>
</pin_list>
<bind>
<opcode="store(28) " fcode="store"/>
<opset="store_ln44/3 "/>
</bind>
</comp>

<comp id="3170" class="1004" name="store_ln44_access_fu_3170">
<pin_list>
<pin id="3171" dir="0" index="0" bw="3" slack="0"/>
<pin id="3172" dir="0" index="1" bw="8" slack="0"/>
<pin id="3173" dir="0" index="2" bw="0" slack="2147483647"/>
<pin id="3174" dir="1" index="3" bw="8" slack="2147483647"/>
</pin_list>
<bind>
<opcode="store(28) " fcode="store"/>
<opset="store_ln44/3 "/>
</bind>
</comp>

<comp id="3177" class="1004" name="store_ln44_access_fu_3177">
<pin_list>
<pin id="3178" dir="0" index="0" bw="3" slack="0"/>
<pin id="3179" dir="0" index="1" bw="8" slack="0"/>
<pin id="3180" dir="0" index="2" bw="0" slack="2147483647"/>
<pin id="3181" dir="1" index="3" bw="8" slack="2147483647"/>
</pin_list>
<bind>
<opcode="store(28) " fcode="store"/>
<opset="store_ln44/3 "/>
</bind>
</comp>

<comp id="3184" class="1004" name="store_ln44_access_fu_3184">
<pin_list>
<pin id="3185" dir="0" index="0" bw="3" slack="0"/>
<pin id="3186" dir="0" index="1" bw="8" slack="0"/>
<pin id="3187" dir="0" index="2" bw="0" slack="2147483647"/>
<pin id="3188" dir="1" index="3" bw="8" slack="2147483647"/>
</pin_list>
<bind>
<opcode="store(28) " fcode="store"/>
<opset="store_ln44/3 "/>
</bind>
</comp>

<comp id="3191" class="1004" name="store_ln44_access_fu_3191">
<pin_list>
<pin id="3192" dir="0" index="0" bw="3" slack="0"/>
<pin id="3193" dir="0" index="1" bw="8" slack="0"/>
<pin id="3194" dir="0" index="2" bw="0" slack="2147483647"/>
<pin id="3195" dir="1" index="3" bw="8" slack="2147483647"/>
</pin_list>
<bind>
<opcode="store(28) " fcode="store"/>
<opset="store_ln44/3 "/>
</bind>
</comp>

<comp id="3198" class="1004" name="store_ln44_access_fu_3198">
<pin_list>
<pin id="3199" dir="0" index="0" bw="3" slack="0"/>
<pin id="3200" dir="0" index="1" bw="8" slack="0"/>
<pin id="3201" dir="0" index="2" bw="0" slack="2147483647"/>
<pin id="3202" dir="1" index="3" bw="8" slack="2147483647"/>
</pin_list>
<bind>
<opcode="store(28) " fcode="store"/>
<opset="store_ln44/3 "/>
</bind>
</comp>

<comp id="3205" class="1004" name="store_ln44_access_fu_3205">
<pin_list>
<pin id="3206" dir="0" index="0" bw="3" slack="0"/>
<pin id="3207" dir="0" index="1" bw="8" slack="0"/>
<pin id="3208" dir="0" index="2" bw="0" slack="2147483647"/>
<pin id="3209" dir="1" index="3" bw="8" slack="2147483647"/>
</pin_list>
<bind>
<opcode="store(28) " fcode="store"/>
<opset="store_ln44/3 "/>
</bind>
</comp>

<comp id="3212" class="1004" name="store_ln44_access_fu_3212">
<pin_list>
<pin id="3213" dir="0" index="0" bw="3" slack="0"/>
<pin id="3214" dir="0" index="1" bw="8" slack="0"/>
<pin id="3215" dir="0" index="2" bw="0" slack="2147483647"/>
<pin id="3216" dir="1" index="3" bw="8" slack="2147483647"/>
</pin_list>
<bind>
<opcode="store(28) " fcode="store"/>
<opset="store_ln44/3 "/>
</bind>
</comp>

<comp id="3219" class="1004" name="store_ln44_access_fu_3219">
<pin_list>
<pin id="3220" dir="0" index="0" bw="3" slack="0"/>
<pin id="3221" dir="0" index="1" bw="8" slack="0"/>
<pin id="3222" dir="0" index="2" bw="0" slack="2147483647"/>
<pin id="3223" dir="1" index="3" bw="8" slack="2147483647"/>
</pin_list>
<bind>
<opcode="store(28) " fcode="store"/>
<opset="store_ln44/3 "/>
</bind>
</comp>

<comp id="3226" class="1004" name="store_ln44_access_fu_3226">
<pin_list>
<pin id="3227" dir="0" index="0" bw="3" slack="0"/>
<pin id="3228" dir="0" index="1" bw="8" slack="0"/>
<pin id="3229" dir="0" index="2" bw="0" slack="2147483647"/>
<pin id="3230" dir="1" index="3" bw="8" slack="2147483647"/>
</pin_list>
<bind>
<opcode="store(28) " fcode="store"/>
<opset="store_ln44/3 "/>
</bind>
</comp>

<comp id="3233" class="1004" name="store_ln44_access_fu_3233">
<pin_list>
<pin id="3234" dir="0" index="0" bw="3" slack="0"/>
<pin id="3235" dir="0" index="1" bw="8" slack="0"/>
<pin id="3236" dir="0" index="2" bw="0" slack="2147483647"/>
<pin id="3237" dir="1" index="3" bw="8" slack="2147483647"/>
</pin_list>
<bind>
<opcode="store(28) " fcode="store"/>
<opset="store_ln44/3 "/>
</bind>
</comp>

<comp id="3240" class="1004" name="store_ln44_access_fu_3240">
<pin_list>
<pin id="3241" dir="0" index="0" bw="3" slack="0"/>
<pin id="3242" dir="0" index="1" bw="8" slack="0"/>
<pin id="3243" dir="0" index="2" bw="0" slack="2147483647"/>
<pin id="3244" dir="1" index="3" bw="8" slack="2147483647"/>
</pin_list>
<bind>
<opcode="store(28) " fcode="store"/>
<opset="store_ln44/3 "/>
</bind>
</comp>

<comp id="3247" class="1004" name="store_ln44_access_fu_3247">
<pin_list>
<pin id="3248" dir="0" index="0" bw="3" slack="0"/>
<pin id="3249" dir="0" index="1" bw="8" slack="0"/>
<pin id="3250" dir="0" index="2" bw="0" slack="2147483647"/>
<pin id="3251" dir="1" index="3" bw="8" slack="2147483647"/>
</pin_list>
<bind>
<opcode="store(28) " fcode="store"/>
<opset="store_ln44/3 "/>
</bind>
</comp>

<comp id="3254" class="1004" name="store_ln44_access_fu_3254">
<pin_list>
<pin id="3255" dir="0" index="0" bw="3" slack="0"/>
<pin id="3256" dir="0" index="1" bw="8" slack="0"/>
<pin id="3257" dir="0" index="2" bw="0" slack="2147483647"/>
<pin id="3258" dir="1" index="3" bw="8" slack="2147483647"/>
</pin_list>
<bind>
<opcode="store(28) " fcode="store"/>
<opset="store_ln44/3 "/>
</bind>
</comp>

<comp id="3261" class="1004" name="store_ln44_access_fu_3261">
<pin_list>
<pin id="3262" dir="0" index="0" bw="3" slack="0"/>
<pin id="3263" dir="0" index="1" bw="8" slack="0"/>
<pin id="3264" dir="0" index="2" bw="0" slack="2147483647"/>
<pin id="3265" dir="1" index="3" bw="8" slack="2147483647"/>
</pin_list>
<bind>
<opcode="store(28) " fcode="store"/>
<opset="store_ln44/3 "/>
</bind>
</comp>

<comp id="3268" class="1004" name="store_ln44_access_fu_3268">
<pin_list>
<pin id="3269" dir="0" index="0" bw="3" slack="0"/>
<pin id="3270" dir="0" index="1" bw="8" slack="0"/>
<pin id="3271" dir="0" index="2" bw="0" slack="2147483647"/>
<pin id="3272" dir="1" index="3" bw="8" slack="2147483647"/>
</pin_list>
<bind>
<opcode="store(28) " fcode="store"/>
<opset="store_ln44/3 "/>
</bind>
</comp>

<comp id="3275" class="1004" name="store_ln44_access_fu_3275">
<pin_list>
<pin id="3276" dir="0" index="0" bw="3" slack="0"/>
<pin id="3277" dir="0" index="1" bw="8" slack="0"/>
<pin id="3278" dir="0" index="2" bw="0" slack="2147483647"/>
<pin id="3279" dir="1" index="3" bw="8" slack="2147483647"/>
</pin_list>
<bind>
<opcode="store(28) " fcode="store"/>
<opset="store_ln44/3 "/>
</bind>
</comp>

<comp id="3282" class="1004" name="store_ln44_access_fu_3282">
<pin_list>
<pin id="3283" dir="0" index="0" bw="3" slack="0"/>
<pin id="3284" dir="0" index="1" bw="8" slack="0"/>
<pin id="3285" dir="0" index="2" bw="0" slack="2147483647"/>
<pin id="3286" dir="1" index="3" bw="8" slack="2147483647"/>
</pin_list>
<bind>
<opcode="store(28) " fcode="store"/>
<opset="store_ln44/3 "/>
</bind>
</comp>

<comp id="3289" class="1004" name="store_ln44_access_fu_3289">
<pin_list>
<pin id="3290" dir="0" index="0" bw="3" slack="0"/>
<pin id="3291" dir="0" index="1" bw="8" slack="0"/>
<pin id="3292" dir="0" index="2" bw="0" slack="2147483647"/>
<pin id="3293" dir="1" index="3" bw="8" slack="2147483647"/>
</pin_list>
<bind>
<opcode="store(28) " fcode="store"/>
<opset="store_ln44/3 "/>
</bind>
</comp>

<comp id="3296" class="1004" name="store_ln44_access_fu_3296">
<pin_list>
<pin id="3297" dir="0" index="0" bw="3" slack="0"/>
<pin id="3298" dir="0" index="1" bw="8" slack="0"/>
<pin id="3299" dir="0" index="2" bw="0" slack="2147483647"/>
<pin id="3300" dir="1" index="3" bw="8" slack="2147483647"/>
</pin_list>
<bind>
<opcode="store(28) " fcode="store"/>
<opset="store_ln44/3 "/>
</bind>
</comp>

<comp id="3303" class="1004" name="store_ln44_access_fu_3303">
<pin_list>
<pin id="3304" dir="0" index="0" bw="3" slack="0"/>
<pin id="3305" dir="0" index="1" bw="8" slack="0"/>
<pin id="3306" dir="0" index="2" bw="0" slack="2147483647"/>
<pin id="3307" dir="1" index="3" bw="8" slack="2147483647"/>
</pin_list>
<bind>
<opcode="store(28) " fcode="store"/>
<opset="store_ln44/3 "/>
</bind>
</comp>

<comp id="3310" class="1004" name="store_ln44_access_fu_3310">
<pin_list>
<pin id="3311" dir="0" index="0" bw="3" slack="0"/>
<pin id="3312" dir="0" index="1" bw="8" slack="0"/>
<pin id="3313" dir="0" index="2" bw="0" slack="2147483647"/>
<pin id="3314" dir="1" index="3" bw="8" slack="2147483647"/>
</pin_list>
<bind>
<opcode="store(28) " fcode="store"/>
<opset="store_ln44/3 "/>
</bind>
</comp>

<comp id="3317" class="1004" name="store_ln44_access_fu_3317">
<pin_list>
<pin id="3318" dir="0" index="0" bw="3" slack="0"/>
<pin id="3319" dir="0" index="1" bw="8" slack="0"/>
<pin id="3320" dir="0" index="2" bw="0" slack="2147483647"/>
<pin id="3321" dir="1" index="3" bw="8" slack="2147483647"/>
</pin_list>
<bind>
<opcode="store(28) " fcode="store"/>
<opset="store_ln44/3 "/>
</bind>
</comp>

<comp id="3324" class="1004" name="store_ln44_access_fu_3324">
<pin_list>
<pin id="3325" dir="0" index="0" bw="3" slack="0"/>
<pin id="3326" dir="0" index="1" bw="8" slack="0"/>
<pin id="3327" dir="0" index="2" bw="0" slack="2147483647"/>
<pin id="3328" dir="1" index="3" bw="8" slack="2147483647"/>
</pin_list>
<bind>
<opcode="store(28) " fcode="store"/>
<opset="store_ln44/3 "/>
</bind>
</comp>

<comp id="3331" class="1004" name="store_ln44_access_fu_3331">
<pin_list>
<pin id="3332" dir="0" index="0" bw="3" slack="0"/>
<pin id="3333" dir="0" index="1" bw="8" slack="0"/>
<pin id="3334" dir="0" index="2" bw="0" slack="2147483647"/>
<pin id="3335" dir="1" index="3" bw="8" slack="2147483647"/>
</pin_list>
<bind>
<opcode="store(28) " fcode="store"/>
<opset="store_ln44/3 "/>
</bind>
</comp>

<comp id="3338" class="1004" name="store_ln44_access_fu_3338">
<pin_list>
<pin id="3339" dir="0" index="0" bw="3" slack="0"/>
<pin id="3340" dir="0" index="1" bw="8" slack="0"/>
<pin id="3341" dir="0" index="2" bw="0" slack="2147483647"/>
<pin id="3342" dir="1" index="3" bw="8" slack="2147483647"/>
</pin_list>
<bind>
<opcode="store(28) " fcode="store"/>
<opset="store_ln44/3 "/>
</bind>
</comp>

<comp id="3345" class="1004" name="store_ln44_access_fu_3345">
<pin_list>
<pin id="3346" dir="0" index="0" bw="3" slack="0"/>
<pin id="3347" dir="0" index="1" bw="8" slack="0"/>
<pin id="3348" dir="0" index="2" bw="0" slack="2147483647"/>
<pin id="3349" dir="1" index="3" bw="8" slack="2147483647"/>
</pin_list>
<bind>
<opcode="store(28) " fcode="store"/>
<opset="store_ln44/3 "/>
</bind>
</comp>

<comp id="3352" class="1004" name="store_ln44_access_fu_3352">
<pin_list>
<pin id="3353" dir="0" index="0" bw="3" slack="0"/>
<pin id="3354" dir="0" index="1" bw="8" slack="0"/>
<pin id="3355" dir="0" index="2" bw="0" slack="2147483647"/>
<pin id="3356" dir="1" index="3" bw="8" slack="2147483647"/>
</pin_list>
<bind>
<opcode="store(28) " fcode="store"/>
<opset="store_ln44/3 "/>
</bind>
</comp>

<comp id="3359" class="1004" name="store_ln44_access_fu_3359">
<pin_list>
<pin id="3360" dir="0" index="0" bw="3" slack="0"/>
<pin id="3361" dir="0" index="1" bw="8" slack="0"/>
<pin id="3362" dir="0" index="2" bw="0" slack="2147483647"/>
<pin id="3363" dir="1" index="3" bw="8" slack="2147483647"/>
</pin_list>
<bind>
<opcode="store(28) " fcode="store"/>
<opset="store_ln44/3 "/>
</bind>
</comp>

<comp id="3366" class="1004" name="store_ln44_access_fu_3366">
<pin_list>
<pin id="3367" dir="0" index="0" bw="3" slack="0"/>
<pin id="3368" dir="0" index="1" bw="8" slack="0"/>
<pin id="3369" dir="0" index="2" bw="0" slack="2147483647"/>
<pin id="3370" dir="1" index="3" bw="8" slack="2147483647"/>
</pin_list>
<bind>
<opcode="store(28) " fcode="store"/>
<opset="store_ln44/3 "/>
</bind>
</comp>

<comp id="3373" class="1004" name="store_ln44_access_fu_3373">
<pin_list>
<pin id="3374" dir="0" index="0" bw="3" slack="0"/>
<pin id="3375" dir="0" index="1" bw="8" slack="0"/>
<pin id="3376" dir="0" index="2" bw="0" slack="2147483647"/>
<pin id="3377" dir="1" index="3" bw="8" slack="2147483647"/>
</pin_list>
<bind>
<opcode="store(28) " fcode="store"/>
<opset="store_ln44/3 "/>
</bind>
</comp>

<comp id="3380" class="1004" name="store_ln44_access_fu_3380">
<pin_list>
<pin id="3381" dir="0" index="0" bw="3" slack="0"/>
<pin id="3382" dir="0" index="1" bw="8" slack="0"/>
<pin id="3383" dir="0" index="2" bw="0" slack="2147483647"/>
<pin id="3384" dir="1" index="3" bw="8" slack="2147483647"/>
</pin_list>
<bind>
<opcode="store(28) " fcode="store"/>
<opset="store_ln44/3 "/>
</bind>
</comp>

<comp id="3387" class="1004" name="store_ln44_access_fu_3387">
<pin_list>
<pin id="3388" dir="0" index="0" bw="3" slack="0"/>
<pin id="3389" dir="0" index="1" bw="8" slack="0"/>
<pin id="3390" dir="0" index="2" bw="0" slack="2147483647"/>
<pin id="3391" dir="1" index="3" bw="8" slack="2147483647"/>
</pin_list>
<bind>
<opcode="store(28) " fcode="store"/>
<opset="store_ln44/3 "/>
</bind>
</comp>

<comp id="3394" class="1004" name="store_ln44_access_fu_3394">
<pin_list>
<pin id="3395" dir="0" index="0" bw="3" slack="0"/>
<pin id="3396" dir="0" index="1" bw="8" slack="0"/>
<pin id="3397" dir="0" index="2" bw="0" slack="2147483647"/>
<pin id="3398" dir="1" index="3" bw="8" slack="2147483647"/>
</pin_list>
<bind>
<opcode="store(28) " fcode="store"/>
<opset="store_ln44/3 "/>
</bind>
</comp>

<comp id="3401" class="1004" name="store_ln44_access_fu_3401">
<pin_list>
<pin id="3402" dir="0" index="0" bw="3" slack="0"/>
<pin id="3403" dir="0" index="1" bw="8" slack="0"/>
<pin id="3404" dir="0" index="2" bw="0" slack="2147483647"/>
<pin id="3405" dir="1" index="3" bw="8" slack="2147483647"/>
</pin_list>
<bind>
<opcode="store(28) " fcode="store"/>
<opset="store_ln44/3 "/>
</bind>
</comp>

<comp id="3408" class="1004" name="store_ln44_access_fu_3408">
<pin_list>
<pin id="3409" dir="0" index="0" bw="3" slack="0"/>
<pin id="3410" dir="0" index="1" bw="8" slack="0"/>
<pin id="3411" dir="0" index="2" bw="0" slack="2147483647"/>
<pin id="3412" dir="1" index="3" bw="8" slack="2147483647"/>
</pin_list>
<bind>
<opcode="store(28) " fcode="store"/>
<opset="store_ln44/3 "/>
</bind>
</comp>

<comp id="3415" class="1004" name="store_ln44_access_fu_3415">
<pin_list>
<pin id="3416" dir="0" index="0" bw="3" slack="0"/>
<pin id="3417" dir="0" index="1" bw="8" slack="0"/>
<pin id="3418" dir="0" index="2" bw="0" slack="2147483647"/>
<pin id="3419" dir="1" index="3" bw="8" slack="2147483647"/>
</pin_list>
<bind>
<opcode="store(28) " fcode="store"/>
<opset="store_ln44/3 "/>
</bind>
</comp>

<comp id="3422" class="1004" name="store_ln44_access_fu_3422">
<pin_list>
<pin id="3423" dir="0" index="0" bw="3" slack="0"/>
<pin id="3424" dir="0" index="1" bw="8" slack="0"/>
<pin id="3425" dir="0" index="2" bw="0" slack="2147483647"/>
<pin id="3426" dir="1" index="3" bw="8" slack="2147483647"/>
</pin_list>
<bind>
<opcode="store(28) " fcode="store"/>
<opset="store_ln44/3 "/>
</bind>
</comp>

<comp id="3429" class="1004" name="store_ln44_access_fu_3429">
<pin_list>
<pin id="3430" dir="0" index="0" bw="3" slack="0"/>
<pin id="3431" dir="0" index="1" bw="8" slack="0"/>
<pin id="3432" dir="0" index="2" bw="0" slack="2147483647"/>
<pin id="3433" dir="1" index="3" bw="8" slack="2147483647"/>
</pin_list>
<bind>
<opcode="store(28) " fcode="store"/>
<opset="store_ln44/3 "/>
</bind>
</comp>

<comp id="3436" class="1004" name="store_ln44_access_fu_3436">
<pin_list>
<pin id="3437" dir="0" index="0" bw="3" slack="0"/>
<pin id="3438" dir="0" index="1" bw="8" slack="0"/>
<pin id="3439" dir="0" index="2" bw="0" slack="2147483647"/>
<pin id="3440" dir="1" index="3" bw="8" slack="2147483647"/>
</pin_list>
<bind>
<opcode="store(28) " fcode="store"/>
<opset="store_ln44/3 "/>
</bind>
</comp>

<comp id="3443" class="1004" name="store_ln44_access_fu_3443">
<pin_list>
<pin id="3444" dir="0" index="0" bw="3" slack="0"/>
<pin id="3445" dir="0" index="1" bw="8" slack="0"/>
<pin id="3446" dir="0" index="2" bw="0" slack="2147483647"/>
<pin id="3447" dir="1" index="3" bw="8" slack="2147483647"/>
</pin_list>
<bind>
<opcode="store(28) " fcode="store"/>
<opset="store_ln44/3 "/>
</bind>
</comp>

<comp id="3450" class="1004" name="store_ln44_access_fu_3450">
<pin_list>
<pin id="3451" dir="0" index="0" bw="3" slack="0"/>
<pin id="3452" dir="0" index="1" bw="8" slack="0"/>
<pin id="3453" dir="0" index="2" bw="0" slack="2147483647"/>
<pin id="3454" dir="1" index="3" bw="8" slack="2147483647"/>
</pin_list>
<bind>
<opcode="store(28) " fcode="store"/>
<opset="store_ln44/3 "/>
</bind>
</comp>

<comp id="3457" class="1004" name="store_ln44_access_fu_3457">
<pin_list>
<pin id="3458" dir="0" index="0" bw="3" slack="0"/>
<pin id="3459" dir="0" index="1" bw="8" slack="0"/>
<pin id="3460" dir="0" index="2" bw="0" slack="2147483647"/>
<pin id="3461" dir="1" index="3" bw="8" slack="2147483647"/>
</pin_list>
<bind>
<opcode="store(28) " fcode="store"/>
<opset="store_ln44/3 "/>
</bind>
</comp>

<comp id="3464" class="1004" name="store_ln44_access_fu_3464">
<pin_list>
<pin id="3465" dir="0" index="0" bw="3" slack="0"/>
<pin id="3466" dir="0" index="1" bw="8" slack="0"/>
<pin id="3467" dir="0" index="2" bw="0" slack="2147483647"/>
<pin id="3468" dir="1" index="3" bw="8" slack="2147483647"/>
</pin_list>
<bind>
<opcode="store(28) " fcode="store"/>
<opset="store_ln44/3 "/>
</bind>
</comp>

<comp id="3471" class="1004" name="store_ln44_access_fu_3471">
<pin_list>
<pin id="3472" dir="0" index="0" bw="3" slack="0"/>
<pin id="3473" dir="0" index="1" bw="8" slack="0"/>
<pin id="3474" dir="0" index="2" bw="0" slack="2147483647"/>
<pin id="3475" dir="1" index="3" bw="8" slack="2147483647"/>
</pin_list>
<bind>
<opcode="store(28) " fcode="store"/>
<opset="store_ln44/3 "/>
</bind>
</comp>

<comp id="3478" class="1004" name="store_ln44_access_fu_3478">
<pin_list>
<pin id="3479" dir="0" index="0" bw="3" slack="0"/>
<pin id="3480" dir="0" index="1" bw="8" slack="0"/>
<pin id="3481" dir="0" index="2" bw="0" slack="2147483647"/>
<pin id="3482" dir="1" index="3" bw="8" slack="2147483647"/>
</pin_list>
<bind>
<opcode="store(28) " fcode="store"/>
<opset="store_ln44/3 "/>
</bind>
</comp>

<comp id="3485" class="1004" name="store_ln44_access_fu_3485">
<pin_list>
<pin id="3486" dir="0" index="0" bw="3" slack="0"/>
<pin id="3487" dir="0" index="1" bw="8" slack="0"/>
<pin id="3488" dir="0" index="2" bw="0" slack="2147483647"/>
<pin id="3489" dir="1" index="3" bw="8" slack="2147483647"/>
</pin_list>
<bind>
<opcode="store(28) " fcode="store"/>
<opset="store_ln44/3 "/>
</bind>
</comp>

<comp id="3492" class="1004" name="store_ln44_access_fu_3492">
<pin_list>
<pin id="3493" dir="0" index="0" bw="3" slack="0"/>
<pin id="3494" dir="0" index="1" bw="8" slack="0"/>
<pin id="3495" dir="0" index="2" bw="0" slack="2147483647"/>
<pin id="3496" dir="1" index="3" bw="8" slack="2147483647"/>
</pin_list>
<bind>
<opcode="store(28) " fcode="store"/>
<opset="store_ln44/3 "/>
</bind>
</comp>

<comp id="3499" class="1004" name="store_ln44_access_fu_3499">
<pin_list>
<pin id="3500" dir="0" index="0" bw="3" slack="0"/>
<pin id="3501" dir="0" index="1" bw="8" slack="0"/>
<pin id="3502" dir="0" index="2" bw="0" slack="2147483647"/>
<pin id="3503" dir="1" index="3" bw="8" slack="2147483647"/>
</pin_list>
<bind>
<opcode="store(28) " fcode="store"/>
<opset="store_ln44/3 "/>
</bind>
</comp>

<comp id="3506" class="1004" name="store_ln44_access_fu_3506">
<pin_list>
<pin id="3507" dir="0" index="0" bw="3" slack="0"/>
<pin id="3508" dir="0" index="1" bw="8" slack="0"/>
<pin id="3509" dir="0" index="2" bw="0" slack="2147483647"/>
<pin id="3510" dir="1" index="3" bw="8" slack="2147483647"/>
</pin_list>
<bind>
<opcode="store(28) " fcode="store"/>
<opset="store_ln44/3 "/>
</bind>
</comp>

<comp id="3513" class="1004" name="store_ln44_access_fu_3513">
<pin_list>
<pin id="3514" dir="0" index="0" bw="3" slack="0"/>
<pin id="3515" dir="0" index="1" bw="8" slack="0"/>
<pin id="3516" dir="0" index="2" bw="0" slack="2147483647"/>
<pin id="3517" dir="1" index="3" bw="8" slack="2147483647"/>
</pin_list>
<bind>
<opcode="store(28) " fcode="store"/>
<opset="store_ln44/3 "/>
</bind>
</comp>

<comp id="3520" class="1004" name="store_ln44_access_fu_3520">
<pin_list>
<pin id="3521" dir="0" index="0" bw="3" slack="0"/>
<pin id="3522" dir="0" index="1" bw="8" slack="0"/>
<pin id="3523" dir="0" index="2" bw="0" slack="2147483647"/>
<pin id="3524" dir="1" index="3" bw="8" slack="2147483647"/>
</pin_list>
<bind>
<opcode="store(28) " fcode="store"/>
<opset="store_ln44/3 "/>
</bind>
</comp>

<comp id="3527" class="1004" name="store_ln44_access_fu_3527">
<pin_list>
<pin id="3528" dir="0" index="0" bw="3" slack="0"/>
<pin id="3529" dir="0" index="1" bw="8" slack="0"/>
<pin id="3530" dir="0" index="2" bw="0" slack="2147483647"/>
<pin id="3531" dir="1" index="3" bw="8" slack="2147483647"/>
</pin_list>
<bind>
<opcode="store(28) " fcode="store"/>
<opset="store_ln44/3 "/>
</bind>
</comp>

<comp id="3534" class="1004" name="store_ln44_access_fu_3534">
<pin_list>
<pin id="3535" dir="0" index="0" bw="3" slack="0"/>
<pin id="3536" dir="0" index="1" bw="8" slack="0"/>
<pin id="3537" dir="0" index="2" bw="0" slack="2147483647"/>
<pin id="3538" dir="1" index="3" bw="8" slack="2147483647"/>
</pin_list>
<bind>
<opcode="store(28) " fcode="store"/>
<opset="store_ln44/3 "/>
</bind>
</comp>

<comp id="3541" class="1004" name="store_ln44_access_fu_3541">
<pin_list>
<pin id="3542" dir="0" index="0" bw="3" slack="0"/>
<pin id="3543" dir="0" index="1" bw="8" slack="0"/>
<pin id="3544" dir="0" index="2" bw="0" slack="2147483647"/>
<pin id="3545" dir="1" index="3" bw="8" slack="2147483647"/>
</pin_list>
<bind>
<opcode="store(28) " fcode="store"/>
<opset="store_ln44/3 "/>
</bind>
</comp>

<comp id="3548" class="1004" name="store_ln44_access_fu_3548">
<pin_list>
<pin id="3549" dir="0" index="0" bw="3" slack="0"/>
<pin id="3550" dir="0" index="1" bw="8" slack="0"/>
<pin id="3551" dir="0" index="2" bw="0" slack="2147483647"/>
<pin id="3552" dir="1" index="3" bw="8" slack="2147483647"/>
</pin_list>
<bind>
<opcode="store(28) " fcode="store"/>
<opset="store_ln44/3 "/>
</bind>
</comp>

<comp id="3555" class="1004" name="store_ln44_access_fu_3555">
<pin_list>
<pin id="3556" dir="0" index="0" bw="3" slack="0"/>
<pin id="3557" dir="0" index="1" bw="8" slack="0"/>
<pin id="3558" dir="0" index="2" bw="0" slack="2147483647"/>
<pin id="3559" dir="1" index="3" bw="8" slack="2147483647"/>
</pin_list>
<bind>
<opcode="store(28) " fcode="store"/>
<opset="store_ln44/3 "/>
</bind>
</comp>

<comp id="3562" class="1004" name="store_ln0_store_fu_3562">
<pin_list>
<pin id="3563" dir="0" index="0" bw="1" slack="0"/>
<pin id="3564" dir="0" index="1" bw="11" slack="0"/>
<pin id="3565" dir="1" index="2" bw="0" slack="2147483647"/>
</pin_list>
<bind>
<opcode="store(28) " fcode="store"/>
<opset="store_ln0/1 "/>
</bind>
</comp>

<comp id="3567" class="1004" name="store_ln39_store_fu_3567">
<pin_list>
<pin id="3568" dir="0" index="0" bw="1" slack="0"/>
<pin id="3569" dir="0" index="1" bw="2" slack="0"/>
<pin id="3570" dir="1" index="2" bw="0" slack="2147483647"/>
</pin_list>
<bind>
<opcode="store(28) " fcode="store"/>
<opset="store_ln39/1 "/>
</bind>
</comp>

<comp id="3572" class="1004" name="store_ln0_store_fu_3572">
<pin_list>
<pin id="3573" dir="0" index="0" bw="1" slack="0"/>
<pin id="3574" dir="0" index="1" bw="10" slack="0"/>
<pin id="3575" dir="1" index="2" bw="0" slack="2147483647"/>
</pin_list>
<bind>
<opcode="store(28) " fcode="store"/>
<opset="store_ln0/1 "/>
</bind>
</comp>

<comp id="3577" class="1004" name="store_ln40_store_fu_3577">
<pin_list>
<pin id="3578" dir="0" index="0" bw="1" slack="0"/>
<pin id="3579" dir="0" index="1" bw="3" slack="0"/>
<pin id="3580" dir="1" index="2" bw="0" slack="2147483647"/>
</pin_list>
<bind>
<opcode="store(28) " fcode="store"/>
<opset="store_ln40/1 "/>
</bind>
</comp>

<comp id="3582" class="1004" name="store_ln0_store_fu_3582">
<pin_list>
<pin id="3583" dir="0" index="0" bw="1" slack="0"/>
<pin id="3584" dir="0" index="1" bw="7" slack="0"/>
<pin id="3585" dir="1" index="2" bw="0" slack="2147483647"/>
</pin_list>
<bind>
<opcode="store(28) " fcode="store"/>
<opset="store_ln0/1 "/>
</bind>
</comp>

<comp id="3587" class="1004" name="store_ln41_store_fu_3587">
<pin_list>
<pin id="3588" dir="0" index="0" bw="1" slack="0"/>
<pin id="3589" dir="0" index="1" bw="3" slack="0"/>
<pin id="3590" dir="1" index="2" bw="0" slack="2147483647"/>
</pin_list>
<bind>
<opcode="store(28) " fcode="store"/>
<opset="store_ln41/1 "/>
</bind>
</comp>

<comp id="3592" class="1004" name="store_ln42_store_fu_3592">
<pin_list>
<pin id="3593" dir="0" index="0" bw="1" slack="0"/>
<pin id="3594" dir="0" index="1" bw="4" slack="0"/>
<pin id="3595" dir="1" index="2" bw="0" slack="2147483647"/>
</pin_list>
<bind>
<opcode="store(28) " fcode="store"/>
<opset="store_ln42/1 "/>
</bind>
</comp>

<comp id="3597" class="1004" name="indvar_flatten_load_load_fu_3597">
<pin_list>
<pin id="3598" dir="0" index="0" bw="7" slack="1"/>
<pin id="3599" dir="1" index="1" bw="7" slack="0"/>
</pin_list>
<bind>
<opcode="load(27) " fcode="load"/>
<opset="indvar_flatten_load/2 "/>
</bind>
</comp>

<comp id="3600" class="1004" name="indvar_flatten12_load_load_fu_3600">
<pin_list>
<pin id="3601" dir="0" index="0" bw="10" slack="1"/>
<pin id="3602" dir="1" index="1" bw="10" slack="0"/>
</pin_list>
<bind>
<opcode="load(27) " fcode="load"/>
<opset="indvar_flatten12_load/2 "/>
</bind>
</comp>

<comp id="3603" class="1004" name="indvar_flatten33_load_load_fu_3603">
<pin_list>
<pin id="3604" dir="0" index="0" bw="11" slack="1"/>
<pin id="3605" dir="1" index="1" bw="11" slack="0"/>
</pin_list>
<bind>
<opcode="load(27) " fcode="load"/>
<opset="indvar_flatten33_load/2 "/>
</bind>
</comp>

<comp id="3606" class="1004" name="icmp_ln39_fu_3606">
<pin_list>
<pin id="3607" dir="0" index="0" bw="11" slack="0"/>
<pin id="3608" dir="0" index="1" bw="11" slack="0"/>
<pin id="3609" dir="1" index="2" bw="1" slack="2147483647"/>
</pin_list>
<bind>
<opcode="icmp(45) " fcode="icmp"/>
<opset="icmp_ln39/2 "/>
</bind>
</comp>

<comp id="3612" class="1004" name="add_ln39_1_fu_3612">
<pin_list>
<pin id="3613" dir="0" index="0" bw="11" slack="0"/>
<pin id="3614" dir="0" index="1" bw="1" slack="0"/>
<pin id="3615" dir="1" index="2" bw="11" slack="0"/>
</pin_list>
<bind>
<opcode="add(8) " fcode="add"/>
<opset="add_ln39_1/2 "/>
</bind>
</comp>

<comp id="3618" class="1004" name="c_load_load_fu_3618">
<pin_list>
<pin id="3619" dir="0" index="0" bw="4" slack="1"/>
<pin id="3620" dir="1" index="1" bw="4" slack="0"/>
</pin_list>
<bind>
<opcode="load(27) " fcode="load"/>
<opset="c_load/2 "/>
</bind>
</comp>

<comp id="3621" class="1004" name="s_load_load_fu_3621">
<pin_list>
<pin id="3622" dir="0" index="0" bw="2" slack="1"/>
<pin id="3623" dir="1" index="1" bw="2" slack="0"/>
</pin_list>
<bind>
<opcode="load(27) " fcode="load"/>
<opset="s_load/2 "/>
</bind>
</comp>

<comp id="3624" class="1004" name="add_ln39_fu_3624">
<pin_list>
<pin id="3625" dir="0" index="0" bw="2" slack="0"/>
<pin id="3626" dir="0" index="1" bw="1" slack="0"/>
<pin id="3627" dir="1" index="2" bw="2" slack="0"/>
</pin_list>
<bind>
<opcode="add(8) " fcode="add"/>
<opset="add_ln39/2 "/>
</bind>
</comp>

<comp id="3630" class="1004" name="icmp_ln40_fu_3630">
<pin_list>
<pin id="3631" dir="0" index="0" bw="10" slack="0"/>
<pin id="3632" dir="0" index="1" bw="10" slack="0"/>
<pin id="3633" dir="1" index="2" bw="1" slack="0"/>
</pin_list>
<bind>
<opcode="icmp(45) " fcode="icmp"/>
<opset="icmp_ln40/2 "/>
</bind>
</comp>

<comp id="3636" class="1004" name="xor_ln39_fu_3636">
<pin_list>
<pin id="3637" dir="0" index="0" bw="1" slack="0"/>
<pin id="3638" dir="0" index="1" bw="1" slack="0"/>
<pin id="3639" dir="1" index="2" bw="1" slack="0"/>
</pin_list>
<bind>
<opcode="xor(25) " fcode="xor"/>
<opset="xor_ln39/2 "/>
</bind>
</comp>

<comp id="3642" class="1004" name="icmp_ln42_fu_3642">
<pin_list>
<pin id="3643" dir="0" index="0" bw="4" slack="0"/>
<pin id="3644" dir="0" index="1" bw="4" slack="0"/>
<pin id="3645" dir="1" index="2" bw="1" slack="0"/>
</pin_list>
<bind>
<opcode="icmp(45) " fcode="icmp"/>
<opset="icmp_ln42/2 "/>
</bind>
</comp>

<comp id="3648" class="1004" name="icmp_ln41_fu_3648">
<pin_list>
<pin id="3649" dir="0" index="0" bw="7" slack="0"/>
<pin id="3650" dir="0" index="1" bw="7" slack="0"/>
<pin id="3651" dir="1" index="2" bw="1" slack="0"/>
</pin_list>
<bind>
<opcode="icmp(45) " fcode="icmp"/>
<opset="icmp_ln41/2 "/>
</bind>
</comp>

<comp id="3654" class="1004" name="and_ln39_1_fu_3654">
<pin_list>
<pin id="3655" dir="0" index="0" bw="1" slack="0"/>
<pin id="3656" dir="0" index="1" bw="1" slack="0"/>
<pin id="3657" dir="1" index="2" bw="1" slack="0"/>
</pin_list>
<bind>
<opcode="and(23) " fcode="and"/>
<opset="and_ln39_1/2 "/>
</bind>
</comp>

<comp id="3660" class="1004" name="select_ln39_1_fu_3660">
<pin_list>
<pin id="3661" dir="0" index="0" bw="1" slack="0"/>
<pin id="3662" dir="0" index="1" bw="2" slack="0"/>
<pin id="3663" dir="0" index="2" bw="2" slack="0"/>
<pin id="3664" dir="1" index="3" bw="2" slack="0"/>
</pin_list>
<bind>
<opcode="select(49) " fcode="select"/>
<opset="select_ln39_1/2 "/>
</bind>
</comp>

<comp id="3668" class="1004" name="or_ln40_fu_3668">
<pin_list>
<pin id="3669" dir="0" index="0" bw="1" slack="0"/>
<pin id="3670" dir="0" index="1" bw="1" slack="0"/>
<pin id="3671" dir="1" index="2" bw="1" slack="0"/>
</pin_list>
<bind>
<opcode="or(24) " fcode="or"/>
<opset="or_ln40/2 "/>
</bind>
</comp>

<comp id="3674" class="1004" name="xor_ln40_fu_3674">
<pin_list>
<pin id="3675" dir="0" index="0" bw="1" slack="0"/>
<pin id="3676" dir="0" index="1" bw="1" slack="0"/>
<pin id="3677" dir="1" index="2" bw="1" slack="0"/>
</pin_list>
<bind>
<opcode="xor(25) " fcode="xor"/>
<opset="xor_ln40/2 "/>
</bind>
</comp>

<comp id="3680" class="1004" name="or_ln40_1_fu_3680">
<pin_list>
<pin id="3681" dir="0" index="0" bw="1" slack="0"/>
<pin id="3682" dir="0" index="1" bw="1" slack="0"/>
<pin id="3683" dir="1" index="2" bw="1" slack="0"/>
</pin_list>
<bind>
<opcode="or(24) " fcode="or"/>
<opset="or_ln40_1/2 "/>
</bind>
</comp>

<comp id="3686" class="1004" name="and_ln39_fu_3686">
<pin_list>
<pin id="3687" dir="0" index="0" bw="1" slack="0"/>
<pin id="3688" dir="0" index="1" bw="1" slack="0"/>
<pin id="3689" dir="1" index="2" bw="1" slack="0"/>
</pin_list>
<bind>
<opcode="and(23) " fcode="and"/>
<opset="and_ln39/2 "/>
</bind>
</comp>

<comp id="3692" class="1004" name="and_ln40_fu_3692">
<pin_list>
<pin id="3693" dir="0" index="0" bw="1" slack="0"/>
<pin id="3694" dir="0" index="1" bw="1" slack="0"/>
<pin id="3695" dir="1" index="2" bw="1" slack="0"/>
</pin_list>
<bind>
<opcode="and(23) " fcode="and"/>
<opset="and_ln40/2 "/>
</bind>
</comp>

<comp id="3698" class="1004" name="or_ln41_fu_3698">
<pin_list>
<pin id="3699" dir="0" index="0" bw="1" slack="0"/>
<pin id="3700" dir="0" index="1" bw="1" slack="0"/>
<pin id="3701" dir="1" index="2" bw="1" slack="0"/>
</pin_list>
<bind>
<opcode="or(24) " fcode="or"/>
<opset="or_ln41/2 "/>
</bind>
</comp>

<comp id="3704" class="1004" name="or_ln41_1_fu_3704">
<pin_list>
<pin id="3705" dir="0" index="0" bw="1" slack="0"/>
<pin id="3706" dir="0" index="1" bw="1" slack="0"/>
<pin id="3707" dir="1" index="2" bw="1" slack="0"/>
</pin_list>
<bind>
<opcode="or(24) " fcode="or"/>
<opset="or_ln41_1/2 "/>
</bind>
</comp>

<comp id="3710" class="1004" name="select_ln41_fu_3710">
<pin_list>
<pin id="3711" dir="0" index="0" bw="1" slack="0"/>
<pin id="3712" dir="0" index="1" bw="4" slack="0"/>
<pin id="3713" dir="0" index="2" bw="4" slack="0"/>
<pin id="3714" dir="1" index="3" bw="4" slack="0"/>
</pin_list>
<bind>
<opcode="select(49) " fcode="select"/>
<opset="select_ln41/2 "/>
</bind>
</comp>

<comp id="3718" class="1004" name="add_ln42_fu_3718">
<pin_list>
<pin id="3719" dir="0" index="0" bw="4" slack="0"/>
<pin id="3720" dir="0" index="1" bw="1" slack="0"/>
<pin id="3721" dir="1" index="2" bw="4" slack="0"/>
</pin_list>
<bind>
<opcode="add(8) " fcode="add"/>
<opset="add_ln42/2 "/>
</bind>
</comp>

<comp id="3724" class="1004" name="add_ln41_1_fu_3724">
<pin_list>
<pin id="3725" dir="0" index="0" bw="7" slack="0"/>
<pin id="3726" dir="0" index="1" bw="1" slack="0"/>
<pin id="3727" dir="1" index="2" bw="7" slack="0"/>
</pin_list>
<bind>
<opcode="add(8) " fcode="add"/>
<opset="add_ln41_1/2 "/>
</bind>
</comp>

<comp id="3730" class="1004" name="select_ln41_2_fu_3730">
<pin_list>
<pin id="3731" dir="0" index="0" bw="1" slack="0"/>
<pin id="3732" dir="0" index="1" bw="7" slack="0"/>
<pin id="3733" dir="0" index="2" bw="7" slack="0"/>
<pin id="3734" dir="1" index="3" bw="7" slack="0"/>
</pin_list>
<bind>
<opcode="select(49) " fcode="select"/>
<opset="select_ln41_2/2 "/>
</bind>
</comp>

<comp id="3738" class="1004" name="add_ln40_1_fu_3738">
<pin_list>
<pin id="3739" dir="0" index="0" bw="10" slack="0"/>
<pin id="3740" dir="0" index="1" bw="1" slack="0"/>
<pin id="3741" dir="1" index="2" bw="10" slack="0"/>
</pin_list>
<bind>
<opcode="add(8) " fcode="add"/>
<opset="add_ln40_1/2 "/>
</bind>
</comp>

<comp id="3744" class="1004" name="select_ln40_2_fu_3744">
<pin_list>
<pin id="3745" dir="0" index="0" bw="1" slack="0"/>
<pin id="3746" dir="0" index="1" bw="10" slack="0"/>
<pin id="3747" dir="0" index="2" bw="10" slack="0"/>
<pin id="3748" dir="1" index="3" bw="10" slack="0"/>
</pin_list>
<bind>
<opcode="select(49) " fcode="select"/>
<opset="select_ln40_2/2 "/>
</bind>
</comp>

<comp id="3752" class="1004" name="store_ln39_store_fu_3752">
<pin_list>
<pin id="3753" dir="0" index="0" bw="11" slack="0"/>
<pin id="3754" dir="0" index="1" bw="11" slack="1"/>
<pin id="3755" dir="1" index="2" bw="0" slack="2147483647"/>
</pin_list>
<bind>
<opcode="store(28) " fcode="store"/>
<opset="store_ln39/2 "/>
</bind>
</comp>

<comp id="3757" class="1004" name="store_ln39_store_fu_3757">
<pin_list>
<pin id="3758" dir="0" index="0" bw="2" slack="0"/>
<pin id="3759" dir="0" index="1" bw="2" slack="1"/>
<pin id="3760" dir="1" index="2" bw="0" slack="2147483647"/>
</pin_list>
<bind>
<opcode="store(28) " fcode="store"/>
<opset="store_ln39/2 "/>
</bind>
</comp>

<comp id="3762" class="1004" name="store_ln40_store_fu_3762">
<pin_list>
<pin id="3763" dir="0" index="0" bw="10" slack="0"/>
<pin id="3764" dir="0" index="1" bw="10" slack="1"/>
<pin id="3765" dir="1" index="2" bw="0" slack="2147483647"/>
</pin_list>
<bind>
<opcode="store(28) " fcode="store"/>
<opset="store_ln40/2 "/>
</bind>
</comp>

<comp id="3767" class="1004" name="store_ln41_store_fu_3767">
<pin_list>
<pin id="3768" dir="0" index="0" bw="7" slack="0"/>
<pin id="3769" dir="0" index="1" bw="7" slack="1"/>
<pin id="3770" dir="1" index="2" bw="0" slack="2147483647"/>
</pin_list>
<bind>
<opcode="store(28) " fcode="store"/>
<opset="store_ln41/2 "/>
</bind>
</comp>

<comp id="3772" class="1004" name="store_ln42_store_fu_3772">
<pin_list>
<pin id="3773" dir="0" index="0" bw="4" slack="0"/>
<pin id="3774" dir="0" index="1" bw="4" slack="1"/>
<pin id="3775" dir="1" index="2" bw="0" slack="2147483647"/>
</pin_list>
<bind>
<opcode="store(28) " fcode="store"/>
<opset="store_ln42/2 "/>
</bind>
</comp>

<comp id="3777" class="1004" name="x_load_load_fu_3777">
<pin_list>
<pin id="3778" dir="0" index="0" bw="3" slack="2"/>
<pin id="3779" dir="1" index="1" bw="3" slack="0"/>
</pin_list>
<bind>
<opcode="load(27) " fcode="load"/>
<opset="x_load/3 "/>
</bind>
</comp>

<comp id="3780" class="1004" name="y_load_load_fu_3780">
<pin_list>
<pin id="3781" dir="0" index="0" bw="3" slack="2"/>
<pin id="3782" dir="1" index="1" bw="3" slack="0"/>
</pin_list>
<bind>
<opcode="load(27) " fcode="load"/>
<opset="y_load/3 "/>
</bind>
</comp>

<comp id="3783" class="1004" name="select_ln39_fu_3783">
<pin_list>
<pin id="3784" dir="0" index="0" bw="1" slack="1"/>
<pin id="3785" dir="0" index="1" bw="3" slack="0"/>
<pin id="3786" dir="0" index="2" bw="3" slack="0"/>
<pin id="3787" dir="1" index="3" bw="3" slack="0"/>
</pin_list>
<bind>
<opcode="select(49) " fcode="select"/>
<opset="select_ln39/3 "/>
</bind>
</comp>

<comp id="3790" class="1004" name="add_ln40_fu_3790">
<pin_list>
<pin id="3791" dir="0" index="0" bw="3" slack="0"/>
<pin id="3792" dir="0" index="1" bw="1" slack="0"/>
<pin id="3793" dir="1" index="2" bw="3" slack="0"/>
</pin_list>
<bind>
<opcode="add(8) " fcode="add"/>
<opset="add_ln40/3 "/>
</bind>
</comp>

<comp id="3796" class="1004" name="select_ln40_fu_3796">
<pin_list>
<pin id="3797" dir="0" index="0" bw="1" slack="1"/>
<pin id="3798" dir="0" index="1" bw="3" slack="0"/>
<pin id="3799" dir="0" index="2" bw="3" slack="0"/>
<pin id="3800" dir="1" index="3" bw="3" slack="0"/>
</pin_list>
<bind>
<opcode="select(49) " fcode="select"/>
<opset="select_ln40/3 "/>
</bind>
</comp>

<comp id="3803" class="1004" name="select_ln40_1_fu_3803">
<pin_list>
<pin id="3804" dir="0" index="0" bw="1" slack="1"/>
<pin id="3805" dir="0" index="1" bw="3" slack="0"/>
<pin id="3806" dir="0" index="2" bw="3" slack="0"/>
<pin id="3807" dir="1" index="3" bw="3" slack="0"/>
</pin_list>
<bind>
<opcode="select(49) " fcode="select"/>
<opset="select_ln40_1/3 "/>
</bind>
</comp>

<comp id="3810" class="1004" name="add_ln41_fu_3810">
<pin_list>
<pin id="3811" dir="0" index="0" bw="3" slack="0"/>
<pin id="3812" dir="0" index="1" bw="1" slack="0"/>
<pin id="3813" dir="1" index="2" bw="3" slack="0"/>
</pin_list>
<bind>
<opcode="add(8) " fcode="add"/>
<opset="add_ln41/3 "/>
</bind>
</comp>

<comp id="3816" class="1004" name="select_ln41_1_fu_3816">
<pin_list>
<pin id="3817" dir="0" index="0" bw="1" slack="1"/>
<pin id="3818" dir="0" index="1" bw="3" slack="0"/>
<pin id="3819" dir="0" index="2" bw="3" slack="0"/>
<pin id="3820" dir="1" index="3" bw="3" slack="0"/>
</pin_list>
<bind>
<opcode="select(49) " fcode="select"/>
<opset="select_ln41_1/3 "/>
</bind>
</comp>

<comp id="3823" class="1004" name="zext_ln40_fu_3823">
<pin_list>
<pin id="3824" dir="0" index="0" bw="3" slack="0"/>
<pin id="3825" dir="1" index="1" bw="64" slack="0"/>
</pin_list>
<bind>
<opcode="zext(34) " fcode="zext"/>
<opset="zext_ln40/3 "/>
</bind>
</comp>

<comp id="4043" class="1004" name="store_ln40_store_fu_4043">
<pin_list>
<pin id="4044" dir="0" index="0" bw="3" slack="0"/>
<pin id="4045" dir="0" index="1" bw="3" slack="2"/>
<pin id="4046" dir="1" index="2" bw="0" slack="2147483647"/>
</pin_list>
<bind>
<opcode="store(28) " fcode="store"/>
<opset="store_ln40/3 "/>
</bind>
</comp>

<comp id="4048" class="1004" name="store_ln41_store_fu_4048">
<pin_list>
<pin id="4049" dir="0" index="0" bw="3" slack="0"/>
<pin id="4050" dir="0" index="1" bw="3" slack="2"/>
<pin id="4051" dir="1" index="2" bw="0" slack="2147483647"/>
</pin_list>
<bind>
<opcode="store(28) " fcode="store"/>
<opset="store_ln41/3 "/>
</bind>
</comp>

<comp id="4053" class="1005" name="c_reg_4053">
<pin_list>
<pin id="4054" dir="0" index="0" bw="4" slack="0"/>
<pin id="4055" dir="1" index="1" bw="4" slack="0"/>
</pin_list>
<bind>
<opset="c "/>
</bind>
</comp>

<comp id="4060" class="1005" name="x_reg_4060">
<pin_list>
<pin id="4061" dir="0" index="0" bw="3" slack="0"/>
<pin id="4062" dir="1" index="1" bw="3" slack="0"/>
</pin_list>
<bind>
<opset="x "/>
</bind>
</comp>

<comp id="4067" class="1005" name="indvar_flatten_reg_4067">
<pin_list>
<pin id="4068" dir="0" index="0" bw="7" slack="0"/>
<pin id="4069" dir="1" index="1" bw="7" slack="0"/>
</pin_list>
<bind>
<opset="indvar_flatten "/>
</bind>
</comp>

<comp id="4074" class="1005" name="y_reg_4074">
<pin_list>
<pin id="4075" dir="0" index="0" bw="3" slack="0"/>
<pin id="4076" dir="1" index="1" bw="3" slack="0"/>
</pin_list>
<bind>
<opset="y "/>
</bind>
</comp>

<comp id="4081" class="1005" name="indvar_flatten12_reg_4081">
<pin_list>
<pin id="4082" dir="0" index="0" bw="10" slack="0"/>
<pin id="4083" dir="1" index="1" bw="10" slack="0"/>
</pin_list>
<bind>
<opset="indvar_flatten12 "/>
</bind>
</comp>

<comp id="4088" class="1005" name="s_reg_4088">
<pin_list>
<pin id="4089" dir="0" index="0" bw="2" slack="0"/>
<pin id="4090" dir="1" index="1" bw="2" slack="0"/>
</pin_list>
<bind>
<opset="s "/>
</bind>
</comp>

<comp id="4095" class="1005" name="indvar_flatten33_reg_4095">
<pin_list>
<pin id="4096" dir="0" index="0" bw="11" slack="0"/>
<pin id="4097" dir="1" index="1" bw="11" slack="0"/>
</pin_list>
<bind>
<opset="indvar_flatten33 "/>
</bind>
</comp>

<comp id="4105" class="1005" name="icmp_ln40_reg_4105">
<pin_list>
<pin id="4106" dir="0" index="0" bw="1" slack="1"/>
<pin id="4107" dir="1" index="1" bw="1" slack="1"/>
</pin_list>
<bind>
<opset="icmp_ln40 "/>
</bind>
</comp>

<comp id="4110" class="1005" name="and_ln39_1_reg_4110">
<pin_list>
<pin id="4111" dir="0" index="0" bw="1" slack="1"/>
<pin id="4112" dir="1" index="1" bw="1" slack="1"/>
</pin_list>
<bind>
<opset="and_ln39_1 "/>
</bind>
</comp>

<comp id="4115" class="1005" name="select_ln39_1_reg_4115">
<pin_list>
<pin id="4116" dir="0" index="0" bw="2" slack="1"/>
<pin id="4117" dir="1" index="1" bw="2" slack="2147483647"/>
</pin_list>
<bind>
<opset="select_ln39_1 "/>
</bind>
</comp>

<comp id="4119" class="1005" name="or_ln40_reg_4119">
<pin_list>
<pin id="4120" dir="0" index="0" bw="1" slack="1"/>
<pin id="4121" dir="1" index="1" bw="1" slack="1"/>
</pin_list>
<bind>
<opset="or_ln40 "/>
</bind>
</comp>

<comp id="4124" class="1005" name="and_ln40_reg_4124">
<pin_list>
<pin id="4125" dir="0" index="0" bw="1" slack="1"/>
<pin id="4126" dir="1" index="1" bw="1" slack="1"/>
</pin_list>
<bind>
<opset="and_ln40 "/>
</bind>
</comp>

<comp id="4129" class="1005" name="select_ln41_reg_4129">
<pin_list>
<pin id="4130" dir="0" index="0" bw="4" slack="1"/>
<pin id="4131" dir="1" index="1" bw="4" slack="2147483647"/>
</pin_list>
<bind>
<opset="select_ln41 "/>
</bind>
</comp>

</comp_list>

<net_list>
<net id="513"><net_src comp="432" pin="0"/><net_sink comp="510" pin=0"/></net>

<net id="517"><net_src comp="432" pin="0"/><net_sink comp="514" pin=0"/></net>

<net id="521"><net_src comp="432" pin="0"/><net_sink comp="518" pin=0"/></net>

<net id="525"><net_src comp="432" pin="0"/><net_sink comp="522" pin=0"/></net>

<net id="529"><net_src comp="432" pin="0"/><net_sink comp="526" pin=0"/></net>

<net id="533"><net_src comp="432" pin="0"/><net_sink comp="530" pin=0"/></net>

<net id="537"><net_src comp="432" pin="0"/><net_sink comp="534" pin=0"/></net>

<net id="543"><net_src comp="0" pin="0"/><net_sink comp="538" pin=0"/></net>

<net id="544"><net_src comp="476" pin="0"/><net_sink comp="538" pin=1"/></net>

<net id="550"><net_src comp="2" pin="0"/><net_sink comp="545" pin=0"/></net>

<net id="551"><net_src comp="476" pin="0"/><net_sink comp="545" pin=1"/></net>

<net id="557"><net_src comp="4" pin="0"/><net_sink comp="552" pin=0"/></net>

<net id="558"><net_src comp="476" pin="0"/><net_sink comp="552" pin=1"/></net>

<net id="564"><net_src comp="6" pin="0"/><net_sink comp="559" pin=0"/></net>

<net id="565"><net_src comp="476" pin="0"/><net_sink comp="559" pin=1"/></net>

<net id="571"><net_src comp="8" pin="0"/><net_sink comp="566" pin=0"/></net>

<net id="572"><net_src comp="476" pin="0"/><net_sink comp="566" pin=1"/></net>

<net id="578"><net_src comp="10" pin="0"/><net_sink comp="573" pin=0"/></net>

<net id="579"><net_src comp="476" pin="0"/><net_sink comp="573" pin=1"/></net>

<net id="585"><net_src comp="12" pin="0"/><net_sink comp="580" pin=0"/></net>

<net id="586"><net_src comp="476" pin="0"/><net_sink comp="580" pin=1"/></net>

<net id="592"><net_src comp="14" pin="0"/><net_sink comp="587" pin=0"/></net>

<net id="593"><net_src comp="476" pin="0"/><net_sink comp="587" pin=1"/></net>

<net id="599"><net_src comp="16" pin="0"/><net_sink comp="594" pin=0"/></net>

<net id="600"><net_src comp="476" pin="0"/><net_sink comp="594" pin=1"/></net>

<net id="606"><net_src comp="18" pin="0"/><net_sink comp="601" pin=0"/></net>

<net id="607"><net_src comp="476" pin="0"/><net_sink comp="601" pin=1"/></net>

<net id="613"><net_src comp="20" pin="0"/><net_sink comp="608" pin=0"/></net>

<net id="614"><net_src comp="476" pin="0"/><net_sink comp="608" pin=1"/></net>

<net id="620"><net_src comp="22" pin="0"/><net_sink comp="615" pin=0"/></net>

<net id="621"><net_src comp="476" pin="0"/><net_sink comp="615" pin=1"/></net>

<net id="627"><net_src comp="24" pin="0"/><net_sink comp="622" pin=0"/></net>

<net id="628"><net_src comp="476" pin="0"/><net_sink comp="622" pin=1"/></net>

<net id="634"><net_src comp="26" pin="0"/><net_sink comp="629" pin=0"/></net>

<net id="635"><net_src comp="476" pin="0"/><net_sink comp="629" pin=1"/></net>

<net id="641"><net_src comp="28" pin="0"/><net_sink comp="636" pin=0"/></net>

<net id="642"><net_src comp="476" pin="0"/><net_sink comp="636" pin=1"/></net>

<net id="648"><net_src comp="30" pin="0"/><net_sink comp="643" pin=0"/></net>

<net id="649"><net_src comp="476" pin="0"/><net_sink comp="643" pin=1"/></net>

<net id="655"><net_src comp="32" pin="0"/><net_sink comp="650" pin=0"/></net>

<net id="656"><net_src comp="476" pin="0"/><net_sink comp="650" pin=1"/></net>

<net id="662"><net_src comp="34" pin="0"/><net_sink comp="657" pin=0"/></net>

<net id="663"><net_src comp="476" pin="0"/><net_sink comp="657" pin=1"/></net>

<net id="669"><net_src comp="36" pin="0"/><net_sink comp="664" pin=0"/></net>

<net id="670"><net_src comp="476" pin="0"/><net_sink comp="664" pin=1"/></net>

<net id="676"><net_src comp="38" pin="0"/><net_sink comp="671" pin=0"/></net>

<net id="677"><net_src comp="476" pin="0"/><net_sink comp="671" pin=1"/></net>

<net id="683"><net_src comp="40" pin="0"/><net_sink comp="678" pin=0"/></net>

<net id="684"><net_src comp="476" pin="0"/><net_sink comp="678" pin=1"/></net>

<net id="690"><net_src comp="42" pin="0"/><net_sink comp="685" pin=0"/></net>

<net id="691"><net_src comp="476" pin="0"/><net_sink comp="685" pin=1"/></net>

<net id="697"><net_src comp="44" pin="0"/><net_sink comp="692" pin=0"/></net>

<net id="698"><net_src comp="476" pin="0"/><net_sink comp="692" pin=1"/></net>

<net id="704"><net_src comp="46" pin="0"/><net_sink comp="699" pin=0"/></net>

<net id="705"><net_src comp="476" pin="0"/><net_sink comp="699" pin=1"/></net>

<net id="711"><net_src comp="48" pin="0"/><net_sink comp="706" pin=0"/></net>

<net id="712"><net_src comp="476" pin="0"/><net_sink comp="706" pin=1"/></net>

<net id="718"><net_src comp="50" pin="0"/><net_sink comp="713" pin=0"/></net>

<net id="719"><net_src comp="476" pin="0"/><net_sink comp="713" pin=1"/></net>

<net id="725"><net_src comp="52" pin="0"/><net_sink comp="720" pin=0"/></net>

<net id="726"><net_src comp="476" pin="0"/><net_sink comp="720" pin=1"/></net>

<net id="732"><net_src comp="54" pin="0"/><net_sink comp="727" pin=0"/></net>

<net id="733"><net_src comp="476" pin="0"/><net_sink comp="727" pin=1"/></net>

<net id="739"><net_src comp="56" pin="0"/><net_sink comp="734" pin=0"/></net>

<net id="740"><net_src comp="476" pin="0"/><net_sink comp="734" pin=1"/></net>

<net id="746"><net_src comp="58" pin="0"/><net_sink comp="741" pin=0"/></net>

<net id="747"><net_src comp="476" pin="0"/><net_sink comp="741" pin=1"/></net>

<net id="753"><net_src comp="60" pin="0"/><net_sink comp="748" pin=0"/></net>

<net id="754"><net_src comp="476" pin="0"/><net_sink comp="748" pin=1"/></net>

<net id="760"><net_src comp="62" pin="0"/><net_sink comp="755" pin=0"/></net>

<net id="761"><net_src comp="476" pin="0"/><net_sink comp="755" pin=1"/></net>

<net id="767"><net_src comp="64" pin="0"/><net_sink comp="762" pin=0"/></net>

<net id="768"><net_src comp="476" pin="0"/><net_sink comp="762" pin=1"/></net>

<net id="774"><net_src comp="66" pin="0"/><net_sink comp="769" pin=0"/></net>

<net id="775"><net_src comp="476" pin="0"/><net_sink comp="769" pin=1"/></net>

<net id="781"><net_src comp="68" pin="0"/><net_sink comp="776" pin=0"/></net>

<net id="782"><net_src comp="476" pin="0"/><net_sink comp="776" pin=1"/></net>

<net id="788"><net_src comp="70" pin="0"/><net_sink comp="783" pin=0"/></net>

<net id="789"><net_src comp="476" pin="0"/><net_sink comp="783" pin=1"/></net>

<net id="795"><net_src comp="72" pin="0"/><net_sink comp="790" pin=0"/></net>

<net id="796"><net_src comp="476" pin="0"/><net_sink comp="790" pin=1"/></net>

<net id="802"><net_src comp="74" pin="0"/><net_sink comp="797" pin=0"/></net>

<net id="803"><net_src comp="476" pin="0"/><net_sink comp="797" pin=1"/></net>

<net id="809"><net_src comp="76" pin="0"/><net_sink comp="804" pin=0"/></net>

<net id="810"><net_src comp="476" pin="0"/><net_sink comp="804" pin=1"/></net>

<net id="816"><net_src comp="78" pin="0"/><net_sink comp="811" pin=0"/></net>

<net id="817"><net_src comp="476" pin="0"/><net_sink comp="811" pin=1"/></net>

<net id="823"><net_src comp="80" pin="0"/><net_sink comp="818" pin=0"/></net>

<net id="824"><net_src comp="476" pin="0"/><net_sink comp="818" pin=1"/></net>

<net id="830"><net_src comp="82" pin="0"/><net_sink comp="825" pin=0"/></net>

<net id="831"><net_src comp="476" pin="0"/><net_sink comp="825" pin=1"/></net>

<net id="837"><net_src comp="84" pin="0"/><net_sink comp="832" pin=0"/></net>

<net id="838"><net_src comp="476" pin="0"/><net_sink comp="832" pin=1"/></net>

<net id="844"><net_src comp="86" pin="0"/><net_sink comp="839" pin=0"/></net>

<net id="845"><net_src comp="476" pin="0"/><net_sink comp="839" pin=1"/></net>

<net id="851"><net_src comp="88" pin="0"/><net_sink comp="846" pin=0"/></net>

<net id="852"><net_src comp="476" pin="0"/><net_sink comp="846" pin=1"/></net>

<net id="858"><net_src comp="90" pin="0"/><net_sink comp="853" pin=0"/></net>

<net id="859"><net_src comp="476" pin="0"/><net_sink comp="853" pin=1"/></net>

<net id="865"><net_src comp="92" pin="0"/><net_sink comp="860" pin=0"/></net>

<net id="866"><net_src comp="476" pin="0"/><net_sink comp="860" pin=1"/></net>

<net id="872"><net_src comp="94" pin="0"/><net_sink comp="867" pin=0"/></net>

<net id="873"><net_src comp="476" pin="0"/><net_sink comp="867" pin=1"/></net>

<net id="879"><net_src comp="96" pin="0"/><net_sink comp="874" pin=0"/></net>

<net id="880"><net_src comp="476" pin="0"/><net_sink comp="874" pin=1"/></net>

<net id="886"><net_src comp="98" pin="0"/><net_sink comp="881" pin=0"/></net>

<net id="887"><net_src comp="476" pin="0"/><net_sink comp="881" pin=1"/></net>

<net id="893"><net_src comp="100" pin="0"/><net_sink comp="888" pin=0"/></net>

<net id="894"><net_src comp="476" pin="0"/><net_sink comp="888" pin=1"/></net>

<net id="900"><net_src comp="102" pin="0"/><net_sink comp="895" pin=0"/></net>

<net id="901"><net_src comp="476" pin="0"/><net_sink comp="895" pin=1"/></net>

<net id="907"><net_src comp="104" pin="0"/><net_sink comp="902" pin=0"/></net>

<net id="908"><net_src comp="476" pin="0"/><net_sink comp="902" pin=1"/></net>

<net id="914"><net_src comp="106" pin="0"/><net_sink comp="909" pin=0"/></net>

<net id="915"><net_src comp="476" pin="0"/><net_sink comp="909" pin=1"/></net>

<net id="921"><net_src comp="108" pin="0"/><net_sink comp="916" pin=0"/></net>

<net id="922"><net_src comp="476" pin="0"/><net_sink comp="916" pin=1"/></net>

<net id="928"><net_src comp="110" pin="0"/><net_sink comp="923" pin=0"/></net>

<net id="929"><net_src comp="476" pin="0"/><net_sink comp="923" pin=1"/></net>

<net id="935"><net_src comp="112" pin="0"/><net_sink comp="930" pin=0"/></net>

<net id="936"><net_src comp="476" pin="0"/><net_sink comp="930" pin=1"/></net>

<net id="942"><net_src comp="114" pin="0"/><net_sink comp="937" pin=0"/></net>

<net id="943"><net_src comp="476" pin="0"/><net_sink comp="937" pin=1"/></net>

<net id="949"><net_src comp="116" pin="0"/><net_sink comp="944" pin=0"/></net>

<net id="950"><net_src comp="476" pin="0"/><net_sink comp="944" pin=1"/></net>

<net id="956"><net_src comp="118" pin="0"/><net_sink comp="951" pin=0"/></net>

<net id="957"><net_src comp="476" pin="0"/><net_sink comp="951" pin=1"/></net>

<net id="963"><net_src comp="120" pin="0"/><net_sink comp="958" pin=0"/></net>

<net id="964"><net_src comp="476" pin="0"/><net_sink comp="958" pin=1"/></net>

<net id="970"><net_src comp="122" pin="0"/><net_sink comp="965" pin=0"/></net>

<net id="971"><net_src comp="476" pin="0"/><net_sink comp="965" pin=1"/></net>

<net id="977"><net_src comp="124" pin="0"/><net_sink comp="972" pin=0"/></net>

<net id="978"><net_src comp="476" pin="0"/><net_sink comp="972" pin=1"/></net>

<net id="984"><net_src comp="126" pin="0"/><net_sink comp="979" pin=0"/></net>

<net id="985"><net_src comp="476" pin="0"/><net_sink comp="979" pin=1"/></net>

<net id="991"><net_src comp="128" pin="0"/><net_sink comp="986" pin=0"/></net>

<net id="992"><net_src comp="476" pin="0"/><net_sink comp="986" pin=1"/></net>

<net id="998"><net_src comp="130" pin="0"/><net_sink comp="993" pin=0"/></net>

<net id="999"><net_src comp="476" pin="0"/><net_sink comp="993" pin=1"/></net>

<net id="1005"><net_src comp="132" pin="0"/><net_sink comp="1000" pin=0"/></net>

<net id="1006"><net_src comp="476" pin="0"/><net_sink comp="1000" pin=1"/></net>

<net id="1012"><net_src comp="134" pin="0"/><net_sink comp="1007" pin=0"/></net>

<net id="1013"><net_src comp="476" pin="0"/><net_sink comp="1007" pin=1"/></net>

<net id="1019"><net_src comp="136" pin="0"/><net_sink comp="1014" pin=0"/></net>

<net id="1020"><net_src comp="476" pin="0"/><net_sink comp="1014" pin=1"/></net>

<net id="1026"><net_src comp="138" pin="0"/><net_sink comp="1021" pin=0"/></net>

<net id="1027"><net_src comp="476" pin="0"/><net_sink comp="1021" pin=1"/></net>

<net id="1033"><net_src comp="140" pin="0"/><net_sink comp="1028" pin=0"/></net>

<net id="1034"><net_src comp="476" pin="0"/><net_sink comp="1028" pin=1"/></net>

<net id="1040"><net_src comp="142" pin="0"/><net_sink comp="1035" pin=0"/></net>

<net id="1041"><net_src comp="476" pin="0"/><net_sink comp="1035" pin=1"/></net>

<net id="1047"><net_src comp="144" pin="0"/><net_sink comp="1042" pin=0"/></net>

<net id="1048"><net_src comp="476" pin="0"/><net_sink comp="1042" pin=1"/></net>

<net id="1054"><net_src comp="146" pin="0"/><net_sink comp="1049" pin=0"/></net>

<net id="1055"><net_src comp="476" pin="0"/><net_sink comp="1049" pin=1"/></net>

<net id="1061"><net_src comp="148" pin="0"/><net_sink comp="1056" pin=0"/></net>

<net id="1062"><net_src comp="476" pin="0"/><net_sink comp="1056" pin=1"/></net>

<net id="1068"><net_src comp="150" pin="0"/><net_sink comp="1063" pin=0"/></net>

<net id="1069"><net_src comp="476" pin="0"/><net_sink comp="1063" pin=1"/></net>

<net id="1075"><net_src comp="152" pin="0"/><net_sink comp="1070" pin=0"/></net>

<net id="1076"><net_src comp="476" pin="0"/><net_sink comp="1070" pin=1"/></net>

<net id="1082"><net_src comp="154" pin="0"/><net_sink comp="1077" pin=0"/></net>

<net id="1083"><net_src comp="476" pin="0"/><net_sink comp="1077" pin=1"/></net>

<net id="1089"><net_src comp="156" pin="0"/><net_sink comp="1084" pin=0"/></net>

<net id="1090"><net_src comp="476" pin="0"/><net_sink comp="1084" pin=1"/></net>

<net id="1096"><net_src comp="158" pin="0"/><net_sink comp="1091" pin=0"/></net>

<net id="1097"><net_src comp="476" pin="0"/><net_sink comp="1091" pin=1"/></net>

<net id="1103"><net_src comp="160" pin="0"/><net_sink comp="1098" pin=0"/></net>

<net id="1104"><net_src comp="476" pin="0"/><net_sink comp="1098" pin=1"/></net>

<net id="1110"><net_src comp="162" pin="0"/><net_sink comp="1105" pin=0"/></net>

<net id="1111"><net_src comp="476" pin="0"/><net_sink comp="1105" pin=1"/></net>

<net id="1117"><net_src comp="164" pin="0"/><net_sink comp="1112" pin=0"/></net>

<net id="1118"><net_src comp="476" pin="0"/><net_sink comp="1112" pin=1"/></net>

<net id="1124"><net_src comp="166" pin="0"/><net_sink comp="1119" pin=0"/></net>

<net id="1125"><net_src comp="476" pin="0"/><net_sink comp="1119" pin=1"/></net>

<net id="1131"><net_src comp="168" pin="0"/><net_sink comp="1126" pin=0"/></net>

<net id="1132"><net_src comp="476" pin="0"/><net_sink comp="1126" pin=1"/></net>

<net id="1138"><net_src comp="170" pin="0"/><net_sink comp="1133" pin=0"/></net>

<net id="1139"><net_src comp="476" pin="0"/><net_sink comp="1133" pin=1"/></net>

<net id="1145"><net_src comp="172" pin="0"/><net_sink comp="1140" pin=0"/></net>

<net id="1146"><net_src comp="476" pin="0"/><net_sink comp="1140" pin=1"/></net>

<net id="1152"><net_src comp="174" pin="0"/><net_sink comp="1147" pin=0"/></net>

<net id="1153"><net_src comp="476" pin="0"/><net_sink comp="1147" pin=1"/></net>

<net id="1159"><net_src comp="176" pin="0"/><net_sink comp="1154" pin=0"/></net>

<net id="1160"><net_src comp="476" pin="0"/><net_sink comp="1154" pin=1"/></net>

<net id="1166"><net_src comp="178" pin="0"/><net_sink comp="1161" pin=0"/></net>

<net id="1167"><net_src comp="476" pin="0"/><net_sink comp="1161" pin=1"/></net>

<net id="1173"><net_src comp="180" pin="0"/><net_sink comp="1168" pin=0"/></net>

<net id="1174"><net_src comp="476" pin="0"/><net_sink comp="1168" pin=1"/></net>

<net id="1180"><net_src comp="182" pin="0"/><net_sink comp="1175" pin=0"/></net>

<net id="1181"><net_src comp="476" pin="0"/><net_sink comp="1175" pin=1"/></net>

<net id="1187"><net_src comp="184" pin="0"/><net_sink comp="1182" pin=0"/></net>

<net id="1188"><net_src comp="476" pin="0"/><net_sink comp="1182" pin=1"/></net>

<net id="1194"><net_src comp="186" pin="0"/><net_sink comp="1189" pin=0"/></net>

<net id="1195"><net_src comp="476" pin="0"/><net_sink comp="1189" pin=1"/></net>

<net id="1201"><net_src comp="188" pin="0"/><net_sink comp="1196" pin=0"/></net>

<net id="1202"><net_src comp="476" pin="0"/><net_sink comp="1196" pin=1"/></net>

<net id="1208"><net_src comp="190" pin="0"/><net_sink comp="1203" pin=0"/></net>

<net id="1209"><net_src comp="476" pin="0"/><net_sink comp="1203" pin=1"/></net>

<net id="1215"><net_src comp="192" pin="0"/><net_sink comp="1210" pin=0"/></net>

<net id="1216"><net_src comp="476" pin="0"/><net_sink comp="1210" pin=1"/></net>

<net id="1222"><net_src comp="194" pin="0"/><net_sink comp="1217" pin=0"/></net>

<net id="1223"><net_src comp="476" pin="0"/><net_sink comp="1217" pin=1"/></net>

<net id="1229"><net_src comp="196" pin="0"/><net_sink comp="1224" pin=0"/></net>

<net id="1230"><net_src comp="476" pin="0"/><net_sink comp="1224" pin=1"/></net>

<net id="1236"><net_src comp="198" pin="0"/><net_sink comp="1231" pin=0"/></net>

<net id="1237"><net_src comp="476" pin="0"/><net_sink comp="1231" pin=1"/></net>

<net id="1243"><net_src comp="200" pin="0"/><net_sink comp="1238" pin=0"/></net>

<net id="1244"><net_src comp="476" pin="0"/><net_sink comp="1238" pin=1"/></net>

<net id="1250"><net_src comp="202" pin="0"/><net_sink comp="1245" pin=0"/></net>

<net id="1251"><net_src comp="476" pin="0"/><net_sink comp="1245" pin=1"/></net>

<net id="1257"><net_src comp="204" pin="0"/><net_sink comp="1252" pin=0"/></net>

<net id="1258"><net_src comp="476" pin="0"/><net_sink comp="1252" pin=1"/></net>

<net id="1264"><net_src comp="206" pin="0"/><net_sink comp="1259" pin=0"/></net>

<net id="1265"><net_src comp="476" pin="0"/><net_sink comp="1259" pin=1"/></net>

<net id="1271"><net_src comp="208" pin="0"/><net_sink comp="1266" pin=0"/></net>

<net id="1272"><net_src comp="476" pin="0"/><net_sink comp="1266" pin=1"/></net>

<net id="1278"><net_src comp="210" pin="0"/><net_sink comp="1273" pin=0"/></net>

<net id="1279"><net_src comp="476" pin="0"/><net_sink comp="1273" pin=1"/></net>

<net id="1285"><net_src comp="212" pin="0"/><net_sink comp="1280" pin=0"/></net>

<net id="1286"><net_src comp="476" pin="0"/><net_sink comp="1280" pin=1"/></net>

<net id="1292"><net_src comp="214" pin="0"/><net_sink comp="1287" pin=0"/></net>

<net id="1293"><net_src comp="476" pin="0"/><net_sink comp="1287" pin=1"/></net>

<net id="1299"><net_src comp="216" pin="0"/><net_sink comp="1294" pin=0"/></net>

<net id="1300"><net_src comp="476" pin="0"/><net_sink comp="1294" pin=1"/></net>

<net id="1306"><net_src comp="218" pin="0"/><net_sink comp="1301" pin=0"/></net>

<net id="1307"><net_src comp="476" pin="0"/><net_sink comp="1301" pin=1"/></net>

<net id="1313"><net_src comp="220" pin="0"/><net_sink comp="1308" pin=0"/></net>

<net id="1314"><net_src comp="476" pin="0"/><net_sink comp="1308" pin=1"/></net>

<net id="1320"><net_src comp="222" pin="0"/><net_sink comp="1315" pin=0"/></net>

<net id="1321"><net_src comp="476" pin="0"/><net_sink comp="1315" pin=1"/></net>

<net id="1327"><net_src comp="224" pin="0"/><net_sink comp="1322" pin=0"/></net>

<net id="1328"><net_src comp="476" pin="0"/><net_sink comp="1322" pin=1"/></net>

<net id="1334"><net_src comp="226" pin="0"/><net_sink comp="1329" pin=0"/></net>

<net id="1335"><net_src comp="476" pin="0"/><net_sink comp="1329" pin=1"/></net>

<net id="1341"><net_src comp="228" pin="0"/><net_sink comp="1336" pin=0"/></net>

<net id="1342"><net_src comp="476" pin="0"/><net_sink comp="1336" pin=1"/></net>

<net id="1348"><net_src comp="230" pin="0"/><net_sink comp="1343" pin=0"/></net>

<net id="1349"><net_src comp="476" pin="0"/><net_sink comp="1343" pin=1"/></net>

<net id="1355"><net_src comp="232" pin="0"/><net_sink comp="1350" pin=0"/></net>

<net id="1356"><net_src comp="476" pin="0"/><net_sink comp="1350" pin=1"/></net>

<net id="1362"><net_src comp="234" pin="0"/><net_sink comp="1357" pin=0"/></net>

<net id="1363"><net_src comp="476" pin="0"/><net_sink comp="1357" pin=1"/></net>

<net id="1369"><net_src comp="236" pin="0"/><net_sink comp="1364" pin=0"/></net>

<net id="1370"><net_src comp="476" pin="0"/><net_sink comp="1364" pin=1"/></net>

<net id="1376"><net_src comp="238" pin="0"/><net_sink comp="1371" pin=0"/></net>

<net id="1377"><net_src comp="476" pin="0"/><net_sink comp="1371" pin=1"/></net>

<net id="1383"><net_src comp="240" pin="0"/><net_sink comp="1378" pin=0"/></net>

<net id="1384"><net_src comp="476" pin="0"/><net_sink comp="1378" pin=1"/></net>

<net id="1390"><net_src comp="242" pin="0"/><net_sink comp="1385" pin=0"/></net>

<net id="1391"><net_src comp="476" pin="0"/><net_sink comp="1385" pin=1"/></net>

<net id="1397"><net_src comp="244" pin="0"/><net_sink comp="1392" pin=0"/></net>

<net id="1398"><net_src comp="476" pin="0"/><net_sink comp="1392" pin=1"/></net>

<net id="1404"><net_src comp="246" pin="0"/><net_sink comp="1399" pin=0"/></net>

<net id="1405"><net_src comp="476" pin="0"/><net_sink comp="1399" pin=1"/></net>

<net id="1411"><net_src comp="248" pin="0"/><net_sink comp="1406" pin=0"/></net>

<net id="1412"><net_src comp="476" pin="0"/><net_sink comp="1406" pin=1"/></net>

<net id="1418"><net_src comp="250" pin="0"/><net_sink comp="1413" pin=0"/></net>

<net id="1419"><net_src comp="476" pin="0"/><net_sink comp="1413" pin=1"/></net>

<net id="1425"><net_src comp="252" pin="0"/><net_sink comp="1420" pin=0"/></net>

<net id="1426"><net_src comp="476" pin="0"/><net_sink comp="1420" pin=1"/></net>

<net id="1432"><net_src comp="254" pin="0"/><net_sink comp="1427" pin=0"/></net>

<net id="1433"><net_src comp="476" pin="0"/><net_sink comp="1427" pin=1"/></net>

<net id="1439"><net_src comp="256" pin="0"/><net_sink comp="1434" pin=0"/></net>

<net id="1440"><net_src comp="476" pin="0"/><net_sink comp="1434" pin=1"/></net>

<net id="1446"><net_src comp="258" pin="0"/><net_sink comp="1441" pin=0"/></net>

<net id="1447"><net_src comp="476" pin="0"/><net_sink comp="1441" pin=1"/></net>

<net id="1453"><net_src comp="260" pin="0"/><net_sink comp="1448" pin=0"/></net>

<net id="1454"><net_src comp="476" pin="0"/><net_sink comp="1448" pin=1"/></net>

<net id="1460"><net_src comp="262" pin="0"/><net_sink comp="1455" pin=0"/></net>

<net id="1461"><net_src comp="476" pin="0"/><net_sink comp="1455" pin=1"/></net>

<net id="1467"><net_src comp="264" pin="0"/><net_sink comp="1462" pin=0"/></net>

<net id="1468"><net_src comp="476" pin="0"/><net_sink comp="1462" pin=1"/></net>

<net id="1474"><net_src comp="266" pin="0"/><net_sink comp="1469" pin=0"/></net>

<net id="1475"><net_src comp="476" pin="0"/><net_sink comp="1469" pin=1"/></net>

<net id="1481"><net_src comp="268" pin="0"/><net_sink comp="1476" pin=0"/></net>

<net id="1482"><net_src comp="476" pin="0"/><net_sink comp="1476" pin=1"/></net>

<net id="1488"><net_src comp="270" pin="0"/><net_sink comp="1483" pin=0"/></net>

<net id="1489"><net_src comp="476" pin="0"/><net_sink comp="1483" pin=1"/></net>

<net id="1495"><net_src comp="272" pin="0"/><net_sink comp="1490" pin=0"/></net>

<net id="1496"><net_src comp="476" pin="0"/><net_sink comp="1490" pin=1"/></net>

<net id="1502"><net_src comp="274" pin="0"/><net_sink comp="1497" pin=0"/></net>

<net id="1503"><net_src comp="476" pin="0"/><net_sink comp="1497" pin=1"/></net>

<net id="1509"><net_src comp="276" pin="0"/><net_sink comp="1504" pin=0"/></net>

<net id="1510"><net_src comp="476" pin="0"/><net_sink comp="1504" pin=1"/></net>

<net id="1516"><net_src comp="278" pin="0"/><net_sink comp="1511" pin=0"/></net>

<net id="1517"><net_src comp="476" pin="0"/><net_sink comp="1511" pin=1"/></net>

<net id="1523"><net_src comp="280" pin="0"/><net_sink comp="1518" pin=0"/></net>

<net id="1524"><net_src comp="476" pin="0"/><net_sink comp="1518" pin=1"/></net>

<net id="1530"><net_src comp="282" pin="0"/><net_sink comp="1525" pin=0"/></net>

<net id="1531"><net_src comp="476" pin="0"/><net_sink comp="1525" pin=1"/></net>

<net id="1537"><net_src comp="284" pin="0"/><net_sink comp="1532" pin=0"/></net>

<net id="1538"><net_src comp="476" pin="0"/><net_sink comp="1532" pin=1"/></net>

<net id="1544"><net_src comp="286" pin="0"/><net_sink comp="1539" pin=0"/></net>

<net id="1545"><net_src comp="476" pin="0"/><net_sink comp="1539" pin=1"/></net>

<net id="1551"><net_src comp="288" pin="0"/><net_sink comp="1546" pin=0"/></net>

<net id="1552"><net_src comp="476" pin="0"/><net_sink comp="1546" pin=1"/></net>

<net id="1558"><net_src comp="290" pin="0"/><net_sink comp="1553" pin=0"/></net>

<net id="1559"><net_src comp="476" pin="0"/><net_sink comp="1553" pin=1"/></net>

<net id="1565"><net_src comp="292" pin="0"/><net_sink comp="1560" pin=0"/></net>

<net id="1566"><net_src comp="476" pin="0"/><net_sink comp="1560" pin=1"/></net>

<net id="1572"><net_src comp="294" pin="0"/><net_sink comp="1567" pin=0"/></net>

<net id="1573"><net_src comp="476" pin="0"/><net_sink comp="1567" pin=1"/></net>

<net id="1579"><net_src comp="296" pin="0"/><net_sink comp="1574" pin=0"/></net>

<net id="1580"><net_src comp="476" pin="0"/><net_sink comp="1574" pin=1"/></net>

<net id="1586"><net_src comp="298" pin="0"/><net_sink comp="1581" pin=0"/></net>

<net id="1587"><net_src comp="476" pin="0"/><net_sink comp="1581" pin=1"/></net>

<net id="1593"><net_src comp="300" pin="0"/><net_sink comp="1588" pin=0"/></net>

<net id="1594"><net_src comp="476" pin="0"/><net_sink comp="1588" pin=1"/></net>

<net id="1600"><net_src comp="302" pin="0"/><net_sink comp="1595" pin=0"/></net>

<net id="1601"><net_src comp="476" pin="0"/><net_sink comp="1595" pin=1"/></net>

<net id="1607"><net_src comp="304" pin="0"/><net_sink comp="1602" pin=0"/></net>

<net id="1608"><net_src comp="476" pin="0"/><net_sink comp="1602" pin=1"/></net>

<net id="1614"><net_src comp="306" pin="0"/><net_sink comp="1609" pin=0"/></net>

<net id="1615"><net_src comp="476" pin="0"/><net_sink comp="1609" pin=1"/></net>

<net id="1621"><net_src comp="308" pin="0"/><net_sink comp="1616" pin=0"/></net>

<net id="1622"><net_src comp="476" pin="0"/><net_sink comp="1616" pin=1"/></net>

<net id="1628"><net_src comp="310" pin="0"/><net_sink comp="1623" pin=0"/></net>

<net id="1629"><net_src comp="476" pin="0"/><net_sink comp="1623" pin=1"/></net>

<net id="1635"><net_src comp="312" pin="0"/><net_sink comp="1630" pin=0"/></net>

<net id="1636"><net_src comp="476" pin="0"/><net_sink comp="1630" pin=1"/></net>

<net id="1642"><net_src comp="314" pin="0"/><net_sink comp="1637" pin=0"/></net>

<net id="1643"><net_src comp="476" pin="0"/><net_sink comp="1637" pin=1"/></net>

<net id="1649"><net_src comp="316" pin="0"/><net_sink comp="1644" pin=0"/></net>

<net id="1650"><net_src comp="476" pin="0"/><net_sink comp="1644" pin=1"/></net>

<net id="1656"><net_src comp="318" pin="0"/><net_sink comp="1651" pin=0"/></net>

<net id="1657"><net_src comp="476" pin="0"/><net_sink comp="1651" pin=1"/></net>

<net id="1663"><net_src comp="320" pin="0"/><net_sink comp="1658" pin=0"/></net>

<net id="1664"><net_src comp="476" pin="0"/><net_sink comp="1658" pin=1"/></net>

<net id="1670"><net_src comp="322" pin="0"/><net_sink comp="1665" pin=0"/></net>

<net id="1671"><net_src comp="476" pin="0"/><net_sink comp="1665" pin=1"/></net>

<net id="1677"><net_src comp="324" pin="0"/><net_sink comp="1672" pin=0"/></net>

<net id="1678"><net_src comp="476" pin="0"/><net_sink comp="1672" pin=1"/></net>

<net id="1684"><net_src comp="326" pin="0"/><net_sink comp="1679" pin=0"/></net>

<net id="1685"><net_src comp="476" pin="0"/><net_sink comp="1679" pin=1"/></net>

<net id="1691"><net_src comp="328" pin="0"/><net_sink comp="1686" pin=0"/></net>

<net id="1692"><net_src comp="476" pin="0"/><net_sink comp="1686" pin=1"/></net>

<net id="1698"><net_src comp="330" pin="0"/><net_sink comp="1693" pin=0"/></net>

<net id="1699"><net_src comp="476" pin="0"/><net_sink comp="1693" pin=1"/></net>

<net id="1705"><net_src comp="332" pin="0"/><net_sink comp="1700" pin=0"/></net>

<net id="1706"><net_src comp="476" pin="0"/><net_sink comp="1700" pin=1"/></net>

<net id="1712"><net_src comp="334" pin="0"/><net_sink comp="1707" pin=0"/></net>

<net id="1713"><net_src comp="476" pin="0"/><net_sink comp="1707" pin=1"/></net>

<net id="1719"><net_src comp="336" pin="0"/><net_sink comp="1714" pin=0"/></net>

<net id="1720"><net_src comp="476" pin="0"/><net_sink comp="1714" pin=1"/></net>

<net id="1726"><net_src comp="338" pin="0"/><net_sink comp="1721" pin=0"/></net>

<net id="1727"><net_src comp="476" pin="0"/><net_sink comp="1721" pin=1"/></net>

<net id="1733"><net_src comp="340" pin="0"/><net_sink comp="1728" pin=0"/></net>

<net id="1734"><net_src comp="476" pin="0"/><net_sink comp="1728" pin=1"/></net>

<net id="1740"><net_src comp="342" pin="0"/><net_sink comp="1735" pin=0"/></net>

<net id="1741"><net_src comp="476" pin="0"/><net_sink comp="1735" pin=1"/></net>

<net id="1747"><net_src comp="344" pin="0"/><net_sink comp="1742" pin=0"/></net>

<net id="1748"><net_src comp="476" pin="0"/><net_sink comp="1742" pin=1"/></net>

<net id="1754"><net_src comp="346" pin="0"/><net_sink comp="1749" pin=0"/></net>

<net id="1755"><net_src comp="476" pin="0"/><net_sink comp="1749" pin=1"/></net>

<net id="1761"><net_src comp="348" pin="0"/><net_sink comp="1756" pin=0"/></net>

<net id="1762"><net_src comp="476" pin="0"/><net_sink comp="1756" pin=1"/></net>

<net id="1768"><net_src comp="350" pin="0"/><net_sink comp="1763" pin=0"/></net>

<net id="1769"><net_src comp="476" pin="0"/><net_sink comp="1763" pin=1"/></net>

<net id="1775"><net_src comp="352" pin="0"/><net_sink comp="1770" pin=0"/></net>

<net id="1776"><net_src comp="476" pin="0"/><net_sink comp="1770" pin=1"/></net>

<net id="1782"><net_src comp="354" pin="0"/><net_sink comp="1777" pin=0"/></net>

<net id="1783"><net_src comp="476" pin="0"/><net_sink comp="1777" pin=1"/></net>

<net id="1789"><net_src comp="356" pin="0"/><net_sink comp="1784" pin=0"/></net>

<net id="1790"><net_src comp="476" pin="0"/><net_sink comp="1784" pin=1"/></net>

<net id="1796"><net_src comp="358" pin="0"/><net_sink comp="1791" pin=0"/></net>

<net id="1797"><net_src comp="476" pin="0"/><net_sink comp="1791" pin=1"/></net>

<net id="1803"><net_src comp="360" pin="0"/><net_sink comp="1798" pin=0"/></net>

<net id="1804"><net_src comp="476" pin="0"/><net_sink comp="1798" pin=1"/></net>

<net id="1810"><net_src comp="362" pin="0"/><net_sink comp="1805" pin=0"/></net>

<net id="1811"><net_src comp="476" pin="0"/><net_sink comp="1805" pin=1"/></net>

<net id="1817"><net_src comp="364" pin="0"/><net_sink comp="1812" pin=0"/></net>

<net id="1818"><net_src comp="476" pin="0"/><net_sink comp="1812" pin=1"/></net>

<net id="1824"><net_src comp="366" pin="0"/><net_sink comp="1819" pin=0"/></net>

<net id="1825"><net_src comp="476" pin="0"/><net_sink comp="1819" pin=1"/></net>

<net id="1831"><net_src comp="368" pin="0"/><net_sink comp="1826" pin=0"/></net>

<net id="1832"><net_src comp="476" pin="0"/><net_sink comp="1826" pin=1"/></net>

<net id="1838"><net_src comp="370" pin="0"/><net_sink comp="1833" pin=0"/></net>

<net id="1839"><net_src comp="476" pin="0"/><net_sink comp="1833" pin=1"/></net>

<net id="1845"><net_src comp="372" pin="0"/><net_sink comp="1840" pin=0"/></net>

<net id="1846"><net_src comp="476" pin="0"/><net_sink comp="1840" pin=1"/></net>

<net id="1852"><net_src comp="374" pin="0"/><net_sink comp="1847" pin=0"/></net>

<net id="1853"><net_src comp="476" pin="0"/><net_sink comp="1847" pin=1"/></net>

<net id="1859"><net_src comp="376" pin="0"/><net_sink comp="1854" pin=0"/></net>

<net id="1860"><net_src comp="476" pin="0"/><net_sink comp="1854" pin=1"/></net>

<net id="1866"><net_src comp="378" pin="0"/><net_sink comp="1861" pin=0"/></net>

<net id="1867"><net_src comp="476" pin="0"/><net_sink comp="1861" pin=1"/></net>

<net id="1873"><net_src comp="380" pin="0"/><net_sink comp="1868" pin=0"/></net>

<net id="1874"><net_src comp="476" pin="0"/><net_sink comp="1868" pin=1"/></net>

<net id="1880"><net_src comp="382" pin="0"/><net_sink comp="1875" pin=0"/></net>

<net id="1881"><net_src comp="476" pin="0"/><net_sink comp="1875" pin=1"/></net>

<net id="1887"><net_src comp="384" pin="0"/><net_sink comp="1882" pin=0"/></net>

<net id="1888"><net_src comp="476" pin="0"/><net_sink comp="1882" pin=1"/></net>

<net id="1894"><net_src comp="386" pin="0"/><net_sink comp="1889" pin=0"/></net>

<net id="1895"><net_src comp="476" pin="0"/><net_sink comp="1889" pin=1"/></net>

<net id="1901"><net_src comp="388" pin="0"/><net_sink comp="1896" pin=0"/></net>

<net id="1902"><net_src comp="476" pin="0"/><net_sink comp="1896" pin=1"/></net>

<net id="1908"><net_src comp="390" pin="0"/><net_sink comp="1903" pin=0"/></net>

<net id="1909"><net_src comp="476" pin="0"/><net_sink comp="1903" pin=1"/></net>

<net id="1915"><net_src comp="392" pin="0"/><net_sink comp="1910" pin=0"/></net>

<net id="1916"><net_src comp="476" pin="0"/><net_sink comp="1910" pin=1"/></net>

<net id="1922"><net_src comp="394" pin="0"/><net_sink comp="1917" pin=0"/></net>

<net id="1923"><net_src comp="476" pin="0"/><net_sink comp="1917" pin=1"/></net>

<net id="1929"><net_src comp="396" pin="0"/><net_sink comp="1924" pin=0"/></net>

<net id="1930"><net_src comp="476" pin="0"/><net_sink comp="1924" pin=1"/></net>

<net id="1936"><net_src comp="398" pin="0"/><net_sink comp="1931" pin=0"/></net>

<net id="1937"><net_src comp="476" pin="0"/><net_sink comp="1931" pin=1"/></net>

<net id="1943"><net_src comp="400" pin="0"/><net_sink comp="1938" pin=0"/></net>

<net id="1944"><net_src comp="476" pin="0"/><net_sink comp="1938" pin=1"/></net>

<net id="1950"><net_src comp="402" pin="0"/><net_sink comp="1945" pin=0"/></net>

<net id="1951"><net_src comp="476" pin="0"/><net_sink comp="1945" pin=1"/></net>

<net id="1957"><net_src comp="404" pin="0"/><net_sink comp="1952" pin=0"/></net>

<net id="1958"><net_src comp="476" pin="0"/><net_sink comp="1952" pin=1"/></net>

<net id="1964"><net_src comp="406" pin="0"/><net_sink comp="1959" pin=0"/></net>

<net id="1965"><net_src comp="476" pin="0"/><net_sink comp="1959" pin=1"/></net>

<net id="1971"><net_src comp="408" pin="0"/><net_sink comp="1966" pin=0"/></net>

<net id="1972"><net_src comp="476" pin="0"/><net_sink comp="1966" pin=1"/></net>

<net id="1978"><net_src comp="410" pin="0"/><net_sink comp="1973" pin=0"/></net>

<net id="1979"><net_src comp="476" pin="0"/><net_sink comp="1973" pin=1"/></net>

<net id="1985"><net_src comp="412" pin="0"/><net_sink comp="1980" pin=0"/></net>

<net id="1986"><net_src comp="476" pin="0"/><net_sink comp="1980" pin=1"/></net>

<net id="1992"><net_src comp="414" pin="0"/><net_sink comp="1987" pin=0"/></net>

<net id="1993"><net_src comp="476" pin="0"/><net_sink comp="1987" pin=1"/></net>

<net id="1999"><net_src comp="416" pin="0"/><net_sink comp="1994" pin=0"/></net>

<net id="2000"><net_src comp="476" pin="0"/><net_sink comp="1994" pin=1"/></net>

<net id="2006"><net_src comp="418" pin="0"/><net_sink comp="2001" pin=0"/></net>

<net id="2007"><net_src comp="476" pin="0"/><net_sink comp="2001" pin=1"/></net>

<net id="2013"><net_src comp="420" pin="0"/><net_sink comp="2008" pin=0"/></net>

<net id="2014"><net_src comp="476" pin="0"/><net_sink comp="2008" pin=1"/></net>

<net id="2020"><net_src comp="422" pin="0"/><net_sink comp="2015" pin=0"/></net>

<net id="2021"><net_src comp="476" pin="0"/><net_sink comp="2015" pin=1"/></net>

<net id="2027"><net_src comp="424" pin="0"/><net_sink comp="2022" pin=0"/></net>

<net id="2028"><net_src comp="476" pin="0"/><net_sink comp="2022" pin=1"/></net>

<net id="2034"><net_src comp="426" pin="0"/><net_sink comp="2029" pin=0"/></net>

<net id="2035"><net_src comp="476" pin="0"/><net_sink comp="2029" pin=1"/></net>

<net id="2041"><net_src comp="428" pin="0"/><net_sink comp="2036" pin=0"/></net>

<net id="2042"><net_src comp="476" pin="0"/><net_sink comp="2036" pin=1"/></net>

<net id="2048"><net_src comp="430" pin="0"/><net_sink comp="2043" pin=0"/></net>

<net id="2049"><net_src comp="476" pin="0"/><net_sink comp="2043" pin=1"/></net>

<net id="2055"><net_src comp="508" pin="0"/><net_sink comp="2050" pin=1"/></net>

<net id="2056"><net_src comp="1448" pin="3"/><net_sink comp="2050" pin=0"/></net>

<net id="2062"><net_src comp="508" pin="0"/><net_sink comp="2057" pin=1"/></net>

<net id="2063"><net_src comp="1441" pin="3"/><net_sink comp="2057" pin=0"/></net>

<net id="2069"><net_src comp="508" pin="0"/><net_sink comp="2064" pin=1"/></net>

<net id="2070"><net_src comp="1434" pin="3"/><net_sink comp="2064" pin=0"/></net>

<net id="2076"><net_src comp="508" pin="0"/><net_sink comp="2071" pin=1"/></net>

<net id="2077"><net_src comp="1427" pin="3"/><net_sink comp="2071" pin=0"/></net>

<net id="2083"><net_src comp="508" pin="0"/><net_sink comp="2078" pin=1"/></net>

<net id="2084"><net_src comp="1420" pin="3"/><net_sink comp="2078" pin=0"/></net>

<net id="2090"><net_src comp="508" pin="0"/><net_sink comp="2085" pin=1"/></net>

<net id="2091"><net_src comp="1413" pin="3"/><net_sink comp="2085" pin=0"/></net>

<net id="2097"><net_src comp="508" pin="0"/><net_sink comp="2092" pin=1"/></net>

<net id="2098"><net_src comp="1406" pin="3"/><net_sink comp="2092" pin=0"/></net>

<net id="2104"><net_src comp="508" pin="0"/><net_sink comp="2099" pin=1"/></net>

<net id="2105"><net_src comp="1399" pin="3"/><net_sink comp="2099" pin=0"/></net>

<net id="2111"><net_src comp="508" pin="0"/><net_sink comp="2106" pin=1"/></net>

<net id="2112"><net_src comp="1392" pin="3"/><net_sink comp="2106" pin=0"/></net>

<net id="2118"><net_src comp="508" pin="0"/><net_sink comp="2113" pin=1"/></net>

<net id="2119"><net_src comp="1385" pin="3"/><net_sink comp="2113" pin=0"/></net>

<net id="2125"><net_src comp="508" pin="0"/><net_sink comp="2120" pin=1"/></net>

<net id="2126"><net_src comp="1378" pin="3"/><net_sink comp="2120" pin=0"/></net>

<net id="2132"><net_src comp="508" pin="0"/><net_sink comp="2127" pin=1"/></net>

<net id="2133"><net_src comp="1455" pin="3"/><net_sink comp="2127" pin=0"/></net>

<net id="2139"><net_src comp="508" pin="0"/><net_sink comp="2134" pin=1"/></net>

<net id="2140"><net_src comp="1364" pin="3"/><net_sink comp="2134" pin=0"/></net>

<net id="2146"><net_src comp="508" pin="0"/><net_sink comp="2141" pin=1"/></net>

<net id="2147"><net_src comp="1357" pin="3"/><net_sink comp="2141" pin=0"/></net>

<net id="2153"><net_src comp="508" pin="0"/><net_sink comp="2148" pin=1"/></net>

<net id="2154"><net_src comp="1350" pin="3"/><net_sink comp="2148" pin=0"/></net>

<net id="2160"><net_src comp="508" pin="0"/><net_sink comp="2155" pin=1"/></net>

<net id="2161"><net_src comp="1343" pin="3"/><net_sink comp="2155" pin=0"/></net>

<net id="2167"><net_src comp="508" pin="0"/><net_sink comp="2162" pin=1"/></net>

<net id="2168"><net_src comp="1336" pin="3"/><net_sink comp="2162" pin=0"/></net>

<net id="2174"><net_src comp="508" pin="0"/><net_sink comp="2169" pin=1"/></net>

<net id="2175"><net_src comp="1329" pin="3"/><net_sink comp="2169" pin=0"/></net>

<net id="2181"><net_src comp="508" pin="0"/><net_sink comp="2176" pin=1"/></net>

<net id="2182"><net_src comp="1322" pin="3"/><net_sink comp="2176" pin=0"/></net>

<net id="2188"><net_src comp="508" pin="0"/><net_sink comp="2183" pin=1"/></net>

<net id="2189"><net_src comp="1315" pin="3"/><net_sink comp="2183" pin=0"/></net>

<net id="2195"><net_src comp="508" pin="0"/><net_sink comp="2190" pin=1"/></net>

<net id="2196"><net_src comp="1308" pin="3"/><net_sink comp="2190" pin=0"/></net>

<net id="2202"><net_src comp="508" pin="0"/><net_sink comp="2197" pin=1"/></net>

<net id="2203"><net_src comp="1301" pin="3"/><net_sink comp="2197" pin=0"/></net>

<net id="2209"><net_src comp="508" pin="0"/><net_sink comp="2204" pin=1"/></net>

<net id="2210"><net_src comp="1294" pin="3"/><net_sink comp="2204" pin=0"/></net>

<net id="2216"><net_src comp="508" pin="0"/><net_sink comp="2211" pin=1"/></net>

<net id="2217"><net_src comp="1371" pin="3"/><net_sink comp="2211" pin=0"/></net>

<net id="2223"><net_src comp="508" pin="0"/><net_sink comp="2218" pin=1"/></net>

<net id="2224"><net_src comp="1280" pin="3"/><net_sink comp="2218" pin=0"/></net>

<net id="2230"><net_src comp="508" pin="0"/><net_sink comp="2225" pin=1"/></net>

<net id="2231"><net_src comp="1273" pin="3"/><net_sink comp="2225" pin=0"/></net>

<net id="2237"><net_src comp="508" pin="0"/><net_sink comp="2232" pin=1"/></net>

<net id="2238"><net_src comp="1266" pin="3"/><net_sink comp="2232" pin=0"/></net>

<net id="2244"><net_src comp="508" pin="0"/><net_sink comp="2239" pin=1"/></net>

<net id="2245"><net_src comp="1259" pin="3"/><net_sink comp="2239" pin=0"/></net>

<net id="2251"><net_src comp="508" pin="0"/><net_sink comp="2246" pin=1"/></net>

<net id="2252"><net_src comp="1252" pin="3"/><net_sink comp="2246" pin=0"/></net>

<net id="2258"><net_src comp="508" pin="0"/><net_sink comp="2253" pin=1"/></net>

<net id="2259"><net_src comp="1245" pin="3"/><net_sink comp="2253" pin=0"/></net>

<net id="2265"><net_src comp="508" pin="0"/><net_sink comp="2260" pin=1"/></net>

<net id="2266"><net_src comp="1238" pin="3"/><net_sink comp="2260" pin=0"/></net>

<net id="2272"><net_src comp="508" pin="0"/><net_sink comp="2267" pin=1"/></net>

<net id="2273"><net_src comp="1231" pin="3"/><net_sink comp="2267" pin=0"/></net>

<net id="2279"><net_src comp="508" pin="0"/><net_sink comp="2274" pin=1"/></net>

<net id="2280"><net_src comp="1224" pin="3"/><net_sink comp="2274" pin=0"/></net>

<net id="2286"><net_src comp="508" pin="0"/><net_sink comp="2281" pin=1"/></net>

<net id="2287"><net_src comp="1217" pin="3"/><net_sink comp="2281" pin=0"/></net>

<net id="2293"><net_src comp="508" pin="0"/><net_sink comp="2288" pin=1"/></net>

<net id="2294"><net_src comp="1210" pin="3"/><net_sink comp="2288" pin=0"/></net>

<net id="2300"><net_src comp="508" pin="0"/><net_sink comp="2295" pin=1"/></net>

<net id="2301"><net_src comp="1287" pin="3"/><net_sink comp="2295" pin=0"/></net>

<net id="2307"><net_src comp="508" pin="0"/><net_sink comp="2302" pin=1"/></net>

<net id="2308"><net_src comp="1196" pin="3"/><net_sink comp="2302" pin=0"/></net>

<net id="2314"><net_src comp="508" pin="0"/><net_sink comp="2309" pin=1"/></net>

<net id="2315"><net_src comp="1189" pin="3"/><net_sink comp="2309" pin=0"/></net>

<net id="2321"><net_src comp="508" pin="0"/><net_sink comp="2316" pin=1"/></net>

<net id="2322"><net_src comp="1182" pin="3"/><net_sink comp="2316" pin=0"/></net>

<net id="2328"><net_src comp="508" pin="0"/><net_sink comp="2323" pin=1"/></net>

<net id="2329"><net_src comp="1175" pin="3"/><net_sink comp="2323" pin=0"/></net>

<net id="2335"><net_src comp="508" pin="0"/><net_sink comp="2330" pin=1"/></net>

<net id="2336"><net_src comp="1168" pin="3"/><net_sink comp="2330" pin=0"/></net>

<net id="2342"><net_src comp="508" pin="0"/><net_sink comp="2337" pin=1"/></net>

<net id="2343"><net_src comp="1161" pin="3"/><net_sink comp="2337" pin=0"/></net>

<net id="2349"><net_src comp="508" pin="0"/><net_sink comp="2344" pin=1"/></net>

<net id="2350"><net_src comp="1154" pin="3"/><net_sink comp="2344" pin=0"/></net>

<net id="2356"><net_src comp="508" pin="0"/><net_sink comp="2351" pin=1"/></net>

<net id="2357"><net_src comp="1147" pin="3"/><net_sink comp="2351" pin=0"/></net>

<net id="2363"><net_src comp="508" pin="0"/><net_sink comp="2358" pin=1"/></net>

<net id="2364"><net_src comp="1140" pin="3"/><net_sink comp="2358" pin=0"/></net>

<net id="2370"><net_src comp="508" pin="0"/><net_sink comp="2365" pin=1"/></net>

<net id="2371"><net_src comp="1133" pin="3"/><net_sink comp="2365" pin=0"/></net>

<net id="2377"><net_src comp="508" pin="0"/><net_sink comp="2372" pin=1"/></net>

<net id="2378"><net_src comp="1126" pin="3"/><net_sink comp="2372" pin=0"/></net>

<net id="2384"><net_src comp="508" pin="0"/><net_sink comp="2379" pin=1"/></net>

<net id="2385"><net_src comp="1203" pin="3"/><net_sink comp="2379" pin=0"/></net>

<net id="2391"><net_src comp="508" pin="0"/><net_sink comp="2386" pin=1"/></net>

<net id="2392"><net_src comp="1112" pin="3"/><net_sink comp="2386" pin=0"/></net>

<net id="2398"><net_src comp="508" pin="0"/><net_sink comp="2393" pin=1"/></net>

<net id="2399"><net_src comp="1105" pin="3"/><net_sink comp="2393" pin=0"/></net>

<net id="2405"><net_src comp="508" pin="0"/><net_sink comp="2400" pin=1"/></net>

<net id="2406"><net_src comp="1098" pin="3"/><net_sink comp="2400" pin=0"/></net>

<net id="2412"><net_src comp="508" pin="0"/><net_sink comp="2407" pin=1"/></net>

<net id="2413"><net_src comp="1091" pin="3"/><net_sink comp="2407" pin=0"/></net>

<net id="2419"><net_src comp="508" pin="0"/><net_sink comp="2414" pin=1"/></net>

<net id="2420"><net_src comp="1084" pin="3"/><net_sink comp="2414" pin=0"/></net>

<net id="2426"><net_src comp="508" pin="0"/><net_sink comp="2421" pin=1"/></net>

<net id="2427"><net_src comp="1077" pin="3"/><net_sink comp="2421" pin=0"/></net>

<net id="2433"><net_src comp="508" pin="0"/><net_sink comp="2428" pin=1"/></net>

<net id="2434"><net_src comp="1070" pin="3"/><net_sink comp="2428" pin=0"/></net>

<net id="2440"><net_src comp="508" pin="0"/><net_sink comp="2435" pin=1"/></net>

<net id="2441"><net_src comp="1063" pin="3"/><net_sink comp="2435" pin=0"/></net>

<net id="2447"><net_src comp="508" pin="0"/><net_sink comp="2442" pin=1"/></net>

<net id="2448"><net_src comp="1056" pin="3"/><net_sink comp="2442" pin=0"/></net>

<net id="2454"><net_src comp="508" pin="0"/><net_sink comp="2449" pin=1"/></net>

<net id="2455"><net_src comp="1049" pin="3"/><net_sink comp="2449" pin=0"/></net>

<net id="2461"><net_src comp="508" pin="0"/><net_sink comp="2456" pin=1"/></net>

<net id="2462"><net_src comp="1042" pin="3"/><net_sink comp="2456" pin=0"/></net>

<net id="2468"><net_src comp="508" pin="0"/><net_sink comp="2463" pin=1"/></net>

<net id="2469"><net_src comp="1119" pin="3"/><net_sink comp="2463" pin=0"/></net>

<net id="2475"><net_src comp="508" pin="0"/><net_sink comp="2470" pin=1"/></net>

<net id="2476"><net_src comp="1532" pin="3"/><net_sink comp="2470" pin=0"/></net>

<net id="2482"><net_src comp="508" pin="0"/><net_sink comp="2477" pin=1"/></net>

<net id="2483"><net_src comp="1525" pin="3"/><net_sink comp="2477" pin=0"/></net>

<net id="2489"><net_src comp="508" pin="0"/><net_sink comp="2484" pin=1"/></net>

<net id="2490"><net_src comp="1518" pin="3"/><net_sink comp="2484" pin=0"/></net>

<net id="2496"><net_src comp="508" pin="0"/><net_sink comp="2491" pin=1"/></net>

<net id="2497"><net_src comp="1511" pin="3"/><net_sink comp="2491" pin=0"/></net>

<net id="2503"><net_src comp="508" pin="0"/><net_sink comp="2498" pin=1"/></net>

<net id="2504"><net_src comp="1504" pin="3"/><net_sink comp="2498" pin=0"/></net>

<net id="2510"><net_src comp="508" pin="0"/><net_sink comp="2505" pin=1"/></net>

<net id="2511"><net_src comp="1497" pin="3"/><net_sink comp="2505" pin=0"/></net>

<net id="2517"><net_src comp="508" pin="0"/><net_sink comp="2512" pin=1"/></net>

<net id="2518"><net_src comp="1490" pin="3"/><net_sink comp="2512" pin=0"/></net>

<net id="2524"><net_src comp="508" pin="0"/><net_sink comp="2519" pin=1"/></net>

<net id="2525"><net_src comp="1483" pin="3"/><net_sink comp="2519" pin=0"/></net>

<net id="2531"><net_src comp="508" pin="0"/><net_sink comp="2526" pin=1"/></net>

<net id="2532"><net_src comp="1476" pin="3"/><net_sink comp="2526" pin=0"/></net>

<net id="2538"><net_src comp="508" pin="0"/><net_sink comp="2533" pin=1"/></net>

<net id="2539"><net_src comp="1469" pin="3"/><net_sink comp="2533" pin=0"/></net>

<net id="2545"><net_src comp="508" pin="0"/><net_sink comp="2540" pin=1"/></net>

<net id="2546"><net_src comp="1462" pin="3"/><net_sink comp="2540" pin=0"/></net>

<net id="2552"><net_src comp="508" pin="0"/><net_sink comp="2547" pin=1"/></net>

<net id="2553"><net_src comp="1539" pin="3"/><net_sink comp="2547" pin=0"/></net>

<net id="2559"><net_src comp="508" pin="0"/><net_sink comp="2554" pin=1"/></net>

<net id="2560"><net_src comp="944" pin="3"/><net_sink comp="2554" pin=0"/></net>

<net id="2566"><net_src comp="508" pin="0"/><net_sink comp="2561" pin=1"/></net>

<net id="2567"><net_src comp="937" pin="3"/><net_sink comp="2561" pin=0"/></net>

<net id="2573"><net_src comp="508" pin="0"/><net_sink comp="2568" pin=1"/></net>

<net id="2574"><net_src comp="930" pin="3"/><net_sink comp="2568" pin=0"/></net>

<net id="2580"><net_src comp="508" pin="0"/><net_sink comp="2575" pin=1"/></net>

<net id="2581"><net_src comp="923" pin="3"/><net_sink comp="2575" pin=0"/></net>

<net id="2587"><net_src comp="508" pin="0"/><net_sink comp="2582" pin=1"/></net>

<net id="2588"><net_src comp="916" pin="3"/><net_sink comp="2582" pin=0"/></net>

<net id="2594"><net_src comp="508" pin="0"/><net_sink comp="2589" pin=1"/></net>

<net id="2595"><net_src comp="909" pin="3"/><net_sink comp="2589" pin=0"/></net>

<net id="2601"><net_src comp="508" pin="0"/><net_sink comp="2596" pin=1"/></net>

<net id="2602"><net_src comp="902" pin="3"/><net_sink comp="2596" pin=0"/></net>

<net id="2608"><net_src comp="508" pin="0"/><net_sink comp="2603" pin=1"/></net>

<net id="2609"><net_src comp="895" pin="3"/><net_sink comp="2603" pin=0"/></net>

<net id="2615"><net_src comp="508" pin="0"/><net_sink comp="2610" pin=1"/></net>

<net id="2616"><net_src comp="888" pin="3"/><net_sink comp="2610" pin=0"/></net>

<net id="2622"><net_src comp="508" pin="0"/><net_sink comp="2617" pin=1"/></net>

<net id="2623"><net_src comp="881" pin="3"/><net_sink comp="2617" pin=0"/></net>

<net id="2629"><net_src comp="508" pin="0"/><net_sink comp="2624" pin=1"/></net>

<net id="2630"><net_src comp="874" pin="3"/><net_sink comp="2624" pin=0"/></net>

<net id="2636"><net_src comp="508" pin="0"/><net_sink comp="2631" pin=1"/></net>

<net id="2637"><net_src comp="951" pin="3"/><net_sink comp="2631" pin=0"/></net>

<net id="2643"><net_src comp="508" pin="0"/><net_sink comp="2638" pin=1"/></net>

<net id="2644"><net_src comp="860" pin="3"/><net_sink comp="2638" pin=0"/></net>

<net id="2650"><net_src comp="508" pin="0"/><net_sink comp="2645" pin=1"/></net>

<net id="2651"><net_src comp="853" pin="3"/><net_sink comp="2645" pin=0"/></net>

<net id="2657"><net_src comp="508" pin="0"/><net_sink comp="2652" pin=1"/></net>

<net id="2658"><net_src comp="846" pin="3"/><net_sink comp="2652" pin=0"/></net>

<net id="2664"><net_src comp="508" pin="0"/><net_sink comp="2659" pin=1"/></net>

<net id="2665"><net_src comp="839" pin="3"/><net_sink comp="2659" pin=0"/></net>

<net id="2671"><net_src comp="508" pin="0"/><net_sink comp="2666" pin=1"/></net>

<net id="2672"><net_src comp="832" pin="3"/><net_sink comp="2666" pin=0"/></net>

<net id="2678"><net_src comp="508" pin="0"/><net_sink comp="2673" pin=1"/></net>

<net id="2679"><net_src comp="825" pin="3"/><net_sink comp="2673" pin=0"/></net>

<net id="2685"><net_src comp="508" pin="0"/><net_sink comp="2680" pin=1"/></net>

<net id="2686"><net_src comp="818" pin="3"/><net_sink comp="2680" pin=0"/></net>

<net id="2692"><net_src comp="508" pin="0"/><net_sink comp="2687" pin=1"/></net>

<net id="2693"><net_src comp="811" pin="3"/><net_sink comp="2687" pin=0"/></net>

<net id="2699"><net_src comp="508" pin="0"/><net_sink comp="2694" pin=1"/></net>

<net id="2700"><net_src comp="804" pin="3"/><net_sink comp="2694" pin=0"/></net>

<net id="2706"><net_src comp="508" pin="0"/><net_sink comp="2701" pin=1"/></net>

<net id="2707"><net_src comp="797" pin="3"/><net_sink comp="2701" pin=0"/></net>

<net id="2713"><net_src comp="508" pin="0"/><net_sink comp="2708" pin=1"/></net>

<net id="2714"><net_src comp="790" pin="3"/><net_sink comp="2708" pin=0"/></net>

<net id="2720"><net_src comp="508" pin="0"/><net_sink comp="2715" pin=1"/></net>

<net id="2721"><net_src comp="867" pin="3"/><net_sink comp="2715" pin=0"/></net>

<net id="2727"><net_src comp="508" pin="0"/><net_sink comp="2722" pin=1"/></net>

<net id="2728"><net_src comp="776" pin="3"/><net_sink comp="2722" pin=0"/></net>

<net id="2734"><net_src comp="508" pin="0"/><net_sink comp="2729" pin=1"/></net>

<net id="2735"><net_src comp="769" pin="3"/><net_sink comp="2729" pin=0"/></net>

<net id="2741"><net_src comp="508" pin="0"/><net_sink comp="2736" pin=1"/></net>

<net id="2742"><net_src comp="762" pin="3"/><net_sink comp="2736" pin=0"/></net>

<net id="2748"><net_src comp="508" pin="0"/><net_sink comp="2743" pin=1"/></net>

<net id="2749"><net_src comp="755" pin="3"/><net_sink comp="2743" pin=0"/></net>

<net id="2755"><net_src comp="508" pin="0"/><net_sink comp="2750" pin=1"/></net>

<net id="2756"><net_src comp="748" pin="3"/><net_sink comp="2750" pin=0"/></net>

<net id="2762"><net_src comp="508" pin="0"/><net_sink comp="2757" pin=1"/></net>

<net id="2763"><net_src comp="741" pin="3"/><net_sink comp="2757" pin=0"/></net>

<net id="2769"><net_src comp="508" pin="0"/><net_sink comp="2764" pin=1"/></net>

<net id="2770"><net_src comp="734" pin="3"/><net_sink comp="2764" pin=0"/></net>

<net id="2776"><net_src comp="508" pin="0"/><net_sink comp="2771" pin=1"/></net>

<net id="2777"><net_src comp="727" pin="3"/><net_sink comp="2771" pin=0"/></net>

<net id="2783"><net_src comp="508" pin="0"/><net_sink comp="2778" pin=1"/></net>

<net id="2784"><net_src comp="720" pin="3"/><net_sink comp="2778" pin=0"/></net>

<net id="2790"><net_src comp="508" pin="0"/><net_sink comp="2785" pin=1"/></net>

<net id="2791"><net_src comp="713" pin="3"/><net_sink comp="2785" pin=0"/></net>

<net id="2797"><net_src comp="508" pin="0"/><net_sink comp="2792" pin=1"/></net>

<net id="2798"><net_src comp="706" pin="3"/><net_sink comp="2792" pin=0"/></net>

<net id="2804"><net_src comp="508" pin="0"/><net_sink comp="2799" pin=1"/></net>

<net id="2805"><net_src comp="783" pin="3"/><net_sink comp="2799" pin=0"/></net>

<net id="2811"><net_src comp="508" pin="0"/><net_sink comp="2806" pin=1"/></net>

<net id="2812"><net_src comp="692" pin="3"/><net_sink comp="2806" pin=0"/></net>

<net id="2818"><net_src comp="508" pin="0"/><net_sink comp="2813" pin=1"/></net>

<net id="2819"><net_src comp="685" pin="3"/><net_sink comp="2813" pin=0"/></net>

<net id="2825"><net_src comp="508" pin="0"/><net_sink comp="2820" pin=1"/></net>

<net id="2826"><net_src comp="678" pin="3"/><net_sink comp="2820" pin=0"/></net>

<net id="2832"><net_src comp="508" pin="0"/><net_sink comp="2827" pin=1"/></net>

<net id="2833"><net_src comp="671" pin="3"/><net_sink comp="2827" pin=0"/></net>

<net id="2839"><net_src comp="508" pin="0"/><net_sink comp="2834" pin=1"/></net>

<net id="2840"><net_src comp="664" pin="3"/><net_sink comp="2834" pin=0"/></net>

<net id="2846"><net_src comp="508" pin="0"/><net_sink comp="2841" pin=1"/></net>

<net id="2847"><net_src comp="657" pin="3"/><net_sink comp="2841" pin=0"/></net>

<net id="2853"><net_src comp="508" pin="0"/><net_sink comp="2848" pin=1"/></net>

<net id="2854"><net_src comp="650" pin="3"/><net_sink comp="2848" pin=0"/></net>

<net id="2860"><net_src comp="508" pin="0"/><net_sink comp="2855" pin=1"/></net>

<net id="2861"><net_src comp="643" pin="3"/><net_sink comp="2855" pin=0"/></net>

<net id="2867"><net_src comp="508" pin="0"/><net_sink comp="2862" pin=1"/></net>

<net id="2868"><net_src comp="636" pin="3"/><net_sink comp="2862" pin=0"/></net>

<net id="2874"><net_src comp="508" pin="0"/><net_sink comp="2869" pin=1"/></net>

<net id="2875"><net_src comp="629" pin="3"/><net_sink comp="2869" pin=0"/></net>

<net id="2881"><net_src comp="508" pin="0"/><net_sink comp="2876" pin=1"/></net>

<net id="2882"><net_src comp="622" pin="3"/><net_sink comp="2876" pin=0"/></net>

<net id="2888"><net_src comp="508" pin="0"/><net_sink comp="2883" pin=1"/></net>

<net id="2889"><net_src comp="699" pin="3"/><net_sink comp="2883" pin=0"/></net>

<net id="2895"><net_src comp="508" pin="0"/><net_sink comp="2890" pin=1"/></net>

<net id="2896"><net_src comp="608" pin="3"/><net_sink comp="2890" pin=0"/></net>

<net id="2902"><net_src comp="508" pin="0"/><net_sink comp="2897" pin=1"/></net>

<net id="2903"><net_src comp="601" pin="3"/><net_sink comp="2897" pin=0"/></net>

<net id="2909"><net_src comp="508" pin="0"/><net_sink comp="2904" pin=1"/></net>

<net id="2910"><net_src comp="594" pin="3"/><net_sink comp="2904" pin=0"/></net>

<net id="2916"><net_src comp="508" pin="0"/><net_sink comp="2911" pin=1"/></net>

<net id="2917"><net_src comp="587" pin="3"/><net_sink comp="2911" pin=0"/></net>

<net id="2923"><net_src comp="508" pin="0"/><net_sink comp="2918" pin=1"/></net>

<net id="2924"><net_src comp="580" pin="3"/><net_sink comp="2918" pin=0"/></net>

<net id="2930"><net_src comp="508" pin="0"/><net_sink comp="2925" pin=1"/></net>

<net id="2931"><net_src comp="573" pin="3"/><net_sink comp="2925" pin=0"/></net>

<net id="2937"><net_src comp="508" pin="0"/><net_sink comp="2932" pin=1"/></net>

<net id="2938"><net_src comp="566" pin="3"/><net_sink comp="2932" pin=0"/></net>

<net id="2944"><net_src comp="508" pin="0"/><net_sink comp="2939" pin=1"/></net>

<net id="2945"><net_src comp="559" pin="3"/><net_sink comp="2939" pin=0"/></net>

<net id="2951"><net_src comp="508" pin="0"/><net_sink comp="2946" pin=1"/></net>

<net id="2952"><net_src comp="552" pin="3"/><net_sink comp="2946" pin=0"/></net>

<net id="2958"><net_src comp="508" pin="0"/><net_sink comp="2953" pin=1"/></net>

<net id="2959"><net_src comp="545" pin="3"/><net_sink comp="2953" pin=0"/></net>

<net id="2965"><net_src comp="508" pin="0"/><net_sink comp="2960" pin=1"/></net>

<net id="2966"><net_src comp="538" pin="3"/><net_sink comp="2960" pin=0"/></net>

<net id="2972"><net_src comp="508" pin="0"/><net_sink comp="2967" pin=1"/></net>

<net id="2973"><net_src comp="615" pin="3"/><net_sink comp="2967" pin=0"/></net>

<net id="2979"><net_src comp="508" pin="0"/><net_sink comp="2974" pin=1"/></net>

<net id="2980"><net_src comp="1028" pin="3"/><net_sink comp="2974" pin=0"/></net>

<net id="2986"><net_src comp="508" pin="0"/><net_sink comp="2981" pin=1"/></net>

<net id="2987"><net_src comp="1021" pin="3"/><net_sink comp="2981" pin=0"/></net>

<net id="2993"><net_src comp="508" pin="0"/><net_sink comp="2988" pin=1"/></net>

<net id="2994"><net_src comp="1014" pin="3"/><net_sink comp="2988" pin=0"/></net>

<net id="3000"><net_src comp="508" pin="0"/><net_sink comp="2995" pin=1"/></net>

<net id="3001"><net_src comp="1007" pin="3"/><net_sink comp="2995" pin=0"/></net>

<net id="3007"><net_src comp="508" pin="0"/><net_sink comp="3002" pin=1"/></net>

<net id="3008"><net_src comp="1000" pin="3"/><net_sink comp="3002" pin=0"/></net>

<net id="3014"><net_src comp="508" pin="0"/><net_sink comp="3009" pin=1"/></net>

<net id="3015"><net_src comp="993" pin="3"/><net_sink comp="3009" pin=0"/></net>

<net id="3021"><net_src comp="508" pin="0"/><net_sink comp="3016" pin=1"/></net>

<net id="3022"><net_src comp="986" pin="3"/><net_sink comp="3016" pin=0"/></net>

<net id="3028"><net_src comp="508" pin="0"/><net_sink comp="3023" pin=1"/></net>

<net id="3029"><net_src comp="979" pin="3"/><net_sink comp="3023" pin=0"/></net>

<net id="3035"><net_src comp="508" pin="0"/><net_sink comp="3030" pin=1"/></net>

<net id="3036"><net_src comp="972" pin="3"/><net_sink comp="3030" pin=0"/></net>

<net id="3042"><net_src comp="508" pin="0"/><net_sink comp="3037" pin=1"/></net>

<net id="3043"><net_src comp="965" pin="3"/><net_sink comp="3037" pin=0"/></net>

<net id="3049"><net_src comp="508" pin="0"/><net_sink comp="3044" pin=1"/></net>

<net id="3050"><net_src comp="958" pin="3"/><net_sink comp="3044" pin=0"/></net>

<net id="3056"><net_src comp="508" pin="0"/><net_sink comp="3051" pin=1"/></net>

<net id="3057"><net_src comp="1035" pin="3"/><net_sink comp="3051" pin=0"/></net>

<net id="3063"><net_src comp="508" pin="0"/><net_sink comp="3058" pin=1"/></net>

<net id="3064"><net_src comp="1952" pin="3"/><net_sink comp="3058" pin=0"/></net>

<net id="3070"><net_src comp="508" pin="0"/><net_sink comp="3065" pin=1"/></net>

<net id="3071"><net_src comp="1945" pin="3"/><net_sink comp="3065" pin=0"/></net>

<net id="3077"><net_src comp="508" pin="0"/><net_sink comp="3072" pin=1"/></net>

<net id="3078"><net_src comp="1938" pin="3"/><net_sink comp="3072" pin=0"/></net>

<net id="3084"><net_src comp="508" pin="0"/><net_sink comp="3079" pin=1"/></net>

<net id="3085"><net_src comp="1931" pin="3"/><net_sink comp="3079" pin=0"/></net>

<net id="3091"><net_src comp="508" pin="0"/><net_sink comp="3086" pin=1"/></net>

<net id="3092"><net_src comp="1924" pin="3"/><net_sink comp="3086" pin=0"/></net>

<net id="3098"><net_src comp="508" pin="0"/><net_sink comp="3093" pin=1"/></net>

<net id="3099"><net_src comp="1917" pin="3"/><net_sink comp="3093" pin=0"/></net>

<net id="3105"><net_src comp="508" pin="0"/><net_sink comp="3100" pin=1"/></net>

<net id="3106"><net_src comp="1910" pin="3"/><net_sink comp="3100" pin=0"/></net>

<net id="3112"><net_src comp="508" pin="0"/><net_sink comp="3107" pin=1"/></net>

<net id="3113"><net_src comp="1903" pin="3"/><net_sink comp="3107" pin=0"/></net>

<net id="3119"><net_src comp="508" pin="0"/><net_sink comp="3114" pin=1"/></net>

<net id="3120"><net_src comp="1896" pin="3"/><net_sink comp="3114" pin=0"/></net>

<net id="3126"><net_src comp="508" pin="0"/><net_sink comp="3121" pin=1"/></net>

<net id="3127"><net_src comp="1889" pin="3"/><net_sink comp="3121" pin=0"/></net>

<net id="3133"><net_src comp="508" pin="0"/><net_sink comp="3128" pin=1"/></net>

<net id="3134"><net_src comp="1882" pin="3"/><net_sink comp="3128" pin=0"/></net>

<net id="3140"><net_src comp="508" pin="0"/><net_sink comp="3135" pin=1"/></net>

<net id="3141"><net_src comp="1959" pin="3"/><net_sink comp="3135" pin=0"/></net>

<net id="3147"><net_src comp="508" pin="0"/><net_sink comp="3142" pin=1"/></net>

<net id="3148"><net_src comp="1868" pin="3"/><net_sink comp="3142" pin=0"/></net>

<net id="3154"><net_src comp="508" pin="0"/><net_sink comp="3149" pin=1"/></net>

<net id="3155"><net_src comp="1861" pin="3"/><net_sink comp="3149" pin=0"/></net>

<net id="3161"><net_src comp="508" pin="0"/><net_sink comp="3156" pin=1"/></net>

<net id="3162"><net_src comp="1854" pin="3"/><net_sink comp="3156" pin=0"/></net>

<net id="3168"><net_src comp="508" pin="0"/><net_sink comp="3163" pin=1"/></net>

<net id="3169"><net_src comp="1847" pin="3"/><net_sink comp="3163" pin=0"/></net>

<net id="3175"><net_src comp="508" pin="0"/><net_sink comp="3170" pin=1"/></net>

<net id="3176"><net_src comp="1840" pin="3"/><net_sink comp="3170" pin=0"/></net>

<net id="3182"><net_src comp="508" pin="0"/><net_sink comp="3177" pin=1"/></net>

<net id="3183"><net_src comp="1833" pin="3"/><net_sink comp="3177" pin=0"/></net>

<net id="3189"><net_src comp="508" pin="0"/><net_sink comp="3184" pin=1"/></net>

<net id="3190"><net_src comp="1826" pin="3"/><net_sink comp="3184" pin=0"/></net>

<net id="3196"><net_src comp="508" pin="0"/><net_sink comp="3191" pin=1"/></net>

<net id="3197"><net_src comp="1819" pin="3"/><net_sink comp="3191" pin=0"/></net>

<net id="3203"><net_src comp="508" pin="0"/><net_sink comp="3198" pin=1"/></net>

<net id="3204"><net_src comp="1812" pin="3"/><net_sink comp="3198" pin=0"/></net>

<net id="3210"><net_src comp="508" pin="0"/><net_sink comp="3205" pin=1"/></net>

<net id="3211"><net_src comp="1805" pin="3"/><net_sink comp="3205" pin=0"/></net>

<net id="3217"><net_src comp="508" pin="0"/><net_sink comp="3212" pin=1"/></net>

<net id="3218"><net_src comp="1798" pin="3"/><net_sink comp="3212" pin=0"/></net>

<net id="3224"><net_src comp="508" pin="0"/><net_sink comp="3219" pin=1"/></net>

<net id="3225"><net_src comp="1875" pin="3"/><net_sink comp="3219" pin=0"/></net>

<net id="3231"><net_src comp="508" pin="0"/><net_sink comp="3226" pin=1"/></net>

<net id="3232"><net_src comp="1784" pin="3"/><net_sink comp="3226" pin=0"/></net>

<net id="3238"><net_src comp="508" pin="0"/><net_sink comp="3233" pin=1"/></net>

<net id="3239"><net_src comp="1777" pin="3"/><net_sink comp="3233" pin=0"/></net>

<net id="3245"><net_src comp="508" pin="0"/><net_sink comp="3240" pin=1"/></net>

<net id="3246"><net_src comp="1770" pin="3"/><net_sink comp="3240" pin=0"/></net>

<net id="3252"><net_src comp="508" pin="0"/><net_sink comp="3247" pin=1"/></net>

<net id="3253"><net_src comp="1763" pin="3"/><net_sink comp="3247" pin=0"/></net>

<net id="3259"><net_src comp="508" pin="0"/><net_sink comp="3254" pin=1"/></net>

<net id="3260"><net_src comp="1756" pin="3"/><net_sink comp="3254" pin=0"/></net>

<net id="3266"><net_src comp="508" pin="0"/><net_sink comp="3261" pin=1"/></net>

<net id="3267"><net_src comp="1749" pin="3"/><net_sink comp="3261" pin=0"/></net>

<net id="3273"><net_src comp="508" pin="0"/><net_sink comp="3268" pin=1"/></net>

<net id="3274"><net_src comp="1742" pin="3"/><net_sink comp="3268" pin=0"/></net>

<net id="3280"><net_src comp="508" pin="0"/><net_sink comp="3275" pin=1"/></net>

<net id="3281"><net_src comp="1735" pin="3"/><net_sink comp="3275" pin=0"/></net>

<net id="3287"><net_src comp="508" pin="0"/><net_sink comp="3282" pin=1"/></net>

<net id="3288"><net_src comp="1728" pin="3"/><net_sink comp="3282" pin=0"/></net>

<net id="3294"><net_src comp="508" pin="0"/><net_sink comp="3289" pin=1"/></net>

<net id="3295"><net_src comp="1721" pin="3"/><net_sink comp="3289" pin=0"/></net>

<net id="3301"><net_src comp="508" pin="0"/><net_sink comp="3296" pin=1"/></net>

<net id="3302"><net_src comp="1714" pin="3"/><net_sink comp="3296" pin=0"/></net>

<net id="3308"><net_src comp="508" pin="0"/><net_sink comp="3303" pin=1"/></net>

<net id="3309"><net_src comp="1791" pin="3"/><net_sink comp="3303" pin=0"/></net>

<net id="3315"><net_src comp="508" pin="0"/><net_sink comp="3310" pin=1"/></net>

<net id="3316"><net_src comp="1700" pin="3"/><net_sink comp="3310" pin=0"/></net>

<net id="3322"><net_src comp="508" pin="0"/><net_sink comp="3317" pin=1"/></net>

<net id="3323"><net_src comp="1693" pin="3"/><net_sink comp="3317" pin=0"/></net>

<net id="3329"><net_src comp="508" pin="0"/><net_sink comp="3324" pin=1"/></net>

<net id="3330"><net_src comp="1686" pin="3"/><net_sink comp="3324" pin=0"/></net>

<net id="3336"><net_src comp="508" pin="0"/><net_sink comp="3331" pin=1"/></net>

<net id="3337"><net_src comp="1679" pin="3"/><net_sink comp="3331" pin=0"/></net>

<net id="3343"><net_src comp="508" pin="0"/><net_sink comp="3338" pin=1"/></net>

<net id="3344"><net_src comp="1672" pin="3"/><net_sink comp="3338" pin=0"/></net>

<net id="3350"><net_src comp="508" pin="0"/><net_sink comp="3345" pin=1"/></net>

<net id="3351"><net_src comp="1665" pin="3"/><net_sink comp="3345" pin=0"/></net>

<net id="3357"><net_src comp="508" pin="0"/><net_sink comp="3352" pin=1"/></net>

<net id="3358"><net_src comp="1658" pin="3"/><net_sink comp="3352" pin=0"/></net>

<net id="3364"><net_src comp="508" pin="0"/><net_sink comp="3359" pin=1"/></net>

<net id="3365"><net_src comp="1651" pin="3"/><net_sink comp="3359" pin=0"/></net>

<net id="3371"><net_src comp="508" pin="0"/><net_sink comp="3366" pin=1"/></net>

<net id="3372"><net_src comp="1644" pin="3"/><net_sink comp="3366" pin=0"/></net>

<net id="3378"><net_src comp="508" pin="0"/><net_sink comp="3373" pin=1"/></net>

<net id="3379"><net_src comp="1637" pin="3"/><net_sink comp="3373" pin=0"/></net>

<net id="3385"><net_src comp="508" pin="0"/><net_sink comp="3380" pin=1"/></net>

<net id="3386"><net_src comp="1630" pin="3"/><net_sink comp="3380" pin=0"/></net>

<net id="3392"><net_src comp="508" pin="0"/><net_sink comp="3387" pin=1"/></net>

<net id="3393"><net_src comp="1707" pin="3"/><net_sink comp="3387" pin=0"/></net>

<net id="3399"><net_src comp="508" pin="0"/><net_sink comp="3394" pin=1"/></net>

<net id="3400"><net_src comp="1616" pin="3"/><net_sink comp="3394" pin=0"/></net>

<net id="3406"><net_src comp="508" pin="0"/><net_sink comp="3401" pin=1"/></net>

<net id="3407"><net_src comp="1609" pin="3"/><net_sink comp="3401" pin=0"/></net>

<net id="3413"><net_src comp="508" pin="0"/><net_sink comp="3408" pin=1"/></net>

<net id="3414"><net_src comp="1602" pin="3"/><net_sink comp="3408" pin=0"/></net>

<net id="3420"><net_src comp="508" pin="0"/><net_sink comp="3415" pin=1"/></net>

<net id="3421"><net_src comp="1595" pin="3"/><net_sink comp="3415" pin=0"/></net>

<net id="3427"><net_src comp="508" pin="0"/><net_sink comp="3422" pin=1"/></net>

<net id="3428"><net_src comp="1588" pin="3"/><net_sink comp="3422" pin=0"/></net>

<net id="3434"><net_src comp="508" pin="0"/><net_sink comp="3429" pin=1"/></net>

<net id="3435"><net_src comp="1581" pin="3"/><net_sink comp="3429" pin=0"/></net>

<net id="3441"><net_src comp="508" pin="0"/><net_sink comp="3436" pin=1"/></net>

<net id="3442"><net_src comp="1574" pin="3"/><net_sink comp="3436" pin=0"/></net>

<net id="3448"><net_src comp="508" pin="0"/><net_sink comp="3443" pin=1"/></net>

<net id="3449"><net_src comp="1567" pin="3"/><net_sink comp="3443" pin=0"/></net>

<net id="3455"><net_src comp="508" pin="0"/><net_sink comp="3450" pin=1"/></net>

<net id="3456"><net_src comp="1560" pin="3"/><net_sink comp="3450" pin=0"/></net>

<net id="3462"><net_src comp="508" pin="0"/><net_sink comp="3457" pin=1"/></net>

<net id="3463"><net_src comp="1553" pin="3"/><net_sink comp="3457" pin=0"/></net>

<net id="3469"><net_src comp="508" pin="0"/><net_sink comp="3464" pin=1"/></net>

<net id="3470"><net_src comp="1546" pin="3"/><net_sink comp="3464" pin=0"/></net>

<net id="3476"><net_src comp="508" pin="0"/><net_sink comp="3471" pin=1"/></net>

<net id="3477"><net_src comp="1623" pin="3"/><net_sink comp="3471" pin=0"/></net>

<net id="3483"><net_src comp="508" pin="0"/><net_sink comp="3478" pin=1"/></net>

<net id="3484"><net_src comp="2036" pin="3"/><net_sink comp="3478" pin=0"/></net>

<net id="3490"><net_src comp="508" pin="0"/><net_sink comp="3485" pin=1"/></net>

<net id="3491"><net_src comp="2029" pin="3"/><net_sink comp="3485" pin=0"/></net>

<net id="3497"><net_src comp="508" pin="0"/><net_sink comp="3492" pin=1"/></net>

<net id="3498"><net_src comp="2022" pin="3"/><net_sink comp="3492" pin=0"/></net>

<net id="3504"><net_src comp="508" pin="0"/><net_sink comp="3499" pin=1"/></net>

<net id="3505"><net_src comp="2015" pin="3"/><net_sink comp="3499" pin=0"/></net>

<net id="3511"><net_src comp="508" pin="0"/><net_sink comp="3506" pin=1"/></net>

<net id="3512"><net_src comp="2008" pin="3"/><net_sink comp="3506" pin=0"/></net>

<net id="3518"><net_src comp="508" pin="0"/><net_sink comp="3513" pin=1"/></net>

<net id="3519"><net_src comp="2001" pin="3"/><net_sink comp="3513" pin=0"/></net>

<net id="3525"><net_src comp="508" pin="0"/><net_sink comp="3520" pin=1"/></net>

<net id="3526"><net_src comp="1994" pin="3"/><net_sink comp="3520" pin=0"/></net>

<net id="3532"><net_src comp="508" pin="0"/><net_sink comp="3527" pin=1"/></net>

<net id="3533"><net_src comp="1987" pin="3"/><net_sink comp="3527" pin=0"/></net>

<net id="3539"><net_src comp="508" pin="0"/><net_sink comp="3534" pin=1"/></net>

<net id="3540"><net_src comp="1980" pin="3"/><net_sink comp="3534" pin=0"/></net>

<net id="3546"><net_src comp="508" pin="0"/><net_sink comp="3541" pin=1"/></net>

<net id="3547"><net_src comp="1973" pin="3"/><net_sink comp="3541" pin=0"/></net>

<net id="3553"><net_src comp="508" pin="0"/><net_sink comp="3548" pin=1"/></net>

<net id="3554"><net_src comp="1966" pin="3"/><net_sink comp="3548" pin=0"/></net>

<net id="3560"><net_src comp="508" pin="0"/><net_sink comp="3555" pin=1"/></net>

<net id="3561"><net_src comp="2043" pin="3"/><net_sink comp="3555" pin=0"/></net>

<net id="3566"><net_src comp="434" pin="0"/><net_sink comp="3562" pin=0"/></net>

<net id="3571"><net_src comp="436" pin="0"/><net_sink comp="3567" pin=0"/></net>

<net id="3576"><net_src comp="438" pin="0"/><net_sink comp="3572" pin=0"/></net>

<net id="3581"><net_src comp="440" pin="0"/><net_sink comp="3577" pin=0"/></net>

<net id="3586"><net_src comp="442" pin="0"/><net_sink comp="3582" pin=0"/></net>

<net id="3591"><net_src comp="440" pin="0"/><net_sink comp="3587" pin=0"/></net>

<net id="3596"><net_src comp="444" pin="0"/><net_sink comp="3592" pin=0"/></net>

<net id="3610"><net_src comp="3603" pin="1"/><net_sink comp="3606" pin=0"/></net>

<net id="3611"><net_src comp="446" pin="0"/><net_sink comp="3606" pin=1"/></net>

<net id="3616"><net_src comp="3603" pin="1"/><net_sink comp="3612" pin=0"/></net>

<net id="3617"><net_src comp="448" pin="0"/><net_sink comp="3612" pin=1"/></net>

<net id="3628"><net_src comp="3621" pin="1"/><net_sink comp="3624" pin=0"/></net>

<net id="3629"><net_src comp="450" pin="0"/><net_sink comp="3624" pin=1"/></net>

<net id="3634"><net_src comp="3600" pin="1"/><net_sink comp="3630" pin=0"/></net>

<net id="3635"><net_src comp="452" pin="0"/><net_sink comp="3630" pin=1"/></net>

<net id="3640"><net_src comp="3630" pin="2"/><net_sink comp="3636" pin=0"/></net>

<net id="3641"><net_src comp="454" pin="0"/><net_sink comp="3636" pin=1"/></net>

<net id="3646"><net_src comp="3618" pin="1"/><net_sink comp="3642" pin=0"/></net>

<net id="3647"><net_src comp="456" pin="0"/><net_sink comp="3642" pin=1"/></net>

<net id="3652"><net_src comp="3597" pin="1"/><net_sink comp="3648" pin=0"/></net>

<net id="3653"><net_src comp="458" pin="0"/><net_sink comp="3648" pin=1"/></net>

<net id="3658"><net_src comp="3648" pin="2"/><net_sink comp="3654" pin=0"/></net>

<net id="3659"><net_src comp="3636" pin="2"/><net_sink comp="3654" pin=1"/></net>

<net id="3665"><net_src comp="3630" pin="2"/><net_sink comp="3660" pin=0"/></net>

<net id="3666"><net_src comp="3624" pin="2"/><net_sink comp="3660" pin=1"/></net>

<net id="3667"><net_src comp="3621" pin="1"/><net_sink comp="3660" pin=2"/></net>

<net id="3672"><net_src comp="3654" pin="2"/><net_sink comp="3668" pin=0"/></net>

<net id="3673"><net_src comp="3630" pin="2"/><net_sink comp="3668" pin=1"/></net>

<net id="3678"><net_src comp="3648" pin="2"/><net_sink comp="3674" pin=0"/></net>

<net id="3679"><net_src comp="454" pin="0"/><net_sink comp="3674" pin=1"/></net>

<net id="3684"><net_src comp="3630" pin="2"/><net_sink comp="3680" pin=0"/></net>

<net id="3685"><net_src comp="3674" pin="2"/><net_sink comp="3680" pin=1"/></net>

<net id="3690"><net_src comp="3680" pin="2"/><net_sink comp="3686" pin=0"/></net>

<net id="3691"><net_src comp="3636" pin="2"/><net_sink comp="3686" pin=1"/></net>

<net id="3696"><net_src comp="3686" pin="2"/><net_sink comp="3692" pin=0"/></net>

<net id="3697"><net_src comp="3642" pin="2"/><net_sink comp="3692" pin=1"/></net>

<net id="3702"><net_src comp="3692" pin="2"/><net_sink comp="3698" pin=0"/></net>

<net id="3703"><net_src comp="3654" pin="2"/><net_sink comp="3698" pin=1"/></net>

<net id="3708"><net_src comp="3698" pin="2"/><net_sink comp="3704" pin=0"/></net>

<net id="3709"><net_src comp="3630" pin="2"/><net_sink comp="3704" pin=1"/></net>

<net id="3715"><net_src comp="3704" pin="2"/><net_sink comp="3710" pin=0"/></net>

<net id="3716"><net_src comp="444" pin="0"/><net_sink comp="3710" pin=1"/></net>

<net id="3717"><net_src comp="3618" pin="1"/><net_sink comp="3710" pin=2"/></net>

<net id="3722"><net_src comp="3710" pin="3"/><net_sink comp="3718" pin=0"/></net>

<net id="3723"><net_src comp="460" pin="0"/><net_sink comp="3718" pin=1"/></net>

<net id="3728"><net_src comp="3597" pin="1"/><net_sink comp="3724" pin=0"/></net>

<net id="3729"><net_src comp="462" pin="0"/><net_sink comp="3724" pin=1"/></net>

<net id="3735"><net_src comp="3668" pin="2"/><net_sink comp="3730" pin=0"/></net>

<net id="3736"><net_src comp="462" pin="0"/><net_sink comp="3730" pin=1"/></net>

<net id="3737"><net_src comp="3724" pin="2"/><net_sink comp="3730" pin=2"/></net>

<net id="3742"><net_src comp="3600" pin="1"/><net_sink comp="3738" pin=0"/></net>

<net id="3743"><net_src comp="464" pin="0"/><net_sink comp="3738" pin=1"/></net>

<net id="3749"><net_src comp="3630" pin="2"/><net_sink comp="3744" pin=0"/></net>

<net id="3750"><net_src comp="464" pin="0"/><net_sink comp="3744" pin=1"/></net>

<net id="3751"><net_src comp="3738" pin="2"/><net_sink comp="3744" pin=2"/></net>

<net id="3756"><net_src comp="3612" pin="2"/><net_sink comp="3752" pin=0"/></net>

<net id="3761"><net_src comp="3660" pin="3"/><net_sink comp="3757" pin=0"/></net>

<net id="3766"><net_src comp="3744" pin="3"/><net_sink comp="3762" pin=0"/></net>

<net id="3771"><net_src comp="3730" pin="3"/><net_sink comp="3767" pin=0"/></net>

<net id="3776"><net_src comp="3718" pin="2"/><net_sink comp="3772" pin=0"/></net>

<net id="3788"><net_src comp="440" pin="0"/><net_sink comp="3783" pin=1"/></net>

<net id="3789"><net_src comp="3780" pin="1"/><net_sink comp="3783" pin=2"/></net>

<net id="3794"><net_src comp="3783" pin="3"/><net_sink comp="3790" pin=0"/></net>

<net id="3795"><net_src comp="474" pin="0"/><net_sink comp="3790" pin=1"/></net>

<net id="3801"><net_src comp="440" pin="0"/><net_sink comp="3796" pin=1"/></net>

<net id="3802"><net_src comp="3777" pin="1"/><net_sink comp="3796" pin=2"/></net>

<net id="3808"><net_src comp="3790" pin="2"/><net_sink comp="3803" pin=1"/></net>

<net id="3809"><net_src comp="3783" pin="3"/><net_sink comp="3803" pin=2"/></net>

<net id="3814"><net_src comp="3796" pin="3"/><net_sink comp="3810" pin=0"/></net>

<net id="3815"><net_src comp="474" pin="0"/><net_sink comp="3810" pin=1"/></net>

<net id="3821"><net_src comp="3810" pin="2"/><net_sink comp="3816" pin=1"/></net>

<net id="3822"><net_src comp="3796" pin="3"/><net_sink comp="3816" pin=2"/></net>

<net id="3826"><net_src comp="3803" pin="3"/><net_sink comp="3823" pin=0"/></net>

<net id="3827"><net_src comp="3823" pin="1"/><net_sink comp="538" pin=2"/></net>

<net id="3828"><net_src comp="3823" pin="1"/><net_sink comp="545" pin=2"/></net>

<net id="3829"><net_src comp="3823" pin="1"/><net_sink comp="552" pin=2"/></net>

<net id="3830"><net_src comp="3823" pin="1"/><net_sink comp="559" pin=2"/></net>

<net id="3831"><net_src comp="3823" pin="1"/><net_sink comp="566" pin=2"/></net>

<net id="3832"><net_src comp="3823" pin="1"/><net_sink comp="573" pin=2"/></net>

<net id="3833"><net_src comp="3823" pin="1"/><net_sink comp="580" pin=2"/></net>

<net id="3834"><net_src comp="3823" pin="1"/><net_sink comp="587" pin=2"/></net>

<net id="3835"><net_src comp="3823" pin="1"/><net_sink comp="594" pin=2"/></net>

<net id="3836"><net_src comp="3823" pin="1"/><net_sink comp="601" pin=2"/></net>

<net id="3837"><net_src comp="3823" pin="1"/><net_sink comp="608" pin=2"/></net>

<net id="3838"><net_src comp="3823" pin="1"/><net_sink comp="615" pin=2"/></net>

<net id="3839"><net_src comp="3823" pin="1"/><net_sink comp="622" pin=2"/></net>

<net id="3840"><net_src comp="3823" pin="1"/><net_sink comp="629" pin=2"/></net>

<net id="3841"><net_src comp="3823" pin="1"/><net_sink comp="636" pin=2"/></net>

<net id="3842"><net_src comp="3823" pin="1"/><net_sink comp="643" pin=2"/></net>

<net id="3843"><net_src comp="3823" pin="1"/><net_sink comp="650" pin=2"/></net>

<net id="3844"><net_src comp="3823" pin="1"/><net_sink comp="657" pin=2"/></net>

<net id="3845"><net_src comp="3823" pin="1"/><net_sink comp="664" pin=2"/></net>

<net id="3846"><net_src comp="3823" pin="1"/><net_sink comp="671" pin=2"/></net>

<net id="3847"><net_src comp="3823" pin="1"/><net_sink comp="678" pin=2"/></net>

<net id="3848"><net_src comp="3823" pin="1"/><net_sink comp="685" pin=2"/></net>

<net id="3849"><net_src comp="3823" pin="1"/><net_sink comp="692" pin=2"/></net>

<net id="3850"><net_src comp="3823" pin="1"/><net_sink comp="699" pin=2"/></net>

<net id="3851"><net_src comp="3823" pin="1"/><net_sink comp="706" pin=2"/></net>

<net id="3852"><net_src comp="3823" pin="1"/><net_sink comp="713" pin=2"/></net>

<net id="3853"><net_src comp="3823" pin="1"/><net_sink comp="720" pin=2"/></net>

<net id="3854"><net_src comp="3823" pin="1"/><net_sink comp="727" pin=2"/></net>

<net id="3855"><net_src comp="3823" pin="1"/><net_sink comp="734" pin=2"/></net>

<net id="3856"><net_src comp="3823" pin="1"/><net_sink comp="741" pin=2"/></net>

<net id="3857"><net_src comp="3823" pin="1"/><net_sink comp="748" pin=2"/></net>

<net id="3858"><net_src comp="3823" pin="1"/><net_sink comp="755" pin=2"/></net>

<net id="3859"><net_src comp="3823" pin="1"/><net_sink comp="762" pin=2"/></net>

<net id="3860"><net_src comp="3823" pin="1"/><net_sink comp="769" pin=2"/></net>

<net id="3861"><net_src comp="3823" pin="1"/><net_sink comp="776" pin=2"/></net>

<net id="3862"><net_src comp="3823" pin="1"/><net_sink comp="783" pin=2"/></net>

<net id="3863"><net_src comp="3823" pin="1"/><net_sink comp="790" pin=2"/></net>

<net id="3864"><net_src comp="3823" pin="1"/><net_sink comp="797" pin=2"/></net>

<net id="3865"><net_src comp="3823" pin="1"/><net_sink comp="804" pin=2"/></net>

<net id="3866"><net_src comp="3823" pin="1"/><net_sink comp="811" pin=2"/></net>

<net id="3867"><net_src comp="3823" pin="1"/><net_sink comp="818" pin=2"/></net>

<net id="3868"><net_src comp="3823" pin="1"/><net_sink comp="825" pin=2"/></net>

<net id="3869"><net_src comp="3823" pin="1"/><net_sink comp="832" pin=2"/></net>

<net id="3870"><net_src comp="3823" pin="1"/><net_sink comp="839" pin=2"/></net>

<net id="3871"><net_src comp="3823" pin="1"/><net_sink comp="846" pin=2"/></net>

<net id="3872"><net_src comp="3823" pin="1"/><net_sink comp="853" pin=2"/></net>

<net id="3873"><net_src comp="3823" pin="1"/><net_sink comp="860" pin=2"/></net>

<net id="3874"><net_src comp="3823" pin="1"/><net_sink comp="867" pin=2"/></net>

<net id="3875"><net_src comp="3823" pin="1"/><net_sink comp="874" pin=2"/></net>

<net id="3876"><net_src comp="3823" pin="1"/><net_sink comp="881" pin=2"/></net>

<net id="3877"><net_src comp="3823" pin="1"/><net_sink comp="888" pin=2"/></net>

<net id="3878"><net_src comp="3823" pin="1"/><net_sink comp="895" pin=2"/></net>

<net id="3879"><net_src comp="3823" pin="1"/><net_sink comp="902" pin=2"/></net>

<net id="3880"><net_src comp="3823" pin="1"/><net_sink comp="909" pin=2"/></net>

<net id="3881"><net_src comp="3823" pin="1"/><net_sink comp="916" pin=2"/></net>

<net id="3882"><net_src comp="3823" pin="1"/><net_sink comp="923" pin=2"/></net>

<net id="3883"><net_src comp="3823" pin="1"/><net_sink comp="930" pin=2"/></net>

<net id="3884"><net_src comp="3823" pin="1"/><net_sink comp="937" pin=2"/></net>

<net id="3885"><net_src comp="3823" pin="1"/><net_sink comp="944" pin=2"/></net>

<net id="3886"><net_src comp="3823" pin="1"/><net_sink comp="951" pin=2"/></net>

<net id="3887"><net_src comp="3823" pin="1"/><net_sink comp="958" pin=2"/></net>

<net id="3888"><net_src comp="3823" pin="1"/><net_sink comp="965" pin=2"/></net>

<net id="3889"><net_src comp="3823" pin="1"/><net_sink comp="972" pin=2"/></net>

<net id="3890"><net_src comp="3823" pin="1"/><net_sink comp="979" pin=2"/></net>

<net id="3891"><net_src comp="3823" pin="1"/><net_sink comp="986" pin=2"/></net>

<net id="3892"><net_src comp="3823" pin="1"/><net_sink comp="993" pin=2"/></net>

<net id="3893"><net_src comp="3823" pin="1"/><net_sink comp="1000" pin=2"/></net>

<net id="3894"><net_src comp="3823" pin="1"/><net_sink comp="1007" pin=2"/></net>

<net id="3895"><net_src comp="3823" pin="1"/><net_sink comp="1014" pin=2"/></net>

<net id="3896"><net_src comp="3823" pin="1"/><net_sink comp="1021" pin=2"/></net>

<net id="3897"><net_src comp="3823" pin="1"/><net_sink comp="1028" pin=2"/></net>

<net id="3898"><net_src comp="3823" pin="1"/><net_sink comp="1035" pin=2"/></net>

<net id="3899"><net_src comp="3823" pin="1"/><net_sink comp="1042" pin=2"/></net>

<net id="3900"><net_src comp="3823" pin="1"/><net_sink comp="1049" pin=2"/></net>

<net id="3901"><net_src comp="3823" pin="1"/><net_sink comp="1056" pin=2"/></net>

<net id="3902"><net_src comp="3823" pin="1"/><net_sink comp="1063" pin=2"/></net>

<net id="3903"><net_src comp="3823" pin="1"/><net_sink comp="1070" pin=2"/></net>

<net id="3904"><net_src comp="3823" pin="1"/><net_sink comp="1077" pin=2"/></net>

<net id="3905"><net_src comp="3823" pin="1"/><net_sink comp="1084" pin=2"/></net>

<net id="3906"><net_src comp="3823" pin="1"/><net_sink comp="1091" pin=2"/></net>

<net id="3907"><net_src comp="3823" pin="1"/><net_sink comp="1098" pin=2"/></net>

<net id="3908"><net_src comp="3823" pin="1"/><net_sink comp="1105" pin=2"/></net>

<net id="3909"><net_src comp="3823" pin="1"/><net_sink comp="1112" pin=2"/></net>

<net id="3910"><net_src comp="3823" pin="1"/><net_sink comp="1119" pin=2"/></net>

<net id="3911"><net_src comp="3823" pin="1"/><net_sink comp="1126" pin=2"/></net>

<net id="3912"><net_src comp="3823" pin="1"/><net_sink comp="1133" pin=2"/></net>

<net id="3913"><net_src comp="3823" pin="1"/><net_sink comp="1140" pin=2"/></net>

<net id="3914"><net_src comp="3823" pin="1"/><net_sink comp="1147" pin=2"/></net>

<net id="3915"><net_src comp="3823" pin="1"/><net_sink comp="1154" pin=2"/></net>

<net id="3916"><net_src comp="3823" pin="1"/><net_sink comp="1161" pin=2"/></net>

<net id="3917"><net_src comp="3823" pin="1"/><net_sink comp="1168" pin=2"/></net>

<net id="3918"><net_src comp="3823" pin="1"/><net_sink comp="1175" pin=2"/></net>

<net id="3919"><net_src comp="3823" pin="1"/><net_sink comp="1182" pin=2"/></net>

<net id="3920"><net_src comp="3823" pin="1"/><net_sink comp="1189" pin=2"/></net>

<net id="3921"><net_src comp="3823" pin="1"/><net_sink comp="1196" pin=2"/></net>

<net id="3922"><net_src comp="3823" pin="1"/><net_sink comp="1203" pin=2"/></net>

<net id="3923"><net_src comp="3823" pin="1"/><net_sink comp="1210" pin=2"/></net>

<net id="3924"><net_src comp="3823" pin="1"/><net_sink comp="1217" pin=2"/></net>

<net id="3925"><net_src comp="3823" pin="1"/><net_sink comp="1224" pin=2"/></net>

<net id="3926"><net_src comp="3823" pin="1"/><net_sink comp="1231" pin=2"/></net>

<net id="3927"><net_src comp="3823" pin="1"/><net_sink comp="1238" pin=2"/></net>

<net id="3928"><net_src comp="3823" pin="1"/><net_sink comp="1245" pin=2"/></net>

<net id="3929"><net_src comp="3823" pin="1"/><net_sink comp="1252" pin=2"/></net>

<net id="3930"><net_src comp="3823" pin="1"/><net_sink comp="1259" pin=2"/></net>

<net id="3931"><net_src comp="3823" pin="1"/><net_sink comp="1266" pin=2"/></net>

<net id="3932"><net_src comp="3823" pin="1"/><net_sink comp="1273" pin=2"/></net>

<net id="3933"><net_src comp="3823" pin="1"/><net_sink comp="1280" pin=2"/></net>

<net id="3934"><net_src comp="3823" pin="1"/><net_sink comp="1287" pin=2"/></net>

<net id="3935"><net_src comp="3823" pin="1"/><net_sink comp="1294" pin=2"/></net>

<net id="3936"><net_src comp="3823" pin="1"/><net_sink comp="1301" pin=2"/></net>

<net id="3937"><net_src comp="3823" pin="1"/><net_sink comp="1308" pin=2"/></net>

<net id="3938"><net_src comp="3823" pin="1"/><net_sink comp="1315" pin=2"/></net>

<net id="3939"><net_src comp="3823" pin="1"/><net_sink comp="1322" pin=2"/></net>

<net id="3940"><net_src comp="3823" pin="1"/><net_sink comp="1329" pin=2"/></net>

<net id="3941"><net_src comp="3823" pin="1"/><net_sink comp="1336" pin=2"/></net>

<net id="3942"><net_src comp="3823" pin="1"/><net_sink comp="1343" pin=2"/></net>

<net id="3943"><net_src comp="3823" pin="1"/><net_sink comp="1350" pin=2"/></net>

<net id="3944"><net_src comp="3823" pin="1"/><net_sink comp="1357" pin=2"/></net>

<net id="3945"><net_src comp="3823" pin="1"/><net_sink comp="1364" pin=2"/></net>

<net id="3946"><net_src comp="3823" pin="1"/><net_sink comp="1371" pin=2"/></net>

<net id="3947"><net_src comp="3823" pin="1"/><net_sink comp="1378" pin=2"/></net>

<net id="3948"><net_src comp="3823" pin="1"/><net_sink comp="1385" pin=2"/></net>

<net id="3949"><net_src comp="3823" pin="1"/><net_sink comp="1392" pin=2"/></net>

<net id="3950"><net_src comp="3823" pin="1"/><net_sink comp="1399" pin=2"/></net>

<net id="3951"><net_src comp="3823" pin="1"/><net_sink comp="1406" pin=2"/></net>

<net id="3952"><net_src comp="3823" pin="1"/><net_sink comp="1413" pin=2"/></net>

<net id="3953"><net_src comp="3823" pin="1"/><net_sink comp="1420" pin=2"/></net>

<net id="3954"><net_src comp="3823" pin="1"/><net_sink comp="1427" pin=2"/></net>

<net id="3955"><net_src comp="3823" pin="1"/><net_sink comp="1434" pin=2"/></net>

<net id="3956"><net_src comp="3823" pin="1"/><net_sink comp="1441" pin=2"/></net>

<net id="3957"><net_src comp="3823" pin="1"/><net_sink comp="1448" pin=2"/></net>

<net id="3958"><net_src comp="3823" pin="1"/><net_sink comp="1455" pin=2"/></net>

<net id="3959"><net_src comp="3823" pin="1"/><net_sink comp="1462" pin=2"/></net>

<net id="3960"><net_src comp="3823" pin="1"/><net_sink comp="1469" pin=2"/></net>

<net id="3961"><net_src comp="3823" pin="1"/><net_sink comp="1476" pin=2"/></net>

<net id="3962"><net_src comp="3823" pin="1"/><net_sink comp="1483" pin=2"/></net>

<net id="3963"><net_src comp="3823" pin="1"/><net_sink comp="1490" pin=2"/></net>

<net id="3964"><net_src comp="3823" pin="1"/><net_sink comp="1497" pin=2"/></net>

<net id="3965"><net_src comp="3823" pin="1"/><net_sink comp="1504" pin=2"/></net>

<net id="3966"><net_src comp="3823" pin="1"/><net_sink comp="1511" pin=2"/></net>

<net id="3967"><net_src comp="3823" pin="1"/><net_sink comp="1518" pin=2"/></net>

<net id="3968"><net_src comp="3823" pin="1"/><net_sink comp="1525" pin=2"/></net>

<net id="3969"><net_src comp="3823" pin="1"/><net_sink comp="1532" pin=2"/></net>

<net id="3970"><net_src comp="3823" pin="1"/><net_sink comp="1539" pin=2"/></net>

<net id="3971"><net_src comp="3823" pin="1"/><net_sink comp="1546" pin=2"/></net>

<net id="3972"><net_src comp="3823" pin="1"/><net_sink comp="1553" pin=2"/></net>

<net id="3973"><net_src comp="3823" pin="1"/><net_sink comp="1560" pin=2"/></net>

<net id="3974"><net_src comp="3823" pin="1"/><net_sink comp="1567" pin=2"/></net>

<net id="3975"><net_src comp="3823" pin="1"/><net_sink comp="1574" pin=2"/></net>

<net id="3976"><net_src comp="3823" pin="1"/><net_sink comp="1581" pin=2"/></net>

<net id="3977"><net_src comp="3823" pin="1"/><net_sink comp="1588" pin=2"/></net>

<net id="3978"><net_src comp="3823" pin="1"/><net_sink comp="1595" pin=2"/></net>

<net id="3979"><net_src comp="3823" pin="1"/><net_sink comp="1602" pin=2"/></net>

<net id="3980"><net_src comp="3823" pin="1"/><net_sink comp="1609" pin=2"/></net>

<net id="3981"><net_src comp="3823" pin="1"/><net_sink comp="1616" pin=2"/></net>

<net id="3982"><net_src comp="3823" pin="1"/><net_sink comp="1623" pin=2"/></net>

<net id="3983"><net_src comp="3823" pin="1"/><net_sink comp="1630" pin=2"/></net>

<net id="3984"><net_src comp="3823" pin="1"/><net_sink comp="1637" pin=2"/></net>

<net id="3985"><net_src comp="3823" pin="1"/><net_sink comp="1644" pin=2"/></net>

<net id="3986"><net_src comp="3823" pin="1"/><net_sink comp="1651" pin=2"/></net>

<net id="3987"><net_src comp="3823" pin="1"/><net_sink comp="1658" pin=2"/></net>

<net id="3988"><net_src comp="3823" pin="1"/><net_sink comp="1665" pin=2"/></net>

<net id="3989"><net_src comp="3823" pin="1"/><net_sink comp="1672" pin=2"/></net>

<net id="3990"><net_src comp="3823" pin="1"/><net_sink comp="1679" pin=2"/></net>

<net id="3991"><net_src comp="3823" pin="1"/><net_sink comp="1686" pin=2"/></net>

<net id="3992"><net_src comp="3823" pin="1"/><net_sink comp="1693" pin=2"/></net>

<net id="3993"><net_src comp="3823" pin="1"/><net_sink comp="1700" pin=2"/></net>

<net id="3994"><net_src comp="3823" pin="1"/><net_sink comp="1707" pin=2"/></net>

<net id="3995"><net_src comp="3823" pin="1"/><net_sink comp="1714" pin=2"/></net>

<net id="3996"><net_src comp="3823" pin="1"/><net_sink comp="1721" pin=2"/></net>

<net id="3997"><net_src comp="3823" pin="1"/><net_sink comp="1728" pin=2"/></net>

<net id="3998"><net_src comp="3823" pin="1"/><net_sink comp="1735" pin=2"/></net>

<net id="3999"><net_src comp="3823" pin="1"/><net_sink comp="1742" pin=2"/></net>

<net id="4000"><net_src comp="3823" pin="1"/><net_sink comp="1749" pin=2"/></net>

<net id="4001"><net_src comp="3823" pin="1"/><net_sink comp="1756" pin=2"/></net>

<net id="4002"><net_src comp="3823" pin="1"/><net_sink comp="1763" pin=2"/></net>

<net id="4003"><net_src comp="3823" pin="1"/><net_sink comp="1770" pin=2"/></net>

<net id="4004"><net_src comp="3823" pin="1"/><net_sink comp="1777" pin=2"/></net>

<net id="4005"><net_src comp="3823" pin="1"/><net_sink comp="1784" pin=2"/></net>

<net id="4006"><net_src comp="3823" pin="1"/><net_sink comp="1791" pin=2"/></net>

<net id="4007"><net_src comp="3823" pin="1"/><net_sink comp="1798" pin=2"/></net>

<net id="4008"><net_src comp="3823" pin="1"/><net_sink comp="1805" pin=2"/></net>

<net id="4009"><net_src comp="3823" pin="1"/><net_sink comp="1812" pin=2"/></net>

<net id="4010"><net_src comp="3823" pin="1"/><net_sink comp="1819" pin=2"/></net>

<net id="4011"><net_src comp="3823" pin="1"/><net_sink comp="1826" pin=2"/></net>

<net id="4012"><net_src comp="3823" pin="1"/><net_sink comp="1833" pin=2"/></net>

<net id="4013"><net_src comp="3823" pin="1"/><net_sink comp="1840" pin=2"/></net>

<net id="4014"><net_src comp="3823" pin="1"/><net_sink comp="1847" pin=2"/></net>

<net id="4015"><net_src comp="3823" pin="1"/><net_sink comp="1854" pin=2"/></net>

<net id="4016"><net_src comp="3823" pin="1"/><net_sink comp="1861" pin=2"/></net>

<net id="4017"><net_src comp="3823" pin="1"/><net_sink comp="1868" pin=2"/></net>

<net id="4018"><net_src comp="3823" pin="1"/><net_sink comp="1875" pin=2"/></net>

<net id="4019"><net_src comp="3823" pin="1"/><net_sink comp="1882" pin=2"/></net>

<net id="4020"><net_src comp="3823" pin="1"/><net_sink comp="1889" pin=2"/></net>

<net id="4021"><net_src comp="3823" pin="1"/><net_sink comp="1896" pin=2"/></net>

<net id="4022"><net_src comp="3823" pin="1"/><net_sink comp="1903" pin=2"/></net>

<net id="4023"><net_src comp="3823" pin="1"/><net_sink comp="1910" pin=2"/></net>

<net id="4024"><net_src comp="3823" pin="1"/><net_sink comp="1917" pin=2"/></net>

<net id="4025"><net_src comp="3823" pin="1"/><net_sink comp="1924" pin=2"/></net>

<net id="4026"><net_src comp="3823" pin="1"/><net_sink comp="1931" pin=2"/></net>

<net id="4027"><net_src comp="3823" pin="1"/><net_sink comp="1938" pin=2"/></net>

<net id="4028"><net_src comp="3823" pin="1"/><net_sink comp="1945" pin=2"/></net>

<net id="4029"><net_src comp="3823" pin="1"/><net_sink comp="1952" pin=2"/></net>

<net id="4030"><net_src comp="3823" pin="1"/><net_sink comp="1959" pin=2"/></net>

<net id="4031"><net_src comp="3823" pin="1"/><net_sink comp="1966" pin=2"/></net>

<net id="4032"><net_src comp="3823" pin="1"/><net_sink comp="1973" pin=2"/></net>

<net id="4033"><net_src comp="3823" pin="1"/><net_sink comp="1980" pin=2"/></net>

<net id="4034"><net_src comp="3823" pin="1"/><net_sink comp="1987" pin=2"/></net>

<net id="4035"><net_src comp="3823" pin="1"/><net_sink comp="1994" pin=2"/></net>

<net id="4036"><net_src comp="3823" pin="1"/><net_sink comp="2001" pin=2"/></net>

<net id="4037"><net_src comp="3823" pin="1"/><net_sink comp="2008" pin=2"/></net>

<net id="4038"><net_src comp="3823" pin="1"/><net_sink comp="2015" pin=2"/></net>

<net id="4039"><net_src comp="3823" pin="1"/><net_sink comp="2022" pin=2"/></net>

<net id="4040"><net_src comp="3823" pin="1"/><net_sink comp="2029" pin=2"/></net>

<net id="4041"><net_src comp="3823" pin="1"/><net_sink comp="2036" pin=2"/></net>

<net id="4042"><net_src comp="3823" pin="1"/><net_sink comp="2043" pin=2"/></net>

<net id="4047"><net_src comp="3803" pin="3"/><net_sink comp="4043" pin=0"/></net>

<net id="4052"><net_src comp="3816" pin="3"/><net_sink comp="4048" pin=0"/></net>

<net id="4056"><net_src comp="510" pin="1"/><net_sink comp="4053" pin=0"/></net>

<net id="4057"><net_src comp="4053" pin="1"/><net_sink comp="3592" pin=1"/></net>

<net id="4058"><net_src comp="4053" pin="1"/><net_sink comp="3618" pin=0"/></net>

<net id="4059"><net_src comp="4053" pin="1"/><net_sink comp="3772" pin=1"/></net>

<net id="4063"><net_src comp="514" pin="1"/><net_sink comp="4060" pin=0"/></net>

<net id="4064"><net_src comp="4060" pin="1"/><net_sink comp="3587" pin=1"/></net>

<net id="4065"><net_src comp="4060" pin="1"/><net_sink comp="3777" pin=0"/></net>

<net id="4066"><net_src comp="4060" pin="1"/><net_sink comp="4048" pin=1"/></net>

<net id="4070"><net_src comp="518" pin="1"/><net_sink comp="4067" pin=0"/></net>

<net id="4071"><net_src comp="4067" pin="1"/><net_sink comp="3582" pin=1"/></net>

<net id="4072"><net_src comp="4067" pin="1"/><net_sink comp="3597" pin=0"/></net>

<net id="4073"><net_src comp="4067" pin="1"/><net_sink comp="3767" pin=1"/></net>

<net id="4077"><net_src comp="522" pin="1"/><net_sink comp="4074" pin=0"/></net>

<net id="4078"><net_src comp="4074" pin="1"/><net_sink comp="3577" pin=1"/></net>

<net id="4079"><net_src comp="4074" pin="1"/><net_sink comp="3780" pin=0"/></net>

<net id="4080"><net_src comp="4074" pin="1"/><net_sink comp="4043" pin=1"/></net>

<net id="4084"><net_src comp="526" pin="1"/><net_sink comp="4081" pin=0"/></net>

<net id="4085"><net_src comp="4081" pin="1"/><net_sink comp="3572" pin=1"/></net>

<net id="4086"><net_src comp="4081" pin="1"/><net_sink comp="3600" pin=0"/></net>

<net id="4087"><net_src comp="4081" pin="1"/><net_sink comp="3762" pin=1"/></net>

<net id="4091"><net_src comp="530" pin="1"/><net_sink comp="4088" pin=0"/></net>

<net id="4092"><net_src comp="4088" pin="1"/><net_sink comp="3567" pin=1"/></net>

<net id="4093"><net_src comp="4088" pin="1"/><net_sink comp="3621" pin=0"/></net>

<net id="4094"><net_src comp="4088" pin="1"/><net_sink comp="3757" pin=1"/></net>

<net id="4098"><net_src comp="534" pin="1"/><net_sink comp="4095" pin=0"/></net>

<net id="4099"><net_src comp="4095" pin="1"/><net_sink comp="3562" pin=1"/></net>

<net id="4100"><net_src comp="4095" pin="1"/><net_sink comp="3603" pin=0"/></net>

<net id="4101"><net_src comp="4095" pin="1"/><net_sink comp="3752" pin=1"/></net>

<net id="4108"><net_src comp="3630" pin="2"/><net_sink comp="4105" pin=0"/></net>

<net id="4109"><net_src comp="4105" pin="1"/><net_sink comp="3783" pin=0"/></net>

<net id="4113"><net_src comp="3654" pin="2"/><net_sink comp="4110" pin=0"/></net>

<net id="4114"><net_src comp="4110" pin="1"/><net_sink comp="3803" pin=0"/></net>

<net id="4118"><net_src comp="3660" pin="3"/><net_sink comp="4115" pin=0"/></net>

<net id="4122"><net_src comp="3668" pin="2"/><net_sink comp="4119" pin=0"/></net>

<net id="4123"><net_src comp="4119" pin="1"/><net_sink comp="3796" pin=0"/></net>

<net id="4127"><net_src comp="3692" pin="2"/><net_sink comp="4124" pin=0"/></net>

<net id="4128"><net_src comp="4124" pin="1"/><net_sink comp="3816" pin=0"/></net>

<net id="4132"><net_src comp="3710" pin="3"/><net_sink comp="4129" pin=0"/></net>

</net_list>

</model> 
---------------- Datapath Model END ------------------

* FSMD analyzer results:
  - Output states:
	Port: fb | {3 }
	Port: fb_216 | {3 }
	Port: fb_217 | {3 }
	Port: fb_218 | {3 }
	Port: fb_219 | {3 }
	Port: fb_220 | {3 }
	Port: fb_221 | {3 }
	Port: fb_222 | {3 }
	Port: fb_223 | {3 }
	Port: fb_224 | {3 }
	Port: fb_225 | {3 }
	Port: fb_226 | {3 }
	Port: fb_227 | {3 }
	Port: fb_228 | {3 }
	Port: fb_229 | {3 }
	Port: fb_230 | {3 }
	Port: fb_231 | {3 }
	Port: fb_232 | {3 }
	Port: fb_233 | {3 }
	Port: fb_234 | {3 }
	Port: fb_235 | {3 }
	Port: fb_236 | {3 }
	Port: fb_237 | {3 }
	Port: fb_238 | {3 }
	Port: fb_239 | {3 }
	Port: fb_240 | {3 }
	Port: fb_241 | {3 }
	Port: fb_242 | {3 }
	Port: fb_243 | {3 }
	Port: fb_244 | {3 }
	Port: fb_245 | {3 }
	Port: fb_246 | {3 }
	Port: fb_247 | {3 }
	Port: fb_248 | {3 }
	Port: fb_249 | {3 }
	Port: fb_250 | {3 }
	Port: fb_251 | {3 }
	Port: fb_252 | {3 }
	Port: fb_253 | {3 }
	Port: fb_254 | {3 }
	Port: fb_255 | {3 }
	Port: fb_256 | {3 }
	Port: fb_257 | {3 }
	Port: fb_258 | {3 }
	Port: fb_259 | {3 }
	Port: fb_260 | {3 }
	Port: fb_261 | {3 }
	Port: fb_262 | {3 }
	Port: fb_263 | {3 }
	Port: fb_264 | {3 }
	Port: fb_265 | {3 }
	Port: fb_266 | {3 }
	Port: fb_267 | {3 }
	Port: fb_268 | {3 }
	Port: fb_269 | {3 }
	Port: fb_270 | {3 }
	Port: fb_271 | {3 }
	Port: fb_272 | {3 }
	Port: fb_273 | {3 }
	Port: fb_274 | {3 }
	Port: fb_275 | {3 }
	Port: fb_276 | {3 }
	Port: fb_277 | {3 }
	Port: fb_278 | {3 }
	Port: fb_279 | {3 }
	Port: fb_280 | {3 }
	Port: fb_281 | {3 }
	Port: fb_282 | {3 }
	Port: fb_283 | {3 }
	Port: fb_284 | {3 }
	Port: fb_285 | {3 }
	Port: fb_286 | {3 }
	Port: fb_287 | {3 }
	Port: fb_288 | {3 }
	Port: fb_289 | {3 }
	Port: fb_290 | {3 }
	Port: fb_291 | {3 }
	Port: fb_292 | {3 }
	Port: fb_293 | {3 }
	Port: fb_294 | {3 }
	Port: fb_295 | {3 }
	Port: fb_296 | {3 }
	Port: fb_297 | {3 }
	Port: fb_298 | {3 }
	Port: fb_299 | {3 }
	Port: fb_300 | {3 }
	Port: fb_301 | {3 }
	Port: fb_302 | {3 }
	Port: fb_303 | {3 }
	Port: fb_304 | {3 }
	Port: fb_305 | {3 }
	Port: fb_306 | {3 }
	Port: fb_307 | {3 }
	Port: fb_308 | {3 }
	Port: fb_309 | {3 }
	Port: fb_310 | {3 }
	Port: fb_311 | {3 }
	Port: fb_312 | {3 }
	Port: fb_313 | {3 }
	Port: fb_314 | {3 }
	Port: fb_315 | {3 }
	Port: fb_316 | {3 }
	Port: fb_317 | {3 }
	Port: fb_318 | {3 }
	Port: fb_319 | {3 }
	Port: fb_320 | {3 }
	Port: fb_321 | {3 }
	Port: fb_322 | {3 }
	Port: fb_323 | {3 }
	Port: fb_324 | {3 }
	Port: fb_325 | {3 }
	Port: fb_326 | {3 }
	Port: fb_327 | {3 }
	Port: fb_328 | {3 }
	Port: fb_329 | {3 }
	Port: fb_330 | {3 }
	Port: fb_331 | {3 }
	Port: fb_332 | {3 }
	Port: fb_333 | {3 }
	Port: fb_334 | {3 }
	Port: fb_335 | {3 }
	Port: fb_336 | {3 }
	Port: fb_337 | {3 }
	Port: fb_338 | {3 }
	Port: fb_339 | {3 }
	Port: fb_340 | {3 }
	Port: fb_341 | {3 }
	Port: fb_342 | {3 }
	Port: fb_343 | {3 }
	Port: fb_344 | {3 }
	Port: fb_345 | {3 }
	Port: fb_346 | {3 }
	Port: fb_347 | {3 }
	Port: fb_348 | {3 }
	Port: fb_349 | {3 }
	Port: fb_350 | {3 }
	Port: fb_351 | {3 }
	Port: fb_352 | {3 }
	Port: fb_353 | {3 }
	Port: fb_354 | {3 }
	Port: fb_355 | {3 }
	Port: fb_356 | {3 }
	Port: fb_357 | {3 }
	Port: fb_358 | {3 }
	Port: fb_359 | {3 }
	Port: fb_360 | {3 }
	Port: fb_361 | {3 }
	Port: fb_362 | {3 }
	Port: fb_363 | {3 }
	Port: fb_364 | {3 }
	Port: fb_365 | {3 }
	Port: fb_366 | {3 }
	Port: fb_367 | {3 }
	Port: fb_368 | {3 }
	Port: fb_369 | {3 }
	Port: fb_370 | {3 }
	Port: fb_371 | {3 }
	Port: fb_372 | {3 }
	Port: fb_373 | {3 }
	Port: fb_374 | {3 }
	Port: fb_375 | {3 }
	Port: fb_376 | {3 }
	Port: fb_377 | {3 }
	Port: fb_378 | {3 }
	Port: fb_379 | {3 }
	Port: fb_380 | {3 }
	Port: fb_381 | {3 }
	Port: fb_382 | {3 }
	Port: fb_383 | {3 }
	Port: fb_384 | {3 }
	Port: fb_385 | {3 }
	Port: fb_386 | {3 }
	Port: fb_387 | {3 }
	Port: fb_388 | {3 }
	Port: fb_389 | {3 }
	Port: fb_390 | {3 }
	Port: fb_391 | {3 }
	Port: fb_392 | {3 }
	Port: fb_393 | {3 }
	Port: fb_394 | {3 }
	Port: fb_395 | {3 }
	Port: fb_396 | {3 }
	Port: fb_397 | {3 }
	Port: fb_398 | {3 }
	Port: fb_399 | {3 }
	Port: fb_400 | {3 }
	Port: fb_401 | {3 }
	Port: fb_402 | {3 }
	Port: fb_403 | {3 }
	Port: fb_404 | {3 }
	Port: fb_405 | {3 }
	Port: fb_406 | {3 }
	Port: fb_407 | {3 }
	Port: fb_408 | {3 }
	Port: fb_409 | {3 }
	Port: fb_410 | {3 }
	Port: fb_411 | {3 }
	Port: fb_412 | {3 }
	Port: fb_413 | {3 }
	Port: fb_414 | {3 }
	Port: fb_415 | {3 }
	Port: fb_416 | {3 }
	Port: fb_417 | {3 }
	Port: fb_418 | {3 }
	Port: fb_419 | {3 }
	Port: fb_420 | {3 }
	Port: fb_421 | {3 }
	Port: fb_422 | {3 }
	Port: fb_423 | {3 }
	Port: fb_424 | {3 }
	Port: fb_425 | {3 }
	Port: fb_426 | {3 }
	Port: fb_427 | {3 }
	Port: fb_428 | {3 }
	Port: fb_429 | {3 }
	Port: fb_430 | {3 }
 - Input state : 
  - Chain level:
	State 1
		store_ln0 : 1
		store_ln39 : 1
		store_ln0 : 1
		store_ln40 : 1
		store_ln0 : 1
		store_ln41 : 1
		store_ln42 : 1
	State 2
		icmp_ln39 : 1
		add_ln39_1 : 1
		br_ln39 : 2
		add_ln39 : 1
		icmp_ln40 : 1
		xor_ln39 : 2
		icmp_ln42 : 1
		icmp_ln41 : 1
		and_ln39_1 : 2
		select_ln39_1 : 2
		or_ln40 : 2
		xor_ln40 : 2
		or_ln40_1 : 2
		and_ln39 : 2
		and_ln40 : 2
		or_ln41 : 2
		or_ln41_1 : 2
		select_ln41 : 2
		switch_ln44 : 3
		add_ln42 : 3
		add_ln41_1 : 1
		select_ln41_2 : 2
		add_ln40_1 : 1
		select_ln40_2 : 2
		store_ln39 : 2
		store_ln39 : 3
		store_ln40 : 3
		store_ln41 : 3
		store_ln42 : 4
	State 3
		select_ln39 : 1
		add_ln40 : 2
		select_ln40 : 1
		select_ln40_1 : 3
		add_ln41 : 2
		select_ln41_1 : 3
		zext_ln40 : 4
		fb_addr : 5
		fb_216_addr : 5
		fb_217_addr : 5
		fb_218_addr : 5
		fb_219_addr : 5
		fb_220_addr : 5
		fb_221_addr : 5
		fb_222_addr : 5
		fb_223_addr : 5
		fb_224_addr : 5
		fb_225_addr : 5
		fb_226_addr : 5
		fb_227_addr : 5
		fb_228_addr : 5
		fb_229_addr : 5
		fb_230_addr : 5
		fb_231_addr : 5
		fb_232_addr : 5
		fb_233_addr : 5
		fb_234_addr : 5
		fb_235_addr : 5
		fb_236_addr : 5
		fb_237_addr : 5
		fb_238_addr : 5
		fb_239_addr : 5
		fb_240_addr : 5
		fb_241_addr : 5
		fb_242_addr : 5
		fb_243_addr : 5
		fb_244_addr : 5
		fb_245_addr : 5
		fb_246_addr : 5
		fb_247_addr : 5
		fb_248_addr : 5
		fb_249_addr : 5
		fb_250_addr : 5
		fb_251_addr : 5
		fb_252_addr : 5
		fb_253_addr : 5
		fb_254_addr : 5
		fb_255_addr : 5
		fb_256_addr : 5
		fb_257_addr : 5
		fb_258_addr : 5
		fb_259_addr : 5
		fb_260_addr : 5
		fb_261_addr : 5
		fb_262_addr : 5
		fb_263_addr : 5
		fb_264_addr : 5
		fb_265_addr : 5
		fb_266_addr : 5
		fb_267_addr : 5
		fb_268_addr : 5
		fb_269_addr : 5
		fb_270_addr : 5
		fb_271_addr : 5
		fb_272_addr : 5
		fb_273_addr : 5
		fb_274_addr : 5
		fb_275_addr : 5
		fb_276_addr : 5
		fb_277_addr : 5
		fb_278_addr : 5
		fb_279_addr : 5
		fb_280_addr : 5
		fb_281_addr : 5
		fb_282_addr : 5
		fb_283_addr : 5
		fb_284_addr : 5
		fb_285_addr : 5
		fb_286_addr : 5
		fb_287_addr : 5
		fb_288_addr : 5
		fb_289_addr : 5
		fb_290_addr : 5
		fb_291_addr : 5
		fb_292_addr : 5
		fb_293_addr : 5
		fb_294_addr : 5
		fb_295_addr : 5
		fb_296_addr : 5
		fb_297_addr : 5
		fb_298_addr : 5
		fb_299_addr : 5
		fb_300_addr : 5
		fb_301_addr : 5
		fb_302_addr : 5
		fb_303_addr : 5
		fb_304_addr : 5
		fb_305_addr : 5
		fb_306_addr : 5
		fb_307_addr : 5
		fb_308_addr : 5
		fb_309_addr : 5
		fb_310_addr : 5
		fb_311_addr : 5
		fb_312_addr : 5
		fb_313_addr : 5
		fb_314_addr : 5
		fb_315_addr : 5
		fb_316_addr : 5
		fb_317_addr : 5
		fb_318_addr : 5
		fb_319_addr : 5
		fb_320_addr : 5
		fb_321_addr : 5
		fb_322_addr : 5
		fb_323_addr : 5
		fb_324_addr : 5
		fb_325_addr : 5
		fb_326_addr : 5
		fb_327_addr : 5
		fb_328_addr : 5
		fb_329_addr : 5
		fb_330_addr : 5
		fb_331_addr : 5
		fb_332_addr : 5
		fb_333_addr : 5
		fb_334_addr : 5
		fb_335_addr : 5
		fb_336_addr : 5
		fb_337_addr : 5
		fb_338_addr : 5
		fb_339_addr : 5
		fb_340_addr : 5
		fb_341_addr : 5
		fb_342_addr : 5
		fb_343_addr : 5
		fb_344_addr : 5
		fb_345_addr : 5
		fb_346_addr : 5
		fb_347_addr : 5
		fb_348_addr : 5
		fb_349_addr : 5
		fb_350_addr : 5
		fb_351_addr : 5
		fb_352_addr : 5
		fb_353_addr : 5
		fb_354_addr : 5
		fb_355_addr : 5
		fb_356_addr : 5
		fb_357_addr : 5
		fb_358_addr : 5
		fb_359_addr : 5
		fb_360_addr : 5
		fb_361_addr : 5
		fb_362_addr : 5
		fb_363_addr : 5
		fb_364_addr : 5
		fb_365_addr : 5
		fb_366_addr : 5
		fb_367_addr : 5
		fb_368_addr : 5
		fb_369_addr : 5
		fb_370_addr : 5
		fb_371_addr : 5
		fb_372_addr : 5
		fb_373_addr : 5
		fb_374_addr : 5
		fb_375_addr : 5
		fb_376_addr : 5
		fb_377_addr : 5
		fb_378_addr : 5
		fb_379_addr : 5
		fb_380_addr : 5
		fb_381_addr : 5
		fb_382_addr : 5
		fb_383_addr : 5
		fb_384_addr : 5
		fb_385_addr : 5
		fb_386_addr : 5
		fb_387_addr : 5
		fb_388_addr : 5
		fb_389_addr : 5
		fb_390_addr : 5
		fb_391_addr : 5
		fb_392_addr : 5
		fb_393_addr : 5
		fb_394_addr : 5
		fb_395_addr : 5
		fb_396_addr : 5
		fb_397_addr : 5
		fb_398_addr : 5
		fb_399_addr : 5
		fb_400_addr : 5
		fb_401_addr : 5
		fb_402_addr : 5
		fb_403_addr : 5
		fb_404_addr : 5
		fb_405_addr : 5
		fb_406_addr : 5
		fb_407_addr : 5
		fb_408_addr : 5
		fb_409_addr : 5
		fb_410_addr : 5
		fb_411_addr : 5
		fb_412_addr : 5
		fb_413_addr : 5
		fb_414_addr : 5
		fb_415_addr : 5
		fb_416_addr : 5
		fb_417_addr : 5
		fb_418_addr : 5
		fb_419_addr : 5
		fb_420_addr : 5
		fb_421_addr : 5
		fb_422_addr : 5
		fb_423_addr : 5
		fb_424_addr : 5
		fb_425_addr : 5
		fb_426_addr : 5
		fb_427_addr : 5
		fb_428_addr : 5
		fb_429_addr : 5
		fb_430_addr : 5
		switch_ln44 : 4
		store_ln44 : 6
		store_ln44 : 6
		store_ln44 : 6
		store_ln44 : 6
		store_ln44 : 6
		store_ln44 : 6
		store_ln44 : 6
		store_ln44 : 6
		store_ln44 : 6
		store_ln44 : 6
		store_ln44 : 6
		store_ln44 : 6
		store_ln44 : 6
		store_ln44 : 6
		store_ln44 : 6
		store_ln44 : 6
		store_ln44 : 6
		store_ln44 : 6
		store_ln44 : 6
		store_ln44 : 6
		store_ln44 : 6
		store_ln44 : 6
		store_ln44 : 6
		store_ln44 : 6
		store_ln44 : 6
		store_ln44 : 6
		store_ln44 : 6
		store_ln44 : 6
		store_ln44 : 6
		store_ln44 : 6
		store_ln44 : 6
		store_ln44 : 6
		store_ln44 : 6
		store_ln44 : 6
		store_ln44 : 6
		store_ln44 : 6
		store_ln44 : 6
		store_ln44 : 6
		store_ln44 : 6
		store_ln44 : 6
		store_ln44 : 6
		store_ln44 : 6
		store_ln44 : 6
		store_ln44 : 6
		store_ln44 : 6
		store_ln44 : 6
		store_ln44 : 6
		store_ln44 : 6
		store_ln44 : 6
		store_ln44 : 6
		store_ln44 : 6
		store_ln44 : 6
		store_ln44 : 6
		store_ln44 : 6
		store_ln44 : 6
		store_ln44 : 6
		store_ln44 : 6
		store_ln44 : 6
		store_ln44 : 6
		store_ln44 : 6
		store_ln44 : 6
		store_ln44 : 6
		store_ln44 : 6
		store_ln44 : 6
		store_ln44 : 6
		store_ln44 : 6
		store_ln44 : 6
		store_ln44 : 6
		store_ln44 : 6
		store_ln44 : 6
		store_ln44 : 6
		store_ln44 : 6
		switch_ln44 : 4
		store_ln44 : 6
		store_ln44 : 6
		store_ln44 : 6
		store_ln44 : 6
		store_ln44 : 6
		store_ln44 : 6
		store_ln44 : 6
		store_ln44 : 6
		store_ln44 : 6
		store_ln44 : 6
		store_ln44 : 6
		store_ln44 : 6
		store_ln44 : 6
		store_ln44 : 6
		store_ln44 : 6
		store_ln44 : 6
		store_ln44 : 6
		store_ln44 : 6
		store_ln44 : 6
		store_ln44 : 6
		store_ln44 : 6
		store_ln44 : 6
		store_ln44 : 6
		store_ln44 : 6
		store_ln44 : 6
		store_ln44 : 6
		store_ln44 : 6
		store_ln44 : 6
		store_ln44 : 6
		store_ln44 : 6
		store_ln44 : 6
		store_ln44 : 6
		store_ln44 : 6
		store_ln44 : 6
		store_ln44 : 6
		store_ln44 : 6
		store_ln44 : 6
		store_ln44 : 6
		store_ln44 : 6
		store_ln44 : 6
		store_ln44 : 6
		store_ln44 : 6
		store_ln44 : 6
		store_ln44 : 6
		store_ln44 : 6
		store_ln44 : 6
		store_ln44 : 6
		store_ln44 : 6
		store_ln44 : 6
		store_ln44 : 6
		store_ln44 : 6
		store_ln44 : 6
		store_ln44 : 6
		store_ln44 : 6
		store_ln44 : 6
		store_ln44 : 6
		store_ln44 : 6
		store_ln44 : 6
		store_ln44 : 6
		store_ln44 : 6
		store_ln44 : 6
		store_ln44 : 6
		store_ln44 : 6
		store_ln44 : 6
		store_ln44 : 6
		store_ln44 : 6
		store_ln44 : 6
		store_ln44 : 6
		store_ln44 : 6
		store_ln44 : 6
		store_ln44 : 6
		store_ln44 : 6
		switch_ln44 : 4
		store_ln44 : 6
		store_ln44 : 6
		store_ln44 : 6
		store_ln44 : 6
		store_ln44 : 6
		store_ln44 : 6
		store_ln44 : 6
		store_ln44 : 6
		store_ln44 : 6
		store_ln44 : 6
		store_ln44 : 6
		store_ln44 : 6
		store_ln44 : 6
		store_ln44 : 6
		store_ln44 : 6
		store_ln44 : 6
		store_ln44 : 6
		store_ln44 : 6
		store_ln44 : 6
		store_ln44 : 6
		store_ln44 : 6
		store_ln44 : 6
		store_ln44 : 6
		store_ln44 : 6
		store_ln44 : 6
		store_ln44 : 6
		store_ln44 : 6
		store_ln44 : 6
		store_ln44 : 6
		store_ln44 : 6
		store_ln44 : 6
		store_ln44 : 6
		store_ln44 : 6
		store_ln44 : 6
		store_ln44 : 6
		store_ln44 : 6
		store_ln44 : 6
		store_ln44 : 6
		store_ln44 : 6
		store_ln44 : 6
		store_ln44 : 6
		store_ln44 : 6
		store_ln44 : 6
		store_ln44 : 6
		store_ln44 : 6
		store_ln44 : 6
		store_ln44 : 6
		store_ln44 : 6
		store_ln44 : 6
		store_ln44 : 6
		store_ln44 : 6
		store_ln44 : 6
		store_ln44 : 6
		store_ln44 : 6
		store_ln44 : 6
		store_ln44 : 6
		store_ln44 : 6
		store_ln44 : 6
		store_ln44 : 6
		store_ln44 : 6
		store_ln44 : 6
		store_ln44 : 6
		store_ln44 : 6
		store_ln44 : 6
		store_ln44 : 6
		store_ln44 : 6
		store_ln44 : 6
		store_ln44 : 6
		store_ln44 : 6
		store_ln44 : 6
		store_ln44 : 6
		store_ln44 : 6
		store_ln40 : 4
		store_ln41 : 4


============================================================
+ Verbose Summary: Datapath Resource usage 
============================================================

* Functional unit list:
|----------|-----------------------|---------|---------|
| Operation|    Functional Unit    |    FF   |   LUT   |
|----------|-----------------------|---------|---------|
|          |   add_ln39_1_fu_3612  |    0    |    18   |
|          |    add_ln39_fu_3624   |    0    |    9    |
|          |    add_ln42_fu_3718   |    0    |    12   |
|    add   |   add_ln41_1_fu_3724  |    0    |    14   |
|          |   add_ln40_1_fu_3738  |    0    |    17   |
|          |    add_ln40_fu_3790   |    0    |    10   |
|          |    add_ln41_fu_3810   |    0    |    10   |
|----------|-----------------------|---------|---------|
|          |   icmp_ln39_fu_3606   |    0    |    18   |
|   icmp   |   icmp_ln40_fu_3630   |    0    |    17   |
|          |   icmp_ln42_fu_3642   |    0    |    12   |
|          |   icmp_ln41_fu_3648   |    0    |    14   |
|----------|-----------------------|---------|---------|
|          | select_ln39_1_fu_3660 |    0    |    2    |
|          |  select_ln41_fu_3710  |    0    |    4    |
|          | select_ln41_2_fu_3730 |    0    |    7    |
|  select  | select_ln40_2_fu_3744 |    0    |    10   |
|          |  select_ln39_fu_3783  |    0    |    3    |
|          |  select_ln40_fu_3796  |    0    |    3    |
|          | select_ln40_1_fu_3803 |    0    |    3    |
|          | select_ln41_1_fu_3816 |    0    |    3    |
|----------|-----------------------|---------|---------|
|          |    or_ln40_fu_3668    |    0    |    2    |
|    or    |   or_ln40_1_fu_3680   |    0    |    2    |
|          |    or_ln41_fu_3698    |    0    |    2    |
|          |   or_ln41_1_fu_3704   |    0    |    2    |
|----------|-----------------------|---------|---------|
|          |   and_ln39_1_fu_3654  |    0    |    2    |
|    and   |    and_ln39_fu_3686   |    0    |    2    |
|          |    and_ln40_fu_3692   |    0    |    2    |
|----------|-----------------------|---------|---------|
|    xor   |    xor_ln39_fu_3636   |    0    |    2    |
|          |    xor_ln40_fu_3674   |    0    |    2    |
|----------|-----------------------|---------|---------|
|   zext   |   zext_ln40_fu_3823   |    0    |    0    |
|----------|-----------------------|---------|---------|
|   Total  |                       |    0    |   204   |
|----------|-----------------------|---------|---------|

Memories:
N/A

* Register list:
+-------------------------+--------+
|                         |   FF   |
+-------------------------+--------+
|   and_ln39_1_reg_4110   |    1   |
|    and_ln40_reg_4124    |    1   |
|        c_reg_4053       |    4   |
|    icmp_ln40_reg_4105   |    1   |
|indvar_flatten12_reg_4081|   10   |
|indvar_flatten33_reg_4095|   11   |
| indvar_flatten_reg_4067 |    7   |
|     or_ln40_reg_4119    |    1   |
|        s_reg_4088       |    2   |
|  select_ln39_1_reg_4115 |    2   |
|   select_ln41_reg_4129  |    4   |
|        x_reg_4060       |    3   |
|        y_reg_4074       |    3   |
+-------------------------+--------+
|          Total          |   50   |
+-------------------------+--------+

* Multiplexer (MUX) list: 
|--------|------|------|------|--------|
|  Comp  |  Pin | Size |  BW  | S x BW |
|--------|------|------|------|--------|
|  Total |      |      |      |    0   |
|--------|------|------|------|--------|



* Summary:
+-----------+--------+--------+
|           |   FF   |   LUT  |
+-----------+--------+--------+
|  Function |    0   |   204  |
|   Memory  |    -   |    -   |
|Multiplexer|    -   |    -   |
|  Register |   50   |    -   |
+-----------+--------+--------+
|   Total   |   50   |   204  |
+-----------+--------+--------+
