

================================================================
== Vitis HLS Report for 'conv3d_hidden_layer_1_s'
================================================================
* Date:           Thu Sep  3 17:05:56 2026

* Version:        2023.2 (Build 4023990 on Oct 11 2023)
* Project:        predecoder_csynth_proj
* Solution:       solution1 (Vitis Kernel Flow Target)
* Product family: virtexuplusHBM
* Target device:  xcu55c-fsvh2892-2L-e


================================================================
== Performance Estimates
================================================================
+ Timing: 
    * Summary: 
    +--------+---------+----------+------------+
    |  Clock |  Target | Estimated| Uncertainty|
    +--------+---------+----------+------------+
    |ap_clk  |  3.33 ns|  2.608 ns|     0.90 ns|
    +--------+---------+----------+------------+

+ Latency: 
    * Summary: 
    +---------+---------+----------+-----------+-----+-------+---------+
    |  Latency (cycles) |  Latency (absolute)  |   Interval  | Pipeline|
    |   min   |   max   |    min   |    max    | min |  max  |   Type  |
    +---------+---------+----------+-----------+-----+-------+---------+
    |      133|    23086|  0.443 us|  76.876 us|  133|  23086|       no|
    +---------+---------+----------+-----------+-----+-------+---------+

    + Detail: 
        * Instance: 
        +---------------------------------------------------------------------------------+----------------------------------------------------------------------+---------+---------+-----------+-----------+-----+-----+---------+
        |                                                                                 |                                                                      |  Latency (cycles) |   Latency (absolute)  |  Interval | Pipeline|
        |                                     Instance                                    |                                Module                                |   min   |   max   |    min    |    max    | min | max |   Type  |
        +---------------------------------------------------------------------------------+----------------------------------------------------------------------+---------+---------+-----------+-----------+-----+-----+---------+
        |grp_conv3d_hidden_layer_1_Pipeline_RESET_VITIS_LOOP_40_1_VITIS_LOOP_41_2_fu_587  |conv3d_hidden_layer_1_Pipeline_RESET_VITIS_LOOP_40_1_VITIS_LOOP_41_2  |      110|      110|   0.366 us|   0.366 us|  110|  110|       no|
        |grp_conv3d_hidden_layer_1_Pipeline_VITIS_LOOP_46_1_VITIS_LOOP_47_2_fu_627        |conv3d_hidden_layer_1_Pipeline_VITIS_LOOP_46_1_VITIS_LOOP_47_2        |       38|       38|   0.127 us|   0.127 us|   38|   38|       no|
        |grp_conv3d_hidden_layer_1_Pipeline_VITIS_LOOP_89_1_VITIS_LOOP_90_2_fu_652        |conv3d_hidden_layer_1_Pipeline_VITIS_LOOP_89_1_VITIS_LOOP_90_2        |       47|       47|   0.157 us|   0.157 us|   47|   47|       no|
        |grp_conv3d_hidden_layer_1_Pipeline_OC_LOOP_fu_682                                |conv3d_hidden_layer_1_Pipeline_OC_LOOP                                |       27|       27|  89.910 ns|  89.910 ns|   27|   27|       no|
        +---------------------------------------------------------------------------------+----------------------------------------------------------------------+---------+---------+-----------+-----------+-----+-----+---------+

        * Loop: 
        +------------------------------+---------+---------+----------+-----------+-----------+------+----------+
        |                              |  Latency (cycles) | Iteration|  Initiation Interval  | Trip |          |
        |           Loop Name          |   min   |   max   |  Latency |  achieved |   target  | Count| Pipelined|
        +------------------------------+---------+---------+----------+-----------+-----------+------+----------+
        |- CONV_T                      |       21|    22974|  3 ~ 3282|          -|          -|     7|        no|
        | + CONV_EMIT_VITIS_LOOP_63_4  |     3240|     3240|        90|          -|          -|    36|        no|
        +------------------------------+---------+---------+----------+-----------+-----------+------+----------+

============================================================
+ Verbose Summary: Synthesis Manager
============================================================
InlineROM: 1
ExposeGlobal: 0
============================================================
+ Verbose Summary: CDFG Model
============================================================
IsTopModel: 0
ResetActiveHigh: 1
IsCombinational: 2
IsDatapathOnly: 0
HasWiredReturn: 1
HasMFsm: 0
HasVarLatency: 1
IsPipeline: 0
IsRtlPipelined: 0
IsInstanceOverlapped: 0
IsDontTouch: 0
HasImplIP: 0
IsGatedGlobalClock: 0


============================================================
+ Verbose Summary: Schedule
============================================================
* Number of FSM states : 21
* Pipeline : 0
* Dataflow Pipeline: 0

* FSM state transitions: 
1 --> 2 
2 --> 3 
3 --> 4 5 
4 --> 5 
5 --> 6 
6 --> 7 3 
7 --> 8 
8 --> 9 
9 --> 10 
10 --> 11 
11 --> 12 
12 --> 13 
13 --> 14 
14 --> 15 
15 --> 16 
16 --> 17 
17 --> 18 
18 --> 19 
19 --> 20 
20 --> 21 
21 --> 6 

* FSM state operations: 

State 1 <SV = 0> <Delay = 0.66>
ST_1 : Operation 22 [1/1] (0.00ns)   --->   "%t = alloca i32 1" [predecoder_kernel.cpp:43]   --->   Operation 22 'alloca' 't' <Predicate = true> <Delay = 0.00>
ST_1 : Operation 23 [1/1] (0.66ns)   --->   "%fb_0 = alloca i64 1" [predecoder_kernel.cpp:40]   --->   Operation 23 'alloca' 'fb_0' <Predicate = true> <Delay = 0.66>
ST_1 : Operation 24 [1/1] (0.66ns)   --->   "%fb_0_1 = alloca i64 1" [predecoder_kernel.cpp:40]   --->   Operation 24 'alloca' 'fb_0_1' <Predicate = true> <Delay = 0.66>
ST_1 : Operation 25 [1/1] (0.66ns)   --->   "%fb_0_2 = alloca i64 1" [predecoder_kernel.cpp:40]   --->   Operation 25 'alloca' 'fb_0_2' <Predicate = true> <Delay = 0.66>
ST_1 : Operation 26 [1/1] (0.66ns)   --->   "%fb_0_3 = alloca i64 1" [predecoder_kernel.cpp:40]   --->   Operation 26 'alloca' 'fb_0_3' <Predicate = true> <Delay = 0.66>
ST_1 : Operation 27 [1/1] (0.66ns)   --->   "%fb_0_4 = alloca i64 1" [predecoder_kernel.cpp:40]   --->   Operation 27 'alloca' 'fb_0_4' <Predicate = true> <Delay = 0.66>
ST_1 : Operation 28 [1/1] (0.66ns)   --->   "%fb_0_5 = alloca i64 1" [predecoder_kernel.cpp:40]   --->   Operation 28 'alloca' 'fb_0_5' <Predicate = true> <Delay = 0.66>
ST_1 : Operation 29 [1/1] (0.66ns)   --->   "%fb_0_6 = alloca i64 1" [predecoder_kernel.cpp:40]   --->   Operation 29 'alloca' 'fb_0_6' <Predicate = true> <Delay = 0.66>
ST_1 : Operation 30 [1/1] (0.66ns)   --->   "%fb_0_7 = alloca i64 1" [predecoder_kernel.cpp:40]   --->   Operation 30 'alloca' 'fb_0_7' <Predicate = true> <Delay = 0.66>
ST_1 : Operation 31 [1/1] (0.66ns)   --->   "%fb_0_8 = alloca i64 1" [predecoder_kernel.cpp:40]   --->   Operation 31 'alloca' 'fb_0_8' <Predicate = true> <Delay = 0.66>
ST_1 : Operation 32 [1/1] (0.66ns)   --->   "%fb_0_9 = alloca i64 1" [predecoder_kernel.cpp:40]   --->   Operation 32 'alloca' 'fb_0_9' <Predicate = true> <Delay = 0.66>
ST_1 : Operation 33 [1/1] (0.66ns)   --->   "%fb_0_10 = alloca i64 1" [predecoder_kernel.cpp:40]   --->   Operation 33 'alloca' 'fb_0_10' <Predicate = true> <Delay = 0.66>
ST_1 : Operation 34 [1/1] (0.66ns)   --->   "%fb_0_11 = alloca i64 1" [predecoder_kernel.cpp:40]   --->   Operation 34 'alloca' 'fb_0_11' <Predicate = true> <Delay = 0.66>
ST_1 : Operation 35 [1/1] (0.66ns)   --->   "%fb_0_12 = alloca i64 1" [predecoder_kernel.cpp:40]   --->   Operation 35 'alloca' 'fb_0_12' <Predicate = true> <Delay = 0.66>
ST_1 : Operation 36 [1/1] (0.66ns)   --->   "%fb_0_13 = alloca i64 1" [predecoder_kernel.cpp:40]   --->   Operation 36 'alloca' 'fb_0_13' <Predicate = true> <Delay = 0.66>
ST_1 : Operation 37 [1/1] (0.66ns)   --->   "%fb_0_14 = alloca i64 1" [predecoder_kernel.cpp:40]   --->   Operation 37 'alloca' 'fb_0_14' <Predicate = true> <Delay = 0.66>
ST_1 : Operation 38 [1/1] (0.66ns)   --->   "%fb_0_15 = alloca i64 1" [predecoder_kernel.cpp:40]   --->   Operation 38 'alloca' 'fb_0_15' <Predicate = true> <Delay = 0.66>
ST_1 : Operation 39 [1/1] (0.66ns)   --->   "%fb_0_16 = alloca i64 1" [predecoder_kernel.cpp:40]   --->   Operation 39 'alloca' 'fb_0_16' <Predicate = true> <Delay = 0.66>
ST_1 : Operation 40 [1/1] (0.66ns)   --->   "%fb_0_17 = alloca i64 1" [predecoder_kernel.cpp:40]   --->   Operation 40 'alloca' 'fb_0_17' <Predicate = true> <Delay = 0.66>
ST_1 : Operation 41 [1/1] (0.66ns)   --->   "%window_0 = alloca i64 1" [predecoder_kernel.cpp:64]   --->   Operation 41 'alloca' 'window_0' <Predicate = true> <Delay = 0.66> <CoreInst = "RAM">   --->   Core 83 'RAM' <Latency = 1> <II = 1> <Delay = 0.66> <Storage> <Opcode : 'load' 'store'> <Ports = 2> <Width = 8> <Depth = 9> <RAM>
ST_1 : Operation 42 [1/1] (0.66ns)   --->   "%window_0_1 = alloca i64 1" [predecoder_kernel.cpp:64]   --->   Operation 42 'alloca' 'window_0_1' <Predicate = true> <Delay = 0.66> <CoreInst = "RAM">   --->   Core 83 'RAM' <Latency = 1> <II = 1> <Delay = 0.66> <Storage> <Opcode : 'load' 'store'> <Ports = 2> <Width = 8> <Depth = 9> <RAM>
ST_1 : Operation 43 [1/1] (0.66ns)   --->   "%window_0_2 = alloca i64 1" [predecoder_kernel.cpp:64]   --->   Operation 43 'alloca' 'window_0_2' <Predicate = true> <Delay = 0.66> <CoreInst = "RAM">   --->   Core 83 'RAM' <Latency = 1> <II = 1> <Delay = 0.66> <Storage> <Opcode : 'load' 'store'> <Ports = 2> <Width = 8> <Depth = 9> <RAM>
ST_1 : Operation 44 [1/1] (0.66ns)   --->   "%out = alloca i64 1" [predecoder_kernel.cpp:67]   --->   Operation 44 'alloca' 'out' <Predicate = true> <Delay = 0.66> <CoreInst = "RAM">   --->   Core 83 'RAM' <Latency = 1> <II = 1> <Delay = 0.66> <Storage> <Opcode : 'load' 'store'> <Ports = 2> <Width = 8> <Depth = 12> <RAM>
ST_1 : Operation 45 [2/2] (0.00ns)   --->   "%call_ln0 = call void @conv3d_hidden_layer<1>_Pipeline_RESET_VITIS_LOOP_40_1_VITIS_LOOP_41_2, i8 %fb_0, i8 %fb_0_1, i8 %fb_0_2, i8 %fb_0_3, i8 %fb_0_4, i8 %fb_0_5, i8 %fb_0_6, i8 %fb_0_7, i8 %fb_0_8, i8 %fb_0_9, i8 %fb_0_10, i8 %fb_0_11, i8 %fb_0_12, i8 %fb_0_13, i8 %fb_0_14, i8 %fb_0_15, i8 %fb_0_16, i8 %fb_0_17"   --->   Operation 45 'call' 'call_ln0' <Predicate = true> <Delay = 0.00> <CoreType = "Generic">   --->   Core 0 '' <Latency = 0> <II = 1> <Delay = 1.00> <Generic> <Opcode : >
ST_1 : Operation 46 [1/1] (0.38ns)   --->   "%store_ln43 = store i3 0, i3 %t" [predecoder_kernel.cpp:43]   --->   Operation 46 'store' 'store_ln43' <Predicate = true> <Delay = 0.38>

State 2 <SV = 1> <Delay = 0.00>
ST_2 : Operation 47 [1/1] (0.00ns)   --->   "%specinterface_ln0 = specinterface void @_ssdm_op_SpecInterface, i96 %s1, void @empty_1, i32 0, i32 0, void @empty_5, i32 0, i32 0, void @empty_5, void @empty_5, void @empty_5, i32 0, i32 0, i32 0, i32 0, void @empty_5, void @empty_5, i32 4294967295, i32 0"   --->   Operation 47 'specinterface' 'specinterface_ln0' <Predicate = true> <Delay = 0.00>
ST_2 : Operation 48 [1/1] (0.00ns)   --->   "%specinterface_ln0 = specinterface void @_ssdm_op_SpecInterface, i96 %s0, void @empty_1, i32 0, i32 0, void @empty_5, i32 0, i32 0, void @empty_5, void @empty_5, void @empty_5, i32 0, i32 0, i32 0, i32 0, void @empty_5, void @empty_5, i32 4294967295, i32 0"   --->   Operation 48 'specinterface' 'specinterface_ln0' <Predicate = true> <Delay = 0.00>
ST_2 : Operation 49 [1/1] (0.00ns)   --->   "%window_0_addr = getelementptr i8 %window_0, i64 0, i64 0"   --->   Operation 49 'getelementptr' 'window_0_addr' <Predicate = true> <Delay = 0.00>
ST_2 : Operation 50 [1/1] (0.00ns)   --->   "%window_0_addr_1 = getelementptr i8 %window_0, i64 0, i64 1"   --->   Operation 50 'getelementptr' 'window_0_addr_1' <Predicate = true> <Delay = 0.00>
ST_2 : Operation 51 [1/1] (0.00ns)   --->   "%window_0_addr_2 = getelementptr i8 %window_0, i64 0, i64 2"   --->   Operation 51 'getelementptr' 'window_0_addr_2' <Predicate = true> <Delay = 0.00>
ST_2 : Operation 52 [1/1] (0.00ns)   --->   "%window_0_addr_3 = getelementptr i8 %window_0, i64 0, i64 3"   --->   Operation 52 'getelementptr' 'window_0_addr_3' <Predicate = true> <Delay = 0.00>
ST_2 : Operation 53 [1/1] (0.00ns)   --->   "%window_0_addr_4 = getelementptr i8 %window_0, i64 0, i64 4"   --->   Operation 53 'getelementptr' 'window_0_addr_4' <Predicate = true> <Delay = 0.00>
ST_2 : Operation 54 [1/1] (0.00ns)   --->   "%window_0_addr_5 = getelementptr i8 %window_0, i64 0, i64 5"   --->   Operation 54 'getelementptr' 'window_0_addr_5' <Predicate = true> <Delay = 0.00>
ST_2 : Operation 55 [1/1] (0.00ns)   --->   "%window_0_addr_6 = getelementptr i8 %window_0, i64 0, i64 6"   --->   Operation 55 'getelementptr' 'window_0_addr_6' <Predicate = true> <Delay = 0.00>
ST_2 : Operation 56 [1/1] (0.00ns)   --->   "%window_0_addr_7 = getelementptr i8 %window_0, i64 0, i64 7"   --->   Operation 56 'getelementptr' 'window_0_addr_7' <Predicate = true> <Delay = 0.00>
ST_2 : Operation 57 [1/1] (0.00ns)   --->   "%window_0_addr_8 = getelementptr i8 %window_0, i64 0, i64 8"   --->   Operation 57 'getelementptr' 'window_0_addr_8' <Predicate = true> <Delay = 0.00>
ST_2 : Operation 58 [1/1] (0.00ns)   --->   "%window_0_1_addr = getelementptr i8 %window_0_1, i64 0, i64 0"   --->   Operation 58 'getelementptr' 'window_0_1_addr' <Predicate = true> <Delay = 0.00>
ST_2 : Operation 59 [1/1] (0.00ns)   --->   "%window_0_1_addr_1 = getelementptr i8 %window_0_1, i64 0, i64 1"   --->   Operation 59 'getelementptr' 'window_0_1_addr_1' <Predicate = true> <Delay = 0.00>
ST_2 : Operation 60 [1/1] (0.00ns)   --->   "%window_0_1_addr_2 = getelementptr i8 %window_0_1, i64 0, i64 2"   --->   Operation 60 'getelementptr' 'window_0_1_addr_2' <Predicate = true> <Delay = 0.00>
ST_2 : Operation 61 [1/1] (0.00ns)   --->   "%window_0_1_addr_3 = getelementptr i8 %window_0_1, i64 0, i64 3"   --->   Operation 61 'getelementptr' 'window_0_1_addr_3' <Predicate = true> <Delay = 0.00>
ST_2 : Operation 62 [1/1] (0.00ns)   --->   "%window_0_1_addr_4 = getelementptr i8 %window_0_1, i64 0, i64 4"   --->   Operation 62 'getelementptr' 'window_0_1_addr_4' <Predicate = true> <Delay = 0.00>
ST_2 : Operation 63 [1/1] (0.00ns)   --->   "%window_0_1_addr_5 = getelementptr i8 %window_0_1, i64 0, i64 5"   --->   Operation 63 'getelementptr' 'window_0_1_addr_5' <Predicate = true> <Delay = 0.00>
ST_2 : Operation 64 [1/1] (0.00ns)   --->   "%window_0_1_addr_6 = getelementptr i8 %window_0_1, i64 0, i64 6"   --->   Operation 64 'getelementptr' 'window_0_1_addr_6' <Predicate = true> <Delay = 0.00>
ST_2 : Operation 65 [1/1] (0.00ns)   --->   "%window_0_1_addr_7 = getelementptr i8 %window_0_1, i64 0, i64 7"   --->   Operation 65 'getelementptr' 'window_0_1_addr_7' <Predicate = true> <Delay = 0.00>
ST_2 : Operation 66 [1/1] (0.00ns)   --->   "%window_0_1_addr_8 = getelementptr i8 %window_0_1, i64 0, i64 8"   --->   Operation 66 'getelementptr' 'window_0_1_addr_8' <Predicate = true> <Delay = 0.00>
ST_2 : Operation 67 [1/1] (0.00ns)   --->   "%window_0_2_addr = getelementptr i8 %window_0_2, i64 0, i64 0"   --->   Operation 67 'getelementptr' 'window_0_2_addr' <Predicate = true> <Delay = 0.00>
ST_2 : Operation 68 [1/1] (0.00ns)   --->   "%window_0_2_addr_1 = getelementptr i8 %window_0_2, i64 0, i64 1"   --->   Operation 68 'getelementptr' 'window_0_2_addr_1' <Predicate = true> <Delay = 0.00>
ST_2 : Operation 69 [1/1] (0.00ns)   --->   "%window_0_2_addr_2 = getelementptr i8 %window_0_2, i64 0, i64 2"   --->   Operation 69 'getelementptr' 'window_0_2_addr_2' <Predicate = true> <Delay = 0.00>
ST_2 : Operation 70 [1/1] (0.00ns)   --->   "%window_0_2_addr_3 = getelementptr i8 %window_0_2, i64 0, i64 3"   --->   Operation 70 'getelementptr' 'window_0_2_addr_3' <Predicate = true> <Delay = 0.00>
ST_2 : Operation 71 [1/1] (0.00ns)   --->   "%window_0_2_addr_4 = getelementptr i8 %window_0_2, i64 0, i64 4"   --->   Operation 71 'getelementptr' 'window_0_2_addr_4' <Predicate = true> <Delay = 0.00>
ST_2 : Operation 72 [1/1] (0.00ns)   --->   "%window_0_2_addr_5 = getelementptr i8 %window_0_2, i64 0, i64 5"   --->   Operation 72 'getelementptr' 'window_0_2_addr_5' <Predicate = true> <Delay = 0.00>
ST_2 : Operation 73 [1/1] (0.00ns)   --->   "%window_0_2_addr_6 = getelementptr i8 %window_0_2, i64 0, i64 6"   --->   Operation 73 'getelementptr' 'window_0_2_addr_6' <Predicate = true> <Delay = 0.00>
ST_2 : Operation 74 [1/1] (0.00ns)   --->   "%window_0_2_addr_7 = getelementptr i8 %window_0_2, i64 0, i64 7"   --->   Operation 74 'getelementptr' 'window_0_2_addr_7' <Predicate = true> <Delay = 0.00>
ST_2 : Operation 75 [1/1] (0.00ns)   --->   "%window_0_2_addr_8 = getelementptr i8 %window_0_2, i64 0, i64 8"   --->   Operation 75 'getelementptr' 'window_0_2_addr_8' <Predicate = true> <Delay = 0.00>
ST_2 : Operation 76 [1/2] (0.00ns)   --->   "%call_ln0 = call void @conv3d_hidden_layer<1>_Pipeline_RESET_VITIS_LOOP_40_1_VITIS_LOOP_41_2, i8 %fb_0, i8 %fb_0_1, i8 %fb_0_2, i8 %fb_0_3, i8 %fb_0_4, i8 %fb_0_5, i8 %fb_0_6, i8 %fb_0_7, i8 %fb_0_8, i8 %fb_0_9, i8 %fb_0_10, i8 %fb_0_11, i8 %fb_0_12, i8 %fb_0_13, i8 %fb_0_14, i8 %fb_0_15, i8 %fb_0_16, i8 %fb_0_17"   --->   Operation 76 'call' 'call_ln0' <Predicate = true> <Delay = 0.00> <CoreType = "Generic">   --->   Core 0 '' <Latency = 0> <II = 1> <Delay = 1.00> <Generic> <Opcode : >
ST_2 : Operation 77 [1/1] (0.00ns)   --->   "%out_addr = getelementptr i8 %out, i64 0, i64 0"   --->   Operation 77 'getelementptr' 'out_addr' <Predicate = true> <Delay = 0.00>
ST_2 : Operation 78 [1/1] (0.00ns)   --->   "%out_addr_1 = getelementptr i8 %out, i64 0, i64 1"   --->   Operation 78 'getelementptr' 'out_addr_1' <Predicate = true> <Delay = 0.00>
ST_2 : Operation 79 [1/1] (0.00ns)   --->   "%out_addr_2 = getelementptr i8 %out, i64 0, i64 2"   --->   Operation 79 'getelementptr' 'out_addr_2' <Predicate = true> <Delay = 0.00>
ST_2 : Operation 80 [1/1] (0.00ns)   --->   "%out_addr_3 = getelementptr i8 %out, i64 0, i64 3"   --->   Operation 80 'getelementptr' 'out_addr_3' <Predicate = true> <Delay = 0.00>
ST_2 : Operation 81 [1/1] (0.00ns)   --->   "%out_addr_4 = getelementptr i8 %out, i64 0, i64 4"   --->   Operation 81 'getelementptr' 'out_addr_4' <Predicate = true> <Delay = 0.00>
ST_2 : Operation 82 [1/1] (0.00ns)   --->   "%out_addr_5 = getelementptr i8 %out, i64 0, i64 5"   --->   Operation 82 'getelementptr' 'out_addr_5' <Predicate = true> <Delay = 0.00>
ST_2 : Operation 83 [1/1] (0.00ns)   --->   "%out_addr_6 = getelementptr i8 %out, i64 0, i64 6"   --->   Operation 83 'getelementptr' 'out_addr_6' <Predicate = true> <Delay = 0.00>
ST_2 : Operation 84 [1/1] (0.00ns)   --->   "%out_addr_7 = getelementptr i8 %out, i64 0, i64 7"   --->   Operation 84 'getelementptr' 'out_addr_7' <Predicate = true> <Delay = 0.00>
ST_2 : Operation 85 [1/1] (0.00ns)   --->   "%out_addr_8 = getelementptr i8 %out, i64 0, i64 8"   --->   Operation 85 'getelementptr' 'out_addr_8' <Predicate = true> <Delay = 0.00>
ST_2 : Operation 86 [1/1] (0.00ns)   --->   "%out_addr_9 = getelementptr i8 %out, i64 0, i64 9"   --->   Operation 86 'getelementptr' 'out_addr_9' <Predicate = true> <Delay = 0.00>
ST_2 : Operation 87 [1/1] (0.00ns)   --->   "%out_addr_10 = getelementptr i8 %out, i64 0, i64 10"   --->   Operation 87 'getelementptr' 'out_addr_10' <Predicate = true> <Delay = 0.00>
ST_2 : Operation 88 [1/1] (0.00ns)   --->   "%out_addr_11 = getelementptr i8 %out, i64 0, i64 11"   --->   Operation 88 'getelementptr' 'out_addr_11' <Predicate = true> <Delay = 0.00>
ST_2 : Operation 89 [1/1] (0.00ns)   --->   "%br_ln43 = br void %CONV_WRITE" [predecoder_kernel.cpp:43]   --->   Operation 89 'br' 'br_ln43' <Predicate = true> <Delay = 0.00>

State 3 <SV = 2> <Delay = 1.51>
ST_3 : Operation 90 [1/1] (0.00ns)   --->   "%t_3 = load i3 %t"   --->   Operation 90 'load' 't_3' <Predicate = true> <Delay = 0.00>
ST_3 : Operation 91 [1/1] (0.57ns)   --->   "%icmp_ln43 = icmp_eq  i3 %t_3, i3 7" [predecoder_kernel.cpp:43]   --->   Operation 91 'icmp' 'icmp_ln43' <Predicate = true> <Delay = 0.57> <CoreInst = "Cmp">   --->   Core 9 'Cmp' <Latency = 0> <II = 1> <Delay = 0.57> <FuncUnit> <Opcode : 'icmp'> <InPorts = 2> <OutPorts = 1>
ST_3 : Operation 92 [1/1] (0.00ns)   --->   "%speclooptripcount_ln0 = speclooptripcount void @_ssdm_op_SpecLoopTripCount, i64 7, i64 7, i64 7"   --->   Operation 92 'speclooptripcount' 'speclooptripcount_ln0' <Predicate = true> <Delay = 0.00>
ST_3 : Operation 93 [1/1] (0.57ns)   --->   "%add_ln43 = add i3 %t_3, i3 1" [predecoder_kernel.cpp:43]   --->   Operation 93 'add' 'add_ln43' <Predicate = true> <Delay = 0.57> <CoreInst = "Adder">   --->   Core 1 'Adder' <Latency = 0> <II = 1> <Delay = 0.57> <FuncUnit> <Opcode : 'add' 'sub'> <InPorts = 2> <OutPorts = 1>
ST_3 : Operation 94 [1/1] (0.00ns)   --->   "%br_ln43 = br i1 %icmp_ln43, void %CONV_WRITE.split, void %for.end189" [predecoder_kernel.cpp:43]   --->   Operation 94 'br' 'br_ln43' <Predicate = true> <Delay = 0.00>
ST_3 : Operation 95 [1/1] (0.00ns)   --->   "%zext_ln43 = zext i3 %t_3" [predecoder_kernel.cpp:43]   --->   Operation 95 'zext' 'zext_ln43' <Predicate = (!icmp_ln43)> <Delay = 0.00>
ST_3 : Operation 96 [1/1] (0.00ns)   --->   "%specloopname_ln43 = specloopname void @_ssdm_op_SpecLoopName, void @empty_9" [predecoder_kernel.cpp:43]   --->   Operation 96 'specloopname' 'specloopname_ln43' <Predicate = (!icmp_ln43)> <Delay = 0.00>
ST_3 : Operation 97 [1/1] (0.57ns)   --->   "%icmp_ln45 = icmp_ult  i3 %t_3, i3 6" [predecoder_kernel.cpp:45]   --->   Operation 97 'icmp' 'icmp_ln45' <Predicate = (!icmp_ln43)> <Delay = 0.57> <CoreInst = "Cmp">   --->   Core 9 'Cmp' <Latency = 0> <II = 1> <Delay = 0.57> <FuncUnit> <Opcode : 'icmp'> <InPorts = 2> <OutPorts = 1>
ST_3 : Operation 98 [1/1] (0.00ns)   --->   "%br_ln45 = br i1 %icmp_ln45, void %if.end, void %VITIS_LOOP_46_1" [predecoder_kernel.cpp:45]   --->   Operation 98 'br' 'br_ln45' <Predicate = (!icmp_ln43)> <Delay = 0.00>
ST_3 : Operation 99 [1/1] (0.57ns)   --->   "%empty = icmp_ult  i3 %t_3, i3 3"   --->   Operation 99 'icmp' 'empty' <Predicate = (!icmp_ln43 & icmp_ln45)> <Delay = 0.57> <CoreInst = "Cmp">   --->   Core 9 'Cmp' <Latency = 0> <II = 1> <Delay = 0.57> <FuncUnit> <Opcode : 'icmp'> <InPorts = 2> <OutPorts = 1>
ST_3 : Operation 100 [1/1] (0.00ns)   --->   "%empty_61 = trunc i3 %t_3"   --->   Operation 100 'trunc' 'empty_61' <Predicate = (!icmp_ln43 & icmp_ln45)> <Delay = 0.00>
ST_3 : Operation 101 [1/1] (0.43ns)   --->   "%empty_62 = add i2 %empty_61, i2 1"   --->   Operation 101 'add' 'empty_62' <Predicate = (!icmp_ln43 & icmp_ln45)> <Delay = 0.43> <CoreInst = "Adder">   --->   Core 1 'Adder' <Latency = 0> <II = 1> <Delay = 0.43> <FuncUnit> <Opcode : 'add' 'sub'> <InPorts = 2> <OutPorts = 1>
ST_3 : Operation 102 [1/1] (0.27ns)   --->   "%empty_63 = select i1 %empty, i2 %empty_61, i2 %empty_62"   --->   Operation 102 'select' 'empty_63' <Predicate = (!icmp_ln43 & icmp_ln45)> <Delay = 0.27> <CoreInst = "Sel">   --->   Core 73 'Sel' <Latency = 0> <II = 1> <Delay = 0.27> <FuncUnit> <Opcode : 'select'> <InPorts = 3> <OutPorts = 1>
ST_3 : Operation 103 [1/1] (0.00ns)   --->   "%empty_64 = wait i32 @_ssdm_op_Wait"   --->   Operation 103 'wait' 'empty_64' <Predicate = (!icmp_ln43 & icmp_ln45)> <Delay = 0.00>
ST_3 : Operation 104 [2/2] (0.66ns)   --->   "%call_ln0 = call void @conv3d_hidden_layer<1>_Pipeline_VITIS_LOOP_46_1_VITIS_LOOP_47_2, i8 %fb_0, i8 %fb_0_1, i8 %fb_0_2, i8 %fb_0_3, i8 %fb_0_4, i8 %fb_0_5, i8 %fb_0_6, i8 %fb_0_7, i8 %fb_0_8, i8 %fb_0_9, i8 %fb_0_10, i8 %fb_0_11, i8 %fb_0_12, i8 %fb_0_13, i8 %fb_0_14, i8 %fb_0_15, i8 %fb_0_16, i8 %fb_0_17, i96 %s0, i2 %empty_63"   --->   Operation 104 'call' 'call_ln0' <Predicate = (!icmp_ln43 & icmp_ln45)> <Delay = 0.66> <CoreType = "Generic">   --->   Core 0 '' <Latency = 0> <II = 1> <Delay = 1.00> <Generic> <Opcode : >
ST_3 : Operation 105 [1/1] (0.00ns)   --->   "%ret_ln127 = ret" [predecoder_kernel.cpp:127]   --->   Operation 105 'ret' 'ret_ln127' <Predicate = (icmp_ln43)> <Delay = 0.00>

State 4 <SV = 3> <Delay = 0.00>
ST_4 : Operation 106 [1/2] (0.00ns)   --->   "%call_ln0 = call void @conv3d_hidden_layer<1>_Pipeline_VITIS_LOOP_46_1_VITIS_LOOP_47_2, i8 %fb_0, i8 %fb_0_1, i8 %fb_0_2, i8 %fb_0_3, i8 %fb_0_4, i8 %fb_0_5, i8 %fb_0_6, i8 %fb_0_7, i8 %fb_0_8, i8 %fb_0_9, i8 %fb_0_10, i8 %fb_0_11, i8 %fb_0_12, i8 %fb_0_13, i8 %fb_0_14, i8 %fb_0_15, i8 %fb_0_16, i8 %fb_0_17, i96 %s0, i2 %empty_63"   --->   Operation 106 'call' 'call_ln0' <Predicate = true> <Delay = 0.00> <CoreType = "Generic">   --->   Core 0 '' <Latency = 0> <II = 1> <Delay = 1.00> <Generic> <Opcode : >

State 5 <SV = 4> <Delay = 0.57>
ST_5 : Operation 107 [1/1] (0.00ns)   --->   "%empty_65 = wait i32 @_ssdm_op_Wait"   --->   Operation 107 'wait' 'empty_65' <Predicate = (icmp_ln45)> <Delay = 0.00>
ST_5 : Operation 108 [1/1] (0.00ns)   --->   "%br_ln0 = br void %if.end"   --->   Operation 108 'br' 'br_ln0' <Predicate = (icmp_ln45)> <Delay = 0.00>
ST_5 : Operation 109 [1/1] (0.57ns)   --->   "%add_ln59 = add i4 %zext_ln43, i4 15" [predecoder_kernel.cpp:59]   --->   Operation 109 'add' 'add_ln59' <Predicate = true> <Delay = 0.57> <CoreInst = "Adder">   --->   Core 1 'Adder' <Latency = 0> <II = 1> <Delay = 0.57> <FuncUnit> <Opcode : 'add' 'sub'> <InPorts = 2> <OutPorts = 1>
ST_5 : Operation 110 [1/1] (0.00ns)   --->   "%tmp = bitselect i1 @_ssdm_op_BitSelect.i1.i4.i32, i4 %add_ln59, i32 3" [predecoder_kernel.cpp:60]   --->   Operation 110 'bitselect' 'tmp' <Predicate = true> <Delay = 0.00>
ST_5 : Operation 111 [1/1] (0.00ns)   --->   "%br_ln60 = br i1 %tmp, void %for.body34.preheader, void %cleanup" [predecoder_kernel.cpp:60]   --->   Operation 111 'br' 'br_ln60' <Predicate = true> <Delay = 0.00>
ST_5 : Operation 112 [1/1] (0.38ns)   --->   "%br_ln62 = br void %for.body34" [predecoder_kernel.cpp:62]   --->   Operation 112 'br' 'br_ln62' <Predicate = (!tmp)> <Delay = 0.38>

State 6 <SV = 5> <Delay = 1.99>
ST_6 : Operation 113 [1/1] (0.00ns)   --->   "%indvar_flatten32 = phi i6 %add_ln62_1, void %for.inc183, i6 0, void %for.body34.preheader" [predecoder_kernel.cpp:62]   --->   Operation 113 'phi' 'indvar_flatten32' <Predicate = (!tmp)> <Delay = 0.00>
ST_6 : Operation 114 [1/1] (0.00ns)   --->   "%y = phi i3 %select_ln62_1, void %for.inc183, i3 0, void %for.body34.preheader" [predecoder_kernel.cpp:62]   --->   Operation 114 'phi' 'y' <Predicate = (!tmp)> <Delay = 0.00>
ST_6 : Operation 115 [1/1] (0.00ns)   --->   "%x = phi i3 %add_ln64, void %for.inc183, i3 0, void %for.body34.preheader" [predecoder_kernel.cpp:64]   --->   Operation 115 'phi' 'x' <Predicate = (!tmp)> <Delay = 0.00>
ST_6 : Operation 116 [1/1] (0.70ns)   --->   "%icmp_ln62 = icmp_eq  i6 %indvar_flatten32, i6 36" [predecoder_kernel.cpp:62]   --->   Operation 116 'icmp' 'icmp_ln62' <Predicate = (!tmp)> <Delay = 0.70> <CoreInst = "Cmp">   --->   Core 9 'Cmp' <Latency = 0> <II = 1> <Delay = 0.70> <FuncUnit> <Opcode : 'icmp'> <InPorts = 2> <OutPorts = 1>
ST_6 : Operation 117 [1/1] (0.70ns)   --->   "%add_ln62_1 = add i6 %indvar_flatten32, i6 1" [predecoder_kernel.cpp:62]   --->   Operation 117 'add' 'add_ln62_1' <Predicate = (!tmp)> <Delay = 0.70> <CoreInst = "Adder">   --->   Core 1 'Adder' <Latency = 0> <II = 1> <Delay = 0.70> <FuncUnit> <Opcode : 'add' 'sub'> <InPorts = 2> <OutPorts = 1>
ST_6 : Operation 118 [1/1] (0.00ns)   --->   "%br_ln62 = br i1 %icmp_ln62, void %for.inc183, void %cleanup.loopexit" [predecoder_kernel.cpp:62]   --->   Operation 118 'br' 'br_ln62' <Predicate = (!tmp)> <Delay = 0.00>
ST_6 : Operation 119 [1/1] (0.57ns)   --->   "%add_ln62 = add i3 %y, i3 1" [predecoder_kernel.cpp:62]   --->   Operation 119 'add' 'add_ln62' <Predicate = (!tmp & !icmp_ln62)> <Delay = 0.57> <CoreInst = "Adder">   --->   Core 1 'Adder' <Latency = 0> <II = 1> <Delay = 0.57> <FuncUnit> <Opcode : 'add' 'sub'> <InPorts = 2> <OutPorts = 1>
ST_6 : Operation 120 [1/1] (0.57ns)   --->   "%icmp_ln63 = icmp_eq  i3 %x, i3 6" [predecoder_kernel.cpp:63]   --->   Operation 120 'icmp' 'icmp_ln63' <Predicate = (!tmp & !icmp_ln62)> <Delay = 0.57> <CoreInst = "Cmp">   --->   Core 9 'Cmp' <Latency = 0> <II = 1> <Delay = 0.57> <FuncUnit> <Opcode : 'icmp'> <InPorts = 2> <OutPorts = 1>
ST_6 : Operation 121 [1/1] (0.27ns)   --->   "%select_ln62 = select i1 %icmp_ln63, i3 0, i3 %x" [predecoder_kernel.cpp:62]   --->   Operation 121 'select' 'select_ln62' <Predicate = (!tmp & !icmp_ln62)> <Delay = 0.27> <CoreInst = "Sel">   --->   Core 73 'Sel' <Latency = 0> <II = 1> <Delay = 0.27> <FuncUnit> <Opcode : 'select'> <InPorts = 3> <OutPorts = 1>
ST_6 : Operation 122 [1/1] (0.27ns)   --->   "%select_ln62_1 = select i1 %icmp_ln63, i3 %add_ln62, i3 %y" [predecoder_kernel.cpp:62]   --->   Operation 122 'select' 'select_ln62_1' <Predicate = (!tmp & !icmp_ln62)> <Delay = 0.27> <CoreInst = "Sel">   --->   Core 73 'Sel' <Latency = 0> <II = 1> <Delay = 0.27> <FuncUnit> <Opcode : 'select'> <InPorts = 3> <OutPorts = 1>
ST_6 : Operation 123 [1/1] (0.57ns)   --->   "%add_ln64 = add i3 %select_ln62, i3 1" [predecoder_kernel.cpp:64]   --->   Operation 123 'add' 'add_ln64' <Predicate = (!tmp & !icmp_ln62)> <Delay = 0.57> <CoreInst = "Adder">   --->   Core 1 'Adder' <Latency = 0> <II = 1> <Delay = 0.57> <FuncUnit> <Opcode : 'add' 'sub'> <InPorts = 2> <OutPorts = 1>
ST_6 : Operation 124 [1/1] (0.57ns)   --->   "%cmp8_i_i = icmp_ne  i3 %select_ln62, i3 0" [predecoder_kernel.cpp:62]   --->   Operation 124 'icmp' 'cmp8_i_i' <Predicate = (!tmp & !icmp_ln62)> <Delay = 0.57> <CoreInst = "Cmp">   --->   Core 9 'Cmp' <Latency = 0> <II = 1> <Delay = 0.57> <FuncUnit> <Opcode : 'icmp'> <InPorts = 2> <OutPorts = 1>
ST_6 : Operation 125 [1/1] (0.57ns)   --->   "%cmp9_i_i_2 = icmp_ult  i3 %add_ln64, i3 6" [predecoder_kernel.cpp:64]   --->   Operation 125 'icmp' 'cmp9_i_i_2' <Predicate = (!tmp & !icmp_ln62)> <Delay = 0.57> <CoreInst = "Cmp">   --->   Core 9 'Cmp' <Latency = 0> <II = 1> <Delay = 0.57> <FuncUnit> <Opcode : 'icmp'> <InPorts = 2> <OutPorts = 1>
ST_6 : Operation 126 [2/2] (0.00ns)   --->   "%call_ln62 = call void @conv3d_hidden_layer<1>_Pipeline_VITIS_LOOP_89_1_VITIS_LOOP_90_2, i3 %t_3, i8 %window_0, i8 %window_0_1, i8 %window_0_2, i3 %select_ln62_1, i1 %cmp8_i_i, i8 %fb_0, i8 %fb_0_1, i8 %fb_0_2, i8 %fb_0_3, i8 %fb_0_4, i8 %fb_0_6, i8 %fb_0_7, i8 %fb_0_8, i8 %fb_0_9, i8 %fb_0_10, i8 %fb_0_12, i8 %fb_0_13, i8 %fb_0_14, i8 %fb_0_15, i8 %fb_0_16, i3 %select_ln62, i8 %fb_0_5, i8 %fb_0_11, i8 %fb_0_17, i1 %cmp9_i_i_2" [predecoder_kernel.cpp:62]   --->   Operation 126 'call' 'call_ln62' <Predicate = (!tmp & !icmp_ln62)> <Delay = 0.00> <CoreType = "Generic">   --->   Core 0 '' <Latency = 0> <II = 1> <Delay = 1.00> <Generic> <Opcode : >
ST_6 : Operation 127 [1/1] (0.00ns)   --->   "%br_ln0 = br void %cleanup"   --->   Operation 127 'br' 'br_ln0' <Predicate = (!tmp & icmp_ln62)> <Delay = 0.00>
ST_6 : Operation 128 [1/1] (0.38ns)   --->   "%store_ln43 = store i3 %add_ln43, i3 %t" [predecoder_kernel.cpp:43]   --->   Operation 128 'store' 'store_ln43' <Predicate = (icmp_ln62) | (tmp)> <Delay = 0.38>
ST_6 : Operation 129 [1/1] (0.00ns)   --->   "%br_ln43 = br void %CONV_WRITE" [predecoder_kernel.cpp:43]   --->   Operation 129 'br' 'br_ln43' <Predicate = (icmp_ln62) | (tmp)> <Delay = 0.00>

State 7 <SV = 6> <Delay = 0.00>
ST_7 : Operation 130 [1/2] (0.00ns)   --->   "%call_ln62 = call void @conv3d_hidden_layer<1>_Pipeline_VITIS_LOOP_89_1_VITIS_LOOP_90_2, i3 %t_3, i8 %window_0, i8 %window_0_1, i8 %window_0_2, i3 %select_ln62_1, i1 %cmp8_i_i, i8 %fb_0, i8 %fb_0_1, i8 %fb_0_2, i8 %fb_0_3, i8 %fb_0_4, i8 %fb_0_6, i8 %fb_0_7, i8 %fb_0_8, i8 %fb_0_9, i8 %fb_0_10, i8 %fb_0_12, i8 %fb_0_13, i8 %fb_0_14, i8 %fb_0_15, i8 %fb_0_16, i3 %select_ln62, i8 %fb_0_5, i8 %fb_0_11, i8 %fb_0_17, i1 %cmp9_i_i_2" [predecoder_kernel.cpp:62]   --->   Operation 130 'call' 'call_ln62' <Predicate = true> <Delay = 0.00> <CoreType = "Generic">   --->   Core 0 '' <Latency = 0> <II = 1> <Delay = 1.00> <Generic> <Opcode : >

State 8 <SV = 7> <Delay = 0.66>
ST_8 : Operation 131 [2/2] (0.66ns)   --->   "%window_0_load = load i4 %window_0_addr"   --->   Operation 131 'load' 'window_0_load' <Predicate = true> <Delay = 0.66> <CoreInst = "RAM">   --->   Core 83 'RAM' <Latency = 1> <II = 1> <Delay = 0.66> <Storage> <Opcode : 'load' 'store'> <Ports = 2> <Width = 8> <Depth = 9> <RAM>
ST_8 : Operation 132 [2/2] (0.66ns)   --->   "%window_0_1_load = load i4 %window_0_1_addr"   --->   Operation 132 'load' 'window_0_1_load' <Predicate = true> <Delay = 0.66> <CoreInst = "RAM">   --->   Core 83 'RAM' <Latency = 1> <II = 1> <Delay = 0.66> <Storage> <Opcode : 'load' 'store'> <Ports = 2> <Width = 8> <Depth = 9> <RAM>
ST_8 : Operation 133 [2/2] (0.66ns)   --->   "%window_0_2_load = load i4 %window_0_2_addr"   --->   Operation 133 'load' 'window_0_2_load' <Predicate = true> <Delay = 0.66> <CoreInst = "RAM">   --->   Core 83 'RAM' <Latency = 1> <II = 1> <Delay = 0.66> <Storage> <Opcode : 'load' 'store'> <Ports = 2> <Width = 8> <Depth = 9> <RAM>

State 9 <SV = 8> <Delay = 0.66>
ST_9 : Operation 134 [1/2] (0.66ns)   --->   "%window_0_load = load i4 %window_0_addr"   --->   Operation 134 'load' 'window_0_load' <Predicate = true> <Delay = 0.66> <CoreInst = "RAM">   --->   Core 83 'RAM' <Latency = 1> <II = 1> <Delay = 0.66> <Storage> <Opcode : 'load' 'store'> <Ports = 2> <Width = 8> <Depth = 9> <RAM>
ST_9 : Operation 135 [1/2] (0.66ns)   --->   "%window_0_1_load = load i4 %window_0_1_addr"   --->   Operation 135 'load' 'window_0_1_load' <Predicate = true> <Delay = 0.66> <CoreInst = "RAM">   --->   Core 83 'RAM' <Latency = 1> <II = 1> <Delay = 0.66> <Storage> <Opcode : 'load' 'store'> <Ports = 2> <Width = 8> <Depth = 9> <RAM>
ST_9 : Operation 136 [1/2] (0.66ns)   --->   "%window_0_2_load = load i4 %window_0_2_addr"   --->   Operation 136 'load' 'window_0_2_load' <Predicate = true> <Delay = 0.66> <CoreInst = "RAM">   --->   Core 83 'RAM' <Latency = 1> <II = 1> <Delay = 0.66> <Storage> <Opcode : 'load' 'store'> <Ports = 2> <Width = 8> <Depth = 9> <RAM>
ST_9 : Operation 137 [2/2] (0.66ns)   --->   "%window_0_load_1 = load i4 %window_0_addr_1"   --->   Operation 137 'load' 'window_0_load_1' <Predicate = true> <Delay = 0.66> <CoreInst = "RAM">   --->   Core 83 'RAM' <Latency = 1> <II = 1> <Delay = 0.66> <Storage> <Opcode : 'load' 'store'> <Ports = 2> <Width = 8> <Depth = 9> <RAM>
ST_9 : Operation 138 [2/2] (0.66ns)   --->   "%window_0_1_load_1 = load i4 %window_0_1_addr_1"   --->   Operation 138 'load' 'window_0_1_load_1' <Predicate = true> <Delay = 0.66> <CoreInst = "RAM">   --->   Core 83 'RAM' <Latency = 1> <II = 1> <Delay = 0.66> <Storage> <Opcode : 'load' 'store'> <Ports = 2> <Width = 8> <Depth = 9> <RAM>
ST_9 : Operation 139 [2/2] (0.66ns)   --->   "%window_0_2_load_1 = load i4 %window_0_2_addr_1"   --->   Operation 139 'load' 'window_0_2_load_1' <Predicate = true> <Delay = 0.66> <CoreInst = "RAM">   --->   Core 83 'RAM' <Latency = 1> <II = 1> <Delay = 0.66> <Storage> <Opcode : 'load' 'store'> <Ports = 2> <Width = 8> <Depth = 9> <RAM>
ST_9 : Operation 140 [2/2] (0.66ns)   --->   "%window_0_load_2 = load i4 %window_0_addr_2"   --->   Operation 140 'load' 'window_0_load_2' <Predicate = true> <Delay = 0.66> <CoreInst = "RAM">   --->   Core 83 'RAM' <Latency = 1> <II = 1> <Delay = 0.66> <Storage> <Opcode : 'load' 'store'> <Ports = 2> <Width = 8> <Depth = 9> <RAM>
ST_9 : Operation 141 [2/2] (0.66ns)   --->   "%window_0_1_load_2 = load i4 %window_0_1_addr_2"   --->   Operation 141 'load' 'window_0_1_load_2' <Predicate = true> <Delay = 0.66> <CoreInst = "RAM">   --->   Core 83 'RAM' <Latency = 1> <II = 1> <Delay = 0.66> <Storage> <Opcode : 'load' 'store'> <Ports = 2> <Width = 8> <Depth = 9> <RAM>
ST_9 : Operation 142 [2/2] (0.66ns)   --->   "%window_0_2_load_2 = load i4 %window_0_2_addr_2"   --->   Operation 142 'load' 'window_0_2_load_2' <Predicate = true> <Delay = 0.66> <CoreInst = "RAM">   --->   Core 83 'RAM' <Latency = 1> <II = 1> <Delay = 0.66> <Storage> <Opcode : 'load' 'store'> <Ports = 2> <Width = 8> <Depth = 9> <RAM>

State 10 <SV = 9> <Delay = 0.66>
ST_10 : Operation 143 [1/2] (0.66ns)   --->   "%window_0_load_1 = load i4 %window_0_addr_1"   --->   Operation 143 'load' 'window_0_load_1' <Predicate = true> <Delay = 0.66> <CoreInst = "RAM">   --->   Core 83 'RAM' <Latency = 1> <II = 1> <Delay = 0.66> <Storage> <Opcode : 'load' 'store'> <Ports = 2> <Width = 8> <Depth = 9> <RAM>
ST_10 : Operation 144 [1/2] (0.66ns)   --->   "%window_0_1_load_1 = load i4 %window_0_1_addr_1"   --->   Operation 144 'load' 'window_0_1_load_1' <Predicate = true> <Delay = 0.66> <CoreInst = "RAM">   --->   Core 83 'RAM' <Latency = 1> <II = 1> <Delay = 0.66> <Storage> <Opcode : 'load' 'store'> <Ports = 2> <Width = 8> <Depth = 9> <RAM>
ST_10 : Operation 145 [1/2] (0.66ns)   --->   "%window_0_2_load_1 = load i4 %window_0_2_addr_1"   --->   Operation 145 'load' 'window_0_2_load_1' <Predicate = true> <Delay = 0.66> <CoreInst = "RAM">   --->   Core 83 'RAM' <Latency = 1> <II = 1> <Delay = 0.66> <Storage> <Opcode : 'load' 'store'> <Ports = 2> <Width = 8> <Depth = 9> <RAM>
ST_10 : Operation 146 [1/2] (0.66ns)   --->   "%window_0_load_2 = load i4 %window_0_addr_2"   --->   Operation 146 'load' 'window_0_load_2' <Predicate = true> <Delay = 0.66> <CoreInst = "RAM">   --->   Core 83 'RAM' <Latency = 1> <II = 1> <Delay = 0.66> <Storage> <Opcode : 'load' 'store'> <Ports = 2> <Width = 8> <Depth = 9> <RAM>
ST_10 : Operation 147 [1/2] (0.66ns)   --->   "%window_0_1_load_2 = load i4 %window_0_1_addr_2"   --->   Operation 147 'load' 'window_0_1_load_2' <Predicate = true> <Delay = 0.66> <CoreInst = "RAM">   --->   Core 83 'RAM' <Latency = 1> <II = 1> <Delay = 0.66> <Storage> <Opcode : 'load' 'store'> <Ports = 2> <Width = 8> <Depth = 9> <RAM>
ST_10 : Operation 148 [1/2] (0.66ns)   --->   "%window_0_2_load_2 = load i4 %window_0_2_addr_2"   --->   Operation 148 'load' 'window_0_2_load_2' <Predicate = true> <Delay = 0.66> <CoreInst = "RAM">   --->   Core 83 'RAM' <Latency = 1> <II = 1> <Delay = 0.66> <Storage> <Opcode : 'load' 'store'> <Ports = 2> <Width = 8> <Depth = 9> <RAM>
ST_10 : Operation 149 [2/2] (0.66ns)   --->   "%window_0_load_3 = load i4 %window_0_addr_3"   --->   Operation 149 'load' 'window_0_load_3' <Predicate = true> <Delay = 0.66> <CoreInst = "RAM">   --->   Core 83 'RAM' <Latency = 1> <II = 1> <Delay = 0.66> <Storage> <Opcode : 'load' 'store'> <Ports = 2> <Width = 8> <Depth = 9> <RAM>
ST_10 : Operation 150 [2/2] (0.66ns)   --->   "%window_0_1_load_3 = load i4 %window_0_1_addr_3"   --->   Operation 150 'load' 'window_0_1_load_3' <Predicate = true> <Delay = 0.66> <CoreInst = "RAM">   --->   Core 83 'RAM' <Latency = 1> <II = 1> <Delay = 0.66> <Storage> <Opcode : 'load' 'store'> <Ports = 2> <Width = 8> <Depth = 9> <RAM>
ST_10 : Operation 151 [2/2] (0.66ns)   --->   "%window_0_2_load_3 = load i4 %window_0_2_addr_3"   --->   Operation 151 'load' 'window_0_2_load_3' <Predicate = true> <Delay = 0.66> <CoreInst = "RAM">   --->   Core 83 'RAM' <Latency = 1> <II = 1> <Delay = 0.66> <Storage> <Opcode : 'load' 'store'> <Ports = 2> <Width = 8> <Depth = 9> <RAM>
ST_10 : Operation 152 [2/2] (0.66ns)   --->   "%window_0_load_4 = load i4 %window_0_addr_4"   --->   Operation 152 'load' 'window_0_load_4' <Predicate = true> <Delay = 0.66> <CoreInst = "RAM">   --->   Core 83 'RAM' <Latency = 1> <II = 1> <Delay = 0.66> <Storage> <Opcode : 'load' 'store'> <Ports = 2> <Width = 8> <Depth = 9> <RAM>
ST_10 : Operation 153 [2/2] (0.66ns)   --->   "%window_0_1_load_4 = load i4 %window_0_1_addr_4"   --->   Operation 153 'load' 'window_0_1_load_4' <Predicate = true> <Delay = 0.66> <CoreInst = "RAM">   --->   Core 83 'RAM' <Latency = 1> <II = 1> <Delay = 0.66> <Storage> <Opcode : 'load' 'store'> <Ports = 2> <Width = 8> <Depth = 9> <RAM>
ST_10 : Operation 154 [2/2] (0.66ns)   --->   "%window_0_2_load_4 = load i4 %window_0_2_addr_4"   --->   Operation 154 'load' 'window_0_2_load_4' <Predicate = true> <Delay = 0.66> <CoreInst = "RAM">   --->   Core 83 'RAM' <Latency = 1> <II = 1> <Delay = 0.66> <Storage> <Opcode : 'load' 'store'> <Ports = 2> <Width = 8> <Depth = 9> <RAM>

State 11 <SV = 10> <Delay = 0.66>
ST_11 : Operation 155 [1/2] (0.66ns)   --->   "%window_0_load_3 = load i4 %window_0_addr_3"   --->   Operation 155 'load' 'window_0_load_3' <Predicate = true> <Delay = 0.66> <CoreInst = "RAM">   --->   Core 83 'RAM' <Latency = 1> <II = 1> <Delay = 0.66> <Storage> <Opcode : 'load' 'store'> <Ports = 2> <Width = 8> <Depth = 9> <RAM>
ST_11 : Operation 156 [1/2] (0.66ns)   --->   "%window_0_1_load_3 = load i4 %window_0_1_addr_3"   --->   Operation 156 'load' 'window_0_1_load_3' <Predicate = true> <Delay = 0.66> <CoreInst = "RAM">   --->   Core 83 'RAM' <Latency = 1> <II = 1> <Delay = 0.66> <Storage> <Opcode : 'load' 'store'> <Ports = 2> <Width = 8> <Depth = 9> <RAM>
ST_11 : Operation 157 [1/2] (0.66ns)   --->   "%window_0_2_load_3 = load i4 %window_0_2_addr_3"   --->   Operation 157 'load' 'window_0_2_load_3' <Predicate = true> <Delay = 0.66> <CoreInst = "RAM">   --->   Core 83 'RAM' <Latency = 1> <II = 1> <Delay = 0.66> <Storage> <Opcode : 'load' 'store'> <Ports = 2> <Width = 8> <Depth = 9> <RAM>
ST_11 : Operation 158 [1/2] (0.66ns)   --->   "%window_0_load_4 = load i4 %window_0_addr_4"   --->   Operation 158 'load' 'window_0_load_4' <Predicate = true> <Delay = 0.66> <CoreInst = "RAM">   --->   Core 83 'RAM' <Latency = 1> <II = 1> <Delay = 0.66> <Storage> <Opcode : 'load' 'store'> <Ports = 2> <Width = 8> <Depth = 9> <RAM>
ST_11 : Operation 159 [1/2] (0.66ns)   --->   "%window_0_1_load_4 = load i4 %window_0_1_addr_4"   --->   Operation 159 'load' 'window_0_1_load_4' <Predicate = true> <Delay = 0.66> <CoreInst = "RAM">   --->   Core 83 'RAM' <Latency = 1> <II = 1> <Delay = 0.66> <Storage> <Opcode : 'load' 'store'> <Ports = 2> <Width = 8> <Depth = 9> <RAM>
ST_11 : Operation 160 [1/2] (0.66ns)   --->   "%window_0_2_load_4 = load i4 %window_0_2_addr_4"   --->   Operation 160 'load' 'window_0_2_load_4' <Predicate = true> <Delay = 0.66> <CoreInst = "RAM">   --->   Core 83 'RAM' <Latency = 1> <II = 1> <Delay = 0.66> <Storage> <Opcode : 'load' 'store'> <Ports = 2> <Width = 8> <Depth = 9> <RAM>
ST_11 : Operation 161 [2/2] (0.66ns)   --->   "%window_0_load_5 = load i4 %window_0_addr_5"   --->   Operation 161 'load' 'window_0_load_5' <Predicate = true> <Delay = 0.66> <CoreInst = "RAM">   --->   Core 83 'RAM' <Latency = 1> <II = 1> <Delay = 0.66> <Storage> <Opcode : 'load' 'store'> <Ports = 2> <Width = 8> <Depth = 9> <RAM>
ST_11 : Operation 162 [2/2] (0.66ns)   --->   "%window_0_1_load_5 = load i4 %window_0_1_addr_5"   --->   Operation 162 'load' 'window_0_1_load_5' <Predicate = true> <Delay = 0.66> <CoreInst = "RAM">   --->   Core 83 'RAM' <Latency = 1> <II = 1> <Delay = 0.66> <Storage> <Opcode : 'load' 'store'> <Ports = 2> <Width = 8> <Depth = 9> <RAM>
ST_11 : Operation 163 [2/2] (0.66ns)   --->   "%window_0_2_load_5 = load i4 %window_0_2_addr_5"   --->   Operation 163 'load' 'window_0_2_load_5' <Predicate = true> <Delay = 0.66> <CoreInst = "RAM">   --->   Core 83 'RAM' <Latency = 1> <II = 1> <Delay = 0.66> <Storage> <Opcode : 'load' 'store'> <Ports = 2> <Width = 8> <Depth = 9> <RAM>
ST_11 : Operation 164 [2/2] (0.66ns)   --->   "%window_0_load_6 = load i4 %window_0_addr_6"   --->   Operation 164 'load' 'window_0_load_6' <Predicate = true> <Delay = 0.66> <CoreInst = "RAM">   --->   Core 83 'RAM' <Latency = 1> <II = 1> <Delay = 0.66> <Storage> <Opcode : 'load' 'store'> <Ports = 2> <Width = 8> <Depth = 9> <RAM>
ST_11 : Operation 165 [2/2] (0.66ns)   --->   "%window_0_1_load_6 = load i4 %window_0_1_addr_6"   --->   Operation 165 'load' 'window_0_1_load_6' <Predicate = true> <Delay = 0.66> <CoreInst = "RAM">   --->   Core 83 'RAM' <Latency = 1> <II = 1> <Delay = 0.66> <Storage> <Opcode : 'load' 'store'> <Ports = 2> <Width = 8> <Depth = 9> <RAM>
ST_11 : Operation 166 [2/2] (0.66ns)   --->   "%window_0_2_load_6 = load i4 %window_0_2_addr_6"   --->   Operation 166 'load' 'window_0_2_load_6' <Predicate = true> <Delay = 0.66> <CoreInst = "RAM">   --->   Core 83 'RAM' <Latency = 1> <II = 1> <Delay = 0.66> <Storage> <Opcode : 'load' 'store'> <Ports = 2> <Width = 8> <Depth = 9> <RAM>

State 12 <SV = 11> <Delay = 0.66>
ST_12 : Operation 167 [1/2] (0.66ns)   --->   "%window_0_load_5 = load i4 %window_0_addr_5"   --->   Operation 167 'load' 'window_0_load_5' <Predicate = true> <Delay = 0.66> <CoreInst = "RAM">   --->   Core 83 'RAM' <Latency = 1> <II = 1> <Delay = 0.66> <Storage> <Opcode : 'load' 'store'> <Ports = 2> <Width = 8> <Depth = 9> <RAM>
ST_12 : Operation 168 [1/2] (0.66ns)   --->   "%window_0_1_load_5 = load i4 %window_0_1_addr_5"   --->   Operation 168 'load' 'window_0_1_load_5' <Predicate = true> <Delay = 0.66> <CoreInst = "RAM">   --->   Core 83 'RAM' <Latency = 1> <II = 1> <Delay = 0.66> <Storage> <Opcode : 'load' 'store'> <Ports = 2> <Width = 8> <Depth = 9> <RAM>
ST_12 : Operation 169 [1/2] (0.66ns)   --->   "%window_0_2_load_5 = load i4 %window_0_2_addr_5"   --->   Operation 169 'load' 'window_0_2_load_5' <Predicate = true> <Delay = 0.66> <CoreInst = "RAM">   --->   Core 83 'RAM' <Latency = 1> <II = 1> <Delay = 0.66> <Storage> <Opcode : 'load' 'store'> <Ports = 2> <Width = 8> <Depth = 9> <RAM>
ST_12 : Operation 170 [1/2] (0.66ns)   --->   "%window_0_load_6 = load i4 %window_0_addr_6"   --->   Operation 170 'load' 'window_0_load_6' <Predicate = true> <Delay = 0.66> <CoreInst = "RAM">   --->   Core 83 'RAM' <Latency = 1> <II = 1> <Delay = 0.66> <Storage> <Opcode : 'load' 'store'> <Ports = 2> <Width = 8> <Depth = 9> <RAM>
ST_12 : Operation 171 [1/2] (0.66ns)   --->   "%window_0_1_load_6 = load i4 %window_0_1_addr_6"   --->   Operation 171 'load' 'window_0_1_load_6' <Predicate = true> <Delay = 0.66> <CoreInst = "RAM">   --->   Core 83 'RAM' <Latency = 1> <II = 1> <Delay = 0.66> <Storage> <Opcode : 'load' 'store'> <Ports = 2> <Width = 8> <Depth = 9> <RAM>
ST_12 : Operation 172 [1/2] (0.66ns)   --->   "%window_0_2_load_6 = load i4 %window_0_2_addr_6"   --->   Operation 172 'load' 'window_0_2_load_6' <Predicate = true> <Delay = 0.66> <CoreInst = "RAM">   --->   Core 83 'RAM' <Latency = 1> <II = 1> <Delay = 0.66> <Storage> <Opcode : 'load' 'store'> <Ports = 2> <Width = 8> <Depth = 9> <RAM>
ST_12 : Operation 173 [2/2] (0.66ns)   --->   "%window_0_load_7 = load i4 %window_0_addr_7"   --->   Operation 173 'load' 'window_0_load_7' <Predicate = true> <Delay = 0.66> <CoreInst = "RAM">   --->   Core 83 'RAM' <Latency = 1> <II = 1> <Delay = 0.66> <Storage> <Opcode : 'load' 'store'> <Ports = 2> <Width = 8> <Depth = 9> <RAM>
ST_12 : Operation 174 [2/2] (0.66ns)   --->   "%window_0_1_load_7 = load i4 %window_0_1_addr_7"   --->   Operation 174 'load' 'window_0_1_load_7' <Predicate = true> <Delay = 0.66> <CoreInst = "RAM">   --->   Core 83 'RAM' <Latency = 1> <II = 1> <Delay = 0.66> <Storage> <Opcode : 'load' 'store'> <Ports = 2> <Width = 8> <Depth = 9> <RAM>
ST_12 : Operation 175 [2/2] (0.66ns)   --->   "%window_0_2_load_7 = load i4 %window_0_2_addr_7"   --->   Operation 175 'load' 'window_0_2_load_7' <Predicate = true> <Delay = 0.66> <CoreInst = "RAM">   --->   Core 83 'RAM' <Latency = 1> <II = 1> <Delay = 0.66> <Storage> <Opcode : 'load' 'store'> <Ports = 2> <Width = 8> <Depth = 9> <RAM>
ST_12 : Operation 176 [2/2] (0.66ns)   --->   "%window_0_load_8 = load i4 %window_0_addr_8"   --->   Operation 176 'load' 'window_0_load_8' <Predicate = true> <Delay = 0.66> <CoreInst = "RAM">   --->   Core 83 'RAM' <Latency = 1> <II = 1> <Delay = 0.66> <Storage> <Opcode : 'load' 'store'> <Ports = 2> <Width = 8> <Depth = 9> <RAM>
ST_12 : Operation 177 [2/2] (0.66ns)   --->   "%window_0_1_load_8 = load i4 %window_0_1_addr_8"   --->   Operation 177 'load' 'window_0_1_load_8' <Predicate = true> <Delay = 0.66> <CoreInst = "RAM">   --->   Core 83 'RAM' <Latency = 1> <II = 1> <Delay = 0.66> <Storage> <Opcode : 'load' 'store'> <Ports = 2> <Width = 8> <Depth = 9> <RAM>
ST_12 : Operation 178 [2/2] (0.66ns)   --->   "%window_0_2_load_8 = load i4 %window_0_2_addr_8"   --->   Operation 178 'load' 'window_0_2_load_8' <Predicate = true> <Delay = 0.66> <CoreInst = "RAM">   --->   Core 83 'RAM' <Latency = 1> <II = 1> <Delay = 0.66> <Storage> <Opcode : 'load' 'store'> <Ports = 2> <Width = 8> <Depth = 9> <RAM>

State 13 <SV = 12> <Delay = 0.66>
ST_13 : Operation 179 [1/2] (0.66ns)   --->   "%window_0_load_7 = load i4 %window_0_addr_7"   --->   Operation 179 'load' 'window_0_load_7' <Predicate = true> <Delay = 0.66> <CoreInst = "RAM">   --->   Core 83 'RAM' <Latency = 1> <II = 1> <Delay = 0.66> <Storage> <Opcode : 'load' 'store'> <Ports = 2> <Width = 8> <Depth = 9> <RAM>
ST_13 : Operation 180 [1/2] (0.66ns)   --->   "%window_0_1_load_7 = load i4 %window_0_1_addr_7"   --->   Operation 180 'load' 'window_0_1_load_7' <Predicate = true> <Delay = 0.66> <CoreInst = "RAM">   --->   Core 83 'RAM' <Latency = 1> <II = 1> <Delay = 0.66> <Storage> <Opcode : 'load' 'store'> <Ports = 2> <Width = 8> <Depth = 9> <RAM>
ST_13 : Operation 181 [1/2] (0.66ns)   --->   "%window_0_2_load_7 = load i4 %window_0_2_addr_7"   --->   Operation 181 'load' 'window_0_2_load_7' <Predicate = true> <Delay = 0.66> <CoreInst = "RAM">   --->   Core 83 'RAM' <Latency = 1> <II = 1> <Delay = 0.66> <Storage> <Opcode : 'load' 'store'> <Ports = 2> <Width = 8> <Depth = 9> <RAM>
ST_13 : Operation 182 [1/2] (0.66ns)   --->   "%window_0_load_8 = load i4 %window_0_addr_8"   --->   Operation 182 'load' 'window_0_load_8' <Predicate = true> <Delay = 0.66> <CoreInst = "RAM">   --->   Core 83 'RAM' <Latency = 1> <II = 1> <Delay = 0.66> <Storage> <Opcode : 'load' 'store'> <Ports = 2> <Width = 8> <Depth = 9> <RAM>
ST_13 : Operation 183 [1/2] (0.66ns)   --->   "%window_0_1_load_8 = load i4 %window_0_1_addr_8"   --->   Operation 183 'load' 'window_0_1_load_8' <Predicate = true> <Delay = 0.66> <CoreInst = "RAM">   --->   Core 83 'RAM' <Latency = 1> <II = 1> <Delay = 0.66> <Storage> <Opcode : 'load' 'store'> <Ports = 2> <Width = 8> <Depth = 9> <RAM>
ST_13 : Operation 184 [1/2] (0.66ns)   --->   "%window_0_2_load_8 = load i4 %window_0_2_addr_8"   --->   Operation 184 'load' 'window_0_2_load_8' <Predicate = true> <Delay = 0.66> <CoreInst = "RAM">   --->   Core 83 'RAM' <Latency = 1> <II = 1> <Delay = 0.66> <Storage> <Opcode : 'load' 'store'> <Ports = 2> <Width = 8> <Depth = 9> <RAM>
ST_13 : Operation 185 [2/2] (0.00ns)   --->   "%call_ln0 = call void @conv3d_hidden_layer<1>_Pipeline_OC_LOOP, i8 %window_0_load, i8 %window_0_1_load, i8 %window_0_2_load, i8 %window_0_load_1, i8 %window_0_1_load_1, i8 %window_0_2_load_1, i8 %window_0_load_2, i8 %window_0_1_load_2, i8 %window_0_2_load_2, i8 %window_0_load_3, i8 %window_0_1_load_3, i8 %window_0_2_load_3, i8 %window_0_load_4, i8 %window_0_1_load_4, i8 %window_0_2_load_4, i8 %window_0_load_5, i8 %window_0_1_load_5, i8 %window_0_2_load_5, i8 %window_0_load_6, i8 %window_0_1_load_6, i8 %window_0_2_load_6, i8 %window_0_load_7, i8 %window_0_1_load_7, i8 %window_0_2_load_7, i8 %window_0_load_8, i8 %window_0_1_load_8, i8 %window_0_2_load_8, i8 %out, i8 %p_ZN18predecoder_weightsL13LAYER0_WEIGHTE_0, i8 %p_ZN18predecoder_weightsL13LAYER0_WEIGHTE_1, i8 %p_ZN18predecoder_weightsL13LAYER0_WEIGHTE_2, i7 %p_ZN18predecoder_weightsL13LAYER0_WEIGHTE_3, i8 %p_ZN18predecoder_weightsL13LAYER0_WEIGHTE_4, i8 %p_ZN18predecoder_weightsL13LAYER0_WEIGHTE_5, i6 %p_ZN18predecoder_weightsL13LAYER0_WEIGHTE_6, i8 %p_ZN18predecoder_weightsL13LAYER0_WEIGHTE_7, i8 %p_ZN18predecoder_weightsL13LAYER0_WEIGHTE_8, i8 %p_ZN18predecoder_weightsL13LAYER0_WEIGHTE_9, i8 %p_ZN18predecoder_weightsL13LAYER0_WEIGHTE_10, i8 %p_ZN18predecoder_weightsL13LAYER0_WEIGHTE_11, i8 %p_ZN18predecoder_weightsL13LAYER0_WEIGHTE_12, i8 %p_ZN18predecoder_weightsL13LAYER0_WEIGHTE_13, i8 %p_ZN18predecoder_weightsL13LAYER0_WEIGHTE_14, i8 %p_ZN18predecoder_weightsL13LAYER0_WEIGHTE_15, i8 %p_ZN18predecoder_weightsL13LAYER0_WEIGHTE_16, i8 %p_ZN18predecoder_weightsL13LAYER0_WEIGHTE_17, i8 %p_ZN18predecoder_weightsL13LAYER0_WEIGHTE_18, i8 %p_ZN18predecoder_weightsL13LAYER0_WEIGHTE_19, i7 %p_ZN18predecoder_weightsL13LAYER0_WEIGHTE_20, i8 %p_ZN18predecoder_weightsL13LAYER0_WEIGHTE_21, i8 %p_ZN18predecoder_weightsL13LAYER0_WEIGHTE_22, i8 %p_ZN18predecoder_weightsL13LAYER0_WEIGHTE_23, i8 %p_ZN18predecoder_weightsL13LAYER0_WEIGHTE_24, i7 %p_ZN18predecoder_weightsL13LAYER0_WEIGHTE_25, i7 %p_ZN18predecoder_weightsL13LAYER0_WEIGHTE_26, i9 %predecoder_weights_LAYER0_BIAS, i41 %layer0_mult"   --->   Operation 185 'call' 'call_ln0' <Predicate = true> <Delay = 0.00> <CoreType = "Generic">   --->   Core 0 '' <Latency = 0> <II = 1> <Delay = 1.00> <Generic> <Opcode : >

State 14 <SV = 13> <Delay = 0.00>
ST_14 : Operation 186 [1/2] (0.00ns)   --->   "%call_ln0 = call void @conv3d_hidden_layer<1>_Pipeline_OC_LOOP, i8 %window_0_load, i8 %window_0_1_load, i8 %window_0_2_load, i8 %window_0_load_1, i8 %window_0_1_load_1, i8 %window_0_2_load_1, i8 %window_0_load_2, i8 %window_0_1_load_2, i8 %window_0_2_load_2, i8 %window_0_load_3, i8 %window_0_1_load_3, i8 %window_0_2_load_3, i8 %window_0_load_4, i8 %window_0_1_load_4, i8 %window_0_2_load_4, i8 %window_0_load_5, i8 %window_0_1_load_5, i8 %window_0_2_load_5, i8 %window_0_load_6, i8 %window_0_1_load_6, i8 %window_0_2_load_6, i8 %window_0_load_7, i8 %window_0_1_load_7, i8 %window_0_2_load_7, i8 %window_0_load_8, i8 %window_0_1_load_8, i8 %window_0_2_load_8, i8 %out, i8 %p_ZN18predecoder_weightsL13LAYER0_WEIGHTE_0, i8 %p_ZN18predecoder_weightsL13LAYER0_WEIGHTE_1, i8 %p_ZN18predecoder_weightsL13LAYER0_WEIGHTE_2, i7 %p_ZN18predecoder_weightsL13LAYER0_WEIGHTE_3, i8 %p_ZN18predecoder_weightsL13LAYER0_WEIGHTE_4, i8 %p_ZN18predecoder_weightsL13LAYER0_WEIGHTE_5, i6 %p_ZN18predecoder_weightsL13LAYER0_WEIGHTE_6, i8 %p_ZN18predecoder_weightsL13LAYER0_WEIGHTE_7, i8 %p_ZN18predecoder_weightsL13LAYER0_WEIGHTE_8, i8 %p_ZN18predecoder_weightsL13LAYER0_WEIGHTE_9, i8 %p_ZN18predecoder_weightsL13LAYER0_WEIGHTE_10, i8 %p_ZN18predecoder_weightsL13LAYER0_WEIGHTE_11, i8 %p_ZN18predecoder_weightsL13LAYER0_WEIGHTE_12, i8 %p_ZN18predecoder_weightsL13LAYER0_WEIGHTE_13, i8 %p_ZN18predecoder_weightsL13LAYER0_WEIGHTE_14, i8 %p_ZN18predecoder_weightsL13LAYER0_WEIGHTE_15, i8 %p_ZN18predecoder_weightsL13LAYER0_WEIGHTE_16, i8 %p_ZN18predecoder_weightsL13LAYER0_WEIGHTE_17, i8 %p_ZN18predecoder_weightsL13LAYER0_WEIGHTE_18, i8 %p_ZN18predecoder_weightsL13LAYER0_WEIGHTE_19, i7 %p_ZN18predecoder_weightsL13LAYER0_WEIGHTE_20, i8 %p_ZN18predecoder_weightsL13LAYER0_WEIGHTE_21, i8 %p_ZN18predecoder_weightsL13LAYER0_WEIGHTE_22, i8 %p_ZN18predecoder_weightsL13LAYER0_WEIGHTE_23, i8 %p_ZN18predecoder_weightsL13LAYER0_WEIGHTE_24, i7 %p_ZN18predecoder_weightsL13LAYER0_WEIGHTE_25, i7 %p_ZN18predecoder_weightsL13LAYER0_WEIGHTE_26, i9 %predecoder_weights_LAYER0_BIAS, i41 %layer0_mult"   --->   Operation 186 'call' 'call_ln0' <Predicate = true> <Delay = 0.00> <CoreType = "Generic">   --->   Core 0 '' <Latency = 0> <II = 1> <Delay = 1.00> <Generic> <Opcode : >

State 15 <SV = 14> <Delay = 0.66>
ST_15 : Operation 187 [2/2] (0.66ns)   --->   "%out_load = load i4 %out_addr" [predecoder_kernel.cpp:123]   --->   Operation 187 'load' 'out_load' <Predicate = true> <Delay = 0.66> <CoreInst = "RAM">   --->   Core 83 'RAM' <Latency = 1> <II = 1> <Delay = 0.66> <Storage> <Opcode : 'load' 'store'> <Ports = 2> <Width = 8> <Depth = 12> <RAM>
ST_15 : Operation 188 [2/2] (0.66ns)   --->   "%out_load_1 = load i4 %out_addr_1" [predecoder_kernel.cpp:123]   --->   Operation 188 'load' 'out_load_1' <Predicate = true> <Delay = 0.66> <CoreInst = "RAM">   --->   Core 83 'RAM' <Latency = 1> <II = 1> <Delay = 0.66> <Storage> <Opcode : 'load' 'store'> <Ports = 2> <Width = 8> <Depth = 12> <RAM>

State 16 <SV = 15> <Delay = 0.66>
ST_16 : Operation 189 [1/2] (0.66ns)   --->   "%out_load = load i4 %out_addr" [predecoder_kernel.cpp:123]   --->   Operation 189 'load' 'out_load' <Predicate = true> <Delay = 0.66> <CoreInst = "RAM">   --->   Core 83 'RAM' <Latency = 1> <II = 1> <Delay = 0.66> <Storage> <Opcode : 'load' 'store'> <Ports = 2> <Width = 8> <Depth = 12> <RAM>
ST_16 : Operation 190 [1/2] (0.66ns)   --->   "%out_load_1 = load i4 %out_addr_1" [predecoder_kernel.cpp:123]   --->   Operation 190 'load' 'out_load_1' <Predicate = true> <Delay = 0.66> <CoreInst = "RAM">   --->   Core 83 'RAM' <Latency = 1> <II = 1> <Delay = 0.66> <Storage> <Opcode : 'load' 'store'> <Ports = 2> <Width = 8> <Depth = 12> <RAM>
ST_16 : Operation 191 [2/2] (0.66ns)   --->   "%out_load_2 = load i4 %out_addr_2" [predecoder_kernel.cpp:123]   --->   Operation 191 'load' 'out_load_2' <Predicate = true> <Delay = 0.66> <CoreInst = "RAM">   --->   Core 83 'RAM' <Latency = 1> <II = 1> <Delay = 0.66> <Storage> <Opcode : 'load' 'store'> <Ports = 2> <Width = 8> <Depth = 12> <RAM>
ST_16 : Operation 192 [2/2] (0.66ns)   --->   "%out_load_3 = load i4 %out_addr_3" [predecoder_kernel.cpp:123]   --->   Operation 192 'load' 'out_load_3' <Predicate = true> <Delay = 0.66> <CoreInst = "RAM">   --->   Core 83 'RAM' <Latency = 1> <II = 1> <Delay = 0.66> <Storage> <Opcode : 'load' 'store'> <Ports = 2> <Width = 8> <Depth = 12> <RAM>

State 17 <SV = 16> <Delay = 0.66>
ST_17 : Operation 193 [1/2] (0.66ns)   --->   "%out_load_2 = load i4 %out_addr_2" [predecoder_kernel.cpp:123]   --->   Operation 193 'load' 'out_load_2' <Predicate = true> <Delay = 0.66> <CoreInst = "RAM">   --->   Core 83 'RAM' <Latency = 1> <II = 1> <Delay = 0.66> <Storage> <Opcode : 'load' 'store'> <Ports = 2> <Width = 8> <Depth = 12> <RAM>
ST_17 : Operation 194 [1/2] (0.66ns)   --->   "%out_load_3 = load i4 %out_addr_3" [predecoder_kernel.cpp:123]   --->   Operation 194 'load' 'out_load_3' <Predicate = true> <Delay = 0.66> <CoreInst = "RAM">   --->   Core 83 'RAM' <Latency = 1> <II = 1> <Delay = 0.66> <Storage> <Opcode : 'load' 'store'> <Ports = 2> <Width = 8> <Depth = 12> <RAM>
ST_17 : Operation 195 [2/2] (0.66ns)   --->   "%out_load_4 = load i4 %out_addr_4" [predecoder_kernel.cpp:123]   --->   Operation 195 'load' 'out_load_4' <Predicate = true> <Delay = 0.66> <CoreInst = "RAM">   --->   Core 83 'RAM' <Latency = 1> <II = 1> <Delay = 0.66> <Storage> <Opcode : 'load' 'store'> <Ports = 2> <Width = 8> <Depth = 12> <RAM>
ST_17 : Operation 196 [2/2] (0.66ns)   --->   "%out_load_5 = load i4 %out_addr_5" [predecoder_kernel.cpp:123]   --->   Operation 196 'load' 'out_load_5' <Predicate = true> <Delay = 0.66> <CoreInst = "RAM">   --->   Core 83 'RAM' <Latency = 1> <II = 1> <Delay = 0.66> <Storage> <Opcode : 'load' 'store'> <Ports = 2> <Width = 8> <Depth = 12> <RAM>

State 18 <SV = 17> <Delay = 0.66>
ST_18 : Operation 197 [1/2] (0.66ns)   --->   "%out_load_4 = load i4 %out_addr_4" [predecoder_kernel.cpp:123]   --->   Operation 197 'load' 'out_load_4' <Predicate = true> <Delay = 0.66> <CoreInst = "RAM">   --->   Core 83 'RAM' <Latency = 1> <II = 1> <Delay = 0.66> <Storage> <Opcode : 'load' 'store'> <Ports = 2> <Width = 8> <Depth = 12> <RAM>
ST_18 : Operation 198 [1/2] (0.66ns)   --->   "%out_load_5 = load i4 %out_addr_5" [predecoder_kernel.cpp:123]   --->   Operation 198 'load' 'out_load_5' <Predicate = true> <Delay = 0.66> <CoreInst = "RAM">   --->   Core 83 'RAM' <Latency = 1> <II = 1> <Delay = 0.66> <Storage> <Opcode : 'load' 'store'> <Ports = 2> <Width = 8> <Depth = 12> <RAM>
ST_18 : Operation 199 [2/2] (0.66ns)   --->   "%out_load_6 = load i4 %out_addr_6" [predecoder_kernel.cpp:123]   --->   Operation 199 'load' 'out_load_6' <Predicate = true> <Delay = 0.66> <CoreInst = "RAM">   --->   Core 83 'RAM' <Latency = 1> <II = 1> <Delay = 0.66> <Storage> <Opcode : 'load' 'store'> <Ports = 2> <Width = 8> <Depth = 12> <RAM>
ST_18 : Operation 200 [2/2] (0.66ns)   --->   "%out_load_7 = load i4 %out_addr_7" [predecoder_kernel.cpp:123]   --->   Operation 200 'load' 'out_load_7' <Predicate = true> <Delay = 0.66> <CoreInst = "RAM">   --->   Core 83 'RAM' <Latency = 1> <II = 1> <Delay = 0.66> <Storage> <Opcode : 'load' 'store'> <Ports = 2> <Width = 8> <Depth = 12> <RAM>

State 19 <SV = 18> <Delay = 0.66>
ST_19 : Operation 201 [1/2] (0.66ns)   --->   "%out_load_6 = load i4 %out_addr_6" [predecoder_kernel.cpp:123]   --->   Operation 201 'load' 'out_load_6' <Predicate = true> <Delay = 0.66> <CoreInst = "RAM">   --->   Core 83 'RAM' <Latency = 1> <II = 1> <Delay = 0.66> <Storage> <Opcode : 'load' 'store'> <Ports = 2> <Width = 8> <Depth = 12> <RAM>
ST_19 : Operation 202 [1/2] (0.66ns)   --->   "%out_load_7 = load i4 %out_addr_7" [predecoder_kernel.cpp:123]   --->   Operation 202 'load' 'out_load_7' <Predicate = true> <Delay = 0.66> <CoreInst = "RAM">   --->   Core 83 'RAM' <Latency = 1> <II = 1> <Delay = 0.66> <Storage> <Opcode : 'load' 'store'> <Ports = 2> <Width = 8> <Depth = 12> <RAM>
ST_19 : Operation 203 [2/2] (0.66ns)   --->   "%out_load_8 = load i4 %out_addr_8" [predecoder_kernel.cpp:123]   --->   Operation 203 'load' 'out_load_8' <Predicate = true> <Delay = 0.66> <CoreInst = "RAM">   --->   Core 83 'RAM' <Latency = 1> <II = 1> <Delay = 0.66> <Storage> <Opcode : 'load' 'store'> <Ports = 2> <Width = 8> <Depth = 12> <RAM>
ST_19 : Operation 204 [2/2] (0.66ns)   --->   "%out_load_9 = load i4 %out_addr_9" [predecoder_kernel.cpp:123]   --->   Operation 204 'load' 'out_load_9' <Predicate = true> <Delay = 0.66> <CoreInst = "RAM">   --->   Core 83 'RAM' <Latency = 1> <II = 1> <Delay = 0.66> <Storage> <Opcode : 'load' 'store'> <Ports = 2> <Width = 8> <Depth = 12> <RAM>

State 20 <SV = 19> <Delay = 0.66>
ST_20 : Operation 205 [1/2] (0.66ns)   --->   "%out_load_8 = load i4 %out_addr_8" [predecoder_kernel.cpp:123]   --->   Operation 205 'load' 'out_load_8' <Predicate = true> <Delay = 0.66> <CoreInst = "RAM">   --->   Core 83 'RAM' <Latency = 1> <II = 1> <Delay = 0.66> <Storage> <Opcode : 'load' 'store'> <Ports = 2> <Width = 8> <Depth = 12> <RAM>
ST_20 : Operation 206 [1/2] (0.66ns)   --->   "%out_load_9 = load i4 %out_addr_9" [predecoder_kernel.cpp:123]   --->   Operation 206 'load' 'out_load_9' <Predicate = true> <Delay = 0.66> <CoreInst = "RAM">   --->   Core 83 'RAM' <Latency = 1> <II = 1> <Delay = 0.66> <Storage> <Opcode : 'load' 'store'> <Ports = 2> <Width = 8> <Depth = 12> <RAM>
ST_20 : Operation 207 [2/2] (0.66ns)   --->   "%out_load_10 = load i4 %out_addr_10" [predecoder_kernel.cpp:123]   --->   Operation 207 'load' 'out_load_10' <Predicate = true> <Delay = 0.66> <CoreInst = "RAM">   --->   Core 83 'RAM' <Latency = 1> <II = 1> <Delay = 0.66> <Storage> <Opcode : 'load' 'store'> <Ports = 2> <Width = 8> <Depth = 12> <RAM>
ST_20 : Operation 208 [2/2] (0.66ns)   --->   "%out_load_11 = load i4 %out_addr_11" [predecoder_kernel.cpp:123]   --->   Operation 208 'load' 'out_load_11' <Predicate = true> <Delay = 0.66> <CoreInst = "RAM">   --->   Core 83 'RAM' <Latency = 1> <II = 1> <Delay = 0.66> <Storage> <Opcode : 'load' 'store'> <Ports = 2> <Width = 8> <Depth = 12> <RAM>

State 21 <SV = 20> <Delay = 1.88>
ST_21 : Operation 209 [1/1] (0.00ns)   --->   "%specloopname_ln0 = specloopname void @_ssdm_op_SpecLoopName, void @CONV_EMIT_VITIS_LOOP_63_4_str"   --->   Operation 209 'specloopname' 'specloopname_ln0' <Predicate = true> <Delay = 0.00>
ST_21 : Operation 210 [1/1] (0.00ns)   --->   "%speclooptripcount_ln0 = speclooptripcount void @_ssdm_op_SpecLoopTripCount, i64 36, i64 36, i64 36"   --->   Operation 210 'speclooptripcount' 'speclooptripcount_ln0' <Predicate = true> <Delay = 0.00>
ST_21 : Operation 211 [1/2] (0.66ns)   --->   "%out_load_10 = load i4 %out_addr_10" [predecoder_kernel.cpp:123]   --->   Operation 211 'load' 'out_load_10' <Predicate = true> <Delay = 0.66> <CoreInst = "RAM">   --->   Core 83 'RAM' <Latency = 1> <II = 1> <Delay = 0.66> <Storage> <Opcode : 'load' 'store'> <Ports = 2> <Width = 8> <Depth = 12> <RAM>
ST_21 : Operation 212 [1/2] (0.66ns)   --->   "%out_load_11 = load i4 %out_addr_11" [predecoder_kernel.cpp:123]   --->   Operation 212 'load' 'out_load_11' <Predicate = true> <Delay = 0.66> <CoreInst = "RAM">   --->   Core 83 'RAM' <Latency = 1> <II = 1> <Delay = 0.66> <Storage> <Opcode : 'load' 'store'> <Ports = 2> <Width = 8> <Depth = 12> <RAM>
ST_21 : Operation 213 [1/1] (0.00ns)   --->   "%or_ln123_s = bitconcatenate i96 @_ssdm_op_BitConcatenate.i96.i8.i8.i8.i8.i8.i8.i8.i8.i8.i8.i8.i8, i8 %out_load_11, i8 %out_load_10, i8 %out_load_9, i8 %out_load_8, i8 %out_load_7, i8 %out_load_6, i8 %out_load_5, i8 %out_load_4, i8 %out_load_3, i8 %out_load_2, i8 %out_load_1, i8 %out_load" [predecoder_kernel.cpp:123]   --->   Operation 213 'bitconcatenate' 'or_ln123_s' <Predicate = true> <Delay = 0.00>
ST_21 : Operation 214 [1/1] (1.21ns)   --->   "%write_ln123 = write void @_ssdm_op_Write.ap_fifo.volatile.i96P0A, i96 %s1, i96 %or_ln123_s" [predecoder_kernel.cpp:123]   --->   Operation 214 'write' 'write_ln123' <Predicate = true> <Delay = 1.21> <CoreInst = "FIFO_SRL">   --->   Core 81 'FIFO_SRL' <Latency = 0> <II = 1> <Delay = 1.42> <Storage> <Opcode : 'read' 'write' 'nbread' 'nbwrite'> <Ports = 0> <Width = 96> <Depth = 8> <FIFO>
ST_21 : Operation 215 [1/1] (0.00ns)   --->   "%br_ln63 = br void %for.body34" [predecoder_kernel.cpp:63]   --->   Operation 215 'br' 'br_ln63' <Predicate = true> <Delay = 0.00>


============================================================
+ Verbose Summary: Binding
============================================================
STG Binding: 
---------------- STG Properties BEGIN ----------------
- Is combinational: 0
- Is one-state seq: 0
- Is datapath-only: 0
- Is pipelined: 0
- Is top level: 0
Port [ Return ] is wired: 1; IO mode=ap_ctrl_hs:ce=0
Port [ s0]:  wired=1; compound=1; hidden=0; nouse=0; global=0; static=0; extern=0; dir=0; type=3; pingpong=0; private_global=0; IO mode=ap_fifo:ce=0
Port [ s1]:  wired=1; compound=1; hidden=0; nouse=0; global=0; static=0; extern=0; dir=1; type=3; pingpong=0; private_global=0; IO mode=ap_fifo:ce=0
Port [ p_ZN18predecoder_weightsL13LAYER0_WEIGHTE_0]:  wired=0; compound=1; hidden=1; nouse=1; global=1; static=1; extern=0; dir=0; type=1; pingpong=0; private_global=0; MemPort=[1]; IO mode=ap_memory:ce=0
Port [ p_ZN18predecoder_weightsL13LAYER0_WEIGHTE_1]:  wired=0; compound=1; hidden=1; nouse=1; global=1; static=1; extern=0; dir=0; type=1; pingpong=0; private_global=0; MemPort=[1]; IO mode=ap_memory:ce=0
Port [ p_ZN18predecoder_weightsL13LAYER0_WEIGHTE_2]:  wired=0; compound=1; hidden=1; nouse=1; global=1; static=1; extern=0; dir=0; type=1; pingpong=0; private_global=0; MemPort=[1]; IO mode=ap_memory:ce=0
Port [ p_ZN18predecoder_weightsL13LAYER0_WEIGHTE_3]:  wired=0; compound=1; hidden=1; nouse=1; global=1; static=1; extern=0; dir=0; type=1; pingpong=0; private_global=0; MemPort=[1]; IO mode=ap_memory:ce=0
Port [ p_ZN18predecoder_weightsL13LAYER0_WEIGHTE_4]:  wired=0; compound=1; hidden=1; nouse=1; global=1; static=1; extern=0; dir=0; type=1; pingpong=0; private_global=0; MemPort=[1]; IO mode=ap_memory:ce=0
Port [ p_ZN18predecoder_weightsL13LAYER0_WEIGHTE_5]:  wired=0; compound=1; hidden=1; nouse=1; global=1; static=1; extern=0; dir=0; type=1; pingpong=0; private_global=0; MemPort=[1]; IO mode=ap_memory:ce=0
Port [ p_ZN18predecoder_weightsL13LAYER0_WEIGHTE_6]:  wired=0; compound=1; hidden=1; nouse=1; global=1; static=1; extern=0; dir=0; type=1; pingpong=0; private_global=0; MemPort=[1]; IO mode=ap_memory:ce=0
Port [ p_ZN18predecoder_weightsL13LAYER0_WEIGHTE_7]:  wired=0; compound=1; hidden=1; nouse=1; global=1; static=1; extern=0; dir=0; type=1; pingpong=0; private_global=0; MemPort=[1]; IO mode=ap_memory:ce=0
Port [ p_ZN18predecoder_weightsL13LAYER0_WEIGHTE_8]:  wired=0; compound=1; hidden=1; nouse=1; global=1; static=1; extern=0; dir=0; type=1; pingpong=0; private_global=0; MemPort=[1]; IO mode=ap_memory:ce=0
Port [ p_ZN18predecoder_weightsL13LAYER0_WEIGHTE_9]:  wired=0; compound=1; hidden=1; nouse=1; global=1; static=1; extern=0; dir=0; type=1; pingpong=0; private_global=0; MemPort=[1]; IO mode=ap_memory:ce=0
Port [ p_ZN18predecoder_weightsL13LAYER0_WEIGHTE_10]:  wired=0; compound=1; hidden=1; nouse=1; global=1; static=1; extern=0; dir=0; type=1; pingpong=0; private_global=0; MemPort=[1]; IO mode=ap_memory:ce=0
Port [ p_ZN18predecoder_weightsL13LAYER0_WEIGHTE_11]:  wired=0; compound=1; hidden=1; nouse=1; global=1; static=1; extern=0; dir=0; type=1; pingpong=0; private_global=0; MemPort=[1]; IO mode=ap_memory:ce=0
Port [ p_ZN18predecoder_weightsL13LAYER0_WEIGHTE_12]:  wired=0; compound=1; hidden=1; nouse=1; global=1; static=1; extern=0; dir=0; type=1; pingpong=0; private_global=0; MemPort=[1]; IO mode=ap_memory:ce=0
Port [ p_ZN18predecoder_weightsL13LAYER0_WEIGHTE_13]:  wired=0; compound=1; hidden=1; nouse=1; global=1; static=1; extern=0; dir=0; type=1; pingpong=0; private_global=0; MemPort=[1]; IO mode=ap_memory:ce=0
Port [ p_ZN18predecoder_weightsL13LAYER0_WEIGHTE_14]:  wired=0; compound=1; hidden=1; nouse=1; global=1; static=1; extern=0; dir=0; type=1; pingpong=0; private_global=0; MemPort=[1]; IO mode=ap_memory:ce=0
Port [ p_ZN18predecoder_weightsL13LAYER0_WEIGHTE_15]:  wired=0; compound=1; hidden=1; nouse=1; global=1; static=1; extern=0; dir=0; type=1; pingpong=0; private_global=0; MemPort=[1]; IO mode=ap_memory:ce=0
Port [ p_ZN18predecoder_weightsL13LAYER0_WEIGHTE_16]:  wired=0; compound=1; hidden=1; nouse=1; global=1; static=1; extern=0; dir=0; type=1; pingpong=0; private_global=0; MemPort=[1]; IO mode=ap_memory:ce=0
Port [ p_ZN18predecoder_weightsL13LAYER0_WEIGHTE_17]:  wired=0; compound=1; hidden=1; nouse=1; global=1; static=1; extern=0; dir=0; type=1; pingpong=0; private_global=0; MemPort=[1]; IO mode=ap_memory:ce=0
Port [ p_ZN18predecoder_weightsL13LAYER0_WEIGHTE_18]:  wired=0; compound=1; hidden=1; nouse=1; global=1; static=1; extern=0; dir=0; type=1; pingpong=0; private_global=0; MemPort=[1]; IO mode=ap_memory:ce=0
Port [ p_ZN18predecoder_weightsL13LAYER0_WEIGHTE_19]:  wired=0; compound=1; hidden=1; nouse=1; global=1; static=1; extern=0; dir=0; type=1; pingpong=0; private_global=0; MemPort=[1]; IO mode=ap_memory:ce=0
Port [ p_ZN18predecoder_weightsL13LAYER0_WEIGHTE_20]:  wired=0; compound=1; hidden=1; nouse=1; global=1; static=1; extern=0; dir=0; type=1; pingpong=0; private_global=0; MemPort=[1]; IO mode=ap_memory:ce=0
Port [ p_ZN18predecoder_weightsL13LAYER0_WEIGHTE_21]:  wired=0; compound=1; hidden=1; nouse=1; global=1; static=1; extern=0; dir=0; type=1; pingpong=0; private_global=0; MemPort=[1]; IO mode=ap_memory:ce=0
Port [ p_ZN18predecoder_weightsL13LAYER0_WEIGHTE_22]:  wired=0; compound=1; hidden=1; nouse=1; global=1; static=1; extern=0; dir=0; type=1; pingpong=0; private_global=0; MemPort=[1]; IO mode=ap_memory:ce=0
Port [ p_ZN18predecoder_weightsL13LAYER0_WEIGHTE_23]:  wired=0; compound=1; hidden=1; nouse=1; global=1; static=1; extern=0; dir=0; type=1; pingpong=0; private_global=0; MemPort=[1]; IO mode=ap_memory:ce=0
Port [ p_ZN18predecoder_weightsL13LAYER0_WEIGHTE_24]:  wired=0; compound=1; hidden=1; nouse=1; global=1; static=1; extern=0; dir=0; type=1; pingpong=0; private_global=0; MemPort=[1]; IO mode=ap_memory:ce=0
Port [ p_ZN18predecoder_weightsL13LAYER0_WEIGHTE_25]:  wired=0; compound=1; hidden=1; nouse=1; global=1; static=1; extern=0; dir=0; type=1; pingpong=0; private_global=0; MemPort=[1]; IO mode=ap_memory:ce=0
Port [ p_ZN18predecoder_weightsL13LAYER0_WEIGHTE_26]:  wired=0; compound=1; hidden=1; nouse=1; global=1; static=1; extern=0; dir=0; type=1; pingpong=0; private_global=0; MemPort=[1]; IO mode=ap_memory:ce=0
Port [ predecoder_weights_LAYER0_BIAS]:  wired=0; compound=1; hidden=1; nouse=1; global=1; static=1; extern=0; dir=0; type=1; pingpong=0; private_global=0; MemPort=[1]; IO mode=ap_memory:ce=0
Port [ layer0_mult]:  wired=0; compound=1; hidden=1; nouse=1; global=1; static=1; extern=0; dir=0; type=1; pingpong=0; private_global=0; MemPort=[1]; IO mode=ap_memory:ce=0
---------------- STG Properties END ------------------

---------------- Datapath Model BEGIN ----------------

<LifeTime>
<method=bitvector/>
t                     (alloca           ) [ 0111111111111111111111]
fb_0                  (alloca           ) [ 0011111111111111111111]
fb_0_1                (alloca           ) [ 0011111111111111111111]
fb_0_2                (alloca           ) [ 0011111111111111111111]
fb_0_3                (alloca           ) [ 0011111111111111111111]
fb_0_4                (alloca           ) [ 0011111111111111111111]
fb_0_5                (alloca           ) [ 0011111111111111111111]
fb_0_6                (alloca           ) [ 0011111111111111111111]
fb_0_7                (alloca           ) [ 0011111111111111111111]
fb_0_8                (alloca           ) [ 0011111111111111111111]
fb_0_9                (alloca           ) [ 0011111111111111111111]
fb_0_10               (alloca           ) [ 0011111111111111111111]
fb_0_11               (alloca           ) [ 0011111111111111111111]
fb_0_12               (alloca           ) [ 0011111111111111111111]
fb_0_13               (alloca           ) [ 0011111111111111111111]
fb_0_14               (alloca           ) [ 0011111111111111111111]
fb_0_15               (alloca           ) [ 0011111111111111111111]
fb_0_16               (alloca           ) [ 0011111111111111111111]
fb_0_17               (alloca           ) [ 0011111111111111111111]
window_0              (alloca           ) [ 0011111111111111111111]
window_0_1            (alloca           ) [ 0011111111111111111111]
window_0_2            (alloca           ) [ 0011111111111111111111]
out                   (alloca           ) [ 0011111111111111111111]
store_ln43            (store            ) [ 0000000000000000000000]
specinterface_ln0     (specinterface    ) [ 0000000000000000000000]
specinterface_ln0     (specinterface    ) [ 0000000000000000000000]
window_0_addr         (getelementptr    ) [ 0001111111111111111111]
window_0_addr_1       (getelementptr    ) [ 0001111111111111111111]
window_0_addr_2       (getelementptr    ) [ 0001111111111111111111]
window_0_addr_3       (getelementptr    ) [ 0001111111111111111111]
window_0_addr_4       (getelementptr    ) [ 0001111111111111111111]
window_0_addr_5       (getelementptr    ) [ 0001111111111111111111]
window_0_addr_6       (getelementptr    ) [ 0001111111111111111111]
window_0_addr_7       (getelementptr    ) [ 0001111111111111111111]
window_0_addr_8       (getelementptr    ) [ 0001111111111111111111]
window_0_1_addr       (getelementptr    ) [ 0001111111111111111111]
window_0_1_addr_1     (getelementptr    ) [ 0001111111111111111111]
window_0_1_addr_2     (getelementptr    ) [ 0001111111111111111111]
window_0_1_addr_3     (getelementptr    ) [ 0001111111111111111111]
window_0_1_addr_4     (getelementptr    ) [ 0001111111111111111111]
window_0_1_addr_5     (getelementptr    ) [ 0001111111111111111111]
window_0_1_addr_6     (getelementptr    ) [ 0001111111111111111111]
window_0_1_addr_7     (getelementptr    ) [ 0001111111111111111111]
window_0_1_addr_8     (getelementptr    ) [ 0001111111111111111111]
window_0_2_addr       (getelementptr    ) [ 0001111111111111111111]
window_0_2_addr_1     (getelementptr    ) [ 0001111111111111111111]
window_0_2_addr_2     (getelementptr    ) [ 0001111111111111111111]
window_0_2_addr_3     (getelementptr    ) [ 0001111111111111111111]
window_0_2_addr_4     (getelementptr    ) [ 0001111111111111111111]
window_0_2_addr_5     (getelementptr    ) [ 0001111111111111111111]
window_0_2_addr_6     (getelementptr    ) [ 0001111111111111111111]
window_0_2_addr_7     (getelementptr    ) [ 0001111111111111111111]
window_0_2_addr_8     (getelementptr    ) [ 0001111111111111111111]
call_ln0              (call             ) [ 0000000000000000000000]
out_addr              (getelementptr    ) [ 0001111111111111111111]
out_addr_1            (getelementptr    ) [ 0001111111111111111111]
out_addr_2            (getelementptr    ) [ 0001111111111111111111]
out_addr_3            (getelementptr    ) [ 0001111111111111111111]
out_addr_4            (getelementptr    ) [ 0001111111111111111111]
out_addr_5            (getelementptr    ) [ 0001111111111111111111]
out_addr_6            (getelementptr    ) [ 0001111111111111111111]
out_addr_7            (getelementptr    ) [ 0001111111111111111111]
out_addr_8            (getelementptr    ) [ 0001111111111111111111]
out_addr_9            (getelementptr    ) [ 0001111111111111111111]
out_addr_10           (getelementptr    ) [ 0001111111111111111111]
out_addr_11           (getelementptr    ) [ 0001111111111111111111]
br_ln43               (br               ) [ 0000000000000000000000]
t_3                   (load             ) [ 0000111111111111111111]
icmp_ln43             (icmp             ) [ 0001111111111111111111]
speclooptripcount_ln0 (speclooptripcount) [ 0000000000000000000000]
add_ln43              (add              ) [ 0000111111111111111111]
br_ln43               (br               ) [ 0000000000000000000000]
zext_ln43             (zext             ) [ 0000110000000000000000]
specloopname_ln43     (specloopname     ) [ 0000000000000000000000]
icmp_ln45             (icmp             ) [ 0001111111111111111111]
br_ln45               (br               ) [ 0000000000000000000000]
empty                 (icmp             ) [ 0000000000000000000000]
empty_61              (trunc            ) [ 0000000000000000000000]
empty_62              (add              ) [ 0000000000000000000000]
empty_63              (select           ) [ 0000100000000000000000]
empty_64              (wait             ) [ 0000000000000000000000]
ret_ln127             (ret              ) [ 0000000000000000000000]
call_ln0              (call             ) [ 0000000000000000000000]
empty_65              (wait             ) [ 0000000000000000000000]
br_ln0                (br               ) [ 0000000000000000000000]
add_ln59              (add              ) [ 0000000000000000000000]
tmp                   (bitselect        ) [ 0001111111111111111111]
br_ln60               (br               ) [ 0000000000000000000000]
br_ln62               (br               ) [ 0001111111111111111111]
indvar_flatten32      (phi              ) [ 0000001000000000000000]
y                     (phi              ) [ 0000001000000000000000]
x                     (phi              ) [ 0000001000000000000000]
icmp_ln62             (icmp             ) [ 0001111111111111111111]
add_ln62_1            (add              ) [ 0001111111111111111111]
br_ln62               (br               ) [ 0000000000000000000000]
add_ln62              (add              ) [ 0000000000000000000000]
icmp_ln63             (icmp             ) [ 0000000000000000000000]
select_ln62           (select           ) [ 0000000100000000000000]
select_ln62_1         (select           ) [ 0001111111111111111111]
add_ln64              (add              ) [ 0001111111111111111111]
cmp8_i_i              (icmp             ) [ 0000000100000000000000]
cmp9_i_i_2            (icmp             ) [ 0000000100000000000000]
br_ln0                (br               ) [ 0000000000000000000000]
store_ln43            (store            ) [ 0000000000000000000000]
br_ln43               (br               ) [ 0000000000000000000000]
call_ln62             (call             ) [ 0000000000000000000000]
window_0_load         (load             ) [ 0000000000111110000000]
window_0_1_load       (load             ) [ 0000000000111110000000]
window_0_2_load       (load             ) [ 0000000000111110000000]
window_0_load_1       (load             ) [ 0000000000011110000000]
window_0_1_load_1     (load             ) [ 0000000000011110000000]
window_0_2_load_1     (load             ) [ 0000000000011110000000]
window_0_load_2       (load             ) [ 0000000000011110000000]
window_0_1_load_2     (load             ) [ 0000000000011110000000]
window_0_2_load_2     (load             ) [ 0000000000011110000000]
window_0_load_3       (load             ) [ 0000000000001110000000]
window_0_1_load_3     (load             ) [ 0000000000001110000000]
window_0_2_load_3     (load             ) [ 0000000000001110000000]
window_0_load_4       (load             ) [ 0000000000001110000000]
window_0_1_load_4     (load             ) [ 0000000000001110000000]
window_0_2_load_4     (load             ) [ 0000000000001110000000]
window_0_load_5       (load             ) [ 0000000000000110000000]
window_0_1_load_5     (load             ) [ 0000000000000110000000]
window_0_2_load_5     (load             ) [ 0000000000000110000000]
window_0_load_6       (load             ) [ 0000000000000110000000]
window_0_1_load_6     (load             ) [ 0000000000000110000000]
window_0_2_load_6     (load             ) [ 0000000000000110000000]
window_0_load_7       (load             ) [ 0000000000000010000000]
window_0_1_load_7     (load             ) [ 0000000000000010000000]
window_0_2_load_7     (load             ) [ 0000000000000010000000]
window_0_load_8       (load             ) [ 0000000000000010000000]
window_0_1_load_8     (load             ) [ 0000000000000010000000]
window_0_2_load_8     (load             ) [ 0000000000000010000000]
call_ln0              (call             ) [ 0000000000000000000000]
out_load              (load             ) [ 0000000000000000011111]
out_load_1            (load             ) [ 0000000000000000011111]
out_load_2            (load             ) [ 0000000000000000001111]
out_load_3            (load             ) [ 0000000000000000001111]
out_load_4            (load             ) [ 0000000000000000000111]
out_load_5            (load             ) [ 0000000000000000000111]
out_load_6            (load             ) [ 0000000000000000000011]
out_load_7            (load             ) [ 0000000000000000000011]
out_load_8            (load             ) [ 0000000000000000000001]
out_load_9            (load             ) [ 0000000000000000000001]
specloopname_ln0      (specloopname     ) [ 0000000000000000000000]
speclooptripcount_ln0 (speclooptripcount) [ 0000000000000000000000]
out_load_10           (load             ) [ 0000000000000000000000]
out_load_11           (load             ) [ 0000000000000000000000]
or_ln123_s            (bitconcatenate   ) [ 0000000000000000000000]
write_ln123           (write            ) [ 0000000000000000000000]
br_ln63               (br               ) [ 0001111111111111111111]
</LifeTime>

<model>

<comp_list>
<comp id="0" class="1000" name="s0">
<pin_list>
<pin id="1" dir="1" index="0" bw="1" slack="0"/>
</pin_list>
<bind>
<StgValue><ssdm name="s0"/></StgValue>
</bind>
</comp>

<comp id="2" class="1000" name="s1">
<pin_list>
<pin id="3" dir="1" index="0" bw="1" slack="0"/>
</pin_list>
<bind>
<StgValue><ssdm name="s1"/></StgValue>
</bind>
</comp>

<comp id="4" class="1000" name="p_ZN18predecoder_weightsL13LAYER0_WEIGHTE_0">
<pin_list>
<pin id="5" dir="1" index="0" bw="1" slack="0"/>
</pin_list>
<bind>
<StgValue><ssdm name="p_ZN18predecoder_weightsL13LAYER0_WEIGHTE_0"/><MemPortTyVec>1 </MemPortTyVec>
</StgValue>
</bind>
</comp>

<comp id="6" class="1000" name="p_ZN18predecoder_weightsL13LAYER0_WEIGHTE_1">
<pin_list>
<pin id="7" dir="1" index="0" bw="1" slack="0"/>
</pin_list>
<bind>
<StgValue><ssdm name="p_ZN18predecoder_weightsL13LAYER0_WEIGHTE_1"/><MemPortTyVec>1 </MemPortTyVec>
</StgValue>
</bind>
</comp>

<comp id="8" class="1000" name="p_ZN18predecoder_weightsL13LAYER0_WEIGHTE_2">
<pin_list>
<pin id="9" dir="1" index="0" bw="1" slack="0"/>
</pin_list>
<bind>
<StgValue><ssdm name="p_ZN18predecoder_weightsL13LAYER0_WEIGHTE_2"/><MemPortTyVec>1 </MemPortTyVec>
</StgValue>
</bind>
</comp>

<comp id="10" class="1000" name="p_ZN18predecoder_weightsL13LAYER0_WEIGHTE_3">
<pin_list>
<pin id="11" dir="1" index="0" bw="1" slack="0"/>
</pin_list>
<bind>
<StgValue><ssdm name="p_ZN18predecoder_weightsL13LAYER0_WEIGHTE_3"/><MemPortTyVec>1 </MemPortTyVec>
</StgValue>
</bind>
</comp>

<comp id="12" class="1000" name="p_ZN18predecoder_weightsL13LAYER0_WEIGHTE_4">
<pin_list>
<pin id="13" dir="1" index="0" bw="1" slack="0"/>
</pin_list>
<bind>
<StgValue><ssdm name="p_ZN18predecoder_weightsL13LAYER0_WEIGHTE_4"/><MemPortTyVec>1 </MemPortTyVec>
</StgValue>
</bind>
</comp>

<comp id="14" class="1000" name="p_ZN18predecoder_weightsL13LAYER0_WEIGHTE_5">
<pin_list>
<pin id="15" dir="1" index="0" bw="1" slack="0"/>
</pin_list>
<bind>
<StgValue><ssdm name="p_ZN18predecoder_weightsL13LAYER0_WEIGHTE_5"/><MemPortTyVec>1 </MemPortTyVec>
</StgValue>
</bind>
</comp>

<comp id="16" class="1000" name="p_ZN18predecoder_weightsL13LAYER0_WEIGHTE_6">
<pin_list>
<pin id="17" dir="1" index="0" bw="1" slack="0"/>
</pin_list>
<bind>
<StgValue><ssdm name="p_ZN18predecoder_weightsL13LAYER0_WEIGHTE_6"/><MemPortTyVec>1 </MemPortTyVec>
</StgValue>
</bind>
</comp>

<comp id="18" class="1000" name="p_ZN18predecoder_weightsL13LAYER0_WEIGHTE_7">
<pin_list>
<pin id="19" dir="1" index="0" bw="1" slack="0"/>
</pin_list>
<bind>
<StgValue><ssdm name="p_ZN18predecoder_weightsL13LAYER0_WEIGHTE_7"/><MemPortTyVec>1 </MemPortTyVec>
</StgValue>
</bind>
</comp>

<comp id="20" class="1000" name="p_ZN18predecoder_weightsL13LAYER0_WEIGHTE_8">
<pin_list>
<pin id="21" dir="1" index="0" bw="1" slack="0"/>
</pin_list>
<bind>
<StgValue><ssdm name="p_ZN18predecoder_weightsL13LAYER0_WEIGHTE_8"/><MemPortTyVec>1 </MemPortTyVec>
</StgValue>
</bind>
</comp>

<comp id="22" class="1000" name="p_ZN18predecoder_weightsL13LAYER0_WEIGHTE_9">
<pin_list>
<pin id="23" dir="1" index="0" bw="1" slack="0"/>
</pin_list>
<bind>
<StgValue><ssdm name="p_ZN18predecoder_weightsL13LAYER0_WEIGHTE_9"/><MemPortTyVec>1 </MemPortTyVec>
</StgValue>
</bind>
</comp>

<comp id="24" class="1000" name="p_ZN18predecoder_weightsL13LAYER0_WEIGHTE_10">
<pin_list>
<pin id="25" dir="1" index="0" bw="1" slack="0"/>
</pin_list>
<bind>
<StgValue><ssdm name="p_ZN18predecoder_weightsL13LAYER0_WEIGHTE_10"/><MemPortTyVec>1 </MemPortTyVec>
</StgValue>
</bind>
</comp>

<comp id="26" class="1000" name="p_ZN18predecoder_weightsL13LAYER0_WEIGHTE_11">
<pin_list>
<pin id="27" dir="1" index="0" bw="1" slack="0"/>
</pin_list>
<bind>
<StgValue><ssdm name="p_ZN18predecoder_weightsL13LAYER0_WEIGHTE_11"/><MemPortTyVec>1 </MemPortTyVec>
</StgValue>
</bind>
</comp>

<comp id="28" class="1000" name="p_ZN18predecoder_weightsL13LAYER0_WEIGHTE_12">
<pin_list>
<pin id="29" dir="1" index="0" bw="1" slack="0"/>
</pin_list>
<bind>
<StgValue><ssdm name="p_ZN18predecoder_weightsL13LAYER0_WEIGHTE_12"/><MemPortTyVec>1 </MemPortTyVec>
</StgValue>
</bind>
</comp>

<comp id="30" class="1000" name="p_ZN18predecoder_weightsL13LAYER0_WEIGHTE_13">
<pin_list>
<pin id="31" dir="1" index="0" bw="1" slack="0"/>
</pin_list>
<bind>
<StgValue><ssdm name="p_ZN18predecoder_weightsL13LAYER0_WEIGHTE_13"/><MemPortTyVec>1 </MemPortTyVec>
</StgValue>
</bind>
</comp>

<comp id="32" class="1000" name="p_ZN18predecoder_weightsL13LAYER0_WEIGHTE_14">
<pin_list>
<pin id="33" dir="1" index="0" bw="1" slack="0"/>
</pin_list>
<bind>
<StgValue><ssdm name="p_ZN18predecoder_weightsL13LAYER0_WEIGHTE_14"/><MemPortTyVec>1 </MemPortTyVec>
</StgValue>
</bind>
</comp>

<comp id="34" class="1000" name="p_ZN18predecoder_weightsL13LAYER0_WEIGHTE_15">
<pin_list>
<pin id="35" dir="1" index="0" bw="1" slack="0"/>
</pin_list>
<bind>
<StgValue><ssdm name="p_ZN18predecoder_weightsL13LAYER0_WEIGHTE_15"/><MemPortTyVec>1 </MemPortTyVec>
</StgValue>
</bind>
</comp>

<comp id="36" class="1000" name="p_ZN18predecoder_weightsL13LAYER0_WEIGHTE_16">
<pin_list>
<pin id="37" dir="1" index="0" bw="1" slack="0"/>
</pin_list>
<bind>
<StgValue><ssdm name="p_ZN18predecoder_weightsL13LAYER0_WEIGHTE_16"/><MemPortTyVec>1 </MemPortTyVec>
</StgValue>
</bind>
</comp>

<comp id="38" class="1000" name="p_ZN18predecoder_weightsL13LAYER0_WEIGHTE_17">
<pin_list>
<pin id="39" dir="1" index="0" bw="1" slack="0"/>
</pin_list>
<bind>
<StgValue><ssdm name="p_ZN18predecoder_weightsL13LAYER0_WEIGHTE_17"/><MemPortTyVec>1 </MemPortTyVec>
</StgValue>
</bind>
</comp>

<comp id="40" class="1000" name="p_ZN18predecoder_weightsL13LAYER0_WEIGHTE_18">
<pin_list>
<pin id="41" dir="1" index="0" bw="1" slack="0"/>
</pin_list>
<bind>
<StgValue><ssdm name="p_ZN18predecoder_weightsL13LAYER0_WEIGHTE_18"/><MemPortTyVec>1 </MemPortTyVec>
</StgValue>
</bind>
</comp>

<comp id="42" class="1000" name="p_ZN18predecoder_weightsL13LAYER0_WEIGHTE_19">
<pin_list>
<pin id="43" dir="1" index="0" bw="1" slack="0"/>
</pin_list>
<bind>
<StgValue><ssdm name="p_ZN18predecoder_weightsL13LAYER0_WEIGHTE_19"/><MemPortTyVec>1 </MemPortTyVec>
</StgValue>
</bind>
</comp>

<comp id="44" class="1000" name="p_ZN18predecoder_weightsL13LAYER0_WEIGHTE_20">
<pin_list>
<pin id="45" dir="1" index="0" bw="1" slack="0"/>
</pin_list>
<bind>
<StgValue><ssdm name="p_ZN18predecoder_weightsL13LAYER0_WEIGHTE_20"/><MemPortTyVec>1 </MemPortTyVec>
</StgValue>
</bind>
</comp>

<comp id="46" class="1000" name="p_ZN18predecoder_weightsL13LAYER0_WEIGHTE_21">
<pin_list>
<pin id="47" dir="1" index="0" bw="1" slack="0"/>
</pin_list>
<bind>
<StgValue><ssdm name="p_ZN18predecoder_weightsL13LAYER0_WEIGHTE_21"/><MemPortTyVec>1 </MemPortTyVec>
</StgValue>
</bind>
</comp>

<comp id="48" class="1000" name="p_ZN18predecoder_weightsL13LAYER0_WEIGHTE_22">
<pin_list>
<pin id="49" dir="1" index="0" bw="1" slack="0"/>
</pin_list>
<bind>
<StgValue><ssdm name="p_ZN18predecoder_weightsL13LAYER0_WEIGHTE_22"/><MemPortTyVec>1 </MemPortTyVec>
</StgValue>
</bind>
</comp>

<comp id="50" class="1000" name="p_ZN18predecoder_weightsL13LAYER0_WEIGHTE_23">
<pin_list>
<pin id="51" dir="1" index="0" bw="1" slack="0"/>
</pin_list>
<bind>
<StgValue><ssdm name="p_ZN18predecoder_weightsL13LAYER0_WEIGHTE_23"/><MemPortTyVec>1 </MemPortTyVec>
</StgValue>
</bind>
</comp>

<comp id="52" class="1000" name="p_ZN18predecoder_weightsL13LAYER0_WEIGHTE_24">
<pin_list>
<pin id="53" dir="1" index="0" bw="1" slack="0"/>
</pin_list>
<bind>
<StgValue><ssdm name="p_ZN18predecoder_weightsL13LAYER0_WEIGHTE_24"/><MemPortTyVec>1 </MemPortTyVec>
</StgValue>
</bind>
</comp>

<comp id="54" class="1000" name="p_ZN18predecoder_weightsL13LAYER0_WEIGHTE_25">
<pin_list>
<pin id="55" dir="1" index="0" bw="1" slack="0"/>
</pin_list>
<bind>
<StgValue><ssdm name="p_ZN18predecoder_weightsL13LAYER0_WEIGHTE_25"/><MemPortTyVec>1 </MemPortTyVec>
</StgValue>
</bind>
</comp>

<comp id="56" class="1000" name="p_ZN18predecoder_weightsL13LAYER0_WEIGHTE_26">
<pin_list>
<pin id="57" dir="1" index="0" bw="1" slack="0"/>
</pin_list>
<bind>
<StgValue><ssdm name="p_ZN18predecoder_weightsL13LAYER0_WEIGHTE_26"/><MemPortTyVec>1 </MemPortTyVec>
</StgValue>
</bind>
</comp>

<comp id="58" class="1000" name="predecoder_weights_LAYER0_BIAS">
<pin_list>
<pin id="59" dir="1" index="0" bw="1" slack="0"/>
</pin_list>
<bind>
<StgValue><ssdm name="predecoder_weights_LAYER0_BIAS"/><MemPortTyVec>1 </MemPortTyVec>
</StgValue>
</bind>
</comp>

<comp id="60" class="1000" name="layer0_mult">
<pin_list>
<pin id="61" dir="1" index="0" bw="1" slack="0"/>
</pin_list>
<bind>
<StgValue><ssdm name="layer0_mult"/><MemPortTyVec>1 </MemPortTyVec>
</StgValue>
</bind>
</comp>

<comp id="62" class="1001" name="const_62">
<pin_list>
<pin id="63" dir="1" index="0" bw="1" slack="0"/>
</pin_list>
<bind>
<StgValue><ssdm name=""/></StgValue>
</bind>
</comp>

<comp id="64" class="1001" name="const_64">
<pin_list>
<pin id="65" dir="1" index="0" bw="1" slack="0"/>
</pin_list>
<bind>
<StgValue><ssdm name=""/></StgValue>
</bind>
</comp>

<comp id="66" class="1001" name="const_66">
<pin_list>
<pin id="67" dir="1" index="0" bw="1" slack="0"/>
</pin_list>
<bind>
<StgValue><ssdm name="conv3d_hidden_layer<1>_Pipeline_RESET_VITIS_LOOP_40_1_VITIS_LOOP_41_2"/></StgValue>
</bind>
</comp>

<comp id="68" class="1001" name="const_68">
<pin_list>
<pin id="69" dir="1" index="0" bw="1" slack="0"/>
</pin_list>
<bind>
<StgValue><ssdm name=""/></StgValue>
</bind>
</comp>

<comp id="70" class="1001" name="const_70">
<pin_list>
<pin id="71" dir="1" index="0" bw="1" slack="2147483647"/>
</pin_list>
<bind>
<StgValue><ssdm name="_ssdm_op_SpecInterface"/></StgValue>
</bind>
</comp>

<comp id="72" class="1001" name="const_72">
<pin_list>
<pin id="73" dir="1" index="0" bw="1" slack="2147483647"/>
</pin_list>
<bind>
<StgValue><ssdm name="empty_1"/></StgValue>
</bind>
</comp>

<comp id="74" class="1001" name="const_74">
<pin_list>
<pin id="75" dir="1" index="0" bw="1" slack="2147483647"/>
</pin_list>
<bind>
<StgValue><ssdm name=""/></StgValue>
</bind>
</comp>

<comp id="76" class="1001" name="const_76">
<pin_list>
<pin id="77" dir="1" index="0" bw="1" slack="2147483647"/>
</pin_list>
<bind>
<StgValue><ssdm name="empty_5"/></StgValue>
</bind>
</comp>

<comp id="78" class="1001" name="const_78">
<pin_list>
<pin id="79" dir="1" index="0" bw="1" slack="2147483647"/>
</pin_list>
<bind>
<StgValue><ssdm name=""/></StgValue>
</bind>
</comp>

<comp id="80" class="1001" name="const_80">
<pin_list>
<pin id="81" dir="1" index="0" bw="1" slack="0"/>
</pin_list>
<bind>
<StgValue><ssdm name=""/></StgValue>
</bind>
</comp>

<comp id="82" class="1001" name="const_82">
<pin_list>
<pin id="83" dir="1" index="0" bw="1" slack="0"/>
</pin_list>
<bind>
<StgValue><ssdm name=""/></StgValue>
</bind>
</comp>

<comp id="84" class="1001" name="const_84">
<pin_list>
<pin id="85" dir="1" index="0" bw="1" slack="0"/>
</pin_list>
<bind>
<StgValue><ssdm name=""/></StgValue>
</bind>
</comp>

<comp id="86" class="1001" name="const_86">
<pin_list>
<pin id="87" dir="1" index="0" bw="1" slack="0"/>
</pin_list>
<bind>
<StgValue><ssdm name=""/></StgValue>
</bind>
</comp>

<comp id="88" class="1001" name="const_88">
<pin_list>
<pin id="89" dir="1" index="0" bw="1" slack="0"/>
</pin_list>
<bind>
<StgValue><ssdm name=""/></StgValue>
</bind>
</comp>

<comp id="90" class="1001" name="const_90">
<pin_list>
<pin id="91" dir="1" index="0" bw="1" slack="0"/>
</pin_list>
<bind>
<StgValue><ssdm name=""/></StgValue>
</bind>
</comp>

<comp id="92" class="1001" name="const_92">
<pin_list>
<pin id="93" dir="1" index="0" bw="1" slack="0"/>
</pin_list>
<bind>
<StgValue><ssdm name=""/></StgValue>
</bind>
</comp>

<comp id="94" class="1001" name="const_94">
<pin_list>
<pin id="95" dir="1" index="0" bw="1" slack="0"/>
</pin_list>
<bind>
<StgValue><ssdm name=""/></StgValue>
</bind>
</comp>

<comp id="96" class="1001" name="const_96">
<pin_list>
<pin id="97" dir="1" index="0" bw="1" slack="0"/>
</pin_list>
<bind>
<StgValue><ssdm name=""/></StgValue>
</bind>
</comp>

<comp id="98" class="1001" name="const_98">
<pin_list>
<pin id="99" dir="1" index="0" bw="1" slack="0"/>
</pin_list>
<bind>
<StgValue><ssdm name=""/></StgValue>
</bind>
</comp>

<comp id="100" class="1001" name="const_100">
<pin_list>
<pin id="101" dir="1" index="0" bw="1" slack="0"/>
</pin_list>
<bind>
<StgValue><ssdm name=""/></StgValue>
</bind>
</comp>

<comp id="102" class="1001" name="const_102">
<pin_list>
<pin id="103" dir="1" index="0" bw="1" slack="0"/>
</pin_list>
<bind>
<StgValue><ssdm name=""/></StgValue>
</bind>
</comp>

<comp id="104" class="1001" name="const_104">
<pin_list>
<pin id="105" dir="1" index="0" bw="1" slack="2147483647"/>
</pin_list>
<bind>
<StgValue><ssdm name="_ssdm_op_SpecLoopTripCount"/></StgValue>
</bind>
</comp>

<comp id="106" class="1001" name="const_106">
<pin_list>
<pin id="107" dir="1" index="0" bw="1" slack="0"/>
</pin_list>
<bind>
<StgValue><ssdm name=""/></StgValue>
</bind>
</comp>

<comp id="108" class="1001" name="const_108">
<pin_list>
<pin id="109" dir="1" index="0" bw="1" slack="2147483647"/>
</pin_list>
<bind>
<StgValue><ssdm name="_ssdm_op_SpecLoopName"/></StgValue>
</bind>
</comp>

<comp id="110" class="1001" name="const_110">
<pin_list>
<pin id="111" dir="1" index="0" bw="1" slack="2147483647"/>
</pin_list>
<bind>
<StgValue><ssdm name="empty_9"/></StgValue>
</bind>
</comp>

<comp id="112" class="1001" name="const_112">
<pin_list>
<pin id="113" dir="1" index="0" bw="1" slack="0"/>
</pin_list>
<bind>
<StgValue><ssdm name=""/></StgValue>
</bind>
</comp>

<comp id="114" class="1001" name="const_114">
<pin_list>
<pin id="115" dir="1" index="0" bw="1" slack="0"/>
</pin_list>
<bind>
<StgValue><ssdm name=""/></StgValue>
</bind>
</comp>

<comp id="116" class="1001" name="const_116">
<pin_list>
<pin id="117" dir="1" index="0" bw="1" slack="0"/>
</pin_list>
<bind>
<StgValue><ssdm name=""/></StgValue>
</bind>
</comp>

<comp id="118" class="1001" name="const_118">
<pin_list>
<pin id="119" dir="1" index="0" bw="1" slack="2147483647"/>
</pin_list>
<bind>
<StgValue><ssdm name="_ssdm_op_Wait"/></StgValue>
</bind>
</comp>

<comp id="120" class="1001" name="const_120">
<pin_list>
<pin id="121" dir="1" index="0" bw="1" slack="0"/>
</pin_list>
<bind>
<StgValue><ssdm name="conv3d_hidden_layer<1>_Pipeline_VITIS_LOOP_46_1_VITIS_LOOP_47_2"/></StgValue>
</bind>
</comp>

<comp id="122" class="1001" name="const_122">
<pin_list>
<pin id="123" dir="1" index="0" bw="1" slack="0"/>
</pin_list>
<bind>
<StgValue><ssdm name=""/></StgValue>
</bind>
</comp>

<comp id="124" class="1001" name="const_124">
<pin_list>
<pin id="125" dir="1" index="0" bw="1" slack="0"/>
</pin_list>
<bind>
<StgValue><ssdm name="_ssdm_op_BitSelect.i1.i4.i32"/></StgValue>
</bind>
</comp>

<comp id="126" class="1001" name="const_126">
<pin_list>
<pin id="127" dir="1" index="0" bw="1" slack="0"/>
</pin_list>
<bind>
<StgValue><ssdm name=""/></StgValue>
</bind>
</comp>

<comp id="128" class="1001" name="const_128">
<pin_list>
<pin id="129" dir="1" index="0" bw="1" slack="1"/>
</pin_list>
<bind>
<StgValue><ssdm name=""/></StgValue>
</bind>
</comp>

<comp id="130" class="1001" name="const_130">
<pin_list>
<pin id="131" dir="1" index="0" bw="1" slack="0"/>
</pin_list>
<bind>
<StgValue><ssdm name=""/></StgValue>
</bind>
</comp>

<comp id="132" class="1001" name="const_132">
<pin_list>
<pin id="133" dir="1" index="0" bw="1" slack="0"/>
</pin_list>
<bind>
<StgValue><ssdm name=""/></StgValue>
</bind>
</comp>

<comp id="134" class="1001" name="const_134">
<pin_list>
<pin id="135" dir="1" index="0" bw="1" slack="0"/>
</pin_list>
<bind>
<StgValue><ssdm name="conv3d_hidden_layer<1>_Pipeline_VITIS_LOOP_89_1_VITIS_LOOP_90_2"/></StgValue>
</bind>
</comp>

<comp id="136" class="1001" name="const_136">
<pin_list>
<pin id="137" dir="1" index="0" bw="1" slack="0"/>
</pin_list>
<bind>
<StgValue><ssdm name="conv3d_hidden_layer<1>_Pipeline_OC_LOOP"/></StgValue>
</bind>
</comp>

<comp id="138" class="1001" name="const_138">
<pin_list>
<pin id="139" dir="1" index="0" bw="1" slack="2147483647"/>
</pin_list>
<bind>
<StgValue><ssdm name="CONV_EMIT_VITIS_LOOP_63_4_str"/></StgValue>
</bind>
</comp>

<comp id="140" class="1001" name="const_140">
<pin_list>
<pin id="141" dir="1" index="0" bw="1" slack="2147483647"/>
</pin_list>
<bind>
<StgValue><ssdm name=""/></StgValue>
</bind>
</comp>

<comp id="142" class="1001" name="const_142">
<pin_list>
<pin id="143" dir="1" index="0" bw="1" slack="0"/>
</pin_list>
<bind>
<StgValue><ssdm name="_ssdm_op_BitConcatenate.i96.i8.i8.i8.i8.i8.i8.i8.i8.i8.i8.i8.i8"/></StgValue>
</bind>
</comp>

<comp id="144" class="1001" name="const_144">
<pin_list>
<pin id="145" dir="1" index="0" bw="1" slack="0"/>
</pin_list>
<bind>
<StgValue><ssdm name="_ssdm_op_Write.ap_fifo.volatile.i96P0A"/></StgValue>
</bind>
</comp>

<comp id="146" class="1004" name="t_fu_146">
<pin_list>
<pin id="147" dir="0" index="0" bw="1" slack="0"/>
<pin id="148" dir="1" index="1" bw="3" slack="0"/>
</pin_list>
<bind>
<opcode="alloca(26) " fcode="alloca"/>
<opset="t/1 "/>
</bind>
</comp>

<comp id="150" class="1004" name="fb_0_alloca_fu_150">
<pin_list>
<pin id="151" dir="0" index="0" bw="1" slack="0"/>
<pin id="152" dir="1" index="1" bw="8" slack="0"/>
</pin_list>
<bind>
<opcode="alloca(26) " fcode="alloca"/>
<opset="fb_0/1 "/>
</bind>
</comp>

<comp id="154" class="1004" name="fb_0_1_alloca_fu_154">
<pin_list>
<pin id="155" dir="0" index="0" bw="1" slack="0"/>
<pin id="156" dir="1" index="1" bw="8" slack="0"/>
</pin_list>
<bind>
<opcode="alloca(26) " fcode="alloca"/>
<opset="fb_0_1/1 "/>
</bind>
</comp>

<comp id="158" class="1004" name="fb_0_2_alloca_fu_158">
<pin_list>
<pin id="159" dir="0" index="0" bw="1" slack="0"/>
<pin id="160" dir="1" index="1" bw="8" slack="0"/>
</pin_list>
<bind>
<opcode="alloca(26) " fcode="alloca"/>
<opset="fb_0_2/1 "/>
</bind>
</comp>

<comp id="162" class="1004" name="fb_0_3_alloca_fu_162">
<pin_list>
<pin id="163" dir="0" index="0" bw="1" slack="0"/>
<pin id="164" dir="1" index="1" bw="8" slack="0"/>
</pin_list>
<bind>
<opcode="alloca(26) " fcode="alloca"/>
<opset="fb_0_3/1 "/>
</bind>
</comp>

<comp id="166" class="1004" name="fb_0_4_alloca_fu_166">
<pin_list>
<pin id="167" dir="0" index="0" bw="1" slack="0"/>
<pin id="168" dir="1" index="1" bw="8" slack="0"/>
</pin_list>
<bind>
<opcode="alloca(26) " fcode="alloca"/>
<opset="fb_0_4/1 "/>
</bind>
</comp>

<comp id="170" class="1004" name="fb_0_5_alloca_fu_170">
<pin_list>
<pin id="171" dir="0" index="0" bw="1" slack="0"/>
<pin id="172" dir="1" index="1" bw="8" slack="0"/>
</pin_list>
<bind>
<opcode="alloca(26) " fcode="alloca"/>
<opset="fb_0_5/1 "/>
</bind>
</comp>

<comp id="174" class="1004" name="fb_0_6_alloca_fu_174">
<pin_list>
<pin id="175" dir="0" index="0" bw="1" slack="0"/>
<pin id="176" dir="1" index="1" bw="8" slack="0"/>
</pin_list>
<bind>
<opcode="alloca(26) " fcode="alloca"/>
<opset="fb_0_6/1 "/>
</bind>
</comp>

<comp id="178" class="1004" name="fb_0_7_alloca_fu_178">
<pin_list>
<pin id="179" dir="0" index="0" bw="1" slack="0"/>
<pin id="180" dir="1" index="1" bw="8" slack="0"/>
</pin_list>
<bind>
<opcode="alloca(26) " fcode="alloca"/>
<opset="fb_0_7/1 "/>
</bind>
</comp>

<comp id="182" class="1004" name="fb_0_8_alloca_fu_182">
<pin_list>
<pin id="183" dir="0" index="0" bw="1" slack="0"/>
<pin id="184" dir="1" index="1" bw="8" slack="0"/>
</pin_list>
<bind>
<opcode="alloca(26) " fcode="alloca"/>
<opset="fb_0_8/1 "/>
</bind>
</comp>

<comp id="186" class="1004" name="fb_0_9_alloca_fu_186">
<pin_list>
<pin id="187" dir="0" index="0" bw="1" slack="0"/>
<pin id="188" dir="1" index="1" bw="8" slack="0"/>
</pin_list>
<bind>
<opcode="alloca(26) " fcode="alloca"/>
<opset="fb_0_9/1 "/>
</bind>
</comp>

<comp id="190" class="1004" name="fb_0_10_alloca_fu_190">
<pin_list>
<pin id="191" dir="0" index="0" bw="1" slack="0"/>
<pin id="192" dir="1" index="1" bw="8" slack="0"/>
</pin_list>
<bind>
<opcode="alloca(26) " fcode="alloca"/>
<opset="fb_0_10/1 "/>
</bind>
</comp>

<comp id="194" class="1004" name="fb_0_11_alloca_fu_194">
<pin_list>
<pin id="195" dir="0" index="0" bw="1" slack="0"/>
<pin id="196" dir="1" index="1" bw="8" slack="0"/>
</pin_list>
<bind>
<opcode="alloca(26) " fcode="alloca"/>
<opset="fb_0_11/1 "/>
</bind>
</comp>

<comp id="198" class="1004" name="fb_0_12_alloca_fu_198">
<pin_list>
<pin id="199" dir="0" index="0" bw="1" slack="0"/>
<pin id="200" dir="1" index="1" bw="8" slack="0"/>
</pin_list>
<bind>
<opcode="alloca(26) " fcode="alloca"/>
<opset="fb_0_12/1 "/>
</bind>
</comp>

<comp id="202" class="1004" name="fb_0_13_alloca_fu_202">
<pin_list>
<pin id="203" dir="0" index="0" bw="1" slack="0"/>
<pin id="204" dir="1" index="1" bw="8" slack="0"/>
</pin_list>
<bind>
<opcode="alloca(26) " fcode="alloca"/>
<opset="fb_0_13/1 "/>
</bind>
</comp>

<comp id="206" class="1004" name="fb_0_14_alloca_fu_206">
<pin_list>
<pin id="207" dir="0" index="0" bw="1" slack="0"/>
<pin id="208" dir="1" index="1" bw="8" slack="0"/>
</pin_list>
<bind>
<opcode="alloca(26) " fcode="alloca"/>
<opset="fb_0_14/1 "/>
</bind>
</comp>

<comp id="210" class="1004" name="fb_0_15_alloca_fu_210">
<pin_list>
<pin id="211" dir="0" index="0" bw="1" slack="0"/>
<pin id="212" dir="1" index="1" bw="8" slack="0"/>
</pin_list>
<bind>
<opcode="alloca(26) " fcode="alloca"/>
<opset="fb_0_15/1 "/>
</bind>
</comp>

<comp id="214" class="1004" name="fb_0_16_alloca_fu_214">
<pin_list>
<pin id="215" dir="0" index="0" bw="1" slack="0"/>
<pin id="216" dir="1" index="1" bw="8" slack="0"/>
</pin_list>
<bind>
<opcode="alloca(26) " fcode="alloca"/>
<opset="fb_0_16/1 "/>
</bind>
</comp>

<comp id="218" class="1004" name="fb_0_17_alloca_fu_218">
<pin_list>
<pin id="219" dir="0" index="0" bw="1" slack="0"/>
<pin id="220" dir="1" index="1" bw="8" slack="0"/>
</pin_list>
<bind>
<opcode="alloca(26) " fcode="alloca"/>
<opset="fb_0_17/1 "/>
</bind>
</comp>

<comp id="222" class="1004" name="window_0_alloca_fu_222">
<pin_list>
<pin id="223" dir="0" index="0" bw="1" slack="0"/>
<pin id="224" dir="1" index="1" bw="8" slack="2147483647"/>
</pin_list>
<bind>
<opcode="alloca(26) " fcode="alloca"/>
<opset="window_0/1 "/>
</bind>
</comp>

<comp id="226" class="1004" name="window_0_1_alloca_fu_226">
<pin_list>
<pin id="227" dir="0" index="0" bw="1" slack="0"/>
<pin id="228" dir="1" index="1" bw="8" slack="2147483647"/>
</pin_list>
<bind>
<opcode="alloca(26) " fcode="alloca"/>
<opset="window_0_1/1 "/>
</bind>
</comp>

<comp id="230" class="1004" name="window_0_2_alloca_fu_230">
<pin_list>
<pin id="231" dir="0" index="0" bw="1" slack="0"/>
<pin id="232" dir="1" index="1" bw="8" slack="2147483647"/>
</pin_list>
<bind>
<opcode="alloca(26) " fcode="alloca"/>
<opset="window_0_2/1 "/>
</bind>
</comp>

<comp id="234" class="1004" name="out_alloca_fu_234">
<pin_list>
<pin id="235" dir="0" index="0" bw="1" slack="0"/>
<pin id="236" dir="1" index="1" bw="8" slack="2147483647"/>
</pin_list>
<bind>
<opcode="alloca(26) " fcode="alloca"/>
<opset="out/1 "/>
</bind>
</comp>

<comp id="238" class="1004" name="write_ln123_write_fu_238">
<pin_list>
<pin id="239" dir="0" index="0" bw="0" slack="0"/>
<pin id="240" dir="0" index="1" bw="96" slack="0"/>
<pin id="241" dir="0" index="2" bw="96" slack="0"/>
<pin id="242" dir="1" index="3" bw="0" slack="2147483647"/>
</pin_list>
<bind>
<opcode="write(1151) " fcode="write"/>
<opset="write_ln123/21 "/>
</bind>
</comp>

<comp id="245" class="1004" name="window_0_addr_gep_fu_245">
<pin_list>
<pin id="246" dir="0" index="0" bw="8" slack="2147483647"/>
<pin id="247" dir="0" index="1" bw="1" slack="0"/>
<pin id="248" dir="0" index="2" bw="1" slack="0"/>
<pin id="249" dir="1" index="3" bw="4" slack="6"/>
</pin_list>
<bind>
<opcode="getelementptr(29) " fcode="getelementptr"/>
<opset="window_0_addr/2 "/>
</bind>
</comp>

<comp id="252" class="1004" name="window_0_addr_1_gep_fu_252">
<pin_list>
<pin id="253" dir="0" index="0" bw="8" slack="2147483647"/>
<pin id="254" dir="0" index="1" bw="1" slack="0"/>
<pin id="255" dir="0" index="2" bw="1" slack="0"/>
<pin id="256" dir="1" index="3" bw="4" slack="7"/>
</pin_list>
<bind>
<opcode="getelementptr(29) " fcode="getelementptr"/>
<opset="window_0_addr_1/2 "/>
</bind>
</comp>

<comp id="259" class="1004" name="window_0_addr_2_gep_fu_259">
<pin_list>
<pin id="260" dir="0" index="0" bw="8" slack="2147483647"/>
<pin id="261" dir="0" index="1" bw="1" slack="0"/>
<pin id="262" dir="0" index="2" bw="3" slack="0"/>
<pin id="263" dir="1" index="3" bw="4" slack="7"/>
</pin_list>
<bind>
<opcode="getelementptr(29) " fcode="getelementptr"/>
<opset="window_0_addr_2/2 "/>
</bind>
</comp>

<comp id="266" class="1004" name="window_0_addr_3_gep_fu_266">
<pin_list>
<pin id="267" dir="0" index="0" bw="8" slack="2147483647"/>
<pin id="268" dir="0" index="1" bw="1" slack="0"/>
<pin id="269" dir="0" index="2" bw="3" slack="0"/>
<pin id="270" dir="1" index="3" bw="4" slack="8"/>
</pin_list>
<bind>
<opcode="getelementptr(29) " fcode="getelementptr"/>
<opset="window_0_addr_3/2 "/>
</bind>
</comp>

<comp id="273" class="1004" name="window_0_addr_4_gep_fu_273">
<pin_list>
<pin id="274" dir="0" index="0" bw="8" slack="2147483647"/>
<pin id="275" dir="0" index="1" bw="1" slack="0"/>
<pin id="276" dir="0" index="2" bw="4" slack="0"/>
<pin id="277" dir="1" index="3" bw="4" slack="8"/>
</pin_list>
<bind>
<opcode="getelementptr(29) " fcode="getelementptr"/>
<opset="window_0_addr_4/2 "/>
</bind>
</comp>

<comp id="280" class="1004" name="window_0_addr_5_gep_fu_280">
<pin_list>
<pin id="281" dir="0" index="0" bw="8" slack="2147483647"/>
<pin id="282" dir="0" index="1" bw="1" slack="0"/>
<pin id="283" dir="0" index="2" bw="4" slack="0"/>
<pin id="284" dir="1" index="3" bw="4" slack="9"/>
</pin_list>
<bind>
<opcode="getelementptr(29) " fcode="getelementptr"/>
<opset="window_0_addr_5/2 "/>
</bind>
</comp>

<comp id="287" class="1004" name="window_0_addr_6_gep_fu_287">
<pin_list>
<pin id="288" dir="0" index="0" bw="8" slack="2147483647"/>
<pin id="289" dir="0" index="1" bw="1" slack="0"/>
<pin id="290" dir="0" index="2" bw="4" slack="0"/>
<pin id="291" dir="1" index="3" bw="4" slack="9"/>
</pin_list>
<bind>
<opcode="getelementptr(29) " fcode="getelementptr"/>
<opset="window_0_addr_6/2 "/>
</bind>
</comp>

<comp id="294" class="1004" name="window_0_addr_7_gep_fu_294">
<pin_list>
<pin id="295" dir="0" index="0" bw="8" slack="2147483647"/>
<pin id="296" dir="0" index="1" bw="1" slack="0"/>
<pin id="297" dir="0" index="2" bw="4" slack="0"/>
<pin id="298" dir="1" index="3" bw="4" slack="10"/>
</pin_list>
<bind>
<opcode="getelementptr(29) " fcode="getelementptr"/>
<opset="window_0_addr_7/2 "/>
</bind>
</comp>

<comp id="301" class="1004" name="window_0_addr_8_gep_fu_301">
<pin_list>
<pin id="302" dir="0" index="0" bw="8" slack="2147483647"/>
<pin id="303" dir="0" index="1" bw="1" slack="0"/>
<pin id="304" dir="0" index="2" bw="5" slack="0"/>
<pin id="305" dir="1" index="3" bw="4" slack="10"/>
</pin_list>
<bind>
<opcode="getelementptr(29) " fcode="getelementptr"/>
<opset="window_0_addr_8/2 "/>
</bind>
</comp>

<comp id="308" class="1004" name="window_0_1_addr_gep_fu_308">
<pin_list>
<pin id="309" dir="0" index="0" bw="8" slack="2147483647"/>
<pin id="310" dir="0" index="1" bw="1" slack="0"/>
<pin id="311" dir="0" index="2" bw="1" slack="0"/>
<pin id="312" dir="1" index="3" bw="4" slack="6"/>
</pin_list>
<bind>
<opcode="getelementptr(29) " fcode="getelementptr"/>
<opset="window_0_1_addr/2 "/>
</bind>
</comp>

<comp id="315" class="1004" name="window_0_1_addr_1_gep_fu_315">
<pin_list>
<pin id="316" dir="0" index="0" bw="8" slack="2147483647"/>
<pin id="317" dir="0" index="1" bw="1" slack="0"/>
<pin id="318" dir="0" index="2" bw="1" slack="0"/>
<pin id="319" dir="1" index="3" bw="4" slack="7"/>
</pin_list>
<bind>
<opcode="getelementptr(29) " fcode="getelementptr"/>
<opset="window_0_1_addr_1/2 "/>
</bind>
</comp>

<comp id="322" class="1004" name="window_0_1_addr_2_gep_fu_322">
<pin_list>
<pin id="323" dir="0" index="0" bw="8" slack="2147483647"/>
<pin id="324" dir="0" index="1" bw="1" slack="0"/>
<pin id="325" dir="0" index="2" bw="3" slack="0"/>
<pin id="326" dir="1" index="3" bw="4" slack="7"/>
</pin_list>
<bind>
<opcode="getelementptr(29) " fcode="getelementptr"/>
<opset="window_0_1_addr_2/2 "/>
</bind>
</comp>

<comp id="329" class="1004" name="window_0_1_addr_3_gep_fu_329">
<pin_list>
<pin id="330" dir="0" index="0" bw="8" slack="2147483647"/>
<pin id="331" dir="0" index="1" bw="1" slack="0"/>
<pin id="332" dir="0" index="2" bw="3" slack="0"/>
<pin id="333" dir="1" index="3" bw="4" slack="8"/>
</pin_list>
<bind>
<opcode="getelementptr(29) " fcode="getelementptr"/>
<opset="window_0_1_addr_3/2 "/>
</bind>
</comp>

<comp id="336" class="1004" name="window_0_1_addr_4_gep_fu_336">
<pin_list>
<pin id="337" dir="0" index="0" bw="8" slack="2147483647"/>
<pin id="338" dir="0" index="1" bw="1" slack="0"/>
<pin id="339" dir="0" index="2" bw="4" slack="0"/>
<pin id="340" dir="1" index="3" bw="4" slack="8"/>
</pin_list>
<bind>
<opcode="getelementptr(29) " fcode="getelementptr"/>
<opset="window_0_1_addr_4/2 "/>
</bind>
</comp>

<comp id="343" class="1004" name="window_0_1_addr_5_gep_fu_343">
<pin_list>
<pin id="344" dir="0" index="0" bw="8" slack="2147483647"/>
<pin id="345" dir="0" index="1" bw="1" slack="0"/>
<pin id="346" dir="0" index="2" bw="4" slack="0"/>
<pin id="347" dir="1" index="3" bw="4" slack="9"/>
</pin_list>
<bind>
<opcode="getelementptr(29) " fcode="getelementptr"/>
<opset="window_0_1_addr_5/2 "/>
</bind>
</comp>

<comp id="350" class="1004" name="window_0_1_addr_6_gep_fu_350">
<pin_list>
<pin id="351" dir="0" index="0" bw="8" slack="2147483647"/>
<pin id="352" dir="0" index="1" bw="1" slack="0"/>
<pin id="353" dir="0" index="2" bw="4" slack="0"/>
<pin id="354" dir="1" index="3" bw="4" slack="9"/>
</pin_list>
<bind>
<opcode="getelementptr(29) " fcode="getelementptr"/>
<opset="window_0_1_addr_6/2 "/>
</bind>
</comp>

<comp id="357" class="1004" name="window_0_1_addr_7_gep_fu_357">
<pin_list>
<pin id="358" dir="0" index="0" bw="8" slack="2147483647"/>
<pin id="359" dir="0" index="1" bw="1" slack="0"/>
<pin id="360" dir="0" index="2" bw="4" slack="0"/>
<pin id="361" dir="1" index="3" bw="4" slack="10"/>
</pin_list>
<bind>
<opcode="getelementptr(29) " fcode="getelementptr"/>
<opset="window_0_1_addr_7/2 "/>
</bind>
</comp>

<comp id="364" class="1004" name="window_0_1_addr_8_gep_fu_364">
<pin_list>
<pin id="365" dir="0" index="0" bw="8" slack="2147483647"/>
<pin id="366" dir="0" index="1" bw="1" slack="0"/>
<pin id="367" dir="0" index="2" bw="5" slack="0"/>
<pin id="368" dir="1" index="3" bw="4" slack="10"/>
</pin_list>
<bind>
<opcode="getelementptr(29) " fcode="getelementptr"/>
<opset="window_0_1_addr_8/2 "/>
</bind>
</comp>

<comp id="371" class="1004" name="window_0_2_addr_gep_fu_371">
<pin_list>
<pin id="372" dir="0" index="0" bw="8" slack="2147483647"/>
<pin id="373" dir="0" index="1" bw="1" slack="0"/>
<pin id="374" dir="0" index="2" bw="1" slack="0"/>
<pin id="375" dir="1" index="3" bw="4" slack="6"/>
</pin_list>
<bind>
<opcode="getelementptr(29) " fcode="getelementptr"/>
<opset="window_0_2_addr/2 "/>
</bind>
</comp>

<comp id="378" class="1004" name="window_0_2_addr_1_gep_fu_378">
<pin_list>
<pin id="379" dir="0" index="0" bw="8" slack="2147483647"/>
<pin id="380" dir="0" index="1" bw="1" slack="0"/>
<pin id="381" dir="0" index="2" bw="1" slack="0"/>
<pin id="382" dir="1" index="3" bw="4" slack="7"/>
</pin_list>
<bind>
<opcode="getelementptr(29) " fcode="getelementptr"/>
<opset="window_0_2_addr_1/2 "/>
</bind>
</comp>

<comp id="385" class="1004" name="window_0_2_addr_2_gep_fu_385">
<pin_list>
<pin id="386" dir="0" index="0" bw="8" slack="2147483647"/>
<pin id="387" dir="0" index="1" bw="1" slack="0"/>
<pin id="388" dir="0" index="2" bw="3" slack="0"/>
<pin id="389" dir="1" index="3" bw="4" slack="7"/>
</pin_list>
<bind>
<opcode="getelementptr(29) " fcode="getelementptr"/>
<opset="window_0_2_addr_2/2 "/>
</bind>
</comp>

<comp id="392" class="1004" name="window_0_2_addr_3_gep_fu_392">
<pin_list>
<pin id="393" dir="0" index="0" bw="8" slack="2147483647"/>
<pin id="394" dir="0" index="1" bw="1" slack="0"/>
<pin id="395" dir="0" index="2" bw="3" slack="0"/>
<pin id="396" dir="1" index="3" bw="4" slack="8"/>
</pin_list>
<bind>
<opcode="getelementptr(29) " fcode="getelementptr"/>
<opset="window_0_2_addr_3/2 "/>
</bind>
</comp>

<comp id="399" class="1004" name="window_0_2_addr_4_gep_fu_399">
<pin_list>
<pin id="400" dir="0" index="0" bw="8" slack="2147483647"/>
<pin id="401" dir="0" index="1" bw="1" slack="0"/>
<pin id="402" dir="0" index="2" bw="4" slack="0"/>
<pin id="403" dir="1" index="3" bw="4" slack="8"/>
</pin_list>
<bind>
<opcode="getelementptr(29) " fcode="getelementptr"/>
<opset="window_0_2_addr_4/2 "/>
</bind>
</comp>

<comp id="406" class="1004" name="window_0_2_addr_5_gep_fu_406">
<pin_list>
<pin id="407" dir="0" index="0" bw="8" slack="2147483647"/>
<pin id="408" dir="0" index="1" bw="1" slack="0"/>
<pin id="409" dir="0" index="2" bw="4" slack="0"/>
<pin id="410" dir="1" index="3" bw="4" slack="9"/>
</pin_list>
<bind>
<opcode="getelementptr(29) " fcode="getelementptr"/>
<opset="window_0_2_addr_5/2 "/>
</bind>
</comp>

<comp id="413" class="1004" name="window_0_2_addr_6_gep_fu_413">
<pin_list>
<pin id="414" dir="0" index="0" bw="8" slack="2147483647"/>
<pin id="415" dir="0" index="1" bw="1" slack="0"/>
<pin id="416" dir="0" index="2" bw="4" slack="0"/>
<pin id="417" dir="1" index="3" bw="4" slack="9"/>
</pin_list>
<bind>
<opcode="getelementptr(29) " fcode="getelementptr"/>
<opset="window_0_2_addr_6/2 "/>
</bind>
</comp>

<comp id="420" class="1004" name="window_0_2_addr_7_gep_fu_420">
<pin_list>
<pin id="421" dir="0" index="0" bw="8" slack="2147483647"/>
<pin id="422" dir="0" index="1" bw="1" slack="0"/>
<pin id="423" dir="0" index="2" bw="4" slack="0"/>
<pin id="424" dir="1" index="3" bw="4" slack="10"/>
</pin_list>
<bind>
<opcode="getelementptr(29) " fcode="getelementptr"/>
<opset="window_0_2_addr_7/2 "/>
</bind>
</comp>

<comp id="427" class="1004" name="window_0_2_addr_8_gep_fu_427">
<pin_list>
<pin id="428" dir="0" index="0" bw="8" slack="2147483647"/>
<pin id="429" dir="0" index="1" bw="1" slack="0"/>
<pin id="430" dir="0" index="2" bw="5" slack="0"/>
<pin id="431" dir="1" index="3" bw="4" slack="10"/>
</pin_list>
<bind>
<opcode="getelementptr(29) " fcode="getelementptr"/>
<opset="window_0_2_addr_8/2 "/>
</bind>
</comp>

<comp id="434" class="1004" name="out_addr_gep_fu_434">
<pin_list>
<pin id="435" dir="0" index="0" bw="8" slack="2147483647"/>
<pin id="436" dir="0" index="1" bw="1" slack="0"/>
<pin id="437" dir="0" index="2" bw="1" slack="0"/>
<pin id="438" dir="1" index="3" bw="4" slack="13"/>
</pin_list>
<bind>
<opcode="getelementptr(29) " fcode="getelementptr"/>
<opset="out_addr/2 "/>
</bind>
</comp>

<comp id="441" class="1004" name="out_addr_1_gep_fu_441">
<pin_list>
<pin id="442" dir="0" index="0" bw="8" slack="2147483647"/>
<pin id="443" dir="0" index="1" bw="1" slack="0"/>
<pin id="444" dir="0" index="2" bw="1" slack="0"/>
<pin id="445" dir="1" index="3" bw="4" slack="13"/>
</pin_list>
<bind>
<opcode="getelementptr(29) " fcode="getelementptr"/>
<opset="out_addr_1/2 "/>
</bind>
</comp>

<comp id="448" class="1004" name="out_addr_2_gep_fu_448">
<pin_list>
<pin id="449" dir="0" index="0" bw="8" slack="2147483647"/>
<pin id="450" dir="0" index="1" bw="1" slack="0"/>
<pin id="451" dir="0" index="2" bw="3" slack="0"/>
<pin id="452" dir="1" index="3" bw="4" slack="14"/>
</pin_list>
<bind>
<opcode="getelementptr(29) " fcode="getelementptr"/>
<opset="out_addr_2/2 "/>
</bind>
</comp>

<comp id="455" class="1004" name="out_addr_3_gep_fu_455">
<pin_list>
<pin id="456" dir="0" index="0" bw="8" slack="2147483647"/>
<pin id="457" dir="0" index="1" bw="1" slack="0"/>
<pin id="458" dir="0" index="2" bw="3" slack="0"/>
<pin id="459" dir="1" index="3" bw="4" slack="14"/>
</pin_list>
<bind>
<opcode="getelementptr(29) " fcode="getelementptr"/>
<opset="out_addr_3/2 "/>
</bind>
</comp>

<comp id="462" class="1004" name="out_addr_4_gep_fu_462">
<pin_list>
<pin id="463" dir="0" index="0" bw="8" slack="2147483647"/>
<pin id="464" dir="0" index="1" bw="1" slack="0"/>
<pin id="465" dir="0" index="2" bw="4" slack="0"/>
<pin id="466" dir="1" index="3" bw="4" slack="15"/>
</pin_list>
<bind>
<opcode="getelementptr(29) " fcode="getelementptr"/>
<opset="out_addr_4/2 "/>
</bind>
</comp>

<comp id="469" class="1004" name="out_addr_5_gep_fu_469">
<pin_list>
<pin id="470" dir="0" index="0" bw="8" slack="2147483647"/>
<pin id="471" dir="0" index="1" bw="1" slack="0"/>
<pin id="472" dir="0" index="2" bw="4" slack="0"/>
<pin id="473" dir="1" index="3" bw="4" slack="15"/>
</pin_list>
<bind>
<opcode="getelementptr(29) " fcode="getelementptr"/>
<opset="out_addr_5/2 "/>
</bind>
</comp>

<comp id="476" class="1004" name="out_addr_6_gep_fu_476">
<pin_list>
<pin id="477" dir="0" index="0" bw="8" slack="2147483647"/>
<pin id="478" dir="0" index="1" bw="1" slack="0"/>
<pin id="479" dir="0" index="2" bw="4" slack="0"/>
<pin id="480" dir="1" index="3" bw="4" slack="16"/>
</pin_list>
<bind>
<opcode="getelementptr(29) " fcode="getelementptr"/>
<opset="out_addr_6/2 "/>
</bind>
</comp>

<comp id="483" class="1004" name="out_addr_7_gep_fu_483">
<pin_list>
<pin id="484" dir="0" index="0" bw="8" slack="2147483647"/>
<pin id="485" dir="0" index="1" bw="1" slack="0"/>
<pin id="486" dir="0" index="2" bw="4" slack="0"/>
<pin id="487" dir="1" index="3" bw="4" slack="16"/>
</pin_list>
<bind>
<opcode="getelementptr(29) " fcode="getelementptr"/>
<opset="out_addr_7/2 "/>
</bind>
</comp>

<comp id="490" class="1004" name="out_addr_8_gep_fu_490">
<pin_list>
<pin id="491" dir="0" index="0" bw="8" slack="2147483647"/>
<pin id="492" dir="0" index="1" bw="1" slack="0"/>
<pin id="493" dir="0" index="2" bw="5" slack="0"/>
<pin id="494" dir="1" index="3" bw="4" slack="17"/>
</pin_list>
<bind>
<opcode="getelementptr(29) " fcode="getelementptr"/>
<opset="out_addr_8/2 "/>
</bind>
</comp>

<comp id="497" class="1004" name="out_addr_9_gep_fu_497">
<pin_list>
<pin id="498" dir="0" index="0" bw="8" slack="2147483647"/>
<pin id="499" dir="0" index="1" bw="1" slack="0"/>
<pin id="500" dir="0" index="2" bw="5" slack="0"/>
<pin id="501" dir="1" index="3" bw="4" slack="17"/>
</pin_list>
<bind>
<opcode="getelementptr(29) " fcode="getelementptr"/>
<opset="out_addr_9/2 "/>
</bind>
</comp>

<comp id="504" class="1004" name="out_addr_10_gep_fu_504">
<pin_list>
<pin id="505" dir="0" index="0" bw="8" slack="2147483647"/>
<pin id="506" dir="0" index="1" bw="1" slack="0"/>
<pin id="507" dir="0" index="2" bw="5" slack="0"/>
<pin id="508" dir="1" index="3" bw="4" slack="18"/>
</pin_list>
<bind>
<opcode="getelementptr(29) " fcode="getelementptr"/>
<opset="out_addr_10/2 "/>
</bind>
</comp>

<comp id="511" class="1004" name="out_addr_11_gep_fu_511">
<pin_list>
<pin id="512" dir="0" index="0" bw="8" slack="2147483647"/>
<pin id="513" dir="0" index="1" bw="1" slack="0"/>
<pin id="514" dir="0" index="2" bw="5" slack="0"/>
<pin id="515" dir="1" index="3" bw="4" slack="18"/>
</pin_list>
<bind>
<opcode="getelementptr(29) " fcode="getelementptr"/>
<opset="out_addr_11/2 "/>
</bind>
</comp>

<comp id="518" class="1004" name="grp_access_fu_518">
<pin_list>
<pin id="519" dir="0" index="0" bw="4" slack="6"/>
<pin id="520" dir="0" index="1" bw="8" slack="2147483647"/>
<pin id="521" dir="0" index="2" bw="0" slack="7"/>
<pin id="533" dir="0" index="4" bw="4" slack="2147483647"/>
<pin id="534" dir="0" index="5" bw="8" slack="2147483647"/>
<pin id="535" dir="0" index="6" bw="0" slack="2147483647"/>
<pin id="522" dir="1" index="3" bw="8" slack="0"/>
<pin id="536" dir="1" index="7" bw="8" slack="0"/>
</pin_list>
<bind>
<opcode="load(27) " fcode="load"/>
<opset="window_0_load/8 window_0_load_1/9 window_0_load_2/9 window_0_load_3/10 window_0_load_4/10 window_0_load_5/11 window_0_load_6/11 window_0_load_7/12 window_0_load_8/12 "/>
</bind>
</comp>

<comp id="523" class="1004" name="grp_access_fu_523">
<pin_list>
<pin id="524" dir="0" index="0" bw="4" slack="6"/>
<pin id="525" dir="0" index="1" bw="8" slack="2147483647"/>
<pin id="526" dir="0" index="2" bw="0" slack="7"/>
<pin id="537" dir="0" index="4" bw="4" slack="2147483647"/>
<pin id="538" dir="0" index="5" bw="8" slack="2147483647"/>
<pin id="539" dir="0" index="6" bw="0" slack="2147483647"/>
<pin id="527" dir="1" index="3" bw="8" slack="0"/>
<pin id="540" dir="1" index="7" bw="8" slack="0"/>
</pin_list>
<bind>
<opcode="load(27) " fcode="load"/>
<opset="window_0_1_load/8 window_0_1_load_1/9 window_0_1_load_2/9 window_0_1_load_3/10 window_0_1_load_4/10 window_0_1_load_5/11 window_0_1_load_6/11 window_0_1_load_7/12 window_0_1_load_8/12 "/>
</bind>
</comp>

<comp id="528" class="1004" name="grp_access_fu_528">
<pin_list>
<pin id="529" dir="0" index="0" bw="4" slack="6"/>
<pin id="530" dir="0" index="1" bw="8" slack="2147483647"/>
<pin id="531" dir="0" index="2" bw="0" slack="7"/>
<pin id="541" dir="0" index="4" bw="4" slack="2147483647"/>
<pin id="542" dir="0" index="5" bw="8" slack="2147483647"/>
<pin id="543" dir="0" index="6" bw="0" slack="2147483647"/>
<pin id="532" dir="1" index="3" bw="8" slack="0"/>
<pin id="544" dir="1" index="7" bw="8" slack="0"/>
</pin_list>
<bind>
<opcode="load(27) " fcode="load"/>
<opset="window_0_2_load/8 window_0_2_load_1/9 window_0_2_load_2/9 window_0_2_load_3/10 window_0_2_load_4/10 window_0_2_load_5/11 window_0_2_load_6/11 window_0_2_load_7/12 window_0_2_load_8/12 "/>
</bind>
</comp>

<comp id="545" class="1004" name="grp_access_fu_545">
<pin_list>
<pin id="546" dir="0" index="0" bw="4" slack="13"/>
<pin id="547" dir="0" index="1" bw="8" slack="2147483647"/>
<pin id="548" dir="0" index="2" bw="0" slack="13"/>
<pin id="550" dir="0" index="4" bw="4" slack="2147483647"/>
<pin id="551" dir="0" index="5" bw="8" slack="2147483647"/>
<pin id="552" dir="0" index="6" bw="0" slack="2147483647"/>
<pin id="549" dir="1" index="3" bw="8" slack="0"/>
<pin id="553" dir="1" index="7" bw="8" slack="0"/>
</pin_list>
<bind>
<opcode="load(27) " fcode="load"/>
<opset="out_load/15 out_load_1/15 out_load_2/16 out_load_3/16 out_load_4/17 out_load_5/17 out_load_6/18 out_load_7/18 out_load_8/19 out_load_9/19 out_load_10/20 out_load_11/20 "/>
</bind>
</comp>

<comp id="554" class="1005" name="indvar_flatten32_reg_554">
<pin_list>
<pin id="555" dir="0" index="0" bw="6" slack="1"/>
<pin id="556" dir="1" index="1" bw="6" slack="1"/>
</pin_list>
<bind>
<opset="indvar_flatten32 (phireg) "/>
</bind>
</comp>

<comp id="558" class="1004" name="indvar_flatten32_phi_fu_558">
<pin_list>
<pin id="559" dir="0" index="0" bw="6" slack="0"/>
<pin id="560" dir="0" index="1" bw="0" slack="2147483647"/>
<pin id="561" dir="0" index="2" bw="1" slack="1"/>
<pin id="562" dir="0" index="3" bw="0" slack="2147483647"/>
<pin id="563" dir="1" index="4" bw="6" slack="0"/>
</pin_list>
<bind>
<opcode="phi(47) " fcode="phi"/>
<opset="indvar_flatten32/6 "/>
</bind>
</comp>

<comp id="565" class="1005" name="y_reg_565">
<pin_list>
<pin id="566" dir="0" index="0" bw="3" slack="1"/>
<pin id="567" dir="1" index="1" bw="3" slack="1"/>
</pin_list>
<bind>
<opset="y (phireg) "/>
</bind>
</comp>

<comp id="569" class="1004" name="y_phi_fu_569">
<pin_list>
<pin id="570" dir="0" index="0" bw="3" slack="0"/>
<pin id="571" dir="0" index="1" bw="0" slack="2147483647"/>
<pin id="572" dir="0" index="2" bw="1" slack="1"/>
<pin id="573" dir="0" index="3" bw="0" slack="2147483647"/>
<pin id="574" dir="1" index="4" bw="3" slack="0"/>
</pin_list>
<bind>
<opcode="phi(47) " fcode="phi"/>
<opset="y/6 "/>
</bind>
</comp>

<comp id="576" class="1005" name="x_reg_576">
<pin_list>
<pin id="577" dir="0" index="0" bw="3" slack="1"/>
<pin id="578" dir="1" index="1" bw="3" slack="1"/>
</pin_list>
<bind>
<opset="x (phireg) "/>
</bind>
</comp>

<comp id="580" class="1004" name="x_phi_fu_580">
<pin_list>
<pin id="581" dir="0" index="0" bw="3" slack="0"/>
<pin id="582" dir="0" index="1" bw="0" slack="2147483647"/>
<pin id="583" dir="0" index="2" bw="1" slack="1"/>
<pin id="584" dir="0" index="3" bw="0" slack="2147483647"/>
<pin id="585" dir="1" index="4" bw="3" slack="0"/>
</pin_list>
<bind>
<opcode="phi(47) " fcode="phi"/>
<opset="x/6 "/>
</bind>
</comp>

<comp id="587" class="1004" name="grp_conv3d_hidden_layer_1_Pipeline_RESET_VITIS_LOOP_40_1_VITIS_LOOP_41_2_fu_587">
<pin_list>
<pin id="588" dir="0" index="0" bw="0" slack="0"/>
<pin id="589" dir="0" index="1" bw="8" slack="0"/>
<pin id="590" dir="0" index="2" bw="8" slack="0"/>
<pin id="591" dir="0" index="3" bw="8" slack="0"/>
<pin id="592" dir="0" index="4" bw="8" slack="0"/>
<pin id="593" dir="0" index="5" bw="8" slack="0"/>
<pin id="594" dir="0" index="6" bw="8" slack="0"/>
<pin id="595" dir="0" index="7" bw="8" slack="0"/>
<pin id="596" dir="0" index="8" bw="8" slack="0"/>
<pin id="597" dir="0" index="9" bw="8" slack="0"/>
<pin id="598" dir="0" index="10" bw="8" slack="0"/>
<pin id="599" dir="0" index="11" bw="8" slack="0"/>
<pin id="600" dir="0" index="12" bw="8" slack="0"/>
<pin id="601" dir="0" index="13" bw="8" slack="0"/>
<pin id="602" dir="0" index="14" bw="8" slack="0"/>
<pin id="603" dir="0" index="15" bw="8" slack="0"/>
<pin id="604" dir="0" index="16" bw="8" slack="0"/>
<pin id="605" dir="0" index="17" bw="8" slack="0"/>
<pin id="606" dir="0" index="18" bw="8" slack="0"/>
<pin id="607" dir="1" index="19" bw="0" slack="2147483647"/>
</pin_list>
<bind>
<opcode="call(48) " fcode="call"/>
<opset="call_ln0/1 "/>
</bind>
</comp>

<comp id="627" class="1004" name="grp_conv3d_hidden_layer_1_Pipeline_VITIS_LOOP_46_1_VITIS_LOOP_47_2_fu_627">
<pin_list>
<pin id="628" dir="0" index="0" bw="0" slack="0"/>
<pin id="629" dir="0" index="1" bw="8" slack="2147483647"/>
<pin id="630" dir="0" index="2" bw="8" slack="2147483647"/>
<pin id="631" dir="0" index="3" bw="8" slack="2147483647"/>
<pin id="632" dir="0" index="4" bw="8" slack="2147483647"/>
<pin id="633" dir="0" index="5" bw="8" slack="2147483647"/>
<pin id="634" dir="0" index="6" bw="8" slack="2147483647"/>
<pin id="635" dir="0" index="7" bw="8" slack="2147483647"/>
<pin id="636" dir="0" index="8" bw="8" slack="2147483647"/>
<pin id="637" dir="0" index="9" bw="8" slack="2147483647"/>
<pin id="638" dir="0" index="10" bw="8" slack="2147483647"/>
<pin id="639" dir="0" index="11" bw="8" slack="2147483647"/>
<pin id="640" dir="0" index="12" bw="8" slack="2147483647"/>
<pin id="641" dir="0" index="13" bw="8" slack="2147483647"/>
<pin id="642" dir="0" index="14" bw="8" slack="2147483647"/>
<pin id="643" dir="0" index="15" bw="8" slack="2147483647"/>
<pin id="644" dir="0" index="16" bw="8" slack="2147483647"/>
<pin id="645" dir="0" index="17" bw="8" slack="2147483647"/>
<pin id="646" dir="0" index="18" bw="8" slack="2147483647"/>
<pin id="647" dir="0" index="19" bw="96" slack="0"/>
<pin id="648" dir="0" index="20" bw="2" slack="0"/>
<pin id="649" dir="1" index="21" bw="0" slack="2147483647"/>
</pin_list>
<bind>
<opcode="call(48) " fcode="call"/>
<opset="call_ln0/3 "/>
</bind>
</comp>

<comp id="652" class="1004" name="grp_conv3d_hidden_layer_1_Pipeline_VITIS_LOOP_89_1_VITIS_LOOP_90_2_fu_652">
<pin_list>
<pin id="653" dir="0" index="0" bw="0" slack="0"/>
<pin id="654" dir="0" index="1" bw="3" slack="4"/>
<pin id="655" dir="0" index="2" bw="8" slack="2147483647"/>
<pin id="656" dir="0" index="3" bw="8" slack="2147483647"/>
<pin id="657" dir="0" index="4" bw="8" slack="2147483647"/>
<pin id="658" dir="0" index="5" bw="3" slack="0"/>
<pin id="659" dir="0" index="6" bw="1" slack="0"/>
<pin id="660" dir="0" index="7" bw="8" slack="2147483647"/>
<pin id="661" dir="0" index="8" bw="8" slack="2147483647"/>
<pin id="662" dir="0" index="9" bw="8" slack="2147483647"/>
<pin id="663" dir="0" index="10" bw="8" slack="2147483647"/>
<pin id="664" dir="0" index="11" bw="8" slack="2147483647"/>
<pin id="665" dir="0" index="12" bw="8" slack="2147483647"/>
<pin id="666" dir="0" index="13" bw="8" slack="2147483647"/>
<pin id="667" dir="0" index="14" bw="8" slack="2147483647"/>
<pin id="668" dir="0" index="15" bw="8" slack="2147483647"/>
<pin id="669" dir="0" index="16" bw="8" slack="2147483647"/>
<pin id="670" dir="0" index="17" bw="8" slack="2147483647"/>
<pin id="671" dir="0" index="18" bw="8" slack="2147483647"/>
<pin id="672" dir="0" index="19" bw="8" slack="2147483647"/>
<pin id="673" dir="0" index="20" bw="8" slack="2147483647"/>
<pin id="674" dir="0" index="21" bw="8" slack="2147483647"/>
<pin id="675" dir="0" index="22" bw="3" slack="0"/>
<pin id="676" dir="0" index="23" bw="8" slack="2147483647"/>
<pin id="677" dir="0" index="24" bw="8" slack="2147483647"/>
<pin id="678" dir="0" index="25" bw="8" slack="2147483647"/>
<pin id="679" dir="0" index="26" bw="1" slack="0"/>
<pin id="680" dir="1" index="27" bw="0" slack="2147483647"/>
</pin_list>
<bind>
<opcode="call(48) " fcode="call"/>
<opset="call_ln62/6 "/>
</bind>
</comp>

<comp id="682" class="1004" name="grp_conv3d_hidden_layer_1_Pipeline_OC_LOOP_fu_682">
<pin_list>
<pin id="683" dir="0" index="0" bw="0" slack="0"/>
<pin id="684" dir="0" index="1" bw="8" slack="4"/>
<pin id="685" dir="0" index="2" bw="8" slack="4"/>
<pin id="686" dir="0" index="3" bw="8" slack="4"/>
<pin id="687" dir="0" index="4" bw="8" slack="3"/>
<pin id="688" dir="0" index="5" bw="8" slack="3"/>
<pin id="689" dir="0" index="6" bw="8" slack="3"/>
<pin id="690" dir="0" index="7" bw="8" slack="3"/>
<pin id="691" dir="0" index="8" bw="8" slack="3"/>
<pin id="692" dir="0" index="9" bw="8" slack="3"/>
<pin id="693" dir="0" index="10" bw="8" slack="2"/>
<pin id="694" dir="0" index="11" bw="8" slack="2"/>
<pin id="695" dir="0" index="12" bw="8" slack="2"/>
<pin id="696" dir="0" index="13" bw="8" slack="2"/>
<pin id="697" dir="0" index="14" bw="8" slack="2"/>
<pin id="698" dir="0" index="15" bw="8" slack="2"/>
<pin id="699" dir="0" index="16" bw="8" slack="1"/>
<pin id="700" dir="0" index="17" bw="8" slack="1"/>
<pin id="701" dir="0" index="18" bw="8" slack="1"/>
<pin id="702" dir="0" index="19" bw="8" slack="1"/>
<pin id="703" dir="0" index="20" bw="8" slack="1"/>
<pin id="704" dir="0" index="21" bw="8" slack="1"/>
<pin id="705" dir="0" index="22" bw="8" slack="0"/>
<pin id="706" dir="0" index="23" bw="8" slack="0"/>
<pin id="707" dir="0" index="24" bw="8" slack="0"/>
<pin id="708" dir="0" index="25" bw="8" slack="0"/>
<pin id="709" dir="0" index="26" bw="8" slack="0"/>
<pin id="710" dir="0" index="27" bw="8" slack="0"/>
<pin id="711" dir="0" index="28" bw="8" slack="2147483647"/>
<pin id="712" dir="0" index="29" bw="8" slack="0"/>
<pin id="713" dir="0" index="30" bw="8" slack="0"/>
<pin id="714" dir="0" index="31" bw="8" slack="0"/>
<pin id="715" dir="0" index="32" bw="7" slack="0"/>
<pin id="716" dir="0" index="33" bw="8" slack="0"/>
<pin id="717" dir="0" index="34" bw="8" slack="0"/>
<pin id="718" dir="0" index="35" bw="6" slack="0"/>
<pin id="719" dir="0" index="36" bw="8" slack="0"/>
<pin id="720" dir="0" index="37" bw="8" slack="0"/>
<pin id="721" dir="0" index="38" bw="8" slack="0"/>
<pin id="722" dir="0" index="39" bw="8" slack="0"/>
<pin id="723" dir="0" index="40" bw="8" slack="0"/>
<pin id="724" dir="0" index="41" bw="8" slack="0"/>
<pin id="725" dir="0" index="42" bw="8" slack="0"/>
<pin id="726" dir="0" index="43" bw="8" slack="0"/>
<pin id="727" dir="0" index="44" bw="8" slack="0"/>
<pin id="728" dir="0" index="45" bw="8" slack="0"/>
<pin id="729" dir="0" index="46" bw="8" slack="0"/>
<pin id="730" dir="0" index="47" bw="8" slack="0"/>
<pin id="731" dir="0" index="48" bw="8" slack="0"/>
<pin id="732" dir="0" index="49" bw="7" slack="0"/>
<pin id="733" dir="0" index="50" bw="8" slack="0"/>
<pin id="734" dir="0" index="51" bw="8" slack="0"/>
<pin id="735" dir="0" index="52" bw="8" slack="0"/>
<pin id="736" dir="0" index="53" bw="8" slack="0"/>
<pin id="737" dir="0" index="54" bw="7" slack="0"/>
<pin id="738" dir="0" index="55" bw="7" slack="0"/>
<pin id="739" dir="0" index="56" bw="9" slack="0"/>
<pin id="740" dir="0" index="57" bw="41" slack="0"/>
<pin id="741" dir="1" index="58" bw="0" slack="2147483647"/>
</pin_list>
<bind>
<opcode="call(48) " fcode="call"/>
<opset="call_ln0/13 "/>
</bind>
</comp>

<comp id="778" class="1004" name="store_ln43_store_fu_778">
<pin_list>
<pin id="779" dir="0" index="0" bw="1" slack="0"/>
<pin id="780" dir="0" index="1" bw="3" slack="0"/>
<pin id="781" dir="1" index="2" bw="0" slack="2147483647"/>
</pin_list>
<bind>
<opcode="store(28) " fcode="store"/>
<opset="store_ln43/1 "/>
</bind>
</comp>

<comp id="783" class="1004" name="t_3_load_fu_783">
<pin_list>
<pin id="784" dir="0" index="0" bw="3" slack="2"/>
<pin id="785" dir="1" index="1" bw="3" slack="0"/>
</pin_list>
<bind>
<opcode="load(27) " fcode="load"/>
<opset="t_3/3 "/>
</bind>
</comp>

<comp id="786" class="1004" name="icmp_ln43_fu_786">
<pin_list>
<pin id="787" dir="0" index="0" bw="3" slack="0"/>
<pin id="788" dir="0" index="1" bw="1" slack="0"/>
<pin id="789" dir="1" index="2" bw="1" slack="2147483647"/>
</pin_list>
<bind>
<opcode="icmp(45) " fcode="icmp"/>
<opset="icmp_ln43/3 "/>
</bind>
</comp>

<comp id="792" class="1004" name="add_ln43_fu_792">
<pin_list>
<pin id="793" dir="0" index="0" bw="3" slack="0"/>
<pin id="794" dir="0" index="1" bw="1" slack="0"/>
<pin id="795" dir="1" index="2" bw="3" slack="3"/>
</pin_list>
<bind>
<opcode="add(8) " fcode="add"/>
<opset="add_ln43/3 "/>
</bind>
</comp>

<comp id="798" class="1004" name="zext_ln43_fu_798">
<pin_list>
<pin id="799" dir="0" index="0" bw="3" slack="0"/>
<pin id="800" dir="1" index="1" bw="4" slack="2"/>
</pin_list>
<bind>
<opcode="zext(34) " fcode="zext"/>
<opset="zext_ln43/3 "/>
</bind>
</comp>

<comp id="802" class="1004" name="icmp_ln45_fu_802">
<pin_list>
<pin id="803" dir="0" index="0" bw="3" slack="0"/>
<pin id="804" dir="0" index="1" bw="3" slack="0"/>
<pin id="805" dir="1" index="2" bw="1" slack="2"/>
</pin_list>
<bind>
<opcode="icmp(45) " fcode="icmp"/>
<opset="icmp_ln45/3 "/>
</bind>
</comp>

<comp id="808" class="1004" name="empty_fu_808">
<pin_list>
<pin id="809" dir="0" index="0" bw="3" slack="0"/>
<pin id="810" dir="0" index="1" bw="3" slack="0"/>
<pin id="811" dir="1" index="2" bw="1" slack="0"/>
</pin_list>
<bind>
<opcode="icmp(45) " fcode="icmp"/>
<opset="empty/3 "/>
</bind>
</comp>

<comp id="814" class="1004" name="empty_61_fu_814">
<pin_list>
<pin id="815" dir="0" index="0" bw="3" slack="0"/>
<pin id="816" dir="1" index="1" bw="2" slack="0"/>
</pin_list>
<bind>
<opcode="trunc(33) " fcode="trunc"/>
<opset="empty_61/3 "/>
</bind>
</comp>

<comp id="818" class="1004" name="empty_62_fu_818">
<pin_list>
<pin id="819" dir="0" index="0" bw="2" slack="0"/>
<pin id="820" dir="0" index="1" bw="1" slack="0"/>
<pin id="821" dir="1" index="2" bw="2" slack="0"/>
</pin_list>
<bind>
<opcode="add(8) " fcode="add"/>
<opset="empty_62/3 "/>
</bind>
</comp>

<comp id="824" class="1004" name="empty_63_fu_824">
<pin_list>
<pin id="825" dir="0" index="0" bw="1" slack="0"/>
<pin id="826" dir="0" index="1" bw="2" slack="0"/>
<pin id="827" dir="0" index="2" bw="2" slack="0"/>
<pin id="828" dir="1" index="3" bw="2" slack="0"/>
</pin_list>
<bind>
<opcode="select(49) " fcode="select"/>
<opset="empty_63/3 "/>
</bind>
</comp>

<comp id="833" class="1004" name="add_ln59_fu_833">
<pin_list>
<pin id="834" dir="0" index="0" bw="3" slack="2"/>
<pin id="835" dir="0" index="1" bw="1" slack="0"/>
<pin id="836" dir="1" index="2" bw="4" slack="0"/>
</pin_list>
<bind>
<opcode="add(8) " fcode="add"/>
<opset="add_ln59/5 "/>
</bind>
</comp>

<comp id="838" class="1004" name="tmp_fu_838">
<pin_list>
<pin id="839" dir="0" index="0" bw="1" slack="0"/>
<pin id="840" dir="0" index="1" bw="4" slack="0"/>
<pin id="841" dir="0" index="2" bw="3" slack="0"/>
<pin id="842" dir="1" index="3" bw="1" slack="1"/>
</pin_list>
<bind>
<opcode="bitselect(1000) " fcode="bitselect"/>
<opset="tmp/5 "/>
</bind>
</comp>

<comp id="846" class="1004" name="icmp_ln62_fu_846">
<pin_list>
<pin id="847" dir="0" index="0" bw="6" slack="0"/>
<pin id="848" dir="0" index="1" bw="6" slack="0"/>
<pin id="849" dir="1" index="2" bw="1" slack="2147483647"/>
</pin_list>
<bind>
<opcode="icmp(45) " fcode="icmp"/>
<opset="icmp_ln62/6 "/>
</bind>
</comp>

<comp id="852" class="1004" name="add_ln62_1_fu_852">
<pin_list>
<pin id="853" dir="0" index="0" bw="6" slack="0"/>
<pin id="854" dir="0" index="1" bw="1" slack="0"/>
<pin id="855" dir="1" index="2" bw="6" slack="0"/>
</pin_list>
<bind>
<opcode="add(8) " fcode="add"/>
<opset="add_ln62_1/6 "/>
</bind>
</comp>

<comp id="858" class="1004" name="add_ln62_fu_858">
<pin_list>
<pin id="859" dir="0" index="0" bw="3" slack="0"/>
<pin id="860" dir="0" index="1" bw="1" slack="0"/>
<pin id="861" dir="1" index="2" bw="3" slack="0"/>
</pin_list>
<bind>
<opcode="add(8) " fcode="add"/>
<opset="add_ln62/6 "/>
</bind>
</comp>

<comp id="864" class="1004" name="icmp_ln63_fu_864">
<pin_list>
<pin id="865" dir="0" index="0" bw="3" slack="0"/>
<pin id="866" dir="0" index="1" bw="3" slack="0"/>
<pin id="867" dir="1" index="2" bw="1" slack="0"/>
</pin_list>
<bind>
<opcode="icmp(45) " fcode="icmp"/>
<opset="icmp_ln63/6 "/>
</bind>
</comp>

<comp id="870" class="1004" name="select_ln62_fu_870">
<pin_list>
<pin id="871" dir="0" index="0" bw="1" slack="0"/>
<pin id="872" dir="0" index="1" bw="1" slack="0"/>
<pin id="873" dir="0" index="2" bw="3" slack="0"/>
<pin id="874" dir="1" index="3" bw="3" slack="0"/>
</pin_list>
<bind>
<opcode="select(49) " fcode="select"/>
<opset="select_ln62/6 "/>
</bind>
</comp>

<comp id="879" class="1004" name="select_ln62_1_fu_879">
<pin_list>
<pin id="880" dir="0" index="0" bw="1" slack="0"/>
<pin id="881" dir="0" index="1" bw="3" slack="0"/>
<pin id="882" dir="0" index="2" bw="3" slack="0"/>
<pin id="883" dir="1" index="3" bw="3" slack="0"/>
</pin_list>
<bind>
<opcode="select(49) " fcode="select"/>
<opset="select_ln62_1/6 "/>
</bind>
</comp>

<comp id="888" class="1004" name="add_ln64_fu_888">
<pin_list>
<pin id="889" dir="0" index="0" bw="3" slack="0"/>
<pin id="890" dir="0" index="1" bw="1" slack="0"/>
<pin id="891" dir="1" index="2" bw="3" slack="0"/>
</pin_list>
<bind>
<opcode="add(8) " fcode="add"/>
<opset="add_ln64/6 "/>
</bind>
</comp>

<comp id="894" class="1004" name="cmp8_i_i_fu_894">
<pin_list>
<pin id="895" dir="0" index="0" bw="3" slack="0"/>
<pin id="896" dir="0" index="1" bw="1" slack="0"/>
<pin id="897" dir="1" index="2" bw="1" slack="0"/>
</pin_list>
<bind>
<opcode="icmp(45) " fcode="icmp"/>
<opset="cmp8_i_i/6 "/>
</bind>
</comp>

<comp id="901" class="1004" name="cmp9_i_i_2_fu_901">
<pin_list>
<pin id="902" dir="0" index="0" bw="3" slack="0"/>
<pin id="903" dir="0" index="1" bw="3" slack="0"/>
<pin id="904" dir="1" index="2" bw="1" slack="0"/>
</pin_list>
<bind>
<opcode="icmp(45) " fcode="icmp"/>
<opset="cmp9_i_i_2/6 "/>
</bind>
</comp>

<comp id="908" class="1004" name="store_ln43_store_fu_908">
<pin_list>
<pin id="909" dir="0" index="0" bw="3" slack="3"/>
<pin id="910" dir="0" index="1" bw="3" slack="5"/>
<pin id="911" dir="1" index="2" bw="0" slack="2147483647"/>
</pin_list>
<bind>
<opcode="store(28) " fcode="store"/>
<opset="store_ln43/6 "/>
</bind>
</comp>

<comp id="912" class="1004" name="or_ln123_s_fu_912">
<pin_list>
<pin id="913" dir="0" index="0" bw="96" slack="0"/>
<pin id="914" dir="0" index="1" bw="8" slack="0"/>
<pin id="915" dir="0" index="2" bw="8" slack="0"/>
<pin id="916" dir="0" index="3" bw="8" slack="1"/>
<pin id="917" dir="0" index="4" bw="8" slack="1"/>
<pin id="918" dir="0" index="5" bw="8" slack="2"/>
<pin id="919" dir="0" index="6" bw="8" slack="2"/>
<pin id="920" dir="0" index="7" bw="8" slack="3"/>
<pin id="921" dir="0" index="8" bw="8" slack="3"/>
<pin id="922" dir="0" index="9" bw="8" slack="4"/>
<pin id="923" dir="0" index="10" bw="8" slack="4"/>
<pin id="924" dir="0" index="11" bw="8" slack="5"/>
<pin id="925" dir="0" index="12" bw="8" slack="5"/>
<pin id="926" dir="1" index="13" bw="96" slack="0"/>
</pin_list>
<bind>
<opcode="bitconcatenate(1004) " fcode="bitconcatenate"/>
<opset="or_ln123_s/21 "/>
</bind>
</comp>

<comp id="931" class="1005" name="t_reg_931">
<pin_list>
<pin id="932" dir="0" index="0" bw="3" slack="0"/>
<pin id="933" dir="1" index="1" bw="3" slack="0"/>
</pin_list>
<bind>
<opset="t "/>
</bind>
</comp>

<comp id="938" class="1005" name="window_0_addr_reg_938">
<pin_list>
<pin id="939" dir="0" index="0" bw="4" slack="6"/>
<pin id="940" dir="1" index="1" bw="4" slack="6"/>
</pin_list>
<bind>
<opset="window_0_addr "/>
</bind>
</comp>

<comp id="943" class="1005" name="window_0_addr_1_reg_943">
<pin_list>
<pin id="944" dir="0" index="0" bw="4" slack="7"/>
<pin id="945" dir="1" index="1" bw="4" slack="7"/>
</pin_list>
<bind>
<opset="window_0_addr_1 "/>
</bind>
</comp>

<comp id="948" class="1005" name="window_0_addr_2_reg_948">
<pin_list>
<pin id="949" dir="0" index="0" bw="4" slack="7"/>
<pin id="950" dir="1" index="1" bw="4" slack="7"/>
</pin_list>
<bind>
<opset="window_0_addr_2 "/>
</bind>
</comp>

<comp id="953" class="1005" name="window_0_addr_3_reg_953">
<pin_list>
<pin id="954" dir="0" index="0" bw="4" slack="8"/>
<pin id="955" dir="1" index="1" bw="4" slack="8"/>
</pin_list>
<bind>
<opset="window_0_addr_3 "/>
</bind>
</comp>

<comp id="958" class="1005" name="window_0_addr_4_reg_958">
<pin_list>
<pin id="959" dir="0" index="0" bw="4" slack="8"/>
<pin id="960" dir="1" index="1" bw="4" slack="8"/>
</pin_list>
<bind>
<opset="window_0_addr_4 "/>
</bind>
</comp>

<comp id="963" class="1005" name="window_0_addr_5_reg_963">
<pin_list>
<pin id="964" dir="0" index="0" bw="4" slack="9"/>
<pin id="965" dir="1" index="1" bw="4" slack="9"/>
</pin_list>
<bind>
<opset="window_0_addr_5 "/>
</bind>
</comp>

<comp id="968" class="1005" name="window_0_addr_6_reg_968">
<pin_list>
<pin id="969" dir="0" index="0" bw="4" slack="9"/>
<pin id="970" dir="1" index="1" bw="4" slack="9"/>
</pin_list>
<bind>
<opset="window_0_addr_6 "/>
</bind>
</comp>

<comp id="973" class="1005" name="window_0_addr_7_reg_973">
<pin_list>
<pin id="974" dir="0" index="0" bw="4" slack="10"/>
<pin id="975" dir="1" index="1" bw="4" slack="10"/>
</pin_list>
<bind>
<opset="window_0_addr_7 "/>
</bind>
</comp>

<comp id="978" class="1005" name="window_0_addr_8_reg_978">
<pin_list>
<pin id="979" dir="0" index="0" bw="4" slack="10"/>
<pin id="980" dir="1" index="1" bw="4" slack="10"/>
</pin_list>
<bind>
<opset="window_0_addr_8 "/>
</bind>
</comp>

<comp id="983" class="1005" name="window_0_1_addr_reg_983">
<pin_list>
<pin id="984" dir="0" index="0" bw="4" slack="6"/>
<pin id="985" dir="1" index="1" bw="4" slack="6"/>
</pin_list>
<bind>
<opset="window_0_1_addr "/>
</bind>
</comp>

<comp id="988" class="1005" name="window_0_1_addr_1_reg_988">
<pin_list>
<pin id="989" dir="0" index="0" bw="4" slack="7"/>
<pin id="990" dir="1" index="1" bw="4" slack="7"/>
</pin_list>
<bind>
<opset="window_0_1_addr_1 "/>
</bind>
</comp>

<comp id="993" class="1005" name="window_0_1_addr_2_reg_993">
<pin_list>
<pin id="994" dir="0" index="0" bw="4" slack="7"/>
<pin id="995" dir="1" index="1" bw="4" slack="7"/>
</pin_list>
<bind>
<opset="window_0_1_addr_2 "/>
</bind>
</comp>

<comp id="998" class="1005" name="window_0_1_addr_3_reg_998">
<pin_list>
<pin id="999" dir="0" index="0" bw="4" slack="8"/>
<pin id="1000" dir="1" index="1" bw="4" slack="8"/>
</pin_list>
<bind>
<opset="window_0_1_addr_3 "/>
</bind>
</comp>

<comp id="1003" class="1005" name="window_0_1_addr_4_reg_1003">
<pin_list>
<pin id="1004" dir="0" index="0" bw="4" slack="8"/>
<pin id="1005" dir="1" index="1" bw="4" slack="8"/>
</pin_list>
<bind>
<opset="window_0_1_addr_4 "/>
</bind>
</comp>

<comp id="1008" class="1005" name="window_0_1_addr_5_reg_1008">
<pin_list>
<pin id="1009" dir="0" index="0" bw="4" slack="9"/>
<pin id="1010" dir="1" index="1" bw="4" slack="9"/>
</pin_list>
<bind>
<opset="window_0_1_addr_5 "/>
</bind>
</comp>

<comp id="1013" class="1005" name="window_0_1_addr_6_reg_1013">
<pin_list>
<pin id="1014" dir="0" index="0" bw="4" slack="9"/>
<pin id="1015" dir="1" index="1" bw="4" slack="9"/>
</pin_list>
<bind>
<opset="window_0_1_addr_6 "/>
</bind>
</comp>

<comp id="1018" class="1005" name="window_0_1_addr_7_reg_1018">
<pin_list>
<pin id="1019" dir="0" index="0" bw="4" slack="10"/>
<pin id="1020" dir="1" index="1" bw="4" slack="10"/>
</pin_list>
<bind>
<opset="window_0_1_addr_7 "/>
</bind>
</comp>

<comp id="1023" class="1005" name="window_0_1_addr_8_reg_1023">
<pin_list>
<pin id="1024" dir="0" index="0" bw="4" slack="10"/>
<pin id="1025" dir="1" index="1" bw="4" slack="10"/>
</pin_list>
<bind>
<opset="window_0_1_addr_8 "/>
</bind>
</comp>

<comp id="1028" class="1005" name="window_0_2_addr_reg_1028">
<pin_list>
<pin id="1029" dir="0" index="0" bw="4" slack="6"/>
<pin id="1030" dir="1" index="1" bw="4" slack="6"/>
</pin_list>
<bind>
<opset="window_0_2_addr "/>
</bind>
</comp>

<comp id="1033" class="1005" name="window_0_2_addr_1_reg_1033">
<pin_list>
<pin id="1034" dir="0" index="0" bw="4" slack="7"/>
<pin id="1035" dir="1" index="1" bw="4" slack="7"/>
</pin_list>
<bind>
<opset="window_0_2_addr_1 "/>
</bind>
</comp>

<comp id="1038" class="1005" name="window_0_2_addr_2_reg_1038">
<pin_list>
<pin id="1039" dir="0" index="0" bw="4" slack="7"/>
<pin id="1040" dir="1" index="1" bw="4" slack="7"/>
</pin_list>
<bind>
<opset="window_0_2_addr_2 "/>
</bind>
</comp>

<comp id="1043" class="1005" name="window_0_2_addr_3_reg_1043">
<pin_list>
<pin id="1044" dir="0" index="0" bw="4" slack="8"/>
<pin id="1045" dir="1" index="1" bw="4" slack="8"/>
</pin_list>
<bind>
<opset="window_0_2_addr_3 "/>
</bind>
</comp>

<comp id="1048" class="1005" name="window_0_2_addr_4_reg_1048">
<pin_list>
<pin id="1049" dir="0" index="0" bw="4" slack="8"/>
<pin id="1050" dir="1" index="1" bw="4" slack="8"/>
</pin_list>
<bind>
<opset="window_0_2_addr_4 "/>
</bind>
</comp>

<comp id="1053" class="1005" name="window_0_2_addr_5_reg_1053">
<pin_list>
<pin id="1054" dir="0" index="0" bw="4" slack="9"/>
<pin id="1055" dir="1" index="1" bw="4" slack="9"/>
</pin_list>
<bind>
<opset="window_0_2_addr_5 "/>
</bind>
</comp>

<comp id="1058" class="1005" name="window_0_2_addr_6_reg_1058">
<pin_list>
<pin id="1059" dir="0" index="0" bw="4" slack="9"/>
<pin id="1060" dir="1" index="1" bw="4" slack="9"/>
</pin_list>
<bind>
<opset="window_0_2_addr_6 "/>
</bind>
</comp>

<comp id="1063" class="1005" name="window_0_2_addr_7_reg_1063">
<pin_list>
<pin id="1064" dir="0" index="0" bw="4" slack="10"/>
<pin id="1065" dir="1" index="1" bw="4" slack="10"/>
</pin_list>
<bind>
<opset="window_0_2_addr_7 "/>
</bind>
</comp>

<comp id="1068" class="1005" name="window_0_2_addr_8_reg_1068">
<pin_list>
<pin id="1069" dir="0" index="0" bw="4" slack="10"/>
<pin id="1070" dir="1" index="1" bw="4" slack="10"/>
</pin_list>
<bind>
<opset="window_0_2_addr_8 "/>
</bind>
</comp>

<comp id="1073" class="1005" name="out_addr_reg_1073">
<pin_list>
<pin id="1074" dir="0" index="0" bw="4" slack="13"/>
<pin id="1075" dir="1" index="1" bw="4" slack="13"/>
</pin_list>
<bind>
<opset="out_addr "/>
</bind>
</comp>

<comp id="1078" class="1005" name="out_addr_1_reg_1078">
<pin_list>
<pin id="1079" dir="0" index="0" bw="4" slack="13"/>
<pin id="1080" dir="1" index="1" bw="4" slack="13"/>
</pin_list>
<bind>
<opset="out_addr_1 "/>
</bind>
</comp>

<comp id="1083" class="1005" name="out_addr_2_reg_1083">
<pin_list>
<pin id="1084" dir="0" index="0" bw="4" slack="14"/>
<pin id="1085" dir="1" index="1" bw="4" slack="14"/>
</pin_list>
<bind>
<opset="out_addr_2 "/>
</bind>
</comp>

<comp id="1088" class="1005" name="out_addr_3_reg_1088">
<pin_list>
<pin id="1089" dir="0" index="0" bw="4" slack="14"/>
<pin id="1090" dir="1" index="1" bw="4" slack="14"/>
</pin_list>
<bind>
<opset="out_addr_3 "/>
</bind>
</comp>

<comp id="1093" class="1005" name="out_addr_4_reg_1093">
<pin_list>
<pin id="1094" dir="0" index="0" bw="4" slack="15"/>
<pin id="1095" dir="1" index="1" bw="4" slack="15"/>
</pin_list>
<bind>
<opset="out_addr_4 "/>
</bind>
</comp>

<comp id="1098" class="1005" name="out_addr_5_reg_1098">
<pin_list>
<pin id="1099" dir="0" index="0" bw="4" slack="15"/>
<pin id="1100" dir="1" index="1" bw="4" slack="15"/>
</pin_list>
<bind>
<opset="out_addr_5 "/>
</bind>
</comp>

<comp id="1103" class="1005" name="out_addr_6_reg_1103">
<pin_list>
<pin id="1104" dir="0" index="0" bw="4" slack="16"/>
<pin id="1105" dir="1" index="1" bw="4" slack="16"/>
</pin_list>
<bind>
<opset="out_addr_6 "/>
</bind>
</comp>

<comp id="1108" class="1005" name="out_addr_7_reg_1108">
<pin_list>
<pin id="1109" dir="0" index="0" bw="4" slack="16"/>
<pin id="1110" dir="1" index="1" bw="4" slack="16"/>
</pin_list>
<bind>
<opset="out_addr_7 "/>
</bind>
</comp>

<comp id="1113" class="1005" name="out_addr_8_reg_1113">
<pin_list>
<pin id="1114" dir="0" index="0" bw="4" slack="17"/>
<pin id="1115" dir="1" index="1" bw="4" slack="17"/>
</pin_list>
<bind>
<opset="out_addr_8 "/>
</bind>
</comp>

<comp id="1118" class="1005" name="out_addr_9_reg_1118">
<pin_list>
<pin id="1119" dir="0" index="0" bw="4" slack="17"/>
<pin id="1120" dir="1" index="1" bw="4" slack="17"/>
</pin_list>
<bind>
<opset="out_addr_9 "/>
</bind>
</comp>

<comp id="1123" class="1005" name="out_addr_10_reg_1123">
<pin_list>
<pin id="1124" dir="0" index="0" bw="4" slack="18"/>
<pin id="1125" dir="1" index="1" bw="4" slack="18"/>
</pin_list>
<bind>
<opset="out_addr_10 "/>
</bind>
</comp>

<comp id="1128" class="1005" name="out_addr_11_reg_1128">
<pin_list>
<pin id="1129" dir="0" index="0" bw="4" slack="18"/>
<pin id="1130" dir="1" index="1" bw="4" slack="18"/>
</pin_list>
<bind>
<opset="out_addr_11 "/>
</bind>
</comp>

<comp id="1133" class="1005" name="t_3_reg_1133">
<pin_list>
<pin id="1134" dir="0" index="0" bw="3" slack="4"/>
<pin id="1135" dir="1" index="1" bw="3" slack="4"/>
</pin_list>
<bind>
<opset="t_3 "/>
</bind>
</comp>

<comp id="1141" class="1005" name="add_ln43_reg_1141">
<pin_list>
<pin id="1142" dir="0" index="0" bw="3" slack="3"/>
<pin id="1143" dir="1" index="1" bw="3" slack="3"/>
</pin_list>
<bind>
<opset="add_ln43 "/>
</bind>
</comp>

<comp id="1146" class="1005" name="zext_ln43_reg_1146">
<pin_list>
<pin id="1147" dir="0" index="0" bw="4" slack="2"/>
<pin id="1148" dir="1" index="1" bw="4" slack="2"/>
</pin_list>
<bind>
<opset="zext_ln43 "/>
</bind>
</comp>

<comp id="1151" class="1005" name="icmp_ln45_reg_1151">
<pin_list>
<pin id="1152" dir="0" index="0" bw="1" slack="2"/>
<pin id="1153" dir="1" index="1" bw="1" slack="2147483647"/>
</pin_list>
<bind>
<opset="icmp_ln45 "/>
</bind>
</comp>

<comp id="1155" class="1005" name="empty_63_reg_1155">
<pin_list>
<pin id="1156" dir="0" index="0" bw="2" slack="1"/>
<pin id="1157" dir="1" index="1" bw="2" slack="1"/>
</pin_list>
<bind>
<opset="empty_63 "/>
</bind>
</comp>

<comp id="1160" class="1005" name="tmp_reg_1160">
<pin_list>
<pin id="1161" dir="0" index="0" bw="1" slack="1"/>
<pin id="1162" dir="1" index="1" bw="1" slack="2147483647"/>
</pin_list>
<bind>
<opset="tmp "/>
</bind>
</comp>

<comp id="1167" class="1005" name="add_ln62_1_reg_1167">
<pin_list>
<pin id="1168" dir="0" index="0" bw="6" slack="0"/>
<pin id="1169" dir="1" index="1" bw="6" slack="0"/>
</pin_list>
<bind>
<opset="add_ln62_1 "/>
</bind>
</comp>

<comp id="1172" class="1005" name="select_ln62_reg_1172">
<pin_list>
<pin id="1173" dir="0" index="0" bw="3" slack="1"/>
<pin id="1174" dir="1" index="1" bw="3" slack="1"/>
</pin_list>
<bind>
<opset="select_ln62 "/>
</bind>
</comp>

<comp id="1177" class="1005" name="select_ln62_1_reg_1177">
<pin_list>
<pin id="1178" dir="0" index="0" bw="3" slack="0"/>
<pin id="1179" dir="1" index="1" bw="3" slack="0"/>
</pin_list>
<bind>
<opset="select_ln62_1 "/>
</bind>
</comp>

<comp id="1183" class="1005" name="add_ln64_reg_1183">
<pin_list>
<pin id="1184" dir="0" index="0" bw="3" slack="0"/>
<pin id="1185" dir="1" index="1" bw="3" slack="0"/>
</pin_list>
<bind>
<opset="add_ln64 "/>
</bind>
</comp>

<comp id="1188" class="1005" name="cmp8_i_i_reg_1188">
<pin_list>
<pin id="1189" dir="0" index="0" bw="1" slack="1"/>
<pin id="1190" dir="1" index="1" bw="1" slack="1"/>
</pin_list>
<bind>
<opset="cmp8_i_i "/>
</bind>
</comp>

<comp id="1193" class="1005" name="cmp9_i_i_2_reg_1193">
<pin_list>
<pin id="1194" dir="0" index="0" bw="1" slack="1"/>
<pin id="1195" dir="1" index="1" bw="1" slack="1"/>
</pin_list>
<bind>
<opset="cmp9_i_i_2 "/>
</bind>
</comp>

<comp id="1198" class="1005" name="window_0_load_reg_1198">
<pin_list>
<pin id="1199" dir="0" index="0" bw="8" slack="4"/>
<pin id="1200" dir="1" index="1" bw="8" slack="4"/>
</pin_list>
<bind>
<opset="window_0_load "/>
</bind>
</comp>

<comp id="1203" class="1005" name="window_0_1_load_reg_1203">
<pin_list>
<pin id="1204" dir="0" index="0" bw="8" slack="4"/>
<pin id="1205" dir="1" index="1" bw="8" slack="4"/>
</pin_list>
<bind>
<opset="window_0_1_load "/>
</bind>
</comp>

<comp id="1208" class="1005" name="window_0_2_load_reg_1208">
<pin_list>
<pin id="1209" dir="0" index="0" bw="8" slack="4"/>
<pin id="1210" dir="1" index="1" bw="8" slack="4"/>
</pin_list>
<bind>
<opset="window_0_2_load "/>
</bind>
</comp>

<comp id="1213" class="1005" name="window_0_load_1_reg_1213">
<pin_list>
<pin id="1214" dir="0" index="0" bw="8" slack="3"/>
<pin id="1215" dir="1" index="1" bw="8" slack="3"/>
</pin_list>
<bind>
<opset="window_0_load_1 "/>
</bind>
</comp>

<comp id="1218" class="1005" name="window_0_1_load_1_reg_1218">
<pin_list>
<pin id="1219" dir="0" index="0" bw="8" slack="3"/>
<pin id="1220" dir="1" index="1" bw="8" slack="3"/>
</pin_list>
<bind>
<opset="window_0_1_load_1 "/>
</bind>
</comp>

<comp id="1223" class="1005" name="window_0_2_load_1_reg_1223">
<pin_list>
<pin id="1224" dir="0" index="0" bw="8" slack="3"/>
<pin id="1225" dir="1" index="1" bw="8" slack="3"/>
</pin_list>
<bind>
<opset="window_0_2_load_1 "/>
</bind>
</comp>

<comp id="1228" class="1005" name="window_0_load_2_reg_1228">
<pin_list>
<pin id="1229" dir="0" index="0" bw="8" slack="3"/>
<pin id="1230" dir="1" index="1" bw="8" slack="3"/>
</pin_list>
<bind>
<opset="window_0_load_2 "/>
</bind>
</comp>

<comp id="1233" class="1005" name="window_0_1_load_2_reg_1233">
<pin_list>
<pin id="1234" dir="0" index="0" bw="8" slack="3"/>
<pin id="1235" dir="1" index="1" bw="8" slack="3"/>
</pin_list>
<bind>
<opset="window_0_1_load_2 "/>
</bind>
</comp>

<comp id="1238" class="1005" name="window_0_2_load_2_reg_1238">
<pin_list>
<pin id="1239" dir="0" index="0" bw="8" slack="3"/>
<pin id="1240" dir="1" index="1" bw="8" slack="3"/>
</pin_list>
<bind>
<opset="window_0_2_load_2 "/>
</bind>
</comp>

<comp id="1243" class="1005" name="window_0_load_3_reg_1243">
<pin_list>
<pin id="1244" dir="0" index="0" bw="8" slack="2"/>
<pin id="1245" dir="1" index="1" bw="8" slack="2"/>
</pin_list>
<bind>
<opset="window_0_load_3 "/>
</bind>
</comp>

<comp id="1248" class="1005" name="window_0_1_load_3_reg_1248">
<pin_list>
<pin id="1249" dir="0" index="0" bw="8" slack="2"/>
<pin id="1250" dir="1" index="1" bw="8" slack="2"/>
</pin_list>
<bind>
<opset="window_0_1_load_3 "/>
</bind>
</comp>

<comp id="1253" class="1005" name="window_0_2_load_3_reg_1253">
<pin_list>
<pin id="1254" dir="0" index="0" bw="8" slack="2"/>
<pin id="1255" dir="1" index="1" bw="8" slack="2"/>
</pin_list>
<bind>
<opset="window_0_2_load_3 "/>
</bind>
</comp>

<comp id="1258" class="1005" name="window_0_load_4_reg_1258">
<pin_list>
<pin id="1259" dir="0" index="0" bw="8" slack="2"/>
<pin id="1260" dir="1" index="1" bw="8" slack="2"/>
</pin_list>
<bind>
<opset="window_0_load_4 "/>
</bind>
</comp>

<comp id="1263" class="1005" name="window_0_1_load_4_reg_1263">
<pin_list>
<pin id="1264" dir="0" index="0" bw="8" slack="2"/>
<pin id="1265" dir="1" index="1" bw="8" slack="2"/>
</pin_list>
<bind>
<opset="window_0_1_load_4 "/>
</bind>
</comp>

<comp id="1268" class="1005" name="window_0_2_load_4_reg_1268">
<pin_list>
<pin id="1269" dir="0" index="0" bw="8" slack="2"/>
<pin id="1270" dir="1" index="1" bw="8" slack="2"/>
</pin_list>
<bind>
<opset="window_0_2_load_4 "/>
</bind>
</comp>

<comp id="1273" class="1005" name="window_0_load_5_reg_1273">
<pin_list>
<pin id="1274" dir="0" index="0" bw="8" slack="1"/>
<pin id="1275" dir="1" index="1" bw="8" slack="1"/>
</pin_list>
<bind>
<opset="window_0_load_5 "/>
</bind>
</comp>

<comp id="1278" class="1005" name="window_0_1_load_5_reg_1278">
<pin_list>
<pin id="1279" dir="0" index="0" bw="8" slack="1"/>
<pin id="1280" dir="1" index="1" bw="8" slack="1"/>
</pin_list>
<bind>
<opset="window_0_1_load_5 "/>
</bind>
</comp>

<comp id="1283" class="1005" name="window_0_2_load_5_reg_1283">
<pin_list>
<pin id="1284" dir="0" index="0" bw="8" slack="1"/>
<pin id="1285" dir="1" index="1" bw="8" slack="1"/>
</pin_list>
<bind>
<opset="window_0_2_load_5 "/>
</bind>
</comp>

<comp id="1288" class="1005" name="window_0_load_6_reg_1288">
<pin_list>
<pin id="1289" dir="0" index="0" bw="8" slack="1"/>
<pin id="1290" dir="1" index="1" bw="8" slack="1"/>
</pin_list>
<bind>
<opset="window_0_load_6 "/>
</bind>
</comp>

<comp id="1293" class="1005" name="window_0_1_load_6_reg_1293">
<pin_list>
<pin id="1294" dir="0" index="0" bw="8" slack="1"/>
<pin id="1295" dir="1" index="1" bw="8" slack="1"/>
</pin_list>
<bind>
<opset="window_0_1_load_6 "/>
</bind>
</comp>

<comp id="1298" class="1005" name="window_0_2_load_6_reg_1298">
<pin_list>
<pin id="1299" dir="0" index="0" bw="8" slack="1"/>
<pin id="1300" dir="1" index="1" bw="8" slack="1"/>
</pin_list>
<bind>
<opset="window_0_2_load_6 "/>
</bind>
</comp>

<comp id="1303" class="1005" name="window_0_load_7_reg_1303">
<pin_list>
<pin id="1304" dir="0" index="0" bw="8" slack="1"/>
<pin id="1305" dir="1" index="1" bw="8" slack="1"/>
</pin_list>
<bind>
<opset="window_0_load_7 "/>
</bind>
</comp>

<comp id="1308" class="1005" name="window_0_1_load_7_reg_1308">
<pin_list>
<pin id="1309" dir="0" index="0" bw="8" slack="1"/>
<pin id="1310" dir="1" index="1" bw="8" slack="1"/>
</pin_list>
<bind>
<opset="window_0_1_load_7 "/>
</bind>
</comp>

<comp id="1313" class="1005" name="window_0_2_load_7_reg_1313">
<pin_list>
<pin id="1314" dir="0" index="0" bw="8" slack="1"/>
<pin id="1315" dir="1" index="1" bw="8" slack="1"/>
</pin_list>
<bind>
<opset="window_0_2_load_7 "/>
</bind>
</comp>

<comp id="1318" class="1005" name="window_0_load_8_reg_1318">
<pin_list>
<pin id="1319" dir="0" index="0" bw="8" slack="1"/>
<pin id="1320" dir="1" index="1" bw="8" slack="1"/>
</pin_list>
<bind>
<opset="window_0_load_8 "/>
</bind>
</comp>

<comp id="1323" class="1005" name="window_0_1_load_8_reg_1323">
<pin_list>
<pin id="1324" dir="0" index="0" bw="8" slack="1"/>
<pin id="1325" dir="1" index="1" bw="8" slack="1"/>
</pin_list>
<bind>
<opset="window_0_1_load_8 "/>
</bind>
</comp>

<comp id="1328" class="1005" name="window_0_2_load_8_reg_1328">
<pin_list>
<pin id="1329" dir="0" index="0" bw="8" slack="1"/>
<pin id="1330" dir="1" index="1" bw="8" slack="1"/>
</pin_list>
<bind>
<opset="window_0_2_load_8 "/>
</bind>
</comp>

<comp id="1333" class="1005" name="out_load_reg_1333">
<pin_list>
<pin id="1334" dir="0" index="0" bw="8" slack="5"/>
<pin id="1335" dir="1" index="1" bw="8" slack="5"/>
</pin_list>
<bind>
<opset="out_load "/>
</bind>
</comp>

<comp id="1338" class="1005" name="out_load_1_reg_1338">
<pin_list>
<pin id="1339" dir="0" index="0" bw="8" slack="5"/>
<pin id="1340" dir="1" index="1" bw="8" slack="5"/>
</pin_list>
<bind>
<opset="out_load_1 "/>
</bind>
</comp>

<comp id="1343" class="1005" name="out_load_2_reg_1343">
<pin_list>
<pin id="1344" dir="0" index="0" bw="8" slack="4"/>
<pin id="1345" dir="1" index="1" bw="8" slack="4"/>
</pin_list>
<bind>
<opset="out_load_2 "/>
</bind>
</comp>

<comp id="1348" class="1005" name="out_load_3_reg_1348">
<pin_list>
<pin id="1349" dir="0" index="0" bw="8" slack="4"/>
<pin id="1350" dir="1" index="1" bw="8" slack="4"/>
</pin_list>
<bind>
<opset="out_load_3 "/>
</bind>
</comp>

<comp id="1353" class="1005" name="out_load_4_reg_1353">
<pin_list>
<pin id="1354" dir="0" index="0" bw="8" slack="3"/>
<pin id="1355" dir="1" index="1" bw="8" slack="3"/>
</pin_list>
<bind>
<opset="out_load_4 "/>
</bind>
</comp>

<comp id="1358" class="1005" name="out_load_5_reg_1358">
<pin_list>
<pin id="1359" dir="0" index="0" bw="8" slack="3"/>
<pin id="1360" dir="1" index="1" bw="8" slack="3"/>
</pin_list>
<bind>
<opset="out_load_5 "/>
</bind>
</comp>

<comp id="1363" class="1005" name="out_load_6_reg_1363">
<pin_list>
<pin id="1364" dir="0" index="0" bw="8" slack="2"/>
<pin id="1365" dir="1" index="1" bw="8" slack="2"/>
</pin_list>
<bind>
<opset="out_load_6 "/>
</bind>
</comp>

<comp id="1368" class="1005" name="out_load_7_reg_1368">
<pin_list>
<pin id="1369" dir="0" index="0" bw="8" slack="2"/>
<pin id="1370" dir="1" index="1" bw="8" slack="2"/>
</pin_list>
<bind>
<opset="out_load_7 "/>
</bind>
</comp>

<comp id="1373" class="1005" name="out_load_8_reg_1373">
<pin_list>
<pin id="1374" dir="0" index="0" bw="8" slack="1"/>
<pin id="1375" dir="1" index="1" bw="8" slack="1"/>
</pin_list>
<bind>
<opset="out_load_8 "/>
</bind>
</comp>

<comp id="1378" class="1005" name="out_load_9_reg_1378">
<pin_list>
<pin id="1379" dir="0" index="0" bw="8" slack="1"/>
<pin id="1380" dir="1" index="1" bw="8" slack="1"/>
</pin_list>
<bind>
<opset="out_load_9 "/>
</bind>
</comp>

</comp_list>

<net_list>
<net id="149"><net_src comp="62" pin="0"/><net_sink comp="146" pin=0"/></net>

<net id="153"><net_src comp="64" pin="0"/><net_sink comp="150" pin=0"/></net>

<net id="157"><net_src comp="64" pin="0"/><net_sink comp="154" pin=0"/></net>

<net id="161"><net_src comp="64" pin="0"/><net_sink comp="158" pin=0"/></net>

<net id="165"><net_src comp="64" pin="0"/><net_sink comp="162" pin=0"/></net>

<net id="169"><net_src comp="64" pin="0"/><net_sink comp="166" pin=0"/></net>

<net id="173"><net_src comp="64" pin="0"/><net_sink comp="170" pin=0"/></net>

<net id="177"><net_src comp="64" pin="0"/><net_sink comp="174" pin=0"/></net>

<net id="181"><net_src comp="64" pin="0"/><net_sink comp="178" pin=0"/></net>

<net id="185"><net_src comp="64" pin="0"/><net_sink comp="182" pin=0"/></net>

<net id="189"><net_src comp="64" pin="0"/><net_sink comp="186" pin=0"/></net>

<net id="193"><net_src comp="64" pin="0"/><net_sink comp="190" pin=0"/></net>

<net id="197"><net_src comp="64" pin="0"/><net_sink comp="194" pin=0"/></net>

<net id="201"><net_src comp="64" pin="0"/><net_sink comp="198" pin=0"/></net>

<net id="205"><net_src comp="64" pin="0"/><net_sink comp="202" pin=0"/></net>

<net id="209"><net_src comp="64" pin="0"/><net_sink comp="206" pin=0"/></net>

<net id="213"><net_src comp="64" pin="0"/><net_sink comp="210" pin=0"/></net>

<net id="217"><net_src comp="64" pin="0"/><net_sink comp="214" pin=0"/></net>

<net id="221"><net_src comp="64" pin="0"/><net_sink comp="218" pin=0"/></net>

<net id="225"><net_src comp="64" pin="0"/><net_sink comp="222" pin=0"/></net>

<net id="229"><net_src comp="64" pin="0"/><net_sink comp="226" pin=0"/></net>

<net id="233"><net_src comp="64" pin="0"/><net_sink comp="230" pin=0"/></net>

<net id="237"><net_src comp="64" pin="0"/><net_sink comp="234" pin=0"/></net>

<net id="243"><net_src comp="144" pin="0"/><net_sink comp="238" pin=0"/></net>

<net id="244"><net_src comp="2" pin="0"/><net_sink comp="238" pin=1"/></net>

<net id="250"><net_src comp="80" pin="0"/><net_sink comp="245" pin=1"/></net>

<net id="251"><net_src comp="80" pin="0"/><net_sink comp="245" pin=2"/></net>

<net id="257"><net_src comp="80" pin="0"/><net_sink comp="252" pin=1"/></net>

<net id="258"><net_src comp="64" pin="0"/><net_sink comp="252" pin=2"/></net>

<net id="264"><net_src comp="80" pin="0"/><net_sink comp="259" pin=1"/></net>

<net id="265"><net_src comp="82" pin="0"/><net_sink comp="259" pin=2"/></net>

<net id="271"><net_src comp="80" pin="0"/><net_sink comp="266" pin=1"/></net>

<net id="272"><net_src comp="84" pin="0"/><net_sink comp="266" pin=2"/></net>

<net id="278"><net_src comp="80" pin="0"/><net_sink comp="273" pin=1"/></net>

<net id="279"><net_src comp="86" pin="0"/><net_sink comp="273" pin=2"/></net>

<net id="285"><net_src comp="80" pin="0"/><net_sink comp="280" pin=1"/></net>

<net id="286"><net_src comp="88" pin="0"/><net_sink comp="280" pin=2"/></net>

<net id="292"><net_src comp="80" pin="0"/><net_sink comp="287" pin=1"/></net>

<net id="293"><net_src comp="90" pin="0"/><net_sink comp="287" pin=2"/></net>

<net id="299"><net_src comp="80" pin="0"/><net_sink comp="294" pin=1"/></net>

<net id="300"><net_src comp="92" pin="0"/><net_sink comp="294" pin=2"/></net>

<net id="306"><net_src comp="80" pin="0"/><net_sink comp="301" pin=1"/></net>

<net id="307"><net_src comp="94" pin="0"/><net_sink comp="301" pin=2"/></net>

<net id="313"><net_src comp="80" pin="0"/><net_sink comp="308" pin=1"/></net>

<net id="314"><net_src comp="80" pin="0"/><net_sink comp="308" pin=2"/></net>

<net id="320"><net_src comp="80" pin="0"/><net_sink comp="315" pin=1"/></net>

<net id="321"><net_src comp="64" pin="0"/><net_sink comp="315" pin=2"/></net>

<net id="327"><net_src comp="80" pin="0"/><net_sink comp="322" pin=1"/></net>

<net id="328"><net_src comp="82" pin="0"/><net_sink comp="322" pin=2"/></net>

<net id="334"><net_src comp="80" pin="0"/><net_sink comp="329" pin=1"/></net>

<net id="335"><net_src comp="84" pin="0"/><net_sink comp="329" pin=2"/></net>

<net id="341"><net_src comp="80" pin="0"/><net_sink comp="336" pin=1"/></net>

<net id="342"><net_src comp="86" pin="0"/><net_sink comp="336" pin=2"/></net>

<net id="348"><net_src comp="80" pin="0"/><net_sink comp="343" pin=1"/></net>

<net id="349"><net_src comp="88" pin="0"/><net_sink comp="343" pin=2"/></net>

<net id="355"><net_src comp="80" pin="0"/><net_sink comp="350" pin=1"/></net>

<net id="356"><net_src comp="90" pin="0"/><net_sink comp="350" pin=2"/></net>

<net id="362"><net_src comp="80" pin="0"/><net_sink comp="357" pin=1"/></net>

<net id="363"><net_src comp="92" pin="0"/><net_sink comp="357" pin=2"/></net>

<net id="369"><net_src comp="80" pin="0"/><net_sink comp="364" pin=1"/></net>

<net id="370"><net_src comp="94" pin="0"/><net_sink comp="364" pin=2"/></net>

<net id="376"><net_src comp="80" pin="0"/><net_sink comp="371" pin=1"/></net>

<net id="377"><net_src comp="80" pin="0"/><net_sink comp="371" pin=2"/></net>

<net id="383"><net_src comp="80" pin="0"/><net_sink comp="378" pin=1"/></net>

<net id="384"><net_src comp="64" pin="0"/><net_sink comp="378" pin=2"/></net>

<net id="390"><net_src comp="80" pin="0"/><net_sink comp="385" pin=1"/></net>

<net id="391"><net_src comp="82" pin="0"/><net_sink comp="385" pin=2"/></net>

<net id="397"><net_src comp="80" pin="0"/><net_sink comp="392" pin=1"/></net>

<net id="398"><net_src comp="84" pin="0"/><net_sink comp="392" pin=2"/></net>

<net id="404"><net_src comp="80" pin="0"/><net_sink comp="399" pin=1"/></net>

<net id="405"><net_src comp="86" pin="0"/><net_sink comp="399" pin=2"/></net>

<net id="411"><net_src comp="80" pin="0"/><net_sink comp="406" pin=1"/></net>

<net id="412"><net_src comp="88" pin="0"/><net_sink comp="406" pin=2"/></net>

<net id="418"><net_src comp="80" pin="0"/><net_sink comp="413" pin=1"/></net>

<net id="419"><net_src comp="90" pin="0"/><net_sink comp="413" pin=2"/></net>

<net id="425"><net_src comp="80" pin="0"/><net_sink comp="420" pin=1"/></net>

<net id="426"><net_src comp="92" pin="0"/><net_sink comp="420" pin=2"/></net>

<net id="432"><net_src comp="80" pin="0"/><net_sink comp="427" pin=1"/></net>

<net id="433"><net_src comp="94" pin="0"/><net_sink comp="427" pin=2"/></net>

<net id="439"><net_src comp="80" pin="0"/><net_sink comp="434" pin=1"/></net>

<net id="440"><net_src comp="80" pin="0"/><net_sink comp="434" pin=2"/></net>

<net id="446"><net_src comp="80" pin="0"/><net_sink comp="441" pin=1"/></net>

<net id="447"><net_src comp="64" pin="0"/><net_sink comp="441" pin=2"/></net>

<net id="453"><net_src comp="80" pin="0"/><net_sink comp="448" pin=1"/></net>

<net id="454"><net_src comp="82" pin="0"/><net_sink comp="448" pin=2"/></net>

<net id="460"><net_src comp="80" pin="0"/><net_sink comp="455" pin=1"/></net>

<net id="461"><net_src comp="84" pin="0"/><net_sink comp="455" pin=2"/></net>

<net id="467"><net_src comp="80" pin="0"/><net_sink comp="462" pin=1"/></net>

<net id="468"><net_src comp="86" pin="0"/><net_sink comp="462" pin=2"/></net>

<net id="474"><net_src comp="80" pin="0"/><net_sink comp="469" pin=1"/></net>

<net id="475"><net_src comp="88" pin="0"/><net_sink comp="469" pin=2"/></net>

<net id="481"><net_src comp="80" pin="0"/><net_sink comp="476" pin=1"/></net>

<net id="482"><net_src comp="90" pin="0"/><net_sink comp="476" pin=2"/></net>

<net id="488"><net_src comp="80" pin="0"/><net_sink comp="483" pin=1"/></net>

<net id="489"><net_src comp="92" pin="0"/><net_sink comp="483" pin=2"/></net>

<net id="495"><net_src comp="80" pin="0"/><net_sink comp="490" pin=1"/></net>

<net id="496"><net_src comp="94" pin="0"/><net_sink comp="490" pin=2"/></net>

<net id="502"><net_src comp="80" pin="0"/><net_sink comp="497" pin=1"/></net>

<net id="503"><net_src comp="96" pin="0"/><net_sink comp="497" pin=2"/></net>

<net id="509"><net_src comp="80" pin="0"/><net_sink comp="504" pin=1"/></net>

<net id="510"><net_src comp="98" pin="0"/><net_sink comp="504" pin=2"/></net>

<net id="516"><net_src comp="80" pin="0"/><net_sink comp="511" pin=1"/></net>

<net id="517"><net_src comp="100" pin="0"/><net_sink comp="511" pin=2"/></net>

<net id="557"><net_src comp="128" pin="0"/><net_sink comp="554" pin=0"/></net>

<net id="564"><net_src comp="554" pin="1"/><net_sink comp="558" pin=2"/></net>

<net id="568"><net_src comp="68" pin="0"/><net_sink comp="565" pin=0"/></net>

<net id="575"><net_src comp="565" pin="1"/><net_sink comp="569" pin=2"/></net>

<net id="579"><net_src comp="68" pin="0"/><net_sink comp="576" pin=0"/></net>

<net id="586"><net_src comp="576" pin="1"/><net_sink comp="580" pin=2"/></net>

<net id="608"><net_src comp="66" pin="0"/><net_sink comp="587" pin=0"/></net>

<net id="609"><net_src comp="150" pin="1"/><net_sink comp="587" pin=1"/></net>

<net id="610"><net_src comp="154" pin="1"/><net_sink comp="587" pin=2"/></net>

<net id="611"><net_src comp="158" pin="1"/><net_sink comp="587" pin=3"/></net>

<net id="612"><net_src comp="162" pin="1"/><net_sink comp="587" pin=4"/></net>

<net id="613"><net_src comp="166" pin="1"/><net_sink comp="587" pin=5"/></net>

<net id="614"><net_src comp="170" pin="1"/><net_sink comp="587" pin=6"/></net>

<net id="615"><net_src comp="174" pin="1"/><net_sink comp="587" pin=7"/></net>

<net id="616"><net_src comp="178" pin="1"/><net_sink comp="587" pin=8"/></net>

<net id="617"><net_src comp="182" pin="1"/><net_sink comp="587" pin=9"/></net>

<net id="618"><net_src comp="186" pin="1"/><net_sink comp="587" pin=10"/></net>

<net id="619"><net_src comp="190" pin="1"/><net_sink comp="587" pin=11"/></net>

<net id="620"><net_src comp="194" pin="1"/><net_sink comp="587" pin=12"/></net>

<net id="621"><net_src comp="198" pin="1"/><net_sink comp="587" pin=13"/></net>

<net id="622"><net_src comp="202" pin="1"/><net_sink comp="587" pin=14"/></net>

<net id="623"><net_src comp="206" pin="1"/><net_sink comp="587" pin=15"/></net>

<net id="624"><net_src comp="210" pin="1"/><net_sink comp="587" pin=16"/></net>

<net id="625"><net_src comp="214" pin="1"/><net_sink comp="587" pin=17"/></net>

<net id="626"><net_src comp="218" pin="1"/><net_sink comp="587" pin=18"/></net>

<net id="650"><net_src comp="120" pin="0"/><net_sink comp="627" pin=0"/></net>

<net id="651"><net_src comp="0" pin="0"/><net_sink comp="627" pin=19"/></net>

<net id="681"><net_src comp="134" pin="0"/><net_sink comp="652" pin=0"/></net>

<net id="742"><net_src comp="136" pin="0"/><net_sink comp="682" pin=0"/></net>

<net id="743"><net_src comp="518" pin="3"/><net_sink comp="682" pin=22"/></net>

<net id="744"><net_src comp="523" pin="3"/><net_sink comp="682" pin=23"/></net>

<net id="745"><net_src comp="528" pin="3"/><net_sink comp="682" pin=24"/></net>

<net id="746"><net_src comp="518" pin="7"/><net_sink comp="682" pin=25"/></net>

<net id="747"><net_src comp="523" pin="7"/><net_sink comp="682" pin=26"/></net>

<net id="748"><net_src comp="528" pin="7"/><net_sink comp="682" pin=27"/></net>

<net id="749"><net_src comp="4" pin="0"/><net_sink comp="682" pin=29"/></net>

<net id="750"><net_src comp="6" pin="0"/><net_sink comp="682" pin=30"/></net>

<net id="751"><net_src comp="8" pin="0"/><net_sink comp="682" pin=31"/></net>

<net id="752"><net_src comp="10" pin="0"/><net_sink comp="682" pin=32"/></net>

<net id="753"><net_src comp="12" pin="0"/><net_sink comp="682" pin=33"/></net>

<net id="754"><net_src comp="14" pin="0"/><net_sink comp="682" pin=34"/></net>

<net id="755"><net_src comp="16" pin="0"/><net_sink comp="682" pin=35"/></net>

<net id="756"><net_src comp="18" pin="0"/><net_sink comp="682" pin=36"/></net>

<net id="757"><net_src comp="20" pin="0"/><net_sink comp="682" pin=37"/></net>

<net id="758"><net_src comp="22" pin="0"/><net_sink comp="682" pin=38"/></net>

<net id="759"><net_src comp="24" pin="0"/><net_sink comp="682" pin=39"/></net>

<net id="760"><net_src comp="26" pin="0"/><net_sink comp="682" pin=40"/></net>

<net id="761"><net_src comp="28" pin="0"/><net_sink comp="682" pin=41"/></net>

<net id="762"><net_src comp="30" pin="0"/><net_sink comp="682" pin=42"/></net>

<net id="763"><net_src comp="32" pin="0"/><net_sink comp="682" pin=43"/></net>

<net id="764"><net_src comp="34" pin="0"/><net_sink comp="682" pin=44"/></net>

<net id="765"><net_src comp="36" pin="0"/><net_sink comp="682" pin=45"/></net>

<net id="766"><net_src comp="38" pin="0"/><net_sink comp="682" pin=46"/></net>

<net id="767"><net_src comp="40" pin="0"/><net_sink comp="682" pin=47"/></net>

<net id="768"><net_src comp="42" pin="0"/><net_sink comp="682" pin=48"/></net>

<net id="769"><net_src comp="44" pin="0"/><net_sink comp="682" pin=49"/></net>

<net id="770"><net_src comp="46" pin="0"/><net_sink comp="682" pin=50"/></net>

<net id="771"><net_src comp="48" pin="0"/><net_sink comp="682" pin=51"/></net>

<net id="772"><net_src comp="50" pin="0"/><net_sink comp="682" pin=52"/></net>

<net id="773"><net_src comp="52" pin="0"/><net_sink comp="682" pin=53"/></net>

<net id="774"><net_src comp="54" pin="0"/><net_sink comp="682" pin=54"/></net>

<net id="775"><net_src comp="56" pin="0"/><net_sink comp="682" pin=55"/></net>

<net id="776"><net_src comp="58" pin="0"/><net_sink comp="682" pin=56"/></net>

<net id="777"><net_src comp="60" pin="0"/><net_sink comp="682" pin=57"/></net>

<net id="782"><net_src comp="68" pin="0"/><net_sink comp="778" pin=0"/></net>

<net id="790"><net_src comp="783" pin="1"/><net_sink comp="786" pin=0"/></net>

<net id="791"><net_src comp="102" pin="0"/><net_sink comp="786" pin=1"/></net>

<net id="796"><net_src comp="783" pin="1"/><net_sink comp="792" pin=0"/></net>

<net id="797"><net_src comp="106" pin="0"/><net_sink comp="792" pin=1"/></net>

<net id="801"><net_src comp="783" pin="1"/><net_sink comp="798" pin=0"/></net>

<net id="806"><net_src comp="783" pin="1"/><net_sink comp="802" pin=0"/></net>

<net id="807"><net_src comp="112" pin="0"/><net_sink comp="802" pin=1"/></net>

<net id="812"><net_src comp="783" pin="1"/><net_sink comp="808" pin=0"/></net>

<net id="813"><net_src comp="114" pin="0"/><net_sink comp="808" pin=1"/></net>

<net id="817"><net_src comp="783" pin="1"/><net_sink comp="814" pin=0"/></net>

<net id="822"><net_src comp="814" pin="1"/><net_sink comp="818" pin=0"/></net>

<net id="823"><net_src comp="116" pin="0"/><net_sink comp="818" pin=1"/></net>

<net id="829"><net_src comp="808" pin="2"/><net_sink comp="824" pin=0"/></net>

<net id="830"><net_src comp="814" pin="1"/><net_sink comp="824" pin=1"/></net>

<net id="831"><net_src comp="818" pin="2"/><net_sink comp="824" pin=2"/></net>

<net id="832"><net_src comp="824" pin="3"/><net_sink comp="627" pin=20"/></net>

<net id="837"><net_src comp="122" pin="0"/><net_sink comp="833" pin=1"/></net>

<net id="843"><net_src comp="124" pin="0"/><net_sink comp="838" pin=0"/></net>

<net id="844"><net_src comp="833" pin="2"/><net_sink comp="838" pin=1"/></net>

<net id="845"><net_src comp="126" pin="0"/><net_sink comp="838" pin=2"/></net>

<net id="850"><net_src comp="558" pin="4"/><net_sink comp="846" pin=0"/></net>

<net id="851"><net_src comp="130" pin="0"/><net_sink comp="846" pin=1"/></net>

<net id="856"><net_src comp="558" pin="4"/><net_sink comp="852" pin=0"/></net>

<net id="857"><net_src comp="132" pin="0"/><net_sink comp="852" pin=1"/></net>

<net id="862"><net_src comp="569" pin="4"/><net_sink comp="858" pin=0"/></net>

<net id="863"><net_src comp="106" pin="0"/><net_sink comp="858" pin=1"/></net>

<net id="868"><net_src comp="580" pin="4"/><net_sink comp="864" pin=0"/></net>

<net id="869"><net_src comp="112" pin="0"/><net_sink comp="864" pin=1"/></net>

<net id="875"><net_src comp="864" pin="2"/><net_sink comp="870" pin=0"/></net>

<net id="876"><net_src comp="68" pin="0"/><net_sink comp="870" pin=1"/></net>

<net id="877"><net_src comp="580" pin="4"/><net_sink comp="870" pin=2"/></net>

<net id="878"><net_src comp="870" pin="3"/><net_sink comp="652" pin=22"/></net>

<net id="884"><net_src comp="864" pin="2"/><net_sink comp="879" pin=0"/></net>

<net id="885"><net_src comp="858" pin="2"/><net_sink comp="879" pin=1"/></net>

<net id="886"><net_src comp="569" pin="4"/><net_sink comp="879" pin=2"/></net>

<net id="887"><net_src comp="879" pin="3"/><net_sink comp="652" pin=5"/></net>

<net id="892"><net_src comp="870" pin="3"/><net_sink comp="888" pin=0"/></net>

<net id="893"><net_src comp="106" pin="0"/><net_sink comp="888" pin=1"/></net>

<net id="898"><net_src comp="870" pin="3"/><net_sink comp="894" pin=0"/></net>

<net id="899"><net_src comp="68" pin="0"/><net_sink comp="894" pin=1"/></net>

<net id="900"><net_src comp="894" pin="2"/><net_sink comp="652" pin=6"/></net>

<net id="905"><net_src comp="888" pin="2"/><net_sink comp="901" pin=0"/></net>

<net id="906"><net_src comp="112" pin="0"/><net_sink comp="901" pin=1"/></net>

<net id="907"><net_src comp="901" pin="2"/><net_sink comp="652" pin=26"/></net>

<net id="927"><net_src comp="142" pin="0"/><net_sink comp="912" pin=0"/></net>

<net id="928"><net_src comp="545" pin="3"/><net_sink comp="912" pin=1"/></net>

<net id="929"><net_src comp="545" pin="7"/><net_sink comp="912" pin=2"/></net>

<net id="930"><net_src comp="912" pin="13"/><net_sink comp="238" pin=2"/></net>

<net id="934"><net_src comp="146" pin="1"/><net_sink comp="931" pin=0"/></net>

<net id="935"><net_src comp="931" pin="1"/><net_sink comp="778" pin=1"/></net>

<net id="936"><net_src comp="931" pin="1"/><net_sink comp="783" pin=0"/></net>

<net id="937"><net_src comp="931" pin="1"/><net_sink comp="908" pin=1"/></net>

<net id="941"><net_src comp="245" pin="3"/><net_sink comp="938" pin=0"/></net>

<net id="942"><net_src comp="938" pin="1"/><net_sink comp="518" pin=0"/></net>

<net id="946"><net_src comp="252" pin="3"/><net_sink comp="943" pin=0"/></net>

<net id="947"><net_src comp="943" pin="1"/><net_sink comp="518" pin=2"/></net>

<net id="951"><net_src comp="259" pin="3"/><net_sink comp="948" pin=0"/></net>

<net id="952"><net_src comp="948" pin="1"/><net_sink comp="518" pin=0"/></net>

<net id="956"><net_src comp="266" pin="3"/><net_sink comp="953" pin=0"/></net>

<net id="957"><net_src comp="953" pin="1"/><net_sink comp="518" pin=0"/></net>

<net id="961"><net_src comp="273" pin="3"/><net_sink comp="958" pin=0"/></net>

<net id="962"><net_src comp="958" pin="1"/><net_sink comp="518" pin=2"/></net>

<net id="966"><net_src comp="280" pin="3"/><net_sink comp="963" pin=0"/></net>

<net id="967"><net_src comp="963" pin="1"/><net_sink comp="518" pin=0"/></net>

<net id="971"><net_src comp="287" pin="3"/><net_sink comp="968" pin=0"/></net>

<net id="972"><net_src comp="968" pin="1"/><net_sink comp="518" pin=2"/></net>

<net id="976"><net_src comp="294" pin="3"/><net_sink comp="973" pin=0"/></net>

<net id="977"><net_src comp="973" pin="1"/><net_sink comp="518" pin=0"/></net>

<net id="981"><net_src comp="301" pin="3"/><net_sink comp="978" pin=0"/></net>

<net id="982"><net_src comp="978" pin="1"/><net_sink comp="518" pin=2"/></net>

<net id="986"><net_src comp="308" pin="3"/><net_sink comp="983" pin=0"/></net>

<net id="987"><net_src comp="983" pin="1"/><net_sink comp="523" pin=0"/></net>

<net id="991"><net_src comp="315" pin="3"/><net_sink comp="988" pin=0"/></net>

<net id="992"><net_src comp="988" pin="1"/><net_sink comp="523" pin=2"/></net>

<net id="996"><net_src comp="322" pin="3"/><net_sink comp="993" pin=0"/></net>

<net id="997"><net_src comp="993" pin="1"/><net_sink comp="523" pin=0"/></net>

<net id="1001"><net_src comp="329" pin="3"/><net_sink comp="998" pin=0"/></net>

<net id="1002"><net_src comp="998" pin="1"/><net_sink comp="523" pin=0"/></net>

<net id="1006"><net_src comp="336" pin="3"/><net_sink comp="1003" pin=0"/></net>

<net id="1007"><net_src comp="1003" pin="1"/><net_sink comp="523" pin=2"/></net>

<net id="1011"><net_src comp="343" pin="3"/><net_sink comp="1008" pin=0"/></net>

<net id="1012"><net_src comp="1008" pin="1"/><net_sink comp="523" pin=0"/></net>

<net id="1016"><net_src comp="350" pin="3"/><net_sink comp="1013" pin=0"/></net>

<net id="1017"><net_src comp="1013" pin="1"/><net_sink comp="523" pin=2"/></net>

<net id="1021"><net_src comp="357" pin="3"/><net_sink comp="1018" pin=0"/></net>

<net id="1022"><net_src comp="1018" pin="1"/><net_sink comp="523" pin=0"/></net>

<net id="1026"><net_src comp="364" pin="3"/><net_sink comp="1023" pin=0"/></net>

<net id="1027"><net_src comp="1023" pin="1"/><net_sink comp="523" pin=2"/></net>

<net id="1031"><net_src comp="371" pin="3"/><net_sink comp="1028" pin=0"/></net>

<net id="1032"><net_src comp="1028" pin="1"/><net_sink comp="528" pin=0"/></net>

<net id="1036"><net_src comp="378" pin="3"/><net_sink comp="1033" pin=0"/></net>

<net id="1037"><net_src comp="1033" pin="1"/><net_sink comp="528" pin=2"/></net>

<net id="1041"><net_src comp="385" pin="3"/><net_sink comp="1038" pin=0"/></net>

<net id="1042"><net_src comp="1038" pin="1"/><net_sink comp="528" pin=0"/></net>

<net id="1046"><net_src comp="392" pin="3"/><net_sink comp="1043" pin=0"/></net>

<net id="1047"><net_src comp="1043" pin="1"/><net_sink comp="528" pin=0"/></net>

<net id="1051"><net_src comp="399" pin="3"/><net_sink comp="1048" pin=0"/></net>

<net id="1052"><net_src comp="1048" pin="1"/><net_sink comp="528" pin=2"/></net>

<net id="1056"><net_src comp="406" pin="3"/><net_sink comp="1053" pin=0"/></net>

<net id="1057"><net_src comp="1053" pin="1"/><net_sink comp="528" pin=0"/></net>

<net id="1061"><net_src comp="413" pin="3"/><net_sink comp="1058" pin=0"/></net>

<net id="1062"><net_src comp="1058" pin="1"/><net_sink comp="528" pin=2"/></net>

<net id="1066"><net_src comp="420" pin="3"/><net_sink comp="1063" pin=0"/></net>

<net id="1067"><net_src comp="1063" pin="1"/><net_sink comp="528" pin=0"/></net>

<net id="1071"><net_src comp="427" pin="3"/><net_sink comp="1068" pin=0"/></net>

<net id="1072"><net_src comp="1068" pin="1"/><net_sink comp="528" pin=2"/></net>

<net id="1076"><net_src comp="434" pin="3"/><net_sink comp="1073" pin=0"/></net>

<net id="1077"><net_src comp="1073" pin="1"/><net_sink comp="545" pin=2"/></net>

<net id="1081"><net_src comp="441" pin="3"/><net_sink comp="1078" pin=0"/></net>

<net id="1082"><net_src comp="1078" pin="1"/><net_sink comp="545" pin=0"/></net>

<net id="1086"><net_src comp="448" pin="3"/><net_sink comp="1083" pin=0"/></net>

<net id="1087"><net_src comp="1083" pin="1"/><net_sink comp="545" pin=2"/></net>

<net id="1091"><net_src comp="455" pin="3"/><net_sink comp="1088" pin=0"/></net>

<net id="1092"><net_src comp="1088" pin="1"/><net_sink comp="545" pin=0"/></net>

<net id="1096"><net_src comp="462" pin="3"/><net_sink comp="1093" pin=0"/></net>

<net id="1097"><net_src comp="1093" pin="1"/><net_sink comp="545" pin=2"/></net>

<net id="1101"><net_src comp="469" pin="3"/><net_sink comp="1098" pin=0"/></net>

<net id="1102"><net_src comp="1098" pin="1"/><net_sink comp="545" pin=0"/></net>

<net id="1106"><net_src comp="476" pin="3"/><net_sink comp="1103" pin=0"/></net>

<net id="1107"><net_src comp="1103" pin="1"/><net_sink comp="545" pin=2"/></net>

<net id="1111"><net_src comp="483" pin="3"/><net_sink comp="1108" pin=0"/></net>

<net id="1112"><net_src comp="1108" pin="1"/><net_sink comp="545" pin=0"/></net>

<net id="1116"><net_src comp="490" pin="3"/><net_sink comp="1113" pin=0"/></net>

<net id="1117"><net_src comp="1113" pin="1"/><net_sink comp="545" pin=2"/></net>

<net id="1121"><net_src comp="497" pin="3"/><net_sink comp="1118" pin=0"/></net>

<net id="1122"><net_src comp="1118" pin="1"/><net_sink comp="545" pin=0"/></net>

<net id="1126"><net_src comp="504" pin="3"/><net_sink comp="1123" pin=0"/></net>

<net id="1127"><net_src comp="1123" pin="1"/><net_sink comp="545" pin=2"/></net>

<net id="1131"><net_src comp="511" pin="3"/><net_sink comp="1128" pin=0"/></net>

<net id="1132"><net_src comp="1128" pin="1"/><net_sink comp="545" pin=0"/></net>

<net id="1136"><net_src comp="783" pin="1"/><net_sink comp="1133" pin=0"/></net>

<net id="1137"><net_src comp="1133" pin="1"/><net_sink comp="652" pin=1"/></net>

<net id="1144"><net_src comp="792" pin="2"/><net_sink comp="1141" pin=0"/></net>

<net id="1145"><net_src comp="1141" pin="1"/><net_sink comp="908" pin=0"/></net>

<net id="1149"><net_src comp="798" pin="1"/><net_sink comp="1146" pin=0"/></net>

<net id="1150"><net_src comp="1146" pin="1"/><net_sink comp="833" pin=0"/></net>

<net id="1154"><net_src comp="802" pin="2"/><net_sink comp="1151" pin=0"/></net>

<net id="1158"><net_src comp="824" pin="3"/><net_sink comp="1155" pin=0"/></net>

<net id="1159"><net_src comp="1155" pin="1"/><net_sink comp="627" pin=20"/></net>

<net id="1163"><net_src comp="838" pin="3"/><net_sink comp="1160" pin=0"/></net>

<net id="1170"><net_src comp="852" pin="2"/><net_sink comp="1167" pin=0"/></net>

<net id="1171"><net_src comp="1167" pin="1"/><net_sink comp="558" pin=0"/></net>

<net id="1175"><net_src comp="870" pin="3"/><net_sink comp="1172" pin=0"/></net>

<net id="1176"><net_src comp="1172" pin="1"/><net_sink comp="652" pin=22"/></net>

<net id="1180"><net_src comp="879" pin="3"/><net_sink comp="1177" pin=0"/></net>

<net id="1181"><net_src comp="1177" pin="1"/><net_sink comp="569" pin=0"/></net>

<net id="1182"><net_src comp="1177" pin="1"/><net_sink comp="652" pin=5"/></net>

<net id="1186"><net_src comp="888" pin="2"/><net_sink comp="1183" pin=0"/></net>

<net id="1187"><net_src comp="1183" pin="1"/><net_sink comp="580" pin=0"/></net>

<net id="1191"><net_src comp="894" pin="2"/><net_sink comp="1188" pin=0"/></net>

<net id="1192"><net_src comp="1188" pin="1"/><net_sink comp="652" pin=6"/></net>

<net id="1196"><net_src comp="901" pin="2"/><net_sink comp="1193" pin=0"/></net>

<net id="1197"><net_src comp="1193" pin="1"/><net_sink comp="652" pin=26"/></net>

<net id="1201"><net_src comp="518" pin="3"/><net_sink comp="1198" pin=0"/></net>

<net id="1202"><net_src comp="1198" pin="1"/><net_sink comp="682" pin=1"/></net>

<net id="1206"><net_src comp="523" pin="3"/><net_sink comp="1203" pin=0"/></net>

<net id="1207"><net_src comp="1203" pin="1"/><net_sink comp="682" pin=2"/></net>

<net id="1211"><net_src comp="528" pin="3"/><net_sink comp="1208" pin=0"/></net>

<net id="1212"><net_src comp="1208" pin="1"/><net_sink comp="682" pin=3"/></net>

<net id="1216"><net_src comp="518" pin="7"/><net_sink comp="1213" pin=0"/></net>

<net id="1217"><net_src comp="1213" pin="1"/><net_sink comp="682" pin=4"/></net>

<net id="1221"><net_src comp="523" pin="7"/><net_sink comp="1218" pin=0"/></net>

<net id="1222"><net_src comp="1218" pin="1"/><net_sink comp="682" pin=5"/></net>

<net id="1226"><net_src comp="528" pin="7"/><net_sink comp="1223" pin=0"/></net>

<net id="1227"><net_src comp="1223" pin="1"/><net_sink comp="682" pin=6"/></net>

<net id="1231"><net_src comp="518" pin="3"/><net_sink comp="1228" pin=0"/></net>

<net id="1232"><net_src comp="1228" pin="1"/><net_sink comp="682" pin=7"/></net>

<net id="1236"><net_src comp="523" pin="3"/><net_sink comp="1233" pin=0"/></net>

<net id="1237"><net_src comp="1233" pin="1"/><net_sink comp="682" pin=8"/></net>

<net id="1241"><net_src comp="528" pin="3"/><net_sink comp="1238" pin=0"/></net>

<net id="1242"><net_src comp="1238" pin="1"/><net_sink comp="682" pin=9"/></net>

<net id="1246"><net_src comp="518" pin="3"/><net_sink comp="1243" pin=0"/></net>

<net id="1247"><net_src comp="1243" pin="1"/><net_sink comp="682" pin=10"/></net>

<net id="1251"><net_src comp="523" pin="3"/><net_sink comp="1248" pin=0"/></net>

<net id="1252"><net_src comp="1248" pin="1"/><net_sink comp="682" pin=11"/></net>

<net id="1256"><net_src comp="528" pin="3"/><net_sink comp="1253" pin=0"/></net>

<net id="1257"><net_src comp="1253" pin="1"/><net_sink comp="682" pin=12"/></net>

<net id="1261"><net_src comp="518" pin="7"/><net_sink comp="1258" pin=0"/></net>

<net id="1262"><net_src comp="1258" pin="1"/><net_sink comp="682" pin=13"/></net>

<net id="1266"><net_src comp="523" pin="7"/><net_sink comp="1263" pin=0"/></net>

<net id="1267"><net_src comp="1263" pin="1"/><net_sink comp="682" pin=14"/></net>

<net id="1271"><net_src comp="528" pin="7"/><net_sink comp="1268" pin=0"/></net>

<net id="1272"><net_src comp="1268" pin="1"/><net_sink comp="682" pin=15"/></net>

<net id="1276"><net_src comp="518" pin="3"/><net_sink comp="1273" pin=0"/></net>

<net id="1277"><net_src comp="1273" pin="1"/><net_sink comp="682" pin=16"/></net>

<net id="1281"><net_src comp="523" pin="3"/><net_sink comp="1278" pin=0"/></net>

<net id="1282"><net_src comp="1278" pin="1"/><net_sink comp="682" pin=17"/></net>

<net id="1286"><net_src comp="528" pin="3"/><net_sink comp="1283" pin=0"/></net>

<net id="1287"><net_src comp="1283" pin="1"/><net_sink comp="682" pin=18"/></net>

<net id="1291"><net_src comp="518" pin="7"/><net_sink comp="1288" pin=0"/></net>

<net id="1292"><net_src comp="1288" pin="1"/><net_sink comp="682" pin=19"/></net>

<net id="1296"><net_src comp="523" pin="7"/><net_sink comp="1293" pin=0"/></net>

<net id="1297"><net_src comp="1293" pin="1"/><net_sink comp="682" pin=20"/></net>

<net id="1301"><net_src comp="528" pin="7"/><net_sink comp="1298" pin=0"/></net>

<net id="1302"><net_src comp="1298" pin="1"/><net_sink comp="682" pin=21"/></net>

<net id="1306"><net_src comp="518" pin="3"/><net_sink comp="1303" pin=0"/></net>

<net id="1307"><net_src comp="1303" pin="1"/><net_sink comp="682" pin=22"/></net>

<net id="1311"><net_src comp="523" pin="3"/><net_sink comp="1308" pin=0"/></net>

<net id="1312"><net_src comp="1308" pin="1"/><net_sink comp="682" pin=23"/></net>

<net id="1316"><net_src comp="528" pin="3"/><net_sink comp="1313" pin=0"/></net>

<net id="1317"><net_src comp="1313" pin="1"/><net_sink comp="682" pin=24"/></net>

<net id="1321"><net_src comp="518" pin="7"/><net_sink comp="1318" pin=0"/></net>

<net id="1322"><net_src comp="1318" pin="1"/><net_sink comp="682" pin=25"/></net>

<net id="1326"><net_src comp="523" pin="7"/><net_sink comp="1323" pin=0"/></net>

<net id="1327"><net_src comp="1323" pin="1"/><net_sink comp="682" pin=26"/></net>

<net id="1331"><net_src comp="528" pin="7"/><net_sink comp="1328" pin=0"/></net>

<net id="1332"><net_src comp="1328" pin="1"/><net_sink comp="682" pin=27"/></net>

<net id="1336"><net_src comp="545" pin="7"/><net_sink comp="1333" pin=0"/></net>

<net id="1337"><net_src comp="1333" pin="1"/><net_sink comp="912" pin=12"/></net>

<net id="1341"><net_src comp="545" pin="3"/><net_sink comp="1338" pin=0"/></net>

<net id="1342"><net_src comp="1338" pin="1"/><net_sink comp="912" pin=11"/></net>

<net id="1346"><net_src comp="545" pin="7"/><net_sink comp="1343" pin=0"/></net>

<net id="1347"><net_src comp="1343" pin="1"/><net_sink comp="912" pin=10"/></net>

<net id="1351"><net_src comp="545" pin="3"/><net_sink comp="1348" pin=0"/></net>

<net id="1352"><net_src comp="1348" pin="1"/><net_sink comp="912" pin=9"/></net>

<net id="1356"><net_src comp="545" pin="7"/><net_sink comp="1353" pin=0"/></net>

<net id="1357"><net_src comp="1353" pin="1"/><net_sink comp="912" pin=8"/></net>

<net id="1361"><net_src comp="545" pin="3"/><net_sink comp="1358" pin=0"/></net>

<net id="1362"><net_src comp="1358" pin="1"/><net_sink comp="912" pin=7"/></net>

<net id="1366"><net_src comp="545" pin="7"/><net_sink comp="1363" pin=0"/></net>

<net id="1367"><net_src comp="1363" pin="1"/><net_sink comp="912" pin=6"/></net>

<net id="1371"><net_src comp="545" pin="3"/><net_sink comp="1368" pin=0"/></net>

<net id="1372"><net_src comp="1368" pin="1"/><net_sink comp="912" pin=5"/></net>

<net id="1376"><net_src comp="545" pin="7"/><net_sink comp="1373" pin=0"/></net>

<net id="1377"><net_src comp="1373" pin="1"/><net_sink comp="912" pin=4"/></net>

<net id="1381"><net_src comp="545" pin="3"/><net_sink comp="1378" pin=0"/></net>

<net id="1382"><net_src comp="1378" pin="1"/><net_sink comp="912" pin=3"/></net>

</net_list>

</model> 
---------------- Datapath Model END ------------------

* FSMD analyzer results:
  - Output states:
	Port: s1 | {21 }
 - Input state : 
	Port: conv3d_hidden_layer<1> : s0 | {3 4 }
	Port: conv3d_hidden_layer<1> : p_ZN18predecoder_weightsL13LAYER0_WEIGHTE_0 | {13 14 }
	Port: conv3d_hidden_layer<1> : p_ZN18predecoder_weightsL13LAYER0_WEIGHTE_1 | {13 14 }
	Port: conv3d_hidden_layer<1> : p_ZN18predecoder_weightsL13LAYER0_WEIGHTE_2 | {13 14 }
	Port: conv3d_hidden_layer<1> : p_ZN18predecoder_weightsL13LAYER0_WEIGHTE_3 | {13 14 }
	Port: conv3d_hidden_layer<1> : p_ZN18predecoder_weightsL13LAYER0_WEIGHTE_4 | {13 14 }
	Port: conv3d_hidden_layer<1> : p_ZN18predecoder_weightsL13LAYER0_WEIGHTE_5 | {13 14 }
	Port: conv3d_hidden_layer<1> : p_ZN18predecoder_weightsL13LAYER0_WEIGHTE_6 | {13 14 }
	Port: conv3d_hidden_layer<1> : p_ZN18predecoder_weightsL13LAYER0_WEIGHTE_7 | {13 14 }
	Port: conv3d_hidden_layer<1> : p_ZN18predecoder_weightsL13LAYER0_WEIGHTE_8 | {13 14 }
	Port: conv3d_hidden_layer<1> : p_ZN18predecoder_weightsL13LAYER0_WEIGHTE_9 | {13 14 }
	Port: conv3d_hidden_layer<1> : p_ZN18predecoder_weightsL13LAYER0_WEIGHTE_10 | {13 14 }
	Port: conv3d_hidden_layer<1> : p_ZN18predecoder_weightsL13LAYER0_WEIGHTE_11 | {13 14 }
	Port: conv3d_hidden_layer<1> : p_ZN18predecoder_weightsL13LAYER0_WEIGHTE_12 | {13 14 }
	Port: conv3d_hidden_layer<1> : p_ZN18predecoder_weightsL13LAYER0_WEIGHTE_13 | {13 14 }
	Port: conv3d_hidden_layer<1> : p_ZN18predecoder_weightsL13LAYER0_WEIGHTE_14 | {13 14 }
	Port: conv3d_hidden_layer<1> : p_ZN18predecoder_weightsL13LAYER0_WEIGHTE_15 | {13 14 }
	Port: conv3d_hidden_layer<1> : p_ZN18predecoder_weightsL13LAYER0_WEIGHTE_16 | {13 14 }
	Port: conv3d_hidden_layer<1> : p_ZN18predecoder_weightsL13LAYER0_WEIGHTE_17 | {13 14 }
	Port: conv3d_hidden_layer<1> : p_ZN18predecoder_weightsL13LAYER0_WEIGHTE_18 | {13 14 }
	Port: conv3d_hidden_layer<1> : p_ZN18predecoder_weightsL13LAYER0_WEIGHTE_19 | {13 14 }
	Port: conv3d_hidden_layer<1> : p_ZN18predecoder_weightsL13LAYER0_WEIGHTE_20 | {13 14 }
	Port: conv3d_hidden_layer<1> : p_ZN18predecoder_weightsL13LAYER0_WEIGHTE_21 | {13 14 }
	Port: conv3d_hidden_layer<1> : p_ZN18predecoder_weightsL13LAYER0_WEIGHTE_22 | {13 14 }
	Port: conv3d_hidden_layer<1> : p_ZN18predecoder_weightsL13LAYER0_WEIGHTE_23 | {13 14 }
	Port: conv3d_hidden_layer<1> : p_ZN18predecoder_weightsL13LAYER0_WEIGHTE_24 | {13 14 }
	Port: conv3d_hidden_layer<1> : p_ZN18predecoder_weightsL13LAYER0_WEIGHTE_25 | {13 14 }
	Port: conv3d_hidden_layer<1> : p_ZN18predecoder_weightsL13LAYER0_WEIGHTE_26 | {13 14 }
	Port: conv3d_hidden_layer<1> : predecoder_weights_LAYER0_BIAS | {13 14 }
	Port: conv3d_hidden_layer<1> : layer0_mult | {13 14 }
  - Chain level:
	State 1
		call_ln0 : 1
		store_ln43 : 1
	State 2
	State 3
		icmp_ln43 : 1
		add_ln43 : 1
		br_ln43 : 2
		zext_ln43 : 1
		icmp_ln45 : 1
		br_ln45 : 2
		empty : 1
		empty_61 : 1
		empty_62 : 2
		empty_63 : 3
		call_ln0 : 4
	State 4
	State 5
		tmp : 1
		br_ln60 : 2
	State 6
		icmp_ln62 : 1
		add_ln62_1 : 1
		br_ln62 : 2
		add_ln62 : 1
		icmp_ln63 : 1
		select_ln62 : 2
		select_ln62_1 : 2
		add_ln64 : 3
		cmp8_i_i : 3
		cmp9_i_i_2 : 4
		call_ln62 : 5
	State 7
	State 8
	State 9
	State 10
	State 11
	State 12
	State 13
		call_ln0 : 1
	State 14
	State 15
	State 16
	State 17
	State 18
	State 19
	State 20
	State 21
		or_ln123_s : 1
		write_ln123 : 2


============================================================
+ Verbose Summary: Datapath Resource usage 
============================================================

* Functional unit list:
|----------|---------------------------------------------------------------------------------|---------|---------|---------|---------|
| Operation|                                 Functional Unit                                 |   DSP   |  Delay  |    FF   |   LUT   |
|----------|---------------------------------------------------------------------------------|---------|---------|---------|---------|
|          | grp_conv3d_hidden_layer_1_Pipeline_RESET_VITIS_LOOP_40_1_VITIS_LOOP_41_2_fu_587 |    0    |    0    |    29   |   116   |
|   call   |    grp_conv3d_hidden_layer_1_Pipeline_VITIS_LOOP_46_1_VITIS_LOOP_47_2_fu_627    |    0    |    0    |    14   |    62   |
|          |    grp_conv3d_hidden_layer_1_Pipeline_VITIS_LOOP_89_1_VITIS_LOOP_90_2_fu_652    |    0    |  7.353  |   2422  |   2377  |
|          |                grp_conv3d_hidden_layer_1_Pipeline_OC_LOOP_fu_682                |    30   | 20.5511 |   2172  |   1565  |
|----------|---------------------------------------------------------------------------------|---------|---------|---------|---------|
|          |                                 icmp_ln43_fu_786                                |    0    |    0    |    0    |    10   |
|          |                                 icmp_ln45_fu_802                                |    0    |    0    |    0    |    10   |
|          |                                   empty_fu_808                                  |    0    |    0    |    0    |    10   |
|   icmp   |                                 icmp_ln62_fu_846                                |    0    |    0    |    0    |    13   |
|          |                                 icmp_ln63_fu_864                                |    0    |    0    |    0    |    10   |
|          |                                 cmp8_i_i_fu_894                                 |    0    |    0    |    0    |    10   |
|          |                                cmp9_i_i_2_fu_901                                |    0    |    0    |    0    |    10   |
|----------|---------------------------------------------------------------------------------|---------|---------|---------|---------|
|          |                                 add_ln43_fu_792                                 |    0    |    0    |    0    |    10   |
|          |                                 empty_62_fu_818                                 |    0    |    0    |    0    |    9    |
|    add   |                                 add_ln59_fu_833                                 |    0    |    0    |    0    |    10   |
|          |                                add_ln62_1_fu_852                                |    0    |    0    |    0    |    13   |
|          |                                 add_ln62_fu_858                                 |    0    |    0    |    0    |    10   |
|          |                                 add_ln64_fu_888                                 |    0    |    0    |    0    |    10   |
|----------|---------------------------------------------------------------------------------|---------|---------|---------|---------|
|          |                                 empty_63_fu_824                                 |    0    |    0    |    0    |    2    |
|  select  |                                select_ln62_fu_870                               |    0    |    0    |    0    |    3    |
|          |                               select_ln62_1_fu_879                              |    0    |    0    |    0    |    3    |
|----------|---------------------------------------------------------------------------------|---------|---------|---------|---------|
|   write  |                             write_ln123_write_fu_238                            |    0    |    0    |    0    |    0    |
|----------|---------------------------------------------------------------------------------|---------|---------|---------|---------|
|   zext   |                                 zext_ln43_fu_798                                |    0    |    0    |    0    |    0    |
|----------|---------------------------------------------------------------------------------|---------|---------|---------|---------|
|   trunc  |                                 empty_61_fu_814                                 |    0    |    0    |    0    |    0    |
|----------|---------------------------------------------------------------------------------|---------|---------|---------|---------|
| bitselect|                                    tmp_fu_838                                   |    0    |    0    |    0    |    0    |
|----------|---------------------------------------------------------------------------------|---------|---------|---------|---------|
|bitconcatenate|                                or_ln123_s_fu_912                                |    0    |    0    |    0    |    0    |
|----------|---------------------------------------------------------------------------------|---------|---------|---------|---------|
|   Total  |                                                                                 |    30   | 27.9041 |   4637  |   4263  |
|----------|---------------------------------------------------------------------------------|---------|---------|---------|---------|

Memories:
+----------+--------+--------+--------+--------+
|          |  BRAM  |   FF   |   LUT  |  URAM  |
+----------+--------+--------+--------+--------+
|   fb_0   |    0   |    8   |    9   |    0   |
|  fb_0_1  |    0   |    8   |    9   |    0   |
|  fb_0_10 |    0   |    8   |    9   |    0   |
|  fb_0_11 |    0   |    8   |    9   |    0   |
|  fb_0_12 |    0   |    8   |    9   |    0   |
|  fb_0_13 |    0   |    8   |    9   |    0   |
|  fb_0_14 |    0   |    8   |    9   |    0   |
|  fb_0_15 |    0   |    8   |    9   |    0   |
|  fb_0_16 |    0   |    8   |    9   |    0   |
|  fb_0_17 |    0   |    8   |    9   |    0   |
|  fb_0_2  |    0   |    8   |    9   |    0   |
|  fb_0_3  |    0   |    8   |    9   |    0   |
|  fb_0_4  |    0   |    8   |    9   |    0   |
|  fb_0_5  |    0   |    8   |    9   |    0   |
|  fb_0_6  |    0   |    8   |    9   |    0   |
|  fb_0_7  |    0   |    8   |    9   |    0   |
|  fb_0_8  |    0   |    8   |    9   |    0   |
|  fb_0_9  |    0   |    8   |    9   |    0   |
|    out   |    0   |    8   |    9   |    0   |
| window_0 |    0   |    8   |    9   |    0   |
|window_0_1|    0   |    8   |    9   |    0   |
|window_0_2|    0   |    8   |    9   |    0   |
+----------+--------+--------+--------+--------+
|   Total  |    0   |   176  |   198  |    0   |
+----------+--------+--------+--------+--------+

* Register list:
+--------------------------+--------+
|                          |   FF   |
+--------------------------+--------+
|     add_ln43_reg_1141    |    3   |
|    add_ln62_1_reg_1167   |    6   |
|     add_ln64_reg_1183    |    3   |
|     cmp8_i_i_reg_1188    |    1   |
|    cmp9_i_i_2_reg_1193   |    1   |
|     empty_63_reg_1155    |    2   |
|    icmp_ln45_reg_1151    |    1   |
| indvar_flatten32_reg_554 |    6   |
|   out_addr_10_reg_1123   |    4   |
|   out_addr_11_reg_1128   |    4   |
|    out_addr_1_reg_1078   |    4   |
|    out_addr_2_reg_1083   |    4   |
|    out_addr_3_reg_1088   |    4   |
|    out_addr_4_reg_1093   |    4   |
|    out_addr_5_reg_1098   |    4   |
|    out_addr_6_reg_1103   |    4   |
|    out_addr_7_reg_1108   |    4   |
|    out_addr_8_reg_1113   |    4   |
|    out_addr_9_reg_1118   |    4   |
|     out_addr_reg_1073    |    4   |
|    out_load_1_reg_1338   |    8   |
|    out_load_2_reg_1343   |    8   |
|    out_load_3_reg_1348   |    8   |
|    out_load_4_reg_1353   |    8   |
|    out_load_5_reg_1358   |    8   |
|    out_load_6_reg_1363   |    8   |
|    out_load_7_reg_1368   |    8   |
|    out_load_8_reg_1373   |    8   |
|    out_load_9_reg_1378   |    8   |
|     out_load_reg_1333    |    8   |
|  select_ln62_1_reg_1177  |    3   |
|   select_ln62_reg_1172   |    3   |
|       t_3_reg_1133       |    3   |
|         t_reg_931        |    3   |
|       tmp_reg_1160       |    1   |
| window_0_1_addr_1_reg_988|    4   |
| window_0_1_addr_2_reg_993|    4   |
| window_0_1_addr_3_reg_998|    4   |
|window_0_1_addr_4_reg_1003|    4   |
|window_0_1_addr_5_reg_1008|    4   |
|window_0_1_addr_6_reg_1013|    4   |
|window_0_1_addr_7_reg_1018|    4   |
|window_0_1_addr_8_reg_1023|    4   |
|  window_0_1_addr_reg_983 |    4   |
|window_0_1_load_1_reg_1218|    8   |
|window_0_1_load_2_reg_1233|    8   |
|window_0_1_load_3_reg_1248|    8   |
|window_0_1_load_4_reg_1263|    8   |
|window_0_1_load_5_reg_1278|    8   |
|window_0_1_load_6_reg_1293|    8   |
|window_0_1_load_7_reg_1308|    8   |
|window_0_1_load_8_reg_1323|    8   |
| window_0_1_load_reg_1203 |    8   |
|window_0_2_addr_1_reg_1033|    4   |
|window_0_2_addr_2_reg_1038|    4   |
|window_0_2_addr_3_reg_1043|    4   |
|window_0_2_addr_4_reg_1048|    4   |
|window_0_2_addr_5_reg_1053|    4   |
|window_0_2_addr_6_reg_1058|    4   |
|window_0_2_addr_7_reg_1063|    4   |
|window_0_2_addr_8_reg_1068|    4   |
| window_0_2_addr_reg_1028 |    4   |
|window_0_2_load_1_reg_1223|    8   |
|window_0_2_load_2_reg_1238|    8   |
|window_0_2_load_3_reg_1253|    8   |
|window_0_2_load_4_reg_1268|    8   |
|window_0_2_load_5_reg_1283|    8   |
|window_0_2_load_6_reg_1298|    8   |
|window_0_2_load_7_reg_1313|    8   |
|window_0_2_load_8_reg_1328|    8   |
| window_0_2_load_reg_1208 |    8   |
|  window_0_addr_1_reg_943 |    4   |
|  window_0_addr_2_reg_948 |    4   |
|  window_0_addr_3_reg_953 |    4   |
|  window_0_addr_4_reg_958 |    4   |
|  window_0_addr_5_reg_963 |    4   |
|  window_0_addr_6_reg_968 |    4   |
|  window_0_addr_7_reg_973 |    4   |
|  window_0_addr_8_reg_978 |    4   |
|   window_0_addr_reg_938  |    4   |
| window_0_load_1_reg_1213 |    8   |
| window_0_load_2_reg_1228 |    8   |
| window_0_load_3_reg_1243 |    8   |
| window_0_load_4_reg_1258 |    8   |
| window_0_load_5_reg_1273 |    8   |
| window_0_load_6_reg_1288 |    8   |
| window_0_load_7_reg_1303 |    8   |
| window_0_load_8_reg_1318 |    8   |
|  window_0_load_reg_1198  |    8   |
|         x_reg_576        |    3   |
|         y_reg_565        |    3   |
|    zext_ln43_reg_1146    |    4   |
+--------------------------+--------+
|           Total          |   498  |
+--------------------------+--------+

* Multiplexer (MUX) list: 
|---------------------------------------------------------------------------|------|------|------|--------||---------||---------|
|                                    Comp                                   |  Pin | Size |  BW  | S x BW ||  Delay  ||   LUT   |
|---------------------------------------------------------------------------|------|------|------|--------||---------||---------|
|                             grp_access_fu_518                             |  p0  |   5  |   4  |   20   ||    26   |
|                             grp_access_fu_518                             |  p2  |   4  |   0  |    0   ||    20   |
|                             grp_access_fu_523                             |  p0  |   5  |   4  |   20   ||    26   |
|                             grp_access_fu_523                             |  p2  |   4  |   0  |    0   ||    20   |
|                             grp_access_fu_528                             |  p0  |   5  |   4  |   20   ||    26   |
|                             grp_access_fu_528                             |  p2  |   4  |   0  |    0   ||    20   |
|                             grp_access_fu_545                             |  p0  |   6  |   4  |   24   ||    31   |
|                             grp_access_fu_545                             |  p2  |   6  |   0  |    0   ||    31   |
| grp_conv3d_hidden_layer_1_Pipeline_VITIS_LOOP_46_1_VITIS_LOOP_47_2_fu_627 |  p20 |   2  |   2  |    4   ||    9    |
| grp_conv3d_hidden_layer_1_Pipeline_VITIS_LOOP_89_1_VITIS_LOOP_90_2_fu_652 |  p5  |   2  |   3  |    6   ||    9    |
| grp_conv3d_hidden_layer_1_Pipeline_VITIS_LOOP_89_1_VITIS_LOOP_90_2_fu_652 |  p6  |   2  |   1  |    2   ||    9    |
| grp_conv3d_hidden_layer_1_Pipeline_VITIS_LOOP_89_1_VITIS_LOOP_90_2_fu_652 |  p22 |   2  |   3  |    6   ||    9    |
| grp_conv3d_hidden_layer_1_Pipeline_VITIS_LOOP_89_1_VITIS_LOOP_90_2_fu_652 |  p26 |   2  |   1  |    2   ||    9    |
|             grp_conv3d_hidden_layer_1_Pipeline_OC_LOOP_fu_682             |  p22 |   2  |   8  |   16   ||    9    |
|             grp_conv3d_hidden_layer_1_Pipeline_OC_LOOP_fu_682             |  p23 |   2  |   8  |   16   ||    9    |
|             grp_conv3d_hidden_layer_1_Pipeline_OC_LOOP_fu_682             |  p24 |   2  |   8  |   16   ||    9    |
|             grp_conv3d_hidden_layer_1_Pipeline_OC_LOOP_fu_682             |  p25 |   2  |   8  |   16   ||    9    |
|             grp_conv3d_hidden_layer_1_Pipeline_OC_LOOP_fu_682             |  p26 |   2  |   8  |   16   ||    9    |
|             grp_conv3d_hidden_layer_1_Pipeline_OC_LOOP_fu_682             |  p27 |   2  |   8  |   16   ||    9    |
|---------------------------------------------------------------------------|------|------|------|--------||---------||---------|
|                                   Total                                   |      |      |      |   200  || 8.10871 ||   299   |
|---------------------------------------------------------------------------|------|------|------|--------||---------||---------|



* Summary:
+-----------+--------+--------+--------+--------+--------+--------+
|           |  BRAM  |   DSP  |  Delay |   FF   |   LUT  |  URAM  |
+-----------+--------+--------+--------+--------+--------+--------+
|  Function |    -   |   30   |   27   |  4637  |  4263  |    -   |
|   Memory  |    0   |    -   |    -   |   176  |   198  |    0   |
|Multiplexer|    -   |    -   |    8   |    -   |   299  |    -   |
|  Register |    -   |    -   |    -   |   498  |    -   |    -   |
+-----------+--------+--------+--------+--------+--------+--------+
|   Total   |    0   |   30   |   36   |  5311  |  4760  |    0   |
+-----------+--------+--------+--------+--------+--------+--------+
