

================================================================
== Vitis HLS Report for 'conv3d_hidden_layer_1_Pipeline_OC_LOOP'
================================================================
* Date:           Thu Sep  3 17:05:56 2026

* Version:        2023.2 (Build 4023990 on Oct 11 2023)
* Project:        predecoder_csynth_proj
* Solution:       solution1 (Vitis Kernel Flow Target)
* Product family: virtexuplusHBM
* Target device:  xcu55c-fsvh2892-2L-e


================================================================
== Performance Estimates
================================================================
+ Timing: 
    * Summary: 
    +--------+---------+----------+------------+
    |  Clock |  Target | Estimated| Uncertainty|
    +--------+---------+----------+------------+
    |ap_clk  |  3.33 ns|  2.258 ns|     0.90 ns|
    +--------+---------+----------+------------+

+ Latency: 
    * Summary: 
    +---------+---------+-----------+-----------+-----+-----+---------+
    |  Latency (cycles) |   Latency (absolute)  |  Interval | Pipeline|
    |   min   |   max   |    min    |    max    | min | max |   Type  |
    +---------+---------+-----------+-----------+-----+-----+---------+
    |       27|       27|  89.910 ns|  89.910 ns|   27|   27|       no|
    +---------+---------+-----------+-----------+-----+-----+---------+

    + Detail: 
        * Instance: 
        N/A

        * Loop: 
        +-----------+---------+---------+----------+-----------+-----------+------+----------+
        |           |  Latency (cycles) | Iteration|  Initiation Interval  | Trip |          |
        | Loop Name |   min   |   max   |  Latency |  achieved |   target  | Count| Pipelined|
        +-----------+---------+---------+----------+-----------+-----------+------+----------+
        |- OC_LOOP  |       25|       25|        15|          1|          1|    12|       yes|
        +-----------+---------+---------+----------+-----------+-----------+------+----------+

============================================================
+ Verbose Summary: Synthesis Manager
============================================================
InlineROM: 1
ExposeGlobal: 0
============================================================
+ Verbose Summary: CDFG Model
============================================================
IsTopModel: 0
ResetActiveHigh: 1
IsCombinational: 0
IsDatapathOnly: 0
HasWiredReturn: 1
HasMFsm: 2
HasVarLatency: 1
IsPipeline: 0
IsRtlPipelined: 0
IsInstanceOverlapped: 0
IsDontTouch: 0
HasImplIP: 0
IsGatedGlobalClock: 0

+ Individual pipeline summary: 
  * Pipeline-0: initiation interval (II) = 1, depth = 15


============================================================
+ Verbose Summary: Schedule
============================================================
* Number of FSM states : 15
* Pipeline : 1
  Pipeline-0 : II = 1, D = 15, States = { 1 2 3 4 5 6 7 8 9 10 11 12 13 14 15 }
* Dataflow Pipeline: 0

* FSM state transitions: 
1 --> 2 
2 --> 3 
3 --> 4 
4 --> 5 
5 --> 6 
6 --> 7 
7 --> 8 
8 --> 9 
9 --> 10 
10 --> 11 
11 --> 12 
12 --> 13 
13 --> 14 
14 --> 15 
15 --> 

* FSM state operations: 

State 1 <SV = 0> <Delay = 1.48>
ST_1 : Operation 18 [1/1] (0.00ns)   --->   "%oc = alloca i32 1" [predecoder_kernel.cpp:69]   --->   Operation 18 'alloca' 'oc' <Predicate = true> <Delay = 0.00>
ST_1 : Operation 19 [1/1] (0.00ns)   --->   "%zext_ln69_read = read i8 @_ssdm_op_Read.ap_auto.i8, i8 %zext_ln69"   --->   Operation 19 'read' 'zext_ln69_read' <Predicate = true> <Delay = 0.00>
ST_1 : Operation 20 [1/1] (0.00ns)   --->   "%window_1_0_load_8_cast_read = read i8 @_ssdm_op_Read.ap_auto.i8, i8 %window_1_0_load_8_cast"   --->   Operation 20 'read' 'window_1_0_load_8_cast_read' <Predicate = true> <Delay = 0.00>
ST_1 : Operation 21 [1/1] (0.00ns)   --->   "%window_0_load_8_cast_read = read i8 @_ssdm_op_Read.ap_auto.i8, i8 %window_0_load_8_cast"   --->   Operation 21 'read' 'window_0_load_8_cast_read' <Predicate = true> <Delay = 0.00>
ST_1 : Operation 22 [1/1] (0.00ns)   --->   "%window_2_0_load_7_cast_read = read i8 @_ssdm_op_Read.ap_auto.i8, i8 %window_2_0_load_7_cast"   --->   Operation 22 'read' 'window_2_0_load_7_cast_read' <Predicate = true> <Delay = 0.00>
ST_1 : Operation 23 [1/1] (0.00ns)   --->   "%window_1_0_load_7_cast_read = read i8 @_ssdm_op_Read.ap_auto.i8, i8 %window_1_0_load_7_cast"   --->   Operation 23 'read' 'window_1_0_load_7_cast_read' <Predicate = true> <Delay = 0.00>
ST_1 : Operation 24 [1/1] (0.00ns)   --->   "%window_0_load_7_cast_read = read i8 @_ssdm_op_Read.ap_auto.i8, i8 %window_0_load_7_cast"   --->   Operation 24 'read' 'window_0_load_7_cast_read' <Predicate = true> <Delay = 0.00>
ST_1 : Operation 25 [1/1] (0.00ns)   --->   "%window_2_0_load_6_cast_read = read i8 @_ssdm_op_Read.ap_auto.i8, i8 %window_2_0_load_6_cast"   --->   Operation 25 'read' 'window_2_0_load_6_cast_read' <Predicate = true> <Delay = 0.00>
ST_1 : Operation 26 [1/1] (0.00ns)   --->   "%window_1_0_load_6_cast_read = read i8 @_ssdm_op_Read.ap_auto.i8, i8 %window_1_0_load_6_cast"   --->   Operation 26 'read' 'window_1_0_load_6_cast_read' <Predicate = true> <Delay = 0.00>
ST_1 : Operation 27 [1/1] (0.00ns)   --->   "%window_0_load_6_cast_read = read i8 @_ssdm_op_Read.ap_auto.i8, i8 %window_0_load_6_cast"   --->   Operation 27 'read' 'window_0_load_6_cast_read' <Predicate = true> <Delay = 0.00>
ST_1 : Operation 28 [1/1] (0.00ns)   --->   "%window_2_0_load_5_cast_read = read i8 @_ssdm_op_Read.ap_auto.i8, i8 %window_2_0_load_5_cast"   --->   Operation 28 'read' 'window_2_0_load_5_cast_read' <Predicate = true> <Delay = 0.00>
ST_1 : Operation 29 [1/1] (0.00ns)   --->   "%window_1_0_load_5_cast_read = read i8 @_ssdm_op_Read.ap_auto.i8, i8 %window_1_0_load_5_cast"   --->   Operation 29 'read' 'window_1_0_load_5_cast_read' <Predicate = true> <Delay = 0.00>
ST_1 : Operation 30 [1/1] (0.00ns)   --->   "%window_0_load_5_cast_read = read i8 @_ssdm_op_Read.ap_auto.i8, i8 %window_0_load_5_cast"   --->   Operation 30 'read' 'window_0_load_5_cast_read' <Predicate = true> <Delay = 0.00>
ST_1 : Operation 31 [1/1] (0.00ns)   --->   "%window_2_0_load_4_cast_read = read i8 @_ssdm_op_Read.ap_auto.i8, i8 %window_2_0_load_4_cast"   --->   Operation 31 'read' 'window_2_0_load_4_cast_read' <Predicate = true> <Delay = 0.00>
ST_1 : Operation 32 [1/1] (0.00ns)   --->   "%window_1_0_load_4_cast_read = read i8 @_ssdm_op_Read.ap_auto.i8, i8 %window_1_0_load_4_cast"   --->   Operation 32 'read' 'window_1_0_load_4_cast_read' <Predicate = true> <Delay = 0.00>
ST_1 : Operation 33 [1/1] (0.00ns)   --->   "%window_0_load_4_cast_read = read i8 @_ssdm_op_Read.ap_auto.i8, i8 %window_0_load_4_cast"   --->   Operation 33 'read' 'window_0_load_4_cast_read' <Predicate = true> <Delay = 0.00>
ST_1 : Operation 34 [1/1] (0.00ns)   --->   "%window_2_0_load_3_cast_read = read i8 @_ssdm_op_Read.ap_auto.i8, i8 %window_2_0_load_3_cast"   --->   Operation 34 'read' 'window_2_0_load_3_cast_read' <Predicate = true> <Delay = 0.00>
ST_1 : Operation 35 [1/1] (0.00ns)   --->   "%window_1_0_load_3_cast_read = read i8 @_ssdm_op_Read.ap_auto.i8, i8 %window_1_0_load_3_cast"   --->   Operation 35 'read' 'window_1_0_load_3_cast_read' <Predicate = true> <Delay = 0.00>
ST_1 : Operation 36 [1/1] (0.00ns)   --->   "%window_0_load_3_cast_read = read i8 @_ssdm_op_Read.ap_auto.i8, i8 %window_0_load_3_cast"   --->   Operation 36 'read' 'window_0_load_3_cast_read' <Predicate = true> <Delay = 0.00>
ST_1 : Operation 37 [1/1] (0.00ns)   --->   "%window_2_0_load_2_cast_read = read i8 @_ssdm_op_Read.ap_auto.i8, i8 %window_2_0_load_2_cast"   --->   Operation 37 'read' 'window_2_0_load_2_cast_read' <Predicate = true> <Delay = 0.00>
ST_1 : Operation 38 [1/1] (0.00ns)   --->   "%window_1_0_load_2_cast_read = read i8 @_ssdm_op_Read.ap_auto.i8, i8 %window_1_0_load_2_cast"   --->   Operation 38 'read' 'window_1_0_load_2_cast_read' <Predicate = true> <Delay = 0.00>
ST_1 : Operation 39 [1/1] (0.00ns)   --->   "%window_0_load_2_cast_read = read i8 @_ssdm_op_Read.ap_auto.i8, i8 %window_0_load_2_cast"   --->   Operation 39 'read' 'window_0_load_2_cast_read' <Predicate = true> <Delay = 0.00>
ST_1 : Operation 40 [1/1] (0.00ns)   --->   "%window_2_0_load_1_cast_read = read i8 @_ssdm_op_Read.ap_auto.i8, i8 %window_2_0_load_1_cast"   --->   Operation 40 'read' 'window_2_0_load_1_cast_read' <Predicate = true> <Delay = 0.00>
ST_1 : Operation 41 [1/1] (0.00ns)   --->   "%window_1_0_load_1_cast_read = read i8 @_ssdm_op_Read.ap_auto.i8, i8 %window_1_0_load_1_cast"   --->   Operation 41 'read' 'window_1_0_load_1_cast_read' <Predicate = true> <Delay = 0.00>
ST_1 : Operation 42 [1/1] (0.00ns)   --->   "%window_0_load_1_cast_read = read i8 @_ssdm_op_Read.ap_auto.i8, i8 %window_0_load_1_cast"   --->   Operation 42 'read' 'window_0_load_1_cast_read' <Predicate = true> <Delay = 0.00>
ST_1 : Operation 43 [1/1] (0.00ns)   --->   "%window_2_0_load_cast_read = read i8 @_ssdm_op_Read.ap_auto.i8, i8 %window_2_0_load_cast"   --->   Operation 43 'read' 'window_2_0_load_cast_read' <Predicate = true> <Delay = 0.00>
ST_1 : Operation 44 [1/1] (0.00ns)   --->   "%window_1_0_load_cast_read = read i8 @_ssdm_op_Read.ap_auto.i8, i8 %window_1_0_load_cast"   --->   Operation 44 'read' 'window_1_0_load_cast_read' <Predicate = true> <Delay = 0.00>
ST_1 : Operation 45 [1/1] (0.00ns)   --->   "%window_0_load_cast_read = read i8 @_ssdm_op_Read.ap_auto.i8, i8 %window_0_load_cast"   --->   Operation 45 'read' 'window_0_load_cast_read' <Predicate = true> <Delay = 0.00>
ST_1 : Operation 46 [1/1] (0.00ns)   --->   "%zext_ln69_cast = zext i8 %zext_ln69_read"   --->   Operation 46 'zext' 'zext_ln69_cast' <Predicate = true> <Delay = 0.00>
ST_1 : Operation 47 [1/1] (0.00ns)   --->   "%window_1_0_load_8_cast_cast = zext i8 %window_1_0_load_8_cast_read"   --->   Operation 47 'zext' 'window_1_0_load_8_cast_cast' <Predicate = true> <Delay = 0.00>
ST_1 : Operation 48 [1/1] (0.00ns)   --->   "%window_0_load_8_cast_cast = zext i8 %window_0_load_8_cast_read"   --->   Operation 48 'zext' 'window_0_load_8_cast_cast' <Predicate = true> <Delay = 0.00>
ST_1 : Operation 49 [1/1] (0.00ns)   --->   "%window_2_0_load_7_cast_cast = zext i8 %window_2_0_load_7_cast_read"   --->   Operation 49 'zext' 'window_2_0_load_7_cast_cast' <Predicate = true> <Delay = 0.00>
ST_1 : Operation 50 [1/1] (0.00ns)   --->   "%window_1_0_load_7_cast_cast = zext i8 %window_1_0_load_7_cast_read"   --->   Operation 50 'zext' 'window_1_0_load_7_cast_cast' <Predicate = true> <Delay = 0.00>
ST_1 : Operation 51 [1/1] (0.00ns)   --->   "%window_0_load_7_cast_cast = zext i8 %window_0_load_7_cast_read"   --->   Operation 51 'zext' 'window_0_load_7_cast_cast' <Predicate = true> <Delay = 0.00>
ST_1 : Operation 52 [1/1] (0.00ns)   --->   "%window_2_0_load_6_cast_cast = zext i8 %window_2_0_load_6_cast_read"   --->   Operation 52 'zext' 'window_2_0_load_6_cast_cast' <Predicate = true> <Delay = 0.00>
ST_1 : Operation 53 [1/1] (0.00ns)   --->   "%window_1_0_load_6_cast_cast = zext i8 %window_1_0_load_6_cast_read"   --->   Operation 53 'zext' 'window_1_0_load_6_cast_cast' <Predicate = true> <Delay = 0.00>
ST_1 : Operation 54 [1/1] (0.00ns)   --->   "%window_0_load_6_cast_cast = zext i8 %window_0_load_6_cast_read"   --->   Operation 54 'zext' 'window_0_load_6_cast_cast' <Predicate = true> <Delay = 0.00>
ST_1 : Operation 55 [1/1] (0.00ns)   --->   "%window_2_0_load_5_cast_cast = zext i8 %window_2_0_load_5_cast_read"   --->   Operation 55 'zext' 'window_2_0_load_5_cast_cast' <Predicate = true> <Delay = 0.00>
ST_1 : Operation 56 [1/1] (0.00ns)   --->   "%window_1_0_load_5_cast_cast = zext i8 %window_1_0_load_5_cast_read"   --->   Operation 56 'zext' 'window_1_0_load_5_cast_cast' <Predicate = true> <Delay = 0.00>
ST_1 : Operation 57 [1/1] (0.00ns)   --->   "%window_0_load_5_cast_cast = zext i8 %window_0_load_5_cast_read"   --->   Operation 57 'zext' 'window_0_load_5_cast_cast' <Predicate = true> <Delay = 0.00>
ST_1 : Operation 58 [1/1] (0.00ns)   --->   "%window_2_0_load_4_cast_cast = zext i8 %window_2_0_load_4_cast_read"   --->   Operation 58 'zext' 'window_2_0_load_4_cast_cast' <Predicate = true> <Delay = 0.00>
ST_1 : Operation 59 [1/1] (0.00ns)   --->   "%window_1_0_load_4_cast_cast = zext i8 %window_1_0_load_4_cast_read"   --->   Operation 59 'zext' 'window_1_0_load_4_cast_cast' <Predicate = true> <Delay = 0.00>
ST_1 : Operation 60 [1/1] (0.00ns)   --->   "%window_0_load_4_cast_cast = zext i8 %window_0_load_4_cast_read"   --->   Operation 60 'zext' 'window_0_load_4_cast_cast' <Predicate = true> <Delay = 0.00>
ST_1 : Operation 61 [1/1] (0.00ns)   --->   "%window_2_0_load_3_cast_cast = zext i8 %window_2_0_load_3_cast_read"   --->   Operation 61 'zext' 'window_2_0_load_3_cast_cast' <Predicate = true> <Delay = 0.00>
ST_1 : Operation 62 [1/1] (0.00ns)   --->   "%window_1_0_load_3_cast_cast = zext i8 %window_1_0_load_3_cast_read"   --->   Operation 62 'zext' 'window_1_0_load_3_cast_cast' <Predicate = true> <Delay = 0.00>
ST_1 : Operation 63 [1/1] (0.00ns)   --->   "%window_0_load_3_cast_cast = zext i8 %window_0_load_3_cast_read"   --->   Operation 63 'zext' 'window_0_load_3_cast_cast' <Predicate = true> <Delay = 0.00>
ST_1 : Operation 64 [1/1] (0.00ns)   --->   "%window_2_0_load_2_cast_cast = zext i8 %window_2_0_load_2_cast_read"   --->   Operation 64 'zext' 'window_2_0_load_2_cast_cast' <Predicate = true> <Delay = 0.00>
ST_1 : Operation 65 [1/1] (0.00ns)   --->   "%window_1_0_load_2_cast_cast = zext i8 %window_1_0_load_2_cast_read"   --->   Operation 65 'zext' 'window_1_0_load_2_cast_cast' <Predicate = true> <Delay = 0.00>
ST_1 : Operation 66 [1/1] (0.00ns)   --->   "%window_0_load_2_cast_cast = zext i8 %window_0_load_2_cast_read"   --->   Operation 66 'zext' 'window_0_load_2_cast_cast' <Predicate = true> <Delay = 0.00>
ST_1 : Operation 67 [1/1] (0.00ns)   --->   "%window_2_0_load_1_cast_cast = zext i8 %window_2_0_load_1_cast_read"   --->   Operation 67 'zext' 'window_2_0_load_1_cast_cast' <Predicate = true> <Delay = 0.00>
ST_1 : Operation 68 [1/1] (0.00ns)   --->   "%window_1_0_load_1_cast_cast = zext i8 %window_1_0_load_1_cast_read"   --->   Operation 68 'zext' 'window_1_0_load_1_cast_cast' <Predicate = true> <Delay = 0.00>
ST_1 : Operation 69 [1/1] (0.00ns)   --->   "%window_0_load_1_cast_cast = zext i8 %window_0_load_1_cast_read"   --->   Operation 69 'zext' 'window_0_load_1_cast_cast' <Predicate = true> <Delay = 0.00>
ST_1 : Operation 70 [1/1] (0.00ns)   --->   "%window_2_0_load_cast_cast = zext i8 %window_2_0_load_cast_read"   --->   Operation 70 'zext' 'window_2_0_load_cast_cast' <Predicate = true> <Delay = 0.00>
ST_1 : Operation 71 [1/1] (0.00ns)   --->   "%window_1_0_load_cast_cast = zext i8 %window_1_0_load_cast_read"   --->   Operation 71 'zext' 'window_1_0_load_cast_cast' <Predicate = true> <Delay = 0.00>
ST_1 : Operation 72 [1/1] (0.00ns)   --->   "%window_0_load_cast_cast = zext i8 %window_0_load_cast_read"   --->   Operation 72 'zext' 'window_0_load_cast_cast' <Predicate = true> <Delay = 0.00>
ST_1 : Operation 73 [1/1] (0.38ns)   --->   "%store_ln69 = store i4 0, i4 %oc" [predecoder_kernel.cpp:69]   --->   Operation 73 'store' 'store_ln69' <Predicate = true> <Delay = 0.38>
ST_1 : Operation 74 [1/1] (0.00ns)   --->   "%br_ln0 = br void %PARTIAL_INIT"   --->   Operation 74 'br' 'br_ln0' <Predicate = true> <Delay = 0.00>
ST_1 : Operation 75 [1/1] (0.00ns)   --->   "%oc_1 = load i4 %oc" [predecoder_kernel.cpp:69]   --->   Operation 75 'load' 'oc_1' <Predicate = true> <Delay = 0.00>
ST_1 : Operation 76 [1/1] (0.70ns)   --->   "%icmp_ln69 = icmp_eq  i4 %oc_1, i4 12" [predecoder_kernel.cpp:69]   --->   Operation 76 'icmp' 'icmp_ln69' <Predicate = true> <Delay = 0.70> <CoreInst = "Cmp">   --->   Core 9 'Cmp' <Latency = 0> <II = 1> <Delay = 0.70> <FuncUnit> <Opcode : 'icmp'> <InPorts = 2> <OutPorts = 1>
ST_1 : Operation 77 [1/1] (0.70ns)   --->   "%add_ln69 = add i4 %oc_1, i4 1" [predecoder_kernel.cpp:69]   --->   Operation 77 'add' 'add_ln69' <Predicate = true> <Delay = 0.70> <CoreInst = "Adder">   --->   Core 1 'Adder' <Latency = 0> <II = 1> <Delay = 0.70> <FuncUnit> <Opcode : 'add' 'sub'> <InPorts = 2> <OutPorts = 1>
ST_1 : Operation 78 [1/1] (0.00ns)   --->   "%br_ln69 = br i1 %icmp_ln69, void %PARTIAL_INIT.split, void %for.inc180.exitStub" [predecoder_kernel.cpp:69]   --->   Operation 78 'br' 'br_ln69' <Predicate = true> <Delay = 0.00>
ST_1 : Operation 79 [1/1] (0.00ns)   --->   "%zext_ln69_1 = zext i4 %oc_1" [predecoder_kernel.cpp:69]   --->   Operation 79 'zext' 'zext_ln69_1' <Predicate = (!icmp_ln69)> <Delay = 0.00>
ST_1 : Operation 80 [1/1] (0.00ns)   --->   "%p_ZN18predecoder_weightsL13LAYER0_WEIGHTE_2_addr = getelementptr i8 %p_ZN18predecoder_weightsL13LAYER0_WEIGHTE_2, i64 0, i64 %zext_ln69_1" [predecoder_kernel.cpp:102]   --->   Operation 80 'getelementptr' 'p_ZN18predecoder_weightsL13LAYER0_WEIGHTE_2_addr' <Predicate = (!icmp_ln69)> <Delay = 0.00>
ST_1 : Operation 81 [2/2] (0.66ns)   --->   "%p_ZN18predecoder_weightsL13LAYER0_WEIGHTE_2_load = load i4 %p_ZN18predecoder_weightsL13LAYER0_WEIGHTE_2_addr" [predecoder_kernel.cpp:102]   --->   Operation 81 'load' 'p_ZN18predecoder_weightsL13LAYER0_WEIGHTE_2_load' <Predicate = (!icmp_ln69)> <Delay = 0.66> <CoreInst = "ROM">   --->   Core 101 'ROM' <Latency = 1> <II = 1> <Delay = 0.66> <Storage> <Opcode : 'load'> <Ports = 0> <Width = 8> <Depth = 12> <ROM>
ST_1 : Operation 82 [1/1] (0.00ns)   --->   "%p_ZN18predecoder_weightsL13LAYER0_WEIGHTE_6_addr = getelementptr i6 %p_ZN18predecoder_weightsL13LAYER0_WEIGHTE_6, i64 0, i64 %zext_ln69_1" [predecoder_kernel.cpp:102]   --->   Operation 82 'getelementptr' 'p_ZN18predecoder_weightsL13LAYER0_WEIGHTE_6_addr' <Predicate = (!icmp_ln69)> <Delay = 0.00>
ST_1 : Operation 83 [2/2] (0.66ns)   --->   "%p_ZN18predecoder_weightsL13LAYER0_WEIGHTE_6_load = load i4 %p_ZN18predecoder_weightsL13LAYER0_WEIGHTE_6_addr" [predecoder_kernel.cpp:102]   --->   Operation 83 'load' 'p_ZN18predecoder_weightsL13LAYER0_WEIGHTE_6_load' <Predicate = (!icmp_ln69)> <Delay = 0.66> <CoreInst = "ROM">   --->   Core 101 'ROM' <Latency = 1> <II = 1> <Delay = 0.66> <Storage> <Opcode : 'load'> <Ports = 0> <Width = 6> <Depth = 12> <ROM>
ST_1 : Operation 84 [1/1] (0.00ns)   --->   "%p_ZN18predecoder_weightsL13LAYER0_WEIGHTE_17_addr = getelementptr i8 %p_ZN18predecoder_weightsL13LAYER0_WEIGHTE_17, i64 0, i64 %zext_ln69_1" [predecoder_kernel.cpp:102]   --->   Operation 84 'getelementptr' 'p_ZN18predecoder_weightsL13LAYER0_WEIGHTE_17_addr' <Predicate = (!icmp_ln69)> <Delay = 0.00>
ST_1 : Operation 85 [2/2] (0.66ns)   --->   "%p_ZN18predecoder_weightsL13LAYER0_WEIGHTE_17_load = load i4 %p_ZN18predecoder_weightsL13LAYER0_WEIGHTE_17_addr" [predecoder_kernel.cpp:102]   --->   Operation 85 'load' 'p_ZN18predecoder_weightsL13LAYER0_WEIGHTE_17_load' <Predicate = (!icmp_ln69)> <Delay = 0.66> <CoreInst = "ROM">   --->   Core 101 'ROM' <Latency = 1> <II = 1> <Delay = 0.66> <Storage> <Opcode : 'load'> <Ports = 0> <Width = 8> <Depth = 12> <ROM>
ST_1 : Operation 86 [1/1] (0.00ns)   --->   "%p_ZN18predecoder_weightsL13LAYER0_WEIGHTE_20_addr = getelementptr i7 %p_ZN18predecoder_weightsL13LAYER0_WEIGHTE_20, i64 0, i64 %zext_ln69_1" [predecoder_kernel.cpp:102]   --->   Operation 86 'getelementptr' 'p_ZN18predecoder_weightsL13LAYER0_WEIGHTE_20_addr' <Predicate = (!icmp_ln69)> <Delay = 0.00>
ST_1 : Operation 87 [2/2] (0.66ns)   --->   "%p_ZN18predecoder_weightsL13LAYER0_WEIGHTE_20_load = load i4 %p_ZN18predecoder_weightsL13LAYER0_WEIGHTE_20_addr" [predecoder_kernel.cpp:102]   --->   Operation 87 'load' 'p_ZN18predecoder_weightsL13LAYER0_WEIGHTE_20_load' <Predicate = (!icmp_ln69)> <Delay = 0.66> <CoreInst = "ROM">   --->   Core 101 'ROM' <Latency = 1> <II = 1> <Delay = 0.66> <Storage> <Opcode : 'load'> <Ports = 0> <Width = 7> <Depth = 12> <ROM>
ST_1 : Operation 88 [1/1] (0.38ns)   --->   "%store_ln69 = store i4 %add_ln69, i4 %oc" [predecoder_kernel.cpp:69]   --->   Operation 88 'store' 'store_ln69' <Predicate = (!icmp_ln69)> <Delay = 0.38>

State 2 <SV = 1> <Delay = 1.66>
ST_2 : Operation 89 [1/1] (0.00ns)   --->   "%p_ZN18predecoder_weightsL13LAYER0_WEIGHTE_0_addr = getelementptr i8 %p_ZN18predecoder_weightsL13LAYER0_WEIGHTE_0, i64 0, i64 %zext_ln69_1" [predecoder_kernel.cpp:102]   --->   Operation 89 'getelementptr' 'p_ZN18predecoder_weightsL13LAYER0_WEIGHTE_0_addr' <Predicate = true> <Delay = 0.00>
ST_2 : Operation 90 [2/2] (0.66ns)   --->   "%p_ZN18predecoder_weightsL13LAYER0_WEIGHTE_0_load = load i4 %p_ZN18predecoder_weightsL13LAYER0_WEIGHTE_0_addr" [predecoder_kernel.cpp:102]   --->   Operation 90 'load' 'p_ZN18predecoder_weightsL13LAYER0_WEIGHTE_0_load' <Predicate = true> <Delay = 0.66> <CoreInst = "ROM">   --->   Core 101 'ROM' <Latency = 1> <II = 1> <Delay = 0.66> <Storage> <Opcode : 'load'> <Ports = 0> <Width = 8> <Depth = 12> <ROM>
ST_2 : Operation 91 [1/1] (0.00ns)   --->   "%p_ZN18predecoder_weightsL13LAYER0_WEIGHTE_1_addr = getelementptr i8 %p_ZN18predecoder_weightsL13LAYER0_WEIGHTE_1, i64 0, i64 %zext_ln69_1" [predecoder_kernel.cpp:102]   --->   Operation 91 'getelementptr' 'p_ZN18predecoder_weightsL13LAYER0_WEIGHTE_1_addr' <Predicate = true> <Delay = 0.00>
ST_2 : Operation 92 [2/2] (0.66ns)   --->   "%p_ZN18predecoder_weightsL13LAYER0_WEIGHTE_1_load = load i4 %p_ZN18predecoder_weightsL13LAYER0_WEIGHTE_1_addr" [predecoder_kernel.cpp:102]   --->   Operation 92 'load' 'p_ZN18predecoder_weightsL13LAYER0_WEIGHTE_1_load' <Predicate = true> <Delay = 0.66> <CoreInst = "ROM">   --->   Core 101 'ROM' <Latency = 1> <II = 1> <Delay = 0.66> <Storage> <Opcode : 'load'> <Ports = 0> <Width = 8> <Depth = 12> <ROM>
ST_2 : Operation 93 [1/2] (0.66ns)   --->   "%p_ZN18predecoder_weightsL13LAYER0_WEIGHTE_2_load = load i4 %p_ZN18predecoder_weightsL13LAYER0_WEIGHTE_2_addr" [predecoder_kernel.cpp:102]   --->   Operation 93 'load' 'p_ZN18predecoder_weightsL13LAYER0_WEIGHTE_2_load' <Predicate = true> <Delay = 0.66> <CoreInst = "ROM">   --->   Core 101 'ROM' <Latency = 1> <II = 1> <Delay = 0.66> <Storage> <Opcode : 'load'> <Ports = 0> <Width = 8> <Depth = 12> <ROM>
ST_2 : Operation 94 [1/1] (0.00ns)   --->   "%sext_ln102_4 = sext i8 %p_ZN18predecoder_weightsL13LAYER0_WEIGHTE_2_load" [predecoder_kernel.cpp:102]   --->   Operation 94 'sext' 'sext_ln102_4' <Predicate = true> <Delay = 0.00>
ST_2 : Operation 95 [3/3] (0.99ns) (grouped into DSP with root node add_ln112)   --->   "%partial_2 = mul i16 %sext_ln102_4, i16 %window_2_0_load_cast_cast" [predecoder_kernel.cpp:102]   --->   Operation 95 'mul' 'partial_2' <Predicate = true> <Delay = 0.99> <CoreInst = "DSP48">   --->   Core 127 'DSP48' <Latency = 3> <II = 1> <Delay = 0.53> <IPBlock> <Opcode : '' 'add' 'sub' 'mul' 'select'> <InPorts = 0> <OutPorts = 1> <Sync> <CReg>
ST_2 : Operation 96 [1/1] (0.00ns)   --->   "%p_ZN18predecoder_weightsL13LAYER0_WEIGHTE_3_addr = getelementptr i7 %p_ZN18predecoder_weightsL13LAYER0_WEIGHTE_3, i64 0, i64 %zext_ln69_1" [predecoder_kernel.cpp:102]   --->   Operation 96 'getelementptr' 'p_ZN18predecoder_weightsL13LAYER0_WEIGHTE_3_addr' <Predicate = true> <Delay = 0.00>
ST_2 : Operation 97 [2/2] (0.66ns)   --->   "%p_ZN18predecoder_weightsL13LAYER0_WEIGHTE_3_load = load i4 %p_ZN18predecoder_weightsL13LAYER0_WEIGHTE_3_addr" [predecoder_kernel.cpp:102]   --->   Operation 97 'load' 'p_ZN18predecoder_weightsL13LAYER0_WEIGHTE_3_load' <Predicate = true> <Delay = 0.66> <CoreInst = "ROM">   --->   Core 101 'ROM' <Latency = 1> <II = 1> <Delay = 0.66> <Storage> <Opcode : 'load'> <Ports = 0> <Width = 7> <Depth = 12> <ROM>
ST_2 : Operation 98 [1/2] (0.66ns)   --->   "%p_ZN18predecoder_weightsL13LAYER0_WEIGHTE_6_load = load i4 %p_ZN18predecoder_weightsL13LAYER0_WEIGHTE_6_addr" [predecoder_kernel.cpp:102]   --->   Operation 98 'load' 'p_ZN18predecoder_weightsL13LAYER0_WEIGHTE_6_load' <Predicate = true> <Delay = 0.66> <CoreInst = "ROM">   --->   Core 101 'ROM' <Latency = 1> <II = 1> <Delay = 0.66> <Storage> <Opcode : 'load'> <Ports = 0> <Width = 6> <Depth = 12> <ROM>
ST_2 : Operation 99 [1/1] (0.00ns)   --->   "%sext_ln102_12 = sext i6 %p_ZN18predecoder_weightsL13LAYER0_WEIGHTE_6_load" [predecoder_kernel.cpp:102]   --->   Operation 99 'sext' 'sext_ln102_12' <Predicate = true> <Delay = 0.00>
ST_2 : Operation 100 [3/3] (0.99ns) (grouped into DSP with root node add_ln112_6)   --->   "%partial_6 = mul i14 %window_0_load_2_cast_cast, i14 %sext_ln102_12" [predecoder_kernel.cpp:102]   --->   Operation 100 'mul' 'partial_6' <Predicate = true> <Delay = 0.99> <CoreInst = "DSP48">   --->   Core 127 'DSP48' <Latency = 3> <II = 1> <Delay = 0.53> <IPBlock> <Opcode : '' 'add' 'sub' 'mul' 'select'> <InPorts = 0> <OutPorts = 1> <Sync> <CReg>
ST_2 : Operation 101 [1/1] (0.00ns)   --->   "%p_ZN18predecoder_weightsL13LAYER0_WEIGHTE_7_addr = getelementptr i8 %p_ZN18predecoder_weightsL13LAYER0_WEIGHTE_7, i64 0, i64 %zext_ln69_1" [predecoder_kernel.cpp:102]   --->   Operation 101 'getelementptr' 'p_ZN18predecoder_weightsL13LAYER0_WEIGHTE_7_addr' <Predicate = true> <Delay = 0.00>
ST_2 : Operation 102 [2/2] (0.66ns)   --->   "%p_ZN18predecoder_weightsL13LAYER0_WEIGHTE_7_load = load i4 %p_ZN18predecoder_weightsL13LAYER0_WEIGHTE_7_addr" [predecoder_kernel.cpp:102]   --->   Operation 102 'load' 'p_ZN18predecoder_weightsL13LAYER0_WEIGHTE_7_load' <Predicate = true> <Delay = 0.66> <CoreInst = "ROM">   --->   Core 101 'ROM' <Latency = 1> <II = 1> <Delay = 0.66> <Storage> <Opcode : 'load'> <Ports = 0> <Width = 8> <Depth = 12> <ROM>
ST_2 : Operation 103 [1/1] (0.00ns)   --->   "%p_ZN18predecoder_weightsL13LAYER0_WEIGHTE_8_addr = getelementptr i8 %p_ZN18predecoder_weightsL13LAYER0_WEIGHTE_8, i64 0, i64 %zext_ln69_1" [predecoder_kernel.cpp:102]   --->   Operation 103 'getelementptr' 'p_ZN18predecoder_weightsL13LAYER0_WEIGHTE_8_addr' <Predicate = true> <Delay = 0.00>
ST_2 : Operation 104 [2/2] (0.66ns)   --->   "%p_ZN18predecoder_weightsL13LAYER0_WEIGHTE_8_load = load i4 %p_ZN18predecoder_weightsL13LAYER0_WEIGHTE_8_addr" [predecoder_kernel.cpp:102]   --->   Operation 104 'load' 'p_ZN18predecoder_weightsL13LAYER0_WEIGHTE_8_load' <Predicate = true> <Delay = 0.66> <CoreInst = "ROM">   --->   Core 101 'ROM' <Latency = 1> <II = 1> <Delay = 0.66> <Storage> <Opcode : 'load'> <Ports = 0> <Width = 8> <Depth = 12> <ROM>
ST_2 : Operation 105 [1/1] (0.00ns)   --->   "%p_ZN18predecoder_weightsL13LAYER0_WEIGHTE_9_addr = getelementptr i8 %p_ZN18predecoder_weightsL13LAYER0_WEIGHTE_9, i64 0, i64 %zext_ln69_1" [predecoder_kernel.cpp:102]   --->   Operation 105 'getelementptr' 'p_ZN18predecoder_weightsL13LAYER0_WEIGHTE_9_addr' <Predicate = true> <Delay = 0.00>
ST_2 : Operation 106 [2/2] (0.66ns)   --->   "%p_ZN18predecoder_weightsL13LAYER0_WEIGHTE_9_load = load i4 %p_ZN18predecoder_weightsL13LAYER0_WEIGHTE_9_addr" [predecoder_kernel.cpp:102]   --->   Operation 106 'load' 'p_ZN18predecoder_weightsL13LAYER0_WEIGHTE_9_load' <Predicate = true> <Delay = 0.66> <CoreInst = "ROM">   --->   Core 101 'ROM' <Latency = 1> <II = 1> <Delay = 0.66> <Storage> <Opcode : 'load'> <Ports = 0> <Width = 8> <Depth = 12> <ROM>
ST_2 : Operation 107 [1/1] (0.00ns)   --->   "%p_ZN18predecoder_weightsL13LAYER0_WEIGHTE_11_addr = getelementptr i8 %p_ZN18predecoder_weightsL13LAYER0_WEIGHTE_11, i64 0, i64 %zext_ln69_1" [predecoder_kernel.cpp:102]   --->   Operation 107 'getelementptr' 'p_ZN18predecoder_weightsL13LAYER0_WEIGHTE_11_addr' <Predicate = true> <Delay = 0.00>
ST_2 : Operation 108 [2/2] (0.66ns)   --->   "%p_ZN18predecoder_weightsL13LAYER0_WEIGHTE_11_load = load i4 %p_ZN18predecoder_weightsL13LAYER0_WEIGHTE_11_addr" [predecoder_kernel.cpp:102]   --->   Operation 108 'load' 'p_ZN18predecoder_weightsL13LAYER0_WEIGHTE_11_load' <Predicate = true> <Delay = 0.66> <CoreInst = "ROM">   --->   Core 101 'ROM' <Latency = 1> <II = 1> <Delay = 0.66> <Storage> <Opcode : 'load'> <Ports = 0> <Width = 8> <Depth = 12> <ROM>
ST_2 : Operation 109 [1/1] (0.00ns)   --->   "%p_ZN18predecoder_weightsL13LAYER0_WEIGHTE_14_addr = getelementptr i8 %p_ZN18predecoder_weightsL13LAYER0_WEIGHTE_14, i64 0, i64 %zext_ln69_1" [predecoder_kernel.cpp:102]   --->   Operation 109 'getelementptr' 'p_ZN18predecoder_weightsL13LAYER0_WEIGHTE_14_addr' <Predicate = true> <Delay = 0.00>
ST_2 : Operation 110 [2/2] (0.66ns)   --->   "%p_ZN18predecoder_weightsL13LAYER0_WEIGHTE_14_load = load i4 %p_ZN18predecoder_weightsL13LAYER0_WEIGHTE_14_addr" [predecoder_kernel.cpp:102]   --->   Operation 110 'load' 'p_ZN18predecoder_weightsL13LAYER0_WEIGHTE_14_load' <Predicate = true> <Delay = 0.66> <CoreInst = "ROM">   --->   Core 101 'ROM' <Latency = 1> <II = 1> <Delay = 0.66> <Storage> <Opcode : 'load'> <Ports = 0> <Width = 8> <Depth = 12> <ROM>
ST_2 : Operation 111 [1/1] (0.00ns)   --->   "%p_ZN18predecoder_weightsL13LAYER0_WEIGHTE_15_addr = getelementptr i8 %p_ZN18predecoder_weightsL13LAYER0_WEIGHTE_15, i64 0, i64 %zext_ln69_1" [predecoder_kernel.cpp:102]   --->   Operation 111 'getelementptr' 'p_ZN18predecoder_weightsL13LAYER0_WEIGHTE_15_addr' <Predicate = true> <Delay = 0.00>
ST_2 : Operation 112 [2/2] (0.66ns)   --->   "%p_ZN18predecoder_weightsL13LAYER0_WEIGHTE_15_load = load i4 %p_ZN18predecoder_weightsL13LAYER0_WEIGHTE_15_addr" [predecoder_kernel.cpp:102]   --->   Operation 112 'load' 'p_ZN18predecoder_weightsL13LAYER0_WEIGHTE_15_load' <Predicate = true> <Delay = 0.66> <CoreInst = "ROM">   --->   Core 101 'ROM' <Latency = 1> <II = 1> <Delay = 0.66> <Storage> <Opcode : 'load'> <Ports = 0> <Width = 8> <Depth = 12> <ROM>
ST_2 : Operation 113 [1/1] (0.00ns)   --->   "%p_ZN18predecoder_weightsL13LAYER0_WEIGHTE_16_addr = getelementptr i8 %p_ZN18predecoder_weightsL13LAYER0_WEIGHTE_16, i64 0, i64 %zext_ln69_1" [predecoder_kernel.cpp:102]   --->   Operation 113 'getelementptr' 'p_ZN18predecoder_weightsL13LAYER0_WEIGHTE_16_addr' <Predicate = true> <Delay = 0.00>
ST_2 : Operation 114 [2/2] (0.66ns)   --->   "%p_ZN18predecoder_weightsL13LAYER0_WEIGHTE_16_load = load i4 %p_ZN18predecoder_weightsL13LAYER0_WEIGHTE_16_addr" [predecoder_kernel.cpp:102]   --->   Operation 114 'load' 'p_ZN18predecoder_weightsL13LAYER0_WEIGHTE_16_load' <Predicate = true> <Delay = 0.66> <CoreInst = "ROM">   --->   Core 101 'ROM' <Latency = 1> <II = 1> <Delay = 0.66> <Storage> <Opcode : 'load'> <Ports = 0> <Width = 8> <Depth = 12> <ROM>
ST_2 : Operation 115 [1/2] (0.66ns)   --->   "%p_ZN18predecoder_weightsL13LAYER0_WEIGHTE_17_load = load i4 %p_ZN18predecoder_weightsL13LAYER0_WEIGHTE_17_addr" [predecoder_kernel.cpp:102]   --->   Operation 115 'load' 'p_ZN18predecoder_weightsL13LAYER0_WEIGHTE_17_load' <Predicate = true> <Delay = 0.66> <CoreInst = "ROM">   --->   Core 101 'ROM' <Latency = 1> <II = 1> <Delay = 0.66> <Storage> <Opcode : 'load'> <Ports = 0> <Width = 8> <Depth = 12> <ROM>
ST_2 : Operation 116 [1/1] (0.00ns)   --->   "%sext_ln102_34 = sext i8 %p_ZN18predecoder_weightsL13LAYER0_WEIGHTE_17_load" [predecoder_kernel.cpp:102]   --->   Operation 116 'sext' 'sext_ln102_34' <Predicate = true> <Delay = 0.00>
ST_2 : Operation 117 [3/3] (0.99ns) (grouped into DSP with root node add_ln112_14)   --->   "%partial_17 = mul i16 %sext_ln102_34, i16 %window_2_0_load_5_cast_cast" [predecoder_kernel.cpp:102]   --->   Operation 117 'mul' 'partial_17' <Predicate = true> <Delay = 0.99> <CoreInst = "DSP48">   --->   Core 127 'DSP48' <Latency = 3> <II = 1> <Delay = 0.53> <IPBlock> <Opcode : '' 'add' 'sub' 'mul' 'select'> <InPorts = 0> <OutPorts = 1> <Sync> <CReg>
ST_2 : Operation 118 [1/1] (0.00ns)   --->   "%p_ZN18predecoder_weightsL13LAYER0_WEIGHTE_18_addr = getelementptr i8 %p_ZN18predecoder_weightsL13LAYER0_WEIGHTE_18, i64 0, i64 %zext_ln69_1" [predecoder_kernel.cpp:102]   --->   Operation 118 'getelementptr' 'p_ZN18predecoder_weightsL13LAYER0_WEIGHTE_18_addr' <Predicate = true> <Delay = 0.00>
ST_2 : Operation 119 [2/2] (0.66ns)   --->   "%p_ZN18predecoder_weightsL13LAYER0_WEIGHTE_18_load = load i4 %p_ZN18predecoder_weightsL13LAYER0_WEIGHTE_18_addr" [predecoder_kernel.cpp:102]   --->   Operation 119 'load' 'p_ZN18predecoder_weightsL13LAYER0_WEIGHTE_18_load' <Predicate = true> <Delay = 0.66> <CoreInst = "ROM">   --->   Core 101 'ROM' <Latency = 1> <II = 1> <Delay = 0.66> <Storage> <Opcode : 'load'> <Ports = 0> <Width = 8> <Depth = 12> <ROM>
ST_2 : Operation 120 [1/1] (0.00ns)   --->   "%p_ZN18predecoder_weightsL13LAYER0_WEIGHTE_19_addr = getelementptr i8 %p_ZN18predecoder_weightsL13LAYER0_WEIGHTE_19, i64 0, i64 %zext_ln69_1" [predecoder_kernel.cpp:102]   --->   Operation 120 'getelementptr' 'p_ZN18predecoder_weightsL13LAYER0_WEIGHTE_19_addr' <Predicate = true> <Delay = 0.00>
ST_2 : Operation 121 [2/2] (0.66ns)   --->   "%p_ZN18predecoder_weightsL13LAYER0_WEIGHTE_19_load = load i4 %p_ZN18predecoder_weightsL13LAYER0_WEIGHTE_19_addr" [predecoder_kernel.cpp:102]   --->   Operation 121 'load' 'p_ZN18predecoder_weightsL13LAYER0_WEIGHTE_19_load' <Predicate = true> <Delay = 0.66> <CoreInst = "ROM">   --->   Core 101 'ROM' <Latency = 1> <II = 1> <Delay = 0.66> <Storage> <Opcode : 'load'> <Ports = 0> <Width = 8> <Depth = 12> <ROM>
ST_2 : Operation 122 [1/2] (0.66ns)   --->   "%p_ZN18predecoder_weightsL13LAYER0_WEIGHTE_20_load = load i4 %p_ZN18predecoder_weightsL13LAYER0_WEIGHTE_20_addr" [predecoder_kernel.cpp:102]   --->   Operation 122 'load' 'p_ZN18predecoder_weightsL13LAYER0_WEIGHTE_20_load' <Predicate = true> <Delay = 0.66> <CoreInst = "ROM">   --->   Core 101 'ROM' <Latency = 1> <II = 1> <Delay = 0.66> <Storage> <Opcode : 'load'> <Ports = 0> <Width = 7> <Depth = 12> <ROM>
ST_2 : Operation 123 [1/1] (0.00ns)   --->   "%sext_ln102_40 = sext i7 %p_ZN18predecoder_weightsL13LAYER0_WEIGHTE_20_load" [predecoder_kernel.cpp:102]   --->   Operation 123 'sext' 'sext_ln102_40' <Predicate = true> <Delay = 0.00>
ST_2 : Operation 124 [3/3] (0.99ns) (grouped into DSP with root node add_ln112_16)   --->   "%partial_20 = mul i15 %window_2_0_load_6_cast_cast, i15 %sext_ln102_40" [predecoder_kernel.cpp:102]   --->   Operation 124 'mul' 'partial_20' <Predicate = true> <Delay = 0.99> <CoreInst = "DSP48">   --->   Core 127 'DSP48' <Latency = 3> <II = 1> <Delay = 0.53> <IPBlock> <Opcode : '' 'add' 'sub' 'mul' 'select'> <InPorts = 0> <OutPorts = 1> <Sync> <CReg>

State 3 <SV = 2> <Delay = 1.66>
ST_3 : Operation 125 [1/2] (0.66ns)   --->   "%p_ZN18predecoder_weightsL13LAYER0_WEIGHTE_0_load = load i4 %p_ZN18predecoder_weightsL13LAYER0_WEIGHTE_0_addr" [predecoder_kernel.cpp:102]   --->   Operation 125 'load' 'p_ZN18predecoder_weightsL13LAYER0_WEIGHTE_0_load' <Predicate = true> <Delay = 0.66> <CoreInst = "ROM">   --->   Core 101 'ROM' <Latency = 1> <II = 1> <Delay = 0.66> <Storage> <Opcode : 'load'> <Ports = 0> <Width = 8> <Depth = 12> <ROM>
ST_3 : Operation 126 [1/2] (0.66ns)   --->   "%p_ZN18predecoder_weightsL13LAYER0_WEIGHTE_1_load = load i4 %p_ZN18predecoder_weightsL13LAYER0_WEIGHTE_1_addr" [predecoder_kernel.cpp:102]   --->   Operation 126 'load' 'p_ZN18predecoder_weightsL13LAYER0_WEIGHTE_1_load' <Predicate = true> <Delay = 0.66> <CoreInst = "ROM">   --->   Core 101 'ROM' <Latency = 1> <II = 1> <Delay = 0.66> <Storage> <Opcode : 'load'> <Ports = 0> <Width = 8> <Depth = 12> <ROM>
ST_3 : Operation 127 [1/1] (0.00ns)   --->   "%sext_ln102_2 = sext i8 %p_ZN18predecoder_weightsL13LAYER0_WEIGHTE_1_load" [predecoder_kernel.cpp:102]   --->   Operation 127 'sext' 'sext_ln102_2' <Predicate = true> <Delay = 0.00>
ST_3 : Operation 128 [3/3] (0.99ns) (grouped into DSP with root node add_ln112_1)   --->   "%partial_1 = mul i16 %sext_ln102_2, i16 %window_1_0_load_cast_cast" [predecoder_kernel.cpp:102]   --->   Operation 128 'mul' 'partial_1' <Predicate = true> <Delay = 0.99> <CoreInst = "DSP48">   --->   Core 127 'DSP48' <Latency = 3> <II = 1> <Delay = 0.53> <IPBlock> <Opcode : '' 'add' 'sub' 'mul' 'select'> <InPorts = 0> <OutPorts = 1> <Sync> <CReg>
ST_3 : Operation 129 [2/3] (0.99ns) (grouped into DSP with root node add_ln112)   --->   "%partial_2 = mul i16 %sext_ln102_4, i16 %window_2_0_load_cast_cast" [predecoder_kernel.cpp:102]   --->   Operation 129 'mul' 'partial_2' <Predicate = true> <Delay = 0.99> <CoreInst = "DSP48">   --->   Core 127 'DSP48' <Latency = 3> <II = 1> <Delay = 0.53> <IPBlock> <Opcode : '' 'add' 'sub' 'mul' 'select'> <InPorts = 0> <OutPorts = 1> <Sync> <CReg>
ST_3 : Operation 130 [1/2] (0.66ns)   --->   "%p_ZN18predecoder_weightsL13LAYER0_WEIGHTE_3_load = load i4 %p_ZN18predecoder_weightsL13LAYER0_WEIGHTE_3_addr" [predecoder_kernel.cpp:102]   --->   Operation 130 'load' 'p_ZN18predecoder_weightsL13LAYER0_WEIGHTE_3_load' <Predicate = true> <Delay = 0.66> <CoreInst = "ROM">   --->   Core 101 'ROM' <Latency = 1> <II = 1> <Delay = 0.66> <Storage> <Opcode : 'load'> <Ports = 0> <Width = 7> <Depth = 12> <ROM>
ST_3 : Operation 131 [1/1] (0.00ns)   --->   "%sext_ln102_6 = sext i7 %p_ZN18predecoder_weightsL13LAYER0_WEIGHTE_3_load" [predecoder_kernel.cpp:102]   --->   Operation 131 'sext' 'sext_ln102_6' <Predicate = true> <Delay = 0.00>
ST_3 : Operation 132 [3/3] (0.99ns) (grouped into DSP with root node add_ln112_2)   --->   "%partial_3 = mul i15 %window_0_load_1_cast_cast, i15 %sext_ln102_6" [predecoder_kernel.cpp:102]   --->   Operation 132 'mul' 'partial_3' <Predicate = true> <Delay = 0.99> <CoreInst = "DSP48">   --->   Core 127 'DSP48' <Latency = 3> <II = 1> <Delay = 0.53> <IPBlock> <Opcode : '' 'add' 'sub' 'mul' 'select'> <InPorts = 0> <OutPorts = 1> <Sync> <CReg>
ST_3 : Operation 133 [1/1] (0.00ns)   --->   "%p_ZN18predecoder_weightsL13LAYER0_WEIGHTE_4_addr = getelementptr i8 %p_ZN18predecoder_weightsL13LAYER0_WEIGHTE_4, i64 0, i64 %zext_ln69_1" [predecoder_kernel.cpp:102]   --->   Operation 133 'getelementptr' 'p_ZN18predecoder_weightsL13LAYER0_WEIGHTE_4_addr' <Predicate = true> <Delay = 0.00>
ST_3 : Operation 134 [2/2] (0.66ns)   --->   "%p_ZN18predecoder_weightsL13LAYER0_WEIGHTE_4_load = load i4 %p_ZN18predecoder_weightsL13LAYER0_WEIGHTE_4_addr" [predecoder_kernel.cpp:102]   --->   Operation 134 'load' 'p_ZN18predecoder_weightsL13LAYER0_WEIGHTE_4_load' <Predicate = true> <Delay = 0.66> <CoreInst = "ROM">   --->   Core 101 'ROM' <Latency = 1> <II = 1> <Delay = 0.66> <Storage> <Opcode : 'load'> <Ports = 0> <Width = 8> <Depth = 12> <ROM>
ST_3 : Operation 135 [1/1] (0.00ns)   --->   "%p_ZN18predecoder_weightsL13LAYER0_WEIGHTE_5_addr = getelementptr i8 %p_ZN18predecoder_weightsL13LAYER0_WEIGHTE_5, i64 0, i64 %zext_ln69_1" [predecoder_kernel.cpp:102]   --->   Operation 135 'getelementptr' 'p_ZN18predecoder_weightsL13LAYER0_WEIGHTE_5_addr' <Predicate = true> <Delay = 0.00>
ST_3 : Operation 136 [2/2] (0.66ns)   --->   "%p_ZN18predecoder_weightsL13LAYER0_WEIGHTE_5_load = load i4 %p_ZN18predecoder_weightsL13LAYER0_WEIGHTE_5_addr" [predecoder_kernel.cpp:102]   --->   Operation 136 'load' 'p_ZN18predecoder_weightsL13LAYER0_WEIGHTE_5_load' <Predicate = true> <Delay = 0.66> <CoreInst = "ROM">   --->   Core 101 'ROM' <Latency = 1> <II = 1> <Delay = 0.66> <Storage> <Opcode : 'load'> <Ports = 0> <Width = 8> <Depth = 12> <ROM>
ST_3 : Operation 137 [2/3] (0.99ns) (grouped into DSP with root node add_ln112_6)   --->   "%partial_6 = mul i14 %window_0_load_2_cast_cast, i14 %sext_ln102_12" [predecoder_kernel.cpp:102]   --->   Operation 137 'mul' 'partial_6' <Predicate = true> <Delay = 0.99> <CoreInst = "DSP48">   --->   Core 127 'DSP48' <Latency = 3> <II = 1> <Delay = 0.53> <IPBlock> <Opcode : '' 'add' 'sub' 'mul' 'select'> <InPorts = 0> <OutPorts = 1> <Sync> <CReg>
ST_3 : Operation 138 [1/2] (0.66ns)   --->   "%p_ZN18predecoder_weightsL13LAYER0_WEIGHTE_7_load = load i4 %p_ZN18predecoder_weightsL13LAYER0_WEIGHTE_7_addr" [predecoder_kernel.cpp:102]   --->   Operation 138 'load' 'p_ZN18predecoder_weightsL13LAYER0_WEIGHTE_7_load' <Predicate = true> <Delay = 0.66> <CoreInst = "ROM">   --->   Core 101 'ROM' <Latency = 1> <II = 1> <Delay = 0.66> <Storage> <Opcode : 'load'> <Ports = 0> <Width = 8> <Depth = 12> <ROM>
ST_3 : Operation 139 [1/1] (0.00ns)   --->   "%sext_ln102_14 = sext i8 %p_ZN18predecoder_weightsL13LAYER0_WEIGHTE_7_load" [predecoder_kernel.cpp:102]   --->   Operation 139 'sext' 'sext_ln102_14' <Predicate = true> <Delay = 0.00>
ST_3 : Operation 140 [3/3] (0.99ns) (grouped into DSP with root node add_ln112_4)   --->   "%partial_7 = mul i16 %sext_ln102_14, i16 %window_1_0_load_2_cast_cast" [predecoder_kernel.cpp:102]   --->   Operation 140 'mul' 'partial_7' <Predicate = true> <Delay = 0.99> <CoreInst = "DSP48">   --->   Core 127 'DSP48' <Latency = 3> <II = 1> <Delay = 0.53> <IPBlock> <Opcode : '' 'add' 'sub' 'mul' 'select'> <InPorts = 0> <OutPorts = 1> <Sync> <CReg>
ST_3 : Operation 141 [1/2] (0.66ns)   --->   "%p_ZN18predecoder_weightsL13LAYER0_WEIGHTE_8_load = load i4 %p_ZN18predecoder_weightsL13LAYER0_WEIGHTE_8_addr" [predecoder_kernel.cpp:102]   --->   Operation 141 'load' 'p_ZN18predecoder_weightsL13LAYER0_WEIGHTE_8_load' <Predicate = true> <Delay = 0.66> <CoreInst = "ROM">   --->   Core 101 'ROM' <Latency = 1> <II = 1> <Delay = 0.66> <Storage> <Opcode : 'load'> <Ports = 0> <Width = 8> <Depth = 12> <ROM>
ST_3 : Operation 142 [1/1] (0.00ns)   --->   "%sext_ln102_16 = sext i8 %p_ZN18predecoder_weightsL13LAYER0_WEIGHTE_8_load" [predecoder_kernel.cpp:102]   --->   Operation 142 'sext' 'sext_ln102_16' <Predicate = true> <Delay = 0.00>
ST_3 : Operation 143 [3/3] (0.99ns) (grouped into DSP with root node add_ln112_7)   --->   "%partial_8 = mul i16 %sext_ln102_16, i16 %window_2_0_load_2_cast_cast" [predecoder_kernel.cpp:102]   --->   Operation 143 'mul' 'partial_8' <Predicate = true> <Delay = 0.99> <CoreInst = "DSP48">   --->   Core 127 'DSP48' <Latency = 3> <II = 1> <Delay = 0.53> <IPBlock> <Opcode : '' 'add' 'sub' 'mul' 'select'> <InPorts = 0> <OutPorts = 1> <Sync> <CReg>
ST_3 : Operation 144 [1/2] (0.66ns)   --->   "%p_ZN18predecoder_weightsL13LAYER0_WEIGHTE_9_load = load i4 %p_ZN18predecoder_weightsL13LAYER0_WEIGHTE_9_addr" [predecoder_kernel.cpp:102]   --->   Operation 144 'load' 'p_ZN18predecoder_weightsL13LAYER0_WEIGHTE_9_load' <Predicate = true> <Delay = 0.66> <CoreInst = "ROM">   --->   Core 101 'ROM' <Latency = 1> <II = 1> <Delay = 0.66> <Storage> <Opcode : 'load'> <Ports = 0> <Width = 8> <Depth = 12> <ROM>
ST_3 : Operation 145 [1/1] (0.00ns)   --->   "%p_ZN18predecoder_weightsL13LAYER0_WEIGHTE_10_addr = getelementptr i8 %p_ZN18predecoder_weightsL13LAYER0_WEIGHTE_10, i64 0, i64 %zext_ln69_1" [predecoder_kernel.cpp:102]   --->   Operation 145 'getelementptr' 'p_ZN18predecoder_weightsL13LAYER0_WEIGHTE_10_addr' <Predicate = true> <Delay = 0.00>
ST_3 : Operation 146 [2/2] (0.66ns)   --->   "%p_ZN18predecoder_weightsL13LAYER0_WEIGHTE_10_load = load i4 %p_ZN18predecoder_weightsL13LAYER0_WEIGHTE_10_addr" [predecoder_kernel.cpp:102]   --->   Operation 146 'load' 'p_ZN18predecoder_weightsL13LAYER0_WEIGHTE_10_load' <Predicate = true> <Delay = 0.66> <CoreInst = "ROM">   --->   Core 101 'ROM' <Latency = 1> <II = 1> <Delay = 0.66> <Storage> <Opcode : 'load'> <Ports = 0> <Width = 8> <Depth = 12> <ROM>
ST_3 : Operation 147 [1/2] (0.66ns)   --->   "%p_ZN18predecoder_weightsL13LAYER0_WEIGHTE_11_load = load i4 %p_ZN18predecoder_weightsL13LAYER0_WEIGHTE_11_addr" [predecoder_kernel.cpp:102]   --->   Operation 147 'load' 'p_ZN18predecoder_weightsL13LAYER0_WEIGHTE_11_load' <Predicate = true> <Delay = 0.66> <CoreInst = "ROM">   --->   Core 101 'ROM' <Latency = 1> <II = 1> <Delay = 0.66> <Storage> <Opcode : 'load'> <Ports = 0> <Width = 8> <Depth = 12> <ROM>
ST_3 : Operation 148 [1/1] (0.00ns)   --->   "%sext_ln102_22 = sext i8 %p_ZN18predecoder_weightsL13LAYER0_WEIGHTE_11_load" [predecoder_kernel.cpp:102]   --->   Operation 148 'sext' 'sext_ln102_22' <Predicate = true> <Delay = 0.00>
ST_3 : Operation 149 [3/3] (0.99ns) (grouped into DSP with root node add_ln112_9)   --->   "%partial_11 = mul i16 %sext_ln102_22, i16 %window_2_0_load_3_cast_cast" [predecoder_kernel.cpp:102]   --->   Operation 149 'mul' 'partial_11' <Predicate = true> <Delay = 0.99> <CoreInst = "DSP48">   --->   Core 127 'DSP48' <Latency = 3> <II = 1> <Delay = 0.53> <IPBlock> <Opcode : '' 'add' 'sub' 'mul' 'select'> <InPorts = 0> <OutPorts = 1> <Sync> <CReg>
ST_3 : Operation 150 [1/1] (0.00ns)   --->   "%p_ZN18predecoder_weightsL13LAYER0_WEIGHTE_12_addr = getelementptr i8 %p_ZN18predecoder_weightsL13LAYER0_WEIGHTE_12, i64 0, i64 %zext_ln69_1" [predecoder_kernel.cpp:102]   --->   Operation 150 'getelementptr' 'p_ZN18predecoder_weightsL13LAYER0_WEIGHTE_12_addr' <Predicate = true> <Delay = 0.00>
ST_3 : Operation 151 [2/2] (0.66ns)   --->   "%p_ZN18predecoder_weightsL13LAYER0_WEIGHTE_12_load = load i4 %p_ZN18predecoder_weightsL13LAYER0_WEIGHTE_12_addr" [predecoder_kernel.cpp:102]   --->   Operation 151 'load' 'p_ZN18predecoder_weightsL13LAYER0_WEIGHTE_12_load' <Predicate = true> <Delay = 0.66> <CoreInst = "ROM">   --->   Core 101 'ROM' <Latency = 1> <II = 1> <Delay = 0.66> <Storage> <Opcode : 'load'> <Ports = 0> <Width = 8> <Depth = 12> <ROM>
ST_3 : Operation 152 [1/1] (0.00ns)   --->   "%p_ZN18predecoder_weightsL13LAYER0_WEIGHTE_13_addr = getelementptr i8 %p_ZN18predecoder_weightsL13LAYER0_WEIGHTE_13, i64 0, i64 %zext_ln69_1" [predecoder_kernel.cpp:102]   --->   Operation 152 'getelementptr' 'p_ZN18predecoder_weightsL13LAYER0_WEIGHTE_13_addr' <Predicate = true> <Delay = 0.00>
ST_3 : Operation 153 [2/2] (0.66ns)   --->   "%p_ZN18predecoder_weightsL13LAYER0_WEIGHTE_13_load = load i4 %p_ZN18predecoder_weightsL13LAYER0_WEIGHTE_13_addr" [predecoder_kernel.cpp:102]   --->   Operation 153 'load' 'p_ZN18predecoder_weightsL13LAYER0_WEIGHTE_13_load' <Predicate = true> <Delay = 0.66> <CoreInst = "ROM">   --->   Core 101 'ROM' <Latency = 1> <II = 1> <Delay = 0.66> <Storage> <Opcode : 'load'> <Ports = 0> <Width = 8> <Depth = 12> <ROM>
ST_3 : Operation 154 [1/2] (0.66ns)   --->   "%p_ZN18predecoder_weightsL13LAYER0_WEIGHTE_14_load = load i4 %p_ZN18predecoder_weightsL13LAYER0_WEIGHTE_14_addr" [predecoder_kernel.cpp:102]   --->   Operation 154 'load' 'p_ZN18predecoder_weightsL13LAYER0_WEIGHTE_14_load' <Predicate = true> <Delay = 0.66> <CoreInst = "ROM">   --->   Core 101 'ROM' <Latency = 1> <II = 1> <Delay = 0.66> <Storage> <Opcode : 'load'> <Ports = 0> <Width = 8> <Depth = 12> <ROM>
ST_3 : Operation 155 [1/1] (0.00ns)   --->   "%sext_ln102_28 = sext i8 %p_ZN18predecoder_weightsL13LAYER0_WEIGHTE_14_load" [predecoder_kernel.cpp:102]   --->   Operation 155 'sext' 'sext_ln102_28' <Predicate = true> <Delay = 0.00>
ST_3 : Operation 156 [3/3] (0.99ns) (grouped into DSP with root node add_ln112_11)   --->   "%partial_14 = mul i16 %sext_ln102_28, i16 %window_2_0_load_4_cast_cast" [predecoder_kernel.cpp:102]   --->   Operation 156 'mul' 'partial_14' <Predicate = true> <Delay = 0.99> <CoreInst = "DSP48">   --->   Core 127 'DSP48' <Latency = 3> <II = 1> <Delay = 0.53> <IPBlock> <Opcode : '' 'add' 'sub' 'mul' 'select'> <InPorts = 0> <OutPorts = 1> <Sync> <CReg>
ST_3 : Operation 157 [1/2] (0.66ns)   --->   "%p_ZN18predecoder_weightsL13LAYER0_WEIGHTE_15_load = load i4 %p_ZN18predecoder_weightsL13LAYER0_WEIGHTE_15_addr" [predecoder_kernel.cpp:102]   --->   Operation 157 'load' 'p_ZN18predecoder_weightsL13LAYER0_WEIGHTE_15_load' <Predicate = true> <Delay = 0.66> <CoreInst = "ROM">   --->   Core 101 'ROM' <Latency = 1> <II = 1> <Delay = 0.66> <Storage> <Opcode : 'load'> <Ports = 0> <Width = 8> <Depth = 12> <ROM>
ST_3 : Operation 158 [1/1] (0.00ns)   --->   "%sext_ln102_30 = sext i8 %p_ZN18predecoder_weightsL13LAYER0_WEIGHTE_15_load" [predecoder_kernel.cpp:102]   --->   Operation 158 'sext' 'sext_ln102_30' <Predicate = true> <Delay = 0.00>
ST_3 : Operation 159 [3/3] (0.99ns) (grouped into DSP with root node add_ln112_15)   --->   "%partial_15 = mul i16 %sext_ln102_30, i16 %window_0_load_5_cast_cast" [predecoder_kernel.cpp:102]   --->   Operation 159 'mul' 'partial_15' <Predicate = true> <Delay = 0.99> <CoreInst = "DSP48">   --->   Core 127 'DSP48' <Latency = 3> <II = 1> <Delay = 0.53> <IPBlock> <Opcode : '' 'add' 'sub' 'mul' 'select'> <InPorts = 0> <OutPorts = 1> <Sync> <CReg>
ST_3 : Operation 160 [1/2] (0.66ns)   --->   "%p_ZN18predecoder_weightsL13LAYER0_WEIGHTE_16_load = load i4 %p_ZN18predecoder_weightsL13LAYER0_WEIGHTE_16_addr" [predecoder_kernel.cpp:102]   --->   Operation 160 'load' 'p_ZN18predecoder_weightsL13LAYER0_WEIGHTE_16_load' <Predicate = true> <Delay = 0.66> <CoreInst = "ROM">   --->   Core 101 'ROM' <Latency = 1> <II = 1> <Delay = 0.66> <Storage> <Opcode : 'load'> <Ports = 0> <Width = 8> <Depth = 12> <ROM>
ST_3 : Operation 161 [2/3] (0.99ns) (grouped into DSP with root node add_ln112_14)   --->   "%partial_17 = mul i16 %sext_ln102_34, i16 %window_2_0_load_5_cast_cast" [predecoder_kernel.cpp:102]   --->   Operation 161 'mul' 'partial_17' <Predicate = true> <Delay = 0.99> <CoreInst = "DSP48">   --->   Core 127 'DSP48' <Latency = 3> <II = 1> <Delay = 0.53> <IPBlock> <Opcode : '' 'add' 'sub' 'mul' 'select'> <InPorts = 0> <OutPorts = 1> <Sync> <CReg>
ST_3 : Operation 162 [1/2] (0.66ns)   --->   "%p_ZN18predecoder_weightsL13LAYER0_WEIGHTE_18_load = load i4 %p_ZN18predecoder_weightsL13LAYER0_WEIGHTE_18_addr" [predecoder_kernel.cpp:102]   --->   Operation 162 'load' 'p_ZN18predecoder_weightsL13LAYER0_WEIGHTE_18_load' <Predicate = true> <Delay = 0.66> <CoreInst = "ROM">   --->   Core 101 'ROM' <Latency = 1> <II = 1> <Delay = 0.66> <Storage> <Opcode : 'load'> <Ports = 0> <Width = 8> <Depth = 12> <ROM>
ST_3 : Operation 163 [1/1] (0.00ns)   --->   "%sext_ln102_36 = sext i8 %p_ZN18predecoder_weightsL13LAYER0_WEIGHTE_18_load" [predecoder_kernel.cpp:102]   --->   Operation 163 'sext' 'sext_ln102_36' <Predicate = true> <Delay = 0.00>
ST_3 : Operation 164 [3/3] (0.99ns) (grouped into DSP with root node add_ln112_17)   --->   "%partial_18 = mul i16 %sext_ln102_36, i16 %window_0_load_6_cast_cast" [predecoder_kernel.cpp:102]   --->   Operation 164 'mul' 'partial_18' <Predicate = true> <Delay = 0.99> <CoreInst = "DSP48">   --->   Core 127 'DSP48' <Latency = 3> <II = 1> <Delay = 0.53> <IPBlock> <Opcode : '' 'add' 'sub' 'mul' 'select'> <InPorts = 0> <OutPorts = 1> <Sync> <CReg>
ST_3 : Operation 165 [1/2] (0.66ns)   --->   "%p_ZN18predecoder_weightsL13LAYER0_WEIGHTE_19_load = load i4 %p_ZN18predecoder_weightsL13LAYER0_WEIGHTE_19_addr" [predecoder_kernel.cpp:102]   --->   Operation 165 'load' 'p_ZN18predecoder_weightsL13LAYER0_WEIGHTE_19_load' <Predicate = true> <Delay = 0.66> <CoreInst = "ROM">   --->   Core 101 'ROM' <Latency = 1> <II = 1> <Delay = 0.66> <Storage> <Opcode : 'load'> <Ports = 0> <Width = 8> <Depth = 12> <ROM>
ST_3 : Operation 166 [2/3] (0.99ns) (grouped into DSP with root node add_ln112_16)   --->   "%partial_20 = mul i15 %window_2_0_load_6_cast_cast, i15 %sext_ln102_40" [predecoder_kernel.cpp:102]   --->   Operation 166 'mul' 'partial_20' <Predicate = true> <Delay = 0.99> <CoreInst = "DSP48">   --->   Core 127 'DSP48' <Latency = 3> <II = 1> <Delay = 0.53> <IPBlock> <Opcode : '' 'add' 'sub' 'mul' 'select'> <InPorts = 0> <OutPorts = 1> <Sync> <CReg>
ST_3 : Operation 167 [1/1] (0.00ns)   --->   "%p_ZN18predecoder_weightsL13LAYER0_WEIGHTE_25_addr = getelementptr i7 %p_ZN18predecoder_weightsL13LAYER0_WEIGHTE_25, i64 0, i64 %zext_ln69_1" [predecoder_kernel.cpp:102]   --->   Operation 167 'getelementptr' 'p_ZN18predecoder_weightsL13LAYER0_WEIGHTE_25_addr' <Predicate = true> <Delay = 0.00>
ST_3 : Operation 168 [2/2] (0.66ns)   --->   "%p_ZN18predecoder_weightsL13LAYER0_WEIGHTE_25_load = load i4 %p_ZN18predecoder_weightsL13LAYER0_WEIGHTE_25_addr" [predecoder_kernel.cpp:102]   --->   Operation 168 'load' 'p_ZN18predecoder_weightsL13LAYER0_WEIGHTE_25_load' <Predicate = true> <Delay = 0.66> <CoreInst = "ROM">   --->   Core 101 'ROM' <Latency = 1> <II = 1> <Delay = 0.66> <Storage> <Opcode : 'load'> <Ports = 0> <Width = 7> <Depth = 12> <ROM>
ST_3 : Operation 169 [1/1] (0.00ns)   --->   "%p_ZN18predecoder_weightsL13LAYER0_WEIGHTE_26_addr = getelementptr i7 %p_ZN18predecoder_weightsL13LAYER0_WEIGHTE_26, i64 0, i64 %zext_ln69_1" [predecoder_kernel.cpp:102]   --->   Operation 169 'getelementptr' 'p_ZN18predecoder_weightsL13LAYER0_WEIGHTE_26_addr' <Predicate = true> <Delay = 0.00>
ST_3 : Operation 170 [2/2] (0.66ns)   --->   "%p_ZN18predecoder_weightsL13LAYER0_WEIGHTE_26_load = load i4 %p_ZN18predecoder_weightsL13LAYER0_WEIGHTE_26_addr" [predecoder_kernel.cpp:102]   --->   Operation 170 'load' 'p_ZN18predecoder_weightsL13LAYER0_WEIGHTE_26_load' <Predicate = true> <Delay = 0.66> <CoreInst = "ROM">   --->   Core 101 'ROM' <Latency = 1> <II = 1> <Delay = 0.66> <Storage> <Opcode : 'load'> <Ports = 0> <Width = 7> <Depth = 12> <ROM>

State 4 <SV = 3> <Delay = 2.19>
ST_4 : Operation 171 [1/1] (0.00ns)   --->   "%sext_ln102 = sext i8 %p_ZN18predecoder_weightsL13LAYER0_WEIGHTE_0_load" [predecoder_kernel.cpp:102]   --->   Operation 171 'sext' 'sext_ln102' <Predicate = true> <Delay = 0.00>
ST_4 : Operation 172 [1/1] (1.55ns)   --->   "%partial = mul i16 %sext_ln102, i16 %window_0_load_cast_cast" [predecoder_kernel.cpp:102]   --->   Operation 172 'mul' 'partial' <Predicate = true> <Delay = 1.55> <CoreInst = "Multiplier">   --->   Core 3 'Multiplier' <Latency = 0> <II = 1> <Delay = 1.55> <FuncUnit> <Opcode : 'mul'> <InPorts = 2> <OutPorts = 1>
ST_4 : Operation 173 [1/1] (0.00ns)   --->   "%sext_ln102_1 = sext i16 %partial" [predecoder_kernel.cpp:102]   --->   Operation 173 'sext' 'sext_ln102_1' <Predicate = true> <Delay = 0.00>
ST_4 : Operation 174 [2/3] (0.99ns) (grouped into DSP with root node add_ln112_1)   --->   "%partial_1 = mul i16 %sext_ln102_2, i16 %window_1_0_load_cast_cast" [predecoder_kernel.cpp:102]   --->   Operation 174 'mul' 'partial_1' <Predicate = true> <Delay = 0.99> <CoreInst = "DSP48">   --->   Core 127 'DSP48' <Latency = 3> <II = 1> <Delay = 0.53> <IPBlock> <Opcode : '' 'add' 'sub' 'mul' 'select'> <InPorts = 0> <OutPorts = 1> <Sync> <CReg>
ST_4 : Operation 175 [1/3] (0.00ns) (grouped into DSP with root node add_ln112)   --->   "%partial_2 = mul i16 %sext_ln102_4, i16 %window_2_0_load_cast_cast" [predecoder_kernel.cpp:102]   --->   Operation 175 'mul' 'partial_2' <Predicate = true> <Delay = 0.00> <CoreInst = "DSP48">   --->   Core 127 'DSP48' <Latency = 3> <II = 1> <Delay = 0.53> <IPBlock> <Opcode : '' 'add' 'sub' 'mul' 'select'> <InPorts = 0> <OutPorts = 1> <Sync> <CReg>
ST_4 : Operation 176 [1/1] (0.00ns) (grouped into DSP with root node add_ln112)   --->   "%sext_ln102_5 = sext i16 %partial_2" [predecoder_kernel.cpp:102]   --->   Operation 176 'sext' 'sext_ln102_5' <Predicate = true> <Delay = 0.00>
ST_4 : Operation 177 [2/3] (0.99ns) (grouped into DSP with root node add_ln112_2)   --->   "%partial_3 = mul i15 %window_0_load_1_cast_cast, i15 %sext_ln102_6" [predecoder_kernel.cpp:102]   --->   Operation 177 'mul' 'partial_3' <Predicate = true> <Delay = 0.99> <CoreInst = "DSP48">   --->   Core 127 'DSP48' <Latency = 3> <II = 1> <Delay = 0.53> <IPBlock> <Opcode : '' 'add' 'sub' 'mul' 'select'> <InPorts = 0> <OutPorts = 1> <Sync> <CReg>
ST_4 : Operation 178 [1/2] (0.66ns)   --->   "%p_ZN18predecoder_weightsL13LAYER0_WEIGHTE_4_load = load i4 %p_ZN18predecoder_weightsL13LAYER0_WEIGHTE_4_addr" [predecoder_kernel.cpp:102]   --->   Operation 178 'load' 'p_ZN18predecoder_weightsL13LAYER0_WEIGHTE_4_load' <Predicate = true> <Delay = 0.66> <CoreInst = "ROM">   --->   Core 101 'ROM' <Latency = 1> <II = 1> <Delay = 0.66> <Storage> <Opcode : 'load'> <Ports = 0> <Width = 8> <Depth = 12> <ROM>
ST_4 : Operation 179 [1/2] (0.66ns)   --->   "%p_ZN18predecoder_weightsL13LAYER0_WEIGHTE_5_load = load i4 %p_ZN18predecoder_weightsL13LAYER0_WEIGHTE_5_addr" [predecoder_kernel.cpp:102]   --->   Operation 179 'load' 'p_ZN18predecoder_weightsL13LAYER0_WEIGHTE_5_load' <Predicate = true> <Delay = 0.66> <CoreInst = "ROM">   --->   Core 101 'ROM' <Latency = 1> <II = 1> <Delay = 0.66> <Storage> <Opcode : 'load'> <Ports = 0> <Width = 8> <Depth = 12> <ROM>
ST_4 : Operation 180 [1/3] (0.00ns) (grouped into DSP with root node add_ln112_6)   --->   "%partial_6 = mul i14 %window_0_load_2_cast_cast, i14 %sext_ln102_12" [predecoder_kernel.cpp:102]   --->   Operation 180 'mul' 'partial_6' <Predicate = true> <Delay = 0.00> <CoreInst = "DSP48">   --->   Core 127 'DSP48' <Latency = 3> <II = 1> <Delay = 0.53> <IPBlock> <Opcode : '' 'add' 'sub' 'mul' 'select'> <InPorts = 0> <OutPorts = 1> <Sync> <CReg>
ST_4 : Operation 181 [1/1] (0.00ns) (grouped into DSP with root node add_ln112_6)   --->   "%sext_ln102_13 = sext i14 %partial_6" [predecoder_kernel.cpp:102]   --->   Operation 181 'sext' 'sext_ln102_13' <Predicate = true> <Delay = 0.00>
ST_4 : Operation 182 [2/3] (0.99ns) (grouped into DSP with root node add_ln112_4)   --->   "%partial_7 = mul i16 %sext_ln102_14, i16 %window_1_0_load_2_cast_cast" [predecoder_kernel.cpp:102]   --->   Operation 182 'mul' 'partial_7' <Predicate = true> <Delay = 0.99> <CoreInst = "DSP48">   --->   Core 127 'DSP48' <Latency = 3> <II = 1> <Delay = 0.53> <IPBlock> <Opcode : '' 'add' 'sub' 'mul' 'select'> <InPorts = 0> <OutPorts = 1> <Sync> <CReg>
ST_4 : Operation 183 [2/3] (0.99ns) (grouped into DSP with root node add_ln112_7)   --->   "%partial_8 = mul i16 %sext_ln102_16, i16 %window_2_0_load_2_cast_cast" [predecoder_kernel.cpp:102]   --->   Operation 183 'mul' 'partial_8' <Predicate = true> <Delay = 0.99> <CoreInst = "DSP48">   --->   Core 127 'DSP48' <Latency = 3> <II = 1> <Delay = 0.53> <IPBlock> <Opcode : '' 'add' 'sub' 'mul' 'select'> <InPorts = 0> <OutPorts = 1> <Sync> <CReg>
ST_4 : Operation 184 [1/1] (0.00ns)   --->   "%sext_ln102_18 = sext i8 %p_ZN18predecoder_weightsL13LAYER0_WEIGHTE_9_load" [predecoder_kernel.cpp:102]   --->   Operation 184 'sext' 'sext_ln102_18' <Predicate = true> <Delay = 0.00>
ST_4 : Operation 185 [1/1] (1.55ns)   --->   "%partial_9 = mul i16 %sext_ln102_18, i16 %window_0_load_3_cast_cast" [predecoder_kernel.cpp:102]   --->   Operation 185 'mul' 'partial_9' <Predicate = true> <Delay = 1.55> <CoreInst = "Multiplier">   --->   Core 3 'Multiplier' <Latency = 0> <II = 1> <Delay = 1.55> <FuncUnit> <Opcode : 'mul'> <InPorts = 2> <OutPorts = 1>
ST_4 : Operation 186 [1/1] (0.00ns)   --->   "%sext_ln102_19 = sext i16 %partial_9" [predecoder_kernel.cpp:102]   --->   Operation 186 'sext' 'sext_ln102_19' <Predicate = true> <Delay = 0.00>
ST_4 : Operation 187 [1/2] (0.66ns)   --->   "%p_ZN18predecoder_weightsL13LAYER0_WEIGHTE_10_load = load i4 %p_ZN18predecoder_weightsL13LAYER0_WEIGHTE_10_addr" [predecoder_kernel.cpp:102]   --->   Operation 187 'load' 'p_ZN18predecoder_weightsL13LAYER0_WEIGHTE_10_load' <Predicate = true> <Delay = 0.66> <CoreInst = "ROM">   --->   Core 101 'ROM' <Latency = 1> <II = 1> <Delay = 0.66> <Storage> <Opcode : 'load'> <Ports = 0> <Width = 8> <Depth = 12> <ROM>
ST_4 : Operation 188 [2/3] (0.99ns) (grouped into DSP with root node add_ln112_9)   --->   "%partial_11 = mul i16 %sext_ln102_22, i16 %window_2_0_load_3_cast_cast" [predecoder_kernel.cpp:102]   --->   Operation 188 'mul' 'partial_11' <Predicate = true> <Delay = 0.99> <CoreInst = "DSP48">   --->   Core 127 'DSP48' <Latency = 3> <II = 1> <Delay = 0.53> <IPBlock> <Opcode : '' 'add' 'sub' 'mul' 'select'> <InPorts = 0> <OutPorts = 1> <Sync> <CReg>
ST_4 : Operation 189 [1/2] (0.66ns)   --->   "%p_ZN18predecoder_weightsL13LAYER0_WEIGHTE_12_load = load i4 %p_ZN18predecoder_weightsL13LAYER0_WEIGHTE_12_addr" [predecoder_kernel.cpp:102]   --->   Operation 189 'load' 'p_ZN18predecoder_weightsL13LAYER0_WEIGHTE_12_load' <Predicate = true> <Delay = 0.66> <CoreInst = "ROM">   --->   Core 101 'ROM' <Latency = 1> <II = 1> <Delay = 0.66> <Storage> <Opcode : 'load'> <Ports = 0> <Width = 8> <Depth = 12> <ROM>
ST_4 : Operation 190 [1/1] (0.00ns)   --->   "%sext_ln102_24 = sext i8 %p_ZN18predecoder_weightsL13LAYER0_WEIGHTE_12_load" [predecoder_kernel.cpp:102]   --->   Operation 190 'sext' 'sext_ln102_24' <Predicate = true> <Delay = 0.00>
ST_4 : Operation 191 [3/3] (0.99ns) (grouped into DSP with root node add_ln112_12)   --->   "%partial_12 = mul i16 %sext_ln102_24, i16 %window_0_load_4_cast_cast" [predecoder_kernel.cpp:102]   --->   Operation 191 'mul' 'partial_12' <Predicate = true> <Delay = 0.99> <CoreInst = "DSP48">   --->   Core 127 'DSP48' <Latency = 3> <II = 1> <Delay = 0.53> <IPBlock> <Opcode : '' 'add' 'sub' 'mul' 'select'> <InPorts = 0> <OutPorts = 1> <Sync> <CReg>
ST_4 : Operation 192 [1/2] (0.66ns)   --->   "%p_ZN18predecoder_weightsL13LAYER0_WEIGHTE_13_load = load i4 %p_ZN18predecoder_weightsL13LAYER0_WEIGHTE_13_addr" [predecoder_kernel.cpp:102]   --->   Operation 192 'load' 'p_ZN18predecoder_weightsL13LAYER0_WEIGHTE_13_load' <Predicate = true> <Delay = 0.66> <CoreInst = "ROM">   --->   Core 101 'ROM' <Latency = 1> <II = 1> <Delay = 0.66> <Storage> <Opcode : 'load'> <Ports = 0> <Width = 8> <Depth = 12> <ROM>
ST_4 : Operation 193 [2/3] (0.99ns) (grouped into DSP with root node add_ln112_11)   --->   "%partial_14 = mul i16 %sext_ln102_28, i16 %window_2_0_load_4_cast_cast" [predecoder_kernel.cpp:102]   --->   Operation 193 'mul' 'partial_14' <Predicate = true> <Delay = 0.99> <CoreInst = "DSP48">   --->   Core 127 'DSP48' <Latency = 3> <II = 1> <Delay = 0.53> <IPBlock> <Opcode : '' 'add' 'sub' 'mul' 'select'> <InPorts = 0> <OutPorts = 1> <Sync> <CReg>
ST_4 : Operation 194 [2/3] (0.99ns) (grouped into DSP with root node add_ln112_15)   --->   "%partial_15 = mul i16 %sext_ln102_30, i16 %window_0_load_5_cast_cast" [predecoder_kernel.cpp:102]   --->   Operation 194 'mul' 'partial_15' <Predicate = true> <Delay = 0.99> <CoreInst = "DSP48">   --->   Core 127 'DSP48' <Latency = 3> <II = 1> <Delay = 0.53> <IPBlock> <Opcode : '' 'add' 'sub' 'mul' 'select'> <InPorts = 0> <OutPorts = 1> <Sync> <CReg>
ST_4 : Operation 195 [1/1] (0.00ns)   --->   "%sext_ln102_32 = sext i8 %p_ZN18predecoder_weightsL13LAYER0_WEIGHTE_16_load" [predecoder_kernel.cpp:102]   --->   Operation 195 'sext' 'sext_ln102_32' <Predicate = true> <Delay = 0.00>
ST_4 : Operation 196 [1/1] (1.55ns)   --->   "%partial_16 = mul i16 %sext_ln102_32, i16 %window_1_0_load_5_cast_cast" [predecoder_kernel.cpp:102]   --->   Operation 196 'mul' 'partial_16' <Predicate = true> <Delay = 1.55> <CoreInst = "Multiplier">   --->   Core 3 'Multiplier' <Latency = 0> <II = 1> <Delay = 1.55> <FuncUnit> <Opcode : 'mul'> <InPorts = 2> <OutPorts = 1>
ST_4 : Operation 197 [1/1] (0.00ns)   --->   "%sext_ln102_33 = sext i16 %partial_16" [predecoder_kernel.cpp:102]   --->   Operation 197 'sext' 'sext_ln102_33' <Predicate = true> <Delay = 0.00>
ST_4 : Operation 198 [1/3] (0.00ns) (grouped into DSP with root node add_ln112_14)   --->   "%partial_17 = mul i16 %sext_ln102_34, i16 %window_2_0_load_5_cast_cast" [predecoder_kernel.cpp:102]   --->   Operation 198 'mul' 'partial_17' <Predicate = true> <Delay = 0.00> <CoreInst = "DSP48">   --->   Core 127 'DSP48' <Latency = 3> <II = 1> <Delay = 0.53> <IPBlock> <Opcode : '' 'add' 'sub' 'mul' 'select'> <InPorts = 0> <OutPorts = 1> <Sync> <CReg>
ST_4 : Operation 199 [1/1] (0.00ns) (grouped into DSP with root node add_ln112_14)   --->   "%sext_ln102_35 = sext i16 %partial_17" [predecoder_kernel.cpp:102]   --->   Operation 199 'sext' 'sext_ln102_35' <Predicate = true> <Delay = 0.00>
ST_4 : Operation 200 [2/3] (0.99ns) (grouped into DSP with root node add_ln112_17)   --->   "%partial_18 = mul i16 %sext_ln102_36, i16 %window_0_load_6_cast_cast" [predecoder_kernel.cpp:102]   --->   Operation 200 'mul' 'partial_18' <Predicate = true> <Delay = 0.99> <CoreInst = "DSP48">   --->   Core 127 'DSP48' <Latency = 3> <II = 1> <Delay = 0.53> <IPBlock> <Opcode : '' 'add' 'sub' 'mul' 'select'> <InPorts = 0> <OutPorts = 1> <Sync> <CReg>
ST_4 : Operation 201 [1/1] (0.00ns)   --->   "%sext_ln102_38 = sext i8 %p_ZN18predecoder_weightsL13LAYER0_WEIGHTE_19_load" [predecoder_kernel.cpp:102]   --->   Operation 201 'sext' 'sext_ln102_38' <Predicate = true> <Delay = 0.00>
ST_4 : Operation 202 [1/1] (1.55ns)   --->   "%partial_19 = mul i16 %sext_ln102_38, i16 %window_1_0_load_6_cast_cast" [predecoder_kernel.cpp:102]   --->   Operation 202 'mul' 'partial_19' <Predicate = true> <Delay = 1.55> <CoreInst = "Multiplier">   --->   Core 3 'Multiplier' <Latency = 0> <II = 1> <Delay = 1.55> <FuncUnit> <Opcode : 'mul'> <InPorts = 2> <OutPorts = 1>
ST_4 : Operation 203 [1/1] (0.00ns)   --->   "%sext_ln102_39 = sext i16 %partial_19" [predecoder_kernel.cpp:102]   --->   Operation 203 'sext' 'sext_ln102_39' <Predicate = true> <Delay = 0.00>
ST_4 : Operation 204 [1/3] (0.00ns) (grouped into DSP with root node add_ln112_16)   --->   "%partial_20 = mul i15 %window_2_0_load_6_cast_cast, i15 %sext_ln102_40" [predecoder_kernel.cpp:102]   --->   Operation 204 'mul' 'partial_20' <Predicate = true> <Delay = 0.00> <CoreInst = "DSP48">   --->   Core 127 'DSP48' <Latency = 3> <II = 1> <Delay = 0.53> <IPBlock> <Opcode : '' 'add' 'sub' 'mul' 'select'> <InPorts = 0> <OutPorts = 1> <Sync> <CReg>
ST_4 : Operation 205 [1/1] (0.00ns) (grouped into DSP with root node add_ln112_16)   --->   "%sext_ln102_41 = sext i15 %partial_20" [predecoder_kernel.cpp:102]   --->   Operation 205 'sext' 'sext_ln102_41' <Predicate = true> <Delay = 0.00>
ST_4 : Operation 206 [1/1] (0.00ns)   --->   "%p_ZN18predecoder_weightsL13LAYER0_WEIGHTE_21_addr = getelementptr i8 %p_ZN18predecoder_weightsL13LAYER0_WEIGHTE_21, i64 0, i64 %zext_ln69_1" [predecoder_kernel.cpp:102]   --->   Operation 206 'getelementptr' 'p_ZN18predecoder_weightsL13LAYER0_WEIGHTE_21_addr' <Predicate = true> <Delay = 0.00>
ST_4 : Operation 207 [2/2] (0.66ns)   --->   "%p_ZN18predecoder_weightsL13LAYER0_WEIGHTE_21_load = load i4 %p_ZN18predecoder_weightsL13LAYER0_WEIGHTE_21_addr" [predecoder_kernel.cpp:102]   --->   Operation 207 'load' 'p_ZN18predecoder_weightsL13LAYER0_WEIGHTE_21_load' <Predicate = true> <Delay = 0.66> <CoreInst = "ROM">   --->   Core 101 'ROM' <Latency = 1> <II = 1> <Delay = 0.66> <Storage> <Opcode : 'load'> <Ports = 0> <Width = 8> <Depth = 12> <ROM>
ST_4 : Operation 208 [1/1] (0.00ns)   --->   "%p_ZN18predecoder_weightsL13LAYER0_WEIGHTE_22_addr = getelementptr i8 %p_ZN18predecoder_weightsL13LAYER0_WEIGHTE_22, i64 0, i64 %zext_ln69_1" [predecoder_kernel.cpp:102]   --->   Operation 208 'getelementptr' 'p_ZN18predecoder_weightsL13LAYER0_WEIGHTE_22_addr' <Predicate = true> <Delay = 0.00>
ST_4 : Operation 209 [2/2] (0.66ns)   --->   "%p_ZN18predecoder_weightsL13LAYER0_WEIGHTE_22_load = load i4 %p_ZN18predecoder_weightsL13LAYER0_WEIGHTE_22_addr" [predecoder_kernel.cpp:102]   --->   Operation 209 'load' 'p_ZN18predecoder_weightsL13LAYER0_WEIGHTE_22_load' <Predicate = true> <Delay = 0.66> <CoreInst = "ROM">   --->   Core 101 'ROM' <Latency = 1> <II = 1> <Delay = 0.66> <Storage> <Opcode : 'load'> <Ports = 0> <Width = 8> <Depth = 12> <ROM>
ST_4 : Operation 210 [1/1] (0.00ns)   --->   "%p_ZN18predecoder_weightsL13LAYER0_WEIGHTE_24_addr = getelementptr i8 %p_ZN18predecoder_weightsL13LAYER0_WEIGHTE_24, i64 0, i64 %zext_ln69_1" [predecoder_kernel.cpp:102]   --->   Operation 210 'getelementptr' 'p_ZN18predecoder_weightsL13LAYER0_WEIGHTE_24_addr' <Predicate = true> <Delay = 0.00>
ST_4 : Operation 211 [2/2] (0.66ns)   --->   "%p_ZN18predecoder_weightsL13LAYER0_WEIGHTE_24_load = load i4 %p_ZN18predecoder_weightsL13LAYER0_WEIGHTE_24_addr" [predecoder_kernel.cpp:102]   --->   Operation 211 'load' 'p_ZN18predecoder_weightsL13LAYER0_WEIGHTE_24_load' <Predicate = true> <Delay = 0.66> <CoreInst = "ROM">   --->   Core 101 'ROM' <Latency = 1> <II = 1> <Delay = 0.66> <Storage> <Opcode : 'load'> <Ports = 0> <Width = 8> <Depth = 12> <ROM>
ST_4 : Operation 212 [1/2] (0.66ns)   --->   "%p_ZN18predecoder_weightsL13LAYER0_WEIGHTE_25_load = load i4 %p_ZN18predecoder_weightsL13LAYER0_WEIGHTE_25_addr" [predecoder_kernel.cpp:102]   --->   Operation 212 'load' 'p_ZN18predecoder_weightsL13LAYER0_WEIGHTE_25_load' <Predicate = true> <Delay = 0.66> <CoreInst = "ROM">   --->   Core 101 'ROM' <Latency = 1> <II = 1> <Delay = 0.66> <Storage> <Opcode : 'load'> <Ports = 0> <Width = 7> <Depth = 12> <ROM>
ST_4 : Operation 213 [1/1] (0.00ns)   --->   "%sext_ln102_50 = sext i7 %p_ZN18predecoder_weightsL13LAYER0_WEIGHTE_25_load" [predecoder_kernel.cpp:102]   --->   Operation 213 'sext' 'sext_ln102_50' <Predicate = true> <Delay = 0.00>
ST_4 : Operation 214 [3/3] (0.99ns) (grouped into DSP with root node add_ln112_23)   --->   "%partial_25 = mul i15 %window_1_0_load_8_cast_cast, i15 %sext_ln102_50" [predecoder_kernel.cpp:102]   --->   Operation 214 'mul' 'partial_25' <Predicate = true> <Delay = 0.99> <CoreInst = "DSP48">   --->   Core 127 'DSP48' <Latency = 3> <II = 1> <Delay = 0.53> <IPBlock> <Opcode : '' 'add' 'sub' 'mul' 'select'> <InPorts = 0> <OutPorts = 1> <Sync> <CReg>
ST_4 : Operation 215 [1/2] (0.66ns)   --->   "%p_ZN18predecoder_weightsL13LAYER0_WEIGHTE_26_load = load i4 %p_ZN18predecoder_weightsL13LAYER0_WEIGHTE_26_addr" [predecoder_kernel.cpp:102]   --->   Operation 215 'load' 'p_ZN18predecoder_weightsL13LAYER0_WEIGHTE_26_load' <Predicate = true> <Delay = 0.66> <CoreInst = "ROM">   --->   Core 101 'ROM' <Latency = 1> <II = 1> <Delay = 0.66> <Storage> <Opcode : 'load'> <Ports = 0> <Width = 7> <Depth = 12> <ROM>
ST_4 : Operation 216 [1/1] (0.00ns)   --->   "%sext_ln102_52 = sext i7 %p_ZN18predecoder_weightsL13LAYER0_WEIGHTE_26_load" [predecoder_kernel.cpp:102]   --->   Operation 216 'sext' 'sext_ln102_52' <Predicate = true> <Delay = 0.00>
ST_4 : Operation 217 [3/3] (0.99ns) (grouped into DSP with root node add_ln112_24)   --->   "%partial_26 = mul i15 %zext_ln69_cast, i15 %sext_ln102_52" [predecoder_kernel.cpp:102]   --->   Operation 217 'mul' 'partial_26' <Predicate = true> <Delay = 0.99> <CoreInst = "DSP48">   --->   Core 127 'DSP48' <Latency = 3> <II = 1> <Delay = 0.53> <IPBlock> <Opcode : '' 'add' 'sub' 'mul' 'select'> <InPorts = 0> <OutPorts = 1> <Sync> <CReg>
ST_4 : Operation 218 [2/2] (0.64ns) (root node of the DSP)   --->   "%add_ln112 = add i17 %sext_ln102_1, i17 %sext_ln102_5" [predecoder_kernel.cpp:112]   --->   Operation 218 'add' 'add_ln112' <Predicate = true> <Delay = 0.64> <CoreInst = "DSP48">   --->   Core 127 'DSP48' <Latency = 3> <II = 1> <Delay = 0.53> <IPBlock> <Opcode : '' 'add' 'sub' 'mul' 'select'> <InPorts = 0> <OutPorts = 1> <Sync> <CReg>
ST_4 : Operation 219 [2/2] (0.64ns) (root node of the DSP)   --->   "%add_ln112_6 = add i17 %sext_ln102_19, i17 %sext_ln102_13" [predecoder_kernel.cpp:112]   --->   Operation 219 'add' 'add_ln112_6' <Predicate = true> <Delay = 0.64> <CoreInst = "DSP48">   --->   Core 127 'DSP48' <Latency = 3> <II = 1> <Delay = 0.53> <IPBlock> <Opcode : '' 'add' 'sub' 'mul' 'select'> <InPorts = 0> <OutPorts = 1> <Sync> <CReg>
ST_4 : Operation 220 [2/2] (0.64ns) (root node of the DSP)   --->   "%add_ln112_14 = add i17 %sext_ln102_33, i17 %sext_ln102_35" [predecoder_kernel.cpp:112]   --->   Operation 220 'add' 'add_ln112_14' <Predicate = true> <Delay = 0.64> <CoreInst = "DSP48">   --->   Core 127 'DSP48' <Latency = 3> <II = 1> <Delay = 0.53> <IPBlock> <Opcode : '' 'add' 'sub' 'mul' 'select'> <InPorts = 0> <OutPorts = 1> <Sync> <CReg>
ST_4 : Operation 221 [2/2] (0.64ns) (root node of the DSP)   --->   "%add_ln112_16 = add i17 %sext_ln102_39, i17 %sext_ln102_41" [predecoder_kernel.cpp:112]   --->   Operation 221 'add' 'add_ln112_16' <Predicate = true> <Delay = 0.64> <CoreInst = "DSP48">   --->   Core 127 'DSP48' <Latency = 3> <II = 1> <Delay = 0.53> <IPBlock> <Opcode : '' 'add' 'sub' 'mul' 'select'> <InPorts = 0> <OutPorts = 1> <Sync> <CReg>

State 5 <SV = 4> <Delay = 2.19>
ST_5 : Operation 222 [1/3] (0.00ns) (grouped into DSP with root node add_ln112_1)   --->   "%partial_1 = mul i16 %sext_ln102_2, i16 %window_1_0_load_cast_cast" [predecoder_kernel.cpp:102]   --->   Operation 222 'mul' 'partial_1' <Predicate = true> <Delay = 0.00> <CoreInst = "DSP48">   --->   Core 127 'DSP48' <Latency = 3> <II = 1> <Delay = 0.53> <IPBlock> <Opcode : '' 'add' 'sub' 'mul' 'select'> <InPorts = 0> <OutPorts = 1> <Sync> <CReg>
ST_5 : Operation 223 [1/1] (0.00ns) (grouped into DSP with root node add_ln112_1)   --->   "%sext_ln102_3 = sext i16 %partial_1" [predecoder_kernel.cpp:102]   --->   Operation 223 'sext' 'sext_ln102_3' <Predicate = true> <Delay = 0.00>
ST_5 : Operation 224 [1/3] (0.00ns) (grouped into DSP with root node add_ln112_2)   --->   "%partial_3 = mul i15 %window_0_load_1_cast_cast, i15 %sext_ln102_6" [predecoder_kernel.cpp:102]   --->   Operation 224 'mul' 'partial_3' <Predicate = true> <Delay = 0.00> <CoreInst = "DSP48">   --->   Core 127 'DSP48' <Latency = 3> <II = 1> <Delay = 0.53> <IPBlock> <Opcode : '' 'add' 'sub' 'mul' 'select'> <InPorts = 0> <OutPorts = 1> <Sync> <CReg>
ST_5 : Operation 225 [1/1] (0.00ns) (grouped into DSP with root node add_ln112_2)   --->   "%sext_ln102_7 = sext i15 %partial_3" [predecoder_kernel.cpp:102]   --->   Operation 225 'sext' 'sext_ln102_7' <Predicate = true> <Delay = 0.00>
ST_5 : Operation 226 [1/1] (0.00ns)   --->   "%sext_ln102_8 = sext i8 %p_ZN18predecoder_weightsL13LAYER0_WEIGHTE_4_load" [predecoder_kernel.cpp:102]   --->   Operation 226 'sext' 'sext_ln102_8' <Predicate = true> <Delay = 0.00>
ST_5 : Operation 227 [1/1] (1.55ns)   --->   "%partial_4 = mul i16 %sext_ln102_8, i16 %window_1_0_load_1_cast_cast" [predecoder_kernel.cpp:102]   --->   Operation 227 'mul' 'partial_4' <Predicate = true> <Delay = 1.55> <CoreInst = "Multiplier">   --->   Core 3 'Multiplier' <Latency = 0> <II = 1> <Delay = 1.55> <FuncUnit> <Opcode : 'mul'> <InPorts = 2> <OutPorts = 1>
ST_5 : Operation 228 [1/1] (0.00ns)   --->   "%sext_ln102_9 = sext i16 %partial_4" [predecoder_kernel.cpp:102]   --->   Operation 228 'sext' 'sext_ln102_9' <Predicate = true> <Delay = 0.00>
ST_5 : Operation 229 [1/1] (0.00ns)   --->   "%sext_ln102_10 = sext i8 %p_ZN18predecoder_weightsL13LAYER0_WEIGHTE_5_load" [predecoder_kernel.cpp:102]   --->   Operation 229 'sext' 'sext_ln102_10' <Predicate = true> <Delay = 0.00>
ST_5 : Operation 230 [1/1] (1.55ns)   --->   "%partial_5 = mul i16 %sext_ln102_10, i16 %window_2_0_load_1_cast_cast" [predecoder_kernel.cpp:102]   --->   Operation 230 'mul' 'partial_5' <Predicate = true> <Delay = 1.55> <CoreInst = "Multiplier">   --->   Core 3 'Multiplier' <Latency = 0> <II = 1> <Delay = 1.55> <FuncUnit> <Opcode : 'mul'> <InPorts = 2> <OutPorts = 1>
ST_5 : Operation 231 [1/1] (0.00ns)   --->   "%sext_ln102_11 = sext i16 %partial_5" [predecoder_kernel.cpp:102]   --->   Operation 231 'sext' 'sext_ln102_11' <Predicate = true> <Delay = 0.00>
ST_5 : Operation 232 [1/3] (0.00ns) (grouped into DSP with root node add_ln112_4)   --->   "%partial_7 = mul i16 %sext_ln102_14, i16 %window_1_0_load_2_cast_cast" [predecoder_kernel.cpp:102]   --->   Operation 232 'mul' 'partial_7' <Predicate = true> <Delay = 0.00> <CoreInst = "DSP48">   --->   Core 127 'DSP48' <Latency = 3> <II = 1> <Delay = 0.53> <IPBlock> <Opcode : '' 'add' 'sub' 'mul' 'select'> <InPorts = 0> <OutPorts = 1> <Sync> <CReg>
ST_5 : Operation 233 [1/1] (0.00ns) (grouped into DSP with root node add_ln112_4)   --->   "%sext_ln102_15 = sext i16 %partial_7" [predecoder_kernel.cpp:102]   --->   Operation 233 'sext' 'sext_ln102_15' <Predicate = true> <Delay = 0.00>
ST_5 : Operation 234 [1/3] (0.00ns) (grouped into DSP with root node add_ln112_7)   --->   "%partial_8 = mul i16 %sext_ln102_16, i16 %window_2_0_load_2_cast_cast" [predecoder_kernel.cpp:102]   --->   Operation 234 'mul' 'partial_8' <Predicate = true> <Delay = 0.00> <CoreInst = "DSP48">   --->   Core 127 'DSP48' <Latency = 3> <II = 1> <Delay = 0.53> <IPBlock> <Opcode : '' 'add' 'sub' 'mul' 'select'> <InPorts = 0> <OutPorts = 1> <Sync> <CReg>
ST_5 : Operation 235 [1/1] (0.00ns) (grouped into DSP with root node add_ln112_7)   --->   "%sext_ln102_17 = sext i16 %partial_8" [predecoder_kernel.cpp:102]   --->   Operation 235 'sext' 'sext_ln102_17' <Predicate = true> <Delay = 0.00>
ST_5 : Operation 236 [1/1] (0.00ns)   --->   "%sext_ln102_20 = sext i8 %p_ZN18predecoder_weightsL13LAYER0_WEIGHTE_10_load" [predecoder_kernel.cpp:102]   --->   Operation 236 'sext' 'sext_ln102_20' <Predicate = true> <Delay = 0.00>
ST_5 : Operation 237 [1/1] (1.55ns)   --->   "%partial_10 = mul i16 %sext_ln102_20, i16 %window_1_0_load_3_cast_cast" [predecoder_kernel.cpp:102]   --->   Operation 237 'mul' 'partial_10' <Predicate = true> <Delay = 1.55> <CoreInst = "Multiplier">   --->   Core 3 'Multiplier' <Latency = 0> <II = 1> <Delay = 1.55> <FuncUnit> <Opcode : 'mul'> <InPorts = 2> <OutPorts = 1>
ST_5 : Operation 238 [1/1] (0.00ns)   --->   "%sext_ln102_21 = sext i16 %partial_10" [predecoder_kernel.cpp:102]   --->   Operation 238 'sext' 'sext_ln102_21' <Predicate = true> <Delay = 0.00>
ST_5 : Operation 239 [1/3] (0.00ns) (grouped into DSP with root node add_ln112_9)   --->   "%partial_11 = mul i16 %sext_ln102_22, i16 %window_2_0_load_3_cast_cast" [predecoder_kernel.cpp:102]   --->   Operation 239 'mul' 'partial_11' <Predicate = true> <Delay = 0.00> <CoreInst = "DSP48">   --->   Core 127 'DSP48' <Latency = 3> <II = 1> <Delay = 0.53> <IPBlock> <Opcode : '' 'add' 'sub' 'mul' 'select'> <InPorts = 0> <OutPorts = 1> <Sync> <CReg>
ST_5 : Operation 240 [1/1] (0.00ns) (grouped into DSP with root node add_ln112_9)   --->   "%sext_ln102_23 = sext i16 %partial_11" [predecoder_kernel.cpp:102]   --->   Operation 240 'sext' 'sext_ln102_23' <Predicate = true> <Delay = 0.00>
ST_5 : Operation 241 [2/3] (0.99ns) (grouped into DSP with root node add_ln112_12)   --->   "%partial_12 = mul i16 %sext_ln102_24, i16 %window_0_load_4_cast_cast" [predecoder_kernel.cpp:102]   --->   Operation 241 'mul' 'partial_12' <Predicate = true> <Delay = 0.99> <CoreInst = "DSP48">   --->   Core 127 'DSP48' <Latency = 3> <II = 1> <Delay = 0.53> <IPBlock> <Opcode : '' 'add' 'sub' 'mul' 'select'> <InPorts = 0> <OutPorts = 1> <Sync> <CReg>
ST_5 : Operation 242 [1/1] (0.00ns)   --->   "%sext_ln102_26 = sext i8 %p_ZN18predecoder_weightsL13LAYER0_WEIGHTE_13_load" [predecoder_kernel.cpp:102]   --->   Operation 242 'sext' 'sext_ln102_26' <Predicate = true> <Delay = 0.00>
ST_5 : Operation 243 [1/1] (1.55ns)   --->   "%partial_13 = mul i16 %sext_ln102_26, i16 %window_1_0_load_4_cast_cast" [predecoder_kernel.cpp:102]   --->   Operation 243 'mul' 'partial_13' <Predicate = true> <Delay = 1.55> <CoreInst = "Multiplier">   --->   Core 3 'Multiplier' <Latency = 0> <II = 1> <Delay = 1.55> <FuncUnit> <Opcode : 'mul'> <InPorts = 2> <OutPorts = 1>
ST_5 : Operation 244 [1/1] (0.00ns)   --->   "%sext_ln102_27 = sext i16 %partial_13" [predecoder_kernel.cpp:102]   --->   Operation 244 'sext' 'sext_ln102_27' <Predicate = true> <Delay = 0.00>
ST_5 : Operation 245 [1/3] (0.00ns) (grouped into DSP with root node add_ln112_11)   --->   "%partial_14 = mul i16 %sext_ln102_28, i16 %window_2_0_load_4_cast_cast" [predecoder_kernel.cpp:102]   --->   Operation 245 'mul' 'partial_14' <Predicate = true> <Delay = 0.00> <CoreInst = "DSP48">   --->   Core 127 'DSP48' <Latency = 3> <II = 1> <Delay = 0.53> <IPBlock> <Opcode : '' 'add' 'sub' 'mul' 'select'> <InPorts = 0> <OutPorts = 1> <Sync> <CReg>
ST_5 : Operation 246 [1/1] (0.00ns) (grouped into DSP with root node add_ln112_11)   --->   "%sext_ln102_29 = sext i16 %partial_14" [predecoder_kernel.cpp:102]   --->   Operation 246 'sext' 'sext_ln102_29' <Predicate = true> <Delay = 0.00>
ST_5 : Operation 247 [1/3] (0.00ns) (grouped into DSP with root node add_ln112_15)   --->   "%partial_15 = mul i16 %sext_ln102_30, i16 %window_0_load_5_cast_cast" [predecoder_kernel.cpp:102]   --->   Operation 247 'mul' 'partial_15' <Predicate = true> <Delay = 0.00> <CoreInst = "DSP48">   --->   Core 127 'DSP48' <Latency = 3> <II = 1> <Delay = 0.53> <IPBlock> <Opcode : '' 'add' 'sub' 'mul' 'select'> <InPorts = 0> <OutPorts = 1> <Sync> <CReg>
ST_5 : Operation 248 [1/1] (0.00ns) (grouped into DSP with root node add_ln112_15)   --->   "%sext_ln102_31 = sext i16 %partial_15" [predecoder_kernel.cpp:102]   --->   Operation 248 'sext' 'sext_ln102_31' <Predicate = true> <Delay = 0.00>
ST_5 : Operation 249 [1/3] (0.00ns) (grouped into DSP with root node add_ln112_17)   --->   "%partial_18 = mul i16 %sext_ln102_36, i16 %window_0_load_6_cast_cast" [predecoder_kernel.cpp:102]   --->   Operation 249 'mul' 'partial_18' <Predicate = true> <Delay = 0.00> <CoreInst = "DSP48">   --->   Core 127 'DSP48' <Latency = 3> <II = 1> <Delay = 0.53> <IPBlock> <Opcode : '' 'add' 'sub' 'mul' 'select'> <InPorts = 0> <OutPorts = 1> <Sync> <CReg>
ST_5 : Operation 250 [1/1] (0.00ns) (grouped into DSP with root node add_ln112_17)   --->   "%sext_ln102_37 = sext i16 %partial_18" [predecoder_kernel.cpp:102]   --->   Operation 250 'sext' 'sext_ln102_37' <Predicate = true> <Delay = 0.00>
ST_5 : Operation 251 [1/2] (0.66ns)   --->   "%p_ZN18predecoder_weightsL13LAYER0_WEIGHTE_21_load = load i4 %p_ZN18predecoder_weightsL13LAYER0_WEIGHTE_21_addr" [predecoder_kernel.cpp:102]   --->   Operation 251 'load' 'p_ZN18predecoder_weightsL13LAYER0_WEIGHTE_21_load' <Predicate = true> <Delay = 0.66> <CoreInst = "ROM">   --->   Core 101 'ROM' <Latency = 1> <II = 1> <Delay = 0.66> <Storage> <Opcode : 'load'> <Ports = 0> <Width = 8> <Depth = 12> <ROM>
ST_5 : Operation 252 [1/2] (0.66ns)   --->   "%p_ZN18predecoder_weightsL13LAYER0_WEIGHTE_22_load = load i4 %p_ZN18predecoder_weightsL13LAYER0_WEIGHTE_22_addr" [predecoder_kernel.cpp:102]   --->   Operation 252 'load' 'p_ZN18predecoder_weightsL13LAYER0_WEIGHTE_22_load' <Predicate = true> <Delay = 0.66> <CoreInst = "ROM">   --->   Core 101 'ROM' <Latency = 1> <II = 1> <Delay = 0.66> <Storage> <Opcode : 'load'> <Ports = 0> <Width = 8> <Depth = 12> <ROM>
ST_5 : Operation 253 [1/1] (0.00ns)   --->   "%sext_ln102_44 = sext i8 %p_ZN18predecoder_weightsL13LAYER0_WEIGHTE_22_load" [predecoder_kernel.cpp:102]   --->   Operation 253 'sext' 'sext_ln102_44' <Predicate = true> <Delay = 0.00>
ST_5 : Operation 254 [3/3] (0.99ns) (grouped into DSP with root node add_ln112_21)   --->   "%partial_22 = mul i16 %sext_ln102_44, i16 %window_1_0_load_7_cast_cast" [predecoder_kernel.cpp:102]   --->   Operation 254 'mul' 'partial_22' <Predicate = true> <Delay = 0.99> <CoreInst = "DSP48">   --->   Core 127 'DSP48' <Latency = 3> <II = 1> <Delay = 0.53> <IPBlock> <Opcode : '' 'add' 'sub' 'mul' 'select'> <InPorts = 0> <OutPorts = 1> <Sync> <CReg>
ST_5 : Operation 255 [1/1] (0.00ns)   --->   "%p_ZN18predecoder_weightsL13LAYER0_WEIGHTE_23_addr = getelementptr i8 %p_ZN18predecoder_weightsL13LAYER0_WEIGHTE_23, i64 0, i64 %zext_ln69_1" [predecoder_kernel.cpp:102]   --->   Operation 255 'getelementptr' 'p_ZN18predecoder_weightsL13LAYER0_WEIGHTE_23_addr' <Predicate = true> <Delay = 0.00>
ST_5 : Operation 256 [2/2] (0.66ns)   --->   "%p_ZN18predecoder_weightsL13LAYER0_WEIGHTE_23_load = load i4 %p_ZN18predecoder_weightsL13LAYER0_WEIGHTE_23_addr" [predecoder_kernel.cpp:102]   --->   Operation 256 'load' 'p_ZN18predecoder_weightsL13LAYER0_WEIGHTE_23_load' <Predicate = true> <Delay = 0.66> <CoreInst = "ROM">   --->   Core 101 'ROM' <Latency = 1> <II = 1> <Delay = 0.66> <Storage> <Opcode : 'load'> <Ports = 0> <Width = 8> <Depth = 12> <ROM>
ST_5 : Operation 257 [1/2] (0.66ns)   --->   "%p_ZN18predecoder_weightsL13LAYER0_WEIGHTE_24_load = load i4 %p_ZN18predecoder_weightsL13LAYER0_WEIGHTE_24_addr" [predecoder_kernel.cpp:102]   --->   Operation 257 'load' 'p_ZN18predecoder_weightsL13LAYER0_WEIGHTE_24_load' <Predicate = true> <Delay = 0.66> <CoreInst = "ROM">   --->   Core 101 'ROM' <Latency = 1> <II = 1> <Delay = 0.66> <Storage> <Opcode : 'load'> <Ports = 0> <Width = 8> <Depth = 12> <ROM>
ST_5 : Operation 258 [1/1] (0.00ns)   --->   "%sext_ln102_48 = sext i8 %p_ZN18predecoder_weightsL13LAYER0_WEIGHTE_24_load" [predecoder_kernel.cpp:102]   --->   Operation 258 'sext' 'sext_ln102_48' <Predicate = true> <Delay = 0.00>
ST_5 : Operation 259 [3/3] (0.99ns) (grouped into DSP with root node add_ln112_20)   --->   "%partial_24 = mul i16 %sext_ln102_48, i16 %window_0_load_8_cast_cast" [predecoder_kernel.cpp:102]   --->   Operation 259 'mul' 'partial_24' <Predicate = true> <Delay = 0.99> <CoreInst = "DSP48">   --->   Core 127 'DSP48' <Latency = 3> <II = 1> <Delay = 0.53> <IPBlock> <Opcode : '' 'add' 'sub' 'mul' 'select'> <InPorts = 0> <OutPorts = 1> <Sync> <CReg>
ST_5 : Operation 260 [2/3] (0.99ns) (grouped into DSP with root node add_ln112_23)   --->   "%partial_25 = mul i15 %window_1_0_load_8_cast_cast, i15 %sext_ln102_50" [predecoder_kernel.cpp:102]   --->   Operation 260 'mul' 'partial_25' <Predicate = true> <Delay = 0.99> <CoreInst = "DSP48">   --->   Core 127 'DSP48' <Latency = 3> <II = 1> <Delay = 0.53> <IPBlock> <Opcode : '' 'add' 'sub' 'mul' 'select'> <InPorts = 0> <OutPorts = 1> <Sync> <CReg>
ST_5 : Operation 261 [2/3] (0.99ns) (grouped into DSP with root node add_ln112_24)   --->   "%partial_26 = mul i15 %zext_ln69_cast, i15 %sext_ln102_52" [predecoder_kernel.cpp:102]   --->   Operation 261 'mul' 'partial_26' <Predicate = true> <Delay = 0.99> <CoreInst = "DSP48">   --->   Core 127 'DSP48' <Latency = 3> <II = 1> <Delay = 0.53> <IPBlock> <Opcode : '' 'add' 'sub' 'mul' 'select'> <InPorts = 0> <OutPorts = 1> <Sync> <CReg>
ST_5 : Operation 262 [1/1] (0.00ns)   --->   "%predecoder_weights_LAYER0_BIAS_addr = getelementptr i9 %predecoder_weights_LAYER0_BIAS, i64 0, i64 %zext_ln69_1" [predecoder_kernel.cpp:106]   --->   Operation 262 'getelementptr' 'predecoder_weights_LAYER0_BIAS_addr' <Predicate = true> <Delay = 0.00>
ST_5 : Operation 263 [2/2] (0.68ns)   --->   "%acc = load i4 %predecoder_weights_LAYER0_BIAS_addr" [predecoder_kernel.cpp:106]   --->   Operation 263 'load' 'acc' <Predicate = true> <Delay = 0.68> <CoreInst = "ROM">   --->   Core 101 'ROM' <Latency = 1> <II = 1> <Delay = 0.68> <Storage> <Opcode : 'load'> <Ports = 0> <Width = 9> <Depth = 12> <ROM>
ST_5 : Operation 264 [1/2] (0.64ns) (root node of the DSP)   --->   "%add_ln112 = add i17 %sext_ln102_1, i17 %sext_ln102_5" [predecoder_kernel.cpp:112]   --->   Operation 264 'add' 'add_ln112' <Predicate = true> <Delay = 0.64> <CoreInst = "DSP48">   --->   Core 127 'DSP48' <Latency = 3> <II = 1> <Delay = 0.53> <IPBlock> <Opcode : '' 'add' 'sub' 'mul' 'select'> <InPorts = 0> <OutPorts = 1> <Sync> <CReg>
ST_5 : Operation 265 [2/2] (0.64ns) (root node of the DSP)   --->   "%add_ln112_1 = add i17 %add_ln112, i17 %sext_ln102_3" [predecoder_kernel.cpp:112]   --->   Operation 265 'add' 'add_ln112_1' <Predicate = true> <Delay = 0.64> <CoreInst = "DSP48">   --->   Core 127 'DSP48' <Latency = 3> <II = 1> <Delay = 0.53> <IPBlock> <Opcode : '' 'add' 'sub' 'mul' 'select'> <InPorts = 0> <OutPorts = 1> <Sync> <CReg>
ST_5 : Operation 266 [2/2] (0.64ns) (root node of the DSP)   --->   "%add_ln112_2 = add i17 %sext_ln102_9, i17 %sext_ln102_7" [predecoder_kernel.cpp:112]   --->   Operation 266 'add' 'add_ln112_2' <Predicate = true> <Delay = 0.64> <CoreInst = "DSP48">   --->   Core 127 'DSP48' <Latency = 3> <II = 1> <Delay = 0.53> <IPBlock> <Opcode : '' 'add' 'sub' 'mul' 'select'> <InPorts = 0> <OutPorts = 1> <Sync> <CReg>
ST_5 : Operation 267 [2/2] (0.64ns) (root node of the DSP)   --->   "%add_ln112_4 = add i17 %sext_ln102_11, i17 %sext_ln102_15" [predecoder_kernel.cpp:112]   --->   Operation 267 'add' 'add_ln112_4' <Predicate = true> <Delay = 0.64> <CoreInst = "DSP48">   --->   Core 127 'DSP48' <Latency = 3> <II = 1> <Delay = 0.53> <IPBlock> <Opcode : '' 'add' 'sub' 'mul' 'select'> <InPorts = 0> <OutPorts = 1> <Sync> <CReg>
ST_5 : Operation 268 [1/2] (0.64ns) (root node of the DSP)   --->   "%add_ln112_6 = add i17 %sext_ln102_19, i17 %sext_ln102_13" [predecoder_kernel.cpp:112]   --->   Operation 268 'add' 'add_ln112_6' <Predicate = true> <Delay = 0.64> <CoreInst = "DSP48">   --->   Core 127 'DSP48' <Latency = 3> <II = 1> <Delay = 0.53> <IPBlock> <Opcode : '' 'add' 'sub' 'mul' 'select'> <InPorts = 0> <OutPorts = 1> <Sync> <CReg>
ST_5 : Operation 269 [2/2] (0.64ns) (root node of the DSP)   --->   "%add_ln112_7 = add i17 %add_ln112_6, i17 %sext_ln102_17" [predecoder_kernel.cpp:112]   --->   Operation 269 'add' 'add_ln112_7' <Predicate = true> <Delay = 0.64> <CoreInst = "DSP48">   --->   Core 127 'DSP48' <Latency = 3> <II = 1> <Delay = 0.53> <IPBlock> <Opcode : '' 'add' 'sub' 'mul' 'select'> <InPorts = 0> <OutPorts = 1> <Sync> <CReg>
ST_5 : Operation 270 [2/2] (0.64ns) (root node of the DSP)   --->   "%add_ln112_9 = add i17 %sext_ln102_21, i17 %sext_ln102_23" [predecoder_kernel.cpp:112]   --->   Operation 270 'add' 'add_ln112_9' <Predicate = true> <Delay = 0.64> <CoreInst = "DSP48">   --->   Core 127 'DSP48' <Latency = 3> <II = 1> <Delay = 0.53> <IPBlock> <Opcode : '' 'add' 'sub' 'mul' 'select'> <InPorts = 0> <OutPorts = 1> <Sync> <CReg>
ST_5 : Operation 271 [2/2] (0.64ns) (root node of the DSP)   --->   "%add_ln112_11 = add i17 %sext_ln102_27, i17 %sext_ln102_29" [predecoder_kernel.cpp:112]   --->   Operation 271 'add' 'add_ln112_11' <Predicate = true> <Delay = 0.64> <CoreInst = "DSP48">   --->   Core 127 'DSP48' <Latency = 3> <II = 1> <Delay = 0.53> <IPBlock> <Opcode : '' 'add' 'sub' 'mul' 'select'> <InPorts = 0> <OutPorts = 1> <Sync> <CReg>
ST_5 : Operation 272 [1/2] (0.64ns) (root node of the DSP)   --->   "%add_ln112_14 = add i17 %sext_ln102_33, i17 %sext_ln102_35" [predecoder_kernel.cpp:112]   --->   Operation 272 'add' 'add_ln112_14' <Predicate = true> <Delay = 0.64> <CoreInst = "DSP48">   --->   Core 127 'DSP48' <Latency = 3> <II = 1> <Delay = 0.53> <IPBlock> <Opcode : '' 'add' 'sub' 'mul' 'select'> <InPorts = 0> <OutPorts = 1> <Sync> <CReg>
ST_5 : Operation 273 [1/1] (0.00ns)   --->   "%sext_ln112_9 = sext i17 %add_ln112_14" [predecoder_kernel.cpp:112]   --->   Operation 273 'sext' 'sext_ln112_9' <Predicate = true> <Delay = 0.00>
ST_5 : Operation 274 [2/2] (0.64ns) (root node of the DSP)   --->   "%add_ln112_15 = add i18 %sext_ln112_9, i18 %sext_ln102_31" [predecoder_kernel.cpp:112]   --->   Operation 274 'add' 'add_ln112_15' <Predicate = true> <Delay = 0.64> <CoreInst = "DSP48">   --->   Core 127 'DSP48' <Latency = 3> <II = 1> <Delay = 0.53> <IPBlock> <Opcode : '' 'add' 'sub' 'mul' 'select'> <InPorts = 0> <OutPorts = 1> <Sync> <CReg>
ST_5 : Operation 275 [1/2] (0.64ns) (root node of the DSP)   --->   "%add_ln112_16 = add i17 %sext_ln102_39, i17 %sext_ln102_41" [predecoder_kernel.cpp:112]   --->   Operation 275 'add' 'add_ln112_16' <Predicate = true> <Delay = 0.64> <CoreInst = "DSP48">   --->   Core 127 'DSP48' <Latency = 3> <II = 1> <Delay = 0.53> <IPBlock> <Opcode : '' 'add' 'sub' 'mul' 'select'> <InPorts = 0> <OutPorts = 1> <Sync> <CReg>
ST_5 : Operation 276 [1/1] (0.00ns)   --->   "%sext_ln112_11 = sext i17 %add_ln112_16" [predecoder_kernel.cpp:112]   --->   Operation 276 'sext' 'sext_ln112_11' <Predicate = true> <Delay = 0.00>
ST_5 : Operation 277 [2/2] (0.64ns) (root node of the DSP)   --->   "%add_ln112_17 = add i18 %sext_ln112_11, i18 %sext_ln102_37" [predecoder_kernel.cpp:112]   --->   Operation 277 'add' 'add_ln112_17' <Predicate = true> <Delay = 0.64> <CoreInst = "DSP48">   --->   Core 127 'DSP48' <Latency = 3> <II = 1> <Delay = 0.53> <IPBlock> <Opcode : '' 'add' 'sub' 'mul' 'select'> <InPorts = 0> <OutPorts = 1> <Sync> <CReg>

State 6 <SV = 5> <Delay = 2.19>
ST_6 : Operation 278 [1/3] (0.00ns) (grouped into DSP with root node add_ln112_12)   --->   "%partial_12 = mul i16 %sext_ln102_24, i16 %window_0_load_4_cast_cast" [predecoder_kernel.cpp:102]   --->   Operation 278 'mul' 'partial_12' <Predicate = true> <Delay = 0.00> <CoreInst = "DSP48">   --->   Core 127 'DSP48' <Latency = 3> <II = 1> <Delay = 0.53> <IPBlock> <Opcode : '' 'add' 'sub' 'mul' 'select'> <InPorts = 0> <OutPorts = 1> <Sync> <CReg>
ST_6 : Operation 279 [1/1] (0.00ns) (grouped into DSP with root node add_ln112_12)   --->   "%sext_ln102_25 = sext i16 %partial_12" [predecoder_kernel.cpp:102]   --->   Operation 279 'sext' 'sext_ln102_25' <Predicate = true> <Delay = 0.00>
ST_6 : Operation 280 [1/1] (0.00ns)   --->   "%sext_ln102_42 = sext i8 %p_ZN18predecoder_weightsL13LAYER0_WEIGHTE_21_load" [predecoder_kernel.cpp:102]   --->   Operation 280 'sext' 'sext_ln102_42' <Predicate = true> <Delay = 0.00>
ST_6 : Operation 281 [1/1] (1.55ns)   --->   "%partial_21 = mul i16 %sext_ln102_42, i16 %window_0_load_7_cast_cast" [predecoder_kernel.cpp:102]   --->   Operation 281 'mul' 'partial_21' <Predicate = true> <Delay = 1.55> <CoreInst = "Multiplier">   --->   Core 3 'Multiplier' <Latency = 0> <II = 1> <Delay = 1.55> <FuncUnit> <Opcode : 'mul'> <InPorts = 2> <OutPorts = 1>
ST_6 : Operation 282 [1/1] (0.00ns)   --->   "%sext_ln102_43 = sext i16 %partial_21" [predecoder_kernel.cpp:102]   --->   Operation 282 'sext' 'sext_ln102_43' <Predicate = true> <Delay = 0.00>
ST_6 : Operation 283 [2/3] (0.99ns) (grouped into DSP with root node add_ln112_21)   --->   "%partial_22 = mul i16 %sext_ln102_44, i16 %window_1_0_load_7_cast_cast" [predecoder_kernel.cpp:102]   --->   Operation 283 'mul' 'partial_22' <Predicate = true> <Delay = 0.99> <CoreInst = "DSP48">   --->   Core 127 'DSP48' <Latency = 3> <II = 1> <Delay = 0.53> <IPBlock> <Opcode : '' 'add' 'sub' 'mul' 'select'> <InPorts = 0> <OutPorts = 1> <Sync> <CReg>
ST_6 : Operation 284 [1/2] (0.66ns)   --->   "%p_ZN18predecoder_weightsL13LAYER0_WEIGHTE_23_load = load i4 %p_ZN18predecoder_weightsL13LAYER0_WEIGHTE_23_addr" [predecoder_kernel.cpp:102]   --->   Operation 284 'load' 'p_ZN18predecoder_weightsL13LAYER0_WEIGHTE_23_load' <Predicate = true> <Delay = 0.66> <CoreInst = "ROM">   --->   Core 101 'ROM' <Latency = 1> <II = 1> <Delay = 0.66> <Storage> <Opcode : 'load'> <Ports = 0> <Width = 8> <Depth = 12> <ROM>
ST_6 : Operation 285 [2/3] (0.99ns) (grouped into DSP with root node add_ln112_20)   --->   "%partial_24 = mul i16 %sext_ln102_48, i16 %window_0_load_8_cast_cast" [predecoder_kernel.cpp:102]   --->   Operation 285 'mul' 'partial_24' <Predicate = true> <Delay = 0.99> <CoreInst = "DSP48">   --->   Core 127 'DSP48' <Latency = 3> <II = 1> <Delay = 0.53> <IPBlock> <Opcode : '' 'add' 'sub' 'mul' 'select'> <InPorts = 0> <OutPorts = 1> <Sync> <CReg>
ST_6 : Operation 286 [1/3] (0.00ns) (grouped into DSP with root node add_ln112_23)   --->   "%partial_25 = mul i15 %window_1_0_load_8_cast_cast, i15 %sext_ln102_50" [predecoder_kernel.cpp:102]   --->   Operation 286 'mul' 'partial_25' <Predicate = true> <Delay = 0.00> <CoreInst = "DSP48">   --->   Core 127 'DSP48' <Latency = 3> <II = 1> <Delay = 0.53> <IPBlock> <Opcode : '' 'add' 'sub' 'mul' 'select'> <InPorts = 0> <OutPorts = 1> <Sync> <CReg>
ST_6 : Operation 287 [1/1] (0.00ns) (grouped into DSP with root node add_ln112_23)   --->   "%sext_ln102_51 = sext i15 %partial_25" [predecoder_kernel.cpp:102]   --->   Operation 287 'sext' 'sext_ln102_51' <Predicate = true> <Delay = 0.00>
ST_6 : Operation 288 [1/3] (0.00ns) (grouped into DSP with root node add_ln112_24)   --->   "%partial_26 = mul i15 %zext_ln69_cast, i15 %sext_ln102_52" [predecoder_kernel.cpp:102]   --->   Operation 288 'mul' 'partial_26' <Predicate = true> <Delay = 0.00> <CoreInst = "DSP48">   --->   Core 127 'DSP48' <Latency = 3> <II = 1> <Delay = 0.53> <IPBlock> <Opcode : '' 'add' 'sub' 'mul' 'select'> <InPorts = 0> <OutPorts = 1> <Sync> <CReg>
ST_6 : Operation 289 [1/2] (0.68ns)   --->   "%acc = load i4 %predecoder_weights_LAYER0_BIAS_addr" [predecoder_kernel.cpp:106]   --->   Operation 289 'load' 'acc' <Predicate = true> <Delay = 0.68> <CoreInst = "ROM">   --->   Core 101 'ROM' <Latency = 1> <II = 1> <Delay = 0.68> <Storage> <Opcode : 'load'> <Ports = 0> <Width = 9> <Depth = 12> <ROM>
ST_6 : Operation 290 [1/1] (0.00ns)   --->   "%sext_ln106 = sext i9 %acc" [predecoder_kernel.cpp:106]   --->   Operation 290 'sext' 'sext_ln106' <Predicate = true> <Delay = 0.00>
ST_6 : Operation 291 [1/2] (0.64ns) (root node of the DSP)   --->   "%add_ln112_1 = add i17 %add_ln112, i17 %sext_ln102_3" [predecoder_kernel.cpp:112]   --->   Operation 291 'add' 'add_ln112_1' <Predicate = true> <Delay = 0.64> <CoreInst = "DSP48">   --->   Core 127 'DSP48' <Latency = 3> <II = 1> <Delay = 0.53> <IPBlock> <Opcode : '' 'add' 'sub' 'mul' 'select'> <InPorts = 0> <OutPorts = 1> <Sync> <CReg>
ST_6 : Operation 292 [1/1] (0.00ns)   --->   "%sext_ln112 = sext i17 %add_ln112_1" [predecoder_kernel.cpp:112]   --->   Operation 292 'sext' 'sext_ln112' <Predicate = true> <Delay = 0.00>
ST_6 : Operation 293 [1/2] (0.64ns) (root node of the DSP)   --->   "%add_ln112_2 = add i17 %sext_ln102_9, i17 %sext_ln102_7" [predecoder_kernel.cpp:112]   --->   Operation 293 'add' 'add_ln112_2' <Predicate = true> <Delay = 0.64> <CoreInst = "DSP48">   --->   Core 127 'DSP48' <Latency = 3> <II = 1> <Delay = 0.53> <IPBlock> <Opcode : '' 'add' 'sub' 'mul' 'select'> <InPorts = 0> <OutPorts = 1> <Sync> <CReg>
ST_6 : Operation 294 [1/1] (0.00ns)   --->   "%sext_ln112_3 = sext i17 %add_ln112_2" [predecoder_kernel.cpp:112]   --->   Operation 294 'sext' 'sext_ln112_3' <Predicate = true> <Delay = 0.00>
ST_6 : Operation 295 [1/1] (0.79ns)   --->   "%add_ln112_3 = add i18 %sext_ln112_3, i18 %sext_ln112" [predecoder_kernel.cpp:112]   --->   Operation 295 'add' 'add_ln112_3' <Predicate = true> <Delay = 0.79> <CoreInst = "Adder">   --->   Core 1 'Adder' <Latency = 0> <II = 1> <Delay = 0.79> <FuncUnit> <Opcode : 'add' 'sub'> <InPorts = 2> <OutPorts = 1>
ST_6 : Operation 296 [1/1] (0.00ns)   --->   "%sext_ln112_1 = sext i18 %add_ln112_3" [predecoder_kernel.cpp:112]   --->   Operation 296 'sext' 'sext_ln112_1' <Predicate = true> <Delay = 0.00>
ST_6 : Operation 297 [1/2] (0.64ns) (root node of the DSP)   --->   "%add_ln112_4 = add i17 %sext_ln102_11, i17 %sext_ln102_15" [predecoder_kernel.cpp:112]   --->   Operation 297 'add' 'add_ln112_4' <Predicate = true> <Delay = 0.64> <CoreInst = "DSP48">   --->   Core 127 'DSP48' <Latency = 3> <II = 1> <Delay = 0.53> <IPBlock> <Opcode : '' 'add' 'sub' 'mul' 'select'> <InPorts = 0> <OutPorts = 1> <Sync> <CReg>
ST_6 : Operation 298 [1/1] (0.00ns)   --->   "%sext_ln112_4 = sext i17 %add_ln112_4" [predecoder_kernel.cpp:112]   --->   Operation 298 'sext' 'sext_ln112_4' <Predicate = true> <Delay = 0.00>
ST_6 : Operation 299 [1/1] (0.00ns) (grouped into TernaryAdder)   --->   "%add_ln112_5 = add i19 %sext_ln112_4, i19 %sext_ln112_1" [predecoder_kernel.cpp:112]   --->   Operation 299 'add' 'add_ln112_5' <Predicate = true> <Delay = 0.00> <CoreInst = "TAddSub">   --->   Core 10 'TAddSub' <Latency = 0> <II = 1> <Delay = 0.34> <IPBlock> <Opcode : '' 'add' 'sub'> <InPorts = 3> <OutPorts = 1> <Sync> <CReg>
ST_6 : Operation 300 [1/2] (0.64ns) (root node of the DSP)   --->   "%add_ln112_7 = add i17 %add_ln112_6, i17 %sext_ln102_17" [predecoder_kernel.cpp:112]   --->   Operation 300 'add' 'add_ln112_7' <Predicate = true> <Delay = 0.64> <CoreInst = "DSP48">   --->   Core 127 'DSP48' <Latency = 3> <II = 1> <Delay = 0.53> <IPBlock> <Opcode : '' 'add' 'sub' 'mul' 'select'> <InPorts = 0> <OutPorts = 1> <Sync> <CReg>
ST_6 : Operation 301 [1/1] (0.00ns)   --->   "%sext_ln112_5 = sext i17 %add_ln112_7" [predecoder_kernel.cpp:112]   --->   Operation 301 'sext' 'sext_ln112_5' <Predicate = true> <Delay = 0.00>
ST_6 : Operation 302 [1/1] (0.68ns) (root node of TernaryAdder)   --->   "%add_ln112_8 = add i19 %sext_ln112_5, i19 %add_ln112_5" [predecoder_kernel.cpp:112]   --->   Operation 302 'add' 'add_ln112_8' <Predicate = true> <Delay = 0.68> <CoreInst = "TAddSub">   --->   Core 10 'TAddSub' <Latency = 0> <II = 1> <Delay = 0.34> <IPBlock> <Opcode : '' 'add' 'sub'> <InPorts = 3> <OutPorts = 1> <Sync> <CReg>
ST_6 : Operation 303 [1/2] (0.64ns) (root node of the DSP)   --->   "%add_ln112_9 = add i17 %sext_ln102_21, i17 %sext_ln102_23" [predecoder_kernel.cpp:112]   --->   Operation 303 'add' 'add_ln112_9' <Predicate = true> <Delay = 0.64> <CoreInst = "DSP48">   --->   Core 127 'DSP48' <Latency = 3> <II = 1> <Delay = 0.53> <IPBlock> <Opcode : '' 'add' 'sub' 'mul' 'select'> <InPorts = 0> <OutPorts = 1> <Sync> <CReg>
ST_6 : Operation 304 [1/2] (0.64ns) (root node of the DSP)   --->   "%add_ln112_11 = add i17 %sext_ln102_27, i17 %sext_ln102_29" [predecoder_kernel.cpp:112]   --->   Operation 304 'add' 'add_ln112_11' <Predicate = true> <Delay = 0.64> <CoreInst = "DSP48">   --->   Core 127 'DSP48' <Latency = 3> <II = 1> <Delay = 0.53> <IPBlock> <Opcode : '' 'add' 'sub' 'mul' 'select'> <InPorts = 0> <OutPorts = 1> <Sync> <CReg>
ST_6 : Operation 305 [1/1] (0.00ns)   --->   "%sext_ln112_7 = sext i17 %add_ln112_11" [predecoder_kernel.cpp:112]   --->   Operation 305 'sext' 'sext_ln112_7' <Predicate = true> <Delay = 0.00>
ST_6 : Operation 306 [2/2] (0.64ns) (root node of the DSP)   --->   "%add_ln112_12 = add i18 %sext_ln112_7, i18 %sext_ln102_25" [predecoder_kernel.cpp:112]   --->   Operation 306 'add' 'add_ln112_12' <Predicate = true> <Delay = 0.64> <CoreInst = "DSP48">   --->   Core 127 'DSP48' <Latency = 3> <II = 1> <Delay = 0.53> <IPBlock> <Opcode : '' 'add' 'sub' 'mul' 'select'> <InPorts = 0> <OutPorts = 1> <Sync> <CReg>
ST_6 : Operation 307 [1/2] (0.64ns) (root node of the DSP)   --->   "%add_ln112_15 = add i18 %sext_ln112_9, i18 %sext_ln102_31" [predecoder_kernel.cpp:112]   --->   Operation 307 'add' 'add_ln112_15' <Predicate = true> <Delay = 0.64> <CoreInst = "DSP48">   --->   Core 127 'DSP48' <Latency = 3> <II = 1> <Delay = 0.53> <IPBlock> <Opcode : '' 'add' 'sub' 'mul' 'select'> <InPorts = 0> <OutPorts = 1> <Sync> <CReg>
ST_6 : Operation 308 [1/1] (0.00ns)   --->   "%sext_ln112_10 = sext i18 %add_ln112_15" [predecoder_kernel.cpp:112]   --->   Operation 308 'sext' 'sext_ln112_10' <Predicate = true> <Delay = 0.00>
ST_6 : Operation 309 [1/2] (0.64ns) (root node of the DSP)   --->   "%add_ln112_17 = add i18 %sext_ln112_11, i18 %sext_ln102_37" [predecoder_kernel.cpp:112]   --->   Operation 309 'add' 'add_ln112_17' <Predicate = true> <Delay = 0.64> <CoreInst = "DSP48">   --->   Core 127 'DSP48' <Latency = 3> <II = 1> <Delay = 0.53> <IPBlock> <Opcode : '' 'add' 'sub' 'mul' 'select'> <InPorts = 0> <OutPorts = 1> <Sync> <CReg>
ST_6 : Operation 310 [1/1] (0.00ns)   --->   "%sext_ln112_12 = sext i18 %add_ln112_17" [predecoder_kernel.cpp:112]   --->   Operation 310 'sext' 'sext_ln112_12' <Predicate = true> <Delay = 0.00>
ST_6 : Operation 311 [1/1] (0.79ns)   --->   "%add_ln112_18 = add i19 %sext_ln112_12, i19 %sext_ln112_10" [predecoder_kernel.cpp:112]   --->   Operation 311 'add' 'add_ln112_18' <Predicate = true> <Delay = 0.79> <CoreInst = "Adder">   --->   Core 1 'Adder' <Latency = 0> <II = 1> <Delay = 0.79> <FuncUnit> <Opcode : 'add' 'sub'> <InPorts = 2> <OutPorts = 1>
ST_6 : Operation 312 [2/2] (0.64ns) (root node of the DSP)   --->   "%add_ln112_23 = add i17 %sext_ln102_43, i17 %sext_ln102_51" [predecoder_kernel.cpp:112]   --->   Operation 312 'add' 'add_ln112_23' <Predicate = true> <Delay = 0.64> <CoreInst = "DSP48">   --->   Core 127 'DSP48' <Latency = 3> <II = 1> <Delay = 0.53> <IPBlock> <Opcode : '' 'add' 'sub' 'mul' 'select'> <InPorts = 0> <OutPorts = 1> <Sync> <CReg>
ST_6 : Operation 313 [2/2] (0.64ns) (root node of the DSP)   --->   "%add_ln112_24 = add i15 %partial_26, i15 %sext_ln106" [predecoder_kernel.cpp:112]   --->   Operation 313 'add' 'add_ln112_24' <Predicate = true> <Delay = 0.64> <CoreInst = "DSP48">   --->   Core 127 'DSP48' <Latency = 3> <II = 1> <Delay = 0.53> <IPBlock> <Opcode : '' 'add' 'sub' 'mul' 'select'> <InPorts = 0> <OutPorts = 1> <Sync> <CReg>

State 7 <SV = 6> <Delay = 2.19>
ST_7 : Operation 314 [1/3] (0.00ns) (grouped into DSP with root node add_ln112_21)   --->   "%partial_22 = mul i16 %sext_ln102_44, i16 %window_1_0_load_7_cast_cast" [predecoder_kernel.cpp:102]   --->   Operation 314 'mul' 'partial_22' <Predicate = true> <Delay = 0.00> <CoreInst = "DSP48">   --->   Core 127 'DSP48' <Latency = 3> <II = 1> <Delay = 0.53> <IPBlock> <Opcode : '' 'add' 'sub' 'mul' 'select'> <InPorts = 0> <OutPorts = 1> <Sync> <CReg>
ST_7 : Operation 315 [1/1] (0.00ns) (grouped into DSP with root node add_ln112_21)   --->   "%sext_ln102_45 = sext i16 %partial_22" [predecoder_kernel.cpp:102]   --->   Operation 315 'sext' 'sext_ln102_45' <Predicate = true> <Delay = 0.00>
ST_7 : Operation 316 [1/1] (0.00ns)   --->   "%sext_ln102_46 = sext i8 %p_ZN18predecoder_weightsL13LAYER0_WEIGHTE_23_load" [predecoder_kernel.cpp:102]   --->   Operation 316 'sext' 'sext_ln102_46' <Predicate = true> <Delay = 0.00>
ST_7 : Operation 317 [1/1] (1.55ns)   --->   "%partial_23 = mul i16 %sext_ln102_46, i16 %window_2_0_load_7_cast_cast" [predecoder_kernel.cpp:102]   --->   Operation 317 'mul' 'partial_23' <Predicate = true> <Delay = 1.55> <CoreInst = "Multiplier">   --->   Core 3 'Multiplier' <Latency = 0> <II = 1> <Delay = 1.55> <FuncUnit> <Opcode : 'mul'> <InPorts = 2> <OutPorts = 1>
ST_7 : Operation 318 [1/1] (0.00ns)   --->   "%sext_ln102_47 = sext i16 %partial_23" [predecoder_kernel.cpp:102]   --->   Operation 318 'sext' 'sext_ln102_47' <Predicate = true> <Delay = 0.00>
ST_7 : Operation 319 [1/3] (0.00ns) (grouped into DSP with root node add_ln112_20)   --->   "%partial_24 = mul i16 %sext_ln102_48, i16 %window_0_load_8_cast_cast" [predecoder_kernel.cpp:102]   --->   Operation 319 'mul' 'partial_24' <Predicate = true> <Delay = 0.00> <CoreInst = "DSP48">   --->   Core 127 'DSP48' <Latency = 3> <II = 1> <Delay = 0.53> <IPBlock> <Opcode : '' 'add' 'sub' 'mul' 'select'> <InPorts = 0> <OutPorts = 1> <Sync> <CReg>
ST_7 : Operation 320 [1/1] (0.00ns) (grouped into DSP with root node add_ln112_20)   --->   "%sext_ln102_49 = sext i16 %partial_24" [predecoder_kernel.cpp:102]   --->   Operation 320 'sext' 'sext_ln102_49' <Predicate = true> <Delay = 0.00>
ST_7 : Operation 321 [1/1] (0.00ns)   --->   "%sext_ln112_2 = sext i19 %add_ln112_8" [predecoder_kernel.cpp:112]   --->   Operation 321 'sext' 'sext_ln112_2' <Predicate = true> <Delay = 0.00>
ST_7 : Operation 322 [1/1] (0.00ns)   --->   "%sext_ln112_6 = sext i17 %add_ln112_9" [predecoder_kernel.cpp:112]   --->   Operation 322 'sext' 'sext_ln112_6' <Predicate = true> <Delay = 0.00>
ST_7 : Operation 323 [1/1] (0.80ns)   --->   "%add_ln112_10 = add i20 %sext_ln112_6, i20 %sext_ln112_2" [predecoder_kernel.cpp:112]   --->   Operation 323 'add' 'add_ln112_10' <Predicate = true> <Delay = 0.80> <CoreInst = "Adder">   --->   Core 1 'Adder' <Latency = 0> <II = 1> <Delay = 0.80> <FuncUnit> <Opcode : 'add' 'sub'> <InPorts = 2> <OutPorts = 1>
ST_7 : Operation 324 [1/2] (0.64ns) (root node of the DSP)   --->   "%add_ln112_12 = add i18 %sext_ln112_7, i18 %sext_ln102_25" [predecoder_kernel.cpp:112]   --->   Operation 324 'add' 'add_ln112_12' <Predicate = true> <Delay = 0.64> <CoreInst = "DSP48">   --->   Core 127 'DSP48' <Latency = 3> <II = 1> <Delay = 0.53> <IPBlock> <Opcode : '' 'add' 'sub' 'mul' 'select'> <InPorts = 0> <OutPorts = 1> <Sync> <CReg>
ST_7 : Operation 325 [1/1] (0.00ns)   --->   "%sext_ln112_8 = sext i18 %add_ln112_12" [predecoder_kernel.cpp:112]   --->   Operation 325 'sext' 'sext_ln112_8' <Predicate = true> <Delay = 0.00>
ST_7 : Operation 326 [1/1] (0.00ns) (grouped into TernaryAdder)   --->   "%add_ln112_13 = add i20 %sext_ln112_8, i20 %add_ln112_10" [predecoder_kernel.cpp:112]   --->   Operation 326 'add' 'add_ln112_13' <Predicate = true> <Delay = 0.00> <CoreInst = "TAddSub">   --->   Core 10 'TAddSub' <Latency = 0> <II = 1> <Delay = 0.34> <IPBlock> <Opcode : '' 'add' 'sub'> <InPorts = 3> <OutPorts = 1> <Sync> <CReg>
ST_7 : Operation 327 [1/1] (0.00ns)   --->   "%sext_ln112_13 = sext i19 %add_ln112_18" [predecoder_kernel.cpp:112]   --->   Operation 327 'sext' 'sext_ln112_13' <Predicate = true> <Delay = 0.00>
ST_7 : Operation 328 [1/1] (0.68ns) (root node of TernaryAdder)   --->   "%add_ln112_19 = add i20 %sext_ln112_13, i20 %add_ln112_13" [predecoder_kernel.cpp:112]   --->   Operation 328 'add' 'add_ln112_19' <Predicate = true> <Delay = 0.68> <CoreInst = "TAddSub">   --->   Core 10 'TAddSub' <Latency = 0> <II = 1> <Delay = 0.34> <IPBlock> <Opcode : '' 'add' 'sub'> <InPorts = 3> <OutPorts = 1> <Sync> <CReg>
ST_7 : Operation 329 [2/2] (0.64ns) (root node of the DSP)   --->   "%add_ln112_20 = add i20 %add_ln112_19, i20 %sext_ln102_49" [predecoder_kernel.cpp:112]   --->   Operation 329 'add' 'add_ln112_20' <Predicate = true> <Delay = 0.64> <CoreInst = "DSP48">   --->   Core 127 'DSP48' <Latency = 3> <II = 1> <Delay = 0.53> <IPBlock> <Opcode : '' 'add' 'sub' 'mul' 'select'> <InPorts = 0> <OutPorts = 1> <Sync> <CReg>
ST_7 : Operation 330 [2/2] (0.64ns) (root node of the DSP)   --->   "%add_ln112_21 = add i17 %sext_ln102_47, i17 %sext_ln102_45" [predecoder_kernel.cpp:112]   --->   Operation 330 'add' 'add_ln112_21' <Predicate = true> <Delay = 0.64> <CoreInst = "DSP48">   --->   Core 127 'DSP48' <Latency = 3> <II = 1> <Delay = 0.53> <IPBlock> <Opcode : '' 'add' 'sub' 'mul' 'select'> <InPorts = 0> <OutPorts = 1> <Sync> <CReg>
ST_7 : Operation 331 [1/2] (0.64ns) (root node of the DSP)   --->   "%add_ln112_23 = add i17 %sext_ln102_43, i17 %sext_ln102_51" [predecoder_kernel.cpp:112]   --->   Operation 331 'add' 'add_ln112_23' <Predicate = true> <Delay = 0.64> <CoreInst = "DSP48">   --->   Core 127 'DSP48' <Latency = 3> <II = 1> <Delay = 0.53> <IPBlock> <Opcode : '' 'add' 'sub' 'mul' 'select'> <InPorts = 0> <OutPorts = 1> <Sync> <CReg>
ST_7 : Operation 332 [1/2] (0.64ns) (root node of the DSP)   --->   "%add_ln112_24 = add i15 %partial_26, i15 %sext_ln106" [predecoder_kernel.cpp:112]   --->   Operation 332 'add' 'add_ln112_24' <Predicate = true> <Delay = 0.64> <CoreInst = "DSP48">   --->   Core 127 'DSP48' <Latency = 3> <II = 1> <Delay = 0.53> <IPBlock> <Opcode : '' 'add' 'sub' 'mul' 'select'> <InPorts = 0> <OutPorts = 1> <Sync> <CReg>
ST_7 : Operation 333 [1/1] (0.00ns)   --->   "%sext_ln112_16 = sext i15 %add_ln112_24" [predecoder_kernel.cpp:112]   --->   Operation 333 'sext' 'sext_ln112_16' <Predicate = true> <Delay = 0.00>
ST_7 : Operation 334 [1/1] (0.79ns)   --->   "%add_ln112_25 = add i17 %sext_ln112_16, i17 %add_ln112_23" [predecoder_kernel.cpp:112]   --->   Operation 334 'add' 'add_ln112_25' <Predicate = true> <Delay = 0.79> <CoreInst = "Adder">   --->   Core 1 'Adder' <Latency = 0> <II = 1> <Delay = 0.79> <FuncUnit> <Opcode : 'add' 'sub'> <InPorts = 2> <OutPorts = 1>
ST_7 : Operation 335 [1/1] (0.00ns)   --->   "%layer0_mult_addr = getelementptr i41 %layer0_mult, i64 0, i64 %zext_ln69_1" [predecoder_kernel.cpp:116]   --->   Operation 335 'getelementptr' 'layer0_mult_addr' <Predicate = true> <Delay = 0.00>
ST_7 : Operation 336 [2/2] (0.71ns)   --->   "%layer0_mult_load = load i4 %layer0_mult_addr" [predecoder_kernel.cpp:116]   --->   Operation 336 'load' 'layer0_mult_load' <Predicate = true> <Delay = 0.71> <CoreInst = "ROM">   --->   Core 101 'ROM' <Latency = 1> <II = 1> <Delay = 0.71> <Storage> <Opcode : 'load'> <Ports = 0> <Width = 41> <Depth = 12> <ROM>

State 8 <SV = 7> <Delay = 1.68>
ST_8 : Operation 337 [1/2] (0.64ns) (root node of the DSP)   --->   "%add_ln112_20 = add i20 %add_ln112_19, i20 %sext_ln102_49" [predecoder_kernel.cpp:112]   --->   Operation 337 'add' 'add_ln112_20' <Predicate = true> <Delay = 0.64> <CoreInst = "DSP48">   --->   Core 127 'DSP48' <Latency = 3> <II = 1> <Delay = 0.53> <IPBlock> <Opcode : '' 'add' 'sub' 'mul' 'select'> <InPorts = 0> <OutPorts = 1> <Sync> <CReg>
ST_8 : Operation 338 [1/1] (0.00ns)   --->   "%sext_ln112_14 = sext i20 %add_ln112_20" [predecoder_kernel.cpp:112]   --->   Operation 338 'sext' 'sext_ln112_14' <Predicate = true> <Delay = 0.00>
ST_8 : Operation 339 [1/2] (0.64ns) (root node of the DSP)   --->   "%add_ln112_21 = add i17 %sext_ln102_47, i17 %sext_ln102_45" [predecoder_kernel.cpp:112]   --->   Operation 339 'add' 'add_ln112_21' <Predicate = true> <Delay = 0.64> <CoreInst = "DSP48">   --->   Core 127 'DSP48' <Latency = 3> <II = 1> <Delay = 0.53> <IPBlock> <Opcode : '' 'add' 'sub' 'mul' 'select'> <InPorts = 0> <OutPorts = 1> <Sync> <CReg>
ST_8 : Operation 340 [1/1] (0.00ns)   --->   "%sext_ln112_15 = sext i17 %add_ln112_21" [predecoder_kernel.cpp:112]   --->   Operation 340 'sext' 'sext_ln112_15' <Predicate = true> <Delay = 0.00>
ST_8 : Operation 341 [1/1] (0.00ns) (grouped into TernaryAdder)   --->   "%add_ln112_22 = add i21 %sext_ln112_15, i21 %sext_ln112_14" [predecoder_kernel.cpp:112]   --->   Operation 341 'add' 'add_ln112_22' <Predicate = true> <Delay = 0.00> <CoreInst = "TAddSub">   --->   Core 10 'TAddSub' <Latency = 0> <II = 1> <Delay = 0.34> <IPBlock> <Opcode : '' 'add' 'sub'> <InPorts = 3> <OutPorts = 1> <Sync> <CReg>
ST_8 : Operation 342 [1/1] (0.00ns)   --->   "%sext_ln112_17 = sext i17 %add_ln112_25" [predecoder_kernel.cpp:112]   --->   Operation 342 'sext' 'sext_ln112_17' <Predicate = true> <Delay = 0.00>
ST_8 : Operation 343 [1/1] (0.69ns) (root node of TernaryAdder)   --->   "%acc_1 = add i21 %sext_ln112_17, i21 %add_ln112_22" [predecoder_kernel.cpp:112]   --->   Operation 343 'add' 'acc_1' <Predicate = true> <Delay = 0.69> <CoreInst = "TAddSub">   --->   Core 10 'TAddSub' <Latency = 0> <II = 1> <Delay = 0.34> <IPBlock> <Opcode : '' 'add' 'sub'> <InPorts = 3> <OutPorts = 1> <Sync> <CReg>
ST_8 : Operation 344 [1/1] (0.00ns)   --->   "%tmp = bitselect i1 @_ssdm_op_BitSelect.i1.i21.i32, i21 %acc_1, i32 20" [predecoder_kernel.cpp:114]   --->   Operation 344 'bitselect' 'tmp' <Predicate = true> <Delay = 0.00>
ST_8 : Operation 345 [1/1] (0.00ns)   --->   "%trunc_ln116 = trunc i21 %acc_1" [predecoder_kernel.cpp:116]   --->   Operation 345 'trunc' 'trunc_ln116' <Predicate = true> <Delay = 0.00>
ST_8 : Operation 346 [1/1] (0.34ns)   --->   "%select_ln114 = select i1 %tmp, i20 0, i20 %trunc_ln116" [predecoder_kernel.cpp:114]   --->   Operation 346 'select' 'select_ln114' <Predicate = true> <Delay = 0.34> <CoreInst = "Sel">   --->   Core 73 'Sel' <Latency = 0> <II = 1> <Delay = 0.34> <FuncUnit> <Opcode : 'select'> <InPorts = 3> <OutPorts = 1>
ST_8 : Operation 347 [1/2] (0.71ns)   --->   "%layer0_mult_load = load i4 %layer0_mult_addr" [predecoder_kernel.cpp:116]   --->   Operation 347 'load' 'layer0_mult_load' <Predicate = true> <Delay = 0.71> <CoreInst = "ROM">   --->   Core 101 'ROM' <Latency = 1> <II = 1> <Delay = 0.71> <Storage> <Opcode : 'load'> <Ports = 0> <Width = 41> <Depth = 12> <ROM>

State 9 <SV = 8> <Delay = 2.15>
ST_9 : Operation 348 [1/1] (0.00ns)   --->   "%shl_ln = bitconcatenate i76 @_ssdm_op_BitConcatenate.i76.i20.i56, i20 %select_ln114, i56 0" [predecoder_kernel.cpp:116]   --->   Operation 348 'bitconcatenate' 'shl_ln' <Predicate = true> <Delay = 0.00>
ST_9 : Operation 349 [1/1] (0.00ns)   --->   "%shl_ln116_1 = bitconcatenate i57 @_ssdm_op_BitConcatenate.i57.i41.i16, i41 %layer0_mult_load, i16 0" [predecoder_kernel.cpp:116]   --->   Operation 349 'bitconcatenate' 'shl_ln116_1' <Predicate = true> <Delay = 0.00>
ST_9 : Operation 350 [1/1] (0.00ns)   --->   "%zext_ln116 = zext i76 %shl_ln" [predecoder_kernel.cpp:116]   --->   Operation 350 'zext' 'zext_ln116' <Predicate = true> <Delay = 0.00>
ST_9 : Operation 351 [1/1] (0.00ns)   --->   "%zext_ln116_1 = zext i57 %shl_ln116_1" [predecoder_kernel.cpp:116]   --->   Operation 351 'zext' 'zext_ln116_1' <Predicate = true> <Delay = 0.00>
ST_9 : Operation 352 [5/5] (2.15ns)   --->   "%mul_ln116 = mul i132 %zext_ln116, i132 %zext_ln116_1" [predecoder_kernel.cpp:116]   --->   Operation 352 'mul' 'mul_ln116' <Predicate = true> <Delay = 2.15> <CoreInst = "Multiplier">   --->   Core 3 'Multiplier' <Latency = 4> <II = 1> <Delay = 2.15> <FuncUnit> <Opcode : 'mul'> <InPorts = 2> <OutPorts = 1>

State 10 <SV = 9> <Delay = 2.15>
ST_10 : Operation 353 [4/5] (2.15ns)   --->   "%mul_ln116 = mul i132 %zext_ln116, i132 %zext_ln116_1" [predecoder_kernel.cpp:116]   --->   Operation 353 'mul' 'mul_ln116' <Predicate = true> <Delay = 2.15> <CoreInst = "Multiplier">   --->   Core 3 'Multiplier' <Latency = 4> <II = 1> <Delay = 2.15> <FuncUnit> <Opcode : 'mul'> <InPorts = 2> <OutPorts = 1>

State 11 <SV = 10> <Delay = 2.15>
ST_11 : Operation 354 [3/5] (2.15ns)   --->   "%mul_ln116 = mul i132 %zext_ln116, i132 %zext_ln116_1" [predecoder_kernel.cpp:116]   --->   Operation 354 'mul' 'mul_ln116' <Predicate = true> <Delay = 2.15> <CoreInst = "Multiplier">   --->   Core 3 'Multiplier' <Latency = 4> <II = 1> <Delay = 2.15> <FuncUnit> <Opcode : 'mul'> <InPorts = 2> <OutPorts = 1>

State 12 <SV = 11> <Delay = 2.15>
ST_12 : Operation 355 [2/5] (2.15ns)   --->   "%mul_ln116 = mul i132 %zext_ln116, i132 %zext_ln116_1" [predecoder_kernel.cpp:116]   --->   Operation 355 'mul' 'mul_ln116' <Predicate = true> <Delay = 2.15> <CoreInst = "Multiplier">   --->   Core 3 'Multiplier' <Latency = 4> <II = 1> <Delay = 2.15> <FuncUnit> <Opcode : 'mul'> <InPorts = 2> <OutPorts = 1>

State 13 <SV = 12> <Delay = 2.15>
ST_13 : Operation 356 [1/5] (2.15ns)   --->   "%mul_ln116 = mul i132 %zext_ln116, i132 %zext_ln116_1" [predecoder_kernel.cpp:116]   --->   Operation 356 'mul' 'mul_ln116' <Predicate = true> <Delay = 2.15> <CoreInst = "Multiplier">   --->   Core 3 'Multiplier' <Latency = 4> <II = 1> <Delay = 2.15> <FuncUnit> <Opcode : 'mul'> <InPorts = 2> <OutPorts = 1>
ST_13 : Operation 357 [1/1] (0.00ns)   --->   "%trunc_ln7 = partselect i76 @_ssdm_op_PartSelect.i76.i132.i32.i32, i132 %mul_ln116, i32 56, i32 131" [predecoder_kernel.cpp:116]   --->   Operation 357 'partselect' 'trunc_ln7' <Predicate = true> <Delay = 0.00>

State 14 <SV = 13> <Delay = 2.25>
ST_14 : Operation 358 [1/1] (1.21ns)   --->   "%rounded = add i76 %trunc_ln7, i76 36028797018963968" [predecoder_kernel.cpp:117]   --->   Operation 358 'add' 'rounded' <Predicate = true> <Delay = 1.21> <CoreInst = "Adder">   --->   Core 1 'Adder' <Latency = 0> <II = 1> <Delay = 1.21> <FuncUnit> <Opcode : 'add' 'sub'> <InPorts = 2> <OutPorts = 1>
ST_14 : Operation 359 [1/1] (0.00ns)   --->   "%tmp_360 = partselect i12 @_ssdm_op_PartSelect.i12.i76.i32.i32, i76 %rounded, i32 64, i32 75" [predecoder_kernel.cpp:120]   --->   Operation 359 'partselect' 'tmp_360' <Predicate = true> <Delay = 0.00>
ST_14 : Operation 360 [1/1] (0.74ns)   --->   "%icmp_ln120 = icmp_ne  i12 %tmp_360, i12 0" [predecoder_kernel.cpp:120]   --->   Operation 360 'icmp' 'icmp_ln120' <Predicate = true> <Delay = 0.74> <CoreInst = "Cmp">   --->   Core 9 'Cmp' <Latency = 0> <II = 1> <Delay = 0.74> <FuncUnit> <Opcode : 'icmp'> <InPorts = 2> <OutPorts = 1>
ST_14 : Operation 361 [1/1] (0.00ns)   --->   "%trunc_ln = partselect i8 @_ssdm_op_PartSelect.i8.i76.i32.i32, i76 %rounded, i32 56, i32 63" [predecoder_kernel.cpp:121]   --->   Operation 361 'partselect' 'trunc_ln' <Predicate = true> <Delay = 0.00>
ST_14 : Operation 362 [1/1] (0.30ns)   --->   "%select_ln121 = select i1 %icmp_ln120, i8 255, i8 %trunc_ln" [predecoder_kernel.cpp:121]   --->   Operation 362 'select' 'select_ln121' <Predicate = true> <Delay = 0.30> <CoreInst = "Sel">   --->   Core 73 'Sel' <Latency = 0> <II = 1> <Delay = 0.30> <FuncUnit> <Opcode : 'select'> <InPorts = 3> <OutPorts = 1>
ST_14 : Operation 369 [1/1] (0.00ns)   --->   "%ret_ln0 = ret"   --->   Operation 369 'ret' 'ret_ln0' <Predicate = (icmp_ln69)> <Delay = 0.00>

State 15 <SV = 14> <Delay = 0.66>
ST_15 : Operation 363 [1/1] (0.00ns)   --->   "%specpipeline_ln69 = specpipeline void @_ssdm_op_SpecPipeline, i32 4294967295, i32 0, i32 0, i32 0, void @empty_5" [predecoder_kernel.cpp:69]   --->   Operation 363 'specpipeline' 'specpipeline_ln69' <Predicate = true> <Delay = 0.00>
ST_15 : Operation 364 [1/1] (0.00ns)   --->   "%speclooptripcount_ln69 = speclooptripcount void @_ssdm_op_SpecLoopTripCount, i64 12, i64 12, i64 12" [predecoder_kernel.cpp:69]   --->   Operation 364 'speclooptripcount' 'speclooptripcount_ln69' <Predicate = true> <Delay = 0.00>
ST_15 : Operation 365 [1/1] (0.00ns)   --->   "%specloopname_ln69 = specloopname void @_ssdm_op_SpecLoopName, void @empty_11" [predecoder_kernel.cpp:69]   --->   Operation 365 'specloopname' 'specloopname_ln69' <Predicate = true> <Delay = 0.00>
ST_15 : Operation 366 [1/1] (0.00ns)   --->   "%out_addr = getelementptr i8 %out_r, i64 0, i64 %zext_ln69_1" [predecoder_kernel.cpp:121]   --->   Operation 366 'getelementptr' 'out_addr' <Predicate = true> <Delay = 0.00>
ST_15 : Operation 367 [1/1] (0.66ns)   --->   "%store_ln121 = store i8 %select_ln121, i4 %out_addr" [predecoder_kernel.cpp:121]   --->   Operation 367 'store' 'store_ln121' <Predicate = true> <Delay = 0.66> <CoreInst = "RAM">   --->   Core 83 'RAM' <Latency = 1> <II = 1> <Delay = 0.66> <Storage> <Opcode : 'load' 'store'> <Ports = 2> <Width = 8> <Depth = 12> <RAM>
ST_15 : Operation 368 [1/1] (0.00ns)   --->   "%br_ln69 = br void %PARTIAL_INIT" [predecoder_kernel.cpp:69]   --->   Operation 368 'br' 'br_ln69' <Predicate = true> <Delay = 0.00>


============================================================
+ Verbose Summary: Binding
============================================================
STG Binding: 
---------------- STG Properties BEGIN ----------------
- Is combinational: 0
- Is one-state seq: 0
- Is datapath-only: 0
- Is pipelined: 0
- Is top level: 0
Port [ Return ] is wired: 1; IO mode=ap_ctrl_hs:ce=0
Port [ window_0_load_cast]:  wired=1; compound=0; hidden=0; nouse=0; global=0; static=0; extern=0; dir=0; type=0; pingpong=0; private_global=0; IO mode=ap_none:ce=0
Port [ window_1_0_load_cast]:  wired=1; compound=0; hidden=0; nouse=0; global=0; static=0; extern=0; dir=0; type=0; pingpong=0; private_global=0; IO mode=ap_none:ce=0
Port [ window_2_0_load_cast]:  wired=1; compound=0; hidden=0; nouse=0; global=0; static=0; extern=0; dir=0; type=0; pingpong=0; private_global=0; IO mode=ap_none:ce=0
Port [ window_0_load_1_cast]:  wired=1; compound=0; hidden=0; nouse=0; global=0; static=0; extern=0; dir=0; type=0; pingpong=0; private_global=0; IO mode=ap_none:ce=0
Port [ window_1_0_load_1_cast]:  wired=1; compound=0; hidden=0; nouse=0; global=0; static=0; extern=0; dir=0; type=0; pingpong=0; private_global=0; IO mode=ap_none:ce=0
Port [ window_2_0_load_1_cast]:  wired=1; compound=0; hidden=0; nouse=0; global=0; static=0; extern=0; dir=0; type=0; pingpong=0; private_global=0; IO mode=ap_none:ce=0
Port [ window_0_load_2_cast]:  wired=1; compound=0; hidden=0; nouse=0; global=0; static=0; extern=0; dir=0; type=0; pingpong=0; private_global=0; IO mode=ap_none:ce=0
Port [ window_1_0_load_2_cast]:  wired=1; compound=0; hidden=0; nouse=0; global=0; static=0; extern=0; dir=0; type=0; pingpong=0; private_global=0; IO mode=ap_none:ce=0
Port [ window_2_0_load_2_cast]:  wired=1; compound=0; hidden=0; nouse=0; global=0; static=0; extern=0; dir=0; type=0; pingpong=0; private_global=0; IO mode=ap_none:ce=0
Port [ window_0_load_3_cast]:  wired=1; compound=0; hidden=0; nouse=0; global=0; static=0; extern=0; dir=0; type=0; pingpong=0; private_global=0; IO mode=ap_none:ce=0
Port [ window_1_0_load_3_cast]:  wired=1; compound=0; hidden=0; nouse=0; global=0; static=0; extern=0; dir=0; type=0; pingpong=0; private_global=0; IO mode=ap_none:ce=0
Port [ window_2_0_load_3_cast]:  wired=1; compound=0; hidden=0; nouse=0; global=0; static=0; extern=0; dir=0; type=0; pingpong=0; private_global=0; IO mode=ap_none:ce=0
Port [ window_0_load_4_cast]:  wired=1; compound=0; hidden=0; nouse=0; global=0; static=0; extern=0; dir=0; type=0; pingpong=0; private_global=0; IO mode=ap_none:ce=0
Port [ window_1_0_load_4_cast]:  wired=1; compound=0; hidden=0; nouse=0; global=0; static=0; extern=0; dir=0; type=0; pingpong=0; private_global=0; IO mode=ap_none:ce=0
Port [ window_2_0_load_4_cast]:  wired=1; compound=0; hidden=0; nouse=0; global=0; static=0; extern=0; dir=0; type=0; pingpong=0; private_global=0; IO mode=ap_none:ce=0
Port [ window_0_load_5_cast]:  wired=1; compound=0; hidden=0; nouse=0; global=0; static=0; extern=0; dir=0; type=0; pingpong=0; private_global=0; IO mode=ap_none:ce=0
Port [ window_1_0_load_5_cast]:  wired=1; compound=0; hidden=0; nouse=0; global=0; static=0; extern=0; dir=0; type=0; pingpong=0; private_global=0; IO mode=ap_none:ce=0
Port [ window_2_0_load_5_cast]:  wired=1; compound=0; hidden=0; nouse=0; global=0; static=0; extern=0; dir=0; type=0; pingpong=0; private_global=0; IO mode=ap_none:ce=0
Port [ window_0_load_6_cast]:  wired=1; compound=0; hidden=0; nouse=0; global=0; static=0; extern=0; dir=0; type=0; pingpong=0; private_global=0; IO mode=ap_none:ce=0
Port [ window_1_0_load_6_cast]:  wired=1; compound=0; hidden=0; nouse=0; global=0; static=0; extern=0; dir=0; type=0; pingpong=0; private_global=0; IO mode=ap_none:ce=0
Port [ window_2_0_load_6_cast]:  wired=1; compound=0; hidden=0; nouse=0; global=0; static=0; extern=0; dir=0; type=0; pingpong=0; private_global=0; IO mode=ap_none:ce=0
Port [ window_0_load_7_cast]:  wired=1; compound=0; hidden=0; nouse=0; global=0; static=0; extern=0; dir=0; type=0; pingpong=0; private_global=0; IO mode=ap_none:ce=0
Port [ window_1_0_load_7_cast]:  wired=1; compound=0; hidden=0; nouse=0; global=0; static=0; extern=0; dir=0; type=0; pingpong=0; private_global=0; IO mode=ap_none:ce=0
Port [ window_2_0_load_7_cast]:  wired=1; compound=0; hidden=0; nouse=0; global=0; static=0; extern=0; dir=0; type=0; pingpong=0; private_global=0; IO mode=ap_none:ce=0
Port [ window_0_load_8_cast]:  wired=1; compound=0; hidden=0; nouse=0; global=0; static=0; extern=0; dir=0; type=0; pingpong=0; private_global=0; IO mode=ap_none:ce=0
Port [ window_1_0_load_8_cast]:  wired=1; compound=0; hidden=0; nouse=0; global=0; static=0; extern=0; dir=0; type=0; pingpong=0; private_global=0; IO mode=ap_none:ce=0
Port [ zext_ln69]:  wired=1; compound=0; hidden=0; nouse=0; global=0; static=0; extern=0; dir=0; type=0; pingpong=0; private_global=0; IO mode=ap_none:ce=0
Port [ out_r]:  wired=1; compound=1; hidden=0; nouse=0; global=0; static=0; extern=0; dir=1; type=1; pingpong=0; private_global=0; MemPort=[03]; IO mode=ap_memory:ce=0
Port [ p_ZN18predecoder_weightsL13LAYER0_WEIGHTE_0]:  wired=0; compound=1; hidden=1; nouse=0; global=1; static=1; extern=0; dir=0; type=1; pingpong=0; private_global=1; MemPort=[1]; IO mode=ap_memory:ce=0
Port [ p_ZN18predecoder_weightsL13LAYER0_WEIGHTE_1]:  wired=0; compound=1; hidden=1; nouse=0; global=1; static=1; extern=0; dir=0; type=1; pingpong=0; private_global=1; MemPort=[1]; IO mode=ap_memory:ce=0
Port [ p_ZN18predecoder_weightsL13LAYER0_WEIGHTE_2]:  wired=0; compound=1; hidden=1; nouse=0; global=1; static=1; extern=0; dir=0; type=1; pingpong=0; private_global=1; MemPort=[1]; IO mode=ap_memory:ce=0
Port [ p_ZN18predecoder_weightsL13LAYER0_WEIGHTE_3]:  wired=0; compound=1; hidden=1; nouse=0; global=1; static=1; extern=0; dir=0; type=1; pingpong=0; private_global=1; MemPort=[1]; IO mode=ap_memory:ce=0
Port [ p_ZN18predecoder_weightsL13LAYER0_WEIGHTE_4]:  wired=0; compound=1; hidden=1; nouse=0; global=1; static=1; extern=0; dir=0; type=1; pingpong=0; private_global=1; MemPort=[1]; IO mode=ap_memory:ce=0
Port [ p_ZN18predecoder_weightsL13LAYER0_WEIGHTE_5]:  wired=0; compound=1; hidden=1; nouse=0; global=1; static=1; extern=0; dir=0; type=1; pingpong=0; private_global=1; MemPort=[1]; IO mode=ap_memory:ce=0
Port [ p_ZN18predecoder_weightsL13LAYER0_WEIGHTE_6]:  wired=0; compound=1; hidden=1; nouse=0; global=1; static=1; extern=0; dir=0; type=1; pingpong=0; private_global=1; MemPort=[1]; IO mode=ap_memory:ce=0
Port [ p_ZN18predecoder_weightsL13LAYER0_WEIGHTE_7]:  wired=0; compound=1; hidden=1; nouse=0; global=1; static=1; extern=0; dir=0; type=1; pingpong=0; private_global=1; MemPort=[1]; IO mode=ap_memory:ce=0
Port [ p_ZN18predecoder_weightsL13LAYER0_WEIGHTE_8]:  wired=0; compound=1; hidden=1; nouse=0; global=1; static=1; extern=0; dir=0; type=1; pingpong=0; private_global=1; MemPort=[1]; IO mode=ap_memory:ce=0
Port [ p_ZN18predecoder_weightsL13LAYER0_WEIGHTE_9]:  wired=0; compound=1; hidden=1; nouse=0; global=1; static=1; extern=0; dir=0; type=1; pingpong=0; private_global=1; MemPort=[1]; IO mode=ap_memory:ce=0
Port [ p_ZN18predecoder_weightsL13LAYER0_WEIGHTE_10]:  wired=0; compound=1; hidden=1; nouse=0; global=1; static=1; extern=0; dir=0; type=1; pingpong=0; private_global=1; MemPort=[1]; IO mode=ap_memory:ce=0
Port [ p_ZN18predecoder_weightsL13LAYER0_WEIGHTE_11]:  wired=0; compound=1; hidden=1; nouse=0; global=1; static=1; extern=0; dir=0; type=1; pingpong=0; private_global=1; MemPort=[1]; IO mode=ap_memory:ce=0
Port [ p_ZN18predecoder_weightsL13LAYER0_WEIGHTE_12]:  wired=0; compound=1; hidden=1; nouse=0; global=1; static=1; extern=0; dir=0; type=1; pingpong=0; private_global=1; MemPort=[1]; IO mode=ap_memory:ce=0
Port [ p_ZN18predecoder_weightsL13LAYER0_WEIGHTE_13]:  wired=0; compound=1; hidden=1; nouse=0; global=1; static=1; extern=0; dir=0; type=1; pingpong=0; private_global=1; MemPort=[1]; IO mode=ap_memory:ce=0
Port [ p_ZN18predecoder_weightsL13LAYER0_WEIGHTE_14]:  wired=0; compound=1; hidden=1; nouse=0; global=1; static=1; extern=0; dir=0; type=1; pingpong=0; private_global=1; MemPort=[1]; IO mode=ap_memory:ce=0
Port [ p_ZN18predecoder_weightsL13LAYER0_WEIGHTE_15]:  wired=0; compound=1; hidden=1; nouse=0; global=1; static=1; extern=0; dir=0; type=1; pingpong=0; private_global=1; MemPort=[1]; IO mode=ap_memory:ce=0
Port [ p_ZN18predecoder_weightsL13LAYER0_WEIGHTE_16]:  wired=0; compound=1; hidden=1; nouse=0; global=1; static=1; extern=0; dir=0; type=1; pingpong=0; private_global=1; MemPort=[1]; IO mode=ap_memory:ce=0
Port [ p_ZN18predecoder_weightsL13LAYER0_WEIGHTE_17]:  wired=0; compound=1; hidden=1; nouse=0; global=1; static=1; extern=0; dir=0; type=1; pingpong=0; private_global=1; MemPort=[1]; IO mode=ap_memory:ce=0
Port [ p_ZN18predecoder_weightsL13LAYER0_WEIGHTE_18]:  wired=0; compound=1; hidden=1; nouse=0; global=1; static=1; extern=0; dir=0; type=1; pingpong=0; private_global=1; MemPort=[1]; IO mode=ap_memory:ce=0
Port [ p_ZN18predecoder_weightsL13LAYER0_WEIGHTE_19]:  wired=0; compound=1; hidden=1; nouse=0; global=1; static=1; extern=0; dir=0; type=1; pingpong=0; private_global=1; MemPort=[1]; IO mode=ap_memory:ce=0
Port [ p_ZN18predecoder_weightsL13LAYER0_WEIGHTE_20]:  wired=0; compound=1; hidden=1; nouse=0; global=1; static=1; extern=0; dir=0; type=1; pingpong=0; private_global=1; MemPort=[1]; IO mode=ap_memory:ce=0
Port [ p_ZN18predecoder_weightsL13LAYER0_WEIGHTE_21]:  wired=0; compound=1; hidden=1; nouse=0; global=1; static=1; extern=0; dir=0; type=1; pingpong=0; private_global=1; MemPort=[1]; IO mode=ap_memory:ce=0
Port [ p_ZN18predecoder_weightsL13LAYER0_WEIGHTE_22]:  wired=0; compound=1; hidden=1; nouse=0; global=1; static=1; extern=0; dir=0; type=1; pingpong=0; private_global=1; MemPort=[1]; IO mode=ap_memory:ce=0
Port [ p_ZN18predecoder_weightsL13LAYER0_WEIGHTE_23]:  wired=0; compound=1; hidden=1; nouse=0; global=1; static=1; extern=0; dir=0; type=1; pingpong=0; private_global=1; MemPort=[1]; IO mode=ap_memory:ce=0
Port [ p_ZN18predecoder_weightsL13LAYER0_WEIGHTE_24]:  wired=0; compound=1; hidden=1; nouse=0; global=1; static=1; extern=0; dir=0; type=1; pingpong=0; private_global=1; MemPort=[1]; IO mode=ap_memory:ce=0
Port [ p_ZN18predecoder_weightsL13LAYER0_WEIGHTE_25]:  wired=0; compound=1; hidden=1; nouse=0; global=1; static=1; extern=0; dir=0; type=1; pingpong=0; private_global=1; MemPort=[1]; IO mode=ap_memory:ce=0
Port [ p_ZN18predecoder_weightsL13LAYER0_WEIGHTE_26]:  wired=0; compound=1; hidden=1; nouse=0; global=1; static=1; extern=0; dir=0; type=1; pingpong=0; private_global=1; MemPort=[1]; IO mode=ap_memory:ce=0
Port [ predecoder_weights_LAYER0_BIAS]:  wired=0; compound=1; hidden=1; nouse=0; global=1; static=1; extern=0; dir=0; type=1; pingpong=0; private_global=1; MemPort=[1]; IO mode=ap_memory:ce=0
Port [ layer0_mult]:  wired=0; compound=1; hidden=1; nouse=0; global=1; static=1; extern=0; dir=0; type=1; pingpong=0; private_global=1; MemPort=[1]; IO mode=ap_memory:ce=0
---------------- STG Properties END ------------------

---------------- Datapath Model BEGIN ----------------

<LifeTime>
<method=bitvector/>
oc                                                (alloca           ) [ 0100000000000000]
zext_ln69_read                                    (read             ) [ 0000000000000000]
window_1_0_load_8_cast_read                       (read             ) [ 0000000000000000]
window_0_load_8_cast_read                         (read             ) [ 0000000000000000]
window_2_0_load_7_cast_read                       (read             ) [ 0000000000000000]
window_1_0_load_7_cast_read                       (read             ) [ 0000000000000000]
window_0_load_7_cast_read                         (read             ) [ 0000000000000000]
window_2_0_load_6_cast_read                       (read             ) [ 0000000000000000]
window_1_0_load_6_cast_read                       (read             ) [ 0000000000000000]
window_0_load_6_cast_read                         (read             ) [ 0000000000000000]
window_2_0_load_5_cast_read                       (read             ) [ 0000000000000000]
window_1_0_load_5_cast_read                       (read             ) [ 0000000000000000]
window_0_load_5_cast_read                         (read             ) [ 0000000000000000]
window_2_0_load_4_cast_read                       (read             ) [ 0000000000000000]
window_1_0_load_4_cast_read                       (read             ) [ 0000000000000000]
window_0_load_4_cast_read                         (read             ) [ 0000000000000000]
window_2_0_load_3_cast_read                       (read             ) [ 0000000000000000]
window_1_0_load_3_cast_read                       (read             ) [ 0000000000000000]
window_0_load_3_cast_read                         (read             ) [ 0000000000000000]
window_2_0_load_2_cast_read                       (read             ) [ 0000000000000000]
window_1_0_load_2_cast_read                       (read             ) [ 0000000000000000]
window_0_load_2_cast_read                         (read             ) [ 0000000000000000]
window_2_0_load_1_cast_read                       (read             ) [ 0000000000000000]
window_1_0_load_1_cast_read                       (read             ) [ 0000000000000000]
window_0_load_1_cast_read                         (read             ) [ 0000000000000000]
window_2_0_load_cast_read                         (read             ) [ 0000000000000000]
window_1_0_load_cast_read                         (read             ) [ 0000000000000000]
window_0_load_cast_read                           (read             ) [ 0000000000000000]
zext_ln69_cast                                    (zext             ) [ 0111111000000000]
window_1_0_load_8_cast_cast                       (zext             ) [ 0111111000000000]
window_0_load_8_cast_cast                         (zext             ) [ 0111111100000000]
window_2_0_load_7_cast_cast                       (zext             ) [ 0111111100000000]
window_1_0_load_7_cast_cast                       (zext             ) [ 0111111100000000]
window_0_load_7_cast_cast                         (zext             ) [ 0111111000000000]
window_2_0_load_6_cast_cast                       (zext             ) [ 0111100000000000]
window_1_0_load_6_cast_cast                       (zext             ) [ 0111100000000000]
window_0_load_6_cast_cast                         (zext             ) [ 0111110000000000]
window_2_0_load_5_cast_cast                       (zext             ) [ 0111100000000000]
window_1_0_load_5_cast_cast                       (zext             ) [ 0111100000000000]
window_0_load_5_cast_cast                         (zext             ) [ 0111110000000000]
window_2_0_load_4_cast_cast                       (zext             ) [ 0111110000000000]
window_1_0_load_4_cast_cast                       (zext             ) [ 0111110000000000]
window_0_load_4_cast_cast                         (zext             ) [ 0111111000000000]
window_2_0_load_3_cast_cast                       (zext             ) [ 0111110000000000]
window_1_0_load_3_cast_cast                       (zext             ) [ 0111110000000000]
window_0_load_3_cast_cast                         (zext             ) [ 0111100000000000]
window_2_0_load_2_cast_cast                       (zext             ) [ 0111110000000000]
window_1_0_load_2_cast_cast                       (zext             ) [ 0111110000000000]
window_0_load_2_cast_cast                         (zext             ) [ 0111100000000000]
window_2_0_load_1_cast_cast                       (zext             ) [ 0111110000000000]
window_1_0_load_1_cast_cast                       (zext             ) [ 0111110000000000]
window_0_load_1_cast_cast                         (zext             ) [ 0111110000000000]
window_2_0_load_cast_cast                         (zext             ) [ 0111100000000000]
window_1_0_load_cast_cast                         (zext             ) [ 0111110000000000]
window_0_load_cast_cast                           (zext             ) [ 0111100000000000]
store_ln69                                        (store            ) [ 0000000000000000]
br_ln0                                            (br               ) [ 0000000000000000]
oc_1                                              (load             ) [ 0000000000000000]
icmp_ln69                                         (icmp             ) [ 0111111111111110]
add_ln69                                          (add              ) [ 0000000000000000]
br_ln69                                           (br               ) [ 0000000000000000]
zext_ln69_1                                       (zext             ) [ 0111111111111111]
p_ZN18predecoder_weightsL13LAYER0_WEIGHTE_2_addr  (getelementptr    ) [ 0110000000000000]
p_ZN18predecoder_weightsL13LAYER0_WEIGHTE_6_addr  (getelementptr    ) [ 0110000000000000]
p_ZN18predecoder_weightsL13LAYER0_WEIGHTE_17_addr (getelementptr    ) [ 0110000000000000]
p_ZN18predecoder_weightsL13LAYER0_WEIGHTE_20_addr (getelementptr    ) [ 0110000000000000]
store_ln69                                        (store            ) [ 0000000000000000]
p_ZN18predecoder_weightsL13LAYER0_WEIGHTE_0_addr  (getelementptr    ) [ 0101000000000000]
p_ZN18predecoder_weightsL13LAYER0_WEIGHTE_1_addr  (getelementptr    ) [ 0101000000000000]
p_ZN18predecoder_weightsL13LAYER0_WEIGHTE_2_load  (load             ) [ 0000000000000000]
sext_ln102_4                                      (sext             ) [ 0101100000000000]
p_ZN18predecoder_weightsL13LAYER0_WEIGHTE_3_addr  (getelementptr    ) [ 0101000000000000]
p_ZN18predecoder_weightsL13LAYER0_WEIGHTE_6_load  (load             ) [ 0000000000000000]
sext_ln102_12                                     (sext             ) [ 0101100000000000]
p_ZN18predecoder_weightsL13LAYER0_WEIGHTE_7_addr  (getelementptr    ) [ 0101000000000000]
p_ZN18predecoder_weightsL13LAYER0_WEIGHTE_8_addr  (getelementptr    ) [ 0101000000000000]
p_ZN18predecoder_weightsL13LAYER0_WEIGHTE_9_addr  (getelementptr    ) [ 0101000000000000]
p_ZN18predecoder_weightsL13LAYER0_WEIGHTE_11_addr (getelementptr    ) [ 0101000000000000]
p_ZN18predecoder_weightsL13LAYER0_WEIGHTE_14_addr (getelementptr    ) [ 0101000000000000]
p_ZN18predecoder_weightsL13LAYER0_WEIGHTE_15_addr (getelementptr    ) [ 0101000000000000]
p_ZN18predecoder_weightsL13LAYER0_WEIGHTE_16_addr (getelementptr    ) [ 0101000000000000]
p_ZN18predecoder_weightsL13LAYER0_WEIGHTE_17_load (load             ) [ 0000000000000000]
sext_ln102_34                                     (sext             ) [ 0101100000000000]
p_ZN18predecoder_weightsL13LAYER0_WEIGHTE_18_addr (getelementptr    ) [ 0101000000000000]
p_ZN18predecoder_weightsL13LAYER0_WEIGHTE_19_addr (getelementptr    ) [ 0101000000000000]
p_ZN18predecoder_weightsL13LAYER0_WEIGHTE_20_load (load             ) [ 0000000000000000]
sext_ln102_40                                     (sext             ) [ 0101100000000000]
p_ZN18predecoder_weightsL13LAYER0_WEIGHTE_0_load  (load             ) [ 0100100000000000]
p_ZN18predecoder_weightsL13LAYER0_WEIGHTE_1_load  (load             ) [ 0000000000000000]
sext_ln102_2                                      (sext             ) [ 0100110000000000]
p_ZN18predecoder_weightsL13LAYER0_WEIGHTE_3_load  (load             ) [ 0000000000000000]
sext_ln102_6                                      (sext             ) [ 0100110000000000]
p_ZN18predecoder_weightsL13LAYER0_WEIGHTE_4_addr  (getelementptr    ) [ 0100100000000000]
p_ZN18predecoder_weightsL13LAYER0_WEIGHTE_5_addr  (getelementptr    ) [ 0100100000000000]
p_ZN18predecoder_weightsL13LAYER0_WEIGHTE_7_load  (load             ) [ 0000000000000000]
sext_ln102_14                                     (sext             ) [ 0100110000000000]
p_ZN18predecoder_weightsL13LAYER0_WEIGHTE_8_load  (load             ) [ 0000000000000000]
sext_ln102_16                                     (sext             ) [ 0100110000000000]
p_ZN18predecoder_weightsL13LAYER0_WEIGHTE_9_load  (load             ) [ 0100100000000000]
p_ZN18predecoder_weightsL13LAYER0_WEIGHTE_10_addr (getelementptr    ) [ 0100100000000000]
p_ZN18predecoder_weightsL13LAYER0_WEIGHTE_11_load (load             ) [ 0000000000000000]
sext_ln102_22                                     (sext             ) [ 0100110000000000]
p_ZN18predecoder_weightsL13LAYER0_WEIGHTE_12_addr (getelementptr    ) [ 0100100000000000]
p_ZN18predecoder_weightsL13LAYER0_WEIGHTE_13_addr (getelementptr    ) [ 0100100000000000]
p_ZN18predecoder_weightsL13LAYER0_WEIGHTE_14_load (load             ) [ 0000000000000000]
sext_ln102_28                                     (sext             ) [ 0100110000000000]
p_ZN18predecoder_weightsL13LAYER0_WEIGHTE_15_load (load             ) [ 0000000000000000]
sext_ln102_30                                     (sext             ) [ 0100110000000000]
p_ZN18predecoder_weightsL13LAYER0_WEIGHTE_16_load (load             ) [ 0100100000000000]
p_ZN18predecoder_weightsL13LAYER0_WEIGHTE_18_load (load             ) [ 0000000000000000]
sext_ln102_36                                     (sext             ) [ 0100110000000000]
p_ZN18predecoder_weightsL13LAYER0_WEIGHTE_19_load (load             ) [ 0100100000000000]
p_ZN18predecoder_weightsL13LAYER0_WEIGHTE_25_addr (getelementptr    ) [ 0100100000000000]
p_ZN18predecoder_weightsL13LAYER0_WEIGHTE_26_addr (getelementptr    ) [ 0100100000000000]
sext_ln102                                        (sext             ) [ 0000000000000000]
partial                                           (mul              ) [ 0000000000000000]
sext_ln102_1                                      (sext             ) [ 0100010000000000]
partial_2                                         (mul              ) [ 0000000000000000]
sext_ln102_5                                      (sext             ) [ 0100010000000000]
p_ZN18predecoder_weightsL13LAYER0_WEIGHTE_4_load  (load             ) [ 0100010000000000]
p_ZN18predecoder_weightsL13LAYER0_WEIGHTE_5_load  (load             ) [ 0100010000000000]
partial_6                                         (mul              ) [ 0000000000000000]
sext_ln102_13                                     (sext             ) [ 0100010000000000]
sext_ln102_18                                     (sext             ) [ 0000000000000000]
partial_9                                         (mul              ) [ 0000000000000000]
sext_ln102_19                                     (sext             ) [ 0100010000000000]
p_ZN18predecoder_weightsL13LAYER0_WEIGHTE_10_load (load             ) [ 0100010000000000]
p_ZN18predecoder_weightsL13LAYER0_WEIGHTE_12_load (load             ) [ 0000000000000000]
sext_ln102_24                                     (sext             ) [ 0100011000000000]
p_ZN18predecoder_weightsL13LAYER0_WEIGHTE_13_load (load             ) [ 0100010000000000]
sext_ln102_32                                     (sext             ) [ 0000000000000000]
partial_16                                        (mul              ) [ 0000000000000000]
sext_ln102_33                                     (sext             ) [ 0100010000000000]
partial_17                                        (mul              ) [ 0000000000000000]
sext_ln102_35                                     (sext             ) [ 0100010000000000]
sext_ln102_38                                     (sext             ) [ 0000000000000000]
partial_19                                        (mul              ) [ 0000000000000000]
sext_ln102_39                                     (sext             ) [ 0100010000000000]
partial_20                                        (mul              ) [ 0000000000000000]
sext_ln102_41                                     (sext             ) [ 0100010000000000]
p_ZN18predecoder_weightsL13LAYER0_WEIGHTE_21_addr (getelementptr    ) [ 0100010000000000]
p_ZN18predecoder_weightsL13LAYER0_WEIGHTE_22_addr (getelementptr    ) [ 0100010000000000]
p_ZN18predecoder_weightsL13LAYER0_WEIGHTE_24_addr (getelementptr    ) [ 0100010000000000]
p_ZN18predecoder_weightsL13LAYER0_WEIGHTE_25_load (load             ) [ 0000000000000000]
sext_ln102_50                                     (sext             ) [ 0100011000000000]
p_ZN18predecoder_weightsL13LAYER0_WEIGHTE_26_load (load             ) [ 0000000000000000]
sext_ln102_52                                     (sext             ) [ 0100011000000000]
partial_1                                         (mul              ) [ 0000000000000000]
sext_ln102_3                                      (sext             ) [ 0100001000000000]
partial_3                                         (mul              ) [ 0000000000000000]
sext_ln102_7                                      (sext             ) [ 0100001000000000]
sext_ln102_8                                      (sext             ) [ 0000000000000000]
partial_4                                         (mul              ) [ 0000000000000000]
sext_ln102_9                                      (sext             ) [ 0100001000000000]
sext_ln102_10                                     (sext             ) [ 0000000000000000]
partial_5                                         (mul              ) [ 0000000000000000]
sext_ln102_11                                     (sext             ) [ 0100001000000000]
partial_7                                         (mul              ) [ 0000000000000000]
sext_ln102_15                                     (sext             ) [ 0100001000000000]
partial_8                                         (mul              ) [ 0000000000000000]
sext_ln102_17                                     (sext             ) [ 0100001000000000]
sext_ln102_20                                     (sext             ) [ 0000000000000000]
partial_10                                        (mul              ) [ 0000000000000000]
sext_ln102_21                                     (sext             ) [ 0100001000000000]
partial_11                                        (mul              ) [ 0000000000000000]
sext_ln102_23                                     (sext             ) [ 0100001000000000]
sext_ln102_26                                     (sext             ) [ 0000000000000000]
partial_13                                        (mul              ) [ 0000000000000000]
sext_ln102_27                                     (sext             ) [ 0100001000000000]
partial_14                                        (mul              ) [ 0000000000000000]
sext_ln102_29                                     (sext             ) [ 0100001000000000]
partial_15                                        (mul              ) [ 0000000000000000]
sext_ln102_31                                     (sext             ) [ 0100001000000000]
partial_18                                        (mul              ) [ 0000000000000000]
sext_ln102_37                                     (sext             ) [ 0100001000000000]
p_ZN18predecoder_weightsL13LAYER0_WEIGHTE_21_load (load             ) [ 0100001000000000]
p_ZN18predecoder_weightsL13LAYER0_WEIGHTE_22_load (load             ) [ 0000000000000000]
sext_ln102_44                                     (sext             ) [ 0100001100000000]
p_ZN18predecoder_weightsL13LAYER0_WEIGHTE_23_addr (getelementptr    ) [ 0100001000000000]
p_ZN18predecoder_weightsL13LAYER0_WEIGHTE_24_load (load             ) [ 0000000000000000]
sext_ln102_48                                     (sext             ) [ 0100001100000000]
predecoder_weights_LAYER0_BIAS_addr               (getelementptr    ) [ 0100001000000000]
add_ln112                                         (add              ) [ 0100001000000000]
add_ln112_6                                       (add              ) [ 0100001000000000]
add_ln112_14                                      (add              ) [ 0000000000000000]
sext_ln112_9                                      (sext             ) [ 0100001000000000]
add_ln112_16                                      (add              ) [ 0000000000000000]
sext_ln112_11                                     (sext             ) [ 0100001000000000]
partial_12                                        (mul              ) [ 0000000000000000]
sext_ln102_25                                     (sext             ) [ 0100000100000000]
sext_ln102_42                                     (sext             ) [ 0000000000000000]
partial_21                                        (mul              ) [ 0000000000000000]
sext_ln102_43                                     (sext             ) [ 0100000100000000]
p_ZN18predecoder_weightsL13LAYER0_WEIGHTE_23_load (load             ) [ 0100000100000000]
partial_25                                        (mul              ) [ 0000000000000000]
sext_ln102_51                                     (sext             ) [ 0100000100000000]
partial_26                                        (mul              ) [ 0100000100000000]
acc                                               (load             ) [ 0000000000000000]
sext_ln106                                        (sext             ) [ 0100000100000000]
add_ln112_1                                       (add              ) [ 0000000000000000]
sext_ln112                                        (sext             ) [ 0000000000000000]
add_ln112_2                                       (add              ) [ 0000000000000000]
sext_ln112_3                                      (sext             ) [ 0000000000000000]
add_ln112_3                                       (add              ) [ 0000000000000000]
sext_ln112_1                                      (sext             ) [ 0000000000000000]
add_ln112_4                                       (add              ) [ 0000000000000000]
sext_ln112_4                                      (sext             ) [ 0000000000000000]
add_ln112_5                                       (add              ) [ 0000000000000000]
add_ln112_7                                       (add              ) [ 0000000000000000]
sext_ln112_5                                      (sext             ) [ 0000000000000000]
add_ln112_8                                       (add              ) [ 0100000100000000]
add_ln112_9                                       (add              ) [ 0100000100000000]
add_ln112_11                                      (add              ) [ 0000000000000000]
sext_ln112_7                                      (sext             ) [ 0100000100000000]
add_ln112_15                                      (add              ) [ 0000000000000000]
sext_ln112_10                                     (sext             ) [ 0000000000000000]
add_ln112_17                                      (add              ) [ 0000000000000000]
sext_ln112_12                                     (sext             ) [ 0000000000000000]
add_ln112_18                                      (add              ) [ 0100000100000000]
partial_22                                        (mul              ) [ 0000000000000000]
sext_ln102_45                                     (sext             ) [ 0100000010000000]
sext_ln102_46                                     (sext             ) [ 0000000000000000]
partial_23                                        (mul              ) [ 0000000000000000]
sext_ln102_47                                     (sext             ) [ 0100000010000000]
partial_24                                        (mul              ) [ 0000000000000000]
sext_ln102_49                                     (sext             ) [ 0100000010000000]
sext_ln112_2                                      (sext             ) [ 0000000000000000]
sext_ln112_6                                      (sext             ) [ 0000000000000000]
add_ln112_10                                      (add              ) [ 0000000000000000]
add_ln112_12                                      (add              ) [ 0000000000000000]
sext_ln112_8                                      (sext             ) [ 0000000000000000]
add_ln112_13                                      (add              ) [ 0000000000000000]
sext_ln112_13                                     (sext             ) [ 0000000000000000]
add_ln112_19                                      (add              ) [ 0100000010000000]
add_ln112_23                                      (add              ) [ 0000000000000000]
add_ln112_24                                      (add              ) [ 0000000000000000]
sext_ln112_16                                     (sext             ) [ 0000000000000000]
add_ln112_25                                      (add              ) [ 0100000010000000]
layer0_mult_addr                                  (getelementptr    ) [ 0100000010000000]
add_ln112_20                                      (add              ) [ 0000000000000000]
sext_ln112_14                                     (sext             ) [ 0000000000000000]
add_ln112_21                                      (add              ) [ 0000000000000000]
sext_ln112_15                                     (sext             ) [ 0000000000000000]
add_ln112_22                                      (add              ) [ 0000000000000000]
sext_ln112_17                                     (sext             ) [ 0000000000000000]
acc_1                                             (add              ) [ 0000000000000000]
tmp                                               (bitselect        ) [ 0000000000000000]
trunc_ln116                                       (trunc            ) [ 0000000000000000]
select_ln114                                      (select           ) [ 0100000001000000]
layer0_mult_load                                  (load             ) [ 0100000001000000]
shl_ln                                            (bitconcatenate   ) [ 0000000000000000]
shl_ln116_1                                       (bitconcatenate   ) [ 0000000000000000]
zext_ln116                                        (zext             ) [ 0100000000111100]
zext_ln116_1                                      (zext             ) [ 0100000000111100]
mul_ln116                                         (mul              ) [ 0000000000000000]
trunc_ln7                                         (partselect       ) [ 0100000000000010]
rounded                                           (add              ) [ 0000000000000000]
tmp_360                                           (partselect       ) [ 0000000000000000]
icmp_ln120                                        (icmp             ) [ 0000000000000000]
trunc_ln                                          (partselect       ) [ 0000000000000000]
select_ln121                                      (select           ) [ 0100000000000001]
specpipeline_ln69                                 (specpipeline     ) [ 0000000000000000]
speclooptripcount_ln69                            (speclooptripcount) [ 0000000000000000]
specloopname_ln69                                 (specloopname     ) [ 0000000000000000]
out_addr                                          (getelementptr    ) [ 0000000000000000]
store_ln121                                       (store            ) [ 0000000000000000]
br_ln69                                           (br               ) [ 0000000000000000]
ret_ln0                                           (ret              ) [ 0000000000000000]
</LifeTime>

<model>

<comp_list>
<comp id="0" class="1000" name="window_0_load_cast">
<pin_list>
<pin id="1" dir="1" index="0" bw="1" slack="0"/>
</pin_list>
<bind>
<StgValue><ssdm name="window_0_load_cast"/></StgValue>
</bind>
</comp>

<comp id="2" class="1000" name="window_1_0_load_cast">
<pin_list>
<pin id="3" dir="1" index="0" bw="1" slack="0"/>
</pin_list>
<bind>
<StgValue><ssdm name="window_1_0_load_cast"/></StgValue>
</bind>
</comp>

<comp id="4" class="1000" name="window_2_0_load_cast">
<pin_list>
<pin id="5" dir="1" index="0" bw="1" slack="0"/>
</pin_list>
<bind>
<StgValue><ssdm name="window_2_0_load_cast"/></StgValue>
</bind>
</comp>

<comp id="6" class="1000" name="window_0_load_1_cast">
<pin_list>
<pin id="7" dir="1" index="0" bw="1" slack="0"/>
</pin_list>
<bind>
<StgValue><ssdm name="window_0_load_1_cast"/></StgValue>
</bind>
</comp>

<comp id="8" class="1000" name="window_1_0_load_1_cast">
<pin_list>
<pin id="9" dir="1" index="0" bw="1" slack="0"/>
</pin_list>
<bind>
<StgValue><ssdm name="window_1_0_load_1_cast"/></StgValue>
</bind>
</comp>

<comp id="10" class="1000" name="window_2_0_load_1_cast">
<pin_list>
<pin id="11" dir="1" index="0" bw="1" slack="0"/>
</pin_list>
<bind>
<StgValue><ssdm name="window_2_0_load_1_cast"/></StgValue>
</bind>
</comp>

<comp id="12" class="1000" name="window_0_load_2_cast">
<pin_list>
<pin id="13" dir="1" index="0" bw="1" slack="0"/>
</pin_list>
<bind>
<StgValue><ssdm name="window_0_load_2_cast"/></StgValue>
</bind>
</comp>

<comp id="14" class="1000" name="window_1_0_load_2_cast">
<pin_list>
<pin id="15" dir="1" index="0" bw="1" slack="0"/>
</pin_list>
<bind>
<StgValue><ssdm name="window_1_0_load_2_cast"/></StgValue>
</bind>
</comp>

<comp id="16" class="1000" name="window_2_0_load_2_cast">
<pin_list>
<pin id="17" dir="1" index="0" bw="1" slack="0"/>
</pin_list>
<bind>
<StgValue><ssdm name="window_2_0_load_2_cast"/></StgValue>
</bind>
</comp>

<comp id="18" class="1000" name="window_0_load_3_cast">
<pin_list>
<pin id="19" dir="1" index="0" bw="1" slack="0"/>
</pin_list>
<bind>
<StgValue><ssdm name="window_0_load_3_cast"/></StgValue>
</bind>
</comp>

<comp id="20" class="1000" name="window_1_0_load_3_cast">
<pin_list>
<pin id="21" dir="1" index="0" bw="1" slack="0"/>
</pin_list>
<bind>
<StgValue><ssdm name="window_1_0_load_3_cast"/></StgValue>
</bind>
</comp>

<comp id="22" class="1000" name="window_2_0_load_3_cast">
<pin_list>
<pin id="23" dir="1" index="0" bw="1" slack="0"/>
</pin_list>
<bind>
<StgValue><ssdm name="window_2_0_load_3_cast"/></StgValue>
</bind>
</comp>

<comp id="24" class="1000" name="window_0_load_4_cast">
<pin_list>
<pin id="25" dir="1" index="0" bw="1" slack="0"/>
</pin_list>
<bind>
<StgValue><ssdm name="window_0_load_4_cast"/></StgValue>
</bind>
</comp>

<comp id="26" class="1000" name="window_1_0_load_4_cast">
<pin_list>
<pin id="27" dir="1" index="0" bw="1" slack="0"/>
</pin_list>
<bind>
<StgValue><ssdm name="window_1_0_load_4_cast"/></StgValue>
</bind>
</comp>

<comp id="28" class="1000" name="window_2_0_load_4_cast">
<pin_list>
<pin id="29" dir="1" index="0" bw="1" slack="0"/>
</pin_list>
<bind>
<StgValue><ssdm name="window_2_0_load_4_cast"/></StgValue>
</bind>
</comp>

<comp id="30" class="1000" name="window_0_load_5_cast">
<pin_list>
<pin id="31" dir="1" index="0" bw="1" slack="0"/>
</pin_list>
<bind>
<StgValue><ssdm name="window_0_load_5_cast"/></StgValue>
</bind>
</comp>

<comp id="32" class="1000" name="window_1_0_load_5_cast">
<pin_list>
<pin id="33" dir="1" index="0" bw="1" slack="0"/>
</pin_list>
<bind>
<StgValue><ssdm name="window_1_0_load_5_cast"/></StgValue>
</bind>
</comp>

<comp id="34" class="1000" name="window_2_0_load_5_cast">
<pin_list>
<pin id="35" dir="1" index="0" bw="1" slack="0"/>
</pin_list>
<bind>
<StgValue><ssdm name="window_2_0_load_5_cast"/></StgValue>
</bind>
</comp>

<comp id="36" class="1000" name="window_0_load_6_cast">
<pin_list>
<pin id="37" dir="1" index="0" bw="1" slack="0"/>
</pin_list>
<bind>
<StgValue><ssdm name="window_0_load_6_cast"/></StgValue>
</bind>
</comp>

<comp id="38" class="1000" name="window_1_0_load_6_cast">
<pin_list>
<pin id="39" dir="1" index="0" bw="1" slack="0"/>
</pin_list>
<bind>
<StgValue><ssdm name="window_1_0_load_6_cast"/></StgValue>
</bind>
</comp>

<comp id="40" class="1000" name="window_2_0_load_6_cast">
<pin_list>
<pin id="41" dir="1" index="0" bw="1" slack="0"/>
</pin_list>
<bind>
<StgValue><ssdm name="window_2_0_load_6_cast"/></StgValue>
</bind>
</comp>

<comp id="42" class="1000" name="window_0_load_7_cast">
<pin_list>
<pin id="43" dir="1" index="0" bw="1" slack="0"/>
</pin_list>
<bind>
<StgValue><ssdm name="window_0_load_7_cast"/></StgValue>
</bind>
</comp>

<comp id="44" class="1000" name="window_1_0_load_7_cast">
<pin_list>
<pin id="45" dir="1" index="0" bw="1" slack="0"/>
</pin_list>
<bind>
<StgValue><ssdm name="window_1_0_load_7_cast"/></StgValue>
</bind>
</comp>

<comp id="46" class="1000" name="window_2_0_load_7_cast">
<pin_list>
<pin id="47" dir="1" index="0" bw="1" slack="0"/>
</pin_list>
<bind>
<StgValue><ssdm name="window_2_0_load_7_cast"/></StgValue>
</bind>
</comp>

<comp id="48" class="1000" name="window_0_load_8_cast">
<pin_list>
<pin id="49" dir="1" index="0" bw="1" slack="0"/>
</pin_list>
<bind>
<StgValue><ssdm name="window_0_load_8_cast"/></StgValue>
</bind>
</comp>

<comp id="50" class="1000" name="window_1_0_load_8_cast">
<pin_list>
<pin id="51" dir="1" index="0" bw="1" slack="0"/>
</pin_list>
<bind>
<StgValue><ssdm name="window_1_0_load_8_cast"/></StgValue>
</bind>
</comp>

<comp id="52" class="1000" name="zext_ln69">
<pin_list>
<pin id="53" dir="1" index="0" bw="1" slack="0"/>
</pin_list>
<bind>
<StgValue><ssdm name="zext_ln69"/></StgValue>
</bind>
</comp>

<comp id="54" class="1000" name="out_r">
<pin_list>
<pin id="55" dir="1" index="0" bw="1" slack="0"/>
</pin_list>
<bind>
<StgValue><ssdm name="out_r"/><MemPortTyVec>0 3 </MemPortTyVec>
</StgValue>
</bind>
</comp>

<comp id="56" class="1000" name="p_ZN18predecoder_weightsL13LAYER0_WEIGHTE_0">
<pin_list>
<pin id="57" dir="1" index="0" bw="1" slack="0"/>
</pin_list>
<bind>
<StgValue><ssdm name="p_ZN18predecoder_weightsL13LAYER0_WEIGHTE_0"/><MemPortTyVec>1 </MemPortTyVec>
</StgValue>
</bind>
</comp>

<comp id="58" class="1000" name="p_ZN18predecoder_weightsL13LAYER0_WEIGHTE_1">
<pin_list>
<pin id="59" dir="1" index="0" bw="1" slack="0"/>
</pin_list>
<bind>
<StgValue><ssdm name="p_ZN18predecoder_weightsL13LAYER0_WEIGHTE_1"/><MemPortTyVec>1 </MemPortTyVec>
</StgValue>
</bind>
</comp>

<comp id="60" class="1000" name="p_ZN18predecoder_weightsL13LAYER0_WEIGHTE_2">
<pin_list>
<pin id="61" dir="1" index="0" bw="1" slack="0"/>
</pin_list>
<bind>
<StgValue><ssdm name="p_ZN18predecoder_weightsL13LAYER0_WEIGHTE_2"/><MemPortTyVec>1 </MemPortTyVec>
</StgValue>
</bind>
</comp>

<comp id="62" class="1000" name="p_ZN18predecoder_weightsL13LAYER0_WEIGHTE_3">
<pin_list>
<pin id="63" dir="1" index="0" bw="1" slack="0"/>
</pin_list>
<bind>
<StgValue><ssdm name="p_ZN18predecoder_weightsL13LAYER0_WEIGHTE_3"/><MemPortTyVec>1 </MemPortTyVec>
</StgValue>
</bind>
</comp>

<comp id="64" class="1000" name="p_ZN18predecoder_weightsL13LAYER0_WEIGHTE_4">
<pin_list>
<pin id="65" dir="1" index="0" bw="1" slack="0"/>
</pin_list>
<bind>
<StgValue><ssdm name="p_ZN18predecoder_weightsL13LAYER0_WEIGHTE_4"/><MemPortTyVec>1 </MemPortTyVec>
</StgValue>
</bind>
</comp>

<comp id="66" class="1000" name="p_ZN18predecoder_weightsL13LAYER0_WEIGHTE_5">
<pin_list>
<pin id="67" dir="1" index="0" bw="1" slack="0"/>
</pin_list>
<bind>
<StgValue><ssdm name="p_ZN18predecoder_weightsL13LAYER0_WEIGHTE_5"/><MemPortTyVec>1 </MemPortTyVec>
</StgValue>
</bind>
</comp>

<comp id="68" class="1000" name="p_ZN18predecoder_weightsL13LAYER0_WEIGHTE_6">
<pin_list>
<pin id="69" dir="1" index="0" bw="1" slack="0"/>
</pin_list>
<bind>
<StgValue><ssdm name="p_ZN18predecoder_weightsL13LAYER0_WEIGHTE_6"/><MemPortTyVec>1 </MemPortTyVec>
</StgValue>
</bind>
</comp>

<comp id="70" class="1000" name="p_ZN18predecoder_weightsL13LAYER0_WEIGHTE_7">
<pin_list>
<pin id="71" dir="1" index="0" bw="1" slack="0"/>
</pin_list>
<bind>
<StgValue><ssdm name="p_ZN18predecoder_weightsL13LAYER0_WEIGHTE_7"/><MemPortTyVec>1 </MemPortTyVec>
</StgValue>
</bind>
</comp>

<comp id="72" class="1000" name="p_ZN18predecoder_weightsL13LAYER0_WEIGHTE_8">
<pin_list>
<pin id="73" dir="1" index="0" bw="1" slack="0"/>
</pin_list>
<bind>
<StgValue><ssdm name="p_ZN18predecoder_weightsL13LAYER0_WEIGHTE_8"/><MemPortTyVec>1 </MemPortTyVec>
</StgValue>
</bind>
</comp>

<comp id="74" class="1000" name="p_ZN18predecoder_weightsL13LAYER0_WEIGHTE_9">
<pin_list>
<pin id="75" dir="1" index="0" bw="1" slack="0"/>
</pin_list>
<bind>
<StgValue><ssdm name="p_ZN18predecoder_weightsL13LAYER0_WEIGHTE_9"/><MemPortTyVec>1 </MemPortTyVec>
</StgValue>
</bind>
</comp>

<comp id="76" class="1000" name="p_ZN18predecoder_weightsL13LAYER0_WEIGHTE_10">
<pin_list>
<pin id="77" dir="1" index="0" bw="1" slack="0"/>
</pin_list>
<bind>
<StgValue><ssdm name="p_ZN18predecoder_weightsL13LAYER0_WEIGHTE_10"/><MemPortTyVec>1 </MemPortTyVec>
</StgValue>
</bind>
</comp>

<comp id="78" class="1000" name="p_ZN18predecoder_weightsL13LAYER0_WEIGHTE_11">
<pin_list>
<pin id="79" dir="1" index="0" bw="1" slack="0"/>
</pin_list>
<bind>
<StgValue><ssdm name="p_ZN18predecoder_weightsL13LAYER0_WEIGHTE_11"/><MemPortTyVec>1 </MemPortTyVec>
</StgValue>
</bind>
</comp>

<comp id="80" class="1000" name="p_ZN18predecoder_weightsL13LAYER0_WEIGHTE_12">
<pin_list>
<pin id="81" dir="1" index="0" bw="1" slack="0"/>
</pin_list>
<bind>
<StgValue><ssdm name="p_ZN18predecoder_weightsL13LAYER0_WEIGHTE_12"/><MemPortTyVec>1 </MemPortTyVec>
</StgValue>
</bind>
</comp>

<comp id="82" class="1000" name="p_ZN18predecoder_weightsL13LAYER0_WEIGHTE_13">
<pin_list>
<pin id="83" dir="1" index="0" bw="1" slack="0"/>
</pin_list>
<bind>
<StgValue><ssdm name="p_ZN18predecoder_weightsL13LAYER0_WEIGHTE_13"/><MemPortTyVec>1 </MemPortTyVec>
</StgValue>
</bind>
</comp>

<comp id="84" class="1000" name="p_ZN18predecoder_weightsL13LAYER0_WEIGHTE_14">
<pin_list>
<pin id="85" dir="1" index="0" bw="1" slack="0"/>
</pin_list>
<bind>
<StgValue><ssdm name="p_ZN18predecoder_weightsL13LAYER0_WEIGHTE_14"/><MemPortTyVec>1 </MemPortTyVec>
</StgValue>
</bind>
</comp>

<comp id="86" class="1000" name="p_ZN18predecoder_weightsL13LAYER0_WEIGHTE_15">
<pin_list>
<pin id="87" dir="1" index="0" bw="1" slack="0"/>
</pin_list>
<bind>
<StgValue><ssdm name="p_ZN18predecoder_weightsL13LAYER0_WEIGHTE_15"/><MemPortTyVec>1 </MemPortTyVec>
</StgValue>
</bind>
</comp>

<comp id="88" class="1000" name="p_ZN18predecoder_weightsL13LAYER0_WEIGHTE_16">
<pin_list>
<pin id="89" dir="1" index="0" bw="1" slack="0"/>
</pin_list>
<bind>
<StgValue><ssdm name="p_ZN18predecoder_weightsL13LAYER0_WEIGHTE_16"/><MemPortTyVec>1 </MemPortTyVec>
</StgValue>
</bind>
</comp>

<comp id="90" class="1000" name="p_ZN18predecoder_weightsL13LAYER0_WEIGHTE_17">
<pin_list>
<pin id="91" dir="1" index="0" bw="1" slack="0"/>
</pin_list>
<bind>
<StgValue><ssdm name="p_ZN18predecoder_weightsL13LAYER0_WEIGHTE_17"/><MemPortTyVec>1 </MemPortTyVec>
</StgValue>
</bind>
</comp>

<comp id="92" class="1000" name="p_ZN18predecoder_weightsL13LAYER0_WEIGHTE_18">
<pin_list>
<pin id="93" dir="1" index="0" bw="1" slack="0"/>
</pin_list>
<bind>
<StgValue><ssdm name="p_ZN18predecoder_weightsL13LAYER0_WEIGHTE_18"/><MemPortTyVec>1 </MemPortTyVec>
</StgValue>
</bind>
</comp>

<comp id="94" class="1000" name="p_ZN18predecoder_weightsL13LAYER0_WEIGHTE_19">
<pin_list>
<pin id="95" dir="1" index="0" bw="1" slack="0"/>
</pin_list>
<bind>
<StgValue><ssdm name="p_ZN18predecoder_weightsL13LAYER0_WEIGHTE_19"/><MemPortTyVec>1 </MemPortTyVec>
</StgValue>
</bind>
</comp>

<comp id="96" class="1000" name="p_ZN18predecoder_weightsL13LAYER0_WEIGHTE_20">
<pin_list>
<pin id="97" dir="1" index="0" bw="1" slack="0"/>
</pin_list>
<bind>
<StgValue><ssdm name="p_ZN18predecoder_weightsL13LAYER0_WEIGHTE_20"/><MemPortTyVec>1 </MemPortTyVec>
</StgValue>
</bind>
</comp>

<comp id="98" class="1000" name="p_ZN18predecoder_weightsL13LAYER0_WEIGHTE_21">
<pin_list>
<pin id="99" dir="1" index="0" bw="1" slack="0"/>
</pin_list>
<bind>
<StgValue><ssdm name="p_ZN18predecoder_weightsL13LAYER0_WEIGHTE_21"/><MemPortTyVec>1 </MemPortTyVec>
</StgValue>
</bind>
</comp>

<comp id="100" class="1000" name="p_ZN18predecoder_weightsL13LAYER0_WEIGHTE_22">
<pin_list>
<pin id="101" dir="1" index="0" bw="1" slack="0"/>
</pin_list>
<bind>
<StgValue><ssdm name="p_ZN18predecoder_weightsL13LAYER0_WEIGHTE_22"/><MemPortTyVec>1 </MemPortTyVec>
</StgValue>
</bind>
</comp>

<comp id="102" class="1000" name="p_ZN18predecoder_weightsL13LAYER0_WEIGHTE_23">
<pin_list>
<pin id="103" dir="1" index="0" bw="1" slack="0"/>
</pin_list>
<bind>
<StgValue><ssdm name="p_ZN18predecoder_weightsL13LAYER0_WEIGHTE_23"/><MemPortTyVec>1 </MemPortTyVec>
</StgValue>
</bind>
</comp>

<comp id="104" class="1000" name="p_ZN18predecoder_weightsL13LAYER0_WEIGHTE_24">
<pin_list>
<pin id="105" dir="1" index="0" bw="1" slack="0"/>
</pin_list>
<bind>
<StgValue><ssdm name="p_ZN18predecoder_weightsL13LAYER0_WEIGHTE_24"/><MemPortTyVec>1 </MemPortTyVec>
</StgValue>
</bind>
</comp>

<comp id="106" class="1000" name="p_ZN18predecoder_weightsL13LAYER0_WEIGHTE_25">
<pin_list>
<pin id="107" dir="1" index="0" bw="1" slack="0"/>
</pin_list>
<bind>
<StgValue><ssdm name="p_ZN18predecoder_weightsL13LAYER0_WEIGHTE_25"/><MemPortTyVec>1 </MemPortTyVec>
</StgValue>
</bind>
</comp>

<comp id="108" class="1000" name="p_ZN18predecoder_weightsL13LAYER0_WEIGHTE_26">
<pin_list>
<pin id="109" dir="1" index="0" bw="1" slack="0"/>
</pin_list>
<bind>
<StgValue><ssdm name="p_ZN18predecoder_weightsL13LAYER0_WEIGHTE_26"/><MemPortTyVec>1 </MemPortTyVec>
</StgValue>
</bind>
</comp>

<comp id="110" class="1000" name="predecoder_weights_LAYER0_BIAS">
<pin_list>
<pin id="111" dir="1" index="0" bw="1" slack="0"/>
</pin_list>
<bind>
<StgValue><ssdm name="predecoder_weights_LAYER0_BIAS"/><MemPortTyVec>1 </MemPortTyVec>
</StgValue>
</bind>
</comp>

<comp id="112" class="1000" name="layer0_mult">
<pin_list>
<pin id="113" dir="1" index="0" bw="1" slack="0"/>
</pin_list>
<bind>
<StgValue><ssdm name="layer0_mult"/><MemPortTyVec>1 </MemPortTyVec>
</StgValue>
</bind>
</comp>

<comp id="114" class="1001" name="const_114">
<pin_list>
<pin id="115" dir="1" index="0" bw="1" slack="0"/>
</pin_list>
<bind>
<StgValue><ssdm name=""/></StgValue>
</bind>
</comp>

<comp id="116" class="1001" name="const_116">
<pin_list>
<pin id="117" dir="1" index="0" bw="1" slack="0"/>
</pin_list>
<bind>
<StgValue><ssdm name="_ssdm_op_Read.ap_auto.i8"/></StgValue>
</bind>
</comp>

<comp id="118" class="1001" name="const_118">
<pin_list>
<pin id="119" dir="1" index="0" bw="1" slack="0"/>
</pin_list>
<bind>
<StgValue><ssdm name=""/></StgValue>
</bind>
</comp>

<comp id="120" class="1001" name="const_120">
<pin_list>
<pin id="121" dir="1" index="0" bw="1" slack="0"/>
</pin_list>
<bind>
<StgValue><ssdm name=""/></StgValue>
</bind>
</comp>

<comp id="122" class="1001" name="const_122">
<pin_list>
<pin id="123" dir="1" index="0" bw="1" slack="0"/>
</pin_list>
<bind>
<StgValue><ssdm name=""/></StgValue>
</bind>
</comp>

<comp id="124" class="1001" name="const_124">
<pin_list>
<pin id="125" dir="1" index="0" bw="1" slack="0"/>
</pin_list>
<bind>
<StgValue><ssdm name=""/></StgValue>
</bind>
</comp>

<comp id="126" class="1001" name="const_126">
<pin_list>
<pin id="127" dir="1" index="0" bw="1" slack="0"/>
</pin_list>
<bind>
<StgValue><ssdm name="_ssdm_op_BitSelect.i1.i21.i32"/></StgValue>
</bind>
</comp>

<comp id="128" class="1001" name="const_128">
<pin_list>
<pin id="129" dir="1" index="0" bw="1" slack="0"/>
</pin_list>
<bind>
<StgValue><ssdm name=""/></StgValue>
</bind>
</comp>

<comp id="130" class="1001" name="const_130">
<pin_list>
<pin id="131" dir="1" index="0" bw="1" slack="0"/>
</pin_list>
<bind>
<StgValue><ssdm name=""/></StgValue>
</bind>
</comp>

<comp id="132" class="1001" name="const_132">
<pin_list>
<pin id="133" dir="1" index="0" bw="1" slack="0"/>
</pin_list>
<bind>
<StgValue><ssdm name="_ssdm_op_BitConcatenate.i76.i20.i56"/></StgValue>
</bind>
</comp>

<comp id="134" class="1001" name="const_134">
<pin_list>
<pin id="135" dir="1" index="0" bw="1" slack="0"/>
</pin_list>
<bind>
<StgValue><ssdm name=""/></StgValue>
</bind>
</comp>

<comp id="136" class="1001" name="const_136">
<pin_list>
<pin id="137" dir="1" index="0" bw="1" slack="0"/>
</pin_list>
<bind>
<StgValue><ssdm name="_ssdm_op_BitConcatenate.i57.i41.i16"/></StgValue>
</bind>
</comp>

<comp id="138" class="1001" name="const_138">
<pin_list>
<pin id="139" dir="1" index="0" bw="1" slack="0"/>
</pin_list>
<bind>
<StgValue><ssdm name=""/></StgValue>
</bind>
</comp>

<comp id="140" class="1001" name="const_140">
<pin_list>
<pin id="141" dir="1" index="0" bw="1" slack="0"/>
</pin_list>
<bind>
<StgValue><ssdm name="_ssdm_op_PartSelect.i76.i132.i32.i32"/></StgValue>
</bind>
</comp>

<comp id="142" class="1001" name="const_142">
<pin_list>
<pin id="143" dir="1" index="0" bw="1" slack="0"/>
</pin_list>
<bind>
<StgValue><ssdm name=""/></StgValue>
</bind>
</comp>

<comp id="144" class="1001" name="const_144">
<pin_list>
<pin id="145" dir="1" index="0" bw="1" slack="0"/>
</pin_list>
<bind>
<StgValue><ssdm name=""/></StgValue>
</bind>
</comp>

<comp id="146" class="1001" name="const_146">
<pin_list>
<pin id="147" dir="1" index="0" bw="1" slack="0"/>
</pin_list>
<bind>
<StgValue><ssdm name=""/></StgValue>
</bind>
</comp>

<comp id="148" class="1001" name="const_148">
<pin_list>
<pin id="149" dir="1" index="0" bw="1" slack="0"/>
</pin_list>
<bind>
<StgValue><ssdm name="_ssdm_op_PartSelect.i12.i76.i32.i32"/></StgValue>
</bind>
</comp>

<comp id="150" class="1001" name="const_150">
<pin_list>
<pin id="151" dir="1" index="0" bw="1" slack="0"/>
</pin_list>
<bind>
<StgValue><ssdm name=""/></StgValue>
</bind>
</comp>

<comp id="152" class="1001" name="const_152">
<pin_list>
<pin id="153" dir="1" index="0" bw="1" slack="0"/>
</pin_list>
<bind>
<StgValue><ssdm name=""/></StgValue>
</bind>
</comp>

<comp id="154" class="1001" name="const_154">
<pin_list>
<pin id="155" dir="1" index="0" bw="1" slack="0"/>
</pin_list>
<bind>
<StgValue><ssdm name=""/></StgValue>
</bind>
</comp>

<comp id="156" class="1001" name="const_156">
<pin_list>
<pin id="157" dir="1" index="0" bw="1" slack="0"/>
</pin_list>
<bind>
<StgValue><ssdm name="_ssdm_op_PartSelect.i8.i76.i32.i32"/></StgValue>
</bind>
</comp>

<comp id="158" class="1001" name="const_158">
<pin_list>
<pin id="159" dir="1" index="0" bw="1" slack="0"/>
</pin_list>
<bind>
<StgValue><ssdm name=""/></StgValue>
</bind>
</comp>

<comp id="160" class="1001" name="const_160">
<pin_list>
<pin id="161" dir="1" index="0" bw="1" slack="0"/>
</pin_list>
<bind>
<StgValue><ssdm name=""/></StgValue>
</bind>
</comp>

<comp id="162" class="1001" name="const_162">
<pin_list>
<pin id="163" dir="1" index="0" bw="1" slack="2147483647"/>
</pin_list>
<bind>
<StgValue><ssdm name="_ssdm_op_SpecPipeline"/></StgValue>
</bind>
</comp>

<comp id="164" class="1001" name="const_164">
<pin_list>
<pin id="165" dir="1" index="0" bw="1" slack="2147483647"/>
</pin_list>
<bind>
<StgValue><ssdm name=""/></StgValue>
</bind>
</comp>

<comp id="166" class="1001" name="const_166">
<pin_list>
<pin id="167" dir="1" index="0" bw="1" slack="2147483647"/>
</pin_list>
<bind>
<StgValue><ssdm name=""/></StgValue>
</bind>
</comp>

<comp id="168" class="1001" name="const_168">
<pin_list>
<pin id="169" dir="1" index="0" bw="1" slack="2147483647"/>
</pin_list>
<bind>
<StgValue><ssdm name="empty_5"/></StgValue>
</bind>
</comp>

<comp id="170" class="1001" name="const_170">
<pin_list>
<pin id="171" dir="1" index="0" bw="1" slack="2147483647"/>
</pin_list>
<bind>
<StgValue><ssdm name="_ssdm_op_SpecLoopTripCount"/></StgValue>
</bind>
</comp>

<comp id="172" class="1001" name="const_172">
<pin_list>
<pin id="173" dir="1" index="0" bw="1" slack="2147483647"/>
</pin_list>
<bind>
<StgValue><ssdm name=""/></StgValue>
</bind>
</comp>

<comp id="174" class="1001" name="const_174">
<pin_list>
<pin id="175" dir="1" index="0" bw="1" slack="2147483647"/>
</pin_list>
<bind>
<StgValue><ssdm name="_ssdm_op_SpecLoopName"/></StgValue>
</bind>
</comp>

<comp id="176" class="1001" name="const_176">
<pin_list>
<pin id="177" dir="1" index="0" bw="1" slack="2147483647"/>
</pin_list>
<bind>
<StgValue><ssdm name="empty_11"/></StgValue>
</bind>
</comp>

<comp id="178" class="1004" name="oc_fu_178">
<pin_list>
<pin id="179" dir="0" index="0" bw="1" slack="0"/>
<pin id="180" dir="1" index="1" bw="4" slack="0"/>
</pin_list>
<bind>
<opcode="alloca(26) " fcode="alloca"/>
<opset="oc/1 "/>
</bind>
</comp>

<comp id="182" class="1004" name="zext_ln69_read_read_fu_182">
<pin_list>
<pin id="183" dir="0" index="0" bw="8" slack="0"/>
<pin id="184" dir="0" index="1" bw="8" slack="0"/>
<pin id="185" dir="1" index="2" bw="8" slack="0"/>
</pin_list>
<bind>
<opcode="read(1150) " fcode="read"/>
<opset="zext_ln69_read/1 "/>
</bind>
</comp>

<comp id="188" class="1004" name="window_1_0_load_8_cast_read_read_fu_188">
<pin_list>
<pin id="189" dir="0" index="0" bw="8" slack="0"/>
<pin id="190" dir="0" index="1" bw="8" slack="0"/>
<pin id="191" dir="1" index="2" bw="8" slack="0"/>
</pin_list>
<bind>
<opcode="read(1150) " fcode="read"/>
<opset="window_1_0_load_8_cast_read/1 "/>
</bind>
</comp>

<comp id="194" class="1004" name="window_0_load_8_cast_read_read_fu_194">
<pin_list>
<pin id="195" dir="0" index="0" bw="8" slack="0"/>
<pin id="196" dir="0" index="1" bw="8" slack="0"/>
<pin id="197" dir="1" index="2" bw="8" slack="0"/>
</pin_list>
<bind>
<opcode="read(1150) " fcode="read"/>
<opset="window_0_load_8_cast_read/1 "/>
</bind>
</comp>

<comp id="200" class="1004" name="window_2_0_load_7_cast_read_read_fu_200">
<pin_list>
<pin id="201" dir="0" index="0" bw="8" slack="0"/>
<pin id="202" dir="0" index="1" bw="8" slack="0"/>
<pin id="203" dir="1" index="2" bw="8" slack="0"/>
</pin_list>
<bind>
<opcode="read(1150) " fcode="read"/>
<opset="window_2_0_load_7_cast_read/1 "/>
</bind>
</comp>

<comp id="206" class="1004" name="window_1_0_load_7_cast_read_read_fu_206">
<pin_list>
<pin id="207" dir="0" index="0" bw="8" slack="0"/>
<pin id="208" dir="0" index="1" bw="8" slack="0"/>
<pin id="209" dir="1" index="2" bw="8" slack="0"/>
</pin_list>
<bind>
<opcode="read(1150) " fcode="read"/>
<opset="window_1_0_load_7_cast_read/1 "/>
</bind>
</comp>

<comp id="212" class="1004" name="window_0_load_7_cast_read_read_fu_212">
<pin_list>
<pin id="213" dir="0" index="0" bw="8" slack="0"/>
<pin id="214" dir="0" index="1" bw="8" slack="0"/>
<pin id="215" dir="1" index="2" bw="8" slack="0"/>
</pin_list>
<bind>
<opcode="read(1150) " fcode="read"/>
<opset="window_0_load_7_cast_read/1 "/>
</bind>
</comp>

<comp id="218" class="1004" name="window_2_0_load_6_cast_read_read_fu_218">
<pin_list>
<pin id="219" dir="0" index="0" bw="8" slack="0"/>
<pin id="220" dir="0" index="1" bw="8" slack="0"/>
<pin id="221" dir="1" index="2" bw="8" slack="0"/>
</pin_list>
<bind>
<opcode="read(1150) " fcode="read"/>
<opset="window_2_0_load_6_cast_read/1 "/>
</bind>
</comp>

<comp id="224" class="1004" name="window_1_0_load_6_cast_read_read_fu_224">
<pin_list>
<pin id="225" dir="0" index="0" bw="8" slack="0"/>
<pin id="226" dir="0" index="1" bw="8" slack="0"/>
<pin id="227" dir="1" index="2" bw="8" slack="0"/>
</pin_list>
<bind>
<opcode="read(1150) " fcode="read"/>
<opset="window_1_0_load_6_cast_read/1 "/>
</bind>
</comp>

<comp id="230" class="1004" name="window_0_load_6_cast_read_read_fu_230">
<pin_list>
<pin id="231" dir="0" index="0" bw="8" slack="0"/>
<pin id="232" dir="0" index="1" bw="8" slack="0"/>
<pin id="233" dir="1" index="2" bw="8" slack="0"/>
</pin_list>
<bind>
<opcode="read(1150) " fcode="read"/>
<opset="window_0_load_6_cast_read/1 "/>
</bind>
</comp>

<comp id="236" class="1004" name="window_2_0_load_5_cast_read_read_fu_236">
<pin_list>
<pin id="237" dir="0" index="0" bw="8" slack="0"/>
<pin id="238" dir="0" index="1" bw="8" slack="0"/>
<pin id="239" dir="1" index="2" bw="8" slack="0"/>
</pin_list>
<bind>
<opcode="read(1150) " fcode="read"/>
<opset="window_2_0_load_5_cast_read/1 "/>
</bind>
</comp>

<comp id="242" class="1004" name="window_1_0_load_5_cast_read_read_fu_242">
<pin_list>
<pin id="243" dir="0" index="0" bw="8" slack="0"/>
<pin id="244" dir="0" index="1" bw="8" slack="0"/>
<pin id="245" dir="1" index="2" bw="8" slack="0"/>
</pin_list>
<bind>
<opcode="read(1150) " fcode="read"/>
<opset="window_1_0_load_5_cast_read/1 "/>
</bind>
</comp>

<comp id="248" class="1004" name="window_0_load_5_cast_read_read_fu_248">
<pin_list>
<pin id="249" dir="0" index="0" bw="8" slack="0"/>
<pin id="250" dir="0" index="1" bw="8" slack="0"/>
<pin id="251" dir="1" index="2" bw="8" slack="0"/>
</pin_list>
<bind>
<opcode="read(1150) " fcode="read"/>
<opset="window_0_load_5_cast_read/1 "/>
</bind>
</comp>

<comp id="254" class="1004" name="window_2_0_load_4_cast_read_read_fu_254">
<pin_list>
<pin id="255" dir="0" index="0" bw="8" slack="0"/>
<pin id="256" dir="0" index="1" bw="8" slack="0"/>
<pin id="257" dir="1" index="2" bw="8" slack="0"/>
</pin_list>
<bind>
<opcode="read(1150) " fcode="read"/>
<opset="window_2_0_load_4_cast_read/1 "/>
</bind>
</comp>

<comp id="260" class="1004" name="window_1_0_load_4_cast_read_read_fu_260">
<pin_list>
<pin id="261" dir="0" index="0" bw="8" slack="0"/>
<pin id="262" dir="0" index="1" bw="8" slack="0"/>
<pin id="263" dir="1" index="2" bw="8" slack="0"/>
</pin_list>
<bind>
<opcode="read(1150) " fcode="read"/>
<opset="window_1_0_load_4_cast_read/1 "/>
</bind>
</comp>

<comp id="266" class="1004" name="window_0_load_4_cast_read_read_fu_266">
<pin_list>
<pin id="267" dir="0" index="0" bw="8" slack="0"/>
<pin id="268" dir="0" index="1" bw="8" slack="0"/>
<pin id="269" dir="1" index="2" bw="8" slack="0"/>
</pin_list>
<bind>
<opcode="read(1150) " fcode="read"/>
<opset="window_0_load_4_cast_read/1 "/>
</bind>
</comp>

<comp id="272" class="1004" name="window_2_0_load_3_cast_read_read_fu_272">
<pin_list>
<pin id="273" dir="0" index="0" bw="8" slack="0"/>
<pin id="274" dir="0" index="1" bw="8" slack="0"/>
<pin id="275" dir="1" index="2" bw="8" slack="0"/>
</pin_list>
<bind>
<opcode="read(1150) " fcode="read"/>
<opset="window_2_0_load_3_cast_read/1 "/>
</bind>
</comp>

<comp id="278" class="1004" name="window_1_0_load_3_cast_read_read_fu_278">
<pin_list>
<pin id="279" dir="0" index="0" bw="8" slack="0"/>
<pin id="280" dir="0" index="1" bw="8" slack="0"/>
<pin id="281" dir="1" index="2" bw="8" slack="0"/>
</pin_list>
<bind>
<opcode="read(1150) " fcode="read"/>
<opset="window_1_0_load_3_cast_read/1 "/>
</bind>
</comp>

<comp id="284" class="1004" name="window_0_load_3_cast_read_read_fu_284">
<pin_list>
<pin id="285" dir="0" index="0" bw="8" slack="0"/>
<pin id="286" dir="0" index="1" bw="8" slack="0"/>
<pin id="287" dir="1" index="2" bw="8" slack="0"/>
</pin_list>
<bind>
<opcode="read(1150) " fcode="read"/>
<opset="window_0_load_3_cast_read/1 "/>
</bind>
</comp>

<comp id="290" class="1004" name="window_2_0_load_2_cast_read_read_fu_290">
<pin_list>
<pin id="291" dir="0" index="0" bw="8" slack="0"/>
<pin id="292" dir="0" index="1" bw="8" slack="0"/>
<pin id="293" dir="1" index="2" bw="8" slack="0"/>
</pin_list>
<bind>
<opcode="read(1150) " fcode="read"/>
<opset="window_2_0_load_2_cast_read/1 "/>
</bind>
</comp>

<comp id="296" class="1004" name="window_1_0_load_2_cast_read_read_fu_296">
<pin_list>
<pin id="297" dir="0" index="0" bw="8" slack="0"/>
<pin id="298" dir="0" index="1" bw="8" slack="0"/>
<pin id="299" dir="1" index="2" bw="8" slack="0"/>
</pin_list>
<bind>
<opcode="read(1150) " fcode="read"/>
<opset="window_1_0_load_2_cast_read/1 "/>
</bind>
</comp>

<comp id="302" class="1004" name="window_0_load_2_cast_read_read_fu_302">
<pin_list>
<pin id="303" dir="0" index="0" bw="8" slack="0"/>
<pin id="304" dir="0" index="1" bw="8" slack="0"/>
<pin id="305" dir="1" index="2" bw="8" slack="0"/>
</pin_list>
<bind>
<opcode="read(1150) " fcode="read"/>
<opset="window_0_load_2_cast_read/1 "/>
</bind>
</comp>

<comp id="308" class="1004" name="window_2_0_load_1_cast_read_read_fu_308">
<pin_list>
<pin id="309" dir="0" index="0" bw="8" slack="0"/>
<pin id="310" dir="0" index="1" bw="8" slack="0"/>
<pin id="311" dir="1" index="2" bw="8" slack="0"/>
</pin_list>
<bind>
<opcode="read(1150) " fcode="read"/>
<opset="window_2_0_load_1_cast_read/1 "/>
</bind>
</comp>

<comp id="314" class="1004" name="window_1_0_load_1_cast_read_read_fu_314">
<pin_list>
<pin id="315" dir="0" index="0" bw="8" slack="0"/>
<pin id="316" dir="0" index="1" bw="8" slack="0"/>
<pin id="317" dir="1" index="2" bw="8" slack="0"/>
</pin_list>
<bind>
<opcode="read(1150) " fcode="read"/>
<opset="window_1_0_load_1_cast_read/1 "/>
</bind>
</comp>

<comp id="320" class="1004" name="window_0_load_1_cast_read_read_fu_320">
<pin_list>
<pin id="321" dir="0" index="0" bw="8" slack="0"/>
<pin id="322" dir="0" index="1" bw="8" slack="0"/>
<pin id="323" dir="1" index="2" bw="8" slack="0"/>
</pin_list>
<bind>
<opcode="read(1150) " fcode="read"/>
<opset="window_0_load_1_cast_read/1 "/>
</bind>
</comp>

<comp id="326" class="1004" name="window_2_0_load_cast_read_read_fu_326">
<pin_list>
<pin id="327" dir="0" index="0" bw="8" slack="0"/>
<pin id="328" dir="0" index="1" bw="8" slack="0"/>
<pin id="329" dir="1" index="2" bw="8" slack="0"/>
</pin_list>
<bind>
<opcode="read(1150) " fcode="read"/>
<opset="window_2_0_load_cast_read/1 "/>
</bind>
</comp>

<comp id="332" class="1004" name="window_1_0_load_cast_read_read_fu_332">
<pin_list>
<pin id="333" dir="0" index="0" bw="8" slack="0"/>
<pin id="334" dir="0" index="1" bw="8" slack="0"/>
<pin id="335" dir="1" index="2" bw="8" slack="0"/>
</pin_list>
<bind>
<opcode="read(1150) " fcode="read"/>
<opset="window_1_0_load_cast_read/1 "/>
</bind>
</comp>

<comp id="338" class="1004" name="window_0_load_cast_read_read_fu_338">
<pin_list>
<pin id="339" dir="0" index="0" bw="8" slack="0"/>
<pin id="340" dir="0" index="1" bw="8" slack="0"/>
<pin id="341" dir="1" index="2" bw="8" slack="0"/>
</pin_list>
<bind>
<opcode="read(1150) " fcode="read"/>
<opset="window_0_load_cast_read/1 "/>
</bind>
</comp>

<comp id="344" class="1004" name="p_ZN18predecoder_weightsL13LAYER0_WEIGHTE_2_addr_gep_fu_344">
<pin_list>
<pin id="345" dir="0" index="0" bw="8" slack="0"/>
<pin id="346" dir="0" index="1" bw="1" slack="0"/>
<pin id="347" dir="0" index="2" bw="4" slack="0"/>
<pin id="348" dir="1" index="3" bw="4" slack="0"/>
</pin_list>
<bind>
<opcode="getelementptr(29) " fcode="getelementptr"/>
<opset="p_ZN18predecoder_weightsL13LAYER0_WEIGHTE_2_addr/1 "/>
</bind>
</comp>

<comp id="351" class="1004" name="grp_access_fu_351">
<pin_list>
<pin id="352" dir="0" index="0" bw="4" slack="0"/>
<pin id="353" dir="0" index="1" bw="8" slack="2147483647"/>
<pin id="354" dir="0" index="2" bw="0" slack="2147483647"/>
<pin id="355" dir="1" index="3" bw="8" slack="0"/>
</pin_list>
<bind>
<opcode="load(27) " fcode="load"/>
<opset="p_ZN18predecoder_weightsL13LAYER0_WEIGHTE_2_load/1 "/>
</bind>
</comp>

<comp id="357" class="1004" name="p_ZN18predecoder_weightsL13LAYER0_WEIGHTE_6_addr_gep_fu_357">
<pin_list>
<pin id="358" dir="0" index="0" bw="6" slack="0"/>
<pin id="359" dir="0" index="1" bw="1" slack="0"/>
<pin id="360" dir="0" index="2" bw="4" slack="0"/>
<pin id="361" dir="1" index="3" bw="4" slack="0"/>
</pin_list>
<bind>
<opcode="getelementptr(29) " fcode="getelementptr"/>
<opset="p_ZN18predecoder_weightsL13LAYER0_WEIGHTE_6_addr/1 "/>
</bind>
</comp>

<comp id="364" class="1004" name="grp_access_fu_364">
<pin_list>
<pin id="365" dir="0" index="0" bw="4" slack="0"/>
<pin id="366" dir="0" index="1" bw="6" slack="2147483647"/>
<pin id="367" dir="0" index="2" bw="0" slack="2147483647"/>
<pin id="368" dir="1" index="3" bw="6" slack="0"/>
</pin_list>
<bind>
<opcode="load(27) " fcode="load"/>
<opset="p_ZN18predecoder_weightsL13LAYER0_WEIGHTE_6_load/1 "/>
</bind>
</comp>

<comp id="370" class="1004" name="p_ZN18predecoder_weightsL13LAYER0_WEIGHTE_17_addr_gep_fu_370">
<pin_list>
<pin id="371" dir="0" index="0" bw="8" slack="0"/>
<pin id="372" dir="0" index="1" bw="1" slack="0"/>
<pin id="373" dir="0" index="2" bw="4" slack="0"/>
<pin id="374" dir="1" index="3" bw="4" slack="0"/>
</pin_list>
<bind>
<opcode="getelementptr(29) " fcode="getelementptr"/>
<opset="p_ZN18predecoder_weightsL13LAYER0_WEIGHTE_17_addr/1 "/>
</bind>
</comp>

<comp id="377" class="1004" name="grp_access_fu_377">
<pin_list>
<pin id="378" dir="0" index="0" bw="4" slack="0"/>
<pin id="379" dir="0" index="1" bw="8" slack="2147483647"/>
<pin id="380" dir="0" index="2" bw="0" slack="2147483647"/>
<pin id="381" dir="1" index="3" bw="8" slack="0"/>
</pin_list>
<bind>
<opcode="load(27) " fcode="load"/>
<opset="p_ZN18predecoder_weightsL13LAYER0_WEIGHTE_17_load/1 "/>
</bind>
</comp>

<comp id="383" class="1004" name="p_ZN18predecoder_weightsL13LAYER0_WEIGHTE_20_addr_gep_fu_383">
<pin_list>
<pin id="384" dir="0" index="0" bw="7" slack="0"/>
<pin id="385" dir="0" index="1" bw="1" slack="0"/>
<pin id="386" dir="0" index="2" bw="4" slack="0"/>
<pin id="387" dir="1" index="3" bw="4" slack="0"/>
</pin_list>
<bind>
<opcode="getelementptr(29) " fcode="getelementptr"/>
<opset="p_ZN18predecoder_weightsL13LAYER0_WEIGHTE_20_addr/1 "/>
</bind>
</comp>

<comp id="390" class="1004" name="grp_access_fu_390">
<pin_list>
<pin id="391" dir="0" index="0" bw="4" slack="0"/>
<pin id="392" dir="0" index="1" bw="7" slack="2147483647"/>
<pin id="393" dir="0" index="2" bw="0" slack="2147483647"/>
<pin id="394" dir="1" index="3" bw="7" slack="0"/>
</pin_list>
<bind>
<opcode="load(27) " fcode="load"/>
<opset="p_ZN18predecoder_weightsL13LAYER0_WEIGHTE_20_load/1 "/>
</bind>
</comp>

<comp id="396" class="1004" name="p_ZN18predecoder_weightsL13LAYER0_WEIGHTE_0_addr_gep_fu_396">
<pin_list>
<pin id="397" dir="0" index="0" bw="8" slack="0"/>
<pin id="398" dir="0" index="1" bw="1" slack="0"/>
<pin id="399" dir="0" index="2" bw="4" slack="1"/>
<pin id="400" dir="1" index="3" bw="4" slack="0"/>
</pin_list>
<bind>
<opcode="getelementptr(29) " fcode="getelementptr"/>
<opset="p_ZN18predecoder_weightsL13LAYER0_WEIGHTE_0_addr/2 "/>
</bind>
</comp>

<comp id="403" class="1004" name="grp_access_fu_403">
<pin_list>
<pin id="404" dir="0" index="0" bw="4" slack="0"/>
<pin id="405" dir="0" index="1" bw="8" slack="2147483647"/>
<pin id="406" dir="0" index="2" bw="0" slack="2147483647"/>
<pin id="407" dir="1" index="3" bw="8" slack="1"/>
</pin_list>
<bind>
<opcode="load(27) " fcode="load"/>
<opset="p_ZN18predecoder_weightsL13LAYER0_WEIGHTE_0_load/2 "/>
</bind>
</comp>

<comp id="409" class="1004" name="p_ZN18predecoder_weightsL13LAYER0_WEIGHTE_1_addr_gep_fu_409">
<pin_list>
<pin id="410" dir="0" index="0" bw="8" slack="0"/>
<pin id="411" dir="0" index="1" bw="1" slack="0"/>
<pin id="412" dir="0" index="2" bw="4" slack="1"/>
<pin id="413" dir="1" index="3" bw="4" slack="0"/>
</pin_list>
<bind>
<opcode="getelementptr(29) " fcode="getelementptr"/>
<opset="p_ZN18predecoder_weightsL13LAYER0_WEIGHTE_1_addr/2 "/>
</bind>
</comp>

<comp id="416" class="1004" name="grp_access_fu_416">
<pin_list>
<pin id="417" dir="0" index="0" bw="4" slack="0"/>
<pin id="418" dir="0" index="1" bw="8" slack="2147483647"/>
<pin id="419" dir="0" index="2" bw="0" slack="2147483647"/>
<pin id="420" dir="1" index="3" bw="8" slack="0"/>
</pin_list>
<bind>
<opcode="load(27) " fcode="load"/>
<opset="p_ZN18predecoder_weightsL13LAYER0_WEIGHTE_1_load/2 "/>
</bind>
</comp>

<comp id="422" class="1004" name="p_ZN18predecoder_weightsL13LAYER0_WEIGHTE_3_addr_gep_fu_422">
<pin_list>
<pin id="423" dir="0" index="0" bw="7" slack="0"/>
<pin id="424" dir="0" index="1" bw="1" slack="0"/>
<pin id="425" dir="0" index="2" bw="4" slack="1"/>
<pin id="426" dir="1" index="3" bw="4" slack="0"/>
</pin_list>
<bind>
<opcode="getelementptr(29) " fcode="getelementptr"/>
<opset="p_ZN18predecoder_weightsL13LAYER0_WEIGHTE_3_addr/2 "/>
</bind>
</comp>

<comp id="429" class="1004" name="grp_access_fu_429">
<pin_list>
<pin id="430" dir="0" index="0" bw="4" slack="0"/>
<pin id="431" dir="0" index="1" bw="7" slack="2147483647"/>
<pin id="432" dir="0" index="2" bw="0" slack="2147483647"/>
<pin id="433" dir="1" index="3" bw="7" slack="0"/>
</pin_list>
<bind>
<opcode="load(27) " fcode="load"/>
<opset="p_ZN18predecoder_weightsL13LAYER0_WEIGHTE_3_load/2 "/>
</bind>
</comp>

<comp id="435" class="1004" name="p_ZN18predecoder_weightsL13LAYER0_WEIGHTE_7_addr_gep_fu_435">
<pin_list>
<pin id="436" dir="0" index="0" bw="8" slack="0"/>
<pin id="437" dir="0" index="1" bw="1" slack="0"/>
<pin id="438" dir="0" index="2" bw="4" slack="1"/>
<pin id="439" dir="1" index="3" bw="4" slack="0"/>
</pin_list>
<bind>
<opcode="getelementptr(29) " fcode="getelementptr"/>
<opset="p_ZN18predecoder_weightsL13LAYER0_WEIGHTE_7_addr/2 "/>
</bind>
</comp>

<comp id="442" class="1004" name="grp_access_fu_442">
<pin_list>
<pin id="443" dir="0" index="0" bw="4" slack="0"/>
<pin id="444" dir="0" index="1" bw="8" slack="2147483647"/>
<pin id="445" dir="0" index="2" bw="0" slack="2147483647"/>
<pin id="446" dir="1" index="3" bw="8" slack="0"/>
</pin_list>
<bind>
<opcode="load(27) " fcode="load"/>
<opset="p_ZN18predecoder_weightsL13LAYER0_WEIGHTE_7_load/2 "/>
</bind>
</comp>

<comp id="448" class="1004" name="p_ZN18predecoder_weightsL13LAYER0_WEIGHTE_8_addr_gep_fu_448">
<pin_list>
<pin id="449" dir="0" index="0" bw="8" slack="0"/>
<pin id="450" dir="0" index="1" bw="1" slack="0"/>
<pin id="451" dir="0" index="2" bw="4" slack="1"/>
<pin id="452" dir="1" index="3" bw="4" slack="0"/>
</pin_list>
<bind>
<opcode="getelementptr(29) " fcode="getelementptr"/>
<opset="p_ZN18predecoder_weightsL13LAYER0_WEIGHTE_8_addr/2 "/>
</bind>
</comp>

<comp id="455" class="1004" name="grp_access_fu_455">
<pin_list>
<pin id="456" dir="0" index="0" bw="4" slack="0"/>
<pin id="457" dir="0" index="1" bw="8" slack="2147483647"/>
<pin id="458" dir="0" index="2" bw="0" slack="2147483647"/>
<pin id="459" dir="1" index="3" bw="8" slack="0"/>
</pin_list>
<bind>
<opcode="load(27) " fcode="load"/>
<opset="p_ZN18predecoder_weightsL13LAYER0_WEIGHTE_8_load/2 "/>
</bind>
</comp>

<comp id="461" class="1004" name="p_ZN18predecoder_weightsL13LAYER0_WEIGHTE_9_addr_gep_fu_461">
<pin_list>
<pin id="462" dir="0" index="0" bw="8" slack="0"/>
<pin id="463" dir="0" index="1" bw="1" slack="0"/>
<pin id="464" dir="0" index="2" bw="4" slack="1"/>
<pin id="465" dir="1" index="3" bw="4" slack="0"/>
</pin_list>
<bind>
<opcode="getelementptr(29) " fcode="getelementptr"/>
<opset="p_ZN18predecoder_weightsL13LAYER0_WEIGHTE_9_addr/2 "/>
</bind>
</comp>

<comp id="468" class="1004" name="grp_access_fu_468">
<pin_list>
<pin id="469" dir="0" index="0" bw="4" slack="0"/>
<pin id="470" dir="0" index="1" bw="8" slack="2147483647"/>
<pin id="471" dir="0" index="2" bw="0" slack="2147483647"/>
<pin id="472" dir="1" index="3" bw="8" slack="1"/>
</pin_list>
<bind>
<opcode="load(27) " fcode="load"/>
<opset="p_ZN18predecoder_weightsL13LAYER0_WEIGHTE_9_load/2 "/>
</bind>
</comp>

<comp id="474" class="1004" name="p_ZN18predecoder_weightsL13LAYER0_WEIGHTE_11_addr_gep_fu_474">
<pin_list>
<pin id="475" dir="0" index="0" bw="8" slack="0"/>
<pin id="476" dir="0" index="1" bw="1" slack="0"/>
<pin id="477" dir="0" index="2" bw="4" slack="1"/>
<pin id="478" dir="1" index="3" bw="4" slack="0"/>
</pin_list>
<bind>
<opcode="getelementptr(29) " fcode="getelementptr"/>
<opset="p_ZN18predecoder_weightsL13LAYER0_WEIGHTE_11_addr/2 "/>
</bind>
</comp>

<comp id="481" class="1004" name="grp_access_fu_481">
<pin_list>
<pin id="482" dir="0" index="0" bw="4" slack="0"/>
<pin id="483" dir="0" index="1" bw="8" slack="2147483647"/>
<pin id="484" dir="0" index="2" bw="0" slack="2147483647"/>
<pin id="485" dir="1" index="3" bw="8" slack="0"/>
</pin_list>
<bind>
<opcode="load(27) " fcode="load"/>
<opset="p_ZN18predecoder_weightsL13LAYER0_WEIGHTE_11_load/2 "/>
</bind>
</comp>

<comp id="487" class="1004" name="p_ZN18predecoder_weightsL13LAYER0_WEIGHTE_14_addr_gep_fu_487">
<pin_list>
<pin id="488" dir="0" index="0" bw="8" slack="0"/>
<pin id="489" dir="0" index="1" bw="1" slack="0"/>
<pin id="490" dir="0" index="2" bw="4" slack="1"/>
<pin id="491" dir="1" index="3" bw="4" slack="0"/>
</pin_list>
<bind>
<opcode="getelementptr(29) " fcode="getelementptr"/>
<opset="p_ZN18predecoder_weightsL13LAYER0_WEIGHTE_14_addr/2 "/>
</bind>
</comp>

<comp id="494" class="1004" name="grp_access_fu_494">
<pin_list>
<pin id="495" dir="0" index="0" bw="4" slack="0"/>
<pin id="496" dir="0" index="1" bw="8" slack="2147483647"/>
<pin id="497" dir="0" index="2" bw="0" slack="2147483647"/>
<pin id="498" dir="1" index="3" bw="8" slack="0"/>
</pin_list>
<bind>
<opcode="load(27) " fcode="load"/>
<opset="p_ZN18predecoder_weightsL13LAYER0_WEIGHTE_14_load/2 "/>
</bind>
</comp>

<comp id="500" class="1004" name="p_ZN18predecoder_weightsL13LAYER0_WEIGHTE_15_addr_gep_fu_500">
<pin_list>
<pin id="501" dir="0" index="0" bw="8" slack="0"/>
<pin id="502" dir="0" index="1" bw="1" slack="0"/>
<pin id="503" dir="0" index="2" bw="4" slack="1"/>
<pin id="504" dir="1" index="3" bw="4" slack="0"/>
</pin_list>
<bind>
<opcode="getelementptr(29) " fcode="getelementptr"/>
<opset="p_ZN18predecoder_weightsL13LAYER0_WEIGHTE_15_addr/2 "/>
</bind>
</comp>

<comp id="507" class="1004" name="grp_access_fu_507">
<pin_list>
<pin id="508" dir="0" index="0" bw="4" slack="0"/>
<pin id="509" dir="0" index="1" bw="8" slack="2147483647"/>
<pin id="510" dir="0" index="2" bw="0" slack="2147483647"/>
<pin id="511" dir="1" index="3" bw="8" slack="0"/>
</pin_list>
<bind>
<opcode="load(27) " fcode="load"/>
<opset="p_ZN18predecoder_weightsL13LAYER0_WEIGHTE_15_load/2 "/>
</bind>
</comp>

<comp id="513" class="1004" name="p_ZN18predecoder_weightsL13LAYER0_WEIGHTE_16_addr_gep_fu_513">
<pin_list>
<pin id="514" dir="0" index="0" bw="8" slack="0"/>
<pin id="515" dir="0" index="1" bw="1" slack="0"/>
<pin id="516" dir="0" index="2" bw="4" slack="1"/>
<pin id="517" dir="1" index="3" bw="4" slack="0"/>
</pin_list>
<bind>
<opcode="getelementptr(29) " fcode="getelementptr"/>
<opset="p_ZN18predecoder_weightsL13LAYER0_WEIGHTE_16_addr/2 "/>
</bind>
</comp>

<comp id="520" class="1004" name="grp_access_fu_520">
<pin_list>
<pin id="521" dir="0" index="0" bw="4" slack="0"/>
<pin id="522" dir="0" index="1" bw="8" slack="2147483647"/>
<pin id="523" dir="0" index="2" bw="0" slack="2147483647"/>
<pin id="524" dir="1" index="3" bw="8" slack="1"/>
</pin_list>
<bind>
<opcode="load(27) " fcode="load"/>
<opset="p_ZN18predecoder_weightsL13LAYER0_WEIGHTE_16_load/2 "/>
</bind>
</comp>

<comp id="526" class="1004" name="p_ZN18predecoder_weightsL13LAYER0_WEIGHTE_18_addr_gep_fu_526">
<pin_list>
<pin id="527" dir="0" index="0" bw="8" slack="0"/>
<pin id="528" dir="0" index="1" bw="1" slack="0"/>
<pin id="529" dir="0" index="2" bw="4" slack="1"/>
<pin id="530" dir="1" index="3" bw="4" slack="0"/>
</pin_list>
<bind>
<opcode="getelementptr(29) " fcode="getelementptr"/>
<opset="p_ZN18predecoder_weightsL13LAYER0_WEIGHTE_18_addr/2 "/>
</bind>
</comp>

<comp id="533" class="1004" name="grp_access_fu_533">
<pin_list>
<pin id="534" dir="0" index="0" bw="4" slack="0"/>
<pin id="535" dir="0" index="1" bw="8" slack="2147483647"/>
<pin id="536" dir="0" index="2" bw="0" slack="2147483647"/>
<pin id="537" dir="1" index="3" bw="8" slack="0"/>
</pin_list>
<bind>
<opcode="load(27) " fcode="load"/>
<opset="p_ZN18predecoder_weightsL13LAYER0_WEIGHTE_18_load/2 "/>
</bind>
</comp>

<comp id="539" class="1004" name="p_ZN18predecoder_weightsL13LAYER0_WEIGHTE_19_addr_gep_fu_539">
<pin_list>
<pin id="540" dir="0" index="0" bw="8" slack="0"/>
<pin id="541" dir="0" index="1" bw="1" slack="0"/>
<pin id="542" dir="0" index="2" bw="4" slack="1"/>
<pin id="543" dir="1" index="3" bw="4" slack="0"/>
</pin_list>
<bind>
<opcode="getelementptr(29) " fcode="getelementptr"/>
<opset="p_ZN18predecoder_weightsL13LAYER0_WEIGHTE_19_addr/2 "/>
</bind>
</comp>

<comp id="546" class="1004" name="grp_access_fu_546">
<pin_list>
<pin id="547" dir="0" index="0" bw="4" slack="0"/>
<pin id="548" dir="0" index="1" bw="8" slack="2147483647"/>
<pin id="549" dir="0" index="2" bw="0" slack="2147483647"/>
<pin id="550" dir="1" index="3" bw="8" slack="1"/>
</pin_list>
<bind>
<opcode="load(27) " fcode="load"/>
<opset="p_ZN18predecoder_weightsL13LAYER0_WEIGHTE_19_load/2 "/>
</bind>
</comp>

<comp id="552" class="1004" name="p_ZN18predecoder_weightsL13LAYER0_WEIGHTE_4_addr_gep_fu_552">
<pin_list>
<pin id="553" dir="0" index="0" bw="8" slack="0"/>
<pin id="554" dir="0" index="1" bw="1" slack="0"/>
<pin id="555" dir="0" index="2" bw="4" slack="2"/>
<pin id="556" dir="1" index="3" bw="4" slack="0"/>
</pin_list>
<bind>
<opcode="getelementptr(29) " fcode="getelementptr"/>
<opset="p_ZN18predecoder_weightsL13LAYER0_WEIGHTE_4_addr/3 "/>
</bind>
</comp>

<comp id="559" class="1004" name="grp_access_fu_559">
<pin_list>
<pin id="560" dir="0" index="0" bw="4" slack="0"/>
<pin id="561" dir="0" index="1" bw="8" slack="2147483647"/>
<pin id="562" dir="0" index="2" bw="0" slack="2147483647"/>
<pin id="563" dir="1" index="3" bw="8" slack="1"/>
</pin_list>
<bind>
<opcode="load(27) " fcode="load"/>
<opset="p_ZN18predecoder_weightsL13LAYER0_WEIGHTE_4_load/3 "/>
</bind>
</comp>

<comp id="565" class="1004" name="p_ZN18predecoder_weightsL13LAYER0_WEIGHTE_5_addr_gep_fu_565">
<pin_list>
<pin id="566" dir="0" index="0" bw="8" slack="0"/>
<pin id="567" dir="0" index="1" bw="1" slack="0"/>
<pin id="568" dir="0" index="2" bw="4" slack="2"/>
<pin id="569" dir="1" index="3" bw="4" slack="0"/>
</pin_list>
<bind>
<opcode="getelementptr(29) " fcode="getelementptr"/>
<opset="p_ZN18predecoder_weightsL13LAYER0_WEIGHTE_5_addr/3 "/>
</bind>
</comp>

<comp id="572" class="1004" name="grp_access_fu_572">
<pin_list>
<pin id="573" dir="0" index="0" bw="4" slack="0"/>
<pin id="574" dir="0" index="1" bw="8" slack="2147483647"/>
<pin id="575" dir="0" index="2" bw="0" slack="2147483647"/>
<pin id="576" dir="1" index="3" bw="8" slack="1"/>
</pin_list>
<bind>
<opcode="load(27) " fcode="load"/>
<opset="p_ZN18predecoder_weightsL13LAYER0_WEIGHTE_5_load/3 "/>
</bind>
</comp>

<comp id="578" class="1004" name="p_ZN18predecoder_weightsL13LAYER0_WEIGHTE_10_addr_gep_fu_578">
<pin_list>
<pin id="579" dir="0" index="0" bw="8" slack="0"/>
<pin id="580" dir="0" index="1" bw="1" slack="0"/>
<pin id="581" dir="0" index="2" bw="4" slack="2"/>
<pin id="582" dir="1" index="3" bw="4" slack="0"/>
</pin_list>
<bind>
<opcode="getelementptr(29) " fcode="getelementptr"/>
<opset="p_ZN18predecoder_weightsL13LAYER0_WEIGHTE_10_addr/3 "/>
</bind>
</comp>

<comp id="585" class="1004" name="grp_access_fu_585">
<pin_list>
<pin id="586" dir="0" index="0" bw="4" slack="0"/>
<pin id="587" dir="0" index="1" bw="8" slack="2147483647"/>
<pin id="588" dir="0" index="2" bw="0" slack="2147483647"/>
<pin id="589" dir="1" index="3" bw="8" slack="1"/>
</pin_list>
<bind>
<opcode="load(27) " fcode="load"/>
<opset="p_ZN18predecoder_weightsL13LAYER0_WEIGHTE_10_load/3 "/>
</bind>
</comp>

<comp id="591" class="1004" name="p_ZN18predecoder_weightsL13LAYER0_WEIGHTE_12_addr_gep_fu_591">
<pin_list>
<pin id="592" dir="0" index="0" bw="8" slack="0"/>
<pin id="593" dir="0" index="1" bw="1" slack="0"/>
<pin id="594" dir="0" index="2" bw="4" slack="2"/>
<pin id="595" dir="1" index="3" bw="4" slack="0"/>
</pin_list>
<bind>
<opcode="getelementptr(29) " fcode="getelementptr"/>
<opset="p_ZN18predecoder_weightsL13LAYER0_WEIGHTE_12_addr/3 "/>
</bind>
</comp>

<comp id="598" class="1004" name="grp_access_fu_598">
<pin_list>
<pin id="599" dir="0" index="0" bw="4" slack="0"/>
<pin id="600" dir="0" index="1" bw="8" slack="2147483647"/>
<pin id="601" dir="0" index="2" bw="0" slack="2147483647"/>
<pin id="602" dir="1" index="3" bw="8" slack="0"/>
</pin_list>
<bind>
<opcode="load(27) " fcode="load"/>
<opset="p_ZN18predecoder_weightsL13LAYER0_WEIGHTE_12_load/3 "/>
</bind>
</comp>

<comp id="604" class="1004" name="p_ZN18predecoder_weightsL13LAYER0_WEIGHTE_13_addr_gep_fu_604">
<pin_list>
<pin id="605" dir="0" index="0" bw="8" slack="0"/>
<pin id="606" dir="0" index="1" bw="1" slack="0"/>
<pin id="607" dir="0" index="2" bw="4" slack="2"/>
<pin id="608" dir="1" index="3" bw="4" slack="0"/>
</pin_list>
<bind>
<opcode="getelementptr(29) " fcode="getelementptr"/>
<opset="p_ZN18predecoder_weightsL13LAYER0_WEIGHTE_13_addr/3 "/>
</bind>
</comp>

<comp id="611" class="1004" name="grp_access_fu_611">
<pin_list>
<pin id="612" dir="0" index="0" bw="4" slack="0"/>
<pin id="613" dir="0" index="1" bw="8" slack="2147483647"/>
<pin id="614" dir="0" index="2" bw="0" slack="2147483647"/>
<pin id="615" dir="1" index="3" bw="8" slack="1"/>
</pin_list>
<bind>
<opcode="load(27) " fcode="load"/>
<opset="p_ZN18predecoder_weightsL13LAYER0_WEIGHTE_13_load/3 "/>
</bind>
</comp>

<comp id="617" class="1004" name="p_ZN18predecoder_weightsL13LAYER0_WEIGHTE_25_addr_gep_fu_617">
<pin_list>
<pin id="618" dir="0" index="0" bw="7" slack="0"/>
<pin id="619" dir="0" index="1" bw="1" slack="0"/>
<pin id="620" dir="0" index="2" bw="4" slack="2"/>
<pin id="621" dir="1" index="3" bw="4" slack="0"/>
</pin_list>
<bind>
<opcode="getelementptr(29) " fcode="getelementptr"/>
<opset="p_ZN18predecoder_weightsL13LAYER0_WEIGHTE_25_addr/3 "/>
</bind>
</comp>

<comp id="624" class="1004" name="grp_access_fu_624">
<pin_list>
<pin id="625" dir="0" index="0" bw="4" slack="0"/>
<pin id="626" dir="0" index="1" bw="7" slack="2147483647"/>
<pin id="627" dir="0" index="2" bw="0" slack="2147483647"/>
<pin id="628" dir="1" index="3" bw="7" slack="0"/>
</pin_list>
<bind>
<opcode="load(27) " fcode="load"/>
<opset="p_ZN18predecoder_weightsL13LAYER0_WEIGHTE_25_load/3 "/>
</bind>
</comp>

<comp id="630" class="1004" name="p_ZN18predecoder_weightsL13LAYER0_WEIGHTE_26_addr_gep_fu_630">
<pin_list>
<pin id="631" dir="0" index="0" bw="7" slack="0"/>
<pin id="632" dir="0" index="1" bw="1" slack="0"/>
<pin id="633" dir="0" index="2" bw="4" slack="2"/>
<pin id="634" dir="1" index="3" bw="4" slack="0"/>
</pin_list>
<bind>
<opcode="getelementptr(29) " fcode="getelementptr"/>
<opset="p_ZN18predecoder_weightsL13LAYER0_WEIGHTE_26_addr/3 "/>
</bind>
</comp>

<comp id="637" class="1004" name="grp_access_fu_637">
<pin_list>
<pin id="638" dir="0" index="0" bw="4" slack="0"/>
<pin id="639" dir="0" index="1" bw="7" slack="2147483647"/>
<pin id="640" dir="0" index="2" bw="0" slack="2147483647"/>
<pin id="641" dir="1" index="3" bw="7" slack="0"/>
</pin_list>
<bind>
<opcode="load(27) " fcode="load"/>
<opset="p_ZN18predecoder_weightsL13LAYER0_WEIGHTE_26_load/3 "/>
</bind>
</comp>

<comp id="643" class="1004" name="p_ZN18predecoder_weightsL13LAYER0_WEIGHTE_21_addr_gep_fu_643">
<pin_list>
<pin id="644" dir="0" index="0" bw="8" slack="0"/>
<pin id="645" dir="0" index="1" bw="1" slack="0"/>
<pin id="646" dir="0" index="2" bw="4" slack="3"/>
<pin id="647" dir="1" index="3" bw="4" slack="0"/>
</pin_list>
<bind>
<opcode="getelementptr(29) " fcode="getelementptr"/>
<opset="p_ZN18predecoder_weightsL13LAYER0_WEIGHTE_21_addr/4 "/>
</bind>
</comp>

<comp id="650" class="1004" name="grp_access_fu_650">
<pin_list>
<pin id="651" dir="0" index="0" bw="4" slack="0"/>
<pin id="652" dir="0" index="1" bw="8" slack="2147483647"/>
<pin id="653" dir="0" index="2" bw="0" slack="2147483647"/>
<pin id="654" dir="1" index="3" bw="8" slack="1"/>
</pin_list>
<bind>
<opcode="load(27) " fcode="load"/>
<opset="p_ZN18predecoder_weightsL13LAYER0_WEIGHTE_21_load/4 "/>
</bind>
</comp>

<comp id="656" class="1004" name="p_ZN18predecoder_weightsL13LAYER0_WEIGHTE_22_addr_gep_fu_656">
<pin_list>
<pin id="657" dir="0" index="0" bw="8" slack="0"/>
<pin id="658" dir="0" index="1" bw="1" slack="0"/>
<pin id="659" dir="0" index="2" bw="4" slack="3"/>
<pin id="660" dir="1" index="3" bw="4" slack="0"/>
</pin_list>
<bind>
<opcode="getelementptr(29) " fcode="getelementptr"/>
<opset="p_ZN18predecoder_weightsL13LAYER0_WEIGHTE_22_addr/4 "/>
</bind>
</comp>

<comp id="663" class="1004" name="grp_access_fu_663">
<pin_list>
<pin id="664" dir="0" index="0" bw="4" slack="0"/>
<pin id="665" dir="0" index="1" bw="8" slack="2147483647"/>
<pin id="666" dir="0" index="2" bw="0" slack="2147483647"/>
<pin id="667" dir="1" index="3" bw="8" slack="0"/>
</pin_list>
<bind>
<opcode="load(27) " fcode="load"/>
<opset="p_ZN18predecoder_weightsL13LAYER0_WEIGHTE_22_load/4 "/>
</bind>
</comp>

<comp id="669" class="1004" name="p_ZN18predecoder_weightsL13LAYER0_WEIGHTE_24_addr_gep_fu_669">
<pin_list>
<pin id="670" dir="0" index="0" bw="8" slack="0"/>
<pin id="671" dir="0" index="1" bw="1" slack="0"/>
<pin id="672" dir="0" index="2" bw="4" slack="3"/>
<pin id="673" dir="1" index="3" bw="4" slack="0"/>
</pin_list>
<bind>
<opcode="getelementptr(29) " fcode="getelementptr"/>
<opset="p_ZN18predecoder_weightsL13LAYER0_WEIGHTE_24_addr/4 "/>
</bind>
</comp>

<comp id="676" class="1004" name="grp_access_fu_676">
<pin_list>
<pin id="677" dir="0" index="0" bw="4" slack="0"/>
<pin id="678" dir="0" index="1" bw="8" slack="2147483647"/>
<pin id="679" dir="0" index="2" bw="0" slack="2147483647"/>
<pin id="680" dir="1" index="3" bw="8" slack="0"/>
</pin_list>
<bind>
<opcode="load(27) " fcode="load"/>
<opset="p_ZN18predecoder_weightsL13LAYER0_WEIGHTE_24_load/4 "/>
</bind>
</comp>

<comp id="682" class="1004" name="p_ZN18predecoder_weightsL13LAYER0_WEIGHTE_23_addr_gep_fu_682">
<pin_list>
<pin id="683" dir="0" index="0" bw="8" slack="0"/>
<pin id="684" dir="0" index="1" bw="1" slack="0"/>
<pin id="685" dir="0" index="2" bw="4" slack="4"/>
<pin id="686" dir="1" index="3" bw="4" slack="0"/>
</pin_list>
<bind>
<opcode="getelementptr(29) " fcode="getelementptr"/>
<opset="p_ZN18predecoder_weightsL13LAYER0_WEIGHTE_23_addr/5 "/>
</bind>
</comp>

<comp id="689" class="1004" name="grp_access_fu_689">
<pin_list>
<pin id="690" dir="0" index="0" bw="4" slack="0"/>
<pin id="691" dir="0" index="1" bw="8" slack="2147483647"/>
<pin id="692" dir="0" index="2" bw="0" slack="2147483647"/>
<pin id="693" dir="1" index="3" bw="8" slack="1"/>
</pin_list>
<bind>
<opcode="load(27) " fcode="load"/>
<opset="p_ZN18predecoder_weightsL13LAYER0_WEIGHTE_23_load/5 "/>
</bind>
</comp>

<comp id="695" class="1004" name="predecoder_weights_LAYER0_BIAS_addr_gep_fu_695">
<pin_list>
<pin id="696" dir="0" index="0" bw="9" slack="0"/>
<pin id="697" dir="0" index="1" bw="1" slack="0"/>
<pin id="698" dir="0" index="2" bw="4" slack="4"/>
<pin id="699" dir="1" index="3" bw="4" slack="0"/>
</pin_list>
<bind>
<opcode="getelementptr(29) " fcode="getelementptr"/>
<opset="predecoder_weights_LAYER0_BIAS_addr/5 "/>
</bind>
</comp>

<comp id="702" class="1004" name="grp_access_fu_702">
<pin_list>
<pin id="703" dir="0" index="0" bw="4" slack="0"/>
<pin id="704" dir="0" index="1" bw="9" slack="2147483647"/>
<pin id="705" dir="0" index="2" bw="0" slack="2147483647"/>
<pin id="706" dir="1" index="3" bw="9" slack="0"/>
</pin_list>
<bind>
<opcode="load(27) " fcode="load"/>
<opset="acc/5 "/>
</bind>
</comp>

<comp id="708" class="1004" name="layer0_mult_addr_gep_fu_708">
<pin_list>
<pin id="709" dir="0" index="0" bw="41" slack="0"/>
<pin id="710" dir="0" index="1" bw="1" slack="0"/>
<pin id="711" dir="0" index="2" bw="4" slack="6"/>
<pin id="712" dir="1" index="3" bw="4" slack="0"/>
</pin_list>
<bind>
<opcode="getelementptr(29) " fcode="getelementptr"/>
<opset="layer0_mult_addr/7 "/>
</bind>
</comp>

<comp id="715" class="1004" name="grp_access_fu_715">
<pin_list>
<pin id="716" dir="0" index="0" bw="4" slack="0"/>
<pin id="717" dir="0" index="1" bw="41" slack="2147483647"/>
<pin id="718" dir="0" index="2" bw="0" slack="2147483647"/>
<pin id="719" dir="1" index="3" bw="41" slack="1"/>
</pin_list>
<bind>
<opcode="load(27) " fcode="load"/>
<opset="layer0_mult_load/7 "/>
</bind>
</comp>

<comp id="721" class="1004" name="out_addr_gep_fu_721">
<pin_list>
<pin id="722" dir="0" index="0" bw="8" slack="0"/>
<pin id="723" dir="0" index="1" bw="1" slack="0"/>
<pin id="724" dir="0" index="2" bw="4" slack="14"/>
<pin id="725" dir="1" index="3" bw="4" slack="0"/>
</pin_list>
<bind>
<opcode="getelementptr(29) " fcode="getelementptr"/>
<opset="out_addr/15 "/>
</bind>
</comp>

<comp id="728" class="1004" name="store_ln121_access_fu_728">
<pin_list>
<pin id="729" dir="0" index="0" bw="4" slack="0"/>
<pin id="730" dir="0" index="1" bw="8" slack="1"/>
<pin id="731" dir="0" index="2" bw="0" slack="2147483647"/>
<pin id="732" dir="1" index="3" bw="8" slack="2147483647"/>
</pin_list>
<bind>
<opcode="store(28) " fcode="store"/>
<opset="store_ln121/15 "/>
</bind>
</comp>

<comp id="734" class="1004" name="grp_fu_734">
<pin_list>
<pin id="735" dir="0" index="0" bw="76" slack="0"/>
<pin id="736" dir="0" index="1" bw="57" slack="0"/>
<pin id="737" dir="1" index="2" bw="132" slack="0"/>
</pin_list>
<bind>
<opcode="mul(12) " fcode="mul"/>
<opset="mul_ln116/9 "/>
</bind>
</comp>

<comp id="738" class="1004" name="zext_ln69_cast_fu_738">
<pin_list>
<pin id="739" dir="0" index="0" bw="8" slack="0"/>
<pin id="740" dir="1" index="1" bw="15" slack="3"/>
</pin_list>
<bind>
<opcode="zext(34) " fcode="zext"/>
<opset="zext_ln69_cast/1 "/>
</bind>
</comp>

<comp id="742" class="1004" name="window_1_0_load_8_cast_cast_fu_742">
<pin_list>
<pin id="743" dir="0" index="0" bw="8" slack="0"/>
<pin id="744" dir="1" index="1" bw="15" slack="3"/>
</pin_list>
<bind>
<opcode="zext(34) " fcode="zext"/>
<opset="window_1_0_load_8_cast_cast/1 "/>
</bind>
</comp>

<comp id="746" class="1004" name="window_0_load_8_cast_cast_fu_746">
<pin_list>
<pin id="747" dir="0" index="0" bw="8" slack="0"/>
<pin id="748" dir="1" index="1" bw="16" slack="4"/>
</pin_list>
<bind>
<opcode="zext(34) " fcode="zext"/>
<opset="window_0_load_8_cast_cast/1 "/>
</bind>
</comp>

<comp id="750" class="1004" name="window_2_0_load_7_cast_cast_fu_750">
<pin_list>
<pin id="751" dir="0" index="0" bw="8" slack="0"/>
<pin id="752" dir="1" index="1" bw="16" slack="6"/>
</pin_list>
<bind>
<opcode="zext(34) " fcode="zext"/>
<opset="window_2_0_load_7_cast_cast/1 "/>
</bind>
</comp>

<comp id="754" class="1004" name="window_1_0_load_7_cast_cast_fu_754">
<pin_list>
<pin id="755" dir="0" index="0" bw="8" slack="0"/>
<pin id="756" dir="1" index="1" bw="16" slack="4"/>
</pin_list>
<bind>
<opcode="zext(34) " fcode="zext"/>
<opset="window_1_0_load_7_cast_cast/1 "/>
</bind>
</comp>

<comp id="758" class="1004" name="window_0_load_7_cast_cast_fu_758">
<pin_list>
<pin id="759" dir="0" index="0" bw="8" slack="0"/>
<pin id="760" dir="1" index="1" bw="16" slack="5"/>
</pin_list>
<bind>
<opcode="zext(34) " fcode="zext"/>
<opset="window_0_load_7_cast_cast/1 "/>
</bind>
</comp>

<comp id="762" class="1004" name="window_2_0_load_6_cast_cast_fu_762">
<pin_list>
<pin id="763" dir="0" index="0" bw="8" slack="0"/>
<pin id="764" dir="1" index="1" bw="15" slack="1"/>
</pin_list>
<bind>
<opcode="zext(34) " fcode="zext"/>
<opset="window_2_0_load_6_cast_cast/1 "/>
</bind>
</comp>

<comp id="766" class="1004" name="window_1_0_load_6_cast_cast_fu_766">
<pin_list>
<pin id="767" dir="0" index="0" bw="8" slack="0"/>
<pin id="768" dir="1" index="1" bw="16" slack="3"/>
</pin_list>
<bind>
<opcode="zext(34) " fcode="zext"/>
<opset="window_1_0_load_6_cast_cast/1 "/>
</bind>
</comp>

<comp id="770" class="1004" name="window_0_load_6_cast_cast_fu_770">
<pin_list>
<pin id="771" dir="0" index="0" bw="8" slack="0"/>
<pin id="772" dir="1" index="1" bw="16" slack="2"/>
</pin_list>
<bind>
<opcode="zext(34) " fcode="zext"/>
<opset="window_0_load_6_cast_cast/1 "/>
</bind>
</comp>

<comp id="774" class="1004" name="window_2_0_load_5_cast_cast_fu_774">
<pin_list>
<pin id="775" dir="0" index="0" bw="8" slack="0"/>
<pin id="776" dir="1" index="1" bw="16" slack="1"/>
</pin_list>
<bind>
<opcode="zext(34) " fcode="zext"/>
<opset="window_2_0_load_5_cast_cast/1 "/>
</bind>
</comp>

<comp id="778" class="1004" name="window_1_0_load_5_cast_cast_fu_778">
<pin_list>
<pin id="779" dir="0" index="0" bw="8" slack="0"/>
<pin id="780" dir="1" index="1" bw="16" slack="3"/>
</pin_list>
<bind>
<opcode="zext(34) " fcode="zext"/>
<opset="window_1_0_load_5_cast_cast/1 "/>
</bind>
</comp>

<comp id="782" class="1004" name="window_0_load_5_cast_cast_fu_782">
<pin_list>
<pin id="783" dir="0" index="0" bw="8" slack="0"/>
<pin id="784" dir="1" index="1" bw="16" slack="2"/>
</pin_list>
<bind>
<opcode="zext(34) " fcode="zext"/>
<opset="window_0_load_5_cast_cast/1 "/>
</bind>
</comp>

<comp id="786" class="1004" name="window_2_0_load_4_cast_cast_fu_786">
<pin_list>
<pin id="787" dir="0" index="0" bw="8" slack="0"/>
<pin id="788" dir="1" index="1" bw="16" slack="2"/>
</pin_list>
<bind>
<opcode="zext(34) " fcode="zext"/>
<opset="window_2_0_load_4_cast_cast/1 "/>
</bind>
</comp>

<comp id="790" class="1004" name="window_1_0_load_4_cast_cast_fu_790">
<pin_list>
<pin id="791" dir="0" index="0" bw="8" slack="0"/>
<pin id="792" dir="1" index="1" bw="16" slack="4"/>
</pin_list>
<bind>
<opcode="zext(34) " fcode="zext"/>
<opset="window_1_0_load_4_cast_cast/1 "/>
</bind>
</comp>

<comp id="794" class="1004" name="window_0_load_4_cast_cast_fu_794">
<pin_list>
<pin id="795" dir="0" index="0" bw="8" slack="0"/>
<pin id="796" dir="1" index="1" bw="16" slack="3"/>
</pin_list>
<bind>
<opcode="zext(34) " fcode="zext"/>
<opset="window_0_load_4_cast_cast/1 "/>
</bind>
</comp>

<comp id="798" class="1004" name="window_2_0_load_3_cast_cast_fu_798">
<pin_list>
<pin id="799" dir="0" index="0" bw="8" slack="0"/>
<pin id="800" dir="1" index="1" bw="16" slack="2"/>
</pin_list>
<bind>
<opcode="zext(34) " fcode="zext"/>
<opset="window_2_0_load_3_cast_cast/1 "/>
</bind>
</comp>

<comp id="802" class="1004" name="window_1_0_load_3_cast_cast_fu_802">
<pin_list>
<pin id="803" dir="0" index="0" bw="8" slack="0"/>
<pin id="804" dir="1" index="1" bw="16" slack="4"/>
</pin_list>
<bind>
<opcode="zext(34) " fcode="zext"/>
<opset="window_1_0_load_3_cast_cast/1 "/>
</bind>
</comp>

<comp id="806" class="1004" name="window_0_load_3_cast_cast_fu_806">
<pin_list>
<pin id="807" dir="0" index="0" bw="8" slack="0"/>
<pin id="808" dir="1" index="1" bw="16" slack="3"/>
</pin_list>
<bind>
<opcode="zext(34) " fcode="zext"/>
<opset="window_0_load_3_cast_cast/1 "/>
</bind>
</comp>

<comp id="810" class="1004" name="window_2_0_load_2_cast_cast_fu_810">
<pin_list>
<pin id="811" dir="0" index="0" bw="8" slack="0"/>
<pin id="812" dir="1" index="1" bw="16" slack="2"/>
</pin_list>
<bind>
<opcode="zext(34) " fcode="zext"/>
<opset="window_2_0_load_2_cast_cast/1 "/>
</bind>
</comp>

<comp id="814" class="1004" name="window_1_0_load_2_cast_cast_fu_814">
<pin_list>
<pin id="815" dir="0" index="0" bw="8" slack="0"/>
<pin id="816" dir="1" index="1" bw="16" slack="2"/>
</pin_list>
<bind>
<opcode="zext(34) " fcode="zext"/>
<opset="window_1_0_load_2_cast_cast/1 "/>
</bind>
</comp>

<comp id="818" class="1004" name="window_0_load_2_cast_cast_fu_818">
<pin_list>
<pin id="819" dir="0" index="0" bw="8" slack="0"/>
<pin id="820" dir="1" index="1" bw="14" slack="1"/>
</pin_list>
<bind>
<opcode="zext(34) " fcode="zext"/>
<opset="window_0_load_2_cast_cast/1 "/>
</bind>
</comp>

<comp id="822" class="1004" name="window_2_0_load_1_cast_cast_fu_822">
<pin_list>
<pin id="823" dir="0" index="0" bw="8" slack="0"/>
<pin id="824" dir="1" index="1" bw="16" slack="4"/>
</pin_list>
<bind>
<opcode="zext(34) " fcode="zext"/>
<opset="window_2_0_load_1_cast_cast/1 "/>
</bind>
</comp>

<comp id="826" class="1004" name="window_1_0_load_1_cast_cast_fu_826">
<pin_list>
<pin id="827" dir="0" index="0" bw="8" slack="0"/>
<pin id="828" dir="1" index="1" bw="16" slack="4"/>
</pin_list>
<bind>
<opcode="zext(34) " fcode="zext"/>
<opset="window_1_0_load_1_cast_cast/1 "/>
</bind>
</comp>

<comp id="830" class="1004" name="window_0_load_1_cast_cast_fu_830">
<pin_list>
<pin id="831" dir="0" index="0" bw="8" slack="0"/>
<pin id="832" dir="1" index="1" bw="15" slack="2"/>
</pin_list>
<bind>
<opcode="zext(34) " fcode="zext"/>
<opset="window_0_load_1_cast_cast/1 "/>
</bind>
</comp>

<comp id="834" class="1004" name="window_2_0_load_cast_cast_fu_834">
<pin_list>
<pin id="835" dir="0" index="0" bw="8" slack="0"/>
<pin id="836" dir="1" index="1" bw="16" slack="1"/>
</pin_list>
<bind>
<opcode="zext(34) " fcode="zext"/>
<opset="window_2_0_load_cast_cast/1 "/>
</bind>
</comp>

<comp id="838" class="1004" name="window_1_0_load_cast_cast_fu_838">
<pin_list>
<pin id="839" dir="0" index="0" bw="8" slack="0"/>
<pin id="840" dir="1" index="1" bw="16" slack="2"/>
</pin_list>
<bind>
<opcode="zext(34) " fcode="zext"/>
<opset="window_1_0_load_cast_cast/1 "/>
</bind>
</comp>

<comp id="842" class="1004" name="window_0_load_cast_cast_fu_842">
<pin_list>
<pin id="843" dir="0" index="0" bw="8" slack="0"/>
<pin id="844" dir="1" index="1" bw="16" slack="3"/>
</pin_list>
<bind>
<opcode="zext(34) " fcode="zext"/>
<opset="window_0_load_cast_cast/1 "/>
</bind>
</comp>

<comp id="846" class="1004" name="store_ln69_store_fu_846">
<pin_list>
<pin id="847" dir="0" index="0" bw="1" slack="0"/>
<pin id="848" dir="0" index="1" bw="4" slack="0"/>
<pin id="849" dir="1" index="2" bw="0" slack="2147483647"/>
</pin_list>
<bind>
<opcode="store(28) " fcode="store"/>
<opset="store_ln69/1 "/>
</bind>
</comp>

<comp id="851" class="1004" name="oc_1_load_fu_851">
<pin_list>
<pin id="852" dir="0" index="0" bw="4" slack="0"/>
<pin id="853" dir="1" index="1" bw="4" slack="0"/>
</pin_list>
<bind>
<opcode="load(27) " fcode="load"/>
<opset="oc_1/1 "/>
</bind>
</comp>

<comp id="854" class="1004" name="icmp_ln69_fu_854">
<pin_list>
<pin id="855" dir="0" index="0" bw="4" slack="0"/>
<pin id="856" dir="0" index="1" bw="3" slack="0"/>
<pin id="857" dir="1" index="2" bw="1" slack="13"/>
</pin_list>
<bind>
<opcode="icmp(45) " fcode="icmp"/>
<opset="icmp_ln69/1 "/>
</bind>
</comp>

<comp id="860" class="1004" name="add_ln69_fu_860">
<pin_list>
<pin id="861" dir="0" index="0" bw="4" slack="0"/>
<pin id="862" dir="0" index="1" bw="1" slack="0"/>
<pin id="863" dir="1" index="2" bw="4" slack="0"/>
</pin_list>
<bind>
<opcode="add(8) " fcode="add"/>
<opset="add_ln69/1 "/>
</bind>
</comp>

<comp id="866" class="1004" name="zext_ln69_1_fu_866">
<pin_list>
<pin id="867" dir="0" index="0" bw="4" slack="0"/>
<pin id="868" dir="1" index="1" bw="64" slack="0"/>
</pin_list>
<bind>
<opcode="zext(34) " fcode="zext"/>
<opset="zext_ln69_1/1 "/>
</bind>
</comp>

<comp id="874" class="1004" name="store_ln69_store_fu_874">
<pin_list>
<pin id="875" dir="0" index="0" bw="4" slack="0"/>
<pin id="876" dir="0" index="1" bw="4" slack="0"/>
<pin id="877" dir="1" index="2" bw="0" slack="2147483647"/>
</pin_list>
<bind>
<opcode="store(28) " fcode="store"/>
<opset="store_ln69/1 "/>
</bind>
</comp>

<comp id="879" class="1004" name="sext_ln102_4_fu_879">
<pin_list>
<pin id="880" dir="0" index="0" bw="8" slack="0"/>
<pin id="881" dir="1" index="1" bw="16" slack="0"/>
</pin_list>
<bind>
<opcode="sext(35) " fcode="sext"/>
<opset="sext_ln102_4/2 "/>
</bind>
</comp>

<comp id="883" class="1004" name="sext_ln102_12_fu_883">
<pin_list>
<pin id="884" dir="0" index="0" bw="6" slack="0"/>
<pin id="885" dir="1" index="1" bw="14" slack="0"/>
</pin_list>
<bind>
<opcode="sext(35) " fcode="sext"/>
<opset="sext_ln102_12/2 "/>
</bind>
</comp>

<comp id="887" class="1004" name="sext_ln102_34_fu_887">
<pin_list>
<pin id="888" dir="0" index="0" bw="8" slack="0"/>
<pin id="889" dir="1" index="1" bw="16" slack="0"/>
</pin_list>
<bind>
<opcode="sext(35) " fcode="sext"/>
<opset="sext_ln102_34/2 "/>
</bind>
</comp>

<comp id="891" class="1004" name="sext_ln102_40_fu_891">
<pin_list>
<pin id="892" dir="0" index="0" bw="7" slack="0"/>
<pin id="893" dir="1" index="1" bw="15" slack="0"/>
</pin_list>
<bind>
<opcode="sext(35) " fcode="sext"/>
<opset="sext_ln102_40/2 "/>
</bind>
</comp>

<comp id="895" class="1004" name="sext_ln102_2_fu_895">
<pin_list>
<pin id="896" dir="0" index="0" bw="8" slack="0"/>
<pin id="897" dir="1" index="1" bw="16" slack="0"/>
</pin_list>
<bind>
<opcode="sext(35) " fcode="sext"/>
<opset="sext_ln102_2/3 "/>
</bind>
</comp>

<comp id="899" class="1004" name="sext_ln102_6_fu_899">
<pin_list>
<pin id="900" dir="0" index="0" bw="7" slack="0"/>
<pin id="901" dir="1" index="1" bw="15" slack="0"/>
</pin_list>
<bind>
<opcode="sext(35) " fcode="sext"/>
<opset="sext_ln102_6/3 "/>
</bind>
</comp>

<comp id="903" class="1004" name="sext_ln102_14_fu_903">
<pin_list>
<pin id="904" dir="0" index="0" bw="8" slack="0"/>
<pin id="905" dir="1" index="1" bw="16" slack="0"/>
</pin_list>
<bind>
<opcode="sext(35) " fcode="sext"/>
<opset="sext_ln102_14/3 "/>
</bind>
</comp>

<comp id="907" class="1004" name="sext_ln102_16_fu_907">
<pin_list>
<pin id="908" dir="0" index="0" bw="8" slack="0"/>
<pin id="909" dir="1" index="1" bw="16" slack="0"/>
</pin_list>
<bind>
<opcode="sext(35) " fcode="sext"/>
<opset="sext_ln102_16/3 "/>
</bind>
</comp>

<comp id="911" class="1004" name="sext_ln102_22_fu_911">
<pin_list>
<pin id="912" dir="0" index="0" bw="8" slack="0"/>
<pin id="913" dir="1" index="1" bw="16" slack="0"/>
</pin_list>
<bind>
<opcode="sext(35) " fcode="sext"/>
<opset="sext_ln102_22/3 "/>
</bind>
</comp>

<comp id="915" class="1004" name="sext_ln102_28_fu_915">
<pin_list>
<pin id="916" dir="0" index="0" bw="8" slack="0"/>
<pin id="917" dir="1" index="1" bw="16" slack="0"/>
</pin_list>
<bind>
<opcode="sext(35) " fcode="sext"/>
<opset="sext_ln102_28/3 "/>
</bind>
</comp>

<comp id="919" class="1004" name="sext_ln102_30_fu_919">
<pin_list>
<pin id="920" dir="0" index="0" bw="8" slack="0"/>
<pin id="921" dir="1" index="1" bw="16" slack="0"/>
</pin_list>
<bind>
<opcode="sext(35) " fcode="sext"/>
<opset="sext_ln102_30/3 "/>
</bind>
</comp>

<comp id="923" class="1004" name="sext_ln102_36_fu_923">
<pin_list>
<pin id="924" dir="0" index="0" bw="8" slack="0"/>
<pin id="925" dir="1" index="1" bw="16" slack="0"/>
</pin_list>
<bind>
<opcode="sext(35) " fcode="sext"/>
<opset="sext_ln102_36/3 "/>
</bind>
</comp>

<comp id="927" class="1004" name="sext_ln102_fu_927">
<pin_list>
<pin id="928" dir="0" index="0" bw="8" slack="1"/>
<pin id="929" dir="1" index="1" bw="16" slack="0"/>
</pin_list>
<bind>
<opcode="sext(35) " fcode="sext"/>
<opset="sext_ln102/4 "/>
</bind>
</comp>

<comp id="930" class="1004" name="partial_fu_930">
<pin_list>
<pin id="931" dir="0" index="0" bw="8" slack="0"/>
<pin id="932" dir="0" index="1" bw="8" slack="3"/>
<pin id="933" dir="1" index="2" bw="16" slack="0"/>
</pin_list>
<bind>
<opcode="mul(12) " fcode="mul"/>
<opset="partial/4 "/>
</bind>
</comp>

<comp id="935" class="1004" name="sext_ln102_1_fu_935">
<pin_list>
<pin id="936" dir="0" index="0" bw="16" slack="0"/>
<pin id="937" dir="1" index="1" bw="17" slack="0"/>
</pin_list>
<bind>
<opcode="sext(35) " fcode="sext"/>
<opset="sext_ln102_1/4 "/>
</bind>
</comp>

<comp id="939" class="1004" name="sext_ln102_18_fu_939">
<pin_list>
<pin id="940" dir="0" index="0" bw="8" slack="1"/>
<pin id="941" dir="1" index="1" bw="16" slack="0"/>
</pin_list>
<bind>
<opcode="sext(35) " fcode="sext"/>
<opset="sext_ln102_18/4 "/>
</bind>
</comp>

<comp id="942" class="1004" name="partial_9_fu_942">
<pin_list>
<pin id="943" dir="0" index="0" bw="8" slack="0"/>
<pin id="944" dir="0" index="1" bw="8" slack="3"/>
<pin id="945" dir="1" index="2" bw="16" slack="0"/>
</pin_list>
<bind>
<opcode="mul(12) " fcode="mul"/>
<opset="partial_9/4 "/>
</bind>
</comp>

<comp id="947" class="1004" name="sext_ln102_19_fu_947">
<pin_list>
<pin id="948" dir="0" index="0" bw="16" slack="0"/>
<pin id="949" dir="1" index="1" bw="17" slack="0"/>
</pin_list>
<bind>
<opcode="sext(35) " fcode="sext"/>
<opset="sext_ln102_19/4 "/>
</bind>
</comp>

<comp id="951" class="1004" name="sext_ln102_24_fu_951">
<pin_list>
<pin id="952" dir="0" index="0" bw="8" slack="0"/>
<pin id="953" dir="1" index="1" bw="16" slack="0"/>
</pin_list>
<bind>
<opcode="sext(35) " fcode="sext"/>
<opset="sext_ln102_24/4 "/>
</bind>
</comp>

<comp id="955" class="1004" name="sext_ln102_32_fu_955">
<pin_list>
<pin id="956" dir="0" index="0" bw="8" slack="1"/>
<pin id="957" dir="1" index="1" bw="16" slack="0"/>
</pin_list>
<bind>
<opcode="sext(35) " fcode="sext"/>
<opset="sext_ln102_32/4 "/>
</bind>
</comp>

<comp id="958" class="1004" name="partial_16_fu_958">
<pin_list>
<pin id="959" dir="0" index="0" bw="8" slack="0"/>
<pin id="960" dir="0" index="1" bw="8" slack="3"/>
<pin id="961" dir="1" index="2" bw="16" slack="0"/>
</pin_list>
<bind>
<opcode="mul(12) " fcode="mul"/>
<opset="partial_16/4 "/>
</bind>
</comp>

<comp id="963" class="1004" name="sext_ln102_33_fu_963">
<pin_list>
<pin id="964" dir="0" index="0" bw="16" slack="0"/>
<pin id="965" dir="1" index="1" bw="17" slack="0"/>
</pin_list>
<bind>
<opcode="sext(35) " fcode="sext"/>
<opset="sext_ln102_33/4 "/>
</bind>
</comp>

<comp id="967" class="1004" name="sext_ln102_38_fu_967">
<pin_list>
<pin id="968" dir="0" index="0" bw="8" slack="1"/>
<pin id="969" dir="1" index="1" bw="16" slack="0"/>
</pin_list>
<bind>
<opcode="sext(35) " fcode="sext"/>
<opset="sext_ln102_38/4 "/>
</bind>
</comp>

<comp id="970" class="1004" name="partial_19_fu_970">
<pin_list>
<pin id="971" dir="0" index="0" bw="8" slack="0"/>
<pin id="972" dir="0" index="1" bw="8" slack="3"/>
<pin id="973" dir="1" index="2" bw="16" slack="0"/>
</pin_list>
<bind>
<opcode="mul(12) " fcode="mul"/>
<opset="partial_19/4 "/>
</bind>
</comp>

<comp id="975" class="1004" name="sext_ln102_39_fu_975">
<pin_list>
<pin id="976" dir="0" index="0" bw="16" slack="0"/>
<pin id="977" dir="1" index="1" bw="17" slack="0"/>
</pin_list>
<bind>
<opcode="sext(35) " fcode="sext"/>
<opset="sext_ln102_39/4 "/>
</bind>
</comp>

<comp id="979" class="1004" name="sext_ln102_50_fu_979">
<pin_list>
<pin id="980" dir="0" index="0" bw="7" slack="0"/>
<pin id="981" dir="1" index="1" bw="15" slack="0"/>
</pin_list>
<bind>
<opcode="sext(35) " fcode="sext"/>
<opset="sext_ln102_50/4 "/>
</bind>
</comp>

<comp id="983" class="1004" name="sext_ln102_52_fu_983">
<pin_list>
<pin id="984" dir="0" index="0" bw="7" slack="0"/>
<pin id="985" dir="1" index="1" bw="15" slack="0"/>
</pin_list>
<bind>
<opcode="sext(35) " fcode="sext"/>
<opset="sext_ln102_52/4 "/>
</bind>
</comp>

<comp id="987" class="1004" name="sext_ln102_8_fu_987">
<pin_list>
<pin id="988" dir="0" index="0" bw="8" slack="1"/>
<pin id="989" dir="1" index="1" bw="16" slack="0"/>
</pin_list>
<bind>
<opcode="sext(35) " fcode="sext"/>
<opset="sext_ln102_8/5 "/>
</bind>
</comp>

<comp id="990" class="1004" name="partial_4_fu_990">
<pin_list>
<pin id="991" dir="0" index="0" bw="8" slack="0"/>
<pin id="992" dir="0" index="1" bw="8" slack="4"/>
<pin id="993" dir="1" index="2" bw="16" slack="0"/>
</pin_list>
<bind>
<opcode="mul(12) " fcode="mul"/>
<opset="partial_4/5 "/>
</bind>
</comp>

<comp id="995" class="1004" name="sext_ln102_9_fu_995">
<pin_list>
<pin id="996" dir="0" index="0" bw="16" slack="0"/>
<pin id="997" dir="1" index="1" bw="17" slack="0"/>
</pin_list>
<bind>
<opcode="sext(35) " fcode="sext"/>
<opset="sext_ln102_9/5 "/>
</bind>
</comp>

<comp id="999" class="1004" name="sext_ln102_10_fu_999">
<pin_list>
<pin id="1000" dir="0" index="0" bw="8" slack="1"/>
<pin id="1001" dir="1" index="1" bw="16" slack="0"/>
</pin_list>
<bind>
<opcode="sext(35) " fcode="sext"/>
<opset="sext_ln102_10/5 "/>
</bind>
</comp>

<comp id="1002" class="1004" name="partial_5_fu_1002">
<pin_list>
<pin id="1003" dir="0" index="0" bw="8" slack="0"/>
<pin id="1004" dir="0" index="1" bw="8" slack="4"/>
<pin id="1005" dir="1" index="2" bw="16" slack="0"/>
</pin_list>
<bind>
<opcode="mul(12) " fcode="mul"/>
<opset="partial_5/5 "/>
</bind>
</comp>

<comp id="1007" class="1004" name="sext_ln102_11_fu_1007">
<pin_list>
<pin id="1008" dir="0" index="0" bw="16" slack="0"/>
<pin id="1009" dir="1" index="1" bw="17" slack="0"/>
</pin_list>
<bind>
<opcode="sext(35) " fcode="sext"/>
<opset="sext_ln102_11/5 "/>
</bind>
</comp>

<comp id="1011" class="1004" name="sext_ln102_20_fu_1011">
<pin_list>
<pin id="1012" dir="0" index="0" bw="8" slack="1"/>
<pin id="1013" dir="1" index="1" bw="16" slack="0"/>
</pin_list>
<bind>
<opcode="sext(35) " fcode="sext"/>
<opset="sext_ln102_20/5 "/>
</bind>
</comp>

<comp id="1014" class="1004" name="partial_10_fu_1014">
<pin_list>
<pin id="1015" dir="0" index="0" bw="8" slack="0"/>
<pin id="1016" dir="0" index="1" bw="8" slack="4"/>
<pin id="1017" dir="1" index="2" bw="16" slack="0"/>
</pin_list>
<bind>
<opcode="mul(12) " fcode="mul"/>
<opset="partial_10/5 "/>
</bind>
</comp>

<comp id="1019" class="1004" name="sext_ln102_21_fu_1019">
<pin_list>
<pin id="1020" dir="0" index="0" bw="16" slack="0"/>
<pin id="1021" dir="1" index="1" bw="17" slack="0"/>
</pin_list>
<bind>
<opcode="sext(35) " fcode="sext"/>
<opset="sext_ln102_21/5 "/>
</bind>
</comp>

<comp id="1023" class="1004" name="sext_ln102_26_fu_1023">
<pin_list>
<pin id="1024" dir="0" index="0" bw="8" slack="1"/>
<pin id="1025" dir="1" index="1" bw="16" slack="0"/>
</pin_list>
<bind>
<opcode="sext(35) " fcode="sext"/>
<opset="sext_ln102_26/5 "/>
</bind>
</comp>

<comp id="1026" class="1004" name="partial_13_fu_1026">
<pin_list>
<pin id="1027" dir="0" index="0" bw="8" slack="0"/>
<pin id="1028" dir="0" index="1" bw="8" slack="4"/>
<pin id="1029" dir="1" index="2" bw="16" slack="0"/>
</pin_list>
<bind>
<opcode="mul(12) " fcode="mul"/>
<opset="partial_13/5 "/>
</bind>
</comp>

<comp id="1031" class="1004" name="sext_ln102_27_fu_1031">
<pin_list>
<pin id="1032" dir="0" index="0" bw="16" slack="0"/>
<pin id="1033" dir="1" index="1" bw="17" slack="0"/>
</pin_list>
<bind>
<opcode="sext(35) " fcode="sext"/>
<opset="sext_ln102_27/5 "/>
</bind>
</comp>

<comp id="1035" class="1004" name="sext_ln102_44_fu_1035">
<pin_list>
<pin id="1036" dir="0" index="0" bw="8" slack="0"/>
<pin id="1037" dir="1" index="1" bw="16" slack="0"/>
</pin_list>
<bind>
<opcode="sext(35) " fcode="sext"/>
<opset="sext_ln102_44/5 "/>
</bind>
</comp>

<comp id="1039" class="1004" name="sext_ln102_48_fu_1039">
<pin_list>
<pin id="1040" dir="0" index="0" bw="8" slack="0"/>
<pin id="1041" dir="1" index="1" bw="16" slack="0"/>
</pin_list>
<bind>
<opcode="sext(35) " fcode="sext"/>
<opset="sext_ln102_48/5 "/>
</bind>
</comp>

<comp id="1043" class="1004" name="sext_ln112_9_fu_1043">
<pin_list>
<pin id="1044" dir="0" index="0" bw="17" slack="0"/>
<pin id="1045" dir="1" index="1" bw="18" slack="0"/>
</pin_list>
<bind>
<opcode="sext(35) " fcode="sext"/>
<opset="sext_ln112_9/5 "/>
</bind>
</comp>

<comp id="1046" class="1004" name="sext_ln112_11_fu_1046">
<pin_list>
<pin id="1047" dir="0" index="0" bw="17" slack="0"/>
<pin id="1048" dir="1" index="1" bw="18" slack="0"/>
</pin_list>
<bind>
<opcode="sext(35) " fcode="sext"/>
<opset="sext_ln112_11/5 "/>
</bind>
</comp>

<comp id="1049" class="1004" name="sext_ln102_42_fu_1049">
<pin_list>
<pin id="1050" dir="0" index="0" bw="8" slack="1"/>
<pin id="1051" dir="1" index="1" bw="16" slack="0"/>
</pin_list>
<bind>
<opcode="sext(35) " fcode="sext"/>
<opset="sext_ln102_42/6 "/>
</bind>
</comp>

<comp id="1052" class="1004" name="partial_21_fu_1052">
<pin_list>
<pin id="1053" dir="0" index="0" bw="8" slack="0"/>
<pin id="1054" dir="0" index="1" bw="8" slack="5"/>
<pin id="1055" dir="1" index="2" bw="16" slack="0"/>
</pin_list>
<bind>
<opcode="mul(12) " fcode="mul"/>
<opset="partial_21/6 "/>
</bind>
</comp>

<comp id="1057" class="1004" name="sext_ln102_43_fu_1057">
<pin_list>
<pin id="1058" dir="0" index="0" bw="16" slack="0"/>
<pin id="1059" dir="1" index="1" bw="17" slack="0"/>
</pin_list>
<bind>
<opcode="sext(35) " fcode="sext"/>
<opset="sext_ln102_43/6 "/>
</bind>
</comp>

<comp id="1061" class="1004" name="sext_ln106_fu_1061">
<pin_list>
<pin id="1062" dir="0" index="0" bw="9" slack="0"/>
<pin id="1063" dir="1" index="1" bw="15" slack="0"/>
</pin_list>
<bind>
<opcode="sext(35) " fcode="sext"/>
<opset="sext_ln106/6 "/>
</bind>
</comp>

<comp id="1065" class="1004" name="sext_ln112_fu_1065">
<pin_list>
<pin id="1066" dir="0" index="0" bw="17" slack="0"/>
<pin id="1067" dir="1" index="1" bw="18" slack="0"/>
</pin_list>
<bind>
<opcode="sext(35) " fcode="sext"/>
<opset="sext_ln112/6 "/>
</bind>
</comp>

<comp id="1068" class="1004" name="sext_ln112_3_fu_1068">
<pin_list>
<pin id="1069" dir="0" index="0" bw="17" slack="0"/>
<pin id="1070" dir="1" index="1" bw="18" slack="0"/>
</pin_list>
<bind>
<opcode="sext(35) " fcode="sext"/>
<opset="sext_ln112_3/6 "/>
</bind>
</comp>

<comp id="1071" class="1004" name="add_ln112_3_fu_1071">
<pin_list>
<pin id="1072" dir="0" index="0" bw="17" slack="0"/>
<pin id="1073" dir="0" index="1" bw="17" slack="0"/>
<pin id="1074" dir="1" index="2" bw="18" slack="0"/>
</pin_list>
<bind>
<opcode="add(8) " fcode="add"/>
<opset="add_ln112_3/6 "/>
</bind>
</comp>

<comp id="1077" class="1004" name="sext_ln112_1_fu_1077">
<pin_list>
<pin id="1078" dir="0" index="0" bw="18" slack="0"/>
<pin id="1079" dir="1" index="1" bw="19" slack="0"/>
</pin_list>
<bind>
<opcode="sext(35) " fcode="sext"/>
<opset="sext_ln112_1/6 "/>
</bind>
</comp>

<comp id="1081" class="1004" name="sext_ln112_4_fu_1081">
<pin_list>
<pin id="1082" dir="0" index="0" bw="17" slack="0"/>
<pin id="1083" dir="1" index="1" bw="19" slack="0"/>
</pin_list>
<bind>
<opcode="sext(35) " fcode="sext"/>
<opset="sext_ln112_4/6 "/>
</bind>
</comp>

<comp id="1084" class="1004" name="add_ln112_5_fu_1084">
<pin_list>
<pin id="1085" dir="0" index="0" bw="17" slack="0"/>
<pin id="1086" dir="0" index="1" bw="18" slack="0"/>
<pin id="1087" dir="1" index="2" bw="19" slack="0"/>
</pin_list>
<bind>
<opcode="add(8) " fcode="add"/>
<opset="add_ln112_5/6 "/>
</bind>
</comp>

<comp id="1090" class="1004" name="sext_ln112_5_fu_1090">
<pin_list>
<pin id="1091" dir="0" index="0" bw="17" slack="0"/>
<pin id="1092" dir="1" index="1" bw="19" slack="0"/>
</pin_list>
<bind>
<opcode="sext(35) " fcode="sext"/>
<opset="sext_ln112_5/6 "/>
</bind>
</comp>

<comp id="1093" class="1004" name="add_ln112_8_fu_1093">
<pin_list>
<pin id="1094" dir="0" index="0" bw="17" slack="0"/>
<pin id="1095" dir="0" index="1" bw="19" slack="0"/>
<pin id="1096" dir="1" index="2" bw="19" slack="1"/>
</pin_list>
<bind>
<opcode="add(8) " fcode="add"/>
<opset="add_ln112_8/6 "/>
</bind>
</comp>

<comp id="1099" class="1004" name="sext_ln112_7_fu_1099">
<pin_list>
<pin id="1100" dir="0" index="0" bw="17" slack="0"/>
<pin id="1101" dir="1" index="1" bw="18" slack="0"/>
</pin_list>
<bind>
<opcode="sext(35) " fcode="sext"/>
<opset="sext_ln112_7/6 "/>
</bind>
</comp>

<comp id="1102" class="1004" name="sext_ln112_10_fu_1102">
<pin_list>
<pin id="1103" dir="0" index="0" bw="18" slack="0"/>
<pin id="1104" dir="1" index="1" bw="19" slack="0"/>
</pin_list>
<bind>
<opcode="sext(35) " fcode="sext"/>
<opset="sext_ln112_10/6 "/>
</bind>
</comp>

<comp id="1105" class="1004" name="sext_ln112_12_fu_1105">
<pin_list>
<pin id="1106" dir="0" index="0" bw="18" slack="0"/>
<pin id="1107" dir="1" index="1" bw="19" slack="0"/>
</pin_list>
<bind>
<opcode="sext(35) " fcode="sext"/>
<opset="sext_ln112_12/6 "/>
</bind>
</comp>

<comp id="1108" class="1004" name="add_ln112_18_fu_1108">
<pin_list>
<pin id="1109" dir="0" index="0" bw="18" slack="0"/>
<pin id="1110" dir="0" index="1" bw="18" slack="0"/>
<pin id="1111" dir="1" index="2" bw="19" slack="1"/>
</pin_list>
<bind>
<opcode="add(8) " fcode="add"/>
<opset="add_ln112_18/6 "/>
</bind>
</comp>

<comp id="1114" class="1004" name="sext_ln102_46_fu_1114">
<pin_list>
<pin id="1115" dir="0" index="0" bw="8" slack="1"/>
<pin id="1116" dir="1" index="1" bw="16" slack="0"/>
</pin_list>
<bind>
<opcode="sext(35) " fcode="sext"/>
<opset="sext_ln102_46/7 "/>
</bind>
</comp>

<comp id="1117" class="1004" name="partial_23_fu_1117">
<pin_list>
<pin id="1118" dir="0" index="0" bw="8" slack="0"/>
<pin id="1119" dir="0" index="1" bw="8" slack="6"/>
<pin id="1120" dir="1" index="2" bw="16" slack="0"/>
</pin_list>
<bind>
<opcode="mul(12) " fcode="mul"/>
<opset="partial_23/7 "/>
</bind>
</comp>

<comp id="1122" class="1004" name="sext_ln102_47_fu_1122">
<pin_list>
<pin id="1123" dir="0" index="0" bw="16" slack="0"/>
<pin id="1124" dir="1" index="1" bw="17" slack="0"/>
</pin_list>
<bind>
<opcode="sext(35) " fcode="sext"/>
<opset="sext_ln102_47/7 "/>
</bind>
</comp>

<comp id="1126" class="1004" name="sext_ln112_2_fu_1126">
<pin_list>
<pin id="1127" dir="0" index="0" bw="19" slack="1"/>
<pin id="1128" dir="1" index="1" bw="20" slack="0"/>
</pin_list>
<bind>
<opcode="sext(35) " fcode="sext"/>
<opset="sext_ln112_2/7 "/>
</bind>
</comp>

<comp id="1129" class="1004" name="sext_ln112_6_fu_1129">
<pin_list>
<pin id="1130" dir="0" index="0" bw="17" slack="1"/>
<pin id="1131" dir="1" index="1" bw="20" slack="0"/>
</pin_list>
<bind>
<opcode="sext(35) " fcode="sext"/>
<opset="sext_ln112_6/7 "/>
</bind>
</comp>

<comp id="1132" class="1004" name="add_ln112_10_fu_1132">
<pin_list>
<pin id="1133" dir="0" index="0" bw="17" slack="0"/>
<pin id="1134" dir="0" index="1" bw="19" slack="0"/>
<pin id="1135" dir="1" index="2" bw="20" slack="0"/>
</pin_list>
<bind>
<opcode="add(8) " fcode="add"/>
<opset="add_ln112_10/7 "/>
</bind>
</comp>

<comp id="1138" class="1004" name="sext_ln112_8_fu_1138">
<pin_list>
<pin id="1139" dir="0" index="0" bw="18" slack="0"/>
<pin id="1140" dir="1" index="1" bw="20" slack="0"/>
</pin_list>
<bind>
<opcode="sext(35) " fcode="sext"/>
<opset="sext_ln112_8/7 "/>
</bind>
</comp>

<comp id="1141" class="1004" name="add_ln112_13_fu_1141">
<pin_list>
<pin id="1142" dir="0" index="0" bw="18" slack="0"/>
<pin id="1143" dir="0" index="1" bw="20" slack="0"/>
<pin id="1144" dir="1" index="2" bw="20" slack="0"/>
</pin_list>
<bind>
<opcode="add(8) " fcode="add"/>
<opset="add_ln112_13/7 "/>
</bind>
</comp>

<comp id="1147" class="1004" name="sext_ln112_13_fu_1147">
<pin_list>
<pin id="1148" dir="0" index="0" bw="19" slack="1"/>
<pin id="1149" dir="1" index="1" bw="20" slack="0"/>
</pin_list>
<bind>
<opcode="sext(35) " fcode="sext"/>
<opset="sext_ln112_13/7 "/>
</bind>
</comp>

<comp id="1150" class="1004" name="add_ln112_19_fu_1150">
<pin_list>
<pin id="1151" dir="0" index="0" bw="19" slack="0"/>
<pin id="1152" dir="0" index="1" bw="20" slack="0"/>
<pin id="1153" dir="1" index="2" bw="20" slack="0"/>
</pin_list>
<bind>
<opcode="add(8) " fcode="add"/>
<opset="add_ln112_19/7 "/>
</bind>
</comp>

<comp id="1156" class="1004" name="sext_ln112_16_fu_1156">
<pin_list>
<pin id="1157" dir="0" index="0" bw="15" slack="0"/>
<pin id="1158" dir="1" index="1" bw="17" slack="0"/>
</pin_list>
<bind>
<opcode="sext(35) " fcode="sext"/>
<opset="sext_ln112_16/7 "/>
</bind>
</comp>

<comp id="1159" class="1004" name="add_ln112_25_fu_1159">
<pin_list>
<pin id="1160" dir="0" index="0" bw="15" slack="0"/>
<pin id="1161" dir="0" index="1" bw="17" slack="0"/>
<pin id="1162" dir="1" index="2" bw="17" slack="1"/>
</pin_list>
<bind>
<opcode="add(8) " fcode="add"/>
<opset="add_ln112_25/7 "/>
</bind>
</comp>

<comp id="1164" class="1004" name="sext_ln112_14_fu_1164">
<pin_list>
<pin id="1165" dir="0" index="0" bw="20" slack="0"/>
<pin id="1166" dir="1" index="1" bw="21" slack="0"/>
</pin_list>
<bind>
<opcode="sext(35) " fcode="sext"/>
<opset="sext_ln112_14/8 "/>
</bind>
</comp>

<comp id="1167" class="1004" name="sext_ln112_15_fu_1167">
<pin_list>
<pin id="1168" dir="0" index="0" bw="17" slack="0"/>
<pin id="1169" dir="1" index="1" bw="21" slack="0"/>
</pin_list>
<bind>
<opcode="sext(35) " fcode="sext"/>
<opset="sext_ln112_15/8 "/>
</bind>
</comp>

<comp id="1170" class="1004" name="add_ln112_22_fu_1170">
<pin_list>
<pin id="1171" dir="0" index="0" bw="17" slack="0"/>
<pin id="1172" dir="0" index="1" bw="20" slack="0"/>
<pin id="1173" dir="1" index="2" bw="21" slack="0"/>
</pin_list>
<bind>
<opcode="add(8) " fcode="add"/>
<opset="add_ln112_22/8 "/>
</bind>
</comp>

<comp id="1176" class="1004" name="sext_ln112_17_fu_1176">
<pin_list>
<pin id="1177" dir="0" index="0" bw="17" slack="1"/>
<pin id="1178" dir="1" index="1" bw="21" slack="0"/>
</pin_list>
<bind>
<opcode="sext(35) " fcode="sext"/>
<opset="sext_ln112_17/8 "/>
</bind>
</comp>

<comp id="1179" class="1004" name="acc_1_fu_1179">
<pin_list>
<pin id="1180" dir="0" index="0" bw="17" slack="0"/>
<pin id="1181" dir="0" index="1" bw="21" slack="0"/>
<pin id="1182" dir="1" index="2" bw="21" slack="0"/>
</pin_list>
<bind>
<opcode="add(8) " fcode="add"/>
<opset="acc_1/8 "/>
</bind>
</comp>

<comp id="1185" class="1004" name="tmp_fu_1185">
<pin_list>
<pin id="1186" dir="0" index="0" bw="1" slack="0"/>
<pin id="1187" dir="0" index="1" bw="21" slack="0"/>
<pin id="1188" dir="0" index="2" bw="6" slack="0"/>
<pin id="1189" dir="1" index="3" bw="1" slack="0"/>
</pin_list>
<bind>
<opcode="bitselect(1000) " fcode="bitselect"/>
<opset="tmp/8 "/>
</bind>
</comp>

<comp id="1193" class="1004" name="trunc_ln116_fu_1193">
<pin_list>
<pin id="1194" dir="0" index="0" bw="21" slack="0"/>
<pin id="1195" dir="1" index="1" bw="20" slack="0"/>
</pin_list>
<bind>
<opcode="trunc(33) " fcode="trunc"/>
<opset="trunc_ln116/8 "/>
</bind>
</comp>

<comp id="1197" class="1004" name="select_ln114_fu_1197">
<pin_list>
<pin id="1198" dir="0" index="0" bw="1" slack="0"/>
<pin id="1199" dir="0" index="1" bw="1" slack="0"/>
<pin id="1200" dir="0" index="2" bw="20" slack="0"/>
<pin id="1201" dir="1" index="3" bw="20" slack="1"/>
</pin_list>
<bind>
<opcode="select(49) " fcode="select"/>
<opset="select_ln114/8 "/>
</bind>
</comp>

<comp id="1205" class="1004" name="shl_ln_fu_1205">
<pin_list>
<pin id="1206" dir="0" index="0" bw="76" slack="0"/>
<pin id="1207" dir="0" index="1" bw="20" slack="1"/>
<pin id="1208" dir="0" index="2" bw="1" slack="0"/>
<pin id="1209" dir="1" index="3" bw="76" slack="0"/>
</pin_list>
<bind>
<opcode="bitconcatenate(1004) " fcode="bitconcatenate"/>
<opset="shl_ln/9 "/>
</bind>
</comp>

<comp id="1212" class="1004" name="shl_ln116_1_fu_1212">
<pin_list>
<pin id="1213" dir="0" index="0" bw="57" slack="0"/>
<pin id="1214" dir="0" index="1" bw="41" slack="1"/>
<pin id="1215" dir="0" index="2" bw="1" slack="0"/>
<pin id="1216" dir="1" index="3" bw="57" slack="0"/>
</pin_list>
<bind>
<opcode="bitconcatenate(1004) " fcode="bitconcatenate"/>
<opset="shl_ln116_1/9 "/>
</bind>
</comp>

<comp id="1219" class="1004" name="zext_ln116_fu_1219">
<pin_list>
<pin id="1220" dir="0" index="0" bw="76" slack="0"/>
<pin id="1221" dir="1" index="1" bw="132" slack="0"/>
</pin_list>
<bind>
<opcode="zext(34) " fcode="zext"/>
<opset="zext_ln116/9 "/>
</bind>
</comp>

<comp id="1224" class="1004" name="zext_ln116_1_fu_1224">
<pin_list>
<pin id="1225" dir="0" index="0" bw="57" slack="0"/>
<pin id="1226" dir="1" index="1" bw="132" slack="0"/>
</pin_list>
<bind>
<opcode="zext(34) " fcode="zext"/>
<opset="zext_ln116_1/9 "/>
</bind>
</comp>

<comp id="1229" class="1004" name="trunc_ln7_fu_1229">
<pin_list>
<pin id="1230" dir="0" index="0" bw="76" slack="0"/>
<pin id="1231" dir="0" index="1" bw="132" slack="0"/>
<pin id="1232" dir="0" index="2" bw="7" slack="0"/>
<pin id="1233" dir="0" index="3" bw="9" slack="0"/>
<pin id="1234" dir="1" index="4" bw="76" slack="1"/>
</pin_list>
<bind>
<opcode="partselect(1002) " fcode="partselect"/>
<opset="trunc_ln7/13 "/>
</bind>
</comp>

<comp id="1239" class="1004" name="rounded_fu_1239">
<pin_list>
<pin id="1240" dir="0" index="0" bw="76" slack="1"/>
<pin id="1241" dir="0" index="1" bw="57" slack="0"/>
<pin id="1242" dir="1" index="2" bw="76" slack="0"/>
</pin_list>
<bind>
<opcode="add(8) " fcode="add"/>
<opset="rounded/14 "/>
</bind>
</comp>

<comp id="1244" class="1004" name="tmp_360_fu_1244">
<pin_list>
<pin id="1245" dir="0" index="0" bw="12" slack="0"/>
<pin id="1246" dir="0" index="1" bw="76" slack="0"/>
<pin id="1247" dir="0" index="2" bw="8" slack="0"/>
<pin id="1248" dir="0" index="3" bw="8" slack="0"/>
<pin id="1249" dir="1" index="4" bw="12" slack="0"/>
</pin_list>
<bind>
<opcode="partselect(1002) " fcode="partselect"/>
<opset="tmp_360/14 "/>
</bind>
</comp>

<comp id="1254" class="1004" name="icmp_ln120_fu_1254">
<pin_list>
<pin id="1255" dir="0" index="0" bw="12" slack="0"/>
<pin id="1256" dir="0" index="1" bw="1" slack="0"/>
<pin id="1257" dir="1" index="2" bw="1" slack="0"/>
</pin_list>
<bind>
<opcode="icmp(45) " fcode="icmp"/>
<opset="icmp_ln120/14 "/>
</bind>
</comp>

<comp id="1260" class="1004" name="trunc_ln_fu_1260">
<pin_list>
<pin id="1261" dir="0" index="0" bw="8" slack="0"/>
<pin id="1262" dir="0" index="1" bw="76" slack="0"/>
<pin id="1263" dir="0" index="2" bw="7" slack="0"/>
<pin id="1264" dir="0" index="3" bw="7" slack="0"/>
<pin id="1265" dir="1" index="4" bw="8" slack="0"/>
</pin_list>
<bind>
<opcode="partselect(1002) " fcode="partselect"/>
<opset="trunc_ln/14 "/>
</bind>
</comp>

<comp id="1270" class="1004" name="select_ln121_fu_1270">
<pin_list>
<pin id="1271" dir="0" index="0" bw="1" slack="0"/>
<pin id="1272" dir="0" index="1" bw="1" slack="0"/>
<pin id="1273" dir="0" index="2" bw="8" slack="0"/>
<pin id="1274" dir="1" index="3" bw="8" slack="1"/>
</pin_list>
<bind>
<opcode="select(49) " fcode="select"/>
<opset="select_ln121/14 "/>
</bind>
</comp>

<comp id="1278" class="1007" name="grp_fu_1278">
<pin_list>
<pin id="1279" dir="0" index="0" bw="8" slack="0"/>
<pin id="1280" dir="0" index="1" bw="8" slack="1"/>
<pin id="1281" dir="0" index="2" bw="16" slack="0"/>
<pin id="1282" dir="1" index="3" bw="17" slack="0"/>
</pin_list>
<bind>
<opcode="muladd(1172) " fcode="muladd"/>
<opset="partial_2/2 sext_ln102_5/4 add_ln112/4 "/>
</bind>
</comp>

<comp id="1285" class="1007" name="grp_fu_1285">
<pin_list>
<pin id="1286" dir="0" index="0" bw="8" slack="1"/>
<pin id="1287" dir="0" index="1" bw="6" slack="0"/>
<pin id="1288" dir="0" index="2" bw="16" slack="0"/>
<pin id="1289" dir="1" index="3" bw="17" slack="0"/>
</pin_list>
<bind>
<opcode="muladd(1172) " fcode="muladd"/>
<opset="partial_6/2 sext_ln102_13/4 add_ln112_6/4 "/>
</bind>
</comp>

<comp id="1292" class="1007" name="grp_fu_1292">
<pin_list>
<pin id="1293" dir="0" index="0" bw="8" slack="0"/>
<pin id="1294" dir="0" index="1" bw="8" slack="1"/>
<pin id="1295" dir="0" index="2" bw="16" slack="0"/>
<pin id="1296" dir="1" index="3" bw="17" slack="0"/>
</pin_list>
<bind>
<opcode="muladd(1172) " fcode="muladd"/>
<opset="partial_17/2 sext_ln102_35/4 add_ln112_14/4 "/>
</bind>
</comp>

<comp id="1300" class="1007" name="grp_fu_1300">
<pin_list>
<pin id="1301" dir="0" index="0" bw="8" slack="1"/>
<pin id="1302" dir="0" index="1" bw="7" slack="0"/>
<pin id="1303" dir="0" index="2" bw="16" slack="0"/>
<pin id="1304" dir="1" index="3" bw="17" slack="0"/>
</pin_list>
<bind>
<opcode="muladd(1172) " fcode="muladd"/>
<opset="partial_20/2 sext_ln102_41/4 add_ln112_16/4 "/>
</bind>
</comp>

<comp id="1308" class="1007" name="grp_fu_1308">
<pin_list>
<pin id="1309" dir="0" index="0" bw="8" slack="0"/>
<pin id="1310" dir="0" index="1" bw="8" slack="2"/>
<pin id="1311" dir="0" index="2" bw="17" slack="0"/>
<pin id="1312" dir="1" index="3" bw="17" slack="0"/>
</pin_list>
<bind>
<opcode="muladd(1172) " fcode="muladd"/>
<opset="partial_1/3 sext_ln102_3/5 add_ln112_1/5 "/>
</bind>
</comp>

<comp id="1316" class="1007" name="grp_fu_1316">
<pin_list>
<pin id="1317" dir="0" index="0" bw="8" slack="1"/>
<pin id="1318" dir="0" index="1" bw="7" slack="0"/>
<pin id="1319" dir="0" index="2" bw="16" slack="0"/>
<pin id="1320" dir="1" index="3" bw="17" slack="0"/>
</pin_list>
<bind>
<opcode="muladd(1172) " fcode="muladd"/>
<opset="partial_3/3 sext_ln102_7/5 add_ln112_2/5 "/>
</bind>
</comp>

<comp id="1324" class="1007" name="grp_fu_1324">
<pin_list>
<pin id="1325" dir="0" index="0" bw="8" slack="0"/>
<pin id="1326" dir="0" index="1" bw="8" slack="2"/>
<pin id="1327" dir="0" index="2" bw="16" slack="0"/>
<pin id="1328" dir="1" index="3" bw="17" slack="0"/>
</pin_list>
<bind>
<opcode="muladd(1172) " fcode="muladd"/>
<opset="partial_7/3 sext_ln102_15/5 add_ln112_4/5 "/>
</bind>
</comp>

<comp id="1332" class="1007" name="grp_fu_1332">
<pin_list>
<pin id="1333" dir="0" index="0" bw="8" slack="0"/>
<pin id="1334" dir="0" index="1" bw="8" slack="2"/>
<pin id="1335" dir="0" index="2" bw="17" slack="0"/>
<pin id="1336" dir="1" index="3" bw="17" slack="0"/>
</pin_list>
<bind>
<opcode="muladd(1172) " fcode="muladd"/>
<opset="partial_8/3 sext_ln102_17/5 add_ln112_7/5 "/>
</bind>
</comp>

<comp id="1340" class="1007" name="grp_fu_1340">
<pin_list>
<pin id="1341" dir="0" index="0" bw="8" slack="0"/>
<pin id="1342" dir="0" index="1" bw="8" slack="2"/>
<pin id="1343" dir="0" index="2" bw="16" slack="0"/>
<pin id="1344" dir="1" index="3" bw="17" slack="1"/>
</pin_list>
<bind>
<opcode="muladd(1172) " fcode="muladd"/>
<opset="partial_11/3 sext_ln102_23/5 add_ln112_9/5 "/>
</bind>
</comp>

<comp id="1347" class="1007" name="grp_fu_1347">
<pin_list>
<pin id="1348" dir="0" index="0" bw="8" slack="0"/>
<pin id="1349" dir="0" index="1" bw="8" slack="2"/>
<pin id="1350" dir="0" index="2" bw="16" slack="0"/>
<pin id="1351" dir="1" index="3" bw="17" slack="0"/>
</pin_list>
<bind>
<opcode="muladd(1172) " fcode="muladd"/>
<opset="partial_14/3 sext_ln102_29/5 add_ln112_11/5 "/>
</bind>
</comp>

<comp id="1355" class="1007" name="grp_fu_1355">
<pin_list>
<pin id="1356" dir="0" index="0" bw="8" slack="0"/>
<pin id="1357" dir="0" index="1" bw="8" slack="2"/>
<pin id="1358" dir="0" index="2" bw="17" slack="0"/>
<pin id="1359" dir="1" index="3" bw="18" slack="0"/>
</pin_list>
<bind>
<opcode="muladd(1172) " fcode="muladd"/>
<opset="partial_15/3 sext_ln102_31/5 add_ln112_15/5 "/>
</bind>
</comp>

<comp id="1363" class="1007" name="grp_fu_1363">
<pin_list>
<pin id="1364" dir="0" index="0" bw="8" slack="0"/>
<pin id="1365" dir="0" index="1" bw="8" slack="2"/>
<pin id="1366" dir="0" index="2" bw="17" slack="0"/>
<pin id="1367" dir="1" index="3" bw="18" slack="0"/>
</pin_list>
<bind>
<opcode="muladd(1172) " fcode="muladd"/>
<opset="partial_18/3 sext_ln102_37/5 add_ln112_17/5 "/>
</bind>
</comp>

<comp id="1371" class="1007" name="grp_fu_1371">
<pin_list>
<pin id="1372" dir="0" index="0" bw="8" slack="0"/>
<pin id="1373" dir="0" index="1" bw="8" slack="3"/>
<pin id="1374" dir="0" index="2" bw="17" slack="0"/>
<pin id="1375" dir="1" index="3" bw="18" slack="0"/>
</pin_list>
<bind>
<opcode="muladd(1172) " fcode="muladd"/>
<opset="partial_12/4 sext_ln102_25/6 add_ln112_12/6 "/>
</bind>
</comp>

<comp id="1379" class="1007" name="grp_fu_1379">
<pin_list>
<pin id="1380" dir="0" index="0" bw="8" slack="1"/>
<pin id="1381" dir="0" index="1" bw="7" slack="0"/>
<pin id="1382" dir="0" index="2" bw="16" slack="0"/>
<pin id="1383" dir="1" index="3" bw="17" slack="0"/>
</pin_list>
<bind>
<opcode="muladd(1172) " fcode="muladd"/>
<opset="partial_25/4 sext_ln102_51/6 add_ln112_23/6 "/>
</bind>
</comp>

<comp id="1387" class="1007" name="grp_fu_1387">
<pin_list>
<pin id="1388" dir="0" index="0" bw="8" slack="3"/>
<pin id="1389" dir="0" index="1" bw="7" slack="0"/>
<pin id="1390" dir="0" index="2" bw="9" slack="0"/>
<pin id="1391" dir="1" index="3" bw="15" slack="0"/>
</pin_list>
<bind>
<opcode="muladd(1172) " fcode="muladd"/>
<opset="partial_26/4 add_ln112_24/6 "/>
</bind>
</comp>

<comp id="1395" class="1007" name="grp_fu_1395">
<pin_list>
<pin id="1396" dir="0" index="0" bw="8" slack="0"/>
<pin id="1397" dir="0" index="1" bw="8" slack="4"/>
<pin id="1398" dir="0" index="2" bw="16" slack="0"/>
<pin id="1399" dir="1" index="3" bw="17" slack="0"/>
</pin_list>
<bind>
<opcode="muladd(1172) " fcode="muladd"/>
<opset="partial_22/5 sext_ln102_45/7 add_ln112_21/7 "/>
</bind>
</comp>

<comp id="1403" class="1007" name="grp_fu_1403">
<pin_list>
<pin id="1404" dir="0" index="0" bw="8" slack="0"/>
<pin id="1405" dir="0" index="1" bw="8" slack="4"/>
<pin id="1406" dir="0" index="2" bw="20" slack="0"/>
<pin id="1407" dir="1" index="3" bw="20" slack="0"/>
</pin_list>
<bind>
<opcode="muladd(1172) " fcode="muladd"/>
<opset="partial_24/5 sext_ln102_49/7 add_ln112_20/7 "/>
</bind>
</comp>

<comp id="1411" class="1005" name="oc_reg_1411">
<pin_list>
<pin id="1412" dir="0" index="0" bw="4" slack="0"/>
<pin id="1413" dir="1" index="1" bw="4" slack="0"/>
</pin_list>
<bind>
<opset="oc "/>
</bind>
</comp>

<comp id="1418" class="1005" name="zext_ln69_cast_reg_1418">
<pin_list>
<pin id="1419" dir="0" index="0" bw="15" slack="3"/>
<pin id="1420" dir="1" index="1" bw="15" slack="3"/>
</pin_list>
<bind>
<opset="zext_ln69_cast "/>
</bind>
</comp>

<comp id="1423" class="1005" name="window_1_0_load_8_cast_cast_reg_1423">
<pin_list>
<pin id="1424" dir="0" index="0" bw="15" slack="3"/>
<pin id="1425" dir="1" index="1" bw="15" slack="3"/>
</pin_list>
<bind>
<opset="window_1_0_load_8_cast_cast "/>
</bind>
</comp>

<comp id="1428" class="1005" name="window_0_load_8_cast_cast_reg_1428">
<pin_list>
<pin id="1429" dir="0" index="0" bw="16" slack="4"/>
<pin id="1430" dir="1" index="1" bw="16" slack="4"/>
</pin_list>
<bind>
<opset="window_0_load_8_cast_cast "/>
</bind>
</comp>

<comp id="1433" class="1005" name="window_2_0_load_7_cast_cast_reg_1433">
<pin_list>
<pin id="1434" dir="0" index="0" bw="16" slack="6"/>
<pin id="1435" dir="1" index="1" bw="16" slack="6"/>
</pin_list>
<bind>
<opset="window_2_0_load_7_cast_cast "/>
</bind>
</comp>

<comp id="1438" class="1005" name="window_1_0_load_7_cast_cast_reg_1438">
<pin_list>
<pin id="1439" dir="0" index="0" bw="16" slack="4"/>
<pin id="1440" dir="1" index="1" bw="16" slack="4"/>
</pin_list>
<bind>
<opset="window_1_0_load_7_cast_cast "/>
</bind>
</comp>

<comp id="1443" class="1005" name="window_0_load_7_cast_cast_reg_1443">
<pin_list>
<pin id="1444" dir="0" index="0" bw="16" slack="5"/>
<pin id="1445" dir="1" index="1" bw="16" slack="5"/>
</pin_list>
<bind>
<opset="window_0_load_7_cast_cast "/>
</bind>
</comp>

<comp id="1448" class="1005" name="window_2_0_load_6_cast_cast_reg_1448">
<pin_list>
<pin id="1449" dir="0" index="0" bw="15" slack="1"/>
<pin id="1450" dir="1" index="1" bw="15" slack="1"/>
</pin_list>
<bind>
<opset="window_2_0_load_6_cast_cast "/>
</bind>
</comp>

<comp id="1453" class="1005" name="window_1_0_load_6_cast_cast_reg_1453">
<pin_list>
<pin id="1454" dir="0" index="0" bw="16" slack="3"/>
<pin id="1455" dir="1" index="1" bw="16" slack="3"/>
</pin_list>
<bind>
<opset="window_1_0_load_6_cast_cast "/>
</bind>
</comp>

<comp id="1458" class="1005" name="window_0_load_6_cast_cast_reg_1458">
<pin_list>
<pin id="1459" dir="0" index="0" bw="16" slack="2"/>
<pin id="1460" dir="1" index="1" bw="16" slack="2"/>
</pin_list>
<bind>
<opset="window_0_load_6_cast_cast "/>
</bind>
</comp>

<comp id="1463" class="1005" name="window_2_0_load_5_cast_cast_reg_1463">
<pin_list>
<pin id="1464" dir="0" index="0" bw="16" slack="1"/>
<pin id="1465" dir="1" index="1" bw="16" slack="1"/>
</pin_list>
<bind>
<opset="window_2_0_load_5_cast_cast "/>
</bind>
</comp>

<comp id="1468" class="1005" name="window_1_0_load_5_cast_cast_reg_1468">
<pin_list>
<pin id="1469" dir="0" index="0" bw="16" slack="3"/>
<pin id="1470" dir="1" index="1" bw="16" slack="3"/>
</pin_list>
<bind>
<opset="window_1_0_load_5_cast_cast "/>
</bind>
</comp>

<comp id="1473" class="1005" name="window_0_load_5_cast_cast_reg_1473">
<pin_list>
<pin id="1474" dir="0" index="0" bw="16" slack="2"/>
<pin id="1475" dir="1" index="1" bw="16" slack="2"/>
</pin_list>
<bind>
<opset="window_0_load_5_cast_cast "/>
</bind>
</comp>

<comp id="1478" class="1005" name="window_2_0_load_4_cast_cast_reg_1478">
<pin_list>
<pin id="1479" dir="0" index="0" bw="16" slack="2"/>
<pin id="1480" dir="1" index="1" bw="16" slack="2"/>
</pin_list>
<bind>
<opset="window_2_0_load_4_cast_cast "/>
</bind>
</comp>

<comp id="1483" class="1005" name="window_1_0_load_4_cast_cast_reg_1483">
<pin_list>
<pin id="1484" dir="0" index="0" bw="16" slack="4"/>
<pin id="1485" dir="1" index="1" bw="16" slack="4"/>
</pin_list>
<bind>
<opset="window_1_0_load_4_cast_cast "/>
</bind>
</comp>

<comp id="1488" class="1005" name="window_0_load_4_cast_cast_reg_1488">
<pin_list>
<pin id="1489" dir="0" index="0" bw="16" slack="3"/>
<pin id="1490" dir="1" index="1" bw="16" slack="3"/>
</pin_list>
<bind>
<opset="window_0_load_4_cast_cast "/>
</bind>
</comp>

<comp id="1493" class="1005" name="window_2_0_load_3_cast_cast_reg_1493">
<pin_list>
<pin id="1494" dir="0" index="0" bw="16" slack="2"/>
<pin id="1495" dir="1" index="1" bw="16" slack="2"/>
</pin_list>
<bind>
<opset="window_2_0_load_3_cast_cast "/>
</bind>
</comp>

<comp id="1498" class="1005" name="window_1_0_load_3_cast_cast_reg_1498">
<pin_list>
<pin id="1499" dir="0" index="0" bw="16" slack="4"/>
<pin id="1500" dir="1" index="1" bw="16" slack="4"/>
</pin_list>
<bind>
<opset="window_1_0_load_3_cast_cast "/>
</bind>
</comp>

<comp id="1503" class="1005" name="window_0_load_3_cast_cast_reg_1503">
<pin_list>
<pin id="1504" dir="0" index="0" bw="16" slack="3"/>
<pin id="1505" dir="1" index="1" bw="16" slack="3"/>
</pin_list>
<bind>
<opset="window_0_load_3_cast_cast "/>
</bind>
</comp>

<comp id="1508" class="1005" name="window_2_0_load_2_cast_cast_reg_1508">
<pin_list>
<pin id="1509" dir="0" index="0" bw="16" slack="2"/>
<pin id="1510" dir="1" index="1" bw="16" slack="2"/>
</pin_list>
<bind>
<opset="window_2_0_load_2_cast_cast "/>
</bind>
</comp>

<comp id="1513" class="1005" name="window_1_0_load_2_cast_cast_reg_1513">
<pin_list>
<pin id="1514" dir="0" index="0" bw="16" slack="2"/>
<pin id="1515" dir="1" index="1" bw="16" slack="2"/>
</pin_list>
<bind>
<opset="window_1_0_load_2_cast_cast "/>
</bind>
</comp>

<comp id="1518" class="1005" name="window_0_load_2_cast_cast_reg_1518">
<pin_list>
<pin id="1519" dir="0" index="0" bw="14" slack="1"/>
<pin id="1520" dir="1" index="1" bw="14" slack="1"/>
</pin_list>
<bind>
<opset="window_0_load_2_cast_cast "/>
</bind>
</comp>

<comp id="1523" class="1005" name="window_2_0_load_1_cast_cast_reg_1523">
<pin_list>
<pin id="1524" dir="0" index="0" bw="16" slack="4"/>
<pin id="1525" dir="1" index="1" bw="16" slack="4"/>
</pin_list>
<bind>
<opset="window_2_0_load_1_cast_cast "/>
</bind>
</comp>

<comp id="1528" class="1005" name="window_1_0_load_1_cast_cast_reg_1528">
<pin_list>
<pin id="1529" dir="0" index="0" bw="16" slack="4"/>
<pin id="1530" dir="1" index="1" bw="16" slack="4"/>
</pin_list>
<bind>
<opset="window_1_0_load_1_cast_cast "/>
</bind>
</comp>

<comp id="1533" class="1005" name="window_0_load_1_cast_cast_reg_1533">
<pin_list>
<pin id="1534" dir="0" index="0" bw="15" slack="2"/>
<pin id="1535" dir="1" index="1" bw="15" slack="2"/>
</pin_list>
<bind>
<opset="window_0_load_1_cast_cast "/>
</bind>
</comp>

<comp id="1538" class="1005" name="window_2_0_load_cast_cast_reg_1538">
<pin_list>
<pin id="1539" dir="0" index="0" bw="16" slack="1"/>
<pin id="1540" dir="1" index="1" bw="16" slack="1"/>
</pin_list>
<bind>
<opset="window_2_0_load_cast_cast "/>
</bind>
</comp>

<comp id="1543" class="1005" name="window_1_0_load_cast_cast_reg_1543">
<pin_list>
<pin id="1544" dir="0" index="0" bw="16" slack="2"/>
<pin id="1545" dir="1" index="1" bw="16" slack="2"/>
</pin_list>
<bind>
<opset="window_1_0_load_cast_cast "/>
</bind>
</comp>

<comp id="1548" class="1005" name="window_0_load_cast_cast_reg_1548">
<pin_list>
<pin id="1549" dir="0" index="0" bw="16" slack="3"/>
<pin id="1550" dir="1" index="1" bw="16" slack="3"/>
</pin_list>
<bind>
<opset="window_0_load_cast_cast "/>
</bind>
</comp>

<comp id="1553" class="1005" name="icmp_ln69_reg_1553">
<pin_list>
<pin id="1554" dir="0" index="0" bw="1" slack="13"/>
<pin id="1555" dir="1" index="1" bw="1" slack="2147483647"/>
</pin_list>
<bind>
<opset="icmp_ln69 "/>
</bind>
</comp>

<comp id="1557" class="1005" name="zext_ln69_1_reg_1557">
<pin_list>
<pin id="1558" dir="0" index="0" bw="64" slack="1"/>
<pin id="1559" dir="1" index="1" bw="64" slack="1"/>
</pin_list>
<bind>
<opset="zext_ln69_1 "/>
</bind>
</comp>

<comp id="1587" class="1005" name="p_ZN18predecoder_weightsL13LAYER0_WEIGHTE_2_addr_reg_1587">
<pin_list>
<pin id="1588" dir="0" index="0" bw="4" slack="1"/>
<pin id="1589" dir="1" index="1" bw="4" slack="1"/>
</pin_list>
<bind>
<opset="p_ZN18predecoder_weightsL13LAYER0_WEIGHTE_2_addr "/>
</bind>
</comp>

<comp id="1592" class="1005" name="p_ZN18predecoder_weightsL13LAYER0_WEIGHTE_6_addr_reg_1592">
<pin_list>
<pin id="1593" dir="0" index="0" bw="4" slack="1"/>
<pin id="1594" dir="1" index="1" bw="4" slack="1"/>
</pin_list>
<bind>
<opset="p_ZN18predecoder_weightsL13LAYER0_WEIGHTE_6_addr "/>
</bind>
</comp>

<comp id="1597" class="1005" name="p_ZN18predecoder_weightsL13LAYER0_WEIGHTE_17_addr_reg_1597">
<pin_list>
<pin id="1598" dir="0" index="0" bw="4" slack="1"/>
<pin id="1599" dir="1" index="1" bw="4" slack="1"/>
</pin_list>
<bind>
<opset="p_ZN18predecoder_weightsL13LAYER0_WEIGHTE_17_addr "/>
</bind>
</comp>

<comp id="1602" class="1005" name="p_ZN18predecoder_weightsL13LAYER0_WEIGHTE_20_addr_reg_1602">
<pin_list>
<pin id="1603" dir="0" index="0" bw="4" slack="1"/>
<pin id="1604" dir="1" index="1" bw="4" slack="1"/>
</pin_list>
<bind>
<opset="p_ZN18predecoder_weightsL13LAYER0_WEIGHTE_20_addr "/>
</bind>
</comp>

<comp id="1607" class="1005" name="p_ZN18predecoder_weightsL13LAYER0_WEIGHTE_0_addr_reg_1607">
<pin_list>
<pin id="1608" dir="0" index="0" bw="4" slack="1"/>
<pin id="1609" dir="1" index="1" bw="4" slack="1"/>
</pin_list>
<bind>
<opset="p_ZN18predecoder_weightsL13LAYER0_WEIGHTE_0_addr "/>
</bind>
</comp>

<comp id="1612" class="1005" name="p_ZN18predecoder_weightsL13LAYER0_WEIGHTE_1_addr_reg_1612">
<pin_list>
<pin id="1613" dir="0" index="0" bw="4" slack="1"/>
<pin id="1614" dir="1" index="1" bw="4" slack="1"/>
</pin_list>
<bind>
<opset="p_ZN18predecoder_weightsL13LAYER0_WEIGHTE_1_addr "/>
</bind>
</comp>

<comp id="1617" class="1005" name="sext_ln102_4_reg_1617">
<pin_list>
<pin id="1618" dir="0" index="0" bw="16" slack="1"/>
<pin id="1619" dir="1" index="1" bw="16" slack="1"/>
</pin_list>
<bind>
<opset="sext_ln102_4 "/>
</bind>
</comp>

<comp id="1622" class="1005" name="p_ZN18predecoder_weightsL13LAYER0_WEIGHTE_3_addr_reg_1622">
<pin_list>
<pin id="1623" dir="0" index="0" bw="4" slack="1"/>
<pin id="1624" dir="1" index="1" bw="4" slack="1"/>
</pin_list>
<bind>
<opset="p_ZN18predecoder_weightsL13LAYER0_WEIGHTE_3_addr "/>
</bind>
</comp>

<comp id="1627" class="1005" name="sext_ln102_12_reg_1627">
<pin_list>
<pin id="1628" dir="0" index="0" bw="14" slack="1"/>
<pin id="1629" dir="1" index="1" bw="14" slack="1"/>
</pin_list>
<bind>
<opset="sext_ln102_12 "/>
</bind>
</comp>

<comp id="1632" class="1005" name="p_ZN18predecoder_weightsL13LAYER0_WEIGHTE_7_addr_reg_1632">
<pin_list>
<pin id="1633" dir="0" index="0" bw="4" slack="1"/>
<pin id="1634" dir="1" index="1" bw="4" slack="1"/>
</pin_list>
<bind>
<opset="p_ZN18predecoder_weightsL13LAYER0_WEIGHTE_7_addr "/>
</bind>
</comp>

<comp id="1637" class="1005" name="p_ZN18predecoder_weightsL13LAYER0_WEIGHTE_8_addr_reg_1637">
<pin_list>
<pin id="1638" dir="0" index="0" bw="4" slack="1"/>
<pin id="1639" dir="1" index="1" bw="4" slack="1"/>
</pin_list>
<bind>
<opset="p_ZN18predecoder_weightsL13LAYER0_WEIGHTE_8_addr "/>
</bind>
</comp>

<comp id="1642" class="1005" name="p_ZN18predecoder_weightsL13LAYER0_WEIGHTE_9_addr_reg_1642">
<pin_list>
<pin id="1643" dir="0" index="0" bw="4" slack="1"/>
<pin id="1644" dir="1" index="1" bw="4" slack="1"/>
</pin_list>
<bind>
<opset="p_ZN18predecoder_weightsL13LAYER0_WEIGHTE_9_addr "/>
</bind>
</comp>

<comp id="1647" class="1005" name="p_ZN18predecoder_weightsL13LAYER0_WEIGHTE_11_addr_reg_1647">
<pin_list>
<pin id="1648" dir="0" index="0" bw="4" slack="1"/>
<pin id="1649" dir="1" index="1" bw="4" slack="1"/>
</pin_list>
<bind>
<opset="p_ZN18predecoder_weightsL13LAYER0_WEIGHTE_11_addr "/>
</bind>
</comp>

<comp id="1652" class="1005" name="p_ZN18predecoder_weightsL13LAYER0_WEIGHTE_14_addr_reg_1652">
<pin_list>
<pin id="1653" dir="0" index="0" bw="4" slack="1"/>
<pin id="1654" dir="1" index="1" bw="4" slack="1"/>
</pin_list>
<bind>
<opset="p_ZN18predecoder_weightsL13LAYER0_WEIGHTE_14_addr "/>
</bind>
</comp>

<comp id="1657" class="1005" name="p_ZN18predecoder_weightsL13LAYER0_WEIGHTE_15_addr_reg_1657">
<pin_list>
<pin id="1658" dir="0" index="0" bw="4" slack="1"/>
<pin id="1659" dir="1" index="1" bw="4" slack="1"/>
</pin_list>
<bind>
<opset="p_ZN18predecoder_weightsL13LAYER0_WEIGHTE_15_addr "/>
</bind>
</comp>

<comp id="1662" class="1005" name="p_ZN18predecoder_weightsL13LAYER0_WEIGHTE_16_addr_reg_1662">
<pin_list>
<pin id="1663" dir="0" index="0" bw="4" slack="1"/>
<pin id="1664" dir="1" index="1" bw="4" slack="1"/>
</pin_list>
<bind>
<opset="p_ZN18predecoder_weightsL13LAYER0_WEIGHTE_16_addr "/>
</bind>
</comp>

<comp id="1667" class="1005" name="sext_ln102_34_reg_1667">
<pin_list>
<pin id="1668" dir="0" index="0" bw="16" slack="1"/>
<pin id="1669" dir="1" index="1" bw="16" slack="1"/>
</pin_list>
<bind>
<opset="sext_ln102_34 "/>
</bind>
</comp>

<comp id="1672" class="1005" name="p_ZN18predecoder_weightsL13LAYER0_WEIGHTE_18_addr_reg_1672">
<pin_list>
<pin id="1673" dir="0" index="0" bw="4" slack="1"/>
<pin id="1674" dir="1" index="1" bw="4" slack="1"/>
</pin_list>
<bind>
<opset="p_ZN18predecoder_weightsL13LAYER0_WEIGHTE_18_addr "/>
</bind>
</comp>

<comp id="1677" class="1005" name="p_ZN18predecoder_weightsL13LAYER0_WEIGHTE_19_addr_reg_1677">
<pin_list>
<pin id="1678" dir="0" index="0" bw="4" slack="1"/>
<pin id="1679" dir="1" index="1" bw="4" slack="1"/>
</pin_list>
<bind>
<opset="p_ZN18predecoder_weightsL13LAYER0_WEIGHTE_19_addr "/>
</bind>
</comp>

<comp id="1682" class="1005" name="sext_ln102_40_reg_1682">
<pin_list>
<pin id="1683" dir="0" index="0" bw="15" slack="1"/>
<pin id="1684" dir="1" index="1" bw="15" slack="1"/>
</pin_list>
<bind>
<opset="sext_ln102_40 "/>
</bind>
</comp>

<comp id="1687" class="1005" name="p_ZN18predecoder_weightsL13LAYER0_WEIGHTE_0_load_reg_1687">
<pin_list>
<pin id="1688" dir="0" index="0" bw="8" slack="1"/>
<pin id="1689" dir="1" index="1" bw="8" slack="1"/>
</pin_list>
<bind>
<opset="p_ZN18predecoder_weightsL13LAYER0_WEIGHTE_0_load "/>
</bind>
</comp>

<comp id="1692" class="1005" name="sext_ln102_2_reg_1692">
<pin_list>
<pin id="1693" dir="0" index="0" bw="16" slack="1"/>
<pin id="1694" dir="1" index="1" bw="16" slack="1"/>
</pin_list>
<bind>
<opset="sext_ln102_2 "/>
</bind>
</comp>

<comp id="1697" class="1005" name="sext_ln102_6_reg_1697">
<pin_list>
<pin id="1698" dir="0" index="0" bw="15" slack="1"/>
<pin id="1699" dir="1" index="1" bw="15" slack="1"/>
</pin_list>
<bind>
<opset="sext_ln102_6 "/>
</bind>
</comp>

<comp id="1702" class="1005" name="p_ZN18predecoder_weightsL13LAYER0_WEIGHTE_4_addr_reg_1702">
<pin_list>
<pin id="1703" dir="0" index="0" bw="4" slack="1"/>
<pin id="1704" dir="1" index="1" bw="4" slack="1"/>
</pin_list>
<bind>
<opset="p_ZN18predecoder_weightsL13LAYER0_WEIGHTE_4_addr "/>
</bind>
</comp>

<comp id="1707" class="1005" name="p_ZN18predecoder_weightsL13LAYER0_WEIGHTE_5_addr_reg_1707">
<pin_list>
<pin id="1708" dir="0" index="0" bw="4" slack="1"/>
<pin id="1709" dir="1" index="1" bw="4" slack="1"/>
</pin_list>
<bind>
<opset="p_ZN18predecoder_weightsL13LAYER0_WEIGHTE_5_addr "/>
</bind>
</comp>

<comp id="1712" class="1005" name="sext_ln102_14_reg_1712">
<pin_list>
<pin id="1713" dir="0" index="0" bw="16" slack="1"/>
<pin id="1714" dir="1" index="1" bw="16" slack="1"/>
</pin_list>
<bind>
<opset="sext_ln102_14 "/>
</bind>
</comp>

<comp id="1717" class="1005" name="sext_ln102_16_reg_1717">
<pin_list>
<pin id="1718" dir="0" index="0" bw="16" slack="1"/>
<pin id="1719" dir="1" index="1" bw="16" slack="1"/>
</pin_list>
<bind>
<opset="sext_ln102_16 "/>
</bind>
</comp>

<comp id="1722" class="1005" name="p_ZN18predecoder_weightsL13LAYER0_WEIGHTE_9_load_reg_1722">
<pin_list>
<pin id="1723" dir="0" index="0" bw="8" slack="1"/>
<pin id="1724" dir="1" index="1" bw="8" slack="1"/>
</pin_list>
<bind>
<opset="p_ZN18predecoder_weightsL13LAYER0_WEIGHTE_9_load "/>
</bind>
</comp>

<comp id="1727" class="1005" name="p_ZN18predecoder_weightsL13LAYER0_WEIGHTE_10_addr_reg_1727">
<pin_list>
<pin id="1728" dir="0" index="0" bw="4" slack="1"/>
<pin id="1729" dir="1" index="1" bw="4" slack="1"/>
</pin_list>
<bind>
<opset="p_ZN18predecoder_weightsL13LAYER0_WEIGHTE_10_addr "/>
</bind>
</comp>

<comp id="1732" class="1005" name="sext_ln102_22_reg_1732">
<pin_list>
<pin id="1733" dir="0" index="0" bw="16" slack="1"/>
<pin id="1734" dir="1" index="1" bw="16" slack="1"/>
</pin_list>
<bind>
<opset="sext_ln102_22 "/>
</bind>
</comp>

<comp id="1737" class="1005" name="p_ZN18predecoder_weightsL13LAYER0_WEIGHTE_12_addr_reg_1737">
<pin_list>
<pin id="1738" dir="0" index="0" bw="4" slack="1"/>
<pin id="1739" dir="1" index="1" bw="4" slack="1"/>
</pin_list>
<bind>
<opset="p_ZN18predecoder_weightsL13LAYER0_WEIGHTE_12_addr "/>
</bind>
</comp>

<comp id="1742" class="1005" name="p_ZN18predecoder_weightsL13LAYER0_WEIGHTE_13_addr_reg_1742">
<pin_list>
<pin id="1743" dir="0" index="0" bw="4" slack="1"/>
<pin id="1744" dir="1" index="1" bw="4" slack="1"/>
</pin_list>
<bind>
<opset="p_ZN18predecoder_weightsL13LAYER0_WEIGHTE_13_addr "/>
</bind>
</comp>

<comp id="1747" class="1005" name="sext_ln102_28_reg_1747">
<pin_list>
<pin id="1748" dir="0" index="0" bw="16" slack="1"/>
<pin id="1749" dir="1" index="1" bw="16" slack="1"/>
</pin_list>
<bind>
<opset="sext_ln102_28 "/>
</bind>
</comp>

<comp id="1752" class="1005" name="sext_ln102_30_reg_1752">
<pin_list>
<pin id="1753" dir="0" index="0" bw="16" slack="1"/>
<pin id="1754" dir="1" index="1" bw="16" slack="1"/>
</pin_list>
<bind>
<opset="sext_ln102_30 "/>
</bind>
</comp>

<comp id="1757" class="1005" name="p_ZN18predecoder_weightsL13LAYER0_WEIGHTE_16_load_reg_1757">
<pin_list>
<pin id="1758" dir="0" index="0" bw="8" slack="1"/>
<pin id="1759" dir="1" index="1" bw="8" slack="1"/>
</pin_list>
<bind>
<opset="p_ZN18predecoder_weightsL13LAYER0_WEIGHTE_16_load "/>
</bind>
</comp>

<comp id="1762" class="1005" name="sext_ln102_36_reg_1762">
<pin_list>
<pin id="1763" dir="0" index="0" bw="16" slack="1"/>
<pin id="1764" dir="1" index="1" bw="16" slack="1"/>
</pin_list>
<bind>
<opset="sext_ln102_36 "/>
</bind>
</comp>

<comp id="1767" class="1005" name="p_ZN18predecoder_weightsL13LAYER0_WEIGHTE_19_load_reg_1767">
<pin_list>
<pin id="1768" dir="0" index="0" bw="8" slack="1"/>
<pin id="1769" dir="1" index="1" bw="8" slack="1"/>
</pin_list>
<bind>
<opset="p_ZN18predecoder_weightsL13LAYER0_WEIGHTE_19_load "/>
</bind>
</comp>

<comp id="1772" class="1005" name="p_ZN18predecoder_weightsL13LAYER0_WEIGHTE_25_addr_reg_1772">
<pin_list>
<pin id="1773" dir="0" index="0" bw="4" slack="1"/>
<pin id="1774" dir="1" index="1" bw="4" slack="1"/>
</pin_list>
<bind>
<opset="p_ZN18predecoder_weightsL13LAYER0_WEIGHTE_25_addr "/>
</bind>
</comp>

<comp id="1777" class="1005" name="p_ZN18predecoder_weightsL13LAYER0_WEIGHTE_26_addr_reg_1777">
<pin_list>
<pin id="1778" dir="0" index="0" bw="4" slack="1"/>
<pin id="1779" dir="1" index="1" bw="4" slack="1"/>
</pin_list>
<bind>
<opset="p_ZN18predecoder_weightsL13LAYER0_WEIGHTE_26_addr "/>
</bind>
</comp>

<comp id="1782" class="1005" name="sext_ln102_1_reg_1782">
<pin_list>
<pin id="1783" dir="0" index="0" bw="17" slack="1"/>
<pin id="1784" dir="1" index="1" bw="17" slack="1"/>
</pin_list>
<bind>
<opset="sext_ln102_1 "/>
</bind>
</comp>

<comp id="1787" class="1005" name="p_ZN18predecoder_weightsL13LAYER0_WEIGHTE_4_load_reg_1787">
<pin_list>
<pin id="1788" dir="0" index="0" bw="8" slack="1"/>
<pin id="1789" dir="1" index="1" bw="8" slack="1"/>
</pin_list>
<bind>
<opset="p_ZN18predecoder_weightsL13LAYER0_WEIGHTE_4_load "/>
</bind>
</comp>

<comp id="1792" class="1005" name="p_ZN18predecoder_weightsL13LAYER0_WEIGHTE_5_load_reg_1792">
<pin_list>
<pin id="1793" dir="0" index="0" bw="8" slack="1"/>
<pin id="1794" dir="1" index="1" bw="8" slack="1"/>
</pin_list>
<bind>
<opset="p_ZN18predecoder_weightsL13LAYER0_WEIGHTE_5_load "/>
</bind>
</comp>

<comp id="1797" class="1005" name="sext_ln102_19_reg_1797">
<pin_list>
<pin id="1798" dir="0" index="0" bw="17" slack="1"/>
<pin id="1799" dir="1" index="1" bw="17" slack="1"/>
</pin_list>
<bind>
<opset="sext_ln102_19 "/>
</bind>
</comp>

<comp id="1802" class="1005" name="p_ZN18predecoder_weightsL13LAYER0_WEIGHTE_10_load_reg_1802">
<pin_list>
<pin id="1803" dir="0" index="0" bw="8" slack="1"/>
<pin id="1804" dir="1" index="1" bw="8" slack="1"/>
</pin_list>
<bind>
<opset="p_ZN18predecoder_weightsL13LAYER0_WEIGHTE_10_load "/>
</bind>
</comp>

<comp id="1807" class="1005" name="sext_ln102_24_reg_1807">
<pin_list>
<pin id="1808" dir="0" index="0" bw="16" slack="1"/>
<pin id="1809" dir="1" index="1" bw="16" slack="1"/>
</pin_list>
<bind>
<opset="sext_ln102_24 "/>
</bind>
</comp>

<comp id="1812" class="1005" name="p_ZN18predecoder_weightsL13LAYER0_WEIGHTE_13_load_reg_1812">
<pin_list>
<pin id="1813" dir="0" index="0" bw="8" slack="1"/>
<pin id="1814" dir="1" index="1" bw="8" slack="1"/>
</pin_list>
<bind>
<opset="p_ZN18predecoder_weightsL13LAYER0_WEIGHTE_13_load "/>
</bind>
</comp>

<comp id="1817" class="1005" name="sext_ln102_33_reg_1817">
<pin_list>
<pin id="1818" dir="0" index="0" bw="17" slack="1"/>
<pin id="1819" dir="1" index="1" bw="17" slack="1"/>
</pin_list>
<bind>
<opset="sext_ln102_33 "/>
</bind>
</comp>

<comp id="1822" class="1005" name="sext_ln102_39_reg_1822">
<pin_list>
<pin id="1823" dir="0" index="0" bw="17" slack="1"/>
<pin id="1824" dir="1" index="1" bw="17" slack="1"/>
</pin_list>
<bind>
<opset="sext_ln102_39 "/>
</bind>
</comp>

<comp id="1827" class="1005" name="p_ZN18predecoder_weightsL13LAYER0_WEIGHTE_21_addr_reg_1827">
<pin_list>
<pin id="1828" dir="0" index="0" bw="4" slack="1"/>
<pin id="1829" dir="1" index="1" bw="4" slack="1"/>
</pin_list>
<bind>
<opset="p_ZN18predecoder_weightsL13LAYER0_WEIGHTE_21_addr "/>
</bind>
</comp>

<comp id="1832" class="1005" name="p_ZN18predecoder_weightsL13LAYER0_WEIGHTE_22_addr_reg_1832">
<pin_list>
<pin id="1833" dir="0" index="0" bw="4" slack="1"/>
<pin id="1834" dir="1" index="1" bw="4" slack="1"/>
</pin_list>
<bind>
<opset="p_ZN18predecoder_weightsL13LAYER0_WEIGHTE_22_addr "/>
</bind>
</comp>

<comp id="1837" class="1005" name="p_ZN18predecoder_weightsL13LAYER0_WEIGHTE_24_addr_reg_1837">
<pin_list>
<pin id="1838" dir="0" index="0" bw="4" slack="1"/>
<pin id="1839" dir="1" index="1" bw="4" slack="1"/>
</pin_list>
<bind>
<opset="p_ZN18predecoder_weightsL13LAYER0_WEIGHTE_24_addr "/>
</bind>
</comp>

<comp id="1842" class="1005" name="sext_ln102_50_reg_1842">
<pin_list>
<pin id="1843" dir="0" index="0" bw="15" slack="1"/>
<pin id="1844" dir="1" index="1" bw="15" slack="1"/>
</pin_list>
<bind>
<opset="sext_ln102_50 "/>
</bind>
</comp>

<comp id="1847" class="1005" name="sext_ln102_52_reg_1847">
<pin_list>
<pin id="1848" dir="0" index="0" bw="15" slack="1"/>
<pin id="1849" dir="1" index="1" bw="15" slack="1"/>
</pin_list>
<bind>
<opset="sext_ln102_52 "/>
</bind>
</comp>

<comp id="1852" class="1005" name="sext_ln102_9_reg_1852">
<pin_list>
<pin id="1853" dir="0" index="0" bw="17" slack="1"/>
<pin id="1854" dir="1" index="1" bw="17" slack="1"/>
</pin_list>
<bind>
<opset="sext_ln102_9 "/>
</bind>
</comp>

<comp id="1857" class="1005" name="sext_ln102_11_reg_1857">
<pin_list>
<pin id="1858" dir="0" index="0" bw="17" slack="1"/>
<pin id="1859" dir="1" index="1" bw="17" slack="1"/>
</pin_list>
<bind>
<opset="sext_ln102_11 "/>
</bind>
</comp>

<comp id="1862" class="1005" name="sext_ln102_21_reg_1862">
<pin_list>
<pin id="1863" dir="0" index="0" bw="17" slack="1"/>
<pin id="1864" dir="1" index="1" bw="17" slack="1"/>
</pin_list>
<bind>
<opset="sext_ln102_21 "/>
</bind>
</comp>

<comp id="1867" class="1005" name="sext_ln102_27_reg_1867">
<pin_list>
<pin id="1868" dir="0" index="0" bw="17" slack="1"/>
<pin id="1869" dir="1" index="1" bw="17" slack="1"/>
</pin_list>
<bind>
<opset="sext_ln102_27 "/>
</bind>
</comp>

<comp id="1872" class="1005" name="p_ZN18predecoder_weightsL13LAYER0_WEIGHTE_21_load_reg_1872">
<pin_list>
<pin id="1873" dir="0" index="0" bw="8" slack="1"/>
<pin id="1874" dir="1" index="1" bw="8" slack="1"/>
</pin_list>
<bind>
<opset="p_ZN18predecoder_weightsL13LAYER0_WEIGHTE_21_load "/>
</bind>
</comp>

<comp id="1877" class="1005" name="sext_ln102_44_reg_1877">
<pin_list>
<pin id="1878" dir="0" index="0" bw="16" slack="1"/>
<pin id="1879" dir="1" index="1" bw="16" slack="1"/>
</pin_list>
<bind>
<opset="sext_ln102_44 "/>
</bind>
</comp>

<comp id="1882" class="1005" name="p_ZN18predecoder_weightsL13LAYER0_WEIGHTE_23_addr_reg_1882">
<pin_list>
<pin id="1883" dir="0" index="0" bw="4" slack="1"/>
<pin id="1884" dir="1" index="1" bw="4" slack="1"/>
</pin_list>
<bind>
<opset="p_ZN18predecoder_weightsL13LAYER0_WEIGHTE_23_addr "/>
</bind>
</comp>

<comp id="1887" class="1005" name="sext_ln102_48_reg_1887">
<pin_list>
<pin id="1888" dir="0" index="0" bw="16" slack="1"/>
<pin id="1889" dir="1" index="1" bw="16" slack="1"/>
</pin_list>
<bind>
<opset="sext_ln102_48 "/>
</bind>
</comp>

<comp id="1892" class="1005" name="predecoder_weights_LAYER0_BIAS_addr_reg_1892">
<pin_list>
<pin id="1893" dir="0" index="0" bw="4" slack="1"/>
<pin id="1894" dir="1" index="1" bw="4" slack="1"/>
</pin_list>
<bind>
<opset="predecoder_weights_LAYER0_BIAS_addr "/>
</bind>
</comp>

<comp id="1897" class="1005" name="add_ln112_reg_1897">
<pin_list>
<pin id="1898" dir="0" index="0" bw="17" slack="1"/>
<pin id="1899" dir="1" index="1" bw="17" slack="1"/>
</pin_list>
<bind>
<opset="add_ln112 "/>
</bind>
</comp>

<comp id="1902" class="1005" name="add_ln112_6_reg_1902">
<pin_list>
<pin id="1903" dir="0" index="0" bw="17" slack="1"/>
<pin id="1904" dir="1" index="1" bw="17" slack="1"/>
</pin_list>
<bind>
<opset="add_ln112_6 "/>
</bind>
</comp>

<comp id="1907" class="1005" name="sext_ln112_9_reg_1907">
<pin_list>
<pin id="1908" dir="0" index="0" bw="18" slack="1"/>
<pin id="1909" dir="1" index="1" bw="18" slack="1"/>
</pin_list>
<bind>
<opset="sext_ln112_9 "/>
</bind>
</comp>

<comp id="1912" class="1005" name="sext_ln112_11_reg_1912">
<pin_list>
<pin id="1913" dir="0" index="0" bw="18" slack="1"/>
<pin id="1914" dir="1" index="1" bw="18" slack="1"/>
</pin_list>
<bind>
<opset="sext_ln112_11 "/>
</bind>
</comp>

<comp id="1917" class="1005" name="sext_ln102_43_reg_1917">
<pin_list>
<pin id="1918" dir="0" index="0" bw="17" slack="1"/>
<pin id="1919" dir="1" index="1" bw="17" slack="1"/>
</pin_list>
<bind>
<opset="sext_ln102_43 "/>
</bind>
</comp>

<comp id="1922" class="1005" name="p_ZN18predecoder_weightsL13LAYER0_WEIGHTE_23_load_reg_1922">
<pin_list>
<pin id="1923" dir="0" index="0" bw="8" slack="1"/>
<pin id="1924" dir="1" index="1" bw="8" slack="1"/>
</pin_list>
<bind>
<opset="p_ZN18predecoder_weightsL13LAYER0_WEIGHTE_23_load "/>
</bind>
</comp>

<comp id="1927" class="1005" name="sext_ln106_reg_1927">
<pin_list>
<pin id="1928" dir="0" index="0" bw="15" slack="1"/>
<pin id="1929" dir="1" index="1" bw="15" slack="1"/>
</pin_list>
<bind>
<opset="sext_ln106 "/>
</bind>
</comp>

<comp id="1932" class="1005" name="add_ln112_8_reg_1932">
<pin_list>
<pin id="1933" dir="0" index="0" bw="19" slack="1"/>
<pin id="1934" dir="1" index="1" bw="19" slack="1"/>
</pin_list>
<bind>
<opset="add_ln112_8 "/>
</bind>
</comp>

<comp id="1937" class="1005" name="add_ln112_9_reg_1937">
<pin_list>
<pin id="1938" dir="0" index="0" bw="17" slack="1"/>
<pin id="1939" dir="1" index="1" bw="17" slack="1"/>
</pin_list>
<bind>
<opset="add_ln112_9 "/>
</bind>
</comp>

<comp id="1942" class="1005" name="sext_ln112_7_reg_1942">
<pin_list>
<pin id="1943" dir="0" index="0" bw="18" slack="1"/>
<pin id="1944" dir="1" index="1" bw="18" slack="1"/>
</pin_list>
<bind>
<opset="sext_ln112_7 "/>
</bind>
</comp>

<comp id="1947" class="1005" name="add_ln112_18_reg_1947">
<pin_list>
<pin id="1948" dir="0" index="0" bw="19" slack="1"/>
<pin id="1949" dir="1" index="1" bw="19" slack="1"/>
</pin_list>
<bind>
<opset="add_ln112_18 "/>
</bind>
</comp>

<comp id="1952" class="1005" name="sext_ln102_47_reg_1952">
<pin_list>
<pin id="1953" dir="0" index="0" bw="17" slack="1"/>
<pin id="1954" dir="1" index="1" bw="17" slack="1"/>
</pin_list>
<bind>
<opset="sext_ln102_47 "/>
</bind>
</comp>

<comp id="1957" class="1005" name="add_ln112_19_reg_1957">
<pin_list>
<pin id="1958" dir="0" index="0" bw="20" slack="1"/>
<pin id="1959" dir="1" index="1" bw="20" slack="1"/>
</pin_list>
<bind>
<opset="add_ln112_19 "/>
</bind>
</comp>

<comp id="1962" class="1005" name="add_ln112_25_reg_1962">
<pin_list>
<pin id="1963" dir="0" index="0" bw="17" slack="1"/>
<pin id="1964" dir="1" index="1" bw="17" slack="1"/>
</pin_list>
<bind>
<opset="add_ln112_25 "/>
</bind>
</comp>

<comp id="1967" class="1005" name="layer0_mult_addr_reg_1967">
<pin_list>
<pin id="1968" dir="0" index="0" bw="4" slack="1"/>
<pin id="1969" dir="1" index="1" bw="4" slack="1"/>
</pin_list>
<bind>
<opset="layer0_mult_addr "/>
</bind>
</comp>

<comp id="1972" class="1005" name="select_ln114_reg_1972">
<pin_list>
<pin id="1973" dir="0" index="0" bw="20" slack="1"/>
<pin id="1974" dir="1" index="1" bw="20" slack="1"/>
</pin_list>
<bind>
<opset="select_ln114 "/>
</bind>
</comp>

<comp id="1977" class="1005" name="layer0_mult_load_reg_1977">
<pin_list>
<pin id="1978" dir="0" index="0" bw="41" slack="1"/>
<pin id="1979" dir="1" index="1" bw="41" slack="1"/>
</pin_list>
<bind>
<opset="layer0_mult_load "/>
</bind>
</comp>

<comp id="1982" class="1005" name="zext_ln116_reg_1982">
<pin_list>
<pin id="1983" dir="0" index="0" bw="132" slack="1"/>
<pin id="1984" dir="1" index="1" bw="132" slack="1"/>
</pin_list>
<bind>
<opset="zext_ln116 "/>
</bind>
</comp>

<comp id="1987" class="1005" name="zext_ln116_1_reg_1987">
<pin_list>
<pin id="1988" dir="0" index="0" bw="132" slack="1"/>
<pin id="1989" dir="1" index="1" bw="132" slack="1"/>
</pin_list>
<bind>
<opset="zext_ln116_1 "/>
</bind>
</comp>

<comp id="1992" class="1005" name="trunc_ln7_reg_1992">
<pin_list>
<pin id="1993" dir="0" index="0" bw="76" slack="1"/>
<pin id="1994" dir="1" index="1" bw="76" slack="1"/>
</pin_list>
<bind>
<opset="trunc_ln7 "/>
</bind>
</comp>

<comp id="1997" class="1005" name="select_ln121_reg_1997">
<pin_list>
<pin id="1998" dir="0" index="0" bw="8" slack="1"/>
<pin id="1999" dir="1" index="1" bw="8" slack="1"/>
</pin_list>
<bind>
<opset="select_ln121 "/>
</bind>
</comp>

</comp_list>

<net_list>
<net id="181"><net_src comp="114" pin="0"/><net_sink comp="178" pin=0"/></net>

<net id="186"><net_src comp="116" pin="0"/><net_sink comp="182" pin=0"/></net>

<net id="187"><net_src comp="52" pin="0"/><net_sink comp="182" pin=1"/></net>

<net id="192"><net_src comp="116" pin="0"/><net_sink comp="188" pin=0"/></net>

<net id="193"><net_src comp="50" pin="0"/><net_sink comp="188" pin=1"/></net>

<net id="198"><net_src comp="116" pin="0"/><net_sink comp="194" pin=0"/></net>

<net id="199"><net_src comp="48" pin="0"/><net_sink comp="194" pin=1"/></net>

<net id="204"><net_src comp="116" pin="0"/><net_sink comp="200" pin=0"/></net>

<net id="205"><net_src comp="46" pin="0"/><net_sink comp="200" pin=1"/></net>

<net id="210"><net_src comp="116" pin="0"/><net_sink comp="206" pin=0"/></net>

<net id="211"><net_src comp="44" pin="0"/><net_sink comp="206" pin=1"/></net>

<net id="216"><net_src comp="116" pin="0"/><net_sink comp="212" pin=0"/></net>

<net id="217"><net_src comp="42" pin="0"/><net_sink comp="212" pin=1"/></net>

<net id="222"><net_src comp="116" pin="0"/><net_sink comp="218" pin=0"/></net>

<net id="223"><net_src comp="40" pin="0"/><net_sink comp="218" pin=1"/></net>

<net id="228"><net_src comp="116" pin="0"/><net_sink comp="224" pin=0"/></net>

<net id="229"><net_src comp="38" pin="0"/><net_sink comp="224" pin=1"/></net>

<net id="234"><net_src comp="116" pin="0"/><net_sink comp="230" pin=0"/></net>

<net id="235"><net_src comp="36" pin="0"/><net_sink comp="230" pin=1"/></net>

<net id="240"><net_src comp="116" pin="0"/><net_sink comp="236" pin=0"/></net>

<net id="241"><net_src comp="34" pin="0"/><net_sink comp="236" pin=1"/></net>

<net id="246"><net_src comp="116" pin="0"/><net_sink comp="242" pin=0"/></net>

<net id="247"><net_src comp="32" pin="0"/><net_sink comp="242" pin=1"/></net>

<net id="252"><net_src comp="116" pin="0"/><net_sink comp="248" pin=0"/></net>

<net id="253"><net_src comp="30" pin="0"/><net_sink comp="248" pin=1"/></net>

<net id="258"><net_src comp="116" pin="0"/><net_sink comp="254" pin=0"/></net>

<net id="259"><net_src comp="28" pin="0"/><net_sink comp="254" pin=1"/></net>

<net id="264"><net_src comp="116" pin="0"/><net_sink comp="260" pin=0"/></net>

<net id="265"><net_src comp="26" pin="0"/><net_sink comp="260" pin=1"/></net>

<net id="270"><net_src comp="116" pin="0"/><net_sink comp="266" pin=0"/></net>

<net id="271"><net_src comp="24" pin="0"/><net_sink comp="266" pin=1"/></net>

<net id="276"><net_src comp="116" pin="0"/><net_sink comp="272" pin=0"/></net>

<net id="277"><net_src comp="22" pin="0"/><net_sink comp="272" pin=1"/></net>

<net id="282"><net_src comp="116" pin="0"/><net_sink comp="278" pin=0"/></net>

<net id="283"><net_src comp="20" pin="0"/><net_sink comp="278" pin=1"/></net>

<net id="288"><net_src comp="116" pin="0"/><net_sink comp="284" pin=0"/></net>

<net id="289"><net_src comp="18" pin="0"/><net_sink comp="284" pin=1"/></net>

<net id="294"><net_src comp="116" pin="0"/><net_sink comp="290" pin=0"/></net>

<net id="295"><net_src comp="16" pin="0"/><net_sink comp="290" pin=1"/></net>

<net id="300"><net_src comp="116" pin="0"/><net_sink comp="296" pin=0"/></net>

<net id="301"><net_src comp="14" pin="0"/><net_sink comp="296" pin=1"/></net>

<net id="306"><net_src comp="116" pin="0"/><net_sink comp="302" pin=0"/></net>

<net id="307"><net_src comp="12" pin="0"/><net_sink comp="302" pin=1"/></net>

<net id="312"><net_src comp="116" pin="0"/><net_sink comp="308" pin=0"/></net>

<net id="313"><net_src comp="10" pin="0"/><net_sink comp="308" pin=1"/></net>

<net id="318"><net_src comp="116" pin="0"/><net_sink comp="314" pin=0"/></net>

<net id="319"><net_src comp="8" pin="0"/><net_sink comp="314" pin=1"/></net>

<net id="324"><net_src comp="116" pin="0"/><net_sink comp="320" pin=0"/></net>

<net id="325"><net_src comp="6" pin="0"/><net_sink comp="320" pin=1"/></net>

<net id="330"><net_src comp="116" pin="0"/><net_sink comp="326" pin=0"/></net>

<net id="331"><net_src comp="4" pin="0"/><net_sink comp="326" pin=1"/></net>

<net id="336"><net_src comp="116" pin="0"/><net_sink comp="332" pin=0"/></net>

<net id="337"><net_src comp="2" pin="0"/><net_sink comp="332" pin=1"/></net>

<net id="342"><net_src comp="116" pin="0"/><net_sink comp="338" pin=0"/></net>

<net id="343"><net_src comp="0" pin="0"/><net_sink comp="338" pin=1"/></net>

<net id="349"><net_src comp="60" pin="0"/><net_sink comp="344" pin=0"/></net>

<net id="350"><net_src comp="124" pin="0"/><net_sink comp="344" pin=1"/></net>

<net id="356"><net_src comp="344" pin="3"/><net_sink comp="351" pin=0"/></net>

<net id="362"><net_src comp="68" pin="0"/><net_sink comp="357" pin=0"/></net>

<net id="363"><net_src comp="124" pin="0"/><net_sink comp="357" pin=1"/></net>

<net id="369"><net_src comp="357" pin="3"/><net_sink comp="364" pin=0"/></net>

<net id="375"><net_src comp="90" pin="0"/><net_sink comp="370" pin=0"/></net>

<net id="376"><net_src comp="124" pin="0"/><net_sink comp="370" pin=1"/></net>

<net id="382"><net_src comp="370" pin="3"/><net_sink comp="377" pin=0"/></net>

<net id="388"><net_src comp="96" pin="0"/><net_sink comp="383" pin=0"/></net>

<net id="389"><net_src comp="124" pin="0"/><net_sink comp="383" pin=1"/></net>

<net id="395"><net_src comp="383" pin="3"/><net_sink comp="390" pin=0"/></net>

<net id="401"><net_src comp="56" pin="0"/><net_sink comp="396" pin=0"/></net>

<net id="402"><net_src comp="124" pin="0"/><net_sink comp="396" pin=1"/></net>

<net id="408"><net_src comp="396" pin="3"/><net_sink comp="403" pin=0"/></net>

<net id="414"><net_src comp="58" pin="0"/><net_sink comp="409" pin=0"/></net>

<net id="415"><net_src comp="124" pin="0"/><net_sink comp="409" pin=1"/></net>

<net id="421"><net_src comp="409" pin="3"/><net_sink comp="416" pin=0"/></net>

<net id="427"><net_src comp="62" pin="0"/><net_sink comp="422" pin=0"/></net>

<net id="428"><net_src comp="124" pin="0"/><net_sink comp="422" pin=1"/></net>

<net id="434"><net_src comp="422" pin="3"/><net_sink comp="429" pin=0"/></net>

<net id="440"><net_src comp="70" pin="0"/><net_sink comp="435" pin=0"/></net>

<net id="441"><net_src comp="124" pin="0"/><net_sink comp="435" pin=1"/></net>

<net id="447"><net_src comp="435" pin="3"/><net_sink comp="442" pin=0"/></net>

<net id="453"><net_src comp="72" pin="0"/><net_sink comp="448" pin=0"/></net>

<net id="454"><net_src comp="124" pin="0"/><net_sink comp="448" pin=1"/></net>

<net id="460"><net_src comp="448" pin="3"/><net_sink comp="455" pin=0"/></net>

<net id="466"><net_src comp="74" pin="0"/><net_sink comp="461" pin=0"/></net>

<net id="467"><net_src comp="124" pin="0"/><net_sink comp="461" pin=1"/></net>

<net id="473"><net_src comp="461" pin="3"/><net_sink comp="468" pin=0"/></net>

<net id="479"><net_src comp="78" pin="0"/><net_sink comp="474" pin=0"/></net>

<net id="480"><net_src comp="124" pin="0"/><net_sink comp="474" pin=1"/></net>

<net id="486"><net_src comp="474" pin="3"/><net_sink comp="481" pin=0"/></net>

<net id="492"><net_src comp="84" pin="0"/><net_sink comp="487" pin=0"/></net>

<net id="493"><net_src comp="124" pin="0"/><net_sink comp="487" pin=1"/></net>

<net id="499"><net_src comp="487" pin="3"/><net_sink comp="494" pin=0"/></net>

<net id="505"><net_src comp="86" pin="0"/><net_sink comp="500" pin=0"/></net>

<net id="506"><net_src comp="124" pin="0"/><net_sink comp="500" pin=1"/></net>

<net id="512"><net_src comp="500" pin="3"/><net_sink comp="507" pin=0"/></net>

<net id="518"><net_src comp="88" pin="0"/><net_sink comp="513" pin=0"/></net>

<net id="519"><net_src comp="124" pin="0"/><net_sink comp="513" pin=1"/></net>

<net id="525"><net_src comp="513" pin="3"/><net_sink comp="520" pin=0"/></net>

<net id="531"><net_src comp="92" pin="0"/><net_sink comp="526" pin=0"/></net>

<net id="532"><net_src comp="124" pin="0"/><net_sink comp="526" pin=1"/></net>

<net id="538"><net_src comp="526" pin="3"/><net_sink comp="533" pin=0"/></net>

<net id="544"><net_src comp="94" pin="0"/><net_sink comp="539" pin=0"/></net>

<net id="545"><net_src comp="124" pin="0"/><net_sink comp="539" pin=1"/></net>

<net id="551"><net_src comp="539" pin="3"/><net_sink comp="546" pin=0"/></net>

<net id="557"><net_src comp="64" pin="0"/><net_sink comp="552" pin=0"/></net>

<net id="558"><net_src comp="124" pin="0"/><net_sink comp="552" pin=1"/></net>

<net id="564"><net_src comp="552" pin="3"/><net_sink comp="559" pin=0"/></net>

<net id="570"><net_src comp="66" pin="0"/><net_sink comp="565" pin=0"/></net>

<net id="571"><net_src comp="124" pin="0"/><net_sink comp="565" pin=1"/></net>

<net id="577"><net_src comp="565" pin="3"/><net_sink comp="572" pin=0"/></net>

<net id="583"><net_src comp="76" pin="0"/><net_sink comp="578" pin=0"/></net>

<net id="584"><net_src comp="124" pin="0"/><net_sink comp="578" pin=1"/></net>

<net id="590"><net_src comp="578" pin="3"/><net_sink comp="585" pin=0"/></net>

<net id="596"><net_src comp="80" pin="0"/><net_sink comp="591" pin=0"/></net>

<net id="597"><net_src comp="124" pin="0"/><net_sink comp="591" pin=1"/></net>

<net id="603"><net_src comp="591" pin="3"/><net_sink comp="598" pin=0"/></net>

<net id="609"><net_src comp="82" pin="0"/><net_sink comp="604" pin=0"/></net>

<net id="610"><net_src comp="124" pin="0"/><net_sink comp="604" pin=1"/></net>

<net id="616"><net_src comp="604" pin="3"/><net_sink comp="611" pin=0"/></net>

<net id="622"><net_src comp="106" pin="0"/><net_sink comp="617" pin=0"/></net>

<net id="623"><net_src comp="124" pin="0"/><net_sink comp="617" pin=1"/></net>

<net id="629"><net_src comp="617" pin="3"/><net_sink comp="624" pin=0"/></net>

<net id="635"><net_src comp="108" pin="0"/><net_sink comp="630" pin=0"/></net>

<net id="636"><net_src comp="124" pin="0"/><net_sink comp="630" pin=1"/></net>

<net id="642"><net_src comp="630" pin="3"/><net_sink comp="637" pin=0"/></net>

<net id="648"><net_src comp="98" pin="0"/><net_sink comp="643" pin=0"/></net>

<net id="649"><net_src comp="124" pin="0"/><net_sink comp="643" pin=1"/></net>

<net id="655"><net_src comp="643" pin="3"/><net_sink comp="650" pin=0"/></net>

<net id="661"><net_src comp="100" pin="0"/><net_sink comp="656" pin=0"/></net>

<net id="662"><net_src comp="124" pin="0"/><net_sink comp="656" pin=1"/></net>

<net id="668"><net_src comp="656" pin="3"/><net_sink comp="663" pin=0"/></net>

<net id="674"><net_src comp="104" pin="0"/><net_sink comp="669" pin=0"/></net>

<net id="675"><net_src comp="124" pin="0"/><net_sink comp="669" pin=1"/></net>

<net id="681"><net_src comp="669" pin="3"/><net_sink comp="676" pin=0"/></net>

<net id="687"><net_src comp="102" pin="0"/><net_sink comp="682" pin=0"/></net>

<net id="688"><net_src comp="124" pin="0"/><net_sink comp="682" pin=1"/></net>

<net id="694"><net_src comp="682" pin="3"/><net_sink comp="689" pin=0"/></net>

<net id="700"><net_src comp="110" pin="0"/><net_sink comp="695" pin=0"/></net>

<net id="701"><net_src comp="124" pin="0"/><net_sink comp="695" pin=1"/></net>

<net id="707"><net_src comp="695" pin="3"/><net_sink comp="702" pin=0"/></net>

<net id="713"><net_src comp="112" pin="0"/><net_sink comp="708" pin=0"/></net>

<net id="714"><net_src comp="124" pin="0"/><net_sink comp="708" pin=1"/></net>

<net id="720"><net_src comp="708" pin="3"/><net_sink comp="715" pin=0"/></net>

<net id="726"><net_src comp="54" pin="0"/><net_sink comp="721" pin=0"/></net>

<net id="727"><net_src comp="124" pin="0"/><net_sink comp="721" pin=1"/></net>

<net id="733"><net_src comp="721" pin="3"/><net_sink comp="728" pin=0"/></net>

<net id="741"><net_src comp="182" pin="2"/><net_sink comp="738" pin=0"/></net>

<net id="745"><net_src comp="188" pin="2"/><net_sink comp="742" pin=0"/></net>

<net id="749"><net_src comp="194" pin="2"/><net_sink comp="746" pin=0"/></net>

<net id="753"><net_src comp="200" pin="2"/><net_sink comp="750" pin=0"/></net>

<net id="757"><net_src comp="206" pin="2"/><net_sink comp="754" pin=0"/></net>

<net id="761"><net_src comp="212" pin="2"/><net_sink comp="758" pin=0"/></net>

<net id="765"><net_src comp="218" pin="2"/><net_sink comp="762" pin=0"/></net>

<net id="769"><net_src comp="224" pin="2"/><net_sink comp="766" pin=0"/></net>

<net id="773"><net_src comp="230" pin="2"/><net_sink comp="770" pin=0"/></net>

<net id="777"><net_src comp="236" pin="2"/><net_sink comp="774" pin=0"/></net>

<net id="781"><net_src comp="242" pin="2"/><net_sink comp="778" pin=0"/></net>

<net id="785"><net_src comp="248" pin="2"/><net_sink comp="782" pin=0"/></net>

<net id="789"><net_src comp="254" pin="2"/><net_sink comp="786" pin=0"/></net>

<net id="793"><net_src comp="260" pin="2"/><net_sink comp="790" pin=0"/></net>

<net id="797"><net_src comp="266" pin="2"/><net_sink comp="794" pin=0"/></net>

<net id="801"><net_src comp="272" pin="2"/><net_sink comp="798" pin=0"/></net>

<net id="805"><net_src comp="278" pin="2"/><net_sink comp="802" pin=0"/></net>

<net id="809"><net_src comp="284" pin="2"/><net_sink comp="806" pin=0"/></net>

<net id="813"><net_src comp="290" pin="2"/><net_sink comp="810" pin=0"/></net>

<net id="817"><net_src comp="296" pin="2"/><net_sink comp="814" pin=0"/></net>

<net id="821"><net_src comp="302" pin="2"/><net_sink comp="818" pin=0"/></net>

<net id="825"><net_src comp="308" pin="2"/><net_sink comp="822" pin=0"/></net>

<net id="829"><net_src comp="314" pin="2"/><net_sink comp="826" pin=0"/></net>

<net id="833"><net_src comp="320" pin="2"/><net_sink comp="830" pin=0"/></net>

<net id="837"><net_src comp="326" pin="2"/><net_sink comp="834" pin=0"/></net>

<net id="841"><net_src comp="332" pin="2"/><net_sink comp="838" pin=0"/></net>

<net id="845"><net_src comp="338" pin="2"/><net_sink comp="842" pin=0"/></net>

<net id="850"><net_src comp="118" pin="0"/><net_sink comp="846" pin=0"/></net>

<net id="858"><net_src comp="851" pin="1"/><net_sink comp="854" pin=0"/></net>

<net id="859"><net_src comp="120" pin="0"/><net_sink comp="854" pin=1"/></net>

<net id="864"><net_src comp="851" pin="1"/><net_sink comp="860" pin=0"/></net>

<net id="865"><net_src comp="122" pin="0"/><net_sink comp="860" pin=1"/></net>

<net id="869"><net_src comp="851" pin="1"/><net_sink comp="866" pin=0"/></net>

<net id="870"><net_src comp="866" pin="1"/><net_sink comp="344" pin=2"/></net>

<net id="871"><net_src comp="866" pin="1"/><net_sink comp="357" pin=2"/></net>

<net id="872"><net_src comp="866" pin="1"/><net_sink comp="370" pin=2"/></net>

<net id="873"><net_src comp="866" pin="1"/><net_sink comp="383" pin=2"/></net>

<net id="878"><net_src comp="860" pin="2"/><net_sink comp="874" pin=0"/></net>

<net id="882"><net_src comp="351" pin="3"/><net_sink comp="879" pin=0"/></net>

<net id="886"><net_src comp="364" pin="3"/><net_sink comp="883" pin=0"/></net>

<net id="890"><net_src comp="377" pin="3"/><net_sink comp="887" pin=0"/></net>

<net id="894"><net_src comp="390" pin="3"/><net_sink comp="891" pin=0"/></net>

<net id="898"><net_src comp="416" pin="3"/><net_sink comp="895" pin=0"/></net>

<net id="902"><net_src comp="429" pin="3"/><net_sink comp="899" pin=0"/></net>

<net id="906"><net_src comp="442" pin="3"/><net_sink comp="903" pin=0"/></net>

<net id="910"><net_src comp="455" pin="3"/><net_sink comp="907" pin=0"/></net>

<net id="914"><net_src comp="481" pin="3"/><net_sink comp="911" pin=0"/></net>

<net id="918"><net_src comp="494" pin="3"/><net_sink comp="915" pin=0"/></net>

<net id="922"><net_src comp="507" pin="3"/><net_sink comp="919" pin=0"/></net>

<net id="926"><net_src comp="533" pin="3"/><net_sink comp="923" pin=0"/></net>

<net id="934"><net_src comp="927" pin="1"/><net_sink comp="930" pin=0"/></net>

<net id="938"><net_src comp="930" pin="2"/><net_sink comp="935" pin=0"/></net>

<net id="946"><net_src comp="939" pin="1"/><net_sink comp="942" pin=0"/></net>

<net id="950"><net_src comp="942" pin="2"/><net_sink comp="947" pin=0"/></net>

<net id="954"><net_src comp="598" pin="3"/><net_sink comp="951" pin=0"/></net>

<net id="962"><net_src comp="955" pin="1"/><net_sink comp="958" pin=0"/></net>

<net id="966"><net_src comp="958" pin="2"/><net_sink comp="963" pin=0"/></net>

<net id="974"><net_src comp="967" pin="1"/><net_sink comp="970" pin=0"/></net>

<net id="978"><net_src comp="970" pin="2"/><net_sink comp="975" pin=0"/></net>

<net id="982"><net_src comp="624" pin="3"/><net_sink comp="979" pin=0"/></net>

<net id="986"><net_src comp="637" pin="3"/><net_sink comp="983" pin=0"/></net>

<net id="994"><net_src comp="987" pin="1"/><net_sink comp="990" pin=0"/></net>

<net id="998"><net_src comp="990" pin="2"/><net_sink comp="995" pin=0"/></net>

<net id="1006"><net_src comp="999" pin="1"/><net_sink comp="1002" pin=0"/></net>

<net id="1010"><net_src comp="1002" pin="2"/><net_sink comp="1007" pin=0"/></net>

<net id="1018"><net_src comp="1011" pin="1"/><net_sink comp="1014" pin=0"/></net>

<net id="1022"><net_src comp="1014" pin="2"/><net_sink comp="1019" pin=0"/></net>

<net id="1030"><net_src comp="1023" pin="1"/><net_sink comp="1026" pin=0"/></net>

<net id="1034"><net_src comp="1026" pin="2"/><net_sink comp="1031" pin=0"/></net>

<net id="1038"><net_src comp="663" pin="3"/><net_sink comp="1035" pin=0"/></net>

<net id="1042"><net_src comp="676" pin="3"/><net_sink comp="1039" pin=0"/></net>

<net id="1056"><net_src comp="1049" pin="1"/><net_sink comp="1052" pin=0"/></net>

<net id="1060"><net_src comp="1052" pin="2"/><net_sink comp="1057" pin=0"/></net>

<net id="1064"><net_src comp="702" pin="3"/><net_sink comp="1061" pin=0"/></net>

<net id="1075"><net_src comp="1068" pin="1"/><net_sink comp="1071" pin=0"/></net>

<net id="1076"><net_src comp="1065" pin="1"/><net_sink comp="1071" pin=1"/></net>

<net id="1080"><net_src comp="1071" pin="2"/><net_sink comp="1077" pin=0"/></net>

<net id="1088"><net_src comp="1081" pin="1"/><net_sink comp="1084" pin=0"/></net>

<net id="1089"><net_src comp="1077" pin="1"/><net_sink comp="1084" pin=1"/></net>

<net id="1097"><net_src comp="1090" pin="1"/><net_sink comp="1093" pin=0"/></net>

<net id="1098"><net_src comp="1084" pin="2"/><net_sink comp="1093" pin=1"/></net>

<net id="1112"><net_src comp="1105" pin="1"/><net_sink comp="1108" pin=0"/></net>

<net id="1113"><net_src comp="1102" pin="1"/><net_sink comp="1108" pin=1"/></net>

<net id="1121"><net_src comp="1114" pin="1"/><net_sink comp="1117" pin=0"/></net>

<net id="1125"><net_src comp="1117" pin="2"/><net_sink comp="1122" pin=0"/></net>

<net id="1136"><net_src comp="1129" pin="1"/><net_sink comp="1132" pin=0"/></net>

<net id="1137"><net_src comp="1126" pin="1"/><net_sink comp="1132" pin=1"/></net>

<net id="1145"><net_src comp="1138" pin="1"/><net_sink comp="1141" pin=0"/></net>

<net id="1146"><net_src comp="1132" pin="2"/><net_sink comp="1141" pin=1"/></net>

<net id="1154"><net_src comp="1147" pin="1"/><net_sink comp="1150" pin=0"/></net>

<net id="1155"><net_src comp="1141" pin="2"/><net_sink comp="1150" pin=1"/></net>

<net id="1163"><net_src comp="1156" pin="1"/><net_sink comp="1159" pin=0"/></net>

<net id="1174"><net_src comp="1167" pin="1"/><net_sink comp="1170" pin=0"/></net>

<net id="1175"><net_src comp="1164" pin="1"/><net_sink comp="1170" pin=1"/></net>

<net id="1183"><net_src comp="1176" pin="1"/><net_sink comp="1179" pin=0"/></net>

<net id="1184"><net_src comp="1170" pin="2"/><net_sink comp="1179" pin=1"/></net>

<net id="1190"><net_src comp="126" pin="0"/><net_sink comp="1185" pin=0"/></net>

<net id="1191"><net_src comp="1179" pin="2"/><net_sink comp="1185" pin=1"/></net>

<net id="1192"><net_src comp="128" pin="0"/><net_sink comp="1185" pin=2"/></net>

<net id="1196"><net_src comp="1179" pin="2"/><net_sink comp="1193" pin=0"/></net>

<net id="1202"><net_src comp="1185" pin="3"/><net_sink comp="1197" pin=0"/></net>

<net id="1203"><net_src comp="130" pin="0"/><net_sink comp="1197" pin=1"/></net>

<net id="1204"><net_src comp="1193" pin="1"/><net_sink comp="1197" pin=2"/></net>

<net id="1210"><net_src comp="132" pin="0"/><net_sink comp="1205" pin=0"/></net>

<net id="1211"><net_src comp="134" pin="0"/><net_sink comp="1205" pin=2"/></net>

<net id="1217"><net_src comp="136" pin="0"/><net_sink comp="1212" pin=0"/></net>

<net id="1218"><net_src comp="138" pin="0"/><net_sink comp="1212" pin=2"/></net>

<net id="1222"><net_src comp="1205" pin="3"/><net_sink comp="1219" pin=0"/></net>

<net id="1223"><net_src comp="1219" pin="1"/><net_sink comp="734" pin=0"/></net>

<net id="1227"><net_src comp="1212" pin="3"/><net_sink comp="1224" pin=0"/></net>

<net id="1228"><net_src comp="1224" pin="1"/><net_sink comp="734" pin=1"/></net>

<net id="1235"><net_src comp="140" pin="0"/><net_sink comp="1229" pin=0"/></net>

<net id="1236"><net_src comp="734" pin="2"/><net_sink comp="1229" pin=1"/></net>

<net id="1237"><net_src comp="142" pin="0"/><net_sink comp="1229" pin=2"/></net>

<net id="1238"><net_src comp="144" pin="0"/><net_sink comp="1229" pin=3"/></net>

<net id="1243"><net_src comp="146" pin="0"/><net_sink comp="1239" pin=1"/></net>

<net id="1250"><net_src comp="148" pin="0"/><net_sink comp="1244" pin=0"/></net>

<net id="1251"><net_src comp="1239" pin="2"/><net_sink comp="1244" pin=1"/></net>

<net id="1252"><net_src comp="150" pin="0"/><net_sink comp="1244" pin=2"/></net>

<net id="1253"><net_src comp="152" pin="0"/><net_sink comp="1244" pin=3"/></net>

<net id="1258"><net_src comp="1244" pin="4"/><net_sink comp="1254" pin=0"/></net>

<net id="1259"><net_src comp="154" pin="0"/><net_sink comp="1254" pin=1"/></net>

<net id="1266"><net_src comp="156" pin="0"/><net_sink comp="1260" pin=0"/></net>

<net id="1267"><net_src comp="1239" pin="2"/><net_sink comp="1260" pin=1"/></net>

<net id="1268"><net_src comp="142" pin="0"/><net_sink comp="1260" pin=2"/></net>

<net id="1269"><net_src comp="158" pin="0"/><net_sink comp="1260" pin=3"/></net>

<net id="1275"><net_src comp="1254" pin="2"/><net_sink comp="1270" pin=0"/></net>

<net id="1276"><net_src comp="160" pin="0"/><net_sink comp="1270" pin=1"/></net>

<net id="1277"><net_src comp="1260" pin="4"/><net_sink comp="1270" pin=2"/></net>

<net id="1283"><net_src comp="879" pin="1"/><net_sink comp="1278" pin=0"/></net>

<net id="1284"><net_src comp="935" pin="1"/><net_sink comp="1278" pin=2"/></net>

<net id="1290"><net_src comp="883" pin="1"/><net_sink comp="1285" pin=1"/></net>

<net id="1291"><net_src comp="947" pin="1"/><net_sink comp="1285" pin=2"/></net>

<net id="1297"><net_src comp="887" pin="1"/><net_sink comp="1292" pin=0"/></net>

<net id="1298"><net_src comp="963" pin="1"/><net_sink comp="1292" pin=2"/></net>

<net id="1299"><net_src comp="1292" pin="3"/><net_sink comp="1043" pin=0"/></net>

<net id="1305"><net_src comp="891" pin="1"/><net_sink comp="1300" pin=1"/></net>

<net id="1306"><net_src comp="975" pin="1"/><net_sink comp="1300" pin=2"/></net>

<net id="1307"><net_src comp="1300" pin="3"/><net_sink comp="1046" pin=0"/></net>

<net id="1313"><net_src comp="895" pin="1"/><net_sink comp="1308" pin=0"/></net>

<net id="1314"><net_src comp="1278" pin="3"/><net_sink comp="1308" pin=2"/></net>

<net id="1315"><net_src comp="1308" pin="3"/><net_sink comp="1065" pin=0"/></net>

<net id="1321"><net_src comp="899" pin="1"/><net_sink comp="1316" pin=1"/></net>

<net id="1322"><net_src comp="995" pin="1"/><net_sink comp="1316" pin=2"/></net>

<net id="1323"><net_src comp="1316" pin="3"/><net_sink comp="1068" pin=0"/></net>

<net id="1329"><net_src comp="903" pin="1"/><net_sink comp="1324" pin=0"/></net>

<net id="1330"><net_src comp="1007" pin="1"/><net_sink comp="1324" pin=2"/></net>

<net id="1331"><net_src comp="1324" pin="3"/><net_sink comp="1081" pin=0"/></net>

<net id="1337"><net_src comp="907" pin="1"/><net_sink comp="1332" pin=0"/></net>

<net id="1338"><net_src comp="1285" pin="3"/><net_sink comp="1332" pin=2"/></net>

<net id="1339"><net_src comp="1332" pin="3"/><net_sink comp="1090" pin=0"/></net>

<net id="1345"><net_src comp="911" pin="1"/><net_sink comp="1340" pin=0"/></net>

<net id="1346"><net_src comp="1019" pin="1"/><net_sink comp="1340" pin=2"/></net>

<net id="1352"><net_src comp="915" pin="1"/><net_sink comp="1347" pin=0"/></net>

<net id="1353"><net_src comp="1031" pin="1"/><net_sink comp="1347" pin=2"/></net>

<net id="1354"><net_src comp="1347" pin="3"/><net_sink comp="1099" pin=0"/></net>

<net id="1360"><net_src comp="919" pin="1"/><net_sink comp="1355" pin=0"/></net>

<net id="1361"><net_src comp="1043" pin="1"/><net_sink comp="1355" pin=2"/></net>

<net id="1362"><net_src comp="1355" pin="3"/><net_sink comp="1102" pin=0"/></net>

<net id="1368"><net_src comp="923" pin="1"/><net_sink comp="1363" pin=0"/></net>

<net id="1369"><net_src comp="1046" pin="1"/><net_sink comp="1363" pin=2"/></net>

<net id="1370"><net_src comp="1363" pin="3"/><net_sink comp="1105" pin=0"/></net>

<net id="1376"><net_src comp="951" pin="1"/><net_sink comp="1371" pin=0"/></net>

<net id="1377"><net_src comp="1099" pin="1"/><net_sink comp="1371" pin=2"/></net>

<net id="1378"><net_src comp="1371" pin="3"/><net_sink comp="1138" pin=0"/></net>

<net id="1384"><net_src comp="979" pin="1"/><net_sink comp="1379" pin=1"/></net>

<net id="1385"><net_src comp="1057" pin="1"/><net_sink comp="1379" pin=2"/></net>

<net id="1386"><net_src comp="1379" pin="3"/><net_sink comp="1159" pin=1"/></net>

<net id="1392"><net_src comp="983" pin="1"/><net_sink comp="1387" pin=1"/></net>

<net id="1393"><net_src comp="1061" pin="1"/><net_sink comp="1387" pin=2"/></net>

<net id="1394"><net_src comp="1387" pin="3"/><net_sink comp="1156" pin=0"/></net>

<net id="1400"><net_src comp="1035" pin="1"/><net_sink comp="1395" pin=0"/></net>

<net id="1401"><net_src comp="1122" pin="1"/><net_sink comp="1395" pin=2"/></net>

<net id="1402"><net_src comp="1395" pin="3"/><net_sink comp="1167" pin=0"/></net>

<net id="1408"><net_src comp="1039" pin="1"/><net_sink comp="1403" pin=0"/></net>

<net id="1409"><net_src comp="1150" pin="2"/><net_sink comp="1403" pin=2"/></net>

<net id="1410"><net_src comp="1403" pin="3"/><net_sink comp="1164" pin=0"/></net>

<net id="1414"><net_src comp="178" pin="1"/><net_sink comp="1411" pin=0"/></net>

<net id="1415"><net_src comp="1411" pin="1"/><net_sink comp="846" pin=1"/></net>

<net id="1416"><net_src comp="1411" pin="1"/><net_sink comp="851" pin=0"/></net>

<net id="1417"><net_src comp="1411" pin="1"/><net_sink comp="874" pin=1"/></net>

<net id="1421"><net_src comp="738" pin="1"/><net_sink comp="1418" pin=0"/></net>

<net id="1422"><net_src comp="1418" pin="1"/><net_sink comp="1387" pin=0"/></net>

<net id="1426"><net_src comp="742" pin="1"/><net_sink comp="1423" pin=0"/></net>

<net id="1427"><net_src comp="1423" pin="1"/><net_sink comp="1379" pin=0"/></net>

<net id="1431"><net_src comp="746" pin="1"/><net_sink comp="1428" pin=0"/></net>

<net id="1432"><net_src comp="1428" pin="1"/><net_sink comp="1403" pin=1"/></net>

<net id="1436"><net_src comp="750" pin="1"/><net_sink comp="1433" pin=0"/></net>

<net id="1437"><net_src comp="1433" pin="1"/><net_sink comp="1117" pin=1"/></net>

<net id="1441"><net_src comp="754" pin="1"/><net_sink comp="1438" pin=0"/></net>

<net id="1442"><net_src comp="1438" pin="1"/><net_sink comp="1395" pin=1"/></net>

<net id="1446"><net_src comp="758" pin="1"/><net_sink comp="1443" pin=0"/></net>

<net id="1447"><net_src comp="1443" pin="1"/><net_sink comp="1052" pin=1"/></net>

<net id="1451"><net_src comp="762" pin="1"/><net_sink comp="1448" pin=0"/></net>

<net id="1452"><net_src comp="1448" pin="1"/><net_sink comp="1300" pin=0"/></net>

<net id="1456"><net_src comp="766" pin="1"/><net_sink comp="1453" pin=0"/></net>

<net id="1457"><net_src comp="1453" pin="1"/><net_sink comp="970" pin=1"/></net>

<net id="1461"><net_src comp="770" pin="1"/><net_sink comp="1458" pin=0"/></net>

<net id="1462"><net_src comp="1458" pin="1"/><net_sink comp="1363" pin=1"/></net>

<net id="1466"><net_src comp="774" pin="1"/><net_sink comp="1463" pin=0"/></net>

<net id="1467"><net_src comp="1463" pin="1"/><net_sink comp="1292" pin=1"/></net>

<net id="1471"><net_src comp="778" pin="1"/><net_sink comp="1468" pin=0"/></net>

<net id="1472"><net_src comp="1468" pin="1"/><net_sink comp="958" pin=1"/></net>

<net id="1476"><net_src comp="782" pin="1"/><net_sink comp="1473" pin=0"/></net>

<net id="1477"><net_src comp="1473" pin="1"/><net_sink comp="1355" pin=1"/></net>

<net id="1481"><net_src comp="786" pin="1"/><net_sink comp="1478" pin=0"/></net>

<net id="1482"><net_src comp="1478" pin="1"/><net_sink comp="1347" pin=1"/></net>

<net id="1486"><net_src comp="790" pin="1"/><net_sink comp="1483" pin=0"/></net>

<net id="1487"><net_src comp="1483" pin="1"/><net_sink comp="1026" pin=1"/></net>

<net id="1491"><net_src comp="794" pin="1"/><net_sink comp="1488" pin=0"/></net>

<net id="1492"><net_src comp="1488" pin="1"/><net_sink comp="1371" pin=1"/></net>

<net id="1496"><net_src comp="798" pin="1"/><net_sink comp="1493" pin=0"/></net>

<net id="1497"><net_src comp="1493" pin="1"/><net_sink comp="1340" pin=1"/></net>

<net id="1501"><net_src comp="802" pin="1"/><net_sink comp="1498" pin=0"/></net>

<net id="1502"><net_src comp="1498" pin="1"/><net_sink comp="1014" pin=1"/></net>

<net id="1506"><net_src comp="806" pin="1"/><net_sink comp="1503" pin=0"/></net>

<net id="1507"><net_src comp="1503" pin="1"/><net_sink comp="942" pin=1"/></net>

<net id="1511"><net_src comp="810" pin="1"/><net_sink comp="1508" pin=0"/></net>

<net id="1512"><net_src comp="1508" pin="1"/><net_sink comp="1332" pin=1"/></net>

<net id="1516"><net_src comp="814" pin="1"/><net_sink comp="1513" pin=0"/></net>

<net id="1517"><net_src comp="1513" pin="1"/><net_sink comp="1324" pin=1"/></net>

<net id="1521"><net_src comp="818" pin="1"/><net_sink comp="1518" pin=0"/></net>

<net id="1522"><net_src comp="1518" pin="1"/><net_sink comp="1285" pin=0"/></net>

<net id="1526"><net_src comp="822" pin="1"/><net_sink comp="1523" pin=0"/></net>

<net id="1527"><net_src comp="1523" pin="1"/><net_sink comp="1002" pin=1"/></net>

<net id="1531"><net_src comp="826" pin="1"/><net_sink comp="1528" pin=0"/></net>

<net id="1532"><net_src comp="1528" pin="1"/><net_sink comp="990" pin=1"/></net>

<net id="1536"><net_src comp="830" pin="1"/><net_sink comp="1533" pin=0"/></net>

<net id="1537"><net_src comp="1533" pin="1"/><net_sink comp="1316" pin=0"/></net>

<net id="1541"><net_src comp="834" pin="1"/><net_sink comp="1538" pin=0"/></net>

<net id="1542"><net_src comp="1538" pin="1"/><net_sink comp="1278" pin=1"/></net>

<net id="1546"><net_src comp="838" pin="1"/><net_sink comp="1543" pin=0"/></net>

<net id="1547"><net_src comp="1543" pin="1"/><net_sink comp="1308" pin=1"/></net>

<net id="1551"><net_src comp="842" pin="1"/><net_sink comp="1548" pin=0"/></net>

<net id="1552"><net_src comp="1548" pin="1"/><net_sink comp="930" pin=1"/></net>

<net id="1556"><net_src comp="854" pin="2"/><net_sink comp="1553" pin=0"/></net>

<net id="1560"><net_src comp="866" pin="1"/><net_sink comp="1557" pin=0"/></net>

<net id="1561"><net_src comp="1557" pin="1"/><net_sink comp="396" pin=2"/></net>

<net id="1562"><net_src comp="1557" pin="1"/><net_sink comp="409" pin=2"/></net>

<net id="1563"><net_src comp="1557" pin="1"/><net_sink comp="422" pin=2"/></net>

<net id="1564"><net_src comp="1557" pin="1"/><net_sink comp="435" pin=2"/></net>

<net id="1565"><net_src comp="1557" pin="1"/><net_sink comp="448" pin=2"/></net>

<net id="1566"><net_src comp="1557" pin="1"/><net_sink comp="461" pin=2"/></net>

<net id="1567"><net_src comp="1557" pin="1"/><net_sink comp="474" pin=2"/></net>

<net id="1568"><net_src comp="1557" pin="1"/><net_sink comp="487" pin=2"/></net>

<net id="1569"><net_src comp="1557" pin="1"/><net_sink comp="500" pin=2"/></net>

<net id="1570"><net_src comp="1557" pin="1"/><net_sink comp="513" pin=2"/></net>

<net id="1571"><net_src comp="1557" pin="1"/><net_sink comp="526" pin=2"/></net>

<net id="1572"><net_src comp="1557" pin="1"/><net_sink comp="539" pin=2"/></net>

<net id="1573"><net_src comp="1557" pin="1"/><net_sink comp="552" pin=2"/></net>

<net id="1574"><net_src comp="1557" pin="1"/><net_sink comp="565" pin=2"/></net>

<net id="1575"><net_src comp="1557" pin="1"/><net_sink comp="578" pin=2"/></net>

<net id="1576"><net_src comp="1557" pin="1"/><net_sink comp="591" pin=2"/></net>

<net id="1577"><net_src comp="1557" pin="1"/><net_sink comp="604" pin=2"/></net>

<net id="1578"><net_src comp="1557" pin="1"/><net_sink comp="617" pin=2"/></net>

<net id="1579"><net_src comp="1557" pin="1"/><net_sink comp="630" pin=2"/></net>

<net id="1580"><net_src comp="1557" pin="1"/><net_sink comp="643" pin=2"/></net>

<net id="1581"><net_src comp="1557" pin="1"/><net_sink comp="656" pin=2"/></net>

<net id="1582"><net_src comp="1557" pin="1"/><net_sink comp="669" pin=2"/></net>

<net id="1583"><net_src comp="1557" pin="1"/><net_sink comp="682" pin=2"/></net>

<net id="1584"><net_src comp="1557" pin="1"/><net_sink comp="695" pin=2"/></net>

<net id="1585"><net_src comp="1557" pin="1"/><net_sink comp="708" pin=2"/></net>

<net id="1586"><net_src comp="1557" pin="1"/><net_sink comp="721" pin=2"/></net>

<net id="1590"><net_src comp="344" pin="3"/><net_sink comp="1587" pin=0"/></net>

<net id="1591"><net_src comp="1587" pin="1"/><net_sink comp="351" pin=0"/></net>

<net id="1595"><net_src comp="357" pin="3"/><net_sink comp="1592" pin=0"/></net>

<net id="1596"><net_src comp="1592" pin="1"/><net_sink comp="364" pin=0"/></net>

<net id="1600"><net_src comp="370" pin="3"/><net_sink comp="1597" pin=0"/></net>

<net id="1601"><net_src comp="1597" pin="1"/><net_sink comp="377" pin=0"/></net>

<net id="1605"><net_src comp="383" pin="3"/><net_sink comp="1602" pin=0"/></net>

<net id="1606"><net_src comp="1602" pin="1"/><net_sink comp="390" pin=0"/></net>

<net id="1610"><net_src comp="396" pin="3"/><net_sink comp="1607" pin=0"/></net>

<net id="1611"><net_src comp="1607" pin="1"/><net_sink comp="403" pin=0"/></net>

<net id="1615"><net_src comp="409" pin="3"/><net_sink comp="1612" pin=0"/></net>

<net id="1616"><net_src comp="1612" pin="1"/><net_sink comp="416" pin=0"/></net>

<net id="1620"><net_src comp="879" pin="1"/><net_sink comp="1617" pin=0"/></net>

<net id="1621"><net_src comp="1617" pin="1"/><net_sink comp="1278" pin=0"/></net>

<net id="1625"><net_src comp="422" pin="3"/><net_sink comp="1622" pin=0"/></net>

<net id="1626"><net_src comp="1622" pin="1"/><net_sink comp="429" pin=0"/></net>

<net id="1630"><net_src comp="883" pin="1"/><net_sink comp="1627" pin=0"/></net>

<net id="1631"><net_src comp="1627" pin="1"/><net_sink comp="1285" pin=1"/></net>

<net id="1635"><net_src comp="435" pin="3"/><net_sink comp="1632" pin=0"/></net>

<net id="1636"><net_src comp="1632" pin="1"/><net_sink comp="442" pin=0"/></net>

<net id="1640"><net_src comp="448" pin="3"/><net_sink comp="1637" pin=0"/></net>

<net id="1641"><net_src comp="1637" pin="1"/><net_sink comp="455" pin=0"/></net>

<net id="1645"><net_src comp="461" pin="3"/><net_sink comp="1642" pin=0"/></net>

<net id="1646"><net_src comp="1642" pin="1"/><net_sink comp="468" pin=0"/></net>

<net id="1650"><net_src comp="474" pin="3"/><net_sink comp="1647" pin=0"/></net>

<net id="1651"><net_src comp="1647" pin="1"/><net_sink comp="481" pin=0"/></net>

<net id="1655"><net_src comp="487" pin="3"/><net_sink comp="1652" pin=0"/></net>

<net id="1656"><net_src comp="1652" pin="1"/><net_sink comp="494" pin=0"/></net>

<net id="1660"><net_src comp="500" pin="3"/><net_sink comp="1657" pin=0"/></net>

<net id="1661"><net_src comp="1657" pin="1"/><net_sink comp="507" pin=0"/></net>

<net id="1665"><net_src comp="513" pin="3"/><net_sink comp="1662" pin=0"/></net>

<net id="1666"><net_src comp="1662" pin="1"/><net_sink comp="520" pin=0"/></net>

<net id="1670"><net_src comp="887" pin="1"/><net_sink comp="1667" pin=0"/></net>

<net id="1671"><net_src comp="1667" pin="1"/><net_sink comp="1292" pin=0"/></net>

<net id="1675"><net_src comp="526" pin="3"/><net_sink comp="1672" pin=0"/></net>

<net id="1676"><net_src comp="1672" pin="1"/><net_sink comp="533" pin=0"/></net>

<net id="1680"><net_src comp="539" pin="3"/><net_sink comp="1677" pin=0"/></net>

<net id="1681"><net_src comp="1677" pin="1"/><net_sink comp="546" pin=0"/></net>

<net id="1685"><net_src comp="891" pin="1"/><net_sink comp="1682" pin=0"/></net>

<net id="1686"><net_src comp="1682" pin="1"/><net_sink comp="1300" pin=1"/></net>

<net id="1690"><net_src comp="403" pin="3"/><net_sink comp="1687" pin=0"/></net>

<net id="1691"><net_src comp="1687" pin="1"/><net_sink comp="927" pin=0"/></net>

<net id="1695"><net_src comp="895" pin="1"/><net_sink comp="1692" pin=0"/></net>

<net id="1696"><net_src comp="1692" pin="1"/><net_sink comp="1308" pin=0"/></net>

<net id="1700"><net_src comp="899" pin="1"/><net_sink comp="1697" pin=0"/></net>

<net id="1701"><net_src comp="1697" pin="1"/><net_sink comp="1316" pin=1"/></net>

<net id="1705"><net_src comp="552" pin="3"/><net_sink comp="1702" pin=0"/></net>

<net id="1706"><net_src comp="1702" pin="1"/><net_sink comp="559" pin=0"/></net>

<net id="1710"><net_src comp="565" pin="3"/><net_sink comp="1707" pin=0"/></net>

<net id="1711"><net_src comp="1707" pin="1"/><net_sink comp="572" pin=0"/></net>

<net id="1715"><net_src comp="903" pin="1"/><net_sink comp="1712" pin=0"/></net>

<net id="1716"><net_src comp="1712" pin="1"/><net_sink comp="1324" pin=0"/></net>

<net id="1720"><net_src comp="907" pin="1"/><net_sink comp="1717" pin=0"/></net>

<net id="1721"><net_src comp="1717" pin="1"/><net_sink comp="1332" pin=0"/></net>

<net id="1725"><net_src comp="468" pin="3"/><net_sink comp="1722" pin=0"/></net>

<net id="1726"><net_src comp="1722" pin="1"/><net_sink comp="939" pin=0"/></net>

<net id="1730"><net_src comp="578" pin="3"/><net_sink comp="1727" pin=0"/></net>

<net id="1731"><net_src comp="1727" pin="1"/><net_sink comp="585" pin=0"/></net>

<net id="1735"><net_src comp="911" pin="1"/><net_sink comp="1732" pin=0"/></net>

<net id="1736"><net_src comp="1732" pin="1"/><net_sink comp="1340" pin=0"/></net>

<net id="1740"><net_src comp="591" pin="3"/><net_sink comp="1737" pin=0"/></net>

<net id="1741"><net_src comp="1737" pin="1"/><net_sink comp="598" pin=0"/></net>

<net id="1745"><net_src comp="604" pin="3"/><net_sink comp="1742" pin=0"/></net>

<net id="1746"><net_src comp="1742" pin="1"/><net_sink comp="611" pin=0"/></net>

<net id="1750"><net_src comp="915" pin="1"/><net_sink comp="1747" pin=0"/></net>

<net id="1751"><net_src comp="1747" pin="1"/><net_sink comp="1347" pin=0"/></net>

<net id="1755"><net_src comp="919" pin="1"/><net_sink comp="1752" pin=0"/></net>

<net id="1756"><net_src comp="1752" pin="1"/><net_sink comp="1355" pin=0"/></net>

<net id="1760"><net_src comp="520" pin="3"/><net_sink comp="1757" pin=0"/></net>

<net id="1761"><net_src comp="1757" pin="1"/><net_sink comp="955" pin=0"/></net>

<net id="1765"><net_src comp="923" pin="1"/><net_sink comp="1762" pin=0"/></net>

<net id="1766"><net_src comp="1762" pin="1"/><net_sink comp="1363" pin=0"/></net>

<net id="1770"><net_src comp="546" pin="3"/><net_sink comp="1767" pin=0"/></net>

<net id="1771"><net_src comp="1767" pin="1"/><net_sink comp="967" pin=0"/></net>

<net id="1775"><net_src comp="617" pin="3"/><net_sink comp="1772" pin=0"/></net>

<net id="1776"><net_src comp="1772" pin="1"/><net_sink comp="624" pin=0"/></net>

<net id="1780"><net_src comp="630" pin="3"/><net_sink comp="1777" pin=0"/></net>

<net id="1781"><net_src comp="1777" pin="1"/><net_sink comp="637" pin=0"/></net>

<net id="1785"><net_src comp="935" pin="1"/><net_sink comp="1782" pin=0"/></net>

<net id="1786"><net_src comp="1782" pin="1"/><net_sink comp="1278" pin=0"/></net>

<net id="1790"><net_src comp="559" pin="3"/><net_sink comp="1787" pin=0"/></net>

<net id="1791"><net_src comp="1787" pin="1"/><net_sink comp="987" pin=0"/></net>

<net id="1795"><net_src comp="572" pin="3"/><net_sink comp="1792" pin=0"/></net>

<net id="1796"><net_src comp="1792" pin="1"/><net_sink comp="999" pin=0"/></net>

<net id="1800"><net_src comp="947" pin="1"/><net_sink comp="1797" pin=0"/></net>

<net id="1801"><net_src comp="1797" pin="1"/><net_sink comp="1285" pin=0"/></net>

<net id="1805"><net_src comp="585" pin="3"/><net_sink comp="1802" pin=0"/></net>

<net id="1806"><net_src comp="1802" pin="1"/><net_sink comp="1011" pin=0"/></net>

<net id="1810"><net_src comp="951" pin="1"/><net_sink comp="1807" pin=0"/></net>

<net id="1811"><net_src comp="1807" pin="1"/><net_sink comp="1371" pin=0"/></net>

<net id="1815"><net_src comp="611" pin="3"/><net_sink comp="1812" pin=0"/></net>

<net id="1816"><net_src comp="1812" pin="1"/><net_sink comp="1023" pin=0"/></net>

<net id="1820"><net_src comp="963" pin="1"/><net_sink comp="1817" pin=0"/></net>

<net id="1821"><net_src comp="1817" pin="1"/><net_sink comp="1292" pin=0"/></net>

<net id="1825"><net_src comp="975" pin="1"/><net_sink comp="1822" pin=0"/></net>

<net id="1826"><net_src comp="1822" pin="1"/><net_sink comp="1300" pin=0"/></net>

<net id="1830"><net_src comp="643" pin="3"/><net_sink comp="1827" pin=0"/></net>

<net id="1831"><net_src comp="1827" pin="1"/><net_sink comp="650" pin=0"/></net>

<net id="1835"><net_src comp="656" pin="3"/><net_sink comp="1832" pin=0"/></net>

<net id="1836"><net_src comp="1832" pin="1"/><net_sink comp="663" pin=0"/></net>

<net id="1840"><net_src comp="669" pin="3"/><net_sink comp="1837" pin=0"/></net>

<net id="1841"><net_src comp="1837" pin="1"/><net_sink comp="676" pin=0"/></net>

<net id="1845"><net_src comp="979" pin="1"/><net_sink comp="1842" pin=0"/></net>

<net id="1846"><net_src comp="1842" pin="1"/><net_sink comp="1379" pin=1"/></net>

<net id="1850"><net_src comp="983" pin="1"/><net_sink comp="1847" pin=0"/></net>

<net id="1851"><net_src comp="1847" pin="1"/><net_sink comp="1387" pin=1"/></net>

<net id="1855"><net_src comp="995" pin="1"/><net_sink comp="1852" pin=0"/></net>

<net id="1856"><net_src comp="1852" pin="1"/><net_sink comp="1316" pin=0"/></net>

<net id="1860"><net_src comp="1007" pin="1"/><net_sink comp="1857" pin=0"/></net>

<net id="1861"><net_src comp="1857" pin="1"/><net_sink comp="1324" pin=0"/></net>

<net id="1865"><net_src comp="1019" pin="1"/><net_sink comp="1862" pin=0"/></net>

<net id="1866"><net_src comp="1862" pin="1"/><net_sink comp="1340" pin=0"/></net>

<net id="1870"><net_src comp="1031" pin="1"/><net_sink comp="1867" pin=0"/></net>

<net id="1871"><net_src comp="1867" pin="1"/><net_sink comp="1347" pin=0"/></net>

<net id="1875"><net_src comp="650" pin="3"/><net_sink comp="1872" pin=0"/></net>

<net id="1876"><net_src comp="1872" pin="1"/><net_sink comp="1049" pin=0"/></net>

<net id="1880"><net_src comp="1035" pin="1"/><net_sink comp="1877" pin=0"/></net>

<net id="1881"><net_src comp="1877" pin="1"/><net_sink comp="1395" pin=0"/></net>

<net id="1885"><net_src comp="682" pin="3"/><net_sink comp="1882" pin=0"/></net>

<net id="1886"><net_src comp="1882" pin="1"/><net_sink comp="689" pin=0"/></net>

<net id="1890"><net_src comp="1039" pin="1"/><net_sink comp="1887" pin=0"/></net>

<net id="1891"><net_src comp="1887" pin="1"/><net_sink comp="1403" pin=0"/></net>

<net id="1895"><net_src comp="695" pin="3"/><net_sink comp="1892" pin=0"/></net>

<net id="1896"><net_src comp="1892" pin="1"/><net_sink comp="702" pin=0"/></net>

<net id="1900"><net_src comp="1278" pin="3"/><net_sink comp="1897" pin=0"/></net>

<net id="1901"><net_src comp="1897" pin="1"/><net_sink comp="1308" pin=0"/></net>

<net id="1905"><net_src comp="1285" pin="3"/><net_sink comp="1902" pin=0"/></net>

<net id="1906"><net_src comp="1902" pin="1"/><net_sink comp="1332" pin=0"/></net>

<net id="1910"><net_src comp="1043" pin="1"/><net_sink comp="1907" pin=0"/></net>

<net id="1911"><net_src comp="1907" pin="1"/><net_sink comp="1355" pin=0"/></net>

<net id="1915"><net_src comp="1046" pin="1"/><net_sink comp="1912" pin=0"/></net>

<net id="1916"><net_src comp="1912" pin="1"/><net_sink comp="1363" pin=0"/></net>

<net id="1920"><net_src comp="1057" pin="1"/><net_sink comp="1917" pin=0"/></net>

<net id="1921"><net_src comp="1917" pin="1"/><net_sink comp="1379" pin=0"/></net>

<net id="1925"><net_src comp="689" pin="3"/><net_sink comp="1922" pin=0"/></net>

<net id="1926"><net_src comp="1922" pin="1"/><net_sink comp="1114" pin=0"/></net>

<net id="1930"><net_src comp="1061" pin="1"/><net_sink comp="1927" pin=0"/></net>

<net id="1931"><net_src comp="1927" pin="1"/><net_sink comp="1387" pin=1"/></net>

<net id="1935"><net_src comp="1093" pin="2"/><net_sink comp="1932" pin=0"/></net>

<net id="1936"><net_src comp="1932" pin="1"/><net_sink comp="1126" pin=0"/></net>

<net id="1940"><net_src comp="1340" pin="3"/><net_sink comp="1937" pin=0"/></net>

<net id="1941"><net_src comp="1937" pin="1"/><net_sink comp="1129" pin=0"/></net>

<net id="1945"><net_src comp="1099" pin="1"/><net_sink comp="1942" pin=0"/></net>

<net id="1946"><net_src comp="1942" pin="1"/><net_sink comp="1371" pin=0"/></net>

<net id="1950"><net_src comp="1108" pin="2"/><net_sink comp="1947" pin=0"/></net>

<net id="1951"><net_src comp="1947" pin="1"/><net_sink comp="1147" pin=0"/></net>

<net id="1955"><net_src comp="1122" pin="1"/><net_sink comp="1952" pin=0"/></net>

<net id="1956"><net_src comp="1952" pin="1"/><net_sink comp="1395" pin=0"/></net>

<net id="1960"><net_src comp="1150" pin="2"/><net_sink comp="1957" pin=0"/></net>

<net id="1961"><net_src comp="1957" pin="1"/><net_sink comp="1403" pin=0"/></net>

<net id="1965"><net_src comp="1159" pin="2"/><net_sink comp="1962" pin=0"/></net>

<net id="1966"><net_src comp="1962" pin="1"/><net_sink comp="1176" pin=0"/></net>

<net id="1970"><net_src comp="708" pin="3"/><net_sink comp="1967" pin=0"/></net>

<net id="1971"><net_src comp="1967" pin="1"/><net_sink comp="715" pin=0"/></net>

<net id="1975"><net_src comp="1197" pin="3"/><net_sink comp="1972" pin=0"/></net>

<net id="1976"><net_src comp="1972" pin="1"/><net_sink comp="1205" pin=1"/></net>

<net id="1980"><net_src comp="715" pin="3"/><net_sink comp="1977" pin=0"/></net>

<net id="1981"><net_src comp="1977" pin="1"/><net_sink comp="1212" pin=1"/></net>

<net id="1985"><net_src comp="1219" pin="1"/><net_sink comp="1982" pin=0"/></net>

<net id="1986"><net_src comp="1982" pin="1"/><net_sink comp="734" pin=0"/></net>

<net id="1990"><net_src comp="1224" pin="1"/><net_sink comp="1987" pin=0"/></net>

<net id="1991"><net_src comp="1987" pin="1"/><net_sink comp="734" pin=1"/></net>

<net id="1995"><net_src comp="1229" pin="4"/><net_sink comp="1992" pin=0"/></net>

<net id="1996"><net_src comp="1992" pin="1"/><net_sink comp="1239" pin=0"/></net>

<net id="2000"><net_src comp="1270" pin="3"/><net_sink comp="1997" pin=0"/></net>

<net id="2001"><net_src comp="1997" pin="1"/><net_sink comp="728" pin=1"/></net>

</net_list>

</model> 
---------------- Datapath Model END ------------------

* FSMD analyzer results:
  - Output states:
	Port: out_r | {15 }
 - Input state : 
	Port: conv3d_hidden_layer<1>_Pipeline_OC_LOOP : window_0_load_cast | {1 }
	Port: conv3d_hidden_layer<1>_Pipeline_OC_LOOP : window_1_0_load_cast | {1 }
	Port: conv3d_hidden_layer<1>_Pipeline_OC_LOOP : window_2_0_load_cast | {1 }
	Port: conv3d_hidden_layer<1>_Pipeline_OC_LOOP : window_0_load_1_cast | {1 }
	Port: conv3d_hidden_layer<1>_Pipeline_OC_LOOP : window_1_0_load_1_cast | {1 }
	Port: conv3d_hidden_layer<1>_Pipeline_OC_LOOP : window_2_0_load_1_cast | {1 }
	Port: conv3d_hidden_layer<1>_Pipeline_OC_LOOP : window_0_load_2_cast | {1 }
	Port: conv3d_hidden_layer<1>_Pipeline_OC_LOOP : window_1_0_load_2_cast | {1 }
	Port: conv3d_hidden_layer<1>_Pipeline_OC_LOOP : window_2_0_load_2_cast | {1 }
	Port: conv3d_hidden_layer<1>_Pipeline_OC_LOOP : window_0_load_3_cast | {1 }
	Port: conv3d_hidden_layer<1>_Pipeline_OC_LOOP : window_1_0_load_3_cast | {1 }
	Port: conv3d_hidden_layer<1>_Pipeline_OC_LOOP : window_2_0_load_3_cast | {1 }
	Port: conv3d_hidden_layer<1>_Pipeline_OC_LOOP : window_0_load_4_cast | {1 }
	Port: conv3d_hidden_layer<1>_Pipeline_OC_LOOP : window_1_0_load_4_cast | {1 }
	Port: conv3d_hidden_layer<1>_Pipeline_OC_LOOP : window_2_0_load_4_cast | {1 }
	Port: conv3d_hidden_layer<1>_Pipeline_OC_LOOP : window_0_load_5_cast | {1 }
	Port: conv3d_hidden_layer<1>_Pipeline_OC_LOOP : window_1_0_load_5_cast | {1 }
	Port: conv3d_hidden_layer<1>_Pipeline_OC_LOOP : window_2_0_load_5_cast | {1 }
	Port: conv3d_hidden_layer<1>_Pipeline_OC_LOOP : window_0_load_6_cast | {1 }
	Port: conv3d_hidden_layer<1>_Pipeline_OC_LOOP : window_1_0_load_6_cast | {1 }
	Port: conv3d_hidden_layer<1>_Pipeline_OC_LOOP : window_2_0_load_6_cast | {1 }
	Port: conv3d_hidden_layer<1>_Pipeline_OC_LOOP : window_0_load_7_cast | {1 }
	Port: conv3d_hidden_layer<1>_Pipeline_OC_LOOP : window_1_0_load_7_cast | {1 }
	Port: conv3d_hidden_layer<1>_Pipeline_OC_LOOP : window_2_0_load_7_cast | {1 }
	Port: conv3d_hidden_layer<1>_Pipeline_OC_LOOP : window_0_load_8_cast | {1 }
	Port: conv3d_hidden_layer<1>_Pipeline_OC_LOOP : window_1_0_load_8_cast | {1 }
	Port: conv3d_hidden_layer<1>_Pipeline_OC_LOOP : zext_ln69 | {1 }
	Port: conv3d_hidden_layer<1>_Pipeline_OC_LOOP : p_ZN18predecoder_weightsL13LAYER0_WEIGHTE_0 | {2 3 }
	Port: conv3d_hidden_layer<1>_Pipeline_OC_LOOP : p_ZN18predecoder_weightsL13LAYER0_WEIGHTE_1 | {2 3 }
	Port: conv3d_hidden_layer<1>_Pipeline_OC_LOOP : p_ZN18predecoder_weightsL13LAYER0_WEIGHTE_2 | {1 2 }
	Port: conv3d_hidden_layer<1>_Pipeline_OC_LOOP : p_ZN18predecoder_weightsL13LAYER0_WEIGHTE_3 | {2 3 }
	Port: conv3d_hidden_layer<1>_Pipeline_OC_LOOP : p_ZN18predecoder_weightsL13LAYER0_WEIGHTE_4 | {3 4 }
	Port: conv3d_hidden_layer<1>_Pipeline_OC_LOOP : p_ZN18predecoder_weightsL13LAYER0_WEIGHTE_5 | {3 4 }
	Port: conv3d_hidden_layer<1>_Pipeline_OC_LOOP : p_ZN18predecoder_weightsL13LAYER0_WEIGHTE_6 | {1 2 }
	Port: conv3d_hidden_layer<1>_Pipeline_OC_LOOP : p_ZN18predecoder_weightsL13LAYER0_WEIGHTE_7 | {2 3 }
	Port: conv3d_hidden_layer<1>_Pipeline_OC_LOOP : p_ZN18predecoder_weightsL13LAYER0_WEIGHTE_8 | {2 3 }
	Port: conv3d_hidden_layer<1>_Pipeline_OC_LOOP : p_ZN18predecoder_weightsL13LAYER0_WEIGHTE_9 | {2 3 }
	Port: conv3d_hidden_layer<1>_Pipeline_OC_LOOP : p_ZN18predecoder_weightsL13LAYER0_WEIGHTE_10 | {3 4 }
	Port: conv3d_hidden_layer<1>_Pipeline_OC_LOOP : p_ZN18predecoder_weightsL13LAYER0_WEIGHTE_11 | {2 3 }
	Port: conv3d_hidden_layer<1>_Pipeline_OC_LOOP : p_ZN18predecoder_weightsL13LAYER0_WEIGHTE_12 | {3 4 }
	Port: conv3d_hidden_layer<1>_Pipeline_OC_LOOP : p_ZN18predecoder_weightsL13LAYER0_WEIGHTE_13 | {3 4 }
	Port: conv3d_hidden_layer<1>_Pipeline_OC_LOOP : p_ZN18predecoder_weightsL13LAYER0_WEIGHTE_14 | {2 3 }
	Port: conv3d_hidden_layer<1>_Pipeline_OC_LOOP : p_ZN18predecoder_weightsL13LAYER0_WEIGHTE_15 | {2 3 }
	Port: conv3d_hidden_layer<1>_Pipeline_OC_LOOP : p_ZN18predecoder_weightsL13LAYER0_WEIGHTE_16 | {2 3 }
	Port: conv3d_hidden_layer<1>_Pipeline_OC_LOOP : p_ZN18predecoder_weightsL13LAYER0_WEIGHTE_17 | {1 2 }
	Port: conv3d_hidden_layer<1>_Pipeline_OC_LOOP : p_ZN18predecoder_weightsL13LAYER0_WEIGHTE_18 | {2 3 }
	Port: conv3d_hidden_layer<1>_Pipeline_OC_LOOP : p_ZN18predecoder_weightsL13LAYER0_WEIGHTE_19 | {2 3 }
	Port: conv3d_hidden_layer<1>_Pipeline_OC_LOOP : p_ZN18predecoder_weightsL13LAYER0_WEIGHTE_20 | {1 2 }
	Port: conv3d_hidden_layer<1>_Pipeline_OC_LOOP : p_ZN18predecoder_weightsL13LAYER0_WEIGHTE_21 | {4 5 }
	Port: conv3d_hidden_layer<1>_Pipeline_OC_LOOP : p_ZN18predecoder_weightsL13LAYER0_WEIGHTE_22 | {4 5 }
	Port: conv3d_hidden_layer<1>_Pipeline_OC_LOOP : p_ZN18predecoder_weightsL13LAYER0_WEIGHTE_23 | {5 6 }
	Port: conv3d_hidden_layer<1>_Pipeline_OC_LOOP : p_ZN18predecoder_weightsL13LAYER0_WEIGHTE_24 | {4 5 }
	Port: conv3d_hidden_layer<1>_Pipeline_OC_LOOP : p_ZN18predecoder_weightsL13LAYER0_WEIGHTE_25 | {3 4 }
	Port: conv3d_hidden_layer<1>_Pipeline_OC_LOOP : p_ZN18predecoder_weightsL13LAYER0_WEIGHTE_26 | {3 4 }
	Port: conv3d_hidden_layer<1>_Pipeline_OC_LOOP : predecoder_weights_LAYER0_BIAS | {5 6 }
	Port: conv3d_hidden_layer<1>_Pipeline_OC_LOOP : layer0_mult | {7 8 }
  - Chain level:
	State 1
		store_ln69 : 1
		oc_1 : 1
		icmp_ln69 : 2
		add_ln69 : 2
		br_ln69 : 3
		zext_ln69_1 : 2
		p_ZN18predecoder_weightsL13LAYER0_WEIGHTE_2_addr : 3
		p_ZN18predecoder_weightsL13LAYER0_WEIGHTE_2_load : 4
		p_ZN18predecoder_weightsL13LAYER0_WEIGHTE_6_addr : 3
		p_ZN18predecoder_weightsL13LAYER0_WEIGHTE_6_load : 4
		p_ZN18predecoder_weightsL13LAYER0_WEIGHTE_17_addr : 3
		p_ZN18predecoder_weightsL13LAYER0_WEIGHTE_17_load : 4
		p_ZN18predecoder_weightsL13LAYER0_WEIGHTE_20_addr : 3
		p_ZN18predecoder_weightsL13LAYER0_WEIGHTE_20_load : 4
		store_ln69 : 3
	State 2
		p_ZN18predecoder_weightsL13LAYER0_WEIGHTE_0_load : 1
		p_ZN18predecoder_weightsL13LAYER0_WEIGHTE_1_load : 1
		sext_ln102_4 : 1
		partial_2 : 2
		p_ZN18predecoder_weightsL13LAYER0_WEIGHTE_3_load : 1
		sext_ln102_12 : 1
		partial_6 : 2
		p_ZN18predecoder_weightsL13LAYER0_WEIGHTE_7_load : 1
		p_ZN18predecoder_weightsL13LAYER0_WEIGHTE_8_load : 1
		p_ZN18predecoder_weightsL13LAYER0_WEIGHTE_9_load : 1
		p_ZN18predecoder_weightsL13LAYER0_WEIGHTE_11_load : 1
		p_ZN18predecoder_weightsL13LAYER0_WEIGHTE_14_load : 1
		p_ZN18predecoder_weightsL13LAYER0_WEIGHTE_15_load : 1
		p_ZN18predecoder_weightsL13LAYER0_WEIGHTE_16_load : 1
		sext_ln102_34 : 1
		partial_17 : 2
		p_ZN18predecoder_weightsL13LAYER0_WEIGHTE_18_load : 1
		p_ZN18predecoder_weightsL13LAYER0_WEIGHTE_19_load : 1
		sext_ln102_40 : 1
		partial_20 : 2
	State 3
		sext_ln102_2 : 1
		partial_1 : 2
		sext_ln102_6 : 1
		partial_3 : 2
		p_ZN18predecoder_weightsL13LAYER0_WEIGHTE_4_load : 1
		p_ZN18predecoder_weightsL13LAYER0_WEIGHTE_5_load : 1
		sext_ln102_14 : 1
		partial_7 : 2
		sext_ln102_16 : 1
		partial_8 : 2
		p_ZN18predecoder_weightsL13LAYER0_WEIGHTE_10_load : 1
		sext_ln102_22 : 1
		partial_11 : 2
		p_ZN18predecoder_weightsL13LAYER0_WEIGHTE_12_load : 1
		p_ZN18predecoder_weightsL13LAYER0_WEIGHTE_13_load : 1
		sext_ln102_28 : 1
		partial_14 : 2
		sext_ln102_30 : 1
		partial_15 : 2
		sext_ln102_36 : 1
		partial_18 : 2
		p_ZN18predecoder_weightsL13LAYER0_WEIGHTE_25_load : 1
		p_ZN18predecoder_weightsL13LAYER0_WEIGHTE_26_load : 1
	State 4
		partial : 1
		sext_ln102_1 : 2
		sext_ln102_5 : 1
		sext_ln102_13 : 1
		partial_9 : 1
		sext_ln102_19 : 2
		sext_ln102_24 : 1
		partial_12 : 2
		partial_16 : 1
		sext_ln102_33 : 2
		sext_ln102_35 : 1
		partial_19 : 1
		sext_ln102_39 : 2
		sext_ln102_41 : 1
		p_ZN18predecoder_weightsL13LAYER0_WEIGHTE_21_load : 1
		p_ZN18predecoder_weightsL13LAYER0_WEIGHTE_22_load : 1
		p_ZN18predecoder_weightsL13LAYER0_WEIGHTE_24_load : 1
		sext_ln102_50 : 1
		partial_25 : 2
		sext_ln102_52 : 1
		partial_26 : 2
		add_ln112 : 3
		add_ln112_6 : 3
		add_ln112_14 : 3
		add_ln112_16 : 3
	State 5
		sext_ln102_3 : 1
		sext_ln102_7 : 1
		partial_4 : 1
		sext_ln102_9 : 2
		partial_5 : 1
		sext_ln102_11 : 2
		sext_ln102_15 : 1
		sext_ln102_17 : 1
		partial_10 : 1
		sext_ln102_21 : 2
		sext_ln102_23 : 1
		partial_13 : 1
		sext_ln102_27 : 2
		sext_ln102_29 : 1
		sext_ln102_31 : 1
		sext_ln102_37 : 1
		sext_ln102_44 : 1
		partial_22 : 2
		p_ZN18predecoder_weightsL13LAYER0_WEIGHTE_23_load : 1
		sext_ln102_48 : 1
		partial_24 : 2
		acc : 1
		add_ln112_1 : 2
		add_ln112_2 : 3
		add_ln112_4 : 3
		add_ln112_7 : 2
		add_ln112_9 : 3
		add_ln112_11 : 3
		sext_ln112_9 : 1
		add_ln112_15 : 2
		sext_ln112_11 : 1
		add_ln112_17 : 2
	State 6
		sext_ln102_25 : 1
		partial_21 : 1
		sext_ln102_43 : 2
		sext_ln102_51 : 1
		sext_ln106 : 1
		sext_ln112 : 1
		sext_ln112_3 : 1
		add_ln112_3 : 2
		sext_ln112_1 : 3
		sext_ln112_4 : 1
		add_ln112_5 : 4
		sext_ln112_5 : 1
		add_ln112_8 : 5
		sext_ln112_7 : 1
		add_ln112_12 : 2
		sext_ln112_10 : 1
		sext_ln112_12 : 1
		add_ln112_18 : 2
		add_ln112_23 : 3
		add_ln112_24 : 2
	State 7
		sext_ln102_45 : 1
		partial_23 : 1
		sext_ln102_47 : 2
		sext_ln102_49 : 1
		add_ln112_10 : 1
		sext_ln112_8 : 1
		add_ln112_13 : 2
		add_ln112_19 : 3
		add_ln112_20 : 4
		add_ln112_21 : 3
		sext_ln112_16 : 1
		add_ln112_25 : 2
		layer0_mult_load : 1
	State 8
		sext_ln112_14 : 1
		sext_ln112_15 : 1
		add_ln112_22 : 2
		acc_1 : 3
		tmp : 4
		trunc_ln116 : 4
		select_ln114 : 5
	State 9
		zext_ln116 : 1
		zext_ln116_1 : 1
		mul_ln116 : 2
	State 10
	State 11
	State 12
	State 13
		trunc_ln7 : 1
	State 14
		tmp_360 : 1
		icmp_ln120 : 2
		trunc_ln : 1
		select_ln121 : 3
	State 15
		store_ln121 : 1


============================================================
+ Verbose Summary: Datapath Resource usage 
============================================================

* Functional unit list:
|----------|-----------------------------------------|---------|---------|---------|
| Operation|             Functional Unit             |   DSP   |    FF   |   LUT   |
|----------|-----------------------------------------|---------|---------|---------|
|          |                grp_fu_734               |    13   |   441   |   249   |
|          |              partial_fu_930             |    0    |    0    |    40   |
|          |             partial_9_fu_942            |    0    |    0    |    40   |
|          |            partial_16_fu_958            |    0    |    0    |    40   |
|          |            partial_19_fu_970            |    0    |    0    |    40   |
|    mul   |             partial_4_fu_990            |    0    |    0    |    40   |
|          |            partial_5_fu_1002            |    0    |    0    |    40   |
|          |            partial_10_fu_1014           |    0    |    0    |    40   |
|          |            partial_13_fu_1026           |    0    |    0    |    40   |
|          |            partial_21_fu_1052           |    0    |    0    |    40   |
|          |            partial_23_fu_1117           |    0    |    0    |    40   |
|----------|-----------------------------------------|---------|---------|---------|
|          |             add_ln69_fu_860             |    0    |    0    |    12   |
|          |           add_ln112_3_fu_1071           |    0    |    0    |    24   |
|          |           add_ln112_5_fu_1084           |    0    |    0    |    18   |
|          |           add_ln112_8_fu_1093           |    0    |    0    |    19   |
|          |           add_ln112_18_fu_1108          |    0    |    0    |    25   |
|    add   |           add_ln112_10_fu_1132          |    0    |    0    |    26   |
|          |           add_ln112_13_fu_1141          |    0    |    0    |    20   |
|          |           add_ln112_19_fu_1150          |    0    |    0    |    20   |
|          |           add_ln112_25_fu_1159          |    0    |    0    |    24   |
|          |           add_ln112_22_fu_1170          |    0    |    0    |    20   |
|          |              acc_1_fu_1179              |    0    |    0    |    21   |
|          |             rounded_fu_1239             |    0    |    0    |    95   |
|----------|-----------------------------------------|---------|---------|---------|
|   icmp   |             icmp_ln69_fu_854            |    0    |    0    |    12   |
|          |            icmp_ln120_fu_1254           |    0    |    0    |    19   |
|----------|-----------------------------------------|---------|---------|---------|
|  select  |           select_ln114_fu_1197          |    0    |    0    |    20   |
|          |           select_ln121_fu_1270          |    0    |    0    |    8    |
|----------|-----------------------------------------|---------|---------|---------|
|          |               grp_fu_1278               |    1    |    0    |    0    |
|          |               grp_fu_1285               |    1    |    0    |    0    |
|          |               grp_fu_1292               |    1    |    0    |    0    |
|          |               grp_fu_1300               |    1    |    0    |    0    |
|          |               grp_fu_1308               |    1    |    0    |    0    |
|          |               grp_fu_1316               |    1    |    0    |    0    |
|          |               grp_fu_1324               |    1    |    0    |    0    |
|          |               grp_fu_1332               |    1    |    0    |    0    |
|  muladd  |               grp_fu_1340               |    1    |    0    |    0    |
|          |               grp_fu_1347               |    1    |    0    |    0    |
|          |               grp_fu_1355               |    1    |    0    |    0    |
|          |               grp_fu_1363               |    1    |    0    |    0    |
|          |               grp_fu_1371               |    1    |    0    |    0    |
|          |               grp_fu_1379               |    1    |    0    |    0    |
|          |               grp_fu_1387               |    1    |    0    |    0    |
|          |               grp_fu_1395               |    1    |    0    |    0    |
|          |               grp_fu_1403               |    1    |    0    |    0    |
|----------|-----------------------------------------|---------|---------|---------|
|          |        zext_ln69_read_read_fu_182       |    0    |    0    |    0    |
|          | window_1_0_load_8_cast_read_read_fu_188 |    0    |    0    |    0    |
|          |  window_0_load_8_cast_read_read_fu_194  |    0    |    0    |    0    |
|          | window_2_0_load_7_cast_read_read_fu_200 |    0    |    0    |    0    |
|          | window_1_0_load_7_cast_read_read_fu_206 |    0    |    0    |    0    |
|          |  window_0_load_7_cast_read_read_fu_212  |    0    |    0    |    0    |
|          | window_2_0_load_6_cast_read_read_fu_218 |    0    |    0    |    0    |
|          | window_1_0_load_6_cast_read_read_fu_224 |    0    |    0    |    0    |
|          |  window_0_load_6_cast_read_read_fu_230  |    0    |    0    |    0    |
|          | window_2_0_load_5_cast_read_read_fu_236 |    0    |    0    |    0    |
|          | window_1_0_load_5_cast_read_read_fu_242 |    0    |    0    |    0    |
|          |  window_0_load_5_cast_read_read_fu_248  |    0    |    0    |    0    |
|          | window_2_0_load_4_cast_read_read_fu_254 |    0    |    0    |    0    |
|   read   | window_1_0_load_4_cast_read_read_fu_260 |    0    |    0    |    0    |
|          |  window_0_load_4_cast_read_read_fu_266  |    0    |    0    |    0    |
|          | window_2_0_load_3_cast_read_read_fu_272 |    0    |    0    |    0    |
|          | window_1_0_load_3_cast_read_read_fu_278 |    0    |    0    |    0    |
|          |  window_0_load_3_cast_read_read_fu_284  |    0    |    0    |    0    |
|          | window_2_0_load_2_cast_read_read_fu_290 |    0    |    0    |    0    |
|          | window_1_0_load_2_cast_read_read_fu_296 |    0    |    0    |    0    |
|          |  window_0_load_2_cast_read_read_fu_302  |    0    |    0    |    0    |
|          | window_2_0_load_1_cast_read_read_fu_308 |    0    |    0    |    0    |
|          | window_1_0_load_1_cast_read_read_fu_314 |    0    |    0    |    0    |
|          |  window_0_load_1_cast_read_read_fu_320  |    0    |    0    |    0    |
|          |  window_2_0_load_cast_read_read_fu_326  |    0    |    0    |    0    |
|          |  window_1_0_load_cast_read_read_fu_332  |    0    |    0    |    0    |
|          |   window_0_load_cast_read_read_fu_338   |    0    |    0    |    0    |
|----------|-----------------------------------------|---------|---------|---------|
|          |          zext_ln69_cast_fu_738          |    0    |    0    |    0    |
|          |    window_1_0_load_8_cast_cast_fu_742   |    0    |    0    |    0    |
|          |     window_0_load_8_cast_cast_fu_746    |    0    |    0    |    0    |
|          |    window_2_0_load_7_cast_cast_fu_750   |    0    |    0    |    0    |
|          |    window_1_0_load_7_cast_cast_fu_754   |    0    |    0    |    0    |
|          |     window_0_load_7_cast_cast_fu_758    |    0    |    0    |    0    |
|          |    window_2_0_load_6_cast_cast_fu_762   |    0    |    0    |    0    |
|          |    window_1_0_load_6_cast_cast_fu_766   |    0    |    0    |    0    |
|          |     window_0_load_6_cast_cast_fu_770    |    0    |    0    |    0    |
|          |    window_2_0_load_5_cast_cast_fu_774   |    0    |    0    |    0    |
|          |    window_1_0_load_5_cast_cast_fu_778   |    0    |    0    |    0    |
|          |     window_0_load_5_cast_cast_fu_782    |    0    |    0    |    0    |
|          |    window_2_0_load_4_cast_cast_fu_786   |    0    |    0    |    0    |
|          |    window_1_0_load_4_cast_cast_fu_790   |    0    |    0    |    0    |
|   zext   |     window_0_load_4_cast_cast_fu_794    |    0    |    0    |    0    |
|          |    window_2_0_load_3_cast_cast_fu_798   |    0    |    0    |    0    |
|          |    window_1_0_load_3_cast_cast_fu_802   |    0    |    0    |    0    |
|          |     window_0_load_3_cast_cast_fu_806    |    0    |    0    |    0    |
|          |    window_2_0_load_2_cast_cast_fu_810   |    0    |    0    |    0    |
|          |    window_1_0_load_2_cast_cast_fu_814   |    0    |    0    |    0    |
|          |     window_0_load_2_cast_cast_fu_818    |    0    |    0    |    0    |
|          |    window_2_0_load_1_cast_cast_fu_822   |    0    |    0    |    0    |
|          |    window_1_0_load_1_cast_cast_fu_826   |    0    |    0    |    0    |
|          |     window_0_load_1_cast_cast_fu_830    |    0    |    0    |    0    |
|          |     window_2_0_load_cast_cast_fu_834    |    0    |    0    |    0    |
|          |     window_1_0_load_cast_cast_fu_838    |    0    |    0    |    0    |
|          |      window_0_load_cast_cast_fu_842     |    0    |    0    |    0    |
|          |            zext_ln69_1_fu_866           |    0    |    0    |    0    |
|          |            zext_ln116_fu_1219           |    0    |    0    |    0    |
|          |           zext_ln116_1_fu_1224          |    0    |    0    |    0    |
|----------|-----------------------------------------|---------|---------|---------|
|          |           sext_ln102_4_fu_879           |    0    |    0    |    0    |
|          |           sext_ln102_12_fu_883          |    0    |    0    |    0    |
|          |           sext_ln102_34_fu_887          |    0    |    0    |    0    |
|          |           sext_ln102_40_fu_891          |    0    |    0    |    0    |
|          |           sext_ln102_2_fu_895           |    0    |    0    |    0    |
|          |           sext_ln102_6_fu_899           |    0    |    0    |    0    |
|          |           sext_ln102_14_fu_903          |    0    |    0    |    0    |
|          |           sext_ln102_16_fu_907          |    0    |    0    |    0    |
|          |           sext_ln102_22_fu_911          |    0    |    0    |    0    |
|          |           sext_ln102_28_fu_915          |    0    |    0    |    0    |
|          |           sext_ln102_30_fu_919          |    0    |    0    |    0    |
|          |           sext_ln102_36_fu_923          |    0    |    0    |    0    |
|          |            sext_ln102_fu_927            |    0    |    0    |    0    |
|          |           sext_ln102_1_fu_935           |    0    |    0    |    0    |
|          |           sext_ln102_18_fu_939          |    0    |    0    |    0    |
|          |           sext_ln102_19_fu_947          |    0    |    0    |    0    |
|          |           sext_ln102_24_fu_951          |    0    |    0    |    0    |
|          |           sext_ln102_32_fu_955          |    0    |    0    |    0    |
|          |           sext_ln102_33_fu_963          |    0    |    0    |    0    |
|          |           sext_ln102_38_fu_967          |    0    |    0    |    0    |
|          |           sext_ln102_39_fu_975          |    0    |    0    |    0    |
|          |           sext_ln102_50_fu_979          |    0    |    0    |    0    |
|          |           sext_ln102_52_fu_983          |    0    |    0    |    0    |
|          |           sext_ln102_8_fu_987           |    0    |    0    |    0    |
|          |           sext_ln102_9_fu_995           |    0    |    0    |    0    |
|          |           sext_ln102_10_fu_999          |    0    |    0    |    0    |
|          |          sext_ln102_11_fu_1007          |    0    |    0    |    0    |
|   sext   |          sext_ln102_20_fu_1011          |    0    |    0    |    0    |
|          |          sext_ln102_21_fu_1019          |    0    |    0    |    0    |
|          |          sext_ln102_26_fu_1023          |    0    |    0    |    0    |
|          |          sext_ln102_27_fu_1031          |    0    |    0    |    0    |
|          |          sext_ln102_44_fu_1035          |    0    |    0    |    0    |
|          |          sext_ln102_48_fu_1039          |    0    |    0    |    0    |
|          |           sext_ln112_9_fu_1043          |    0    |    0    |    0    |
|          |          sext_ln112_11_fu_1046          |    0    |    0    |    0    |
|          |          sext_ln102_42_fu_1049          |    0    |    0    |    0    |
|          |          sext_ln102_43_fu_1057          |    0    |    0    |    0    |
|          |            sext_ln106_fu_1061           |    0    |    0    |    0    |
|          |            sext_ln112_fu_1065           |    0    |    0    |    0    |
|          |           sext_ln112_3_fu_1068          |    0    |    0    |    0    |
|          |           sext_ln112_1_fu_1077          |    0    |    0    |    0    |
|          |           sext_ln112_4_fu_1081          |    0    |    0    |    0    |
|          |           sext_ln112_5_fu_1090          |    0    |    0    |    0    |
|          |           sext_ln112_7_fu_1099          |    0    |    0    |    0    |
|          |          sext_ln112_10_fu_1102          |    0    |    0    |    0    |
|          |          sext_ln112_12_fu_1105          |    0    |    0    |    0    |
|          |          sext_ln102_46_fu_1114          |    0    |    0    |    0    |
|          |          sext_ln102_47_fu_1122          |    0    |    0    |    0    |
|          |           sext_ln112_2_fu_1126          |    0    |    0    |    0    |
|          |           sext_ln112_6_fu_1129          |    0    |    0    |    0    |
|          |           sext_ln112_8_fu_1138          |    0    |    0    |    0    |
|          |          sext_ln112_13_fu_1147          |    0    |    0    |    0    |
|          |          sext_ln112_16_fu_1156          |    0    |    0    |    0    |
|          |          sext_ln112_14_fu_1164          |    0    |    0    |    0    |
|          |          sext_ln112_15_fu_1167          |    0    |    0    |    0    |
|          |          sext_ln112_17_fu_1176          |    0    |    0    |    0    |
|----------|-----------------------------------------|---------|---------|---------|
| bitselect|               tmp_fu_1185               |    0    |    0    |    0    |
|----------|-----------------------------------------|---------|---------|---------|
|   trunc  |           trunc_ln116_fu_1193           |    0    |    0    |    0    |
|----------|-----------------------------------------|---------|---------|---------|
|bitconcatenate|              shl_ln_fu_1205             |    0    |    0    |    0    |
|          |           shl_ln116_1_fu_1212           |    0    |    0    |    0    |
|----------|-----------------------------------------|---------|---------|---------|
|          |            trunc_ln7_fu_1229            |    0    |    0    |    0    |
|partselect|             tmp_360_fu_1244             |    0    |    0    |    0    |
|          |             trunc_ln_fu_1260            |    0    |    0    |    0    |
|----------|-----------------------------------------|---------|---------|---------|
|   Total  |                                         |    30   |   441   |   1032  |
|----------|-----------------------------------------|---------|---------|---------|

Memories:
N/A

* Register list:
+----------------------------------------------------------+--------+
|                                                          |   FF   |
+----------------------------------------------------------+--------+
|                   add_ln112_18_reg_1947                  |   19   |
|                   add_ln112_19_reg_1957                  |   20   |
|                   add_ln112_25_reg_1962                  |   17   |
|                   add_ln112_6_reg_1902                   |   17   |
|                   add_ln112_8_reg_1932                   |   19   |
|                   add_ln112_9_reg_1937                   |   17   |
|                    add_ln112_reg_1897                    |   17   |
|                    icmp_ln69_reg_1553                    |    1   |
|                 layer0_mult_addr_reg_1967                |    4   |
|                 layer0_mult_load_reg_1977                |   41   |
|                        oc_reg_1411                       |    4   |
| p_ZN18predecoder_weightsL13LAYER0_WEIGHTE_0_addr_reg_1607|    4   |
| p_ZN18predecoder_weightsL13LAYER0_WEIGHTE_0_load_reg_1687|    8   |
|p_ZN18predecoder_weightsL13LAYER0_WEIGHTE_10_addr_reg_1727|    4   |
|p_ZN18predecoder_weightsL13LAYER0_WEIGHTE_10_load_reg_1802|    8   |
|p_ZN18predecoder_weightsL13LAYER0_WEIGHTE_11_addr_reg_1647|    4   |
|p_ZN18predecoder_weightsL13LAYER0_WEIGHTE_12_addr_reg_1737|    4   |
|p_ZN18predecoder_weightsL13LAYER0_WEIGHTE_13_addr_reg_1742|    4   |
|p_ZN18predecoder_weightsL13LAYER0_WEIGHTE_13_load_reg_1812|    8   |
|p_ZN18predecoder_weightsL13LAYER0_WEIGHTE_14_addr_reg_1652|    4   |
|p_ZN18predecoder_weightsL13LAYER0_WEIGHTE_15_addr_reg_1657|    4   |
|p_ZN18predecoder_weightsL13LAYER0_WEIGHTE_16_addr_reg_1662|    4   |
|p_ZN18predecoder_weightsL13LAYER0_WEIGHTE_16_load_reg_1757|    8   |
|p_ZN18predecoder_weightsL13LAYER0_WEIGHTE_17_addr_reg_1597|    4   |
|p_ZN18predecoder_weightsL13LAYER0_WEIGHTE_18_addr_reg_1672|    4   |
|p_ZN18predecoder_weightsL13LAYER0_WEIGHTE_19_addr_reg_1677|    4   |
|p_ZN18predecoder_weightsL13LAYER0_WEIGHTE_19_load_reg_1767|    8   |
| p_ZN18predecoder_weightsL13LAYER0_WEIGHTE_1_addr_reg_1612|    4   |
|p_ZN18predecoder_weightsL13LAYER0_WEIGHTE_20_addr_reg_1602|    4   |
|p_ZN18predecoder_weightsL13LAYER0_WEIGHTE_21_addr_reg_1827|    4   |
|p_ZN18predecoder_weightsL13LAYER0_WEIGHTE_21_load_reg_1872|    8   |
|p_ZN18predecoder_weightsL13LAYER0_WEIGHTE_22_addr_reg_1832|    4   |
|p_ZN18predecoder_weightsL13LAYER0_WEIGHTE_23_addr_reg_1882|    4   |
|p_ZN18predecoder_weightsL13LAYER0_WEIGHTE_23_load_reg_1922|    8   |
|p_ZN18predecoder_weightsL13LAYER0_WEIGHTE_24_addr_reg_1837|    4   |
|p_ZN18predecoder_weightsL13LAYER0_WEIGHTE_25_addr_reg_1772|    4   |
|p_ZN18predecoder_weightsL13LAYER0_WEIGHTE_26_addr_reg_1777|    4   |
| p_ZN18predecoder_weightsL13LAYER0_WEIGHTE_2_addr_reg_1587|    4   |
| p_ZN18predecoder_weightsL13LAYER0_WEIGHTE_3_addr_reg_1622|    4   |
| p_ZN18predecoder_weightsL13LAYER0_WEIGHTE_4_addr_reg_1702|    4   |
| p_ZN18predecoder_weightsL13LAYER0_WEIGHTE_4_load_reg_1787|    8   |
| p_ZN18predecoder_weightsL13LAYER0_WEIGHTE_5_addr_reg_1707|    4   |
| p_ZN18predecoder_weightsL13LAYER0_WEIGHTE_5_load_reg_1792|    8   |
| p_ZN18predecoder_weightsL13LAYER0_WEIGHTE_6_addr_reg_1592|    4   |
| p_ZN18predecoder_weightsL13LAYER0_WEIGHTE_7_addr_reg_1632|    4   |
| p_ZN18predecoder_weightsL13LAYER0_WEIGHTE_8_addr_reg_1637|    4   |
| p_ZN18predecoder_weightsL13LAYER0_WEIGHTE_9_addr_reg_1642|    4   |
| p_ZN18predecoder_weightsL13LAYER0_WEIGHTE_9_load_reg_1722|    8   |
|       predecoder_weights_LAYER0_BIAS_addr_reg_1892       |    4   |
|                   select_ln114_reg_1972                  |   20   |
|                   select_ln121_reg_1997                  |    8   |
|                  sext_ln102_11_reg_1857                  |   17   |
|                  sext_ln102_12_reg_1627                  |   14   |
|                  sext_ln102_14_reg_1712                  |   16   |
|                  sext_ln102_16_reg_1717                  |   16   |
|                  sext_ln102_19_reg_1797                  |   17   |
|                   sext_ln102_1_reg_1782                  |   17   |
|                  sext_ln102_21_reg_1862                  |   17   |
|                  sext_ln102_22_reg_1732                  |   16   |
|                  sext_ln102_24_reg_1807                  |   16   |
|                  sext_ln102_27_reg_1867                  |   17   |
|                  sext_ln102_28_reg_1747                  |   16   |
|                   sext_ln102_2_reg_1692                  |   16   |
|                  sext_ln102_30_reg_1752                  |   16   |
|                  sext_ln102_33_reg_1817                  |   17   |
|                  sext_ln102_34_reg_1667                  |   16   |
|                  sext_ln102_36_reg_1762                  |   16   |
|                  sext_ln102_39_reg_1822                  |   17   |
|                  sext_ln102_40_reg_1682                  |   15   |
|                  sext_ln102_43_reg_1917                  |   17   |
|                  sext_ln102_44_reg_1877                  |   16   |
|                  sext_ln102_47_reg_1952                  |   17   |
|                  sext_ln102_48_reg_1887                  |   16   |
|                   sext_ln102_4_reg_1617                  |   16   |
|                  sext_ln102_50_reg_1842                  |   15   |
|                  sext_ln102_52_reg_1847                  |   15   |
|                   sext_ln102_6_reg_1697                  |   15   |
|                   sext_ln102_9_reg_1852                  |   17   |
|                    sext_ln106_reg_1927                   |   15   |
|                  sext_ln112_11_reg_1912                  |   18   |
|                   sext_ln112_7_reg_1942                  |   18   |
|                   sext_ln112_9_reg_1907                  |   18   |
|                    trunc_ln7_reg_1992                    |   76   |
|            window_0_load_1_cast_cast_reg_1533            |   15   |
|            window_0_load_2_cast_cast_reg_1518            |   14   |
|            window_0_load_3_cast_cast_reg_1503            |   16   |
|            window_0_load_4_cast_cast_reg_1488            |   16   |
|            window_0_load_5_cast_cast_reg_1473            |   16   |
|            window_0_load_6_cast_cast_reg_1458            |   16   |
|            window_0_load_7_cast_cast_reg_1443            |   16   |
|            window_0_load_8_cast_cast_reg_1428            |   16   |
|             window_0_load_cast_cast_reg_1548             |   16   |
|           window_1_0_load_1_cast_cast_reg_1528           |   16   |
|           window_1_0_load_2_cast_cast_reg_1513           |   16   |
|           window_1_0_load_3_cast_cast_reg_1498           |   16   |
|           window_1_0_load_4_cast_cast_reg_1483           |   16   |
|           window_1_0_load_5_cast_cast_reg_1468           |   16   |
|           window_1_0_load_6_cast_cast_reg_1453           |   16   |
|           window_1_0_load_7_cast_cast_reg_1438           |   16   |
|           window_1_0_load_8_cast_cast_reg_1423           |   15   |
|            window_1_0_load_cast_cast_reg_1543            |   16   |
|           window_2_0_load_1_cast_cast_reg_1523           |   16   |
|           window_2_0_load_2_cast_cast_reg_1508           |   16   |
|           window_2_0_load_3_cast_cast_reg_1493           |   16   |
|           window_2_0_load_4_cast_cast_reg_1478           |   16   |
|           window_2_0_load_5_cast_cast_reg_1463           |   16   |
|           window_2_0_load_6_cast_cast_reg_1448           |   15   |
|           window_2_0_load_7_cast_cast_reg_1433           |   16   |
|            window_2_0_load_cast_cast_reg_1538            |   16   |
|                   zext_ln116_1_reg_1987                  |   132  |
|                    zext_ln116_reg_1982                   |   132  |
|                   zext_ln69_1_reg_1557                   |   64   |
|                  zext_ln69_cast_reg_1418                 |   15   |
+----------------------------------------------------------+--------+
|                           Total                          |  1731  |
+----------------------------------------------------------+--------+

* Multiplexer (MUX) list: 
|-------------------|------|------|------|--------||---------||---------|
|        Comp       |  Pin | Size |  BW  | S x BW ||  Delay  ||   LUT   |
|-------------------|------|------|------|--------||---------||---------|
| grp_access_fu_351 |  p0  |   2  |   4  |    8   ||    9    |
| grp_access_fu_364 |  p0  |   2  |   4  |    8   ||    9    |
| grp_access_fu_377 |  p0  |   2  |   4  |    8   ||    9    |
| grp_access_fu_390 |  p0  |   2  |   4  |    8   ||    9    |
| grp_access_fu_403 |  p0  |   2  |   4  |    8   ||    9    |
| grp_access_fu_416 |  p0  |   2  |   4  |    8   ||    9    |
| grp_access_fu_429 |  p0  |   2  |   4  |    8   ||    9    |
| grp_access_fu_442 |  p0  |   2  |   4  |    8   ||    9    |
| grp_access_fu_455 |  p0  |   2  |   4  |    8   ||    9    |
| grp_access_fu_468 |  p0  |   2  |   4  |    8   ||    9    |
| grp_access_fu_481 |  p0  |   2  |   4  |    8   ||    9    |
| grp_access_fu_494 |  p0  |   2  |   4  |    8   ||    9    |
| grp_access_fu_507 |  p0  |   2  |   4  |    8   ||    9    |
| grp_access_fu_520 |  p0  |   2  |   4  |    8   ||    9    |
| grp_access_fu_533 |  p0  |   2  |   4  |    8   ||    9    |
| grp_access_fu_546 |  p0  |   2  |   4  |    8   ||    9    |
| grp_access_fu_559 |  p0  |   2  |   4  |    8   ||    9    |
| grp_access_fu_572 |  p0  |   2  |   4  |    8   ||    9    |
| grp_access_fu_585 |  p0  |   2  |   4  |    8   ||    9    |
| grp_access_fu_598 |  p0  |   2  |   4  |    8   ||    9    |
| grp_access_fu_611 |  p0  |   2  |   4  |    8   ||    9    |
| grp_access_fu_624 |  p0  |   2  |   4  |    8   ||    9    |
| grp_access_fu_637 |  p0  |   2  |   4  |    8   ||    9    |
| grp_access_fu_650 |  p0  |   2  |   4  |    8   ||    9    |
| grp_access_fu_663 |  p0  |   2  |   4  |    8   ||    9    |
| grp_access_fu_676 |  p0  |   2  |   4  |    8   ||    9    |
| grp_access_fu_689 |  p0  |   2  |   4  |    8   ||    9    |
| grp_access_fu_702 |  p0  |   2  |   4  |    8   ||    9    |
| grp_access_fu_715 |  p0  |   2  |   4  |    8   ||    9    |
|     grp_fu_734    |  p0  |   2  |  76  |   152  ||    9    |
|     grp_fu_734    |  p1  |   2  |  57  |   114  ||    9    |
|    grp_fu_1278    |  p0  |   3  |   8  |   24   ||    14   |
|    grp_fu_1285    |  p0  |   2  |   8  |   16   ||    9    |
|    grp_fu_1285    |  p1  |   2  |   6  |   12   ||    9    |
|    grp_fu_1292    |  p0  |   3  |   8  |   24   ||    14   |
|    grp_fu_1300    |  p0  |   2  |   8  |   16   ||    9    |
|    grp_fu_1300    |  p1  |   2  |   7  |   14   ||    9    |
|    grp_fu_1308    |  p0  |   3  |   8  |   24   ||    14   |
|    grp_fu_1316    |  p0  |   2  |   8  |   16   ||    9    |
|    grp_fu_1316    |  p1  |   2  |   7  |   14   ||    9    |
|    grp_fu_1324    |  p0  |   3  |   8  |   24   ||    14   |
|    grp_fu_1332    |  p0  |   3  |   8  |   24   ||    14   |
|    grp_fu_1340    |  p0  |   3  |   8  |   24   ||    14   |
|    grp_fu_1347    |  p0  |   3  |   8  |   24   ||    14   |
|    grp_fu_1355    |  p0  |   3  |   8  |   24   ||    14   |
|    grp_fu_1363    |  p0  |   3  |   8  |   24   ||    14   |
|    grp_fu_1371    |  p0  |   3  |   8  |   24   ||    14   |
|    grp_fu_1379    |  p0  |   2  |   8  |   16   ||    9    |
|    grp_fu_1379    |  p1  |   2  |   7  |   14   ||    9    |
|    grp_fu_1387    |  p1  |   3  |   7  |   21   ||    14   |
|    grp_fu_1395    |  p0  |   3  |   8  |   24   ||    14   |
|    grp_fu_1403    |  p0  |   3  |   8  |   24   ||    14   |
|-------------------|------|------|------|--------||---------||---------|
|       Total       |      |      |      |   925  || 20.5511 ||   533   |
|-------------------|------|------|------|--------||---------||---------|



* Summary:
+-----------+--------+--------+--------+--------+
|           |   DSP  |  Delay |   FF   |   LUT  |
+-----------+--------+--------+--------+--------+
|  Function |   30   |    -   |   441  |  1032  |
|   Memory  |    -   |    -   |    -   |    -   |
|Multiplexer|    -   |   20   |    -   |   533  |
|  Register |    -   |    -   |  1731  |    -   |
+-----------+--------+--------+--------+--------+
|   Total   |   30   |   20   |  2172  |  1565  |
+-----------+--------+--------+--------+--------+
