

================================================================
== Vitis HLS Report for 'conv3d_hidden_layer_12_Pipeline_VITIS_LOOP_46_1_VITIS_LOOP_47_2'
================================================================
* Date:           Thu Sep  3 17:10:52 2026

* Version:        2023.2 (Build 4023990 on Oct 11 2023)
* Project:        predecoder_csynth_proj
* Solution:       solution1 (Vitis Kernel Flow Target)
* Product family: virtexuplusHBM
* Target device:  xcu55c-fsvh2892-2L-e


================================================================
== Performance Estimates
================================================================
+ Timing: 
    * Summary: 
    +--------+---------+----------+------------+
    |  Clock |  Target | Estimated| Uncertainty|
    +--------+---------+----------+------------+
    |ap_clk  |  3.33 ns|  2.188 ns|     0.90 ns|
    +--------+---------+----------+------------+

+ Latency: 
    * Summary: 
    +---------+---------+----------+----------+-----+-----+---------+
    |  Latency (cycles) |  Latency (absolute) |  Interval | Pipeline|
    |   min   |   max   |    min   |    max   | min | max |   Type  |
    +---------+---------+----------+----------+-----+-----+---------+
    |       38|       38|  0.127 us|  0.127 us|   38|   38|       no|
    +---------+---------+----------+----------+-----+-----+---------+

    + Detail: 
        * Instance: 
        N/A

        * Loop: 
        +-----------------------------------+---------+---------+----------+-----------+-----------+------+----------+
        |                                   |  Latency (cycles) | Iteration|  Initiation Interval  | Trip |          |
        |             Loop Name             |   min   |   max   |  Latency |  achieved |   target  | Count| Pipelined|
        +-----------------------------------+---------+---------+----------+-----------+-----------+------+----------+
        |- VITIS_LOOP_46_1_VITIS_LOOP_47_2  |       36|       36|         2|          1|          1|    36|       yes|
        +-----------------------------------+---------+---------+----------+-----------+-----------+------+----------+



================================================================
== Utilization Estimates
================================================================
* Summary: 
+---------------------+---------+------+---------+---------+-----+
|         Name        | BRAM_18K|  DSP |    FF   |   LUT   | URAM|
+---------------------+---------+------+---------+---------+-----+
|DSP                  |        -|     -|        -|        -|    -|
|Expression           |        -|     -|        0|       66|    -|
|FIFO                 |        -|     -|        -|        -|    -|
|Instance             |        -|     -|        -|        -|    -|
|Memory               |        -|     -|        -|        -|    -|
|Multiplexer          |        -|     -|        -|       63|    -|
|Register             |        -|     -|       15|        -|    -|
+---------------------+---------+------+---------+---------+-----+
|Total                |        0|     0|       15|      129|    0|
+---------------------+---------+------+---------+---------+-----+
|Available SLR        |     1344|  3008|   869120|   434560|  320|
+---------------------+---------+------+---------+---------+-----+
|Utilization SLR (%)  |        0|     0|       ~0|       ~0|    0|
+---------------------+---------+------+---------+---------+-----+
|Available            |     4032|  9024|  2607360|  1303680|  960|
+---------------------+---------+------+---------+---------+-----+
|Utilization (%)      |        0|     0|       ~0|       ~0|    0|
+---------------------+---------+------+---------+---------+-----+

+ Detail: 
    * Instance: 
    N/A

    * DSP: 
    N/A

    * Memory: 
    N/A

    * FIFO: 
    N/A

    * Expression: 
    +---------------------------+----------+----+---+----+------------+------------+
    |       Variable Name       | Operation| DSP| FF| LUT| Bitwidth P0| Bitwidth P1|
    +---------------------------+----------+----+---+----+------------+------------+
    |add_ln46_2_fu_3388_p2      |         +|   0|  0|  13|           6|           1|
    |add_ln46_fu_3405_p2        |         +|   0|  0|  10|           3|           1|
    |add_ln47_fu_3983_p2        |         +|   0|  0|  10|           3|           1|
    |ap_block_pp0_stage0_11001  |       and|   0|  0|   2|           1|           1|
    |icmp_ln46_fu_3382_p2       |      icmp|   0|  0|  13|           6|           6|
    |icmp_ln47_fu_3411_p2       |      icmp|   0|  0|  10|           3|           3|
    |select_ln46_2_fu_3425_p3   |    select|   0|  0|   3|           1|           3|
    |select_ln46_fu_3417_p3     |    select|   0|  0|   3|           1|           1|
    |ap_enable_pp0              |       xor|   0|  0|   2|           1|           2|
    +---------------------------+----------+----+---+----+------------+------------+
    |Total                      |          |   0|  0|  66|          25|          19|
    +---------------------------+----------+----+---+----+------------+------------+

    * Multiplexer: 
    +----------------------------------------+----+-----------+-----+-----------+
    |                  Name                  | LUT| Input Size| Bits| Total Bits|
    +----------------------------------------+----+-----------+-----+-----------+
    |ap_done_int                             |   9|          2|    1|          2|
    |ap_enable_reg_pp0_iter1                 |   9|          2|    1|          2|
    |ap_sig_allocacmp_indvar_flatten40_load  |   9|          2|    6|         12|
    |indvar_flatten40_fu_540                 |   9|          2|    6|         12|
    |s1_blk_n                                |   9|          2|    1|          2|
    |x_7_fu_532                              |   9|          2|    3|          6|
    |y_fu_536                                |   9|          2|    3|          6|
    +----------------------------------------+----+-----------+-----+-----------+
    |Total                                   |  63|         14|   21|         42|
    +----------------------------------------+----+-----------+-----+-----------+

    * Register: 
    +-------------------------+---+----+-----+-----------+
    |           Name          | FF| LUT| Bits| Const Bits|
    +-------------------------+---+----+-----+-----------+
    |ap_CS_fsm                |  1|   0|    1|          0|
    |ap_done_reg              |  1|   0|    1|          0|
    |ap_enable_reg_pp0_iter1  |  1|   0|    1|          0|
    |indvar_flatten40_fu_540  |  6|   0|    6|          0|
    |x_7_fu_532               |  3|   0|    3|          0|
    |y_fu_536                 |  3|   0|    3|          0|
    +-------------------------+---+----+-----+-----------+
    |Total                    | 15|   0|   15|          0|
    +-------------------------+---+----+-----+-----------+



================================================================
== Interface
================================================================
* Summary: 
+-------------------+-----+-----+------------+------------------------------------------------------------------+--------------+
|     RTL Ports     | Dir | Bits|  Protocol  |                           Source Object                          |    C Type    |
+-------------------+-----+-----+------------+------------------------------------------------------------------+--------------+
|ap_clk             |   in|    1|  ap_ctrl_hs|  conv3d_hidden_layer<12>_Pipeline_VITIS_LOOP_46_1_VITIS_LOOP_47_2|  return value|
|ap_rst             |   in|    1|  ap_ctrl_hs|  conv3d_hidden_layer<12>_Pipeline_VITIS_LOOP_46_1_VITIS_LOOP_47_2|  return value|
|ap_start           |   in|    1|  ap_ctrl_hs|  conv3d_hidden_layer<12>_Pipeline_VITIS_LOOP_46_1_VITIS_LOOP_47_2|  return value|
|ap_done            |  out|    1|  ap_ctrl_hs|  conv3d_hidden_layer<12>_Pipeline_VITIS_LOOP_46_1_VITIS_LOOP_47_2|  return value|
|ap_idle            |  out|    1|  ap_ctrl_hs|  conv3d_hidden_layer<12>_Pipeline_VITIS_LOOP_46_1_VITIS_LOOP_47_2|  return value|
|ap_ready           |  out|    1|  ap_ctrl_hs|  conv3d_hidden_layer<12>_Pipeline_VITIS_LOOP_46_1_VITIS_LOOP_47_2|  return value|
|s1_dout            |   in|   96|     ap_fifo|                                                                s1|       pointer|
|s1_num_data_valid  |   in|    4|     ap_fifo|                                                                s1|       pointer|
|s1_fifo_cap        |   in|    4|     ap_fifo|                                                                s1|       pointer|
|s1_empty_n         |   in|    1|     ap_fifo|                                                                s1|       pointer|
|s1_read            |  out|    1|     ap_fifo|                                                                s1|       pointer|
|fb_address0        |  out|    3|   ap_memory|                                                                fb|         array|
|fb_ce0             |  out|    1|   ap_memory|                                                                fb|         array|
|fb_we0             |  out|    1|   ap_memory|                                                                fb|         array|
|fb_d0              |  out|    8|   ap_memory|                                                                fb|         array|
|fb_216_address0    |  out|    3|   ap_memory|                                                            fb_216|         array|
|fb_216_ce0         |  out|    1|   ap_memory|                                                            fb_216|         array|
|fb_216_we0         |  out|    1|   ap_memory|                                                            fb_216|         array|
|fb_216_d0          |  out|    8|   ap_memory|                                                            fb_216|         array|
|fb_217_address0    |  out|    3|   ap_memory|                                                            fb_217|         array|
|fb_217_ce0         |  out|    1|   ap_memory|                                                            fb_217|         array|
|fb_217_we0         |  out|    1|   ap_memory|                                                            fb_217|         array|
|fb_217_d0          |  out|    8|   ap_memory|                                                            fb_217|         array|
|fb_218_address0    |  out|    3|   ap_memory|                                                            fb_218|         array|
|fb_218_ce0         |  out|    1|   ap_memory|                                                            fb_218|         array|
|fb_218_we0         |  out|    1|   ap_memory|                                                            fb_218|         array|
|fb_218_d0          |  out|    8|   ap_memory|                                                            fb_218|         array|
|fb_219_address0    |  out|    3|   ap_memory|                                                            fb_219|         array|
|fb_219_ce0         |  out|    1|   ap_memory|                                                            fb_219|         array|
|fb_219_we0         |  out|    1|   ap_memory|                                                            fb_219|         array|
|fb_219_d0          |  out|    8|   ap_memory|                                                            fb_219|         array|
|fb_220_address0    |  out|    3|   ap_memory|                                                            fb_220|         array|
|fb_220_ce0         |  out|    1|   ap_memory|                                                            fb_220|         array|
|fb_220_we0         |  out|    1|   ap_memory|                                                            fb_220|         array|
|fb_220_d0          |  out|    8|   ap_memory|                                                            fb_220|         array|
|fb_221_address0    |  out|    3|   ap_memory|                                                            fb_221|         array|
|fb_221_ce0         |  out|    1|   ap_memory|                                                            fb_221|         array|
|fb_221_we0         |  out|    1|   ap_memory|                                                            fb_221|         array|
|fb_221_d0          |  out|    8|   ap_memory|                                                            fb_221|         array|
|fb_222_address0    |  out|    3|   ap_memory|                                                            fb_222|         array|
|fb_222_ce0         |  out|    1|   ap_memory|                                                            fb_222|         array|
|fb_222_we0         |  out|    1|   ap_memory|                                                            fb_222|         array|
|fb_222_d0          |  out|    8|   ap_memory|                                                            fb_222|         array|
|fb_223_address0    |  out|    3|   ap_memory|                                                            fb_223|         array|
|fb_223_ce0         |  out|    1|   ap_memory|                                                            fb_223|         array|
|fb_223_we0         |  out|    1|   ap_memory|                                                            fb_223|         array|
|fb_223_d0          |  out|    8|   ap_memory|                                                            fb_223|         array|
|fb_224_address0    |  out|    3|   ap_memory|                                                            fb_224|         array|
|fb_224_ce0         |  out|    1|   ap_memory|                                                            fb_224|         array|
|fb_224_we0         |  out|    1|   ap_memory|                                                            fb_224|         array|
|fb_224_d0          |  out|    8|   ap_memory|                                                            fb_224|         array|
|fb_225_address0    |  out|    3|   ap_memory|                                                            fb_225|         array|
|fb_225_ce0         |  out|    1|   ap_memory|                                                            fb_225|         array|
|fb_225_we0         |  out|    1|   ap_memory|                                                            fb_225|         array|
|fb_225_d0          |  out|    8|   ap_memory|                                                            fb_225|         array|
|fb_226_address0    |  out|    3|   ap_memory|                                                            fb_226|         array|
|fb_226_ce0         |  out|    1|   ap_memory|                                                            fb_226|         array|
|fb_226_we0         |  out|    1|   ap_memory|                                                            fb_226|         array|
|fb_226_d0          |  out|    8|   ap_memory|                                                            fb_226|         array|
|fb_227_address0    |  out|    3|   ap_memory|                                                            fb_227|         array|
|fb_227_ce0         |  out|    1|   ap_memory|                                                            fb_227|         array|
|fb_227_we0         |  out|    1|   ap_memory|                                                            fb_227|         array|
|fb_227_d0          |  out|    8|   ap_memory|                                                            fb_227|         array|
|fb_228_address0    |  out|    3|   ap_memory|                                                            fb_228|         array|
|fb_228_ce0         |  out|    1|   ap_memory|                                                            fb_228|         array|
|fb_228_we0         |  out|    1|   ap_memory|                                                            fb_228|         array|
|fb_228_d0          |  out|    8|   ap_memory|                                                            fb_228|         array|
|fb_229_address0    |  out|    3|   ap_memory|                                                            fb_229|         array|
|fb_229_ce0         |  out|    1|   ap_memory|                                                            fb_229|         array|
|fb_229_we0         |  out|    1|   ap_memory|                                                            fb_229|         array|
|fb_229_d0          |  out|    8|   ap_memory|                                                            fb_229|         array|
|fb_230_address0    |  out|    3|   ap_memory|                                                            fb_230|         array|
|fb_230_ce0         |  out|    1|   ap_memory|                                                            fb_230|         array|
|fb_230_we0         |  out|    1|   ap_memory|                                                            fb_230|         array|
|fb_230_d0          |  out|    8|   ap_memory|                                                            fb_230|         array|
|fb_231_address0    |  out|    3|   ap_memory|                                                            fb_231|         array|
|fb_231_ce0         |  out|    1|   ap_memory|                                                            fb_231|         array|
|fb_231_we0         |  out|    1|   ap_memory|                                                            fb_231|         array|
|fb_231_d0          |  out|    8|   ap_memory|                                                            fb_231|         array|
|fb_232_address0    |  out|    3|   ap_memory|                                                            fb_232|         array|
|fb_232_ce0         |  out|    1|   ap_memory|                                                            fb_232|         array|
|fb_232_we0         |  out|    1|   ap_memory|                                                            fb_232|         array|
|fb_232_d0          |  out|    8|   ap_memory|                                                            fb_232|         array|
|fb_233_address0    |  out|    3|   ap_memory|                                                            fb_233|         array|
|fb_233_ce0         |  out|    1|   ap_memory|                                                            fb_233|         array|
|fb_233_we0         |  out|    1|   ap_memory|                                                            fb_233|         array|
|fb_233_d0          |  out|    8|   ap_memory|                                                            fb_233|         array|
|fb_234_address0    |  out|    3|   ap_memory|                                                            fb_234|         array|
|fb_234_ce0         |  out|    1|   ap_memory|                                                            fb_234|         array|
|fb_234_we0         |  out|    1|   ap_memory|                                                            fb_234|         array|
|fb_234_d0          |  out|    8|   ap_memory|                                                            fb_234|         array|
|fb_235_address0    |  out|    3|   ap_memory|                                                            fb_235|         array|
|fb_235_ce0         |  out|    1|   ap_memory|                                                            fb_235|         array|
|fb_235_we0         |  out|    1|   ap_memory|                                                            fb_235|         array|
|fb_235_d0          |  out|    8|   ap_memory|                                                            fb_235|         array|
|fb_236_address0    |  out|    3|   ap_memory|                                                            fb_236|         array|
|fb_236_ce0         |  out|    1|   ap_memory|                                                            fb_236|         array|
|fb_236_we0         |  out|    1|   ap_memory|                                                            fb_236|         array|
|fb_236_d0          |  out|    8|   ap_memory|                                                            fb_236|         array|
|fb_237_address0    |  out|    3|   ap_memory|                                                            fb_237|         array|
|fb_237_ce0         |  out|    1|   ap_memory|                                                            fb_237|         array|
|fb_237_we0         |  out|    1|   ap_memory|                                                            fb_237|         array|
|fb_237_d0          |  out|    8|   ap_memory|                                                            fb_237|         array|
|fb_238_address0    |  out|    3|   ap_memory|                                                            fb_238|         array|
|fb_238_ce0         |  out|    1|   ap_memory|                                                            fb_238|         array|
|fb_238_we0         |  out|    1|   ap_memory|                                                            fb_238|         array|
|fb_238_d0          |  out|    8|   ap_memory|                                                            fb_238|         array|
|fb_239_address0    |  out|    3|   ap_memory|                                                            fb_239|         array|
|fb_239_ce0         |  out|    1|   ap_memory|                                                            fb_239|         array|
|fb_239_we0         |  out|    1|   ap_memory|                                                            fb_239|         array|
|fb_239_d0          |  out|    8|   ap_memory|                                                            fb_239|         array|
|fb_240_address0    |  out|    3|   ap_memory|                                                            fb_240|         array|
|fb_240_ce0         |  out|    1|   ap_memory|                                                            fb_240|         array|
|fb_240_we0         |  out|    1|   ap_memory|                                                            fb_240|         array|
|fb_240_d0          |  out|    8|   ap_memory|                                                            fb_240|         array|
|fb_241_address0    |  out|    3|   ap_memory|                                                            fb_241|         array|
|fb_241_ce0         |  out|    1|   ap_memory|                                                            fb_241|         array|
|fb_241_we0         |  out|    1|   ap_memory|                                                            fb_241|         array|
|fb_241_d0          |  out|    8|   ap_memory|                                                            fb_241|         array|
|fb_242_address0    |  out|    3|   ap_memory|                                                            fb_242|         array|
|fb_242_ce0         |  out|    1|   ap_memory|                                                            fb_242|         array|
|fb_242_we0         |  out|    1|   ap_memory|                                                            fb_242|         array|
|fb_242_d0          |  out|    8|   ap_memory|                                                            fb_242|         array|
|fb_243_address0    |  out|    3|   ap_memory|                                                            fb_243|         array|
|fb_243_ce0         |  out|    1|   ap_memory|                                                            fb_243|         array|
|fb_243_we0         |  out|    1|   ap_memory|                                                            fb_243|         array|
|fb_243_d0          |  out|    8|   ap_memory|                                                            fb_243|         array|
|fb_244_address0    |  out|    3|   ap_memory|                                                            fb_244|         array|
|fb_244_ce0         |  out|    1|   ap_memory|                                                            fb_244|         array|
|fb_244_we0         |  out|    1|   ap_memory|                                                            fb_244|         array|
|fb_244_d0          |  out|    8|   ap_memory|                                                            fb_244|         array|
|fb_245_address0    |  out|    3|   ap_memory|                                                            fb_245|         array|
|fb_245_ce0         |  out|    1|   ap_memory|                                                            fb_245|         array|
|fb_245_we0         |  out|    1|   ap_memory|                                                            fb_245|         array|
|fb_245_d0          |  out|    8|   ap_memory|                                                            fb_245|         array|
|fb_246_address0    |  out|    3|   ap_memory|                                                            fb_246|         array|
|fb_246_ce0         |  out|    1|   ap_memory|                                                            fb_246|         array|
|fb_246_we0         |  out|    1|   ap_memory|                                                            fb_246|         array|
|fb_246_d0          |  out|    8|   ap_memory|                                                            fb_246|         array|
|fb_247_address0    |  out|    3|   ap_memory|                                                            fb_247|         array|
|fb_247_ce0         |  out|    1|   ap_memory|                                                            fb_247|         array|
|fb_247_we0         |  out|    1|   ap_memory|                                                            fb_247|         array|
|fb_247_d0          |  out|    8|   ap_memory|                                                            fb_247|         array|
|fb_248_address0    |  out|    3|   ap_memory|                                                            fb_248|         array|
|fb_248_ce0         |  out|    1|   ap_memory|                                                            fb_248|         array|
|fb_248_we0         |  out|    1|   ap_memory|                                                            fb_248|         array|
|fb_248_d0          |  out|    8|   ap_memory|                                                            fb_248|         array|
|fb_249_address0    |  out|    3|   ap_memory|                                                            fb_249|         array|
|fb_249_ce0         |  out|    1|   ap_memory|                                                            fb_249|         array|
|fb_249_we0         |  out|    1|   ap_memory|                                                            fb_249|         array|
|fb_249_d0          |  out|    8|   ap_memory|                                                            fb_249|         array|
|fb_250_address0    |  out|    3|   ap_memory|                                                            fb_250|         array|
|fb_250_ce0         |  out|    1|   ap_memory|                                                            fb_250|         array|
|fb_250_we0         |  out|    1|   ap_memory|                                                            fb_250|         array|
|fb_250_d0          |  out|    8|   ap_memory|                                                            fb_250|         array|
|fb_251_address0    |  out|    3|   ap_memory|                                                            fb_251|         array|
|fb_251_ce0         |  out|    1|   ap_memory|                                                            fb_251|         array|
|fb_251_we0         |  out|    1|   ap_memory|                                                            fb_251|         array|
|fb_251_d0          |  out|    8|   ap_memory|                                                            fb_251|         array|
|fb_252_address0    |  out|    3|   ap_memory|                                                            fb_252|         array|
|fb_252_ce0         |  out|    1|   ap_memory|                                                            fb_252|         array|
|fb_252_we0         |  out|    1|   ap_memory|                                                            fb_252|         array|
|fb_252_d0          |  out|    8|   ap_memory|                                                            fb_252|         array|
|fb_253_address0    |  out|    3|   ap_memory|                                                            fb_253|         array|
|fb_253_ce0         |  out|    1|   ap_memory|                                                            fb_253|         array|
|fb_253_we0         |  out|    1|   ap_memory|                                                            fb_253|         array|
|fb_253_d0          |  out|    8|   ap_memory|                                                            fb_253|         array|
|fb_254_address0    |  out|    3|   ap_memory|                                                            fb_254|         array|
|fb_254_ce0         |  out|    1|   ap_memory|                                                            fb_254|         array|
|fb_254_we0         |  out|    1|   ap_memory|                                                            fb_254|         array|
|fb_254_d0          |  out|    8|   ap_memory|                                                            fb_254|         array|
|fb_255_address0    |  out|    3|   ap_memory|                                                            fb_255|         array|
|fb_255_ce0         |  out|    1|   ap_memory|                                                            fb_255|         array|
|fb_255_we0         |  out|    1|   ap_memory|                                                            fb_255|         array|
|fb_255_d0          |  out|    8|   ap_memory|                                                            fb_255|         array|
|fb_256_address0    |  out|    3|   ap_memory|                                                            fb_256|         array|
|fb_256_ce0         |  out|    1|   ap_memory|                                                            fb_256|         array|
|fb_256_we0         |  out|    1|   ap_memory|                                                            fb_256|         array|
|fb_256_d0          |  out|    8|   ap_memory|                                                            fb_256|         array|
|fb_257_address0    |  out|    3|   ap_memory|                                                            fb_257|         array|
|fb_257_ce0         |  out|    1|   ap_memory|                                                            fb_257|         array|
|fb_257_we0         |  out|    1|   ap_memory|                                                            fb_257|         array|
|fb_257_d0          |  out|    8|   ap_memory|                                                            fb_257|         array|
|fb_258_address0    |  out|    3|   ap_memory|                                                            fb_258|         array|
|fb_258_ce0         |  out|    1|   ap_memory|                                                            fb_258|         array|
|fb_258_we0         |  out|    1|   ap_memory|                                                            fb_258|         array|
|fb_258_d0          |  out|    8|   ap_memory|                                                            fb_258|         array|
|fb_259_address0    |  out|    3|   ap_memory|                                                            fb_259|         array|
|fb_259_ce0         |  out|    1|   ap_memory|                                                            fb_259|         array|
|fb_259_we0         |  out|    1|   ap_memory|                                                            fb_259|         array|
|fb_259_d0          |  out|    8|   ap_memory|                                                            fb_259|         array|
|fb_260_address0    |  out|    3|   ap_memory|                                                            fb_260|         array|
|fb_260_ce0         |  out|    1|   ap_memory|                                                            fb_260|         array|
|fb_260_we0         |  out|    1|   ap_memory|                                                            fb_260|         array|
|fb_260_d0          |  out|    8|   ap_memory|                                                            fb_260|         array|
|fb_261_address0    |  out|    3|   ap_memory|                                                            fb_261|         array|
|fb_261_ce0         |  out|    1|   ap_memory|                                                            fb_261|         array|
|fb_261_we0         |  out|    1|   ap_memory|                                                            fb_261|         array|
|fb_261_d0          |  out|    8|   ap_memory|                                                            fb_261|         array|
|fb_262_address0    |  out|    3|   ap_memory|                                                            fb_262|         array|
|fb_262_ce0         |  out|    1|   ap_memory|                                                            fb_262|         array|
|fb_262_we0         |  out|    1|   ap_memory|                                                            fb_262|         array|
|fb_262_d0          |  out|    8|   ap_memory|                                                            fb_262|         array|
|fb_263_address0    |  out|    3|   ap_memory|                                                            fb_263|         array|
|fb_263_ce0         |  out|    1|   ap_memory|                                                            fb_263|         array|
|fb_263_we0         |  out|    1|   ap_memory|                                                            fb_263|         array|
|fb_263_d0          |  out|    8|   ap_memory|                                                            fb_263|         array|
|fb_264_address0    |  out|    3|   ap_memory|                                                            fb_264|         array|
|fb_264_ce0         |  out|    1|   ap_memory|                                                            fb_264|         array|
|fb_264_we0         |  out|    1|   ap_memory|                                                            fb_264|         array|
|fb_264_d0          |  out|    8|   ap_memory|                                                            fb_264|         array|
|fb_265_address0    |  out|    3|   ap_memory|                                                            fb_265|         array|
|fb_265_ce0         |  out|    1|   ap_memory|                                                            fb_265|         array|
|fb_265_we0         |  out|    1|   ap_memory|                                                            fb_265|         array|
|fb_265_d0          |  out|    8|   ap_memory|                                                            fb_265|         array|
|fb_266_address0    |  out|    3|   ap_memory|                                                            fb_266|         array|
|fb_266_ce0         |  out|    1|   ap_memory|                                                            fb_266|         array|
|fb_266_we0         |  out|    1|   ap_memory|                                                            fb_266|         array|
|fb_266_d0          |  out|    8|   ap_memory|                                                            fb_266|         array|
|fb_267_address0    |  out|    3|   ap_memory|                                                            fb_267|         array|
|fb_267_ce0         |  out|    1|   ap_memory|                                                            fb_267|         array|
|fb_267_we0         |  out|    1|   ap_memory|                                                            fb_267|         array|
|fb_267_d0          |  out|    8|   ap_memory|                                                            fb_267|         array|
|fb_268_address0    |  out|    3|   ap_memory|                                                            fb_268|         array|
|fb_268_ce0         |  out|    1|   ap_memory|                                                            fb_268|         array|
|fb_268_we0         |  out|    1|   ap_memory|                                                            fb_268|         array|
|fb_268_d0          |  out|    8|   ap_memory|                                                            fb_268|         array|
|fb_269_address0    |  out|    3|   ap_memory|                                                            fb_269|         array|
|fb_269_ce0         |  out|    1|   ap_memory|                                                            fb_269|         array|
|fb_269_we0         |  out|    1|   ap_memory|                                                            fb_269|         array|
|fb_269_d0          |  out|    8|   ap_memory|                                                            fb_269|         array|
|fb_270_address0    |  out|    3|   ap_memory|                                                            fb_270|         array|
|fb_270_ce0         |  out|    1|   ap_memory|                                                            fb_270|         array|
|fb_270_we0         |  out|    1|   ap_memory|                                                            fb_270|         array|
|fb_270_d0          |  out|    8|   ap_memory|                                                            fb_270|         array|
|fb_271_address0    |  out|    3|   ap_memory|                                                            fb_271|         array|
|fb_271_ce0         |  out|    1|   ap_memory|                                                            fb_271|         array|
|fb_271_we0         |  out|    1|   ap_memory|                                                            fb_271|         array|
|fb_271_d0          |  out|    8|   ap_memory|                                                            fb_271|         array|
|fb_272_address0    |  out|    3|   ap_memory|                                                            fb_272|         array|
|fb_272_ce0         |  out|    1|   ap_memory|                                                            fb_272|         array|
|fb_272_we0         |  out|    1|   ap_memory|                                                            fb_272|         array|
|fb_272_d0          |  out|    8|   ap_memory|                                                            fb_272|         array|
|fb_273_address0    |  out|    3|   ap_memory|                                                            fb_273|         array|
|fb_273_ce0         |  out|    1|   ap_memory|                                                            fb_273|         array|
|fb_273_we0         |  out|    1|   ap_memory|                                                            fb_273|         array|
|fb_273_d0          |  out|    8|   ap_memory|                                                            fb_273|         array|
|fb_274_address0    |  out|    3|   ap_memory|                                                            fb_274|         array|
|fb_274_ce0         |  out|    1|   ap_memory|                                                            fb_274|         array|
|fb_274_we0         |  out|    1|   ap_memory|                                                            fb_274|         array|
|fb_274_d0          |  out|    8|   ap_memory|                                                            fb_274|         array|
|fb_275_address0    |  out|    3|   ap_memory|                                                            fb_275|         array|
|fb_275_ce0         |  out|    1|   ap_memory|                                                            fb_275|         array|
|fb_275_we0         |  out|    1|   ap_memory|                                                            fb_275|         array|
|fb_275_d0          |  out|    8|   ap_memory|                                                            fb_275|         array|
|fb_276_address0    |  out|    3|   ap_memory|                                                            fb_276|         array|
|fb_276_ce0         |  out|    1|   ap_memory|                                                            fb_276|         array|
|fb_276_we0         |  out|    1|   ap_memory|                                                            fb_276|         array|
|fb_276_d0          |  out|    8|   ap_memory|                                                            fb_276|         array|
|fb_277_address0    |  out|    3|   ap_memory|                                                            fb_277|         array|
|fb_277_ce0         |  out|    1|   ap_memory|                                                            fb_277|         array|
|fb_277_we0         |  out|    1|   ap_memory|                                                            fb_277|         array|
|fb_277_d0          |  out|    8|   ap_memory|                                                            fb_277|         array|
|fb_278_address0    |  out|    3|   ap_memory|                                                            fb_278|         array|
|fb_278_ce0         |  out|    1|   ap_memory|                                                            fb_278|         array|
|fb_278_we0         |  out|    1|   ap_memory|                                                            fb_278|         array|
|fb_278_d0          |  out|    8|   ap_memory|                                                            fb_278|         array|
|fb_279_address0    |  out|    3|   ap_memory|                                                            fb_279|         array|
|fb_279_ce0         |  out|    1|   ap_memory|                                                            fb_279|         array|
|fb_279_we0         |  out|    1|   ap_memory|                                                            fb_279|         array|
|fb_279_d0          |  out|    8|   ap_memory|                                                            fb_279|         array|
|fb_280_address0    |  out|    3|   ap_memory|                                                            fb_280|         array|
|fb_280_ce0         |  out|    1|   ap_memory|                                                            fb_280|         array|
|fb_280_we0         |  out|    1|   ap_memory|                                                            fb_280|         array|
|fb_280_d0          |  out|    8|   ap_memory|                                                            fb_280|         array|
|fb_281_address0    |  out|    3|   ap_memory|                                                            fb_281|         array|
|fb_281_ce0         |  out|    1|   ap_memory|                                                            fb_281|         array|
|fb_281_we0         |  out|    1|   ap_memory|                                                            fb_281|         array|
|fb_281_d0          |  out|    8|   ap_memory|                                                            fb_281|         array|
|fb_282_address0    |  out|    3|   ap_memory|                                                            fb_282|         array|
|fb_282_ce0         |  out|    1|   ap_memory|                                                            fb_282|         array|
|fb_282_we0         |  out|    1|   ap_memory|                                                            fb_282|         array|
|fb_282_d0          |  out|    8|   ap_memory|                                                            fb_282|         array|
|fb_283_address0    |  out|    3|   ap_memory|                                                            fb_283|         array|
|fb_283_ce0         |  out|    1|   ap_memory|                                                            fb_283|         array|
|fb_283_we0         |  out|    1|   ap_memory|                                                            fb_283|         array|
|fb_283_d0          |  out|    8|   ap_memory|                                                            fb_283|         array|
|fb_284_address0    |  out|    3|   ap_memory|                                                            fb_284|         array|
|fb_284_ce0         |  out|    1|   ap_memory|                                                            fb_284|         array|
|fb_284_we0         |  out|    1|   ap_memory|                                                            fb_284|         array|
|fb_284_d0          |  out|    8|   ap_memory|                                                            fb_284|         array|
|fb_285_address0    |  out|    3|   ap_memory|                                                            fb_285|         array|
|fb_285_ce0         |  out|    1|   ap_memory|                                                            fb_285|         array|
|fb_285_we0         |  out|    1|   ap_memory|                                                            fb_285|         array|
|fb_285_d0          |  out|    8|   ap_memory|                                                            fb_285|         array|
|fb_286_address0    |  out|    3|   ap_memory|                                                            fb_286|         array|
|fb_286_ce0         |  out|    1|   ap_memory|                                                            fb_286|         array|
|fb_286_we0         |  out|    1|   ap_memory|                                                            fb_286|         array|
|fb_286_d0          |  out|    8|   ap_memory|                                                            fb_286|         array|
|fb_287_address0    |  out|    3|   ap_memory|                                                            fb_287|         array|
|fb_287_ce0         |  out|    1|   ap_memory|                                                            fb_287|         array|
|fb_287_we0         |  out|    1|   ap_memory|                                                            fb_287|         array|
|fb_287_d0          |  out|    8|   ap_memory|                                                            fb_287|         array|
|fb_288_address0    |  out|    3|   ap_memory|                                                            fb_288|         array|
|fb_288_ce0         |  out|    1|   ap_memory|                                                            fb_288|         array|
|fb_288_we0         |  out|    1|   ap_memory|                                                            fb_288|         array|
|fb_288_d0          |  out|    8|   ap_memory|                                                            fb_288|         array|
|fb_289_address0    |  out|    3|   ap_memory|                                                            fb_289|         array|
|fb_289_ce0         |  out|    1|   ap_memory|                                                            fb_289|         array|
|fb_289_we0         |  out|    1|   ap_memory|                                                            fb_289|         array|
|fb_289_d0          |  out|    8|   ap_memory|                                                            fb_289|         array|
|fb_290_address0    |  out|    3|   ap_memory|                                                            fb_290|         array|
|fb_290_ce0         |  out|    1|   ap_memory|                                                            fb_290|         array|
|fb_290_we0         |  out|    1|   ap_memory|                                                            fb_290|         array|
|fb_290_d0          |  out|    8|   ap_memory|                                                            fb_290|         array|
|fb_291_address0    |  out|    3|   ap_memory|                                                            fb_291|         array|
|fb_291_ce0         |  out|    1|   ap_memory|                                                            fb_291|         array|
|fb_291_we0         |  out|    1|   ap_memory|                                                            fb_291|         array|
|fb_291_d0          |  out|    8|   ap_memory|                                                            fb_291|         array|
|fb_292_address0    |  out|    3|   ap_memory|                                                            fb_292|         array|
|fb_292_ce0         |  out|    1|   ap_memory|                                                            fb_292|         array|
|fb_292_we0         |  out|    1|   ap_memory|                                                            fb_292|         array|
|fb_292_d0          |  out|    8|   ap_memory|                                                            fb_292|         array|
|fb_293_address0    |  out|    3|   ap_memory|                                                            fb_293|         array|
|fb_293_ce0         |  out|    1|   ap_memory|                                                            fb_293|         array|
|fb_293_we0         |  out|    1|   ap_memory|                                                            fb_293|         array|
|fb_293_d0          |  out|    8|   ap_memory|                                                            fb_293|         array|
|fb_294_address0    |  out|    3|   ap_memory|                                                            fb_294|         array|
|fb_294_ce0         |  out|    1|   ap_memory|                                                            fb_294|         array|
|fb_294_we0         |  out|    1|   ap_memory|                                                            fb_294|         array|
|fb_294_d0          |  out|    8|   ap_memory|                                                            fb_294|         array|
|fb_295_address0    |  out|    3|   ap_memory|                                                            fb_295|         array|
|fb_295_ce0         |  out|    1|   ap_memory|                                                            fb_295|         array|
|fb_295_we0         |  out|    1|   ap_memory|                                                            fb_295|         array|
|fb_295_d0          |  out|    8|   ap_memory|                                                            fb_295|         array|
|fb_296_address0    |  out|    3|   ap_memory|                                                            fb_296|         array|
|fb_296_ce0         |  out|    1|   ap_memory|                                                            fb_296|         array|
|fb_296_we0         |  out|    1|   ap_memory|                                                            fb_296|         array|
|fb_296_d0          |  out|    8|   ap_memory|                                                            fb_296|         array|
|fb_297_address0    |  out|    3|   ap_memory|                                                            fb_297|         array|
|fb_297_ce0         |  out|    1|   ap_memory|                                                            fb_297|         array|
|fb_297_we0         |  out|    1|   ap_memory|                                                            fb_297|         array|
|fb_297_d0          |  out|    8|   ap_memory|                                                            fb_297|         array|
|fb_298_address0    |  out|    3|   ap_memory|                                                            fb_298|         array|
|fb_298_ce0         |  out|    1|   ap_memory|                                                            fb_298|         array|
|fb_298_we0         |  out|    1|   ap_memory|                                                            fb_298|         array|
|fb_298_d0          |  out|    8|   ap_memory|                                                            fb_298|         array|
|fb_299_address0    |  out|    3|   ap_memory|                                                            fb_299|         array|
|fb_299_ce0         |  out|    1|   ap_memory|                                                            fb_299|         array|
|fb_299_we0         |  out|    1|   ap_memory|                                                            fb_299|         array|
|fb_299_d0          |  out|    8|   ap_memory|                                                            fb_299|         array|
|fb_300_address0    |  out|    3|   ap_memory|                                                            fb_300|         array|
|fb_300_ce0         |  out|    1|   ap_memory|                                                            fb_300|         array|
|fb_300_we0         |  out|    1|   ap_memory|                                                            fb_300|         array|
|fb_300_d0          |  out|    8|   ap_memory|                                                            fb_300|         array|
|fb_301_address0    |  out|    3|   ap_memory|                                                            fb_301|         array|
|fb_301_ce0         |  out|    1|   ap_memory|                                                            fb_301|         array|
|fb_301_we0         |  out|    1|   ap_memory|                                                            fb_301|         array|
|fb_301_d0          |  out|    8|   ap_memory|                                                            fb_301|         array|
|fb_302_address0    |  out|    3|   ap_memory|                                                            fb_302|         array|
|fb_302_ce0         |  out|    1|   ap_memory|                                                            fb_302|         array|
|fb_302_we0         |  out|    1|   ap_memory|                                                            fb_302|         array|
|fb_302_d0          |  out|    8|   ap_memory|                                                            fb_302|         array|
|fb_303_address0    |  out|    3|   ap_memory|                                                            fb_303|         array|
|fb_303_ce0         |  out|    1|   ap_memory|                                                            fb_303|         array|
|fb_303_we0         |  out|    1|   ap_memory|                                                            fb_303|         array|
|fb_303_d0          |  out|    8|   ap_memory|                                                            fb_303|         array|
|fb_304_address0    |  out|    3|   ap_memory|                                                            fb_304|         array|
|fb_304_ce0         |  out|    1|   ap_memory|                                                            fb_304|         array|
|fb_304_we0         |  out|    1|   ap_memory|                                                            fb_304|         array|
|fb_304_d0          |  out|    8|   ap_memory|                                                            fb_304|         array|
|fb_305_address0    |  out|    3|   ap_memory|                                                            fb_305|         array|
|fb_305_ce0         |  out|    1|   ap_memory|                                                            fb_305|         array|
|fb_305_we0         |  out|    1|   ap_memory|                                                            fb_305|         array|
|fb_305_d0          |  out|    8|   ap_memory|                                                            fb_305|         array|
|fb_306_address0    |  out|    3|   ap_memory|                                                            fb_306|         array|
|fb_306_ce0         |  out|    1|   ap_memory|                                                            fb_306|         array|
|fb_306_we0         |  out|    1|   ap_memory|                                                            fb_306|         array|
|fb_306_d0          |  out|    8|   ap_memory|                                                            fb_306|         array|
|fb_307_address0    |  out|    3|   ap_memory|                                                            fb_307|         array|
|fb_307_ce0         |  out|    1|   ap_memory|                                                            fb_307|         array|
|fb_307_we0         |  out|    1|   ap_memory|                                                            fb_307|         array|
|fb_307_d0          |  out|    8|   ap_memory|                                                            fb_307|         array|
|fb_308_address0    |  out|    3|   ap_memory|                                                            fb_308|         array|
|fb_308_ce0         |  out|    1|   ap_memory|                                                            fb_308|         array|
|fb_308_we0         |  out|    1|   ap_memory|                                                            fb_308|         array|
|fb_308_d0          |  out|    8|   ap_memory|                                                            fb_308|         array|
|fb_309_address0    |  out|    3|   ap_memory|                                                            fb_309|         array|
|fb_309_ce0         |  out|    1|   ap_memory|                                                            fb_309|         array|
|fb_309_we0         |  out|    1|   ap_memory|                                                            fb_309|         array|
|fb_309_d0          |  out|    8|   ap_memory|                                                            fb_309|         array|
|fb_310_address0    |  out|    3|   ap_memory|                                                            fb_310|         array|
|fb_310_ce0         |  out|    1|   ap_memory|                                                            fb_310|         array|
|fb_310_we0         |  out|    1|   ap_memory|                                                            fb_310|         array|
|fb_310_d0          |  out|    8|   ap_memory|                                                            fb_310|         array|
|fb_311_address0    |  out|    3|   ap_memory|                                                            fb_311|         array|
|fb_311_ce0         |  out|    1|   ap_memory|                                                            fb_311|         array|
|fb_311_we0         |  out|    1|   ap_memory|                                                            fb_311|         array|
|fb_311_d0          |  out|    8|   ap_memory|                                                            fb_311|         array|
|fb_312_address0    |  out|    3|   ap_memory|                                                            fb_312|         array|
|fb_312_ce0         |  out|    1|   ap_memory|                                                            fb_312|         array|
|fb_312_we0         |  out|    1|   ap_memory|                                                            fb_312|         array|
|fb_312_d0          |  out|    8|   ap_memory|                                                            fb_312|         array|
|fb_313_address0    |  out|    3|   ap_memory|                                                            fb_313|         array|
|fb_313_ce0         |  out|    1|   ap_memory|                                                            fb_313|         array|
|fb_313_we0         |  out|    1|   ap_memory|                                                            fb_313|         array|
|fb_313_d0          |  out|    8|   ap_memory|                                                            fb_313|         array|
|fb_314_address0    |  out|    3|   ap_memory|                                                            fb_314|         array|
|fb_314_ce0         |  out|    1|   ap_memory|                                                            fb_314|         array|
|fb_314_we0         |  out|    1|   ap_memory|                                                            fb_314|         array|
|fb_314_d0          |  out|    8|   ap_memory|                                                            fb_314|         array|
|fb_315_address0    |  out|    3|   ap_memory|                                                            fb_315|         array|
|fb_315_ce0         |  out|    1|   ap_memory|                                                            fb_315|         array|
|fb_315_we0         |  out|    1|   ap_memory|                                                            fb_315|         array|
|fb_315_d0          |  out|    8|   ap_memory|                                                            fb_315|         array|
|fb_316_address0    |  out|    3|   ap_memory|                                                            fb_316|         array|
|fb_316_ce0         |  out|    1|   ap_memory|                                                            fb_316|         array|
|fb_316_we0         |  out|    1|   ap_memory|                                                            fb_316|         array|
|fb_316_d0          |  out|    8|   ap_memory|                                                            fb_316|         array|
|fb_317_address0    |  out|    3|   ap_memory|                                                            fb_317|         array|
|fb_317_ce0         |  out|    1|   ap_memory|                                                            fb_317|         array|
|fb_317_we0         |  out|    1|   ap_memory|                                                            fb_317|         array|
|fb_317_d0          |  out|    8|   ap_memory|                                                            fb_317|         array|
|fb_318_address0    |  out|    3|   ap_memory|                                                            fb_318|         array|
|fb_318_ce0         |  out|    1|   ap_memory|                                                            fb_318|         array|
|fb_318_we0         |  out|    1|   ap_memory|                                                            fb_318|         array|
|fb_318_d0          |  out|    8|   ap_memory|                                                            fb_318|         array|
|fb_319_address0    |  out|    3|   ap_memory|                                                            fb_319|         array|
|fb_319_ce0         |  out|    1|   ap_memory|                                                            fb_319|         array|
|fb_319_we0         |  out|    1|   ap_memory|                                                            fb_319|         array|
|fb_319_d0          |  out|    8|   ap_memory|                                                            fb_319|         array|
|fb_320_address0    |  out|    3|   ap_memory|                                                            fb_320|         array|
|fb_320_ce0         |  out|    1|   ap_memory|                                                            fb_320|         array|
|fb_320_we0         |  out|    1|   ap_memory|                                                            fb_320|         array|
|fb_320_d0          |  out|    8|   ap_memory|                                                            fb_320|         array|
|fb_321_address0    |  out|    3|   ap_memory|                                                            fb_321|         array|
|fb_321_ce0         |  out|    1|   ap_memory|                                                            fb_321|         array|
|fb_321_we0         |  out|    1|   ap_memory|                                                            fb_321|         array|
|fb_321_d0          |  out|    8|   ap_memory|                                                            fb_321|         array|
|fb_322_address0    |  out|    3|   ap_memory|                                                            fb_322|         array|
|fb_322_ce0         |  out|    1|   ap_memory|                                                            fb_322|         array|
|fb_322_we0         |  out|    1|   ap_memory|                                                            fb_322|         array|
|fb_322_d0          |  out|    8|   ap_memory|                                                            fb_322|         array|
|fb_323_address0    |  out|    3|   ap_memory|                                                            fb_323|         array|
|fb_323_ce0         |  out|    1|   ap_memory|                                                            fb_323|         array|
|fb_323_we0         |  out|    1|   ap_memory|                                                            fb_323|         array|
|fb_323_d0          |  out|    8|   ap_memory|                                                            fb_323|         array|
|fb_324_address0    |  out|    3|   ap_memory|                                                            fb_324|         array|
|fb_324_ce0         |  out|    1|   ap_memory|                                                            fb_324|         array|
|fb_324_we0         |  out|    1|   ap_memory|                                                            fb_324|         array|
|fb_324_d0          |  out|    8|   ap_memory|                                                            fb_324|         array|
|fb_325_address0    |  out|    3|   ap_memory|                                                            fb_325|         array|
|fb_325_ce0         |  out|    1|   ap_memory|                                                            fb_325|         array|
|fb_325_we0         |  out|    1|   ap_memory|                                                            fb_325|         array|
|fb_325_d0          |  out|    8|   ap_memory|                                                            fb_325|         array|
|fb_326_address0    |  out|    3|   ap_memory|                                                            fb_326|         array|
|fb_326_ce0         |  out|    1|   ap_memory|                                                            fb_326|         array|
|fb_326_we0         |  out|    1|   ap_memory|                                                            fb_326|         array|
|fb_326_d0          |  out|    8|   ap_memory|                                                            fb_326|         array|
|fb_327_address0    |  out|    3|   ap_memory|                                                            fb_327|         array|
|fb_327_ce0         |  out|    1|   ap_memory|                                                            fb_327|         array|
|fb_327_we0         |  out|    1|   ap_memory|                                                            fb_327|         array|
|fb_327_d0          |  out|    8|   ap_memory|                                                            fb_327|         array|
|fb_328_address0    |  out|    3|   ap_memory|                                                            fb_328|         array|
|fb_328_ce0         |  out|    1|   ap_memory|                                                            fb_328|         array|
|fb_328_we0         |  out|    1|   ap_memory|                                                            fb_328|         array|
|fb_328_d0          |  out|    8|   ap_memory|                                                            fb_328|         array|
|fb_329_address0    |  out|    3|   ap_memory|                                                            fb_329|         array|
|fb_329_ce0         |  out|    1|   ap_memory|                                                            fb_329|         array|
|fb_329_we0         |  out|    1|   ap_memory|                                                            fb_329|         array|
|fb_329_d0          |  out|    8|   ap_memory|                                                            fb_329|         array|
|fb_330_address0    |  out|    3|   ap_memory|                                                            fb_330|         array|
|fb_330_ce0         |  out|    1|   ap_memory|                                                            fb_330|         array|
|fb_330_we0         |  out|    1|   ap_memory|                                                            fb_330|         array|
|fb_330_d0          |  out|    8|   ap_memory|                                                            fb_330|         array|
|fb_331_address0    |  out|    3|   ap_memory|                                                            fb_331|         array|
|fb_331_ce0         |  out|    1|   ap_memory|                                                            fb_331|         array|
|fb_331_we0         |  out|    1|   ap_memory|                                                            fb_331|         array|
|fb_331_d0          |  out|    8|   ap_memory|                                                            fb_331|         array|
|fb_332_address0    |  out|    3|   ap_memory|                                                            fb_332|         array|
|fb_332_ce0         |  out|    1|   ap_memory|                                                            fb_332|         array|
|fb_332_we0         |  out|    1|   ap_memory|                                                            fb_332|         array|
|fb_332_d0          |  out|    8|   ap_memory|                                                            fb_332|         array|
|fb_333_address0    |  out|    3|   ap_memory|                                                            fb_333|         array|
|fb_333_ce0         |  out|    1|   ap_memory|                                                            fb_333|         array|
|fb_333_we0         |  out|    1|   ap_memory|                                                            fb_333|         array|
|fb_333_d0          |  out|    8|   ap_memory|                                                            fb_333|         array|
|fb_334_address0    |  out|    3|   ap_memory|                                                            fb_334|         array|
|fb_334_ce0         |  out|    1|   ap_memory|                                                            fb_334|         array|
|fb_334_we0         |  out|    1|   ap_memory|                                                            fb_334|         array|
|fb_334_d0          |  out|    8|   ap_memory|                                                            fb_334|         array|
|fb_335_address0    |  out|    3|   ap_memory|                                                            fb_335|         array|
|fb_335_ce0         |  out|    1|   ap_memory|                                                            fb_335|         array|
|fb_335_we0         |  out|    1|   ap_memory|                                                            fb_335|         array|
|fb_335_d0          |  out|    8|   ap_memory|                                                            fb_335|         array|
|fb_336_address0    |  out|    3|   ap_memory|                                                            fb_336|         array|
|fb_336_ce0         |  out|    1|   ap_memory|                                                            fb_336|         array|
|fb_336_we0         |  out|    1|   ap_memory|                                                            fb_336|         array|
|fb_336_d0          |  out|    8|   ap_memory|                                                            fb_336|         array|
|fb_337_address0    |  out|    3|   ap_memory|                                                            fb_337|         array|
|fb_337_ce0         |  out|    1|   ap_memory|                                                            fb_337|         array|
|fb_337_we0         |  out|    1|   ap_memory|                                                            fb_337|         array|
|fb_337_d0          |  out|    8|   ap_memory|                                                            fb_337|         array|
|fb_338_address0    |  out|    3|   ap_memory|                                                            fb_338|         array|
|fb_338_ce0         |  out|    1|   ap_memory|                                                            fb_338|         array|
|fb_338_we0         |  out|    1|   ap_memory|                                                            fb_338|         array|
|fb_338_d0          |  out|    8|   ap_memory|                                                            fb_338|         array|
|fb_339_address0    |  out|    3|   ap_memory|                                                            fb_339|         array|
|fb_339_ce0         |  out|    1|   ap_memory|                                                            fb_339|         array|
|fb_339_we0         |  out|    1|   ap_memory|                                                            fb_339|         array|
|fb_339_d0          |  out|    8|   ap_memory|                                                            fb_339|         array|
|fb_340_address0    |  out|    3|   ap_memory|                                                            fb_340|         array|
|fb_340_ce0         |  out|    1|   ap_memory|                                                            fb_340|         array|
|fb_340_we0         |  out|    1|   ap_memory|                                                            fb_340|         array|
|fb_340_d0          |  out|    8|   ap_memory|                                                            fb_340|         array|
|fb_341_address0    |  out|    3|   ap_memory|                                                            fb_341|         array|
|fb_341_ce0         |  out|    1|   ap_memory|                                                            fb_341|         array|
|fb_341_we0         |  out|    1|   ap_memory|                                                            fb_341|         array|
|fb_341_d0          |  out|    8|   ap_memory|                                                            fb_341|         array|
|fb_342_address0    |  out|    3|   ap_memory|                                                            fb_342|         array|
|fb_342_ce0         |  out|    1|   ap_memory|                                                            fb_342|         array|
|fb_342_we0         |  out|    1|   ap_memory|                                                            fb_342|         array|
|fb_342_d0          |  out|    8|   ap_memory|                                                            fb_342|         array|
|fb_343_address0    |  out|    3|   ap_memory|                                                            fb_343|         array|
|fb_343_ce0         |  out|    1|   ap_memory|                                                            fb_343|         array|
|fb_343_we0         |  out|    1|   ap_memory|                                                            fb_343|         array|
|fb_343_d0          |  out|    8|   ap_memory|                                                            fb_343|         array|
|fb_344_address0    |  out|    3|   ap_memory|                                                            fb_344|         array|
|fb_344_ce0         |  out|    1|   ap_memory|                                                            fb_344|         array|
|fb_344_we0         |  out|    1|   ap_memory|                                                            fb_344|         array|
|fb_344_d0          |  out|    8|   ap_memory|                                                            fb_344|         array|
|fb_345_address0    |  out|    3|   ap_memory|                                                            fb_345|         array|
|fb_345_ce0         |  out|    1|   ap_memory|                                                            fb_345|         array|
|fb_345_we0         |  out|    1|   ap_memory|                                                            fb_345|         array|
|fb_345_d0          |  out|    8|   ap_memory|                                                            fb_345|         array|
|fb_346_address0    |  out|    3|   ap_memory|                                                            fb_346|         array|
|fb_346_ce0         |  out|    1|   ap_memory|                                                            fb_346|         array|
|fb_346_we0         |  out|    1|   ap_memory|                                                            fb_346|         array|
|fb_346_d0          |  out|    8|   ap_memory|                                                            fb_346|         array|
|fb_347_address0    |  out|    3|   ap_memory|                                                            fb_347|         array|
|fb_347_ce0         |  out|    1|   ap_memory|                                                            fb_347|         array|
|fb_347_we0         |  out|    1|   ap_memory|                                                            fb_347|         array|
|fb_347_d0          |  out|    8|   ap_memory|                                                            fb_347|         array|
|fb_348_address0    |  out|    3|   ap_memory|                                                            fb_348|         array|
|fb_348_ce0         |  out|    1|   ap_memory|                                                            fb_348|         array|
|fb_348_we0         |  out|    1|   ap_memory|                                                            fb_348|         array|
|fb_348_d0          |  out|    8|   ap_memory|                                                            fb_348|         array|
|fb_349_address0    |  out|    3|   ap_memory|                                                            fb_349|         array|
|fb_349_ce0         |  out|    1|   ap_memory|                                                            fb_349|         array|
|fb_349_we0         |  out|    1|   ap_memory|                                                            fb_349|         array|
|fb_349_d0          |  out|    8|   ap_memory|                                                            fb_349|         array|
|fb_350_address0    |  out|    3|   ap_memory|                                                            fb_350|         array|
|fb_350_ce0         |  out|    1|   ap_memory|                                                            fb_350|         array|
|fb_350_we0         |  out|    1|   ap_memory|                                                            fb_350|         array|
|fb_350_d0          |  out|    8|   ap_memory|                                                            fb_350|         array|
|fb_351_address0    |  out|    3|   ap_memory|                                                            fb_351|         array|
|fb_351_ce0         |  out|    1|   ap_memory|                                                            fb_351|         array|
|fb_351_we0         |  out|    1|   ap_memory|                                                            fb_351|         array|
|fb_351_d0          |  out|    8|   ap_memory|                                                            fb_351|         array|
|fb_352_address0    |  out|    3|   ap_memory|                                                            fb_352|         array|
|fb_352_ce0         |  out|    1|   ap_memory|                                                            fb_352|         array|
|fb_352_we0         |  out|    1|   ap_memory|                                                            fb_352|         array|
|fb_352_d0          |  out|    8|   ap_memory|                                                            fb_352|         array|
|fb_353_address0    |  out|    3|   ap_memory|                                                            fb_353|         array|
|fb_353_ce0         |  out|    1|   ap_memory|                                                            fb_353|         array|
|fb_353_we0         |  out|    1|   ap_memory|                                                            fb_353|         array|
|fb_353_d0          |  out|    8|   ap_memory|                                                            fb_353|         array|
|fb_354_address0    |  out|    3|   ap_memory|                                                            fb_354|         array|
|fb_354_ce0         |  out|    1|   ap_memory|                                                            fb_354|         array|
|fb_354_we0         |  out|    1|   ap_memory|                                                            fb_354|         array|
|fb_354_d0          |  out|    8|   ap_memory|                                                            fb_354|         array|
|fb_355_address0    |  out|    3|   ap_memory|                                                            fb_355|         array|
|fb_355_ce0         |  out|    1|   ap_memory|                                                            fb_355|         array|
|fb_355_we0         |  out|    1|   ap_memory|                                                            fb_355|         array|
|fb_355_d0          |  out|    8|   ap_memory|                                                            fb_355|         array|
|fb_356_address0    |  out|    3|   ap_memory|                                                            fb_356|         array|
|fb_356_ce0         |  out|    1|   ap_memory|                                                            fb_356|         array|
|fb_356_we0         |  out|    1|   ap_memory|                                                            fb_356|         array|
|fb_356_d0          |  out|    8|   ap_memory|                                                            fb_356|         array|
|fb_357_address0    |  out|    3|   ap_memory|                                                            fb_357|         array|
|fb_357_ce0         |  out|    1|   ap_memory|                                                            fb_357|         array|
|fb_357_we0         |  out|    1|   ap_memory|                                                            fb_357|         array|
|fb_357_d0          |  out|    8|   ap_memory|                                                            fb_357|         array|
|fb_358_address0    |  out|    3|   ap_memory|                                                            fb_358|         array|
|fb_358_ce0         |  out|    1|   ap_memory|                                                            fb_358|         array|
|fb_358_we0         |  out|    1|   ap_memory|                                                            fb_358|         array|
|fb_358_d0          |  out|    8|   ap_memory|                                                            fb_358|         array|
|fb_359_address0    |  out|    3|   ap_memory|                                                            fb_359|         array|
|fb_359_ce0         |  out|    1|   ap_memory|                                                            fb_359|         array|
|fb_359_we0         |  out|    1|   ap_memory|                                                            fb_359|         array|
|fb_359_d0          |  out|    8|   ap_memory|                                                            fb_359|         array|
|fb_360_address0    |  out|    3|   ap_memory|                                                            fb_360|         array|
|fb_360_ce0         |  out|    1|   ap_memory|                                                            fb_360|         array|
|fb_360_we0         |  out|    1|   ap_memory|                                                            fb_360|         array|
|fb_360_d0          |  out|    8|   ap_memory|                                                            fb_360|         array|
|fb_361_address0    |  out|    3|   ap_memory|                                                            fb_361|         array|
|fb_361_ce0         |  out|    1|   ap_memory|                                                            fb_361|         array|
|fb_361_we0         |  out|    1|   ap_memory|                                                            fb_361|         array|
|fb_361_d0          |  out|    8|   ap_memory|                                                            fb_361|         array|
|fb_362_address0    |  out|    3|   ap_memory|                                                            fb_362|         array|
|fb_362_ce0         |  out|    1|   ap_memory|                                                            fb_362|         array|
|fb_362_we0         |  out|    1|   ap_memory|                                                            fb_362|         array|
|fb_362_d0          |  out|    8|   ap_memory|                                                            fb_362|         array|
|fb_363_address0    |  out|    3|   ap_memory|                                                            fb_363|         array|
|fb_363_ce0         |  out|    1|   ap_memory|                                                            fb_363|         array|
|fb_363_we0         |  out|    1|   ap_memory|                                                            fb_363|         array|
|fb_363_d0          |  out|    8|   ap_memory|                                                            fb_363|         array|
|fb_364_address0    |  out|    3|   ap_memory|                                                            fb_364|         array|
|fb_364_ce0         |  out|    1|   ap_memory|                                                            fb_364|         array|
|fb_364_we0         |  out|    1|   ap_memory|                                                            fb_364|         array|
|fb_364_d0          |  out|    8|   ap_memory|                                                            fb_364|         array|
|fb_365_address0    |  out|    3|   ap_memory|                                                            fb_365|         array|
|fb_365_ce0         |  out|    1|   ap_memory|                                                            fb_365|         array|
|fb_365_we0         |  out|    1|   ap_memory|                                                            fb_365|         array|
|fb_365_d0          |  out|    8|   ap_memory|                                                            fb_365|         array|
|fb_366_address0    |  out|    3|   ap_memory|                                                            fb_366|         array|
|fb_366_ce0         |  out|    1|   ap_memory|                                                            fb_366|         array|
|fb_366_we0         |  out|    1|   ap_memory|                                                            fb_366|         array|
|fb_366_d0          |  out|    8|   ap_memory|                                                            fb_366|         array|
|fb_367_address0    |  out|    3|   ap_memory|                                                            fb_367|         array|
|fb_367_ce0         |  out|    1|   ap_memory|                                                            fb_367|         array|
|fb_367_we0         |  out|    1|   ap_memory|                                                            fb_367|         array|
|fb_367_d0          |  out|    8|   ap_memory|                                                            fb_367|         array|
|fb_368_address0    |  out|    3|   ap_memory|                                                            fb_368|         array|
|fb_368_ce0         |  out|    1|   ap_memory|                                                            fb_368|         array|
|fb_368_we0         |  out|    1|   ap_memory|                                                            fb_368|         array|
|fb_368_d0          |  out|    8|   ap_memory|                                                            fb_368|         array|
|fb_369_address0    |  out|    3|   ap_memory|                                                            fb_369|         array|
|fb_369_ce0         |  out|    1|   ap_memory|                                                            fb_369|         array|
|fb_369_we0         |  out|    1|   ap_memory|                                                            fb_369|         array|
|fb_369_d0          |  out|    8|   ap_memory|                                                            fb_369|         array|
|fb_370_address0    |  out|    3|   ap_memory|                                                            fb_370|         array|
|fb_370_ce0         |  out|    1|   ap_memory|                                                            fb_370|         array|
|fb_370_we0         |  out|    1|   ap_memory|                                                            fb_370|         array|
|fb_370_d0          |  out|    8|   ap_memory|                                                            fb_370|         array|
|fb_371_address0    |  out|    3|   ap_memory|                                                            fb_371|         array|
|fb_371_ce0         |  out|    1|   ap_memory|                                                            fb_371|         array|
|fb_371_we0         |  out|    1|   ap_memory|                                                            fb_371|         array|
|fb_371_d0          |  out|    8|   ap_memory|                                                            fb_371|         array|
|fb_372_address0    |  out|    3|   ap_memory|                                                            fb_372|         array|
|fb_372_ce0         |  out|    1|   ap_memory|                                                            fb_372|         array|
|fb_372_we0         |  out|    1|   ap_memory|                                                            fb_372|         array|
|fb_372_d0          |  out|    8|   ap_memory|                                                            fb_372|         array|
|fb_373_address0    |  out|    3|   ap_memory|                                                            fb_373|         array|
|fb_373_ce0         |  out|    1|   ap_memory|                                                            fb_373|         array|
|fb_373_we0         |  out|    1|   ap_memory|                                                            fb_373|         array|
|fb_373_d0          |  out|    8|   ap_memory|                                                            fb_373|         array|
|fb_374_address0    |  out|    3|   ap_memory|                                                            fb_374|         array|
|fb_374_ce0         |  out|    1|   ap_memory|                                                            fb_374|         array|
|fb_374_we0         |  out|    1|   ap_memory|                                                            fb_374|         array|
|fb_374_d0          |  out|    8|   ap_memory|                                                            fb_374|         array|
|fb_375_address0    |  out|    3|   ap_memory|                                                            fb_375|         array|
|fb_375_ce0         |  out|    1|   ap_memory|                                                            fb_375|         array|
|fb_375_we0         |  out|    1|   ap_memory|                                                            fb_375|         array|
|fb_375_d0          |  out|    8|   ap_memory|                                                            fb_375|         array|
|fb_376_address0    |  out|    3|   ap_memory|                                                            fb_376|         array|
|fb_376_ce0         |  out|    1|   ap_memory|                                                            fb_376|         array|
|fb_376_we0         |  out|    1|   ap_memory|                                                            fb_376|         array|
|fb_376_d0          |  out|    8|   ap_memory|                                                            fb_376|         array|
|fb_377_address0    |  out|    3|   ap_memory|                                                            fb_377|         array|
|fb_377_ce0         |  out|    1|   ap_memory|                                                            fb_377|         array|
|fb_377_we0         |  out|    1|   ap_memory|                                                            fb_377|         array|
|fb_377_d0          |  out|    8|   ap_memory|                                                            fb_377|         array|
|fb_378_address0    |  out|    3|   ap_memory|                                                            fb_378|         array|
|fb_378_ce0         |  out|    1|   ap_memory|                                                            fb_378|         array|
|fb_378_we0         |  out|    1|   ap_memory|                                                            fb_378|         array|
|fb_378_d0          |  out|    8|   ap_memory|                                                            fb_378|         array|
|fb_379_address0    |  out|    3|   ap_memory|                                                            fb_379|         array|
|fb_379_ce0         |  out|    1|   ap_memory|                                                            fb_379|         array|
|fb_379_we0         |  out|    1|   ap_memory|                                                            fb_379|         array|
|fb_379_d0          |  out|    8|   ap_memory|                                                            fb_379|         array|
|fb_380_address0    |  out|    3|   ap_memory|                                                            fb_380|         array|
|fb_380_ce0         |  out|    1|   ap_memory|                                                            fb_380|         array|
|fb_380_we0         |  out|    1|   ap_memory|                                                            fb_380|         array|
|fb_380_d0          |  out|    8|   ap_memory|                                                            fb_380|         array|
|fb_381_address0    |  out|    3|   ap_memory|                                                            fb_381|         array|
|fb_381_ce0         |  out|    1|   ap_memory|                                                            fb_381|         array|
|fb_381_we0         |  out|    1|   ap_memory|                                                            fb_381|         array|
|fb_381_d0          |  out|    8|   ap_memory|                                                            fb_381|         array|
|fb_382_address0    |  out|    3|   ap_memory|                                                            fb_382|         array|
|fb_382_ce0         |  out|    1|   ap_memory|                                                            fb_382|         array|
|fb_382_we0         |  out|    1|   ap_memory|                                                            fb_382|         array|
|fb_382_d0          |  out|    8|   ap_memory|                                                            fb_382|         array|
|fb_383_address0    |  out|    3|   ap_memory|                                                            fb_383|         array|
|fb_383_ce0         |  out|    1|   ap_memory|                                                            fb_383|         array|
|fb_383_we0         |  out|    1|   ap_memory|                                                            fb_383|         array|
|fb_383_d0          |  out|    8|   ap_memory|                                                            fb_383|         array|
|fb_384_address0    |  out|    3|   ap_memory|                                                            fb_384|         array|
|fb_384_ce0         |  out|    1|   ap_memory|                                                            fb_384|         array|
|fb_384_we0         |  out|    1|   ap_memory|                                                            fb_384|         array|
|fb_384_d0          |  out|    8|   ap_memory|                                                            fb_384|         array|
|fb_385_address0    |  out|    3|   ap_memory|                                                            fb_385|         array|
|fb_385_ce0         |  out|    1|   ap_memory|                                                            fb_385|         array|
|fb_385_we0         |  out|    1|   ap_memory|                                                            fb_385|         array|
|fb_385_d0          |  out|    8|   ap_memory|                                                            fb_385|         array|
|fb_386_address0    |  out|    3|   ap_memory|                                                            fb_386|         array|
|fb_386_ce0         |  out|    1|   ap_memory|                                                            fb_386|         array|
|fb_386_we0         |  out|    1|   ap_memory|                                                            fb_386|         array|
|fb_386_d0          |  out|    8|   ap_memory|                                                            fb_386|         array|
|fb_387_address0    |  out|    3|   ap_memory|                                                            fb_387|         array|
|fb_387_ce0         |  out|    1|   ap_memory|                                                            fb_387|         array|
|fb_387_we0         |  out|    1|   ap_memory|                                                            fb_387|         array|
|fb_387_d0          |  out|    8|   ap_memory|                                                            fb_387|         array|
|fb_388_address0    |  out|    3|   ap_memory|                                                            fb_388|         array|
|fb_388_ce0         |  out|    1|   ap_memory|                                                            fb_388|         array|
|fb_388_we0         |  out|    1|   ap_memory|                                                            fb_388|         array|
|fb_388_d0          |  out|    8|   ap_memory|                                                            fb_388|         array|
|fb_389_address0    |  out|    3|   ap_memory|                                                            fb_389|         array|
|fb_389_ce0         |  out|    1|   ap_memory|                                                            fb_389|         array|
|fb_389_we0         |  out|    1|   ap_memory|                                                            fb_389|         array|
|fb_389_d0          |  out|    8|   ap_memory|                                                            fb_389|         array|
|fb_390_address0    |  out|    3|   ap_memory|                                                            fb_390|         array|
|fb_390_ce0         |  out|    1|   ap_memory|                                                            fb_390|         array|
|fb_390_we0         |  out|    1|   ap_memory|                                                            fb_390|         array|
|fb_390_d0          |  out|    8|   ap_memory|                                                            fb_390|         array|
|fb_391_address0    |  out|    3|   ap_memory|                                                            fb_391|         array|
|fb_391_ce0         |  out|    1|   ap_memory|                                                            fb_391|         array|
|fb_391_we0         |  out|    1|   ap_memory|                                                            fb_391|         array|
|fb_391_d0          |  out|    8|   ap_memory|                                                            fb_391|         array|
|fb_392_address0    |  out|    3|   ap_memory|                                                            fb_392|         array|
|fb_392_ce0         |  out|    1|   ap_memory|                                                            fb_392|         array|
|fb_392_we0         |  out|    1|   ap_memory|                                                            fb_392|         array|
|fb_392_d0          |  out|    8|   ap_memory|                                                            fb_392|         array|
|fb_393_address0    |  out|    3|   ap_memory|                                                            fb_393|         array|
|fb_393_ce0         |  out|    1|   ap_memory|                                                            fb_393|         array|
|fb_393_we0         |  out|    1|   ap_memory|                                                            fb_393|         array|
|fb_393_d0          |  out|    8|   ap_memory|                                                            fb_393|         array|
|fb_394_address0    |  out|    3|   ap_memory|                                                            fb_394|         array|
|fb_394_ce0         |  out|    1|   ap_memory|                                                            fb_394|         array|
|fb_394_we0         |  out|    1|   ap_memory|                                                            fb_394|         array|
|fb_394_d0          |  out|    8|   ap_memory|                                                            fb_394|         array|
|fb_395_address0    |  out|    3|   ap_memory|                                                            fb_395|         array|
|fb_395_ce0         |  out|    1|   ap_memory|                                                            fb_395|         array|
|fb_395_we0         |  out|    1|   ap_memory|                                                            fb_395|         array|
|fb_395_d0          |  out|    8|   ap_memory|                                                            fb_395|         array|
|fb_396_address0    |  out|    3|   ap_memory|                                                            fb_396|         array|
|fb_396_ce0         |  out|    1|   ap_memory|                                                            fb_396|         array|
|fb_396_we0         |  out|    1|   ap_memory|                                                            fb_396|         array|
|fb_396_d0          |  out|    8|   ap_memory|                                                            fb_396|         array|
|fb_397_address0    |  out|    3|   ap_memory|                                                            fb_397|         array|
|fb_397_ce0         |  out|    1|   ap_memory|                                                            fb_397|         array|
|fb_397_we0         |  out|    1|   ap_memory|                                                            fb_397|         array|
|fb_397_d0          |  out|    8|   ap_memory|                                                            fb_397|         array|
|fb_398_address0    |  out|    3|   ap_memory|                                                            fb_398|         array|
|fb_398_ce0         |  out|    1|   ap_memory|                                                            fb_398|         array|
|fb_398_we0         |  out|    1|   ap_memory|                                                            fb_398|         array|
|fb_398_d0          |  out|    8|   ap_memory|                                                            fb_398|         array|
|fb_399_address0    |  out|    3|   ap_memory|                                                            fb_399|         array|
|fb_399_ce0         |  out|    1|   ap_memory|                                                            fb_399|         array|
|fb_399_we0         |  out|    1|   ap_memory|                                                            fb_399|         array|
|fb_399_d0          |  out|    8|   ap_memory|                                                            fb_399|         array|
|fb_400_address0    |  out|    3|   ap_memory|                                                            fb_400|         array|
|fb_400_ce0         |  out|    1|   ap_memory|                                                            fb_400|         array|
|fb_400_we0         |  out|    1|   ap_memory|                                                            fb_400|         array|
|fb_400_d0          |  out|    8|   ap_memory|                                                            fb_400|         array|
|fb_401_address0    |  out|    3|   ap_memory|                                                            fb_401|         array|
|fb_401_ce0         |  out|    1|   ap_memory|                                                            fb_401|         array|
|fb_401_we0         |  out|    1|   ap_memory|                                                            fb_401|         array|
|fb_401_d0          |  out|    8|   ap_memory|                                                            fb_401|         array|
|fb_402_address0    |  out|    3|   ap_memory|                                                            fb_402|         array|
|fb_402_ce0         |  out|    1|   ap_memory|                                                            fb_402|         array|
|fb_402_we0         |  out|    1|   ap_memory|                                                            fb_402|         array|
|fb_402_d0          |  out|    8|   ap_memory|                                                            fb_402|         array|
|fb_403_address0    |  out|    3|   ap_memory|                                                            fb_403|         array|
|fb_403_ce0         |  out|    1|   ap_memory|                                                            fb_403|         array|
|fb_403_we0         |  out|    1|   ap_memory|                                                            fb_403|         array|
|fb_403_d0          |  out|    8|   ap_memory|                                                            fb_403|         array|
|fb_404_address0    |  out|    3|   ap_memory|                                                            fb_404|         array|
|fb_404_ce0         |  out|    1|   ap_memory|                                                            fb_404|         array|
|fb_404_we0         |  out|    1|   ap_memory|                                                            fb_404|         array|
|fb_404_d0          |  out|    8|   ap_memory|                                                            fb_404|         array|
|fb_405_address0    |  out|    3|   ap_memory|                                                            fb_405|         array|
|fb_405_ce0         |  out|    1|   ap_memory|                                                            fb_405|         array|
|fb_405_we0         |  out|    1|   ap_memory|                                                            fb_405|         array|
|fb_405_d0          |  out|    8|   ap_memory|                                                            fb_405|         array|
|fb_406_address0    |  out|    3|   ap_memory|                                                            fb_406|         array|
|fb_406_ce0         |  out|    1|   ap_memory|                                                            fb_406|         array|
|fb_406_we0         |  out|    1|   ap_memory|                                                            fb_406|         array|
|fb_406_d0          |  out|    8|   ap_memory|                                                            fb_406|         array|
|fb_407_address0    |  out|    3|   ap_memory|                                                            fb_407|         array|
|fb_407_ce0         |  out|    1|   ap_memory|                                                            fb_407|         array|
|fb_407_we0         |  out|    1|   ap_memory|                                                            fb_407|         array|
|fb_407_d0          |  out|    8|   ap_memory|                                                            fb_407|         array|
|fb_408_address0    |  out|    3|   ap_memory|                                                            fb_408|         array|
|fb_408_ce0         |  out|    1|   ap_memory|                                                            fb_408|         array|
|fb_408_we0         |  out|    1|   ap_memory|                                                            fb_408|         array|
|fb_408_d0          |  out|    8|   ap_memory|                                                            fb_408|         array|
|fb_409_address0    |  out|    3|   ap_memory|                                                            fb_409|         array|
|fb_409_ce0         |  out|    1|   ap_memory|                                                            fb_409|         array|
|fb_409_we0         |  out|    1|   ap_memory|                                                            fb_409|         array|
|fb_409_d0          |  out|    8|   ap_memory|                                                            fb_409|         array|
|fb_410_address0    |  out|    3|   ap_memory|                                                            fb_410|         array|
|fb_410_ce0         |  out|    1|   ap_memory|                                                            fb_410|         array|
|fb_410_we0         |  out|    1|   ap_memory|                                                            fb_410|         array|
|fb_410_d0          |  out|    8|   ap_memory|                                                            fb_410|         array|
|fb_411_address0    |  out|    3|   ap_memory|                                                            fb_411|         array|
|fb_411_ce0         |  out|    1|   ap_memory|                                                            fb_411|         array|
|fb_411_we0         |  out|    1|   ap_memory|                                                            fb_411|         array|
|fb_411_d0          |  out|    8|   ap_memory|                                                            fb_411|         array|
|fb_412_address0    |  out|    3|   ap_memory|                                                            fb_412|         array|
|fb_412_ce0         |  out|    1|   ap_memory|                                                            fb_412|         array|
|fb_412_we0         |  out|    1|   ap_memory|                                                            fb_412|         array|
|fb_412_d0          |  out|    8|   ap_memory|                                                            fb_412|         array|
|fb_413_address0    |  out|    3|   ap_memory|                                                            fb_413|         array|
|fb_413_ce0         |  out|    1|   ap_memory|                                                            fb_413|         array|
|fb_413_we0         |  out|    1|   ap_memory|                                                            fb_413|         array|
|fb_413_d0          |  out|    8|   ap_memory|                                                            fb_413|         array|
|fb_414_address0    |  out|    3|   ap_memory|                                                            fb_414|         array|
|fb_414_ce0         |  out|    1|   ap_memory|                                                            fb_414|         array|
|fb_414_we0         |  out|    1|   ap_memory|                                                            fb_414|         array|
|fb_414_d0          |  out|    8|   ap_memory|                                                            fb_414|         array|
|fb_415_address0    |  out|    3|   ap_memory|                                                            fb_415|         array|
|fb_415_ce0         |  out|    1|   ap_memory|                                                            fb_415|         array|
|fb_415_we0         |  out|    1|   ap_memory|                                                            fb_415|         array|
|fb_415_d0          |  out|    8|   ap_memory|                                                            fb_415|         array|
|fb_416_address0    |  out|    3|   ap_memory|                                                            fb_416|         array|
|fb_416_ce0         |  out|    1|   ap_memory|                                                            fb_416|         array|
|fb_416_we0         |  out|    1|   ap_memory|                                                            fb_416|         array|
|fb_416_d0          |  out|    8|   ap_memory|                                                            fb_416|         array|
|fb_417_address0    |  out|    3|   ap_memory|                                                            fb_417|         array|
|fb_417_ce0         |  out|    1|   ap_memory|                                                            fb_417|         array|
|fb_417_we0         |  out|    1|   ap_memory|                                                            fb_417|         array|
|fb_417_d0          |  out|    8|   ap_memory|                                                            fb_417|         array|
|fb_418_address0    |  out|    3|   ap_memory|                                                            fb_418|         array|
|fb_418_ce0         |  out|    1|   ap_memory|                                                            fb_418|         array|
|fb_418_we0         |  out|    1|   ap_memory|                                                            fb_418|         array|
|fb_418_d0          |  out|    8|   ap_memory|                                                            fb_418|         array|
|fb_419_address0    |  out|    3|   ap_memory|                                                            fb_419|         array|
|fb_419_ce0         |  out|    1|   ap_memory|                                                            fb_419|         array|
|fb_419_we0         |  out|    1|   ap_memory|                                                            fb_419|         array|
|fb_419_d0          |  out|    8|   ap_memory|                                                            fb_419|         array|
|fb_420_address0    |  out|    3|   ap_memory|                                                            fb_420|         array|
|fb_420_ce0         |  out|    1|   ap_memory|                                                            fb_420|         array|
|fb_420_we0         |  out|    1|   ap_memory|                                                            fb_420|         array|
|fb_420_d0          |  out|    8|   ap_memory|                                                            fb_420|         array|
|fb_421_address0    |  out|    3|   ap_memory|                                                            fb_421|         array|
|fb_421_ce0         |  out|    1|   ap_memory|                                                            fb_421|         array|
|fb_421_we0         |  out|    1|   ap_memory|                                                            fb_421|         array|
|fb_421_d0          |  out|    8|   ap_memory|                                                            fb_421|         array|
|fb_422_address0    |  out|    3|   ap_memory|                                                            fb_422|         array|
|fb_422_ce0         |  out|    1|   ap_memory|                                                            fb_422|         array|
|fb_422_we0         |  out|    1|   ap_memory|                                                            fb_422|         array|
|fb_422_d0          |  out|    8|   ap_memory|                                                            fb_422|         array|
|fb_423_address0    |  out|    3|   ap_memory|                                                            fb_423|         array|
|fb_423_ce0         |  out|    1|   ap_memory|                                                            fb_423|         array|
|fb_423_we0         |  out|    1|   ap_memory|                                                            fb_423|         array|
|fb_423_d0          |  out|    8|   ap_memory|                                                            fb_423|         array|
|fb_424_address0    |  out|    3|   ap_memory|                                                            fb_424|         array|
|fb_424_ce0         |  out|    1|   ap_memory|                                                            fb_424|         array|
|fb_424_we0         |  out|    1|   ap_memory|                                                            fb_424|         array|
|fb_424_d0          |  out|    8|   ap_memory|                                                            fb_424|         array|
|fb_425_address0    |  out|    3|   ap_memory|                                                            fb_425|         array|
|fb_425_ce0         |  out|    1|   ap_memory|                                                            fb_425|         array|
|fb_425_we0         |  out|    1|   ap_memory|                                                            fb_425|         array|
|fb_425_d0          |  out|    8|   ap_memory|                                                            fb_425|         array|
|fb_426_address0    |  out|    3|   ap_memory|                                                            fb_426|         array|
|fb_426_ce0         |  out|    1|   ap_memory|                                                            fb_426|         array|
|fb_426_we0         |  out|    1|   ap_memory|                                                            fb_426|         array|
|fb_426_d0          |  out|    8|   ap_memory|                                                            fb_426|         array|
|fb_427_address0    |  out|    3|   ap_memory|                                                            fb_427|         array|
|fb_427_ce0         |  out|    1|   ap_memory|                                                            fb_427|         array|
|fb_427_we0         |  out|    1|   ap_memory|                                                            fb_427|         array|
|fb_427_d0          |  out|    8|   ap_memory|                                                            fb_427|         array|
|fb_428_address0    |  out|    3|   ap_memory|                                                            fb_428|         array|
|fb_428_ce0         |  out|    1|   ap_memory|                                                            fb_428|         array|
|fb_428_we0         |  out|    1|   ap_memory|                                                            fb_428|         array|
|fb_428_d0          |  out|    8|   ap_memory|                                                            fb_428|         array|
|fb_429_address0    |  out|    3|   ap_memory|                                                            fb_429|         array|
|fb_429_ce0         |  out|    1|   ap_memory|                                                            fb_429|         array|
|fb_429_we0         |  out|    1|   ap_memory|                                                            fb_429|         array|
|fb_429_d0          |  out|    8|   ap_memory|                                                            fb_429|         array|
|fb_430_address0    |  out|    3|   ap_memory|                                                            fb_430|         array|
|fb_430_ce0         |  out|    1|   ap_memory|                                                            fb_430|         array|
|fb_430_we0         |  out|    1|   ap_memory|                                                            fb_430|         array|
|fb_430_d0          |  out|    8|   ap_memory|                                                            fb_430|         array|
|empty              |   in|    2|     ap_none|                                                             empty|        scalar|
+-------------------+-----+-----+------------+------------------------------------------------------------------+--------------+

============================================================
+ Verbose Summary: Synthesis Manager
============================================================
InlineROM: 1
ExposeGlobal: 0
============================================================
+ Verbose Summary: CDFG Model
============================================================
IsTopModel: 0
ResetActiveHigh: 1
IsCombinational: 2
IsDatapathOnly: 2
HasWiredReturn: 1
HasMFsm: 2
HasVarLatency: 1
IsPipeline: 0
IsRtlPipelined: 0
IsInstanceOverlapped: 0
IsDontTouch: 0
HasImplIP: 0
IsGatedGlobalClock: 0

+ Individual pipeline summary: 
  * Pipeline-0: initiation interval (II) = 1, depth = 2


============================================================
+ Verbose Summary: Schedule
============================================================
* Number of FSM states : 2
* Pipeline : 1
  Pipeline-0 : II = 1, D = 2, States = { 1 2 }
* Dataflow Pipeline: 0

* FSM state transitions: 
1 --> 2 
2 --> 

* FSM state operations: 

State 1 <SV = 0> <Delay = 1.48>
ST_1 : Operation 5 [1/1] (0.00ns)   --->   "%x_7 = alloca i32 1" [./line_buffer.h:50->predecoder_kernel.cpp:55]   --->   Operation 5 'alloca' 'x_7' <Predicate = true> <Delay = 0.00>
ST_1 : Operation 6 [1/1] (0.00ns)   --->   "%y = alloca i32 1" [predecoder_kernel.cpp:46]   --->   Operation 6 'alloca' 'y' <Predicate = true> <Delay = 0.00>
ST_1 : Operation 7 [1/1] (0.00ns)   --->   "%indvar_flatten40 = alloca i32 1"   --->   Operation 7 'alloca' 'indvar_flatten40' <Predicate = true> <Delay = 0.00>
ST_1 : Operation 8 [1/1] (0.00ns)   --->   "%specinterface_ln0 = specinterface void @_ssdm_op_SpecInterface, i96 %s1, void @empty_1, i32 0, i32 0, void @empty_5, i32 0, i32 0, void @empty_5, void @empty_5, void @empty_5, i32 0, i32 0, i32 0, i32 0, void @empty_5, void @empty_5, i32 4294967295, i32 0"   --->   Operation 8 'specinterface' 'specinterface_ln0' <Predicate = true> <Delay = 0.00>
ST_1 : Operation 9 [1/1] (0.00ns)   --->   "%tmp = read i2 @_ssdm_op_Read.ap_auto.i2, i2 %empty"   --->   Operation 9 'read' 'tmp' <Predicate = true> <Delay = 0.00>
ST_1 : Operation 10 [1/1] (0.38ns)   --->   "%store_ln0 = store i6 0, i6 %indvar_flatten40"   --->   Operation 10 'store' 'store_ln0' <Predicate = true> <Delay = 0.38>
ST_1 : Operation 11 [1/1] (0.38ns)   --->   "%store_ln46 = store i3 0, i3 %y" [predecoder_kernel.cpp:46]   --->   Operation 11 'store' 'store_ln46' <Predicate = true> <Delay = 0.38>
ST_1 : Operation 12 [1/1] (0.38ns)   --->   "%store_ln50 = store i3 0, i3 %x_7" [./line_buffer.h:50->predecoder_kernel.cpp:55]   --->   Operation 12 'store' 'store_ln50' <Predicate = true> <Delay = 0.38>
ST_1 : Operation 13 [1/1] (0.00ns)   --->   "%br_ln0 = br void %VITIS_LOOP_51_3"   --->   Operation 13 'br' 'br_ln0' <Predicate = true> <Delay = 0.00>
ST_1 : Operation 14 [1/1] (0.00ns)   --->   "%indvar_flatten40_load = load i6 %indvar_flatten40" [predecoder_kernel.cpp:46]   --->   Operation 14 'load' 'indvar_flatten40_load' <Predicate = true> <Delay = 0.00>
ST_1 : Operation 15 [1/1] (0.70ns)   --->   "%icmp_ln46 = icmp_eq  i6 %indvar_flatten40_load, i6 36" [predecoder_kernel.cpp:46]   --->   Operation 15 'icmp' 'icmp_ln46' <Predicate = true> <Delay = 0.70> <CoreInst = "Cmp">   --->   Core 9 'Cmp' <Latency = 0> <II = 1> <Delay = 0.70> <FuncUnit> <Opcode : 'icmp'> <InPorts = 2> <OutPorts = 1>
ST_1 : Operation 16 [1/1] (0.70ns)   --->   "%add_ln46_2 = add i6 %indvar_flatten40_load, i6 1" [predecoder_kernel.cpp:46]   --->   Operation 16 'add' 'add_ln46_2' <Predicate = true> <Delay = 0.70> <CoreInst = "Adder">   --->   Core 1 'Adder' <Latency = 0> <II = 1> <Delay = 0.70> <FuncUnit> <Opcode : 'add' 'sub'> <InPorts = 2> <OutPorts = 1>
ST_1 : Operation 17 [1/1] (0.00ns)   --->   "%br_ln46 = br i1 %icmp_ln46, void %for.inc19, void %if.end.loopexit.exitStub" [predecoder_kernel.cpp:46]   --->   Operation 17 'br' 'br_ln46' <Predicate = true> <Delay = 0.00>
ST_1 : Operation 18 [1/1] (0.66ns)   --->   "%switch_ln55 = switch i2 %tmp, void %arrayidx94.i.11.case.2, i2 0, void %arrayidx94.i.11.case.0, i2 1, void %arrayidx94.i.11.case.1" [./line_buffer.h:55->predecoder_kernel.cpp:55]   --->   Operation 18 'switch' 'switch_ln55' <Predicate = (!icmp_ln46)> <Delay = 0.66>
ST_1 : Operation 19 [1/1] (0.00ns)   --->   "%br_ln55 = br void %arrayidx94.i.11.exit" [./line_buffer.h:55->predecoder_kernel.cpp:55]   --->   Operation 19 'br' 'br_ln55' <Predicate = (!icmp_ln46 & tmp == 1)> <Delay = 0.00>
ST_1 : Operation 20 [1/1] (0.00ns)   --->   "%br_ln55 = br void %arrayidx94.i.11.exit" [./line_buffer.h:55->predecoder_kernel.cpp:55]   --->   Operation 20 'br' 'br_ln55' <Predicate = (!icmp_ln46 & tmp == 0)> <Delay = 0.00>
ST_1 : Operation 21 [1/1] (0.00ns)   --->   "%br_ln55 = br void %arrayidx94.i.11.exit" [./line_buffer.h:55->predecoder_kernel.cpp:55]   --->   Operation 21 'br' 'br_ln55' <Predicate = (!icmp_ln46 & tmp != 0 & tmp != 1)> <Delay = 0.00>
ST_1 : Operation 22 [1/1] (0.38ns)   --->   "%store_ln46 = store i6 %add_ln46_2, i6 %indvar_flatten40" [predecoder_kernel.cpp:46]   --->   Operation 22 'store' 'store_ln46' <Predicate = (!icmp_ln46)> <Delay = 0.38>
ST_1 : Operation 503 [1/1] (0.00ns)   --->   "%ret_ln0 = ret"   --->   Operation 503 'ret' 'ret_ln0' <Predicate = (icmp_ln46)> <Delay = 0.00>

State 2 <SV = 1> <Delay = 2.18>
ST_2 : Operation 23 [1/1] (0.00ns)   --->   "%x_7_load = load i3 %x_7" [predecoder_kernel.cpp:47]   --->   Operation 23 'load' 'x_7_load' <Predicate = true> <Delay = 0.00>
ST_2 : Operation 24 [1/1] (0.00ns)   --->   "%y_load = load i3 %y" [predecoder_kernel.cpp:46]   --->   Operation 24 'load' 'y_load' <Predicate = true> <Delay = 0.00>
ST_2 : Operation 25 [1/1] (0.57ns)   --->   "%add_ln46 = add i3 %y_load, i3 1" [predecoder_kernel.cpp:46]   --->   Operation 25 'add' 'add_ln46' <Predicate = true> <Delay = 0.57> <CoreInst = "Adder">   --->   Core 1 'Adder' <Latency = 0> <II = 1> <Delay = 0.57> <FuncUnit> <Opcode : 'add' 'sub'> <InPorts = 2> <OutPorts = 1>
ST_2 : Operation 26 [1/1] (0.00ns)   --->   "%specloopname_ln0 = specloopname void @_ssdm_op_SpecLoopName, void @VITIS_LOOP_46_1_VITIS_LOOP_47_2_str"   --->   Operation 26 'specloopname' 'specloopname_ln0' <Predicate = true> <Delay = 0.00>
ST_2 : Operation 27 [1/1] (0.00ns)   --->   "%speclooptripcount_ln0 = speclooptripcount void @_ssdm_op_SpecLoopTripCount, i64 36, i64 36, i64 36"   --->   Operation 27 'speclooptripcount' 'speclooptripcount_ln0' <Predicate = true> <Delay = 0.00>
ST_2 : Operation 28 [1/1] (0.57ns)   --->   "%icmp_ln47 = icmp_eq  i3 %x_7_load, i3 6" [predecoder_kernel.cpp:47]   --->   Operation 28 'icmp' 'icmp_ln47' <Predicate = true> <Delay = 0.57> <CoreInst = "Cmp">   --->   Core 9 'Cmp' <Latency = 0> <II = 1> <Delay = 0.57> <FuncUnit> <Opcode : 'icmp'> <InPorts = 2> <OutPorts = 1>
ST_2 : Operation 29 [1/1] (0.27ns)   --->   "%select_ln46 = select i1 %icmp_ln47, i3 0, i3 %x_7_load" [predecoder_kernel.cpp:46]   --->   Operation 29 'select' 'select_ln46' <Predicate = true> <Delay = 0.27> <CoreInst = "Sel">   --->   Core 73 'Sel' <Latency = 0> <II = 1> <Delay = 0.27> <FuncUnit> <Opcode : 'select'> <InPorts = 3> <OutPorts = 1>
ST_2 : Operation 30 [1/1] (0.27ns)   --->   "%select_ln46_2 = select i1 %icmp_ln47, i3 %add_ln46, i3 %y_load" [predecoder_kernel.cpp:46]   --->   Operation 30 'select' 'select_ln46_2' <Predicate = true> <Delay = 0.27> <CoreInst = "Sel">   --->   Core 73 'Sel' <Latency = 0> <II = 1> <Delay = 0.27> <FuncUnit> <Opcode : 'select'> <InPorts = 3> <OutPorts = 1>
ST_2 : Operation 31 [1/1] (0.00ns)   --->   "%zext_ln46 = zext i3 %select_ln46_2" [predecoder_kernel.cpp:46]   --->   Operation 31 'zext' 'zext_ln46' <Predicate = true> <Delay = 0.00>
ST_2 : Operation 32 [1/1] (0.00ns)   --->   "%fb_addr = getelementptr i8 %fb, i64 0, i64 %zext_ln46" [./line_buffer.h:55->predecoder_kernel.cpp:55]   --->   Operation 32 'getelementptr' 'fb_addr' <Predicate = true> <Delay = 0.00>
ST_2 : Operation 33 [1/1] (0.00ns)   --->   "%fb_216_addr = getelementptr i8 %fb_216, i64 0, i64 %zext_ln46" [./line_buffer.h:55->predecoder_kernel.cpp:55]   --->   Operation 33 'getelementptr' 'fb_216_addr' <Predicate = true> <Delay = 0.00>
ST_2 : Operation 34 [1/1] (0.00ns)   --->   "%fb_217_addr = getelementptr i8 %fb_217, i64 0, i64 %zext_ln46" [./line_buffer.h:55->predecoder_kernel.cpp:55]   --->   Operation 34 'getelementptr' 'fb_217_addr' <Predicate = true> <Delay = 0.00>
ST_2 : Operation 35 [1/1] (0.00ns)   --->   "%fb_218_addr = getelementptr i8 %fb_218, i64 0, i64 %zext_ln46" [./line_buffer.h:55->predecoder_kernel.cpp:55]   --->   Operation 35 'getelementptr' 'fb_218_addr' <Predicate = true> <Delay = 0.00>
ST_2 : Operation 36 [1/1] (0.00ns)   --->   "%fb_219_addr = getelementptr i8 %fb_219, i64 0, i64 %zext_ln46" [./line_buffer.h:55->predecoder_kernel.cpp:55]   --->   Operation 36 'getelementptr' 'fb_219_addr' <Predicate = true> <Delay = 0.00>
ST_2 : Operation 37 [1/1] (0.00ns)   --->   "%fb_220_addr = getelementptr i8 %fb_220, i64 0, i64 %zext_ln46" [./line_buffer.h:55->predecoder_kernel.cpp:55]   --->   Operation 37 'getelementptr' 'fb_220_addr' <Predicate = true> <Delay = 0.00>
ST_2 : Operation 38 [1/1] (0.00ns)   --->   "%fb_221_addr = getelementptr i8 %fb_221, i64 0, i64 %zext_ln46" [./line_buffer.h:55->predecoder_kernel.cpp:55]   --->   Operation 38 'getelementptr' 'fb_221_addr' <Predicate = true> <Delay = 0.00>
ST_2 : Operation 39 [1/1] (0.00ns)   --->   "%fb_222_addr = getelementptr i8 %fb_222, i64 0, i64 %zext_ln46" [./line_buffer.h:55->predecoder_kernel.cpp:55]   --->   Operation 39 'getelementptr' 'fb_222_addr' <Predicate = true> <Delay = 0.00>
ST_2 : Operation 40 [1/1] (0.00ns)   --->   "%fb_223_addr = getelementptr i8 %fb_223, i64 0, i64 %zext_ln46" [./line_buffer.h:55->predecoder_kernel.cpp:55]   --->   Operation 40 'getelementptr' 'fb_223_addr' <Predicate = true> <Delay = 0.00>
ST_2 : Operation 41 [1/1] (0.00ns)   --->   "%fb_224_addr = getelementptr i8 %fb_224, i64 0, i64 %zext_ln46" [./line_buffer.h:55->predecoder_kernel.cpp:55]   --->   Operation 41 'getelementptr' 'fb_224_addr' <Predicate = true> <Delay = 0.00>
ST_2 : Operation 42 [1/1] (0.00ns)   --->   "%fb_225_addr = getelementptr i8 %fb_225, i64 0, i64 %zext_ln46" [./line_buffer.h:55->predecoder_kernel.cpp:55]   --->   Operation 42 'getelementptr' 'fb_225_addr' <Predicate = true> <Delay = 0.00>
ST_2 : Operation 43 [1/1] (0.00ns)   --->   "%fb_226_addr = getelementptr i8 %fb_226, i64 0, i64 %zext_ln46" [./line_buffer.h:55->predecoder_kernel.cpp:55]   --->   Operation 43 'getelementptr' 'fb_226_addr' <Predicate = true> <Delay = 0.00>
ST_2 : Operation 44 [1/1] (0.00ns)   --->   "%fb_227_addr = getelementptr i8 %fb_227, i64 0, i64 %zext_ln46" [./line_buffer.h:55->predecoder_kernel.cpp:55]   --->   Operation 44 'getelementptr' 'fb_227_addr' <Predicate = true> <Delay = 0.00>
ST_2 : Operation 45 [1/1] (0.00ns)   --->   "%fb_228_addr = getelementptr i8 %fb_228, i64 0, i64 %zext_ln46" [./line_buffer.h:55->predecoder_kernel.cpp:55]   --->   Operation 45 'getelementptr' 'fb_228_addr' <Predicate = true> <Delay = 0.00>
ST_2 : Operation 46 [1/1] (0.00ns)   --->   "%fb_229_addr = getelementptr i8 %fb_229, i64 0, i64 %zext_ln46" [./line_buffer.h:55->predecoder_kernel.cpp:55]   --->   Operation 46 'getelementptr' 'fb_229_addr' <Predicate = true> <Delay = 0.00>
ST_2 : Operation 47 [1/1] (0.00ns)   --->   "%fb_230_addr = getelementptr i8 %fb_230, i64 0, i64 %zext_ln46" [./line_buffer.h:55->predecoder_kernel.cpp:55]   --->   Operation 47 'getelementptr' 'fb_230_addr' <Predicate = true> <Delay = 0.00>
ST_2 : Operation 48 [1/1] (0.00ns)   --->   "%fb_231_addr = getelementptr i8 %fb_231, i64 0, i64 %zext_ln46" [./line_buffer.h:55->predecoder_kernel.cpp:55]   --->   Operation 48 'getelementptr' 'fb_231_addr' <Predicate = true> <Delay = 0.00>
ST_2 : Operation 49 [1/1] (0.00ns)   --->   "%fb_232_addr = getelementptr i8 %fb_232, i64 0, i64 %zext_ln46" [./line_buffer.h:55->predecoder_kernel.cpp:55]   --->   Operation 49 'getelementptr' 'fb_232_addr' <Predicate = true> <Delay = 0.00>
ST_2 : Operation 50 [1/1] (0.00ns)   --->   "%fb_233_addr = getelementptr i8 %fb_233, i64 0, i64 %zext_ln46" [./line_buffer.h:55->predecoder_kernel.cpp:55]   --->   Operation 50 'getelementptr' 'fb_233_addr' <Predicate = true> <Delay = 0.00>
ST_2 : Operation 51 [1/1] (0.00ns)   --->   "%fb_234_addr = getelementptr i8 %fb_234, i64 0, i64 %zext_ln46" [./line_buffer.h:55->predecoder_kernel.cpp:55]   --->   Operation 51 'getelementptr' 'fb_234_addr' <Predicate = true> <Delay = 0.00>
ST_2 : Operation 52 [1/1] (0.00ns)   --->   "%fb_235_addr = getelementptr i8 %fb_235, i64 0, i64 %zext_ln46" [./line_buffer.h:55->predecoder_kernel.cpp:55]   --->   Operation 52 'getelementptr' 'fb_235_addr' <Predicate = true> <Delay = 0.00>
ST_2 : Operation 53 [1/1] (0.00ns)   --->   "%fb_236_addr = getelementptr i8 %fb_236, i64 0, i64 %zext_ln46" [./line_buffer.h:55->predecoder_kernel.cpp:55]   --->   Operation 53 'getelementptr' 'fb_236_addr' <Predicate = true> <Delay = 0.00>
ST_2 : Operation 54 [1/1] (0.00ns)   --->   "%fb_237_addr = getelementptr i8 %fb_237, i64 0, i64 %zext_ln46" [./line_buffer.h:55->predecoder_kernel.cpp:55]   --->   Operation 54 'getelementptr' 'fb_237_addr' <Predicate = true> <Delay = 0.00>
ST_2 : Operation 55 [1/1] (0.00ns)   --->   "%fb_238_addr = getelementptr i8 %fb_238, i64 0, i64 %zext_ln46" [./line_buffer.h:55->predecoder_kernel.cpp:55]   --->   Operation 55 'getelementptr' 'fb_238_addr' <Predicate = true> <Delay = 0.00>
ST_2 : Operation 56 [1/1] (0.00ns)   --->   "%fb_239_addr = getelementptr i8 %fb_239, i64 0, i64 %zext_ln46" [./line_buffer.h:55->predecoder_kernel.cpp:55]   --->   Operation 56 'getelementptr' 'fb_239_addr' <Predicate = true> <Delay = 0.00>
ST_2 : Operation 57 [1/1] (0.00ns)   --->   "%fb_240_addr = getelementptr i8 %fb_240, i64 0, i64 %zext_ln46" [./line_buffer.h:55->predecoder_kernel.cpp:55]   --->   Operation 57 'getelementptr' 'fb_240_addr' <Predicate = true> <Delay = 0.00>
ST_2 : Operation 58 [1/1] (0.00ns)   --->   "%fb_241_addr = getelementptr i8 %fb_241, i64 0, i64 %zext_ln46" [./line_buffer.h:55->predecoder_kernel.cpp:55]   --->   Operation 58 'getelementptr' 'fb_241_addr' <Predicate = true> <Delay = 0.00>
ST_2 : Operation 59 [1/1] (0.00ns)   --->   "%fb_242_addr = getelementptr i8 %fb_242, i64 0, i64 %zext_ln46" [./line_buffer.h:55->predecoder_kernel.cpp:55]   --->   Operation 59 'getelementptr' 'fb_242_addr' <Predicate = true> <Delay = 0.00>
ST_2 : Operation 60 [1/1] (0.00ns)   --->   "%fb_243_addr = getelementptr i8 %fb_243, i64 0, i64 %zext_ln46" [./line_buffer.h:55->predecoder_kernel.cpp:55]   --->   Operation 60 'getelementptr' 'fb_243_addr' <Predicate = true> <Delay = 0.00>
ST_2 : Operation 61 [1/1] (0.00ns)   --->   "%fb_244_addr = getelementptr i8 %fb_244, i64 0, i64 %zext_ln46" [./line_buffer.h:55->predecoder_kernel.cpp:55]   --->   Operation 61 'getelementptr' 'fb_244_addr' <Predicate = true> <Delay = 0.00>
ST_2 : Operation 62 [1/1] (0.00ns)   --->   "%fb_245_addr = getelementptr i8 %fb_245, i64 0, i64 %zext_ln46" [./line_buffer.h:55->predecoder_kernel.cpp:55]   --->   Operation 62 'getelementptr' 'fb_245_addr' <Predicate = true> <Delay = 0.00>
ST_2 : Operation 63 [1/1] (0.00ns)   --->   "%fb_246_addr = getelementptr i8 %fb_246, i64 0, i64 %zext_ln46" [./line_buffer.h:55->predecoder_kernel.cpp:55]   --->   Operation 63 'getelementptr' 'fb_246_addr' <Predicate = true> <Delay = 0.00>
ST_2 : Operation 64 [1/1] (0.00ns)   --->   "%fb_247_addr = getelementptr i8 %fb_247, i64 0, i64 %zext_ln46" [./line_buffer.h:55->predecoder_kernel.cpp:55]   --->   Operation 64 'getelementptr' 'fb_247_addr' <Predicate = true> <Delay = 0.00>
ST_2 : Operation 65 [1/1] (0.00ns)   --->   "%fb_248_addr = getelementptr i8 %fb_248, i64 0, i64 %zext_ln46" [./line_buffer.h:55->predecoder_kernel.cpp:55]   --->   Operation 65 'getelementptr' 'fb_248_addr' <Predicate = true> <Delay = 0.00>
ST_2 : Operation 66 [1/1] (0.00ns)   --->   "%fb_249_addr = getelementptr i8 %fb_249, i64 0, i64 %zext_ln46" [./line_buffer.h:55->predecoder_kernel.cpp:55]   --->   Operation 66 'getelementptr' 'fb_249_addr' <Predicate = true> <Delay = 0.00>
ST_2 : Operation 67 [1/1] (0.00ns)   --->   "%fb_250_addr = getelementptr i8 %fb_250, i64 0, i64 %zext_ln46" [./line_buffer.h:55->predecoder_kernel.cpp:55]   --->   Operation 67 'getelementptr' 'fb_250_addr' <Predicate = true> <Delay = 0.00>
ST_2 : Operation 68 [1/1] (0.00ns)   --->   "%fb_251_addr = getelementptr i8 %fb_251, i64 0, i64 %zext_ln46" [./line_buffer.h:55->predecoder_kernel.cpp:55]   --->   Operation 68 'getelementptr' 'fb_251_addr' <Predicate = true> <Delay = 0.00>
ST_2 : Operation 69 [1/1] (0.00ns)   --->   "%fb_252_addr = getelementptr i8 %fb_252, i64 0, i64 %zext_ln46" [./line_buffer.h:55->predecoder_kernel.cpp:55]   --->   Operation 69 'getelementptr' 'fb_252_addr' <Predicate = true> <Delay = 0.00>
ST_2 : Operation 70 [1/1] (0.00ns)   --->   "%fb_253_addr = getelementptr i8 %fb_253, i64 0, i64 %zext_ln46" [./line_buffer.h:55->predecoder_kernel.cpp:55]   --->   Operation 70 'getelementptr' 'fb_253_addr' <Predicate = true> <Delay = 0.00>
ST_2 : Operation 71 [1/1] (0.00ns)   --->   "%fb_254_addr = getelementptr i8 %fb_254, i64 0, i64 %zext_ln46" [./line_buffer.h:55->predecoder_kernel.cpp:55]   --->   Operation 71 'getelementptr' 'fb_254_addr' <Predicate = true> <Delay = 0.00>
ST_2 : Operation 72 [1/1] (0.00ns)   --->   "%fb_255_addr = getelementptr i8 %fb_255, i64 0, i64 %zext_ln46" [./line_buffer.h:55->predecoder_kernel.cpp:55]   --->   Operation 72 'getelementptr' 'fb_255_addr' <Predicate = true> <Delay = 0.00>
ST_2 : Operation 73 [1/1] (0.00ns)   --->   "%fb_256_addr = getelementptr i8 %fb_256, i64 0, i64 %zext_ln46" [./line_buffer.h:55->predecoder_kernel.cpp:55]   --->   Operation 73 'getelementptr' 'fb_256_addr' <Predicate = true> <Delay = 0.00>
ST_2 : Operation 74 [1/1] (0.00ns)   --->   "%fb_257_addr = getelementptr i8 %fb_257, i64 0, i64 %zext_ln46" [./line_buffer.h:55->predecoder_kernel.cpp:55]   --->   Operation 74 'getelementptr' 'fb_257_addr' <Predicate = true> <Delay = 0.00>
ST_2 : Operation 75 [1/1] (0.00ns)   --->   "%fb_258_addr = getelementptr i8 %fb_258, i64 0, i64 %zext_ln46" [./line_buffer.h:55->predecoder_kernel.cpp:55]   --->   Operation 75 'getelementptr' 'fb_258_addr' <Predicate = true> <Delay = 0.00>
ST_2 : Operation 76 [1/1] (0.00ns)   --->   "%fb_259_addr = getelementptr i8 %fb_259, i64 0, i64 %zext_ln46" [./line_buffer.h:55->predecoder_kernel.cpp:55]   --->   Operation 76 'getelementptr' 'fb_259_addr' <Predicate = true> <Delay = 0.00>
ST_2 : Operation 77 [1/1] (0.00ns)   --->   "%fb_260_addr = getelementptr i8 %fb_260, i64 0, i64 %zext_ln46" [./line_buffer.h:55->predecoder_kernel.cpp:55]   --->   Operation 77 'getelementptr' 'fb_260_addr' <Predicate = true> <Delay = 0.00>
ST_2 : Operation 78 [1/1] (0.00ns)   --->   "%fb_261_addr = getelementptr i8 %fb_261, i64 0, i64 %zext_ln46" [./line_buffer.h:55->predecoder_kernel.cpp:55]   --->   Operation 78 'getelementptr' 'fb_261_addr' <Predicate = true> <Delay = 0.00>
ST_2 : Operation 79 [1/1] (0.00ns)   --->   "%fb_262_addr = getelementptr i8 %fb_262, i64 0, i64 %zext_ln46" [./line_buffer.h:55->predecoder_kernel.cpp:55]   --->   Operation 79 'getelementptr' 'fb_262_addr' <Predicate = true> <Delay = 0.00>
ST_2 : Operation 80 [1/1] (0.00ns)   --->   "%fb_263_addr = getelementptr i8 %fb_263, i64 0, i64 %zext_ln46" [./line_buffer.h:55->predecoder_kernel.cpp:55]   --->   Operation 80 'getelementptr' 'fb_263_addr' <Predicate = true> <Delay = 0.00>
ST_2 : Operation 81 [1/1] (0.00ns)   --->   "%fb_264_addr = getelementptr i8 %fb_264, i64 0, i64 %zext_ln46" [./line_buffer.h:55->predecoder_kernel.cpp:55]   --->   Operation 81 'getelementptr' 'fb_264_addr' <Predicate = true> <Delay = 0.00>
ST_2 : Operation 82 [1/1] (0.00ns)   --->   "%fb_265_addr = getelementptr i8 %fb_265, i64 0, i64 %zext_ln46" [./line_buffer.h:55->predecoder_kernel.cpp:55]   --->   Operation 82 'getelementptr' 'fb_265_addr' <Predicate = true> <Delay = 0.00>
ST_2 : Operation 83 [1/1] (0.00ns)   --->   "%fb_266_addr = getelementptr i8 %fb_266, i64 0, i64 %zext_ln46" [./line_buffer.h:55->predecoder_kernel.cpp:55]   --->   Operation 83 'getelementptr' 'fb_266_addr' <Predicate = true> <Delay = 0.00>
ST_2 : Operation 84 [1/1] (0.00ns)   --->   "%fb_267_addr = getelementptr i8 %fb_267, i64 0, i64 %zext_ln46" [./line_buffer.h:55->predecoder_kernel.cpp:55]   --->   Operation 84 'getelementptr' 'fb_267_addr' <Predicate = true> <Delay = 0.00>
ST_2 : Operation 85 [1/1] (0.00ns)   --->   "%fb_268_addr = getelementptr i8 %fb_268, i64 0, i64 %zext_ln46" [./line_buffer.h:55->predecoder_kernel.cpp:55]   --->   Operation 85 'getelementptr' 'fb_268_addr' <Predicate = true> <Delay = 0.00>
ST_2 : Operation 86 [1/1] (0.00ns)   --->   "%fb_269_addr = getelementptr i8 %fb_269, i64 0, i64 %zext_ln46" [./line_buffer.h:55->predecoder_kernel.cpp:55]   --->   Operation 86 'getelementptr' 'fb_269_addr' <Predicate = true> <Delay = 0.00>
ST_2 : Operation 87 [1/1] (0.00ns)   --->   "%fb_270_addr = getelementptr i8 %fb_270, i64 0, i64 %zext_ln46" [./line_buffer.h:55->predecoder_kernel.cpp:55]   --->   Operation 87 'getelementptr' 'fb_270_addr' <Predicate = true> <Delay = 0.00>
ST_2 : Operation 88 [1/1] (0.00ns)   --->   "%fb_271_addr = getelementptr i8 %fb_271, i64 0, i64 %zext_ln46" [./line_buffer.h:55->predecoder_kernel.cpp:55]   --->   Operation 88 'getelementptr' 'fb_271_addr' <Predicate = true> <Delay = 0.00>
ST_2 : Operation 89 [1/1] (0.00ns)   --->   "%fb_272_addr = getelementptr i8 %fb_272, i64 0, i64 %zext_ln46" [./line_buffer.h:55->predecoder_kernel.cpp:55]   --->   Operation 89 'getelementptr' 'fb_272_addr' <Predicate = true> <Delay = 0.00>
ST_2 : Operation 90 [1/1] (0.00ns)   --->   "%fb_273_addr = getelementptr i8 %fb_273, i64 0, i64 %zext_ln46" [./line_buffer.h:55->predecoder_kernel.cpp:55]   --->   Operation 90 'getelementptr' 'fb_273_addr' <Predicate = true> <Delay = 0.00>
ST_2 : Operation 91 [1/1] (0.00ns)   --->   "%fb_274_addr = getelementptr i8 %fb_274, i64 0, i64 %zext_ln46" [./line_buffer.h:55->predecoder_kernel.cpp:55]   --->   Operation 91 'getelementptr' 'fb_274_addr' <Predicate = true> <Delay = 0.00>
ST_2 : Operation 92 [1/1] (0.00ns)   --->   "%fb_275_addr = getelementptr i8 %fb_275, i64 0, i64 %zext_ln46" [./line_buffer.h:55->predecoder_kernel.cpp:55]   --->   Operation 92 'getelementptr' 'fb_275_addr' <Predicate = true> <Delay = 0.00>
ST_2 : Operation 93 [1/1] (0.00ns)   --->   "%fb_276_addr = getelementptr i8 %fb_276, i64 0, i64 %zext_ln46" [./line_buffer.h:55->predecoder_kernel.cpp:55]   --->   Operation 93 'getelementptr' 'fb_276_addr' <Predicate = true> <Delay = 0.00>
ST_2 : Operation 94 [1/1] (0.00ns)   --->   "%fb_277_addr = getelementptr i8 %fb_277, i64 0, i64 %zext_ln46" [./line_buffer.h:55->predecoder_kernel.cpp:55]   --->   Operation 94 'getelementptr' 'fb_277_addr' <Predicate = true> <Delay = 0.00>
ST_2 : Operation 95 [1/1] (0.00ns)   --->   "%fb_278_addr = getelementptr i8 %fb_278, i64 0, i64 %zext_ln46" [./line_buffer.h:55->predecoder_kernel.cpp:55]   --->   Operation 95 'getelementptr' 'fb_278_addr' <Predicate = true> <Delay = 0.00>
ST_2 : Operation 96 [1/1] (0.00ns)   --->   "%fb_279_addr = getelementptr i8 %fb_279, i64 0, i64 %zext_ln46" [./line_buffer.h:55->predecoder_kernel.cpp:55]   --->   Operation 96 'getelementptr' 'fb_279_addr' <Predicate = true> <Delay = 0.00>
ST_2 : Operation 97 [1/1] (0.00ns)   --->   "%fb_280_addr = getelementptr i8 %fb_280, i64 0, i64 %zext_ln46" [./line_buffer.h:55->predecoder_kernel.cpp:55]   --->   Operation 97 'getelementptr' 'fb_280_addr' <Predicate = true> <Delay = 0.00>
ST_2 : Operation 98 [1/1] (0.00ns)   --->   "%fb_281_addr = getelementptr i8 %fb_281, i64 0, i64 %zext_ln46" [./line_buffer.h:55->predecoder_kernel.cpp:55]   --->   Operation 98 'getelementptr' 'fb_281_addr' <Predicate = true> <Delay = 0.00>
ST_2 : Operation 99 [1/1] (0.00ns)   --->   "%fb_282_addr = getelementptr i8 %fb_282, i64 0, i64 %zext_ln46" [./line_buffer.h:55->predecoder_kernel.cpp:55]   --->   Operation 99 'getelementptr' 'fb_282_addr' <Predicate = true> <Delay = 0.00>
ST_2 : Operation 100 [1/1] (0.00ns)   --->   "%fb_283_addr = getelementptr i8 %fb_283, i64 0, i64 %zext_ln46" [./line_buffer.h:55->predecoder_kernel.cpp:55]   --->   Operation 100 'getelementptr' 'fb_283_addr' <Predicate = true> <Delay = 0.00>
ST_2 : Operation 101 [1/1] (0.00ns)   --->   "%fb_284_addr = getelementptr i8 %fb_284, i64 0, i64 %zext_ln46" [./line_buffer.h:55->predecoder_kernel.cpp:55]   --->   Operation 101 'getelementptr' 'fb_284_addr' <Predicate = true> <Delay = 0.00>
ST_2 : Operation 102 [1/1] (0.00ns)   --->   "%fb_285_addr = getelementptr i8 %fb_285, i64 0, i64 %zext_ln46" [./line_buffer.h:55->predecoder_kernel.cpp:55]   --->   Operation 102 'getelementptr' 'fb_285_addr' <Predicate = true> <Delay = 0.00>
ST_2 : Operation 103 [1/1] (0.00ns)   --->   "%fb_286_addr = getelementptr i8 %fb_286, i64 0, i64 %zext_ln46" [./line_buffer.h:55->predecoder_kernel.cpp:55]   --->   Operation 103 'getelementptr' 'fb_286_addr' <Predicate = true> <Delay = 0.00>
ST_2 : Operation 104 [1/1] (0.00ns)   --->   "%fb_287_addr = getelementptr i8 %fb_287, i64 0, i64 %zext_ln46" [./line_buffer.h:55->predecoder_kernel.cpp:55]   --->   Operation 104 'getelementptr' 'fb_287_addr' <Predicate = true> <Delay = 0.00>
ST_2 : Operation 105 [1/1] (0.00ns)   --->   "%fb_288_addr = getelementptr i8 %fb_288, i64 0, i64 %zext_ln46" [./line_buffer.h:55->predecoder_kernel.cpp:55]   --->   Operation 105 'getelementptr' 'fb_288_addr' <Predicate = true> <Delay = 0.00>
ST_2 : Operation 106 [1/1] (0.00ns)   --->   "%fb_289_addr = getelementptr i8 %fb_289, i64 0, i64 %zext_ln46" [./line_buffer.h:55->predecoder_kernel.cpp:55]   --->   Operation 106 'getelementptr' 'fb_289_addr' <Predicate = true> <Delay = 0.00>
ST_2 : Operation 107 [1/1] (0.00ns)   --->   "%fb_290_addr = getelementptr i8 %fb_290, i64 0, i64 %zext_ln46" [./line_buffer.h:55->predecoder_kernel.cpp:55]   --->   Operation 107 'getelementptr' 'fb_290_addr' <Predicate = true> <Delay = 0.00>
ST_2 : Operation 108 [1/1] (0.00ns)   --->   "%fb_291_addr = getelementptr i8 %fb_291, i64 0, i64 %zext_ln46" [./line_buffer.h:55->predecoder_kernel.cpp:55]   --->   Operation 108 'getelementptr' 'fb_291_addr' <Predicate = true> <Delay = 0.00>
ST_2 : Operation 109 [1/1] (0.00ns)   --->   "%fb_292_addr = getelementptr i8 %fb_292, i64 0, i64 %zext_ln46" [./line_buffer.h:55->predecoder_kernel.cpp:55]   --->   Operation 109 'getelementptr' 'fb_292_addr' <Predicate = true> <Delay = 0.00>
ST_2 : Operation 110 [1/1] (0.00ns)   --->   "%fb_293_addr = getelementptr i8 %fb_293, i64 0, i64 %zext_ln46" [./line_buffer.h:55->predecoder_kernel.cpp:55]   --->   Operation 110 'getelementptr' 'fb_293_addr' <Predicate = true> <Delay = 0.00>
ST_2 : Operation 111 [1/1] (0.00ns)   --->   "%fb_294_addr = getelementptr i8 %fb_294, i64 0, i64 %zext_ln46" [./line_buffer.h:55->predecoder_kernel.cpp:55]   --->   Operation 111 'getelementptr' 'fb_294_addr' <Predicate = true> <Delay = 0.00>
ST_2 : Operation 112 [1/1] (0.00ns)   --->   "%fb_295_addr = getelementptr i8 %fb_295, i64 0, i64 %zext_ln46" [./line_buffer.h:55->predecoder_kernel.cpp:55]   --->   Operation 112 'getelementptr' 'fb_295_addr' <Predicate = true> <Delay = 0.00>
ST_2 : Operation 113 [1/1] (0.00ns)   --->   "%fb_296_addr = getelementptr i8 %fb_296, i64 0, i64 %zext_ln46" [./line_buffer.h:55->predecoder_kernel.cpp:55]   --->   Operation 113 'getelementptr' 'fb_296_addr' <Predicate = true> <Delay = 0.00>
ST_2 : Operation 114 [1/1] (0.00ns)   --->   "%fb_297_addr = getelementptr i8 %fb_297, i64 0, i64 %zext_ln46" [./line_buffer.h:55->predecoder_kernel.cpp:55]   --->   Operation 114 'getelementptr' 'fb_297_addr' <Predicate = true> <Delay = 0.00>
ST_2 : Operation 115 [1/1] (0.00ns)   --->   "%fb_298_addr = getelementptr i8 %fb_298, i64 0, i64 %zext_ln46" [./line_buffer.h:55->predecoder_kernel.cpp:55]   --->   Operation 115 'getelementptr' 'fb_298_addr' <Predicate = true> <Delay = 0.00>
ST_2 : Operation 116 [1/1] (0.00ns)   --->   "%fb_299_addr = getelementptr i8 %fb_299, i64 0, i64 %zext_ln46" [./line_buffer.h:55->predecoder_kernel.cpp:55]   --->   Operation 116 'getelementptr' 'fb_299_addr' <Predicate = true> <Delay = 0.00>
ST_2 : Operation 117 [1/1] (0.00ns)   --->   "%fb_300_addr = getelementptr i8 %fb_300, i64 0, i64 %zext_ln46" [./line_buffer.h:55->predecoder_kernel.cpp:55]   --->   Operation 117 'getelementptr' 'fb_300_addr' <Predicate = true> <Delay = 0.00>
ST_2 : Operation 118 [1/1] (0.00ns)   --->   "%fb_301_addr = getelementptr i8 %fb_301, i64 0, i64 %zext_ln46" [./line_buffer.h:55->predecoder_kernel.cpp:55]   --->   Operation 118 'getelementptr' 'fb_301_addr' <Predicate = true> <Delay = 0.00>
ST_2 : Operation 119 [1/1] (0.00ns)   --->   "%fb_302_addr = getelementptr i8 %fb_302, i64 0, i64 %zext_ln46" [./line_buffer.h:55->predecoder_kernel.cpp:55]   --->   Operation 119 'getelementptr' 'fb_302_addr' <Predicate = true> <Delay = 0.00>
ST_2 : Operation 120 [1/1] (0.00ns)   --->   "%fb_303_addr = getelementptr i8 %fb_303, i64 0, i64 %zext_ln46" [./line_buffer.h:55->predecoder_kernel.cpp:55]   --->   Operation 120 'getelementptr' 'fb_303_addr' <Predicate = true> <Delay = 0.00>
ST_2 : Operation 121 [1/1] (0.00ns)   --->   "%fb_304_addr = getelementptr i8 %fb_304, i64 0, i64 %zext_ln46" [./line_buffer.h:55->predecoder_kernel.cpp:55]   --->   Operation 121 'getelementptr' 'fb_304_addr' <Predicate = true> <Delay = 0.00>
ST_2 : Operation 122 [1/1] (0.00ns)   --->   "%fb_305_addr = getelementptr i8 %fb_305, i64 0, i64 %zext_ln46" [./line_buffer.h:55->predecoder_kernel.cpp:55]   --->   Operation 122 'getelementptr' 'fb_305_addr' <Predicate = true> <Delay = 0.00>
ST_2 : Operation 123 [1/1] (0.00ns)   --->   "%fb_306_addr = getelementptr i8 %fb_306, i64 0, i64 %zext_ln46" [./line_buffer.h:55->predecoder_kernel.cpp:55]   --->   Operation 123 'getelementptr' 'fb_306_addr' <Predicate = true> <Delay = 0.00>
ST_2 : Operation 124 [1/1] (0.00ns)   --->   "%fb_307_addr = getelementptr i8 %fb_307, i64 0, i64 %zext_ln46" [./line_buffer.h:55->predecoder_kernel.cpp:55]   --->   Operation 124 'getelementptr' 'fb_307_addr' <Predicate = true> <Delay = 0.00>
ST_2 : Operation 125 [1/1] (0.00ns)   --->   "%fb_308_addr = getelementptr i8 %fb_308, i64 0, i64 %zext_ln46" [./line_buffer.h:55->predecoder_kernel.cpp:55]   --->   Operation 125 'getelementptr' 'fb_308_addr' <Predicate = true> <Delay = 0.00>
ST_2 : Operation 126 [1/1] (0.00ns)   --->   "%fb_309_addr = getelementptr i8 %fb_309, i64 0, i64 %zext_ln46" [./line_buffer.h:55->predecoder_kernel.cpp:55]   --->   Operation 126 'getelementptr' 'fb_309_addr' <Predicate = true> <Delay = 0.00>
ST_2 : Operation 127 [1/1] (0.00ns)   --->   "%fb_310_addr = getelementptr i8 %fb_310, i64 0, i64 %zext_ln46" [./line_buffer.h:55->predecoder_kernel.cpp:55]   --->   Operation 127 'getelementptr' 'fb_310_addr' <Predicate = true> <Delay = 0.00>
ST_2 : Operation 128 [1/1] (0.00ns)   --->   "%fb_311_addr = getelementptr i8 %fb_311, i64 0, i64 %zext_ln46" [./line_buffer.h:55->predecoder_kernel.cpp:55]   --->   Operation 128 'getelementptr' 'fb_311_addr' <Predicate = true> <Delay = 0.00>
ST_2 : Operation 129 [1/1] (0.00ns)   --->   "%fb_312_addr = getelementptr i8 %fb_312, i64 0, i64 %zext_ln46" [./line_buffer.h:55->predecoder_kernel.cpp:55]   --->   Operation 129 'getelementptr' 'fb_312_addr' <Predicate = true> <Delay = 0.00>
ST_2 : Operation 130 [1/1] (0.00ns)   --->   "%fb_313_addr = getelementptr i8 %fb_313, i64 0, i64 %zext_ln46" [./line_buffer.h:55->predecoder_kernel.cpp:55]   --->   Operation 130 'getelementptr' 'fb_313_addr' <Predicate = true> <Delay = 0.00>
ST_2 : Operation 131 [1/1] (0.00ns)   --->   "%fb_314_addr = getelementptr i8 %fb_314, i64 0, i64 %zext_ln46" [./line_buffer.h:55->predecoder_kernel.cpp:55]   --->   Operation 131 'getelementptr' 'fb_314_addr' <Predicate = true> <Delay = 0.00>
ST_2 : Operation 132 [1/1] (0.00ns)   --->   "%fb_315_addr = getelementptr i8 %fb_315, i64 0, i64 %zext_ln46" [./line_buffer.h:55->predecoder_kernel.cpp:55]   --->   Operation 132 'getelementptr' 'fb_315_addr' <Predicate = true> <Delay = 0.00>
ST_2 : Operation 133 [1/1] (0.00ns)   --->   "%fb_316_addr = getelementptr i8 %fb_316, i64 0, i64 %zext_ln46" [./line_buffer.h:55->predecoder_kernel.cpp:55]   --->   Operation 133 'getelementptr' 'fb_316_addr' <Predicate = true> <Delay = 0.00>
ST_2 : Operation 134 [1/1] (0.00ns)   --->   "%fb_317_addr = getelementptr i8 %fb_317, i64 0, i64 %zext_ln46" [./line_buffer.h:55->predecoder_kernel.cpp:55]   --->   Operation 134 'getelementptr' 'fb_317_addr' <Predicate = true> <Delay = 0.00>
ST_2 : Operation 135 [1/1] (0.00ns)   --->   "%fb_318_addr = getelementptr i8 %fb_318, i64 0, i64 %zext_ln46" [./line_buffer.h:55->predecoder_kernel.cpp:55]   --->   Operation 135 'getelementptr' 'fb_318_addr' <Predicate = true> <Delay = 0.00>
ST_2 : Operation 136 [1/1] (0.00ns)   --->   "%fb_319_addr = getelementptr i8 %fb_319, i64 0, i64 %zext_ln46" [./line_buffer.h:55->predecoder_kernel.cpp:55]   --->   Operation 136 'getelementptr' 'fb_319_addr' <Predicate = true> <Delay = 0.00>
ST_2 : Operation 137 [1/1] (0.00ns)   --->   "%fb_320_addr = getelementptr i8 %fb_320, i64 0, i64 %zext_ln46" [./line_buffer.h:55->predecoder_kernel.cpp:55]   --->   Operation 137 'getelementptr' 'fb_320_addr' <Predicate = true> <Delay = 0.00>
ST_2 : Operation 138 [1/1] (0.00ns)   --->   "%fb_321_addr = getelementptr i8 %fb_321, i64 0, i64 %zext_ln46" [./line_buffer.h:55->predecoder_kernel.cpp:55]   --->   Operation 138 'getelementptr' 'fb_321_addr' <Predicate = true> <Delay = 0.00>
ST_2 : Operation 139 [1/1] (0.00ns)   --->   "%fb_322_addr = getelementptr i8 %fb_322, i64 0, i64 %zext_ln46" [./line_buffer.h:55->predecoder_kernel.cpp:55]   --->   Operation 139 'getelementptr' 'fb_322_addr' <Predicate = true> <Delay = 0.00>
ST_2 : Operation 140 [1/1] (0.00ns)   --->   "%fb_323_addr = getelementptr i8 %fb_323, i64 0, i64 %zext_ln46" [./line_buffer.h:55->predecoder_kernel.cpp:55]   --->   Operation 140 'getelementptr' 'fb_323_addr' <Predicate = true> <Delay = 0.00>
ST_2 : Operation 141 [1/1] (0.00ns)   --->   "%fb_324_addr = getelementptr i8 %fb_324, i64 0, i64 %zext_ln46" [./line_buffer.h:55->predecoder_kernel.cpp:55]   --->   Operation 141 'getelementptr' 'fb_324_addr' <Predicate = true> <Delay = 0.00>
ST_2 : Operation 142 [1/1] (0.00ns)   --->   "%fb_325_addr = getelementptr i8 %fb_325, i64 0, i64 %zext_ln46" [./line_buffer.h:55->predecoder_kernel.cpp:55]   --->   Operation 142 'getelementptr' 'fb_325_addr' <Predicate = true> <Delay = 0.00>
ST_2 : Operation 143 [1/1] (0.00ns)   --->   "%fb_326_addr = getelementptr i8 %fb_326, i64 0, i64 %zext_ln46" [./line_buffer.h:55->predecoder_kernel.cpp:55]   --->   Operation 143 'getelementptr' 'fb_326_addr' <Predicate = true> <Delay = 0.00>
ST_2 : Operation 144 [1/1] (0.00ns)   --->   "%fb_327_addr = getelementptr i8 %fb_327, i64 0, i64 %zext_ln46" [./line_buffer.h:55->predecoder_kernel.cpp:55]   --->   Operation 144 'getelementptr' 'fb_327_addr' <Predicate = true> <Delay = 0.00>
ST_2 : Operation 145 [1/1] (0.00ns)   --->   "%fb_328_addr = getelementptr i8 %fb_328, i64 0, i64 %zext_ln46" [./line_buffer.h:55->predecoder_kernel.cpp:55]   --->   Operation 145 'getelementptr' 'fb_328_addr' <Predicate = true> <Delay = 0.00>
ST_2 : Operation 146 [1/1] (0.00ns)   --->   "%fb_329_addr = getelementptr i8 %fb_329, i64 0, i64 %zext_ln46" [./line_buffer.h:55->predecoder_kernel.cpp:55]   --->   Operation 146 'getelementptr' 'fb_329_addr' <Predicate = true> <Delay = 0.00>
ST_2 : Operation 147 [1/1] (0.00ns)   --->   "%fb_330_addr = getelementptr i8 %fb_330, i64 0, i64 %zext_ln46" [./line_buffer.h:55->predecoder_kernel.cpp:55]   --->   Operation 147 'getelementptr' 'fb_330_addr' <Predicate = true> <Delay = 0.00>
ST_2 : Operation 148 [1/1] (0.00ns)   --->   "%fb_331_addr = getelementptr i8 %fb_331, i64 0, i64 %zext_ln46" [./line_buffer.h:55->predecoder_kernel.cpp:55]   --->   Operation 148 'getelementptr' 'fb_331_addr' <Predicate = true> <Delay = 0.00>
ST_2 : Operation 149 [1/1] (0.00ns)   --->   "%fb_332_addr = getelementptr i8 %fb_332, i64 0, i64 %zext_ln46" [./line_buffer.h:55->predecoder_kernel.cpp:55]   --->   Operation 149 'getelementptr' 'fb_332_addr' <Predicate = true> <Delay = 0.00>
ST_2 : Operation 150 [1/1] (0.00ns)   --->   "%fb_333_addr = getelementptr i8 %fb_333, i64 0, i64 %zext_ln46" [./line_buffer.h:55->predecoder_kernel.cpp:55]   --->   Operation 150 'getelementptr' 'fb_333_addr' <Predicate = true> <Delay = 0.00>
ST_2 : Operation 151 [1/1] (0.00ns)   --->   "%fb_334_addr = getelementptr i8 %fb_334, i64 0, i64 %zext_ln46" [./line_buffer.h:55->predecoder_kernel.cpp:55]   --->   Operation 151 'getelementptr' 'fb_334_addr' <Predicate = true> <Delay = 0.00>
ST_2 : Operation 152 [1/1] (0.00ns)   --->   "%fb_335_addr = getelementptr i8 %fb_335, i64 0, i64 %zext_ln46" [./line_buffer.h:55->predecoder_kernel.cpp:55]   --->   Operation 152 'getelementptr' 'fb_335_addr' <Predicate = true> <Delay = 0.00>
ST_2 : Operation 153 [1/1] (0.00ns)   --->   "%fb_336_addr = getelementptr i8 %fb_336, i64 0, i64 %zext_ln46" [./line_buffer.h:55->predecoder_kernel.cpp:55]   --->   Operation 153 'getelementptr' 'fb_336_addr' <Predicate = true> <Delay = 0.00>
ST_2 : Operation 154 [1/1] (0.00ns)   --->   "%fb_337_addr = getelementptr i8 %fb_337, i64 0, i64 %zext_ln46" [./line_buffer.h:55->predecoder_kernel.cpp:55]   --->   Operation 154 'getelementptr' 'fb_337_addr' <Predicate = true> <Delay = 0.00>
ST_2 : Operation 155 [1/1] (0.00ns)   --->   "%fb_338_addr = getelementptr i8 %fb_338, i64 0, i64 %zext_ln46" [./line_buffer.h:55->predecoder_kernel.cpp:55]   --->   Operation 155 'getelementptr' 'fb_338_addr' <Predicate = true> <Delay = 0.00>
ST_2 : Operation 156 [1/1] (0.00ns)   --->   "%fb_339_addr = getelementptr i8 %fb_339, i64 0, i64 %zext_ln46" [./line_buffer.h:55->predecoder_kernel.cpp:55]   --->   Operation 156 'getelementptr' 'fb_339_addr' <Predicate = true> <Delay = 0.00>
ST_2 : Operation 157 [1/1] (0.00ns)   --->   "%fb_340_addr = getelementptr i8 %fb_340, i64 0, i64 %zext_ln46" [./line_buffer.h:55->predecoder_kernel.cpp:55]   --->   Operation 157 'getelementptr' 'fb_340_addr' <Predicate = true> <Delay = 0.00>
ST_2 : Operation 158 [1/1] (0.00ns)   --->   "%fb_341_addr = getelementptr i8 %fb_341, i64 0, i64 %zext_ln46" [./line_buffer.h:55->predecoder_kernel.cpp:55]   --->   Operation 158 'getelementptr' 'fb_341_addr' <Predicate = true> <Delay = 0.00>
ST_2 : Operation 159 [1/1] (0.00ns)   --->   "%fb_342_addr = getelementptr i8 %fb_342, i64 0, i64 %zext_ln46" [./line_buffer.h:55->predecoder_kernel.cpp:55]   --->   Operation 159 'getelementptr' 'fb_342_addr' <Predicate = true> <Delay = 0.00>
ST_2 : Operation 160 [1/1] (0.00ns)   --->   "%fb_343_addr = getelementptr i8 %fb_343, i64 0, i64 %zext_ln46" [./line_buffer.h:55->predecoder_kernel.cpp:55]   --->   Operation 160 'getelementptr' 'fb_343_addr' <Predicate = true> <Delay = 0.00>
ST_2 : Operation 161 [1/1] (0.00ns)   --->   "%fb_344_addr = getelementptr i8 %fb_344, i64 0, i64 %zext_ln46" [./line_buffer.h:55->predecoder_kernel.cpp:55]   --->   Operation 161 'getelementptr' 'fb_344_addr' <Predicate = true> <Delay = 0.00>
ST_2 : Operation 162 [1/1] (0.00ns)   --->   "%fb_345_addr = getelementptr i8 %fb_345, i64 0, i64 %zext_ln46" [./line_buffer.h:55->predecoder_kernel.cpp:55]   --->   Operation 162 'getelementptr' 'fb_345_addr' <Predicate = true> <Delay = 0.00>
ST_2 : Operation 163 [1/1] (0.00ns)   --->   "%fb_346_addr = getelementptr i8 %fb_346, i64 0, i64 %zext_ln46" [./line_buffer.h:55->predecoder_kernel.cpp:55]   --->   Operation 163 'getelementptr' 'fb_346_addr' <Predicate = true> <Delay = 0.00>
ST_2 : Operation 164 [1/1] (0.00ns)   --->   "%fb_347_addr = getelementptr i8 %fb_347, i64 0, i64 %zext_ln46" [./line_buffer.h:55->predecoder_kernel.cpp:55]   --->   Operation 164 'getelementptr' 'fb_347_addr' <Predicate = true> <Delay = 0.00>
ST_2 : Operation 165 [1/1] (0.00ns)   --->   "%fb_348_addr = getelementptr i8 %fb_348, i64 0, i64 %zext_ln46" [./line_buffer.h:55->predecoder_kernel.cpp:55]   --->   Operation 165 'getelementptr' 'fb_348_addr' <Predicate = true> <Delay = 0.00>
ST_2 : Operation 166 [1/1] (0.00ns)   --->   "%fb_349_addr = getelementptr i8 %fb_349, i64 0, i64 %zext_ln46" [./line_buffer.h:55->predecoder_kernel.cpp:55]   --->   Operation 166 'getelementptr' 'fb_349_addr' <Predicate = true> <Delay = 0.00>
ST_2 : Operation 167 [1/1] (0.00ns)   --->   "%fb_350_addr = getelementptr i8 %fb_350, i64 0, i64 %zext_ln46" [./line_buffer.h:55->predecoder_kernel.cpp:55]   --->   Operation 167 'getelementptr' 'fb_350_addr' <Predicate = true> <Delay = 0.00>
ST_2 : Operation 168 [1/1] (0.00ns)   --->   "%fb_351_addr = getelementptr i8 %fb_351, i64 0, i64 %zext_ln46" [./line_buffer.h:55->predecoder_kernel.cpp:55]   --->   Operation 168 'getelementptr' 'fb_351_addr' <Predicate = true> <Delay = 0.00>
ST_2 : Operation 169 [1/1] (0.00ns)   --->   "%fb_352_addr = getelementptr i8 %fb_352, i64 0, i64 %zext_ln46" [./line_buffer.h:55->predecoder_kernel.cpp:55]   --->   Operation 169 'getelementptr' 'fb_352_addr' <Predicate = true> <Delay = 0.00>
ST_2 : Operation 170 [1/1] (0.00ns)   --->   "%fb_353_addr = getelementptr i8 %fb_353, i64 0, i64 %zext_ln46" [./line_buffer.h:55->predecoder_kernel.cpp:55]   --->   Operation 170 'getelementptr' 'fb_353_addr' <Predicate = true> <Delay = 0.00>
ST_2 : Operation 171 [1/1] (0.00ns)   --->   "%fb_354_addr = getelementptr i8 %fb_354, i64 0, i64 %zext_ln46" [./line_buffer.h:55->predecoder_kernel.cpp:55]   --->   Operation 171 'getelementptr' 'fb_354_addr' <Predicate = true> <Delay = 0.00>
ST_2 : Operation 172 [1/1] (0.00ns)   --->   "%fb_355_addr = getelementptr i8 %fb_355, i64 0, i64 %zext_ln46" [./line_buffer.h:55->predecoder_kernel.cpp:55]   --->   Operation 172 'getelementptr' 'fb_355_addr' <Predicate = true> <Delay = 0.00>
ST_2 : Operation 173 [1/1] (0.00ns)   --->   "%fb_356_addr = getelementptr i8 %fb_356, i64 0, i64 %zext_ln46" [./line_buffer.h:55->predecoder_kernel.cpp:55]   --->   Operation 173 'getelementptr' 'fb_356_addr' <Predicate = true> <Delay = 0.00>
ST_2 : Operation 174 [1/1] (0.00ns)   --->   "%fb_357_addr = getelementptr i8 %fb_357, i64 0, i64 %zext_ln46" [./line_buffer.h:55->predecoder_kernel.cpp:55]   --->   Operation 174 'getelementptr' 'fb_357_addr' <Predicate = true> <Delay = 0.00>
ST_2 : Operation 175 [1/1] (0.00ns)   --->   "%fb_358_addr = getelementptr i8 %fb_358, i64 0, i64 %zext_ln46" [./line_buffer.h:55->predecoder_kernel.cpp:55]   --->   Operation 175 'getelementptr' 'fb_358_addr' <Predicate = true> <Delay = 0.00>
ST_2 : Operation 176 [1/1] (0.00ns)   --->   "%fb_359_addr = getelementptr i8 %fb_359, i64 0, i64 %zext_ln46" [./line_buffer.h:55->predecoder_kernel.cpp:55]   --->   Operation 176 'getelementptr' 'fb_359_addr' <Predicate = true> <Delay = 0.00>
ST_2 : Operation 177 [1/1] (0.00ns)   --->   "%fb_360_addr = getelementptr i8 %fb_360, i64 0, i64 %zext_ln46" [./line_buffer.h:55->predecoder_kernel.cpp:55]   --->   Operation 177 'getelementptr' 'fb_360_addr' <Predicate = true> <Delay = 0.00>
ST_2 : Operation 178 [1/1] (0.00ns)   --->   "%fb_361_addr = getelementptr i8 %fb_361, i64 0, i64 %zext_ln46" [./line_buffer.h:55->predecoder_kernel.cpp:55]   --->   Operation 178 'getelementptr' 'fb_361_addr' <Predicate = true> <Delay = 0.00>
ST_2 : Operation 179 [1/1] (0.00ns)   --->   "%fb_362_addr = getelementptr i8 %fb_362, i64 0, i64 %zext_ln46" [./line_buffer.h:55->predecoder_kernel.cpp:55]   --->   Operation 179 'getelementptr' 'fb_362_addr' <Predicate = true> <Delay = 0.00>
ST_2 : Operation 180 [1/1] (0.00ns)   --->   "%fb_363_addr = getelementptr i8 %fb_363, i64 0, i64 %zext_ln46" [./line_buffer.h:55->predecoder_kernel.cpp:55]   --->   Operation 180 'getelementptr' 'fb_363_addr' <Predicate = true> <Delay = 0.00>
ST_2 : Operation 181 [1/1] (0.00ns)   --->   "%fb_364_addr = getelementptr i8 %fb_364, i64 0, i64 %zext_ln46" [./line_buffer.h:55->predecoder_kernel.cpp:55]   --->   Operation 181 'getelementptr' 'fb_364_addr' <Predicate = true> <Delay = 0.00>
ST_2 : Operation 182 [1/1] (0.00ns)   --->   "%fb_365_addr = getelementptr i8 %fb_365, i64 0, i64 %zext_ln46" [./line_buffer.h:55->predecoder_kernel.cpp:55]   --->   Operation 182 'getelementptr' 'fb_365_addr' <Predicate = true> <Delay = 0.00>
ST_2 : Operation 183 [1/1] (0.00ns)   --->   "%fb_366_addr = getelementptr i8 %fb_366, i64 0, i64 %zext_ln46" [./line_buffer.h:55->predecoder_kernel.cpp:55]   --->   Operation 183 'getelementptr' 'fb_366_addr' <Predicate = true> <Delay = 0.00>
ST_2 : Operation 184 [1/1] (0.00ns)   --->   "%fb_367_addr = getelementptr i8 %fb_367, i64 0, i64 %zext_ln46" [./line_buffer.h:55->predecoder_kernel.cpp:55]   --->   Operation 184 'getelementptr' 'fb_367_addr' <Predicate = true> <Delay = 0.00>
ST_2 : Operation 185 [1/1] (0.00ns)   --->   "%fb_368_addr = getelementptr i8 %fb_368, i64 0, i64 %zext_ln46" [./line_buffer.h:55->predecoder_kernel.cpp:55]   --->   Operation 185 'getelementptr' 'fb_368_addr' <Predicate = true> <Delay = 0.00>
ST_2 : Operation 186 [1/1] (0.00ns)   --->   "%fb_369_addr = getelementptr i8 %fb_369, i64 0, i64 %zext_ln46" [./line_buffer.h:55->predecoder_kernel.cpp:55]   --->   Operation 186 'getelementptr' 'fb_369_addr' <Predicate = true> <Delay = 0.00>
ST_2 : Operation 187 [1/1] (0.00ns)   --->   "%fb_370_addr = getelementptr i8 %fb_370, i64 0, i64 %zext_ln46" [./line_buffer.h:55->predecoder_kernel.cpp:55]   --->   Operation 187 'getelementptr' 'fb_370_addr' <Predicate = true> <Delay = 0.00>
ST_2 : Operation 188 [1/1] (0.00ns)   --->   "%fb_371_addr = getelementptr i8 %fb_371, i64 0, i64 %zext_ln46" [./line_buffer.h:55->predecoder_kernel.cpp:55]   --->   Operation 188 'getelementptr' 'fb_371_addr' <Predicate = true> <Delay = 0.00>
ST_2 : Operation 189 [1/1] (0.00ns)   --->   "%fb_372_addr = getelementptr i8 %fb_372, i64 0, i64 %zext_ln46" [./line_buffer.h:55->predecoder_kernel.cpp:55]   --->   Operation 189 'getelementptr' 'fb_372_addr' <Predicate = true> <Delay = 0.00>
ST_2 : Operation 190 [1/1] (0.00ns)   --->   "%fb_373_addr = getelementptr i8 %fb_373, i64 0, i64 %zext_ln46" [./line_buffer.h:55->predecoder_kernel.cpp:55]   --->   Operation 190 'getelementptr' 'fb_373_addr' <Predicate = true> <Delay = 0.00>
ST_2 : Operation 191 [1/1] (0.00ns)   --->   "%fb_374_addr = getelementptr i8 %fb_374, i64 0, i64 %zext_ln46" [./line_buffer.h:55->predecoder_kernel.cpp:55]   --->   Operation 191 'getelementptr' 'fb_374_addr' <Predicate = true> <Delay = 0.00>
ST_2 : Operation 192 [1/1] (0.00ns)   --->   "%fb_375_addr = getelementptr i8 %fb_375, i64 0, i64 %zext_ln46" [./line_buffer.h:55->predecoder_kernel.cpp:55]   --->   Operation 192 'getelementptr' 'fb_375_addr' <Predicate = true> <Delay = 0.00>
ST_2 : Operation 193 [1/1] (0.00ns)   --->   "%fb_376_addr = getelementptr i8 %fb_376, i64 0, i64 %zext_ln46" [./line_buffer.h:55->predecoder_kernel.cpp:55]   --->   Operation 193 'getelementptr' 'fb_376_addr' <Predicate = true> <Delay = 0.00>
ST_2 : Operation 194 [1/1] (0.00ns)   --->   "%fb_377_addr = getelementptr i8 %fb_377, i64 0, i64 %zext_ln46" [./line_buffer.h:55->predecoder_kernel.cpp:55]   --->   Operation 194 'getelementptr' 'fb_377_addr' <Predicate = true> <Delay = 0.00>
ST_2 : Operation 195 [1/1] (0.00ns)   --->   "%fb_378_addr = getelementptr i8 %fb_378, i64 0, i64 %zext_ln46" [./line_buffer.h:55->predecoder_kernel.cpp:55]   --->   Operation 195 'getelementptr' 'fb_378_addr' <Predicate = true> <Delay = 0.00>
ST_2 : Operation 196 [1/1] (0.00ns)   --->   "%fb_379_addr = getelementptr i8 %fb_379, i64 0, i64 %zext_ln46" [./line_buffer.h:55->predecoder_kernel.cpp:55]   --->   Operation 196 'getelementptr' 'fb_379_addr' <Predicate = true> <Delay = 0.00>
ST_2 : Operation 197 [1/1] (0.00ns)   --->   "%fb_380_addr = getelementptr i8 %fb_380, i64 0, i64 %zext_ln46" [./line_buffer.h:55->predecoder_kernel.cpp:55]   --->   Operation 197 'getelementptr' 'fb_380_addr' <Predicate = true> <Delay = 0.00>
ST_2 : Operation 198 [1/1] (0.00ns)   --->   "%fb_381_addr = getelementptr i8 %fb_381, i64 0, i64 %zext_ln46" [./line_buffer.h:55->predecoder_kernel.cpp:55]   --->   Operation 198 'getelementptr' 'fb_381_addr' <Predicate = true> <Delay = 0.00>
ST_2 : Operation 199 [1/1] (0.00ns)   --->   "%fb_382_addr = getelementptr i8 %fb_382, i64 0, i64 %zext_ln46" [./line_buffer.h:55->predecoder_kernel.cpp:55]   --->   Operation 199 'getelementptr' 'fb_382_addr' <Predicate = true> <Delay = 0.00>
ST_2 : Operation 200 [1/1] (0.00ns)   --->   "%fb_383_addr = getelementptr i8 %fb_383, i64 0, i64 %zext_ln46" [./line_buffer.h:55->predecoder_kernel.cpp:55]   --->   Operation 200 'getelementptr' 'fb_383_addr' <Predicate = true> <Delay = 0.00>
ST_2 : Operation 201 [1/1] (0.00ns)   --->   "%fb_384_addr = getelementptr i8 %fb_384, i64 0, i64 %zext_ln46" [./line_buffer.h:55->predecoder_kernel.cpp:55]   --->   Operation 201 'getelementptr' 'fb_384_addr' <Predicate = true> <Delay = 0.00>
ST_2 : Operation 202 [1/1] (0.00ns)   --->   "%fb_385_addr = getelementptr i8 %fb_385, i64 0, i64 %zext_ln46" [./line_buffer.h:55->predecoder_kernel.cpp:55]   --->   Operation 202 'getelementptr' 'fb_385_addr' <Predicate = true> <Delay = 0.00>
ST_2 : Operation 203 [1/1] (0.00ns)   --->   "%fb_386_addr = getelementptr i8 %fb_386, i64 0, i64 %zext_ln46" [./line_buffer.h:55->predecoder_kernel.cpp:55]   --->   Operation 203 'getelementptr' 'fb_386_addr' <Predicate = true> <Delay = 0.00>
ST_2 : Operation 204 [1/1] (0.00ns)   --->   "%fb_387_addr = getelementptr i8 %fb_387, i64 0, i64 %zext_ln46" [./line_buffer.h:55->predecoder_kernel.cpp:55]   --->   Operation 204 'getelementptr' 'fb_387_addr' <Predicate = true> <Delay = 0.00>
ST_2 : Operation 205 [1/1] (0.00ns)   --->   "%fb_388_addr = getelementptr i8 %fb_388, i64 0, i64 %zext_ln46" [./line_buffer.h:55->predecoder_kernel.cpp:55]   --->   Operation 205 'getelementptr' 'fb_388_addr' <Predicate = true> <Delay = 0.00>
ST_2 : Operation 206 [1/1] (0.00ns)   --->   "%fb_389_addr = getelementptr i8 %fb_389, i64 0, i64 %zext_ln46" [./line_buffer.h:55->predecoder_kernel.cpp:55]   --->   Operation 206 'getelementptr' 'fb_389_addr' <Predicate = true> <Delay = 0.00>
ST_2 : Operation 207 [1/1] (0.00ns)   --->   "%fb_390_addr = getelementptr i8 %fb_390, i64 0, i64 %zext_ln46" [./line_buffer.h:55->predecoder_kernel.cpp:55]   --->   Operation 207 'getelementptr' 'fb_390_addr' <Predicate = true> <Delay = 0.00>
ST_2 : Operation 208 [1/1] (0.00ns)   --->   "%fb_391_addr = getelementptr i8 %fb_391, i64 0, i64 %zext_ln46" [./line_buffer.h:55->predecoder_kernel.cpp:55]   --->   Operation 208 'getelementptr' 'fb_391_addr' <Predicate = true> <Delay = 0.00>
ST_2 : Operation 209 [1/1] (0.00ns)   --->   "%fb_392_addr = getelementptr i8 %fb_392, i64 0, i64 %zext_ln46" [./line_buffer.h:55->predecoder_kernel.cpp:55]   --->   Operation 209 'getelementptr' 'fb_392_addr' <Predicate = true> <Delay = 0.00>
ST_2 : Operation 210 [1/1] (0.00ns)   --->   "%fb_393_addr = getelementptr i8 %fb_393, i64 0, i64 %zext_ln46" [./line_buffer.h:55->predecoder_kernel.cpp:55]   --->   Operation 210 'getelementptr' 'fb_393_addr' <Predicate = true> <Delay = 0.00>
ST_2 : Operation 211 [1/1] (0.00ns)   --->   "%fb_394_addr = getelementptr i8 %fb_394, i64 0, i64 %zext_ln46" [./line_buffer.h:55->predecoder_kernel.cpp:55]   --->   Operation 211 'getelementptr' 'fb_394_addr' <Predicate = true> <Delay = 0.00>
ST_2 : Operation 212 [1/1] (0.00ns)   --->   "%fb_395_addr = getelementptr i8 %fb_395, i64 0, i64 %zext_ln46" [./line_buffer.h:55->predecoder_kernel.cpp:55]   --->   Operation 212 'getelementptr' 'fb_395_addr' <Predicate = true> <Delay = 0.00>
ST_2 : Operation 213 [1/1] (0.00ns)   --->   "%fb_396_addr = getelementptr i8 %fb_396, i64 0, i64 %zext_ln46" [./line_buffer.h:55->predecoder_kernel.cpp:55]   --->   Operation 213 'getelementptr' 'fb_396_addr' <Predicate = true> <Delay = 0.00>
ST_2 : Operation 214 [1/1] (0.00ns)   --->   "%fb_397_addr = getelementptr i8 %fb_397, i64 0, i64 %zext_ln46" [./line_buffer.h:55->predecoder_kernel.cpp:55]   --->   Operation 214 'getelementptr' 'fb_397_addr' <Predicate = true> <Delay = 0.00>
ST_2 : Operation 215 [1/1] (0.00ns)   --->   "%fb_398_addr = getelementptr i8 %fb_398, i64 0, i64 %zext_ln46" [./line_buffer.h:55->predecoder_kernel.cpp:55]   --->   Operation 215 'getelementptr' 'fb_398_addr' <Predicate = true> <Delay = 0.00>
ST_2 : Operation 216 [1/1] (0.00ns)   --->   "%fb_399_addr = getelementptr i8 %fb_399, i64 0, i64 %zext_ln46" [./line_buffer.h:55->predecoder_kernel.cpp:55]   --->   Operation 216 'getelementptr' 'fb_399_addr' <Predicate = true> <Delay = 0.00>
ST_2 : Operation 217 [1/1] (0.00ns)   --->   "%fb_400_addr = getelementptr i8 %fb_400, i64 0, i64 %zext_ln46" [./line_buffer.h:55->predecoder_kernel.cpp:55]   --->   Operation 217 'getelementptr' 'fb_400_addr' <Predicate = true> <Delay = 0.00>
ST_2 : Operation 218 [1/1] (0.00ns)   --->   "%fb_401_addr = getelementptr i8 %fb_401, i64 0, i64 %zext_ln46" [./line_buffer.h:55->predecoder_kernel.cpp:55]   --->   Operation 218 'getelementptr' 'fb_401_addr' <Predicate = true> <Delay = 0.00>
ST_2 : Operation 219 [1/1] (0.00ns)   --->   "%fb_402_addr = getelementptr i8 %fb_402, i64 0, i64 %zext_ln46" [./line_buffer.h:55->predecoder_kernel.cpp:55]   --->   Operation 219 'getelementptr' 'fb_402_addr' <Predicate = true> <Delay = 0.00>
ST_2 : Operation 220 [1/1] (0.00ns)   --->   "%fb_403_addr = getelementptr i8 %fb_403, i64 0, i64 %zext_ln46" [./line_buffer.h:55->predecoder_kernel.cpp:55]   --->   Operation 220 'getelementptr' 'fb_403_addr' <Predicate = true> <Delay = 0.00>
ST_2 : Operation 221 [1/1] (0.00ns)   --->   "%fb_404_addr = getelementptr i8 %fb_404, i64 0, i64 %zext_ln46" [./line_buffer.h:55->predecoder_kernel.cpp:55]   --->   Operation 221 'getelementptr' 'fb_404_addr' <Predicate = true> <Delay = 0.00>
ST_2 : Operation 222 [1/1] (0.00ns)   --->   "%fb_405_addr = getelementptr i8 %fb_405, i64 0, i64 %zext_ln46" [./line_buffer.h:55->predecoder_kernel.cpp:55]   --->   Operation 222 'getelementptr' 'fb_405_addr' <Predicate = true> <Delay = 0.00>
ST_2 : Operation 223 [1/1] (0.00ns)   --->   "%fb_406_addr = getelementptr i8 %fb_406, i64 0, i64 %zext_ln46" [./line_buffer.h:55->predecoder_kernel.cpp:55]   --->   Operation 223 'getelementptr' 'fb_406_addr' <Predicate = true> <Delay = 0.00>
ST_2 : Operation 224 [1/1] (0.00ns)   --->   "%fb_407_addr = getelementptr i8 %fb_407, i64 0, i64 %zext_ln46" [./line_buffer.h:55->predecoder_kernel.cpp:55]   --->   Operation 224 'getelementptr' 'fb_407_addr' <Predicate = true> <Delay = 0.00>
ST_2 : Operation 225 [1/1] (0.00ns)   --->   "%fb_408_addr = getelementptr i8 %fb_408, i64 0, i64 %zext_ln46" [./line_buffer.h:55->predecoder_kernel.cpp:55]   --->   Operation 225 'getelementptr' 'fb_408_addr' <Predicate = true> <Delay = 0.00>
ST_2 : Operation 226 [1/1] (0.00ns)   --->   "%fb_409_addr = getelementptr i8 %fb_409, i64 0, i64 %zext_ln46" [./line_buffer.h:55->predecoder_kernel.cpp:55]   --->   Operation 226 'getelementptr' 'fb_409_addr' <Predicate = true> <Delay = 0.00>
ST_2 : Operation 227 [1/1] (0.00ns)   --->   "%fb_410_addr = getelementptr i8 %fb_410, i64 0, i64 %zext_ln46" [./line_buffer.h:55->predecoder_kernel.cpp:55]   --->   Operation 227 'getelementptr' 'fb_410_addr' <Predicate = true> <Delay = 0.00>
ST_2 : Operation 228 [1/1] (0.00ns)   --->   "%fb_411_addr = getelementptr i8 %fb_411, i64 0, i64 %zext_ln46" [./line_buffer.h:55->predecoder_kernel.cpp:55]   --->   Operation 228 'getelementptr' 'fb_411_addr' <Predicate = true> <Delay = 0.00>
ST_2 : Operation 229 [1/1] (0.00ns)   --->   "%fb_412_addr = getelementptr i8 %fb_412, i64 0, i64 %zext_ln46" [./line_buffer.h:55->predecoder_kernel.cpp:55]   --->   Operation 229 'getelementptr' 'fb_412_addr' <Predicate = true> <Delay = 0.00>
ST_2 : Operation 230 [1/1] (0.00ns)   --->   "%fb_413_addr = getelementptr i8 %fb_413, i64 0, i64 %zext_ln46" [./line_buffer.h:55->predecoder_kernel.cpp:55]   --->   Operation 230 'getelementptr' 'fb_413_addr' <Predicate = true> <Delay = 0.00>
ST_2 : Operation 231 [1/1] (0.00ns)   --->   "%fb_414_addr = getelementptr i8 %fb_414, i64 0, i64 %zext_ln46" [./line_buffer.h:55->predecoder_kernel.cpp:55]   --->   Operation 231 'getelementptr' 'fb_414_addr' <Predicate = true> <Delay = 0.00>
ST_2 : Operation 232 [1/1] (0.00ns)   --->   "%fb_415_addr = getelementptr i8 %fb_415, i64 0, i64 %zext_ln46" [./line_buffer.h:55->predecoder_kernel.cpp:55]   --->   Operation 232 'getelementptr' 'fb_415_addr' <Predicate = true> <Delay = 0.00>
ST_2 : Operation 233 [1/1] (0.00ns)   --->   "%fb_416_addr = getelementptr i8 %fb_416, i64 0, i64 %zext_ln46" [./line_buffer.h:55->predecoder_kernel.cpp:55]   --->   Operation 233 'getelementptr' 'fb_416_addr' <Predicate = true> <Delay = 0.00>
ST_2 : Operation 234 [1/1] (0.00ns)   --->   "%fb_417_addr = getelementptr i8 %fb_417, i64 0, i64 %zext_ln46" [./line_buffer.h:55->predecoder_kernel.cpp:55]   --->   Operation 234 'getelementptr' 'fb_417_addr' <Predicate = true> <Delay = 0.00>
ST_2 : Operation 235 [1/1] (0.00ns)   --->   "%fb_418_addr = getelementptr i8 %fb_418, i64 0, i64 %zext_ln46" [./line_buffer.h:55->predecoder_kernel.cpp:55]   --->   Operation 235 'getelementptr' 'fb_418_addr' <Predicate = true> <Delay = 0.00>
ST_2 : Operation 236 [1/1] (0.00ns)   --->   "%fb_419_addr = getelementptr i8 %fb_419, i64 0, i64 %zext_ln46" [./line_buffer.h:55->predecoder_kernel.cpp:55]   --->   Operation 236 'getelementptr' 'fb_419_addr' <Predicate = true> <Delay = 0.00>
ST_2 : Operation 237 [1/1] (0.00ns)   --->   "%fb_420_addr = getelementptr i8 %fb_420, i64 0, i64 %zext_ln46" [./line_buffer.h:55->predecoder_kernel.cpp:55]   --->   Operation 237 'getelementptr' 'fb_420_addr' <Predicate = true> <Delay = 0.00>
ST_2 : Operation 238 [1/1] (0.00ns)   --->   "%fb_421_addr = getelementptr i8 %fb_421, i64 0, i64 %zext_ln46" [./line_buffer.h:55->predecoder_kernel.cpp:55]   --->   Operation 238 'getelementptr' 'fb_421_addr' <Predicate = true> <Delay = 0.00>
ST_2 : Operation 239 [1/1] (0.00ns)   --->   "%fb_422_addr = getelementptr i8 %fb_422, i64 0, i64 %zext_ln46" [./line_buffer.h:55->predecoder_kernel.cpp:55]   --->   Operation 239 'getelementptr' 'fb_422_addr' <Predicate = true> <Delay = 0.00>
ST_2 : Operation 240 [1/1] (0.00ns)   --->   "%fb_423_addr = getelementptr i8 %fb_423, i64 0, i64 %zext_ln46" [./line_buffer.h:55->predecoder_kernel.cpp:55]   --->   Operation 240 'getelementptr' 'fb_423_addr' <Predicate = true> <Delay = 0.00>
ST_2 : Operation 241 [1/1] (0.00ns)   --->   "%fb_424_addr = getelementptr i8 %fb_424, i64 0, i64 %zext_ln46" [./line_buffer.h:55->predecoder_kernel.cpp:55]   --->   Operation 241 'getelementptr' 'fb_424_addr' <Predicate = true> <Delay = 0.00>
ST_2 : Operation 242 [1/1] (0.00ns)   --->   "%fb_425_addr = getelementptr i8 %fb_425, i64 0, i64 %zext_ln46" [./line_buffer.h:55->predecoder_kernel.cpp:55]   --->   Operation 242 'getelementptr' 'fb_425_addr' <Predicate = true> <Delay = 0.00>
ST_2 : Operation 243 [1/1] (0.00ns)   --->   "%fb_426_addr = getelementptr i8 %fb_426, i64 0, i64 %zext_ln46" [./line_buffer.h:55->predecoder_kernel.cpp:55]   --->   Operation 243 'getelementptr' 'fb_426_addr' <Predicate = true> <Delay = 0.00>
ST_2 : Operation 244 [1/1] (0.00ns)   --->   "%fb_427_addr = getelementptr i8 %fb_427, i64 0, i64 %zext_ln46" [./line_buffer.h:55->predecoder_kernel.cpp:55]   --->   Operation 244 'getelementptr' 'fb_427_addr' <Predicate = true> <Delay = 0.00>
ST_2 : Operation 245 [1/1] (0.00ns)   --->   "%fb_428_addr = getelementptr i8 %fb_428, i64 0, i64 %zext_ln46" [./line_buffer.h:55->predecoder_kernel.cpp:55]   --->   Operation 245 'getelementptr' 'fb_428_addr' <Predicate = true> <Delay = 0.00>
ST_2 : Operation 246 [1/1] (0.00ns)   --->   "%fb_429_addr = getelementptr i8 %fb_429, i64 0, i64 %zext_ln46" [./line_buffer.h:55->predecoder_kernel.cpp:55]   --->   Operation 246 'getelementptr' 'fb_429_addr' <Predicate = true> <Delay = 0.00>
ST_2 : Operation 247 [1/1] (0.00ns)   --->   "%fb_430_addr = getelementptr i8 %fb_430, i64 0, i64 %zext_ln46" [./line_buffer.h:55->predecoder_kernel.cpp:55]   --->   Operation 247 'getelementptr' 'fb_430_addr' <Predicate = true> <Delay = 0.00>
ST_2 : Operation 248 [1/1] (0.00ns)   --->   "%specpipeline_ln48 = specpipeline void @_ssdm_op_SpecPipeline, i32 1, i32 0, i32 0, i32 0, void @empty_5" [predecoder_kernel.cpp:48]   --->   Operation 248 'specpipeline' 'specpipeline_ln48' <Predicate = true> <Delay = 0.00>
ST_2 : Operation 249 [1/1] (1.21ns)   --->   "%s1_read = read i96 @_ssdm_op_Read.ap_fifo.volatile.i96P0A, i96 %s1" [predecoder_kernel.cpp:49]   --->   Operation 249 'read' 's1_read' <Predicate = true> <Delay = 1.21> <CoreInst = "FIFO_SRL">   --->   Core 81 'FIFO_SRL' <Latency = 0> <II = 1> <Delay = 1.42> <Storage> <Opcode : 'read' 'write' 'nbread' 'nbwrite'> <Ports = 0> <Width = 96> <Depth = 8> <FIFO>
ST_2 : Operation 250 [1/1] (0.00ns)   --->   "%a = trunc i96 %s1_read" [predecoder_kernel.cpp:49]   --->   Operation 250 'trunc' 'a' <Predicate = true> <Delay = 0.00>
ST_2 : Operation 251 [1/1] (0.00ns)   --->   "%a_12 = partselect i8 @_ssdm_op_PartSelect.i8.i96.i32.i32, i96 %s1_read, i32 8, i32 15" [predecoder_kernel.cpp:49]   --->   Operation 251 'partselect' 'a_12' <Predicate = true> <Delay = 0.00>
ST_2 : Operation 252 [1/1] (0.00ns)   --->   "%a_13 = partselect i8 @_ssdm_op_PartSelect.i8.i96.i32.i32, i96 %s1_read, i32 16, i32 23" [predecoder_kernel.cpp:49]   --->   Operation 252 'partselect' 'a_13' <Predicate = true> <Delay = 0.00>
ST_2 : Operation 253 [1/1] (0.00ns)   --->   "%a_14 = partselect i8 @_ssdm_op_PartSelect.i8.i96.i32.i32, i96 %s1_read, i32 24, i32 31" [predecoder_kernel.cpp:49]   --->   Operation 253 'partselect' 'a_14' <Predicate = true> <Delay = 0.00>
ST_2 : Operation 254 [1/1] (0.00ns)   --->   "%a_15 = partselect i8 @_ssdm_op_PartSelect.i8.i96.i32.i32, i96 %s1_read, i32 32, i32 39" [predecoder_kernel.cpp:49]   --->   Operation 254 'partselect' 'a_15' <Predicate = true> <Delay = 0.00>
ST_2 : Operation 255 [1/1] (0.00ns)   --->   "%a_16 = partselect i8 @_ssdm_op_PartSelect.i8.i96.i32.i32, i96 %s1_read, i32 40, i32 47" [predecoder_kernel.cpp:49]   --->   Operation 255 'partselect' 'a_16' <Predicate = true> <Delay = 0.00>
ST_2 : Operation 256 [1/1] (0.00ns)   --->   "%a_17 = partselect i8 @_ssdm_op_PartSelect.i8.i96.i32.i32, i96 %s1_read, i32 48, i32 55" [predecoder_kernel.cpp:49]   --->   Operation 256 'partselect' 'a_17' <Predicate = true> <Delay = 0.00>
ST_2 : Operation 257 [1/1] (0.00ns)   --->   "%a_18 = partselect i8 @_ssdm_op_PartSelect.i8.i96.i32.i32, i96 %s1_read, i32 56, i32 63" [predecoder_kernel.cpp:49]   --->   Operation 257 'partselect' 'a_18' <Predicate = true> <Delay = 0.00>
ST_2 : Operation 258 [1/1] (0.00ns)   --->   "%a_19 = partselect i8 @_ssdm_op_PartSelect.i8.i96.i32.i32, i96 %s1_read, i32 64, i32 71" [predecoder_kernel.cpp:49]   --->   Operation 258 'partselect' 'a_19' <Predicate = true> <Delay = 0.00>
ST_2 : Operation 259 [1/1] (0.00ns)   --->   "%a_20 = partselect i8 @_ssdm_op_PartSelect.i8.i96.i32.i32, i96 %s1_read, i32 72, i32 79" [predecoder_kernel.cpp:49]   --->   Operation 259 'partselect' 'a_20' <Predicate = true> <Delay = 0.00>
ST_2 : Operation 260 [1/1] (0.00ns)   --->   "%a_21 = partselect i8 @_ssdm_op_PartSelect.i8.i96.i32.i32, i96 %s1_read, i32 80, i32 87" [predecoder_kernel.cpp:49]   --->   Operation 260 'partselect' 'a_21' <Predicate = true> <Delay = 0.00>
ST_2 : Operation 261 [1/1] (0.00ns)   --->   "%a_22 = partselect i8 @_ssdm_op_PartSelect.i8.i96.i32.i32, i96 %s1_read, i32 88, i32 95" [predecoder_kernel.cpp:49]   --->   Operation 261 'partselect' 'a_22' <Predicate = true> <Delay = 0.00>
ST_2 : Operation 262 [1/1] (0.67ns)   --->   "%switch_ln55 = switch i3 %select_ln46, void %arrayidx94.i.11_1.case.5, i3 0, void %arrayidx94.i.11_1.case.0, i3 1, void %arrayidx94.i.11_1.case.1, i3 2, void %arrayidx94.i.11_1.case.2, i3 3, void %arrayidx94.i.11_1.case.3, i3 4, void %arrayidx94.i.11_1.case.4" [./line_buffer.h:55->predecoder_kernel.cpp:55]   --->   Operation 262 'switch' 'switch_ln55' <Predicate = (tmp == 1)> <Delay = 0.67>
ST_2 : Operation 263 [1/1] (0.66ns)   --->   "%store_ln55 = store i8 %a, i3 %fb_335_addr" [./line_buffer.h:55->predecoder_kernel.cpp:55]   --->   Operation 263 'store' 'store_ln55' <Predicate = (tmp == 1 & select_ln46 == 4)> <Delay = 0.66> <CoreInst = "RAM">   --->   Core 83 'RAM' <Latency = 1> <II = 1> <Delay = 0.66> <Storage> <Opcode : 'load' 'store'> <Ports = 2> <Width = 8> <Depth = 6> <RAM>
ST_2 : Operation 264 [1/1] (0.66ns)   --->   "%store_ln55 = store i8 %a_12, i3 %fb_336_addr" [./line_buffer.h:55->predecoder_kernel.cpp:55]   --->   Operation 264 'store' 'store_ln55' <Predicate = (tmp == 1 & select_ln46 == 4)> <Delay = 0.66> <CoreInst = "RAM">   --->   Core 83 'RAM' <Latency = 1> <II = 1> <Delay = 0.66> <Storage> <Opcode : 'load' 'store'> <Ports = 2> <Width = 8> <Depth = 6> <RAM>
ST_2 : Operation 265 [1/1] (0.66ns)   --->   "%store_ln55 = store i8 %a_13, i3 %fb_337_addr" [./line_buffer.h:55->predecoder_kernel.cpp:55]   --->   Operation 265 'store' 'store_ln55' <Predicate = (tmp == 1 & select_ln46 == 4)> <Delay = 0.66> <CoreInst = "RAM">   --->   Core 83 'RAM' <Latency = 1> <II = 1> <Delay = 0.66> <Storage> <Opcode : 'load' 'store'> <Ports = 2> <Width = 8> <Depth = 6> <RAM>
ST_2 : Operation 266 [1/1] (0.66ns)   --->   "%store_ln55 = store i8 %a_14, i3 %fb_338_addr" [./line_buffer.h:55->predecoder_kernel.cpp:55]   --->   Operation 266 'store' 'store_ln55' <Predicate = (tmp == 1 & select_ln46 == 4)> <Delay = 0.66> <CoreInst = "RAM">   --->   Core 83 'RAM' <Latency = 1> <II = 1> <Delay = 0.66> <Storage> <Opcode : 'load' 'store'> <Ports = 2> <Width = 8> <Depth = 6> <RAM>
ST_2 : Operation 267 [1/1] (0.66ns)   --->   "%store_ln55 = store i8 %a_15, i3 %fb_339_addr" [./line_buffer.h:55->predecoder_kernel.cpp:55]   --->   Operation 267 'store' 'store_ln55' <Predicate = (tmp == 1 & select_ln46 == 4)> <Delay = 0.66> <CoreInst = "RAM">   --->   Core 83 'RAM' <Latency = 1> <II = 1> <Delay = 0.66> <Storage> <Opcode : 'load' 'store'> <Ports = 2> <Width = 8> <Depth = 6> <RAM>
ST_2 : Operation 268 [1/1] (0.66ns)   --->   "%store_ln55 = store i8 %a_16, i3 %fb_340_addr" [./line_buffer.h:55->predecoder_kernel.cpp:55]   --->   Operation 268 'store' 'store_ln55' <Predicate = (tmp == 1 & select_ln46 == 4)> <Delay = 0.66> <CoreInst = "RAM">   --->   Core 83 'RAM' <Latency = 1> <II = 1> <Delay = 0.66> <Storage> <Opcode : 'load' 'store'> <Ports = 2> <Width = 8> <Depth = 6> <RAM>
ST_2 : Operation 269 [1/1] (0.66ns)   --->   "%store_ln55 = store i8 %a_17, i3 %fb_341_addr" [./line_buffer.h:55->predecoder_kernel.cpp:55]   --->   Operation 269 'store' 'store_ln55' <Predicate = (tmp == 1 & select_ln46 == 4)> <Delay = 0.66> <CoreInst = "RAM">   --->   Core 83 'RAM' <Latency = 1> <II = 1> <Delay = 0.66> <Storage> <Opcode : 'load' 'store'> <Ports = 2> <Width = 8> <Depth = 6> <RAM>
ST_2 : Operation 270 [1/1] (0.66ns)   --->   "%store_ln55 = store i8 %a_18, i3 %fb_342_addr" [./line_buffer.h:55->predecoder_kernel.cpp:55]   --->   Operation 270 'store' 'store_ln55' <Predicate = (tmp == 1 & select_ln46 == 4)> <Delay = 0.66> <CoreInst = "RAM">   --->   Core 83 'RAM' <Latency = 1> <II = 1> <Delay = 0.66> <Storage> <Opcode : 'load' 'store'> <Ports = 2> <Width = 8> <Depth = 6> <RAM>
ST_2 : Operation 271 [1/1] (0.66ns)   --->   "%store_ln55 = store i8 %a_19, i3 %fb_343_addr" [./line_buffer.h:55->predecoder_kernel.cpp:55]   --->   Operation 271 'store' 'store_ln55' <Predicate = (tmp == 1 & select_ln46 == 4)> <Delay = 0.66> <CoreInst = "RAM">   --->   Core 83 'RAM' <Latency = 1> <II = 1> <Delay = 0.66> <Storage> <Opcode : 'load' 'store'> <Ports = 2> <Width = 8> <Depth = 6> <RAM>
ST_2 : Operation 272 [1/1] (0.66ns)   --->   "%store_ln55 = store i8 %a_20, i3 %fb_344_addr" [./line_buffer.h:55->predecoder_kernel.cpp:55]   --->   Operation 272 'store' 'store_ln55' <Predicate = (tmp == 1 & select_ln46 == 4)> <Delay = 0.66> <CoreInst = "RAM">   --->   Core 83 'RAM' <Latency = 1> <II = 1> <Delay = 0.66> <Storage> <Opcode : 'load' 'store'> <Ports = 2> <Width = 8> <Depth = 6> <RAM>
ST_2 : Operation 273 [1/1] (0.66ns)   --->   "%store_ln55 = store i8 %a_21, i3 %fb_345_addr" [./line_buffer.h:55->predecoder_kernel.cpp:55]   --->   Operation 273 'store' 'store_ln55' <Predicate = (tmp == 1 & select_ln46 == 4)> <Delay = 0.66> <CoreInst = "RAM">   --->   Core 83 'RAM' <Latency = 1> <II = 1> <Delay = 0.66> <Storage> <Opcode : 'load' 'store'> <Ports = 2> <Width = 8> <Depth = 6> <RAM>
ST_2 : Operation 274 [1/1] (0.66ns)   --->   "%store_ln55 = store i8 %a_22, i3 %fb_346_addr" [./line_buffer.h:55->predecoder_kernel.cpp:55]   --->   Operation 274 'store' 'store_ln55' <Predicate = (tmp == 1 & select_ln46 == 4)> <Delay = 0.66> <CoreInst = "RAM">   --->   Core 83 'RAM' <Latency = 1> <II = 1> <Delay = 0.66> <Storage> <Opcode : 'load' 'store'> <Ports = 2> <Width = 8> <Depth = 6> <RAM>
ST_2 : Operation 275 [1/1] (0.00ns)   --->   "%br_ln55 = br void %arrayidx94.i.11_1.exit" [./line_buffer.h:55->predecoder_kernel.cpp:55]   --->   Operation 275 'br' 'br_ln55' <Predicate = (tmp == 1 & select_ln46 == 4)> <Delay = 0.00>
ST_2 : Operation 276 [1/1] (0.66ns)   --->   "%store_ln55 = store i8 %a, i3 %fb_323_addr" [./line_buffer.h:55->predecoder_kernel.cpp:55]   --->   Operation 276 'store' 'store_ln55' <Predicate = (tmp == 1 & select_ln46 == 3)> <Delay = 0.66> <CoreInst = "RAM">   --->   Core 83 'RAM' <Latency = 1> <II = 1> <Delay = 0.66> <Storage> <Opcode : 'load' 'store'> <Ports = 2> <Width = 8> <Depth = 6> <RAM>
ST_2 : Operation 277 [1/1] (0.66ns)   --->   "%store_ln55 = store i8 %a_12, i3 %fb_324_addr" [./line_buffer.h:55->predecoder_kernel.cpp:55]   --->   Operation 277 'store' 'store_ln55' <Predicate = (tmp == 1 & select_ln46 == 3)> <Delay = 0.66> <CoreInst = "RAM">   --->   Core 83 'RAM' <Latency = 1> <II = 1> <Delay = 0.66> <Storage> <Opcode : 'load' 'store'> <Ports = 2> <Width = 8> <Depth = 6> <RAM>
ST_2 : Operation 278 [1/1] (0.66ns)   --->   "%store_ln55 = store i8 %a_13, i3 %fb_325_addr" [./line_buffer.h:55->predecoder_kernel.cpp:55]   --->   Operation 278 'store' 'store_ln55' <Predicate = (tmp == 1 & select_ln46 == 3)> <Delay = 0.66> <CoreInst = "RAM">   --->   Core 83 'RAM' <Latency = 1> <II = 1> <Delay = 0.66> <Storage> <Opcode : 'load' 'store'> <Ports = 2> <Width = 8> <Depth = 6> <RAM>
ST_2 : Operation 279 [1/1] (0.66ns)   --->   "%store_ln55 = store i8 %a_14, i3 %fb_326_addr" [./line_buffer.h:55->predecoder_kernel.cpp:55]   --->   Operation 279 'store' 'store_ln55' <Predicate = (tmp == 1 & select_ln46 == 3)> <Delay = 0.66> <CoreInst = "RAM">   --->   Core 83 'RAM' <Latency = 1> <II = 1> <Delay = 0.66> <Storage> <Opcode : 'load' 'store'> <Ports = 2> <Width = 8> <Depth = 6> <RAM>
ST_2 : Operation 280 [1/1] (0.66ns)   --->   "%store_ln55 = store i8 %a_15, i3 %fb_327_addr" [./line_buffer.h:55->predecoder_kernel.cpp:55]   --->   Operation 280 'store' 'store_ln55' <Predicate = (tmp == 1 & select_ln46 == 3)> <Delay = 0.66> <CoreInst = "RAM">   --->   Core 83 'RAM' <Latency = 1> <II = 1> <Delay = 0.66> <Storage> <Opcode : 'load' 'store'> <Ports = 2> <Width = 8> <Depth = 6> <RAM>
ST_2 : Operation 281 [1/1] (0.66ns)   --->   "%store_ln55 = store i8 %a_16, i3 %fb_328_addr" [./line_buffer.h:55->predecoder_kernel.cpp:55]   --->   Operation 281 'store' 'store_ln55' <Predicate = (tmp == 1 & select_ln46 == 3)> <Delay = 0.66> <CoreInst = "RAM">   --->   Core 83 'RAM' <Latency = 1> <II = 1> <Delay = 0.66> <Storage> <Opcode : 'load' 'store'> <Ports = 2> <Width = 8> <Depth = 6> <RAM>
ST_2 : Operation 282 [1/1] (0.66ns)   --->   "%store_ln55 = store i8 %a_17, i3 %fb_329_addr" [./line_buffer.h:55->predecoder_kernel.cpp:55]   --->   Operation 282 'store' 'store_ln55' <Predicate = (tmp == 1 & select_ln46 == 3)> <Delay = 0.66> <CoreInst = "RAM">   --->   Core 83 'RAM' <Latency = 1> <II = 1> <Delay = 0.66> <Storage> <Opcode : 'load' 'store'> <Ports = 2> <Width = 8> <Depth = 6> <RAM>
ST_2 : Operation 283 [1/1] (0.66ns)   --->   "%store_ln55 = store i8 %a_18, i3 %fb_330_addr" [./line_buffer.h:55->predecoder_kernel.cpp:55]   --->   Operation 283 'store' 'store_ln55' <Predicate = (tmp == 1 & select_ln46 == 3)> <Delay = 0.66> <CoreInst = "RAM">   --->   Core 83 'RAM' <Latency = 1> <II = 1> <Delay = 0.66> <Storage> <Opcode : 'load' 'store'> <Ports = 2> <Width = 8> <Depth = 6> <RAM>
ST_2 : Operation 284 [1/1] (0.66ns)   --->   "%store_ln55 = store i8 %a_19, i3 %fb_331_addr" [./line_buffer.h:55->predecoder_kernel.cpp:55]   --->   Operation 284 'store' 'store_ln55' <Predicate = (tmp == 1 & select_ln46 == 3)> <Delay = 0.66> <CoreInst = "RAM">   --->   Core 83 'RAM' <Latency = 1> <II = 1> <Delay = 0.66> <Storage> <Opcode : 'load' 'store'> <Ports = 2> <Width = 8> <Depth = 6> <RAM>
ST_2 : Operation 285 [1/1] (0.66ns)   --->   "%store_ln55 = store i8 %a_20, i3 %fb_332_addr" [./line_buffer.h:55->predecoder_kernel.cpp:55]   --->   Operation 285 'store' 'store_ln55' <Predicate = (tmp == 1 & select_ln46 == 3)> <Delay = 0.66> <CoreInst = "RAM">   --->   Core 83 'RAM' <Latency = 1> <II = 1> <Delay = 0.66> <Storage> <Opcode : 'load' 'store'> <Ports = 2> <Width = 8> <Depth = 6> <RAM>
ST_2 : Operation 286 [1/1] (0.66ns)   --->   "%store_ln55 = store i8 %a_21, i3 %fb_333_addr" [./line_buffer.h:55->predecoder_kernel.cpp:55]   --->   Operation 286 'store' 'store_ln55' <Predicate = (tmp == 1 & select_ln46 == 3)> <Delay = 0.66> <CoreInst = "RAM">   --->   Core 83 'RAM' <Latency = 1> <II = 1> <Delay = 0.66> <Storage> <Opcode : 'load' 'store'> <Ports = 2> <Width = 8> <Depth = 6> <RAM>
ST_2 : Operation 287 [1/1] (0.66ns)   --->   "%store_ln55 = store i8 %a_22, i3 %fb_334_addr" [./line_buffer.h:55->predecoder_kernel.cpp:55]   --->   Operation 287 'store' 'store_ln55' <Predicate = (tmp == 1 & select_ln46 == 3)> <Delay = 0.66> <CoreInst = "RAM">   --->   Core 83 'RAM' <Latency = 1> <II = 1> <Delay = 0.66> <Storage> <Opcode : 'load' 'store'> <Ports = 2> <Width = 8> <Depth = 6> <RAM>
ST_2 : Operation 288 [1/1] (0.00ns)   --->   "%br_ln55 = br void %arrayidx94.i.11_1.exit" [./line_buffer.h:55->predecoder_kernel.cpp:55]   --->   Operation 288 'br' 'br_ln55' <Predicate = (tmp == 1 & select_ln46 == 3)> <Delay = 0.00>
ST_2 : Operation 289 [1/1] (0.66ns)   --->   "%store_ln55 = store i8 %a, i3 %fb_311_addr" [./line_buffer.h:55->predecoder_kernel.cpp:55]   --->   Operation 289 'store' 'store_ln55' <Predicate = (tmp == 1 & select_ln46 == 2)> <Delay = 0.66> <CoreInst = "RAM">   --->   Core 83 'RAM' <Latency = 1> <II = 1> <Delay = 0.66> <Storage> <Opcode : 'load' 'store'> <Ports = 2> <Width = 8> <Depth = 6> <RAM>
ST_2 : Operation 290 [1/1] (0.66ns)   --->   "%store_ln55 = store i8 %a_12, i3 %fb_312_addr" [./line_buffer.h:55->predecoder_kernel.cpp:55]   --->   Operation 290 'store' 'store_ln55' <Predicate = (tmp == 1 & select_ln46 == 2)> <Delay = 0.66> <CoreInst = "RAM">   --->   Core 83 'RAM' <Latency = 1> <II = 1> <Delay = 0.66> <Storage> <Opcode : 'load' 'store'> <Ports = 2> <Width = 8> <Depth = 6> <RAM>
ST_2 : Operation 291 [1/1] (0.66ns)   --->   "%store_ln55 = store i8 %a_13, i3 %fb_313_addr" [./line_buffer.h:55->predecoder_kernel.cpp:55]   --->   Operation 291 'store' 'store_ln55' <Predicate = (tmp == 1 & select_ln46 == 2)> <Delay = 0.66> <CoreInst = "RAM">   --->   Core 83 'RAM' <Latency = 1> <II = 1> <Delay = 0.66> <Storage> <Opcode : 'load' 'store'> <Ports = 2> <Width = 8> <Depth = 6> <RAM>
ST_2 : Operation 292 [1/1] (0.66ns)   --->   "%store_ln55 = store i8 %a_14, i3 %fb_314_addr" [./line_buffer.h:55->predecoder_kernel.cpp:55]   --->   Operation 292 'store' 'store_ln55' <Predicate = (tmp == 1 & select_ln46 == 2)> <Delay = 0.66> <CoreInst = "RAM">   --->   Core 83 'RAM' <Latency = 1> <II = 1> <Delay = 0.66> <Storage> <Opcode : 'load' 'store'> <Ports = 2> <Width = 8> <Depth = 6> <RAM>
ST_2 : Operation 293 [1/1] (0.66ns)   --->   "%store_ln55 = store i8 %a_15, i3 %fb_315_addr" [./line_buffer.h:55->predecoder_kernel.cpp:55]   --->   Operation 293 'store' 'store_ln55' <Predicate = (tmp == 1 & select_ln46 == 2)> <Delay = 0.66> <CoreInst = "RAM">   --->   Core 83 'RAM' <Latency = 1> <II = 1> <Delay = 0.66> <Storage> <Opcode : 'load' 'store'> <Ports = 2> <Width = 8> <Depth = 6> <RAM>
ST_2 : Operation 294 [1/1] (0.66ns)   --->   "%store_ln55 = store i8 %a_16, i3 %fb_316_addr" [./line_buffer.h:55->predecoder_kernel.cpp:55]   --->   Operation 294 'store' 'store_ln55' <Predicate = (tmp == 1 & select_ln46 == 2)> <Delay = 0.66> <CoreInst = "RAM">   --->   Core 83 'RAM' <Latency = 1> <II = 1> <Delay = 0.66> <Storage> <Opcode : 'load' 'store'> <Ports = 2> <Width = 8> <Depth = 6> <RAM>
ST_2 : Operation 295 [1/1] (0.66ns)   --->   "%store_ln55 = store i8 %a_17, i3 %fb_317_addr" [./line_buffer.h:55->predecoder_kernel.cpp:55]   --->   Operation 295 'store' 'store_ln55' <Predicate = (tmp == 1 & select_ln46 == 2)> <Delay = 0.66> <CoreInst = "RAM">   --->   Core 83 'RAM' <Latency = 1> <II = 1> <Delay = 0.66> <Storage> <Opcode : 'load' 'store'> <Ports = 2> <Width = 8> <Depth = 6> <RAM>
ST_2 : Operation 296 [1/1] (0.66ns)   --->   "%store_ln55 = store i8 %a_18, i3 %fb_318_addr" [./line_buffer.h:55->predecoder_kernel.cpp:55]   --->   Operation 296 'store' 'store_ln55' <Predicate = (tmp == 1 & select_ln46 == 2)> <Delay = 0.66> <CoreInst = "RAM">   --->   Core 83 'RAM' <Latency = 1> <II = 1> <Delay = 0.66> <Storage> <Opcode : 'load' 'store'> <Ports = 2> <Width = 8> <Depth = 6> <RAM>
ST_2 : Operation 297 [1/1] (0.66ns)   --->   "%store_ln55 = store i8 %a_19, i3 %fb_319_addr" [./line_buffer.h:55->predecoder_kernel.cpp:55]   --->   Operation 297 'store' 'store_ln55' <Predicate = (tmp == 1 & select_ln46 == 2)> <Delay = 0.66> <CoreInst = "RAM">   --->   Core 83 'RAM' <Latency = 1> <II = 1> <Delay = 0.66> <Storage> <Opcode : 'load' 'store'> <Ports = 2> <Width = 8> <Depth = 6> <RAM>
ST_2 : Operation 298 [1/1] (0.66ns)   --->   "%store_ln55 = store i8 %a_20, i3 %fb_320_addr" [./line_buffer.h:55->predecoder_kernel.cpp:55]   --->   Operation 298 'store' 'store_ln55' <Predicate = (tmp == 1 & select_ln46 == 2)> <Delay = 0.66> <CoreInst = "RAM">   --->   Core 83 'RAM' <Latency = 1> <II = 1> <Delay = 0.66> <Storage> <Opcode : 'load' 'store'> <Ports = 2> <Width = 8> <Depth = 6> <RAM>
ST_2 : Operation 299 [1/1] (0.66ns)   --->   "%store_ln55 = store i8 %a_21, i3 %fb_321_addr" [./line_buffer.h:55->predecoder_kernel.cpp:55]   --->   Operation 299 'store' 'store_ln55' <Predicate = (tmp == 1 & select_ln46 == 2)> <Delay = 0.66> <CoreInst = "RAM">   --->   Core 83 'RAM' <Latency = 1> <II = 1> <Delay = 0.66> <Storage> <Opcode : 'load' 'store'> <Ports = 2> <Width = 8> <Depth = 6> <RAM>
ST_2 : Operation 300 [1/1] (0.66ns)   --->   "%store_ln55 = store i8 %a_22, i3 %fb_322_addr" [./line_buffer.h:55->predecoder_kernel.cpp:55]   --->   Operation 300 'store' 'store_ln55' <Predicate = (tmp == 1 & select_ln46 == 2)> <Delay = 0.66> <CoreInst = "RAM">   --->   Core 83 'RAM' <Latency = 1> <II = 1> <Delay = 0.66> <Storage> <Opcode : 'load' 'store'> <Ports = 2> <Width = 8> <Depth = 6> <RAM>
ST_2 : Operation 301 [1/1] (0.00ns)   --->   "%br_ln55 = br void %arrayidx94.i.11_1.exit" [./line_buffer.h:55->predecoder_kernel.cpp:55]   --->   Operation 301 'br' 'br_ln55' <Predicate = (tmp == 1 & select_ln46 == 2)> <Delay = 0.00>
ST_2 : Operation 302 [1/1] (0.66ns)   --->   "%store_ln55 = store i8 %a, i3 %fb_299_addr" [./line_buffer.h:55->predecoder_kernel.cpp:55]   --->   Operation 302 'store' 'store_ln55' <Predicate = (tmp == 1 & select_ln46 == 1)> <Delay = 0.66> <CoreInst = "RAM">   --->   Core 83 'RAM' <Latency = 1> <II = 1> <Delay = 0.66> <Storage> <Opcode : 'load' 'store'> <Ports = 2> <Width = 8> <Depth = 6> <RAM>
ST_2 : Operation 303 [1/1] (0.66ns)   --->   "%store_ln55 = store i8 %a_12, i3 %fb_300_addr" [./line_buffer.h:55->predecoder_kernel.cpp:55]   --->   Operation 303 'store' 'store_ln55' <Predicate = (tmp == 1 & select_ln46 == 1)> <Delay = 0.66> <CoreInst = "RAM">   --->   Core 83 'RAM' <Latency = 1> <II = 1> <Delay = 0.66> <Storage> <Opcode : 'load' 'store'> <Ports = 2> <Width = 8> <Depth = 6> <RAM>
ST_2 : Operation 304 [1/1] (0.66ns)   --->   "%store_ln55 = store i8 %a_13, i3 %fb_301_addr" [./line_buffer.h:55->predecoder_kernel.cpp:55]   --->   Operation 304 'store' 'store_ln55' <Predicate = (tmp == 1 & select_ln46 == 1)> <Delay = 0.66> <CoreInst = "RAM">   --->   Core 83 'RAM' <Latency = 1> <II = 1> <Delay = 0.66> <Storage> <Opcode : 'load' 'store'> <Ports = 2> <Width = 8> <Depth = 6> <RAM>
ST_2 : Operation 305 [1/1] (0.66ns)   --->   "%store_ln55 = store i8 %a_14, i3 %fb_302_addr" [./line_buffer.h:55->predecoder_kernel.cpp:55]   --->   Operation 305 'store' 'store_ln55' <Predicate = (tmp == 1 & select_ln46 == 1)> <Delay = 0.66> <CoreInst = "RAM">   --->   Core 83 'RAM' <Latency = 1> <II = 1> <Delay = 0.66> <Storage> <Opcode : 'load' 'store'> <Ports = 2> <Width = 8> <Depth = 6> <RAM>
ST_2 : Operation 306 [1/1] (0.66ns)   --->   "%store_ln55 = store i8 %a_15, i3 %fb_303_addr" [./line_buffer.h:55->predecoder_kernel.cpp:55]   --->   Operation 306 'store' 'store_ln55' <Predicate = (tmp == 1 & select_ln46 == 1)> <Delay = 0.66> <CoreInst = "RAM">   --->   Core 83 'RAM' <Latency = 1> <II = 1> <Delay = 0.66> <Storage> <Opcode : 'load' 'store'> <Ports = 2> <Width = 8> <Depth = 6> <RAM>
ST_2 : Operation 307 [1/1] (0.66ns)   --->   "%store_ln55 = store i8 %a_16, i3 %fb_304_addr" [./line_buffer.h:55->predecoder_kernel.cpp:55]   --->   Operation 307 'store' 'store_ln55' <Predicate = (tmp == 1 & select_ln46 == 1)> <Delay = 0.66> <CoreInst = "RAM">   --->   Core 83 'RAM' <Latency = 1> <II = 1> <Delay = 0.66> <Storage> <Opcode : 'load' 'store'> <Ports = 2> <Width = 8> <Depth = 6> <RAM>
ST_2 : Operation 308 [1/1] (0.66ns)   --->   "%store_ln55 = store i8 %a_17, i3 %fb_305_addr" [./line_buffer.h:55->predecoder_kernel.cpp:55]   --->   Operation 308 'store' 'store_ln55' <Predicate = (tmp == 1 & select_ln46 == 1)> <Delay = 0.66> <CoreInst = "RAM">   --->   Core 83 'RAM' <Latency = 1> <II = 1> <Delay = 0.66> <Storage> <Opcode : 'load' 'store'> <Ports = 2> <Width = 8> <Depth = 6> <RAM>
ST_2 : Operation 309 [1/1] (0.66ns)   --->   "%store_ln55 = store i8 %a_18, i3 %fb_306_addr" [./line_buffer.h:55->predecoder_kernel.cpp:55]   --->   Operation 309 'store' 'store_ln55' <Predicate = (tmp == 1 & select_ln46 == 1)> <Delay = 0.66> <CoreInst = "RAM">   --->   Core 83 'RAM' <Latency = 1> <II = 1> <Delay = 0.66> <Storage> <Opcode : 'load' 'store'> <Ports = 2> <Width = 8> <Depth = 6> <RAM>
ST_2 : Operation 310 [1/1] (0.66ns)   --->   "%store_ln55 = store i8 %a_19, i3 %fb_307_addr" [./line_buffer.h:55->predecoder_kernel.cpp:55]   --->   Operation 310 'store' 'store_ln55' <Predicate = (tmp == 1 & select_ln46 == 1)> <Delay = 0.66> <CoreInst = "RAM">   --->   Core 83 'RAM' <Latency = 1> <II = 1> <Delay = 0.66> <Storage> <Opcode : 'load' 'store'> <Ports = 2> <Width = 8> <Depth = 6> <RAM>
ST_2 : Operation 311 [1/1] (0.66ns)   --->   "%store_ln55 = store i8 %a_20, i3 %fb_308_addr" [./line_buffer.h:55->predecoder_kernel.cpp:55]   --->   Operation 311 'store' 'store_ln55' <Predicate = (tmp == 1 & select_ln46 == 1)> <Delay = 0.66> <CoreInst = "RAM">   --->   Core 83 'RAM' <Latency = 1> <II = 1> <Delay = 0.66> <Storage> <Opcode : 'load' 'store'> <Ports = 2> <Width = 8> <Depth = 6> <RAM>
ST_2 : Operation 312 [1/1] (0.66ns)   --->   "%store_ln55 = store i8 %a_21, i3 %fb_309_addr" [./line_buffer.h:55->predecoder_kernel.cpp:55]   --->   Operation 312 'store' 'store_ln55' <Predicate = (tmp == 1 & select_ln46 == 1)> <Delay = 0.66> <CoreInst = "RAM">   --->   Core 83 'RAM' <Latency = 1> <II = 1> <Delay = 0.66> <Storage> <Opcode : 'load' 'store'> <Ports = 2> <Width = 8> <Depth = 6> <RAM>
ST_2 : Operation 313 [1/1] (0.66ns)   --->   "%store_ln55 = store i8 %a_22, i3 %fb_310_addr" [./line_buffer.h:55->predecoder_kernel.cpp:55]   --->   Operation 313 'store' 'store_ln55' <Predicate = (tmp == 1 & select_ln46 == 1)> <Delay = 0.66> <CoreInst = "RAM">   --->   Core 83 'RAM' <Latency = 1> <II = 1> <Delay = 0.66> <Storage> <Opcode : 'load' 'store'> <Ports = 2> <Width = 8> <Depth = 6> <RAM>
ST_2 : Operation 314 [1/1] (0.00ns)   --->   "%br_ln55 = br void %arrayidx94.i.11_1.exit" [./line_buffer.h:55->predecoder_kernel.cpp:55]   --->   Operation 314 'br' 'br_ln55' <Predicate = (tmp == 1 & select_ln46 == 1)> <Delay = 0.00>
ST_2 : Operation 315 [1/1] (0.66ns)   --->   "%store_ln55 = store i8 %a, i3 %fb_287_addr" [./line_buffer.h:55->predecoder_kernel.cpp:55]   --->   Operation 315 'store' 'store_ln55' <Predicate = (tmp == 1 & select_ln46 == 0)> <Delay = 0.66> <CoreInst = "RAM">   --->   Core 83 'RAM' <Latency = 1> <II = 1> <Delay = 0.66> <Storage> <Opcode : 'load' 'store'> <Ports = 2> <Width = 8> <Depth = 6> <RAM>
ST_2 : Operation 316 [1/1] (0.66ns)   --->   "%store_ln55 = store i8 %a_12, i3 %fb_288_addr" [./line_buffer.h:55->predecoder_kernel.cpp:55]   --->   Operation 316 'store' 'store_ln55' <Predicate = (tmp == 1 & select_ln46 == 0)> <Delay = 0.66> <CoreInst = "RAM">   --->   Core 83 'RAM' <Latency = 1> <II = 1> <Delay = 0.66> <Storage> <Opcode : 'load' 'store'> <Ports = 2> <Width = 8> <Depth = 6> <RAM>
ST_2 : Operation 317 [1/1] (0.66ns)   --->   "%store_ln55 = store i8 %a_13, i3 %fb_289_addr" [./line_buffer.h:55->predecoder_kernel.cpp:55]   --->   Operation 317 'store' 'store_ln55' <Predicate = (tmp == 1 & select_ln46 == 0)> <Delay = 0.66> <CoreInst = "RAM">   --->   Core 83 'RAM' <Latency = 1> <II = 1> <Delay = 0.66> <Storage> <Opcode : 'load' 'store'> <Ports = 2> <Width = 8> <Depth = 6> <RAM>
ST_2 : Operation 318 [1/1] (0.66ns)   --->   "%store_ln55 = store i8 %a_14, i3 %fb_290_addr" [./line_buffer.h:55->predecoder_kernel.cpp:55]   --->   Operation 318 'store' 'store_ln55' <Predicate = (tmp == 1 & select_ln46 == 0)> <Delay = 0.66> <CoreInst = "RAM">   --->   Core 83 'RAM' <Latency = 1> <II = 1> <Delay = 0.66> <Storage> <Opcode : 'load' 'store'> <Ports = 2> <Width = 8> <Depth = 6> <RAM>
ST_2 : Operation 319 [1/1] (0.66ns)   --->   "%store_ln55 = store i8 %a_15, i3 %fb_291_addr" [./line_buffer.h:55->predecoder_kernel.cpp:55]   --->   Operation 319 'store' 'store_ln55' <Predicate = (tmp == 1 & select_ln46 == 0)> <Delay = 0.66> <CoreInst = "RAM">   --->   Core 83 'RAM' <Latency = 1> <II = 1> <Delay = 0.66> <Storage> <Opcode : 'load' 'store'> <Ports = 2> <Width = 8> <Depth = 6> <RAM>
ST_2 : Operation 320 [1/1] (0.66ns)   --->   "%store_ln55 = store i8 %a_16, i3 %fb_292_addr" [./line_buffer.h:55->predecoder_kernel.cpp:55]   --->   Operation 320 'store' 'store_ln55' <Predicate = (tmp == 1 & select_ln46 == 0)> <Delay = 0.66> <CoreInst = "RAM">   --->   Core 83 'RAM' <Latency = 1> <II = 1> <Delay = 0.66> <Storage> <Opcode : 'load' 'store'> <Ports = 2> <Width = 8> <Depth = 6> <RAM>
ST_2 : Operation 321 [1/1] (0.66ns)   --->   "%store_ln55 = store i8 %a_17, i3 %fb_293_addr" [./line_buffer.h:55->predecoder_kernel.cpp:55]   --->   Operation 321 'store' 'store_ln55' <Predicate = (tmp == 1 & select_ln46 == 0)> <Delay = 0.66> <CoreInst = "RAM">   --->   Core 83 'RAM' <Latency = 1> <II = 1> <Delay = 0.66> <Storage> <Opcode : 'load' 'store'> <Ports = 2> <Width = 8> <Depth = 6> <RAM>
ST_2 : Operation 322 [1/1] (0.66ns)   --->   "%store_ln55 = store i8 %a_18, i3 %fb_294_addr" [./line_buffer.h:55->predecoder_kernel.cpp:55]   --->   Operation 322 'store' 'store_ln55' <Predicate = (tmp == 1 & select_ln46 == 0)> <Delay = 0.66> <CoreInst = "RAM">   --->   Core 83 'RAM' <Latency = 1> <II = 1> <Delay = 0.66> <Storage> <Opcode : 'load' 'store'> <Ports = 2> <Width = 8> <Depth = 6> <RAM>
ST_2 : Operation 323 [1/1] (0.66ns)   --->   "%store_ln55 = store i8 %a_19, i3 %fb_295_addr" [./line_buffer.h:55->predecoder_kernel.cpp:55]   --->   Operation 323 'store' 'store_ln55' <Predicate = (tmp == 1 & select_ln46 == 0)> <Delay = 0.66> <CoreInst = "RAM">   --->   Core 83 'RAM' <Latency = 1> <II = 1> <Delay = 0.66> <Storage> <Opcode : 'load' 'store'> <Ports = 2> <Width = 8> <Depth = 6> <RAM>
ST_2 : Operation 324 [1/1] (0.66ns)   --->   "%store_ln55 = store i8 %a_20, i3 %fb_296_addr" [./line_buffer.h:55->predecoder_kernel.cpp:55]   --->   Operation 324 'store' 'store_ln55' <Predicate = (tmp == 1 & select_ln46 == 0)> <Delay = 0.66> <CoreInst = "RAM">   --->   Core 83 'RAM' <Latency = 1> <II = 1> <Delay = 0.66> <Storage> <Opcode : 'load' 'store'> <Ports = 2> <Width = 8> <Depth = 6> <RAM>
ST_2 : Operation 325 [1/1] (0.66ns)   --->   "%store_ln55 = store i8 %a_21, i3 %fb_297_addr" [./line_buffer.h:55->predecoder_kernel.cpp:55]   --->   Operation 325 'store' 'store_ln55' <Predicate = (tmp == 1 & select_ln46 == 0)> <Delay = 0.66> <CoreInst = "RAM">   --->   Core 83 'RAM' <Latency = 1> <II = 1> <Delay = 0.66> <Storage> <Opcode : 'load' 'store'> <Ports = 2> <Width = 8> <Depth = 6> <RAM>
ST_2 : Operation 326 [1/1] (0.66ns)   --->   "%store_ln55 = store i8 %a_22, i3 %fb_298_addr" [./line_buffer.h:55->predecoder_kernel.cpp:55]   --->   Operation 326 'store' 'store_ln55' <Predicate = (tmp == 1 & select_ln46 == 0)> <Delay = 0.66> <CoreInst = "RAM">   --->   Core 83 'RAM' <Latency = 1> <II = 1> <Delay = 0.66> <Storage> <Opcode : 'load' 'store'> <Ports = 2> <Width = 8> <Depth = 6> <RAM>
ST_2 : Operation 327 [1/1] (0.00ns)   --->   "%br_ln55 = br void %arrayidx94.i.11_1.exit" [./line_buffer.h:55->predecoder_kernel.cpp:55]   --->   Operation 327 'br' 'br_ln55' <Predicate = (tmp == 1 & select_ln46 == 0)> <Delay = 0.00>
ST_2 : Operation 328 [1/1] (0.66ns)   --->   "%store_ln55 = store i8 %a, i3 %fb_347_addr" [./line_buffer.h:55->predecoder_kernel.cpp:55]   --->   Operation 328 'store' 'store_ln55' <Predicate = (tmp == 1 & select_ln46 != 0 & select_ln46 != 1 & select_ln46 != 2 & select_ln46 != 3 & select_ln46 != 4)> <Delay = 0.66> <CoreInst = "RAM">   --->   Core 83 'RAM' <Latency = 1> <II = 1> <Delay = 0.66> <Storage> <Opcode : 'load' 'store'> <Ports = 2> <Width = 8> <Depth = 6> <RAM>
ST_2 : Operation 329 [1/1] (0.66ns)   --->   "%store_ln55 = store i8 %a_12, i3 %fb_348_addr" [./line_buffer.h:55->predecoder_kernel.cpp:55]   --->   Operation 329 'store' 'store_ln55' <Predicate = (tmp == 1 & select_ln46 != 0 & select_ln46 != 1 & select_ln46 != 2 & select_ln46 != 3 & select_ln46 != 4)> <Delay = 0.66> <CoreInst = "RAM">   --->   Core 83 'RAM' <Latency = 1> <II = 1> <Delay = 0.66> <Storage> <Opcode : 'load' 'store'> <Ports = 2> <Width = 8> <Depth = 6> <RAM>
ST_2 : Operation 330 [1/1] (0.66ns)   --->   "%store_ln55 = store i8 %a_13, i3 %fb_349_addr" [./line_buffer.h:55->predecoder_kernel.cpp:55]   --->   Operation 330 'store' 'store_ln55' <Predicate = (tmp == 1 & select_ln46 != 0 & select_ln46 != 1 & select_ln46 != 2 & select_ln46 != 3 & select_ln46 != 4)> <Delay = 0.66> <CoreInst = "RAM">   --->   Core 83 'RAM' <Latency = 1> <II = 1> <Delay = 0.66> <Storage> <Opcode : 'load' 'store'> <Ports = 2> <Width = 8> <Depth = 6> <RAM>
ST_2 : Operation 331 [1/1] (0.66ns)   --->   "%store_ln55 = store i8 %a_14, i3 %fb_350_addr" [./line_buffer.h:55->predecoder_kernel.cpp:55]   --->   Operation 331 'store' 'store_ln55' <Predicate = (tmp == 1 & select_ln46 != 0 & select_ln46 != 1 & select_ln46 != 2 & select_ln46 != 3 & select_ln46 != 4)> <Delay = 0.66> <CoreInst = "RAM">   --->   Core 83 'RAM' <Latency = 1> <II = 1> <Delay = 0.66> <Storage> <Opcode : 'load' 'store'> <Ports = 2> <Width = 8> <Depth = 6> <RAM>
ST_2 : Operation 332 [1/1] (0.66ns)   --->   "%store_ln55 = store i8 %a_15, i3 %fb_351_addr" [./line_buffer.h:55->predecoder_kernel.cpp:55]   --->   Operation 332 'store' 'store_ln55' <Predicate = (tmp == 1 & select_ln46 != 0 & select_ln46 != 1 & select_ln46 != 2 & select_ln46 != 3 & select_ln46 != 4)> <Delay = 0.66> <CoreInst = "RAM">   --->   Core 83 'RAM' <Latency = 1> <II = 1> <Delay = 0.66> <Storage> <Opcode : 'load' 'store'> <Ports = 2> <Width = 8> <Depth = 6> <RAM>
ST_2 : Operation 333 [1/1] (0.66ns)   --->   "%store_ln55 = store i8 %a_16, i3 %fb_352_addr" [./line_buffer.h:55->predecoder_kernel.cpp:55]   --->   Operation 333 'store' 'store_ln55' <Predicate = (tmp == 1 & select_ln46 != 0 & select_ln46 != 1 & select_ln46 != 2 & select_ln46 != 3 & select_ln46 != 4)> <Delay = 0.66> <CoreInst = "RAM">   --->   Core 83 'RAM' <Latency = 1> <II = 1> <Delay = 0.66> <Storage> <Opcode : 'load' 'store'> <Ports = 2> <Width = 8> <Depth = 6> <RAM>
ST_2 : Operation 334 [1/1] (0.66ns)   --->   "%store_ln55 = store i8 %a_17, i3 %fb_353_addr" [./line_buffer.h:55->predecoder_kernel.cpp:55]   --->   Operation 334 'store' 'store_ln55' <Predicate = (tmp == 1 & select_ln46 != 0 & select_ln46 != 1 & select_ln46 != 2 & select_ln46 != 3 & select_ln46 != 4)> <Delay = 0.66> <CoreInst = "RAM">   --->   Core 83 'RAM' <Latency = 1> <II = 1> <Delay = 0.66> <Storage> <Opcode : 'load' 'store'> <Ports = 2> <Width = 8> <Depth = 6> <RAM>
ST_2 : Operation 335 [1/1] (0.66ns)   --->   "%store_ln55 = store i8 %a_18, i3 %fb_354_addr" [./line_buffer.h:55->predecoder_kernel.cpp:55]   --->   Operation 335 'store' 'store_ln55' <Predicate = (tmp == 1 & select_ln46 != 0 & select_ln46 != 1 & select_ln46 != 2 & select_ln46 != 3 & select_ln46 != 4)> <Delay = 0.66> <CoreInst = "RAM">   --->   Core 83 'RAM' <Latency = 1> <II = 1> <Delay = 0.66> <Storage> <Opcode : 'load' 'store'> <Ports = 2> <Width = 8> <Depth = 6> <RAM>
ST_2 : Operation 336 [1/1] (0.66ns)   --->   "%store_ln55 = store i8 %a_19, i3 %fb_355_addr" [./line_buffer.h:55->predecoder_kernel.cpp:55]   --->   Operation 336 'store' 'store_ln55' <Predicate = (tmp == 1 & select_ln46 != 0 & select_ln46 != 1 & select_ln46 != 2 & select_ln46 != 3 & select_ln46 != 4)> <Delay = 0.66> <CoreInst = "RAM">   --->   Core 83 'RAM' <Latency = 1> <II = 1> <Delay = 0.66> <Storage> <Opcode : 'load' 'store'> <Ports = 2> <Width = 8> <Depth = 6> <RAM>
ST_2 : Operation 337 [1/1] (0.66ns)   --->   "%store_ln55 = store i8 %a_20, i3 %fb_356_addr" [./line_buffer.h:55->predecoder_kernel.cpp:55]   --->   Operation 337 'store' 'store_ln55' <Predicate = (tmp == 1 & select_ln46 != 0 & select_ln46 != 1 & select_ln46 != 2 & select_ln46 != 3 & select_ln46 != 4)> <Delay = 0.66> <CoreInst = "RAM">   --->   Core 83 'RAM' <Latency = 1> <II = 1> <Delay = 0.66> <Storage> <Opcode : 'load' 'store'> <Ports = 2> <Width = 8> <Depth = 6> <RAM>
ST_2 : Operation 338 [1/1] (0.66ns)   --->   "%store_ln55 = store i8 %a_21, i3 %fb_357_addr" [./line_buffer.h:55->predecoder_kernel.cpp:55]   --->   Operation 338 'store' 'store_ln55' <Predicate = (tmp == 1 & select_ln46 != 0 & select_ln46 != 1 & select_ln46 != 2 & select_ln46 != 3 & select_ln46 != 4)> <Delay = 0.66> <CoreInst = "RAM">   --->   Core 83 'RAM' <Latency = 1> <II = 1> <Delay = 0.66> <Storage> <Opcode : 'load' 'store'> <Ports = 2> <Width = 8> <Depth = 6> <RAM>
ST_2 : Operation 339 [1/1] (0.66ns)   --->   "%store_ln55 = store i8 %a_22, i3 %fb_358_addr" [./line_buffer.h:55->predecoder_kernel.cpp:55]   --->   Operation 339 'store' 'store_ln55' <Predicate = (tmp == 1 & select_ln46 != 0 & select_ln46 != 1 & select_ln46 != 2 & select_ln46 != 3 & select_ln46 != 4)> <Delay = 0.66> <CoreInst = "RAM">   --->   Core 83 'RAM' <Latency = 1> <II = 1> <Delay = 0.66> <Storage> <Opcode : 'load' 'store'> <Ports = 2> <Width = 8> <Depth = 6> <RAM>
ST_2 : Operation 340 [1/1] (0.00ns)   --->   "%br_ln55 = br void %arrayidx94.i.11_1.exit" [./line_buffer.h:55->predecoder_kernel.cpp:55]   --->   Operation 340 'br' 'br_ln55' <Predicate = (tmp == 1 & select_ln46 != 0 & select_ln46 != 1 & select_ln46 != 2 & select_ln46 != 3 & select_ln46 != 4)> <Delay = 0.00>
ST_2 : Operation 341 [1/1] (0.67ns)   --->   "%switch_ln55 = switch i3 %select_ln46, void %arrayidx94.i.11_0.case.5, i3 0, void %arrayidx94.i.11_0.case.0, i3 1, void %arrayidx94.i.11_0.case.1, i3 2, void %arrayidx94.i.11_0.case.2, i3 3, void %arrayidx94.i.11_0.case.3, i3 4, void %arrayidx94.i.11_0.case.4" [./line_buffer.h:55->predecoder_kernel.cpp:55]   --->   Operation 341 'switch' 'switch_ln55' <Predicate = (tmp == 0)> <Delay = 0.67>
ST_2 : Operation 342 [1/1] (0.66ns)   --->   "%store_ln55 = store i8 %a, i3 %fb_263_addr" [./line_buffer.h:55->predecoder_kernel.cpp:55]   --->   Operation 342 'store' 'store_ln55' <Predicate = (tmp == 0 & select_ln46 == 4)> <Delay = 0.66> <CoreInst = "RAM">   --->   Core 83 'RAM' <Latency = 1> <II = 1> <Delay = 0.66> <Storage> <Opcode : 'load' 'store'> <Ports = 2> <Width = 8> <Depth = 6> <RAM>
ST_2 : Operation 343 [1/1] (0.66ns)   --->   "%store_ln55 = store i8 %a_12, i3 %fb_264_addr" [./line_buffer.h:55->predecoder_kernel.cpp:55]   --->   Operation 343 'store' 'store_ln55' <Predicate = (tmp == 0 & select_ln46 == 4)> <Delay = 0.66> <CoreInst = "RAM">   --->   Core 83 'RAM' <Latency = 1> <II = 1> <Delay = 0.66> <Storage> <Opcode : 'load' 'store'> <Ports = 2> <Width = 8> <Depth = 6> <RAM>
ST_2 : Operation 344 [1/1] (0.66ns)   --->   "%store_ln55 = store i8 %a_13, i3 %fb_265_addr" [./line_buffer.h:55->predecoder_kernel.cpp:55]   --->   Operation 344 'store' 'store_ln55' <Predicate = (tmp == 0 & select_ln46 == 4)> <Delay = 0.66> <CoreInst = "RAM">   --->   Core 83 'RAM' <Latency = 1> <II = 1> <Delay = 0.66> <Storage> <Opcode : 'load' 'store'> <Ports = 2> <Width = 8> <Depth = 6> <RAM>
ST_2 : Operation 345 [1/1] (0.66ns)   --->   "%store_ln55 = store i8 %a_14, i3 %fb_266_addr" [./line_buffer.h:55->predecoder_kernel.cpp:55]   --->   Operation 345 'store' 'store_ln55' <Predicate = (tmp == 0 & select_ln46 == 4)> <Delay = 0.66> <CoreInst = "RAM">   --->   Core 83 'RAM' <Latency = 1> <II = 1> <Delay = 0.66> <Storage> <Opcode : 'load' 'store'> <Ports = 2> <Width = 8> <Depth = 6> <RAM>
ST_2 : Operation 346 [1/1] (0.66ns)   --->   "%store_ln55 = store i8 %a_15, i3 %fb_267_addr" [./line_buffer.h:55->predecoder_kernel.cpp:55]   --->   Operation 346 'store' 'store_ln55' <Predicate = (tmp == 0 & select_ln46 == 4)> <Delay = 0.66> <CoreInst = "RAM">   --->   Core 83 'RAM' <Latency = 1> <II = 1> <Delay = 0.66> <Storage> <Opcode : 'load' 'store'> <Ports = 2> <Width = 8> <Depth = 6> <RAM>
ST_2 : Operation 347 [1/1] (0.66ns)   --->   "%store_ln55 = store i8 %a_16, i3 %fb_268_addr" [./line_buffer.h:55->predecoder_kernel.cpp:55]   --->   Operation 347 'store' 'store_ln55' <Predicate = (tmp == 0 & select_ln46 == 4)> <Delay = 0.66> <CoreInst = "RAM">   --->   Core 83 'RAM' <Latency = 1> <II = 1> <Delay = 0.66> <Storage> <Opcode : 'load' 'store'> <Ports = 2> <Width = 8> <Depth = 6> <RAM>
ST_2 : Operation 348 [1/1] (0.66ns)   --->   "%store_ln55 = store i8 %a_17, i3 %fb_269_addr" [./line_buffer.h:55->predecoder_kernel.cpp:55]   --->   Operation 348 'store' 'store_ln55' <Predicate = (tmp == 0 & select_ln46 == 4)> <Delay = 0.66> <CoreInst = "RAM">   --->   Core 83 'RAM' <Latency = 1> <II = 1> <Delay = 0.66> <Storage> <Opcode : 'load' 'store'> <Ports = 2> <Width = 8> <Depth = 6> <RAM>
ST_2 : Operation 349 [1/1] (0.66ns)   --->   "%store_ln55 = store i8 %a_18, i3 %fb_270_addr" [./line_buffer.h:55->predecoder_kernel.cpp:55]   --->   Operation 349 'store' 'store_ln55' <Predicate = (tmp == 0 & select_ln46 == 4)> <Delay = 0.66> <CoreInst = "RAM">   --->   Core 83 'RAM' <Latency = 1> <II = 1> <Delay = 0.66> <Storage> <Opcode : 'load' 'store'> <Ports = 2> <Width = 8> <Depth = 6> <RAM>
ST_2 : Operation 350 [1/1] (0.66ns)   --->   "%store_ln55 = store i8 %a_19, i3 %fb_271_addr" [./line_buffer.h:55->predecoder_kernel.cpp:55]   --->   Operation 350 'store' 'store_ln55' <Predicate = (tmp == 0 & select_ln46 == 4)> <Delay = 0.66> <CoreInst = "RAM">   --->   Core 83 'RAM' <Latency = 1> <II = 1> <Delay = 0.66> <Storage> <Opcode : 'load' 'store'> <Ports = 2> <Width = 8> <Depth = 6> <RAM>
ST_2 : Operation 351 [1/1] (0.66ns)   --->   "%store_ln55 = store i8 %a_20, i3 %fb_272_addr" [./line_buffer.h:55->predecoder_kernel.cpp:55]   --->   Operation 351 'store' 'store_ln55' <Predicate = (tmp == 0 & select_ln46 == 4)> <Delay = 0.66> <CoreInst = "RAM">   --->   Core 83 'RAM' <Latency = 1> <II = 1> <Delay = 0.66> <Storage> <Opcode : 'load' 'store'> <Ports = 2> <Width = 8> <Depth = 6> <RAM>
ST_2 : Operation 352 [1/1] (0.66ns)   --->   "%store_ln55 = store i8 %a_21, i3 %fb_273_addr" [./line_buffer.h:55->predecoder_kernel.cpp:55]   --->   Operation 352 'store' 'store_ln55' <Predicate = (tmp == 0 & select_ln46 == 4)> <Delay = 0.66> <CoreInst = "RAM">   --->   Core 83 'RAM' <Latency = 1> <II = 1> <Delay = 0.66> <Storage> <Opcode : 'load' 'store'> <Ports = 2> <Width = 8> <Depth = 6> <RAM>
ST_2 : Operation 353 [1/1] (0.66ns)   --->   "%store_ln55 = store i8 %a_22, i3 %fb_274_addr" [./line_buffer.h:55->predecoder_kernel.cpp:55]   --->   Operation 353 'store' 'store_ln55' <Predicate = (tmp == 0 & select_ln46 == 4)> <Delay = 0.66> <CoreInst = "RAM">   --->   Core 83 'RAM' <Latency = 1> <II = 1> <Delay = 0.66> <Storage> <Opcode : 'load' 'store'> <Ports = 2> <Width = 8> <Depth = 6> <RAM>
ST_2 : Operation 354 [1/1] (0.00ns)   --->   "%br_ln55 = br void %arrayidx94.i.11_0.exit" [./line_buffer.h:55->predecoder_kernel.cpp:55]   --->   Operation 354 'br' 'br_ln55' <Predicate = (tmp == 0 & select_ln46 == 4)> <Delay = 0.00>
ST_2 : Operation 355 [1/1] (0.66ns)   --->   "%store_ln55 = store i8 %a, i3 %fb_251_addr" [./line_buffer.h:55->predecoder_kernel.cpp:55]   --->   Operation 355 'store' 'store_ln55' <Predicate = (tmp == 0 & select_ln46 == 3)> <Delay = 0.66> <CoreInst = "RAM">   --->   Core 83 'RAM' <Latency = 1> <II = 1> <Delay = 0.66> <Storage> <Opcode : 'load' 'store'> <Ports = 2> <Width = 8> <Depth = 6> <RAM>
ST_2 : Operation 356 [1/1] (0.66ns)   --->   "%store_ln55 = store i8 %a_12, i3 %fb_252_addr" [./line_buffer.h:55->predecoder_kernel.cpp:55]   --->   Operation 356 'store' 'store_ln55' <Predicate = (tmp == 0 & select_ln46 == 3)> <Delay = 0.66> <CoreInst = "RAM">   --->   Core 83 'RAM' <Latency = 1> <II = 1> <Delay = 0.66> <Storage> <Opcode : 'load' 'store'> <Ports = 2> <Width = 8> <Depth = 6> <RAM>
ST_2 : Operation 357 [1/1] (0.66ns)   --->   "%store_ln55 = store i8 %a_13, i3 %fb_253_addr" [./line_buffer.h:55->predecoder_kernel.cpp:55]   --->   Operation 357 'store' 'store_ln55' <Predicate = (tmp == 0 & select_ln46 == 3)> <Delay = 0.66> <CoreInst = "RAM">   --->   Core 83 'RAM' <Latency = 1> <II = 1> <Delay = 0.66> <Storage> <Opcode : 'load' 'store'> <Ports = 2> <Width = 8> <Depth = 6> <RAM>
ST_2 : Operation 358 [1/1] (0.66ns)   --->   "%store_ln55 = store i8 %a_14, i3 %fb_254_addr" [./line_buffer.h:55->predecoder_kernel.cpp:55]   --->   Operation 358 'store' 'store_ln55' <Predicate = (tmp == 0 & select_ln46 == 3)> <Delay = 0.66> <CoreInst = "RAM">   --->   Core 83 'RAM' <Latency = 1> <II = 1> <Delay = 0.66> <Storage> <Opcode : 'load' 'store'> <Ports = 2> <Width = 8> <Depth = 6> <RAM>
ST_2 : Operation 359 [1/1] (0.66ns)   --->   "%store_ln55 = store i8 %a_15, i3 %fb_255_addr" [./line_buffer.h:55->predecoder_kernel.cpp:55]   --->   Operation 359 'store' 'store_ln55' <Predicate = (tmp == 0 & select_ln46 == 3)> <Delay = 0.66> <CoreInst = "RAM">   --->   Core 83 'RAM' <Latency = 1> <II = 1> <Delay = 0.66> <Storage> <Opcode : 'load' 'store'> <Ports = 2> <Width = 8> <Depth = 6> <RAM>
ST_2 : Operation 360 [1/1] (0.66ns)   --->   "%store_ln55 = store i8 %a_16, i3 %fb_256_addr" [./line_buffer.h:55->predecoder_kernel.cpp:55]   --->   Operation 360 'store' 'store_ln55' <Predicate = (tmp == 0 & select_ln46 == 3)> <Delay = 0.66> <CoreInst = "RAM">   --->   Core 83 'RAM' <Latency = 1> <II = 1> <Delay = 0.66> <Storage> <Opcode : 'load' 'store'> <Ports = 2> <Width = 8> <Depth = 6> <RAM>
ST_2 : Operation 361 [1/1] (0.66ns)   --->   "%store_ln55 = store i8 %a_17, i3 %fb_257_addr" [./line_buffer.h:55->predecoder_kernel.cpp:55]   --->   Operation 361 'store' 'store_ln55' <Predicate = (tmp == 0 & select_ln46 == 3)> <Delay = 0.66> <CoreInst = "RAM">   --->   Core 83 'RAM' <Latency = 1> <II = 1> <Delay = 0.66> <Storage> <Opcode : 'load' 'store'> <Ports = 2> <Width = 8> <Depth = 6> <RAM>
ST_2 : Operation 362 [1/1] (0.66ns)   --->   "%store_ln55 = store i8 %a_18, i3 %fb_258_addr" [./line_buffer.h:55->predecoder_kernel.cpp:55]   --->   Operation 362 'store' 'store_ln55' <Predicate = (tmp == 0 & select_ln46 == 3)> <Delay = 0.66> <CoreInst = "RAM">   --->   Core 83 'RAM' <Latency = 1> <II = 1> <Delay = 0.66> <Storage> <Opcode : 'load' 'store'> <Ports = 2> <Width = 8> <Depth = 6> <RAM>
ST_2 : Operation 363 [1/1] (0.66ns)   --->   "%store_ln55 = store i8 %a_19, i3 %fb_259_addr" [./line_buffer.h:55->predecoder_kernel.cpp:55]   --->   Operation 363 'store' 'store_ln55' <Predicate = (tmp == 0 & select_ln46 == 3)> <Delay = 0.66> <CoreInst = "RAM">   --->   Core 83 'RAM' <Latency = 1> <II = 1> <Delay = 0.66> <Storage> <Opcode : 'load' 'store'> <Ports = 2> <Width = 8> <Depth = 6> <RAM>
ST_2 : Operation 364 [1/1] (0.66ns)   --->   "%store_ln55 = store i8 %a_20, i3 %fb_260_addr" [./line_buffer.h:55->predecoder_kernel.cpp:55]   --->   Operation 364 'store' 'store_ln55' <Predicate = (tmp == 0 & select_ln46 == 3)> <Delay = 0.66> <CoreInst = "RAM">   --->   Core 83 'RAM' <Latency = 1> <II = 1> <Delay = 0.66> <Storage> <Opcode : 'load' 'store'> <Ports = 2> <Width = 8> <Depth = 6> <RAM>
ST_2 : Operation 365 [1/1] (0.66ns)   --->   "%store_ln55 = store i8 %a_21, i3 %fb_261_addr" [./line_buffer.h:55->predecoder_kernel.cpp:55]   --->   Operation 365 'store' 'store_ln55' <Predicate = (tmp == 0 & select_ln46 == 3)> <Delay = 0.66> <CoreInst = "RAM">   --->   Core 83 'RAM' <Latency = 1> <II = 1> <Delay = 0.66> <Storage> <Opcode : 'load' 'store'> <Ports = 2> <Width = 8> <Depth = 6> <RAM>
ST_2 : Operation 366 [1/1] (0.66ns)   --->   "%store_ln55 = store i8 %a_22, i3 %fb_262_addr" [./line_buffer.h:55->predecoder_kernel.cpp:55]   --->   Operation 366 'store' 'store_ln55' <Predicate = (tmp == 0 & select_ln46 == 3)> <Delay = 0.66> <CoreInst = "RAM">   --->   Core 83 'RAM' <Latency = 1> <II = 1> <Delay = 0.66> <Storage> <Opcode : 'load' 'store'> <Ports = 2> <Width = 8> <Depth = 6> <RAM>
ST_2 : Operation 367 [1/1] (0.00ns)   --->   "%br_ln55 = br void %arrayidx94.i.11_0.exit" [./line_buffer.h:55->predecoder_kernel.cpp:55]   --->   Operation 367 'br' 'br_ln55' <Predicate = (tmp == 0 & select_ln46 == 3)> <Delay = 0.00>
ST_2 : Operation 368 [1/1] (0.66ns)   --->   "%store_ln55 = store i8 %a, i3 %fb_239_addr" [./line_buffer.h:55->predecoder_kernel.cpp:55]   --->   Operation 368 'store' 'store_ln55' <Predicate = (tmp == 0 & select_ln46 == 2)> <Delay = 0.66> <CoreInst = "RAM">   --->   Core 83 'RAM' <Latency = 1> <II = 1> <Delay = 0.66> <Storage> <Opcode : 'load' 'store'> <Ports = 2> <Width = 8> <Depth = 6> <RAM>
ST_2 : Operation 369 [1/1] (0.66ns)   --->   "%store_ln55 = store i8 %a_12, i3 %fb_240_addr" [./line_buffer.h:55->predecoder_kernel.cpp:55]   --->   Operation 369 'store' 'store_ln55' <Predicate = (tmp == 0 & select_ln46 == 2)> <Delay = 0.66> <CoreInst = "RAM">   --->   Core 83 'RAM' <Latency = 1> <II = 1> <Delay = 0.66> <Storage> <Opcode : 'load' 'store'> <Ports = 2> <Width = 8> <Depth = 6> <RAM>
ST_2 : Operation 370 [1/1] (0.66ns)   --->   "%store_ln55 = store i8 %a_13, i3 %fb_241_addr" [./line_buffer.h:55->predecoder_kernel.cpp:55]   --->   Operation 370 'store' 'store_ln55' <Predicate = (tmp == 0 & select_ln46 == 2)> <Delay = 0.66> <CoreInst = "RAM">   --->   Core 83 'RAM' <Latency = 1> <II = 1> <Delay = 0.66> <Storage> <Opcode : 'load' 'store'> <Ports = 2> <Width = 8> <Depth = 6> <RAM>
ST_2 : Operation 371 [1/1] (0.66ns)   --->   "%store_ln55 = store i8 %a_14, i3 %fb_242_addr" [./line_buffer.h:55->predecoder_kernel.cpp:55]   --->   Operation 371 'store' 'store_ln55' <Predicate = (tmp == 0 & select_ln46 == 2)> <Delay = 0.66> <CoreInst = "RAM">   --->   Core 83 'RAM' <Latency = 1> <II = 1> <Delay = 0.66> <Storage> <Opcode : 'load' 'store'> <Ports = 2> <Width = 8> <Depth = 6> <RAM>
ST_2 : Operation 372 [1/1] (0.66ns)   --->   "%store_ln55 = store i8 %a_15, i3 %fb_243_addr" [./line_buffer.h:55->predecoder_kernel.cpp:55]   --->   Operation 372 'store' 'store_ln55' <Predicate = (tmp == 0 & select_ln46 == 2)> <Delay = 0.66> <CoreInst = "RAM">   --->   Core 83 'RAM' <Latency = 1> <II = 1> <Delay = 0.66> <Storage> <Opcode : 'load' 'store'> <Ports = 2> <Width = 8> <Depth = 6> <RAM>
ST_2 : Operation 373 [1/1] (0.66ns)   --->   "%store_ln55 = store i8 %a_16, i3 %fb_244_addr" [./line_buffer.h:55->predecoder_kernel.cpp:55]   --->   Operation 373 'store' 'store_ln55' <Predicate = (tmp == 0 & select_ln46 == 2)> <Delay = 0.66> <CoreInst = "RAM">   --->   Core 83 'RAM' <Latency = 1> <II = 1> <Delay = 0.66> <Storage> <Opcode : 'load' 'store'> <Ports = 2> <Width = 8> <Depth = 6> <RAM>
ST_2 : Operation 374 [1/1] (0.66ns)   --->   "%store_ln55 = store i8 %a_17, i3 %fb_245_addr" [./line_buffer.h:55->predecoder_kernel.cpp:55]   --->   Operation 374 'store' 'store_ln55' <Predicate = (tmp == 0 & select_ln46 == 2)> <Delay = 0.66> <CoreInst = "RAM">   --->   Core 83 'RAM' <Latency = 1> <II = 1> <Delay = 0.66> <Storage> <Opcode : 'load' 'store'> <Ports = 2> <Width = 8> <Depth = 6> <RAM>
ST_2 : Operation 375 [1/1] (0.66ns)   --->   "%store_ln55 = store i8 %a_18, i3 %fb_246_addr" [./line_buffer.h:55->predecoder_kernel.cpp:55]   --->   Operation 375 'store' 'store_ln55' <Predicate = (tmp == 0 & select_ln46 == 2)> <Delay = 0.66> <CoreInst = "RAM">   --->   Core 83 'RAM' <Latency = 1> <II = 1> <Delay = 0.66> <Storage> <Opcode : 'load' 'store'> <Ports = 2> <Width = 8> <Depth = 6> <RAM>
ST_2 : Operation 376 [1/1] (0.66ns)   --->   "%store_ln55 = store i8 %a_19, i3 %fb_247_addr" [./line_buffer.h:55->predecoder_kernel.cpp:55]   --->   Operation 376 'store' 'store_ln55' <Predicate = (tmp == 0 & select_ln46 == 2)> <Delay = 0.66> <CoreInst = "RAM">   --->   Core 83 'RAM' <Latency = 1> <II = 1> <Delay = 0.66> <Storage> <Opcode : 'load' 'store'> <Ports = 2> <Width = 8> <Depth = 6> <RAM>
ST_2 : Operation 377 [1/1] (0.66ns)   --->   "%store_ln55 = store i8 %a_20, i3 %fb_248_addr" [./line_buffer.h:55->predecoder_kernel.cpp:55]   --->   Operation 377 'store' 'store_ln55' <Predicate = (tmp == 0 & select_ln46 == 2)> <Delay = 0.66> <CoreInst = "RAM">   --->   Core 83 'RAM' <Latency = 1> <II = 1> <Delay = 0.66> <Storage> <Opcode : 'load' 'store'> <Ports = 2> <Width = 8> <Depth = 6> <RAM>
ST_2 : Operation 378 [1/1] (0.66ns)   --->   "%store_ln55 = store i8 %a_21, i3 %fb_249_addr" [./line_buffer.h:55->predecoder_kernel.cpp:55]   --->   Operation 378 'store' 'store_ln55' <Predicate = (tmp == 0 & select_ln46 == 2)> <Delay = 0.66> <CoreInst = "RAM">   --->   Core 83 'RAM' <Latency = 1> <II = 1> <Delay = 0.66> <Storage> <Opcode : 'load' 'store'> <Ports = 2> <Width = 8> <Depth = 6> <RAM>
ST_2 : Operation 379 [1/1] (0.66ns)   --->   "%store_ln55 = store i8 %a_22, i3 %fb_250_addr" [./line_buffer.h:55->predecoder_kernel.cpp:55]   --->   Operation 379 'store' 'store_ln55' <Predicate = (tmp == 0 & select_ln46 == 2)> <Delay = 0.66> <CoreInst = "RAM">   --->   Core 83 'RAM' <Latency = 1> <II = 1> <Delay = 0.66> <Storage> <Opcode : 'load' 'store'> <Ports = 2> <Width = 8> <Depth = 6> <RAM>
ST_2 : Operation 380 [1/1] (0.00ns)   --->   "%br_ln55 = br void %arrayidx94.i.11_0.exit" [./line_buffer.h:55->predecoder_kernel.cpp:55]   --->   Operation 380 'br' 'br_ln55' <Predicate = (tmp == 0 & select_ln46 == 2)> <Delay = 0.00>
ST_2 : Operation 381 [1/1] (0.66ns)   --->   "%store_ln55 = store i8 %a, i3 %fb_227_addr" [./line_buffer.h:55->predecoder_kernel.cpp:55]   --->   Operation 381 'store' 'store_ln55' <Predicate = (tmp == 0 & select_ln46 == 1)> <Delay = 0.66> <CoreInst = "RAM">   --->   Core 83 'RAM' <Latency = 1> <II = 1> <Delay = 0.66> <Storage> <Opcode : 'load' 'store'> <Ports = 2> <Width = 8> <Depth = 6> <RAM>
ST_2 : Operation 382 [1/1] (0.66ns)   --->   "%store_ln55 = store i8 %a_12, i3 %fb_228_addr" [./line_buffer.h:55->predecoder_kernel.cpp:55]   --->   Operation 382 'store' 'store_ln55' <Predicate = (tmp == 0 & select_ln46 == 1)> <Delay = 0.66> <CoreInst = "RAM">   --->   Core 83 'RAM' <Latency = 1> <II = 1> <Delay = 0.66> <Storage> <Opcode : 'load' 'store'> <Ports = 2> <Width = 8> <Depth = 6> <RAM>
ST_2 : Operation 383 [1/1] (0.66ns)   --->   "%store_ln55 = store i8 %a_13, i3 %fb_229_addr" [./line_buffer.h:55->predecoder_kernel.cpp:55]   --->   Operation 383 'store' 'store_ln55' <Predicate = (tmp == 0 & select_ln46 == 1)> <Delay = 0.66> <CoreInst = "RAM">   --->   Core 83 'RAM' <Latency = 1> <II = 1> <Delay = 0.66> <Storage> <Opcode : 'load' 'store'> <Ports = 2> <Width = 8> <Depth = 6> <RAM>
ST_2 : Operation 384 [1/1] (0.66ns)   --->   "%store_ln55 = store i8 %a_14, i3 %fb_230_addr" [./line_buffer.h:55->predecoder_kernel.cpp:55]   --->   Operation 384 'store' 'store_ln55' <Predicate = (tmp == 0 & select_ln46 == 1)> <Delay = 0.66> <CoreInst = "RAM">   --->   Core 83 'RAM' <Latency = 1> <II = 1> <Delay = 0.66> <Storage> <Opcode : 'load' 'store'> <Ports = 2> <Width = 8> <Depth = 6> <RAM>
ST_2 : Operation 385 [1/1] (0.66ns)   --->   "%store_ln55 = store i8 %a_15, i3 %fb_231_addr" [./line_buffer.h:55->predecoder_kernel.cpp:55]   --->   Operation 385 'store' 'store_ln55' <Predicate = (tmp == 0 & select_ln46 == 1)> <Delay = 0.66> <CoreInst = "RAM">   --->   Core 83 'RAM' <Latency = 1> <II = 1> <Delay = 0.66> <Storage> <Opcode : 'load' 'store'> <Ports = 2> <Width = 8> <Depth = 6> <RAM>
ST_2 : Operation 386 [1/1] (0.66ns)   --->   "%store_ln55 = store i8 %a_16, i3 %fb_232_addr" [./line_buffer.h:55->predecoder_kernel.cpp:55]   --->   Operation 386 'store' 'store_ln55' <Predicate = (tmp == 0 & select_ln46 == 1)> <Delay = 0.66> <CoreInst = "RAM">   --->   Core 83 'RAM' <Latency = 1> <II = 1> <Delay = 0.66> <Storage> <Opcode : 'load' 'store'> <Ports = 2> <Width = 8> <Depth = 6> <RAM>
ST_2 : Operation 387 [1/1] (0.66ns)   --->   "%store_ln55 = store i8 %a_17, i3 %fb_233_addr" [./line_buffer.h:55->predecoder_kernel.cpp:55]   --->   Operation 387 'store' 'store_ln55' <Predicate = (tmp == 0 & select_ln46 == 1)> <Delay = 0.66> <CoreInst = "RAM">   --->   Core 83 'RAM' <Latency = 1> <II = 1> <Delay = 0.66> <Storage> <Opcode : 'load' 'store'> <Ports = 2> <Width = 8> <Depth = 6> <RAM>
ST_2 : Operation 388 [1/1] (0.66ns)   --->   "%store_ln55 = store i8 %a_18, i3 %fb_234_addr" [./line_buffer.h:55->predecoder_kernel.cpp:55]   --->   Operation 388 'store' 'store_ln55' <Predicate = (tmp == 0 & select_ln46 == 1)> <Delay = 0.66> <CoreInst = "RAM">   --->   Core 83 'RAM' <Latency = 1> <II = 1> <Delay = 0.66> <Storage> <Opcode : 'load' 'store'> <Ports = 2> <Width = 8> <Depth = 6> <RAM>
ST_2 : Operation 389 [1/1] (0.66ns)   --->   "%store_ln55 = store i8 %a_19, i3 %fb_235_addr" [./line_buffer.h:55->predecoder_kernel.cpp:55]   --->   Operation 389 'store' 'store_ln55' <Predicate = (tmp == 0 & select_ln46 == 1)> <Delay = 0.66> <CoreInst = "RAM">   --->   Core 83 'RAM' <Latency = 1> <II = 1> <Delay = 0.66> <Storage> <Opcode : 'load' 'store'> <Ports = 2> <Width = 8> <Depth = 6> <RAM>
ST_2 : Operation 390 [1/1] (0.66ns)   --->   "%store_ln55 = store i8 %a_20, i3 %fb_236_addr" [./line_buffer.h:55->predecoder_kernel.cpp:55]   --->   Operation 390 'store' 'store_ln55' <Predicate = (tmp == 0 & select_ln46 == 1)> <Delay = 0.66> <CoreInst = "RAM">   --->   Core 83 'RAM' <Latency = 1> <II = 1> <Delay = 0.66> <Storage> <Opcode : 'load' 'store'> <Ports = 2> <Width = 8> <Depth = 6> <RAM>
ST_2 : Operation 391 [1/1] (0.66ns)   --->   "%store_ln55 = store i8 %a_21, i3 %fb_237_addr" [./line_buffer.h:55->predecoder_kernel.cpp:55]   --->   Operation 391 'store' 'store_ln55' <Predicate = (tmp == 0 & select_ln46 == 1)> <Delay = 0.66> <CoreInst = "RAM">   --->   Core 83 'RAM' <Latency = 1> <II = 1> <Delay = 0.66> <Storage> <Opcode : 'load' 'store'> <Ports = 2> <Width = 8> <Depth = 6> <RAM>
ST_2 : Operation 392 [1/1] (0.66ns)   --->   "%store_ln55 = store i8 %a_22, i3 %fb_238_addr" [./line_buffer.h:55->predecoder_kernel.cpp:55]   --->   Operation 392 'store' 'store_ln55' <Predicate = (tmp == 0 & select_ln46 == 1)> <Delay = 0.66> <CoreInst = "RAM">   --->   Core 83 'RAM' <Latency = 1> <II = 1> <Delay = 0.66> <Storage> <Opcode : 'load' 'store'> <Ports = 2> <Width = 8> <Depth = 6> <RAM>
ST_2 : Operation 393 [1/1] (0.00ns)   --->   "%br_ln55 = br void %arrayidx94.i.11_0.exit" [./line_buffer.h:55->predecoder_kernel.cpp:55]   --->   Operation 393 'br' 'br_ln55' <Predicate = (tmp == 0 & select_ln46 == 1)> <Delay = 0.00>
ST_2 : Operation 394 [1/1] (0.66ns)   --->   "%store_ln55 = store i8 %a, i3 %fb_addr" [./line_buffer.h:55->predecoder_kernel.cpp:55]   --->   Operation 394 'store' 'store_ln55' <Predicate = (tmp == 0 & select_ln46 == 0)> <Delay = 0.66> <CoreInst = "RAM">   --->   Core 83 'RAM' <Latency = 1> <II = 1> <Delay = 0.66> <Storage> <Opcode : 'load' 'store'> <Ports = 2> <Width = 8> <Depth = 6> <RAM>
ST_2 : Operation 395 [1/1] (0.66ns)   --->   "%store_ln55 = store i8 %a_12, i3 %fb_216_addr" [./line_buffer.h:55->predecoder_kernel.cpp:55]   --->   Operation 395 'store' 'store_ln55' <Predicate = (tmp == 0 & select_ln46 == 0)> <Delay = 0.66> <CoreInst = "RAM">   --->   Core 83 'RAM' <Latency = 1> <II = 1> <Delay = 0.66> <Storage> <Opcode : 'load' 'store'> <Ports = 2> <Width = 8> <Depth = 6> <RAM>
ST_2 : Operation 396 [1/1] (0.66ns)   --->   "%store_ln55 = store i8 %a_13, i3 %fb_217_addr" [./line_buffer.h:55->predecoder_kernel.cpp:55]   --->   Operation 396 'store' 'store_ln55' <Predicate = (tmp == 0 & select_ln46 == 0)> <Delay = 0.66> <CoreInst = "RAM">   --->   Core 83 'RAM' <Latency = 1> <II = 1> <Delay = 0.66> <Storage> <Opcode : 'load' 'store'> <Ports = 2> <Width = 8> <Depth = 6> <RAM>
ST_2 : Operation 397 [1/1] (0.66ns)   --->   "%store_ln55 = store i8 %a_14, i3 %fb_218_addr" [./line_buffer.h:55->predecoder_kernel.cpp:55]   --->   Operation 397 'store' 'store_ln55' <Predicate = (tmp == 0 & select_ln46 == 0)> <Delay = 0.66> <CoreInst = "RAM">   --->   Core 83 'RAM' <Latency = 1> <II = 1> <Delay = 0.66> <Storage> <Opcode : 'load' 'store'> <Ports = 2> <Width = 8> <Depth = 6> <RAM>
ST_2 : Operation 398 [1/1] (0.66ns)   --->   "%store_ln55 = store i8 %a_15, i3 %fb_219_addr" [./line_buffer.h:55->predecoder_kernel.cpp:55]   --->   Operation 398 'store' 'store_ln55' <Predicate = (tmp == 0 & select_ln46 == 0)> <Delay = 0.66> <CoreInst = "RAM">   --->   Core 83 'RAM' <Latency = 1> <II = 1> <Delay = 0.66> <Storage> <Opcode : 'load' 'store'> <Ports = 2> <Width = 8> <Depth = 6> <RAM>
ST_2 : Operation 399 [1/1] (0.66ns)   --->   "%store_ln55 = store i8 %a_16, i3 %fb_220_addr" [./line_buffer.h:55->predecoder_kernel.cpp:55]   --->   Operation 399 'store' 'store_ln55' <Predicate = (tmp == 0 & select_ln46 == 0)> <Delay = 0.66> <CoreInst = "RAM">   --->   Core 83 'RAM' <Latency = 1> <II = 1> <Delay = 0.66> <Storage> <Opcode : 'load' 'store'> <Ports = 2> <Width = 8> <Depth = 6> <RAM>
ST_2 : Operation 400 [1/1] (0.66ns)   --->   "%store_ln55 = store i8 %a_17, i3 %fb_221_addr" [./line_buffer.h:55->predecoder_kernel.cpp:55]   --->   Operation 400 'store' 'store_ln55' <Predicate = (tmp == 0 & select_ln46 == 0)> <Delay = 0.66> <CoreInst = "RAM">   --->   Core 83 'RAM' <Latency = 1> <II = 1> <Delay = 0.66> <Storage> <Opcode : 'load' 'store'> <Ports = 2> <Width = 8> <Depth = 6> <RAM>
ST_2 : Operation 401 [1/1] (0.66ns)   --->   "%store_ln55 = store i8 %a_18, i3 %fb_222_addr" [./line_buffer.h:55->predecoder_kernel.cpp:55]   --->   Operation 401 'store' 'store_ln55' <Predicate = (tmp == 0 & select_ln46 == 0)> <Delay = 0.66> <CoreInst = "RAM">   --->   Core 83 'RAM' <Latency = 1> <II = 1> <Delay = 0.66> <Storage> <Opcode : 'load' 'store'> <Ports = 2> <Width = 8> <Depth = 6> <RAM>
ST_2 : Operation 402 [1/1] (0.66ns)   --->   "%store_ln55 = store i8 %a_19, i3 %fb_223_addr" [./line_buffer.h:55->predecoder_kernel.cpp:55]   --->   Operation 402 'store' 'store_ln55' <Predicate = (tmp == 0 & select_ln46 == 0)> <Delay = 0.66> <CoreInst = "RAM">   --->   Core 83 'RAM' <Latency = 1> <II = 1> <Delay = 0.66> <Storage> <Opcode : 'load' 'store'> <Ports = 2> <Width = 8> <Depth = 6> <RAM>
ST_2 : Operation 403 [1/1] (0.66ns)   --->   "%store_ln55 = store i8 %a_20, i3 %fb_224_addr" [./line_buffer.h:55->predecoder_kernel.cpp:55]   --->   Operation 403 'store' 'store_ln55' <Predicate = (tmp == 0 & select_ln46 == 0)> <Delay = 0.66> <CoreInst = "RAM">   --->   Core 83 'RAM' <Latency = 1> <II = 1> <Delay = 0.66> <Storage> <Opcode : 'load' 'store'> <Ports = 2> <Width = 8> <Depth = 6> <RAM>
ST_2 : Operation 404 [1/1] (0.66ns)   --->   "%store_ln55 = store i8 %a_21, i3 %fb_225_addr" [./line_buffer.h:55->predecoder_kernel.cpp:55]   --->   Operation 404 'store' 'store_ln55' <Predicate = (tmp == 0 & select_ln46 == 0)> <Delay = 0.66> <CoreInst = "RAM">   --->   Core 83 'RAM' <Latency = 1> <II = 1> <Delay = 0.66> <Storage> <Opcode : 'load' 'store'> <Ports = 2> <Width = 8> <Depth = 6> <RAM>
ST_2 : Operation 405 [1/1] (0.66ns)   --->   "%store_ln55 = store i8 %a_22, i3 %fb_226_addr" [./line_buffer.h:55->predecoder_kernel.cpp:55]   --->   Operation 405 'store' 'store_ln55' <Predicate = (tmp == 0 & select_ln46 == 0)> <Delay = 0.66> <CoreInst = "RAM">   --->   Core 83 'RAM' <Latency = 1> <II = 1> <Delay = 0.66> <Storage> <Opcode : 'load' 'store'> <Ports = 2> <Width = 8> <Depth = 6> <RAM>
ST_2 : Operation 406 [1/1] (0.00ns)   --->   "%br_ln55 = br void %arrayidx94.i.11_0.exit" [./line_buffer.h:55->predecoder_kernel.cpp:55]   --->   Operation 406 'br' 'br_ln55' <Predicate = (tmp == 0 & select_ln46 == 0)> <Delay = 0.00>
ST_2 : Operation 407 [1/1] (0.66ns)   --->   "%store_ln55 = store i8 %a, i3 %fb_275_addr" [./line_buffer.h:55->predecoder_kernel.cpp:55]   --->   Operation 407 'store' 'store_ln55' <Predicate = (tmp == 0 & select_ln46 != 0 & select_ln46 != 1 & select_ln46 != 2 & select_ln46 != 3 & select_ln46 != 4)> <Delay = 0.66> <CoreInst = "RAM">   --->   Core 83 'RAM' <Latency = 1> <II = 1> <Delay = 0.66> <Storage> <Opcode : 'load' 'store'> <Ports = 2> <Width = 8> <Depth = 6> <RAM>
ST_2 : Operation 408 [1/1] (0.66ns)   --->   "%store_ln55 = store i8 %a_12, i3 %fb_276_addr" [./line_buffer.h:55->predecoder_kernel.cpp:55]   --->   Operation 408 'store' 'store_ln55' <Predicate = (tmp == 0 & select_ln46 != 0 & select_ln46 != 1 & select_ln46 != 2 & select_ln46 != 3 & select_ln46 != 4)> <Delay = 0.66> <CoreInst = "RAM">   --->   Core 83 'RAM' <Latency = 1> <II = 1> <Delay = 0.66> <Storage> <Opcode : 'load' 'store'> <Ports = 2> <Width = 8> <Depth = 6> <RAM>
ST_2 : Operation 409 [1/1] (0.66ns)   --->   "%store_ln55 = store i8 %a_13, i3 %fb_277_addr" [./line_buffer.h:55->predecoder_kernel.cpp:55]   --->   Operation 409 'store' 'store_ln55' <Predicate = (tmp == 0 & select_ln46 != 0 & select_ln46 != 1 & select_ln46 != 2 & select_ln46 != 3 & select_ln46 != 4)> <Delay = 0.66> <CoreInst = "RAM">   --->   Core 83 'RAM' <Latency = 1> <II = 1> <Delay = 0.66> <Storage> <Opcode : 'load' 'store'> <Ports = 2> <Width = 8> <Depth = 6> <RAM>
ST_2 : Operation 410 [1/1] (0.66ns)   --->   "%store_ln55 = store i8 %a_14, i3 %fb_278_addr" [./line_buffer.h:55->predecoder_kernel.cpp:55]   --->   Operation 410 'store' 'store_ln55' <Predicate = (tmp == 0 & select_ln46 != 0 & select_ln46 != 1 & select_ln46 != 2 & select_ln46 != 3 & select_ln46 != 4)> <Delay = 0.66> <CoreInst = "RAM">   --->   Core 83 'RAM' <Latency = 1> <II = 1> <Delay = 0.66> <Storage> <Opcode : 'load' 'store'> <Ports = 2> <Width = 8> <Depth = 6> <RAM>
ST_2 : Operation 411 [1/1] (0.66ns)   --->   "%store_ln55 = store i8 %a_15, i3 %fb_279_addr" [./line_buffer.h:55->predecoder_kernel.cpp:55]   --->   Operation 411 'store' 'store_ln55' <Predicate = (tmp == 0 & select_ln46 != 0 & select_ln46 != 1 & select_ln46 != 2 & select_ln46 != 3 & select_ln46 != 4)> <Delay = 0.66> <CoreInst = "RAM">   --->   Core 83 'RAM' <Latency = 1> <II = 1> <Delay = 0.66> <Storage> <Opcode : 'load' 'store'> <Ports = 2> <Width = 8> <Depth = 6> <RAM>
ST_2 : Operation 412 [1/1] (0.66ns)   --->   "%store_ln55 = store i8 %a_16, i3 %fb_280_addr" [./line_buffer.h:55->predecoder_kernel.cpp:55]   --->   Operation 412 'store' 'store_ln55' <Predicate = (tmp == 0 & select_ln46 != 0 & select_ln46 != 1 & select_ln46 != 2 & select_ln46 != 3 & select_ln46 != 4)> <Delay = 0.66> <CoreInst = "RAM">   --->   Core 83 'RAM' <Latency = 1> <II = 1> <Delay = 0.66> <Storage> <Opcode : 'load' 'store'> <Ports = 2> <Width = 8> <Depth = 6> <RAM>
ST_2 : Operation 413 [1/1] (0.66ns)   --->   "%store_ln55 = store i8 %a_17, i3 %fb_281_addr" [./line_buffer.h:55->predecoder_kernel.cpp:55]   --->   Operation 413 'store' 'store_ln55' <Predicate = (tmp == 0 & select_ln46 != 0 & select_ln46 != 1 & select_ln46 != 2 & select_ln46 != 3 & select_ln46 != 4)> <Delay = 0.66> <CoreInst = "RAM">   --->   Core 83 'RAM' <Latency = 1> <II = 1> <Delay = 0.66> <Storage> <Opcode : 'load' 'store'> <Ports = 2> <Width = 8> <Depth = 6> <RAM>
ST_2 : Operation 414 [1/1] (0.66ns)   --->   "%store_ln55 = store i8 %a_18, i3 %fb_282_addr" [./line_buffer.h:55->predecoder_kernel.cpp:55]   --->   Operation 414 'store' 'store_ln55' <Predicate = (tmp == 0 & select_ln46 != 0 & select_ln46 != 1 & select_ln46 != 2 & select_ln46 != 3 & select_ln46 != 4)> <Delay = 0.66> <CoreInst = "RAM">   --->   Core 83 'RAM' <Latency = 1> <II = 1> <Delay = 0.66> <Storage> <Opcode : 'load' 'store'> <Ports = 2> <Width = 8> <Depth = 6> <RAM>
ST_2 : Operation 415 [1/1] (0.66ns)   --->   "%store_ln55 = store i8 %a_19, i3 %fb_283_addr" [./line_buffer.h:55->predecoder_kernel.cpp:55]   --->   Operation 415 'store' 'store_ln55' <Predicate = (tmp == 0 & select_ln46 != 0 & select_ln46 != 1 & select_ln46 != 2 & select_ln46 != 3 & select_ln46 != 4)> <Delay = 0.66> <CoreInst = "RAM">   --->   Core 83 'RAM' <Latency = 1> <II = 1> <Delay = 0.66> <Storage> <Opcode : 'load' 'store'> <Ports = 2> <Width = 8> <Depth = 6> <RAM>
ST_2 : Operation 416 [1/1] (0.66ns)   --->   "%store_ln55 = store i8 %a_20, i3 %fb_284_addr" [./line_buffer.h:55->predecoder_kernel.cpp:55]   --->   Operation 416 'store' 'store_ln55' <Predicate = (tmp == 0 & select_ln46 != 0 & select_ln46 != 1 & select_ln46 != 2 & select_ln46 != 3 & select_ln46 != 4)> <Delay = 0.66> <CoreInst = "RAM">   --->   Core 83 'RAM' <Latency = 1> <II = 1> <Delay = 0.66> <Storage> <Opcode : 'load' 'store'> <Ports = 2> <Width = 8> <Depth = 6> <RAM>
ST_2 : Operation 417 [1/1] (0.66ns)   --->   "%store_ln55 = store i8 %a_21, i3 %fb_285_addr" [./line_buffer.h:55->predecoder_kernel.cpp:55]   --->   Operation 417 'store' 'store_ln55' <Predicate = (tmp == 0 & select_ln46 != 0 & select_ln46 != 1 & select_ln46 != 2 & select_ln46 != 3 & select_ln46 != 4)> <Delay = 0.66> <CoreInst = "RAM">   --->   Core 83 'RAM' <Latency = 1> <II = 1> <Delay = 0.66> <Storage> <Opcode : 'load' 'store'> <Ports = 2> <Width = 8> <Depth = 6> <RAM>
ST_2 : Operation 418 [1/1] (0.66ns)   --->   "%store_ln55 = store i8 %a_22, i3 %fb_286_addr" [./line_buffer.h:55->predecoder_kernel.cpp:55]   --->   Operation 418 'store' 'store_ln55' <Predicate = (tmp == 0 & select_ln46 != 0 & select_ln46 != 1 & select_ln46 != 2 & select_ln46 != 3 & select_ln46 != 4)> <Delay = 0.66> <CoreInst = "RAM">   --->   Core 83 'RAM' <Latency = 1> <II = 1> <Delay = 0.66> <Storage> <Opcode : 'load' 'store'> <Ports = 2> <Width = 8> <Depth = 6> <RAM>
ST_2 : Operation 419 [1/1] (0.00ns)   --->   "%br_ln55 = br void %arrayidx94.i.11_0.exit" [./line_buffer.h:55->predecoder_kernel.cpp:55]   --->   Operation 419 'br' 'br_ln55' <Predicate = (tmp == 0 & select_ln46 != 0 & select_ln46 != 1 & select_ln46 != 2 & select_ln46 != 3 & select_ln46 != 4)> <Delay = 0.00>
ST_2 : Operation 420 [1/1] (0.67ns)   --->   "%switch_ln55 = switch i3 %select_ln46, void %arrayidx94.i.11_2.case.5, i3 0, void %arrayidx94.i.11_2.case.0, i3 1, void %arrayidx94.i.11_2.case.1, i3 2, void %arrayidx94.i.11_2.case.2, i3 3, void %arrayidx94.i.11_2.case.3, i3 4, void %arrayidx94.i.11_2.case.4" [./line_buffer.h:55->predecoder_kernel.cpp:55]   --->   Operation 420 'switch' 'switch_ln55' <Predicate = (tmp != 0 & tmp != 1)> <Delay = 0.67>
ST_2 : Operation 421 [1/1] (0.66ns)   --->   "%store_ln55 = store i8 %a, i3 %fb_407_addr" [./line_buffer.h:55->predecoder_kernel.cpp:55]   --->   Operation 421 'store' 'store_ln55' <Predicate = (tmp != 0 & tmp != 1 & select_ln46 == 4)> <Delay = 0.66> <CoreInst = "RAM">   --->   Core 83 'RAM' <Latency = 1> <II = 1> <Delay = 0.66> <Storage> <Opcode : 'load' 'store'> <Ports = 2> <Width = 8> <Depth = 6> <RAM>
ST_2 : Operation 422 [1/1] (0.66ns)   --->   "%store_ln55 = store i8 %a_12, i3 %fb_408_addr" [./line_buffer.h:55->predecoder_kernel.cpp:55]   --->   Operation 422 'store' 'store_ln55' <Predicate = (tmp != 0 & tmp != 1 & select_ln46 == 4)> <Delay = 0.66> <CoreInst = "RAM">   --->   Core 83 'RAM' <Latency = 1> <II = 1> <Delay = 0.66> <Storage> <Opcode : 'load' 'store'> <Ports = 2> <Width = 8> <Depth = 6> <RAM>
ST_2 : Operation 423 [1/1] (0.66ns)   --->   "%store_ln55 = store i8 %a_13, i3 %fb_409_addr" [./line_buffer.h:55->predecoder_kernel.cpp:55]   --->   Operation 423 'store' 'store_ln55' <Predicate = (tmp != 0 & tmp != 1 & select_ln46 == 4)> <Delay = 0.66> <CoreInst = "RAM">   --->   Core 83 'RAM' <Latency = 1> <II = 1> <Delay = 0.66> <Storage> <Opcode : 'load' 'store'> <Ports = 2> <Width = 8> <Depth = 6> <RAM>
ST_2 : Operation 424 [1/1] (0.66ns)   --->   "%store_ln55 = store i8 %a_14, i3 %fb_410_addr" [./line_buffer.h:55->predecoder_kernel.cpp:55]   --->   Operation 424 'store' 'store_ln55' <Predicate = (tmp != 0 & tmp != 1 & select_ln46 == 4)> <Delay = 0.66> <CoreInst = "RAM">   --->   Core 83 'RAM' <Latency = 1> <II = 1> <Delay = 0.66> <Storage> <Opcode : 'load' 'store'> <Ports = 2> <Width = 8> <Depth = 6> <RAM>
ST_2 : Operation 425 [1/1] (0.66ns)   --->   "%store_ln55 = store i8 %a_15, i3 %fb_411_addr" [./line_buffer.h:55->predecoder_kernel.cpp:55]   --->   Operation 425 'store' 'store_ln55' <Predicate = (tmp != 0 & tmp != 1 & select_ln46 == 4)> <Delay = 0.66> <CoreInst = "RAM">   --->   Core 83 'RAM' <Latency = 1> <II = 1> <Delay = 0.66> <Storage> <Opcode : 'load' 'store'> <Ports = 2> <Width = 8> <Depth = 6> <RAM>
ST_2 : Operation 426 [1/1] (0.66ns)   --->   "%store_ln55 = store i8 %a_16, i3 %fb_412_addr" [./line_buffer.h:55->predecoder_kernel.cpp:55]   --->   Operation 426 'store' 'store_ln55' <Predicate = (tmp != 0 & tmp != 1 & select_ln46 == 4)> <Delay = 0.66> <CoreInst = "RAM">   --->   Core 83 'RAM' <Latency = 1> <II = 1> <Delay = 0.66> <Storage> <Opcode : 'load' 'store'> <Ports = 2> <Width = 8> <Depth = 6> <RAM>
ST_2 : Operation 427 [1/1] (0.66ns)   --->   "%store_ln55 = store i8 %a_17, i3 %fb_413_addr" [./line_buffer.h:55->predecoder_kernel.cpp:55]   --->   Operation 427 'store' 'store_ln55' <Predicate = (tmp != 0 & tmp != 1 & select_ln46 == 4)> <Delay = 0.66> <CoreInst = "RAM">   --->   Core 83 'RAM' <Latency = 1> <II = 1> <Delay = 0.66> <Storage> <Opcode : 'load' 'store'> <Ports = 2> <Width = 8> <Depth = 6> <RAM>
ST_2 : Operation 428 [1/1] (0.66ns)   --->   "%store_ln55 = store i8 %a_18, i3 %fb_414_addr" [./line_buffer.h:55->predecoder_kernel.cpp:55]   --->   Operation 428 'store' 'store_ln55' <Predicate = (tmp != 0 & tmp != 1 & select_ln46 == 4)> <Delay = 0.66> <CoreInst = "RAM">   --->   Core 83 'RAM' <Latency = 1> <II = 1> <Delay = 0.66> <Storage> <Opcode : 'load' 'store'> <Ports = 2> <Width = 8> <Depth = 6> <RAM>
ST_2 : Operation 429 [1/1] (0.66ns)   --->   "%store_ln55 = store i8 %a_19, i3 %fb_415_addr" [./line_buffer.h:55->predecoder_kernel.cpp:55]   --->   Operation 429 'store' 'store_ln55' <Predicate = (tmp != 0 & tmp != 1 & select_ln46 == 4)> <Delay = 0.66> <CoreInst = "RAM">   --->   Core 83 'RAM' <Latency = 1> <II = 1> <Delay = 0.66> <Storage> <Opcode : 'load' 'store'> <Ports = 2> <Width = 8> <Depth = 6> <RAM>
ST_2 : Operation 430 [1/1] (0.66ns)   --->   "%store_ln55 = store i8 %a_20, i3 %fb_416_addr" [./line_buffer.h:55->predecoder_kernel.cpp:55]   --->   Operation 430 'store' 'store_ln55' <Predicate = (tmp != 0 & tmp != 1 & select_ln46 == 4)> <Delay = 0.66> <CoreInst = "RAM">   --->   Core 83 'RAM' <Latency = 1> <II = 1> <Delay = 0.66> <Storage> <Opcode : 'load' 'store'> <Ports = 2> <Width = 8> <Depth = 6> <RAM>
ST_2 : Operation 431 [1/1] (0.66ns)   --->   "%store_ln55 = store i8 %a_21, i3 %fb_417_addr" [./line_buffer.h:55->predecoder_kernel.cpp:55]   --->   Operation 431 'store' 'store_ln55' <Predicate = (tmp != 0 & tmp != 1 & select_ln46 == 4)> <Delay = 0.66> <CoreInst = "RAM">   --->   Core 83 'RAM' <Latency = 1> <II = 1> <Delay = 0.66> <Storage> <Opcode : 'load' 'store'> <Ports = 2> <Width = 8> <Depth = 6> <RAM>
ST_2 : Operation 432 [1/1] (0.66ns)   --->   "%store_ln55 = store i8 %a_22, i3 %fb_418_addr" [./line_buffer.h:55->predecoder_kernel.cpp:55]   --->   Operation 432 'store' 'store_ln55' <Predicate = (tmp != 0 & tmp != 1 & select_ln46 == 4)> <Delay = 0.66> <CoreInst = "RAM">   --->   Core 83 'RAM' <Latency = 1> <II = 1> <Delay = 0.66> <Storage> <Opcode : 'load' 'store'> <Ports = 2> <Width = 8> <Depth = 6> <RAM>
ST_2 : Operation 433 [1/1] (0.00ns)   --->   "%br_ln55 = br void %arrayidx94.i.11_2.exit" [./line_buffer.h:55->predecoder_kernel.cpp:55]   --->   Operation 433 'br' 'br_ln55' <Predicate = (tmp != 0 & tmp != 1 & select_ln46 == 4)> <Delay = 0.00>
ST_2 : Operation 434 [1/1] (0.66ns)   --->   "%store_ln55 = store i8 %a, i3 %fb_395_addr" [./line_buffer.h:55->predecoder_kernel.cpp:55]   --->   Operation 434 'store' 'store_ln55' <Predicate = (tmp != 0 & tmp != 1 & select_ln46 == 3)> <Delay = 0.66> <CoreInst = "RAM">   --->   Core 83 'RAM' <Latency = 1> <II = 1> <Delay = 0.66> <Storage> <Opcode : 'load' 'store'> <Ports = 2> <Width = 8> <Depth = 6> <RAM>
ST_2 : Operation 435 [1/1] (0.66ns)   --->   "%store_ln55 = store i8 %a_12, i3 %fb_396_addr" [./line_buffer.h:55->predecoder_kernel.cpp:55]   --->   Operation 435 'store' 'store_ln55' <Predicate = (tmp != 0 & tmp != 1 & select_ln46 == 3)> <Delay = 0.66> <CoreInst = "RAM">   --->   Core 83 'RAM' <Latency = 1> <II = 1> <Delay = 0.66> <Storage> <Opcode : 'load' 'store'> <Ports = 2> <Width = 8> <Depth = 6> <RAM>
ST_2 : Operation 436 [1/1] (0.66ns)   --->   "%store_ln55 = store i8 %a_13, i3 %fb_397_addr" [./line_buffer.h:55->predecoder_kernel.cpp:55]   --->   Operation 436 'store' 'store_ln55' <Predicate = (tmp != 0 & tmp != 1 & select_ln46 == 3)> <Delay = 0.66> <CoreInst = "RAM">   --->   Core 83 'RAM' <Latency = 1> <II = 1> <Delay = 0.66> <Storage> <Opcode : 'load' 'store'> <Ports = 2> <Width = 8> <Depth = 6> <RAM>
ST_2 : Operation 437 [1/1] (0.66ns)   --->   "%store_ln55 = store i8 %a_14, i3 %fb_398_addr" [./line_buffer.h:55->predecoder_kernel.cpp:55]   --->   Operation 437 'store' 'store_ln55' <Predicate = (tmp != 0 & tmp != 1 & select_ln46 == 3)> <Delay = 0.66> <CoreInst = "RAM">   --->   Core 83 'RAM' <Latency = 1> <II = 1> <Delay = 0.66> <Storage> <Opcode : 'load' 'store'> <Ports = 2> <Width = 8> <Depth = 6> <RAM>
ST_2 : Operation 438 [1/1] (0.66ns)   --->   "%store_ln55 = store i8 %a_15, i3 %fb_399_addr" [./line_buffer.h:55->predecoder_kernel.cpp:55]   --->   Operation 438 'store' 'store_ln55' <Predicate = (tmp != 0 & tmp != 1 & select_ln46 == 3)> <Delay = 0.66> <CoreInst = "RAM">   --->   Core 83 'RAM' <Latency = 1> <II = 1> <Delay = 0.66> <Storage> <Opcode : 'load' 'store'> <Ports = 2> <Width = 8> <Depth = 6> <RAM>
ST_2 : Operation 439 [1/1] (0.66ns)   --->   "%store_ln55 = store i8 %a_16, i3 %fb_400_addr" [./line_buffer.h:55->predecoder_kernel.cpp:55]   --->   Operation 439 'store' 'store_ln55' <Predicate = (tmp != 0 & tmp != 1 & select_ln46 == 3)> <Delay = 0.66> <CoreInst = "RAM">   --->   Core 83 'RAM' <Latency = 1> <II = 1> <Delay = 0.66> <Storage> <Opcode : 'load' 'store'> <Ports = 2> <Width = 8> <Depth = 6> <RAM>
ST_2 : Operation 440 [1/1] (0.66ns)   --->   "%store_ln55 = store i8 %a_17, i3 %fb_401_addr" [./line_buffer.h:55->predecoder_kernel.cpp:55]   --->   Operation 440 'store' 'store_ln55' <Predicate = (tmp != 0 & tmp != 1 & select_ln46 == 3)> <Delay = 0.66> <CoreInst = "RAM">   --->   Core 83 'RAM' <Latency = 1> <II = 1> <Delay = 0.66> <Storage> <Opcode : 'load' 'store'> <Ports = 2> <Width = 8> <Depth = 6> <RAM>
ST_2 : Operation 441 [1/1] (0.66ns)   --->   "%store_ln55 = store i8 %a_18, i3 %fb_402_addr" [./line_buffer.h:55->predecoder_kernel.cpp:55]   --->   Operation 441 'store' 'store_ln55' <Predicate = (tmp != 0 & tmp != 1 & select_ln46 == 3)> <Delay = 0.66> <CoreInst = "RAM">   --->   Core 83 'RAM' <Latency = 1> <II = 1> <Delay = 0.66> <Storage> <Opcode : 'load' 'store'> <Ports = 2> <Width = 8> <Depth = 6> <RAM>
ST_2 : Operation 442 [1/1] (0.66ns)   --->   "%store_ln55 = store i8 %a_19, i3 %fb_403_addr" [./line_buffer.h:55->predecoder_kernel.cpp:55]   --->   Operation 442 'store' 'store_ln55' <Predicate = (tmp != 0 & tmp != 1 & select_ln46 == 3)> <Delay = 0.66> <CoreInst = "RAM">   --->   Core 83 'RAM' <Latency = 1> <II = 1> <Delay = 0.66> <Storage> <Opcode : 'load' 'store'> <Ports = 2> <Width = 8> <Depth = 6> <RAM>
ST_2 : Operation 443 [1/1] (0.66ns)   --->   "%store_ln55 = store i8 %a_20, i3 %fb_404_addr" [./line_buffer.h:55->predecoder_kernel.cpp:55]   --->   Operation 443 'store' 'store_ln55' <Predicate = (tmp != 0 & tmp != 1 & select_ln46 == 3)> <Delay = 0.66> <CoreInst = "RAM">   --->   Core 83 'RAM' <Latency = 1> <II = 1> <Delay = 0.66> <Storage> <Opcode : 'load' 'store'> <Ports = 2> <Width = 8> <Depth = 6> <RAM>
ST_2 : Operation 444 [1/1] (0.66ns)   --->   "%store_ln55 = store i8 %a_21, i3 %fb_405_addr" [./line_buffer.h:55->predecoder_kernel.cpp:55]   --->   Operation 444 'store' 'store_ln55' <Predicate = (tmp != 0 & tmp != 1 & select_ln46 == 3)> <Delay = 0.66> <CoreInst = "RAM">   --->   Core 83 'RAM' <Latency = 1> <II = 1> <Delay = 0.66> <Storage> <Opcode : 'load' 'store'> <Ports = 2> <Width = 8> <Depth = 6> <RAM>
ST_2 : Operation 445 [1/1] (0.66ns)   --->   "%store_ln55 = store i8 %a_22, i3 %fb_406_addr" [./line_buffer.h:55->predecoder_kernel.cpp:55]   --->   Operation 445 'store' 'store_ln55' <Predicate = (tmp != 0 & tmp != 1 & select_ln46 == 3)> <Delay = 0.66> <CoreInst = "RAM">   --->   Core 83 'RAM' <Latency = 1> <II = 1> <Delay = 0.66> <Storage> <Opcode : 'load' 'store'> <Ports = 2> <Width = 8> <Depth = 6> <RAM>
ST_2 : Operation 446 [1/1] (0.00ns)   --->   "%br_ln55 = br void %arrayidx94.i.11_2.exit" [./line_buffer.h:55->predecoder_kernel.cpp:55]   --->   Operation 446 'br' 'br_ln55' <Predicate = (tmp != 0 & tmp != 1 & select_ln46 == 3)> <Delay = 0.00>
ST_2 : Operation 447 [1/1] (0.66ns)   --->   "%store_ln55 = store i8 %a, i3 %fb_383_addr" [./line_buffer.h:55->predecoder_kernel.cpp:55]   --->   Operation 447 'store' 'store_ln55' <Predicate = (tmp != 0 & tmp != 1 & select_ln46 == 2)> <Delay = 0.66> <CoreInst = "RAM">   --->   Core 83 'RAM' <Latency = 1> <II = 1> <Delay = 0.66> <Storage> <Opcode : 'load' 'store'> <Ports = 2> <Width = 8> <Depth = 6> <RAM>
ST_2 : Operation 448 [1/1] (0.66ns)   --->   "%store_ln55 = store i8 %a_12, i3 %fb_384_addr" [./line_buffer.h:55->predecoder_kernel.cpp:55]   --->   Operation 448 'store' 'store_ln55' <Predicate = (tmp != 0 & tmp != 1 & select_ln46 == 2)> <Delay = 0.66> <CoreInst = "RAM">   --->   Core 83 'RAM' <Latency = 1> <II = 1> <Delay = 0.66> <Storage> <Opcode : 'load' 'store'> <Ports = 2> <Width = 8> <Depth = 6> <RAM>
ST_2 : Operation 449 [1/1] (0.66ns)   --->   "%store_ln55 = store i8 %a_13, i3 %fb_385_addr" [./line_buffer.h:55->predecoder_kernel.cpp:55]   --->   Operation 449 'store' 'store_ln55' <Predicate = (tmp != 0 & tmp != 1 & select_ln46 == 2)> <Delay = 0.66> <CoreInst = "RAM">   --->   Core 83 'RAM' <Latency = 1> <II = 1> <Delay = 0.66> <Storage> <Opcode : 'load' 'store'> <Ports = 2> <Width = 8> <Depth = 6> <RAM>
ST_2 : Operation 450 [1/1] (0.66ns)   --->   "%store_ln55 = store i8 %a_14, i3 %fb_386_addr" [./line_buffer.h:55->predecoder_kernel.cpp:55]   --->   Operation 450 'store' 'store_ln55' <Predicate = (tmp != 0 & tmp != 1 & select_ln46 == 2)> <Delay = 0.66> <CoreInst = "RAM">   --->   Core 83 'RAM' <Latency = 1> <II = 1> <Delay = 0.66> <Storage> <Opcode : 'load' 'store'> <Ports = 2> <Width = 8> <Depth = 6> <RAM>
ST_2 : Operation 451 [1/1] (0.66ns)   --->   "%store_ln55 = store i8 %a_15, i3 %fb_387_addr" [./line_buffer.h:55->predecoder_kernel.cpp:55]   --->   Operation 451 'store' 'store_ln55' <Predicate = (tmp != 0 & tmp != 1 & select_ln46 == 2)> <Delay = 0.66> <CoreInst = "RAM">   --->   Core 83 'RAM' <Latency = 1> <II = 1> <Delay = 0.66> <Storage> <Opcode : 'load' 'store'> <Ports = 2> <Width = 8> <Depth = 6> <RAM>
ST_2 : Operation 452 [1/1] (0.66ns)   --->   "%store_ln55 = store i8 %a_16, i3 %fb_388_addr" [./line_buffer.h:55->predecoder_kernel.cpp:55]   --->   Operation 452 'store' 'store_ln55' <Predicate = (tmp != 0 & tmp != 1 & select_ln46 == 2)> <Delay = 0.66> <CoreInst = "RAM">   --->   Core 83 'RAM' <Latency = 1> <II = 1> <Delay = 0.66> <Storage> <Opcode : 'load' 'store'> <Ports = 2> <Width = 8> <Depth = 6> <RAM>
ST_2 : Operation 453 [1/1] (0.66ns)   --->   "%store_ln55 = store i8 %a_17, i3 %fb_389_addr" [./line_buffer.h:55->predecoder_kernel.cpp:55]   --->   Operation 453 'store' 'store_ln55' <Predicate = (tmp != 0 & tmp != 1 & select_ln46 == 2)> <Delay = 0.66> <CoreInst = "RAM">   --->   Core 83 'RAM' <Latency = 1> <II = 1> <Delay = 0.66> <Storage> <Opcode : 'load' 'store'> <Ports = 2> <Width = 8> <Depth = 6> <RAM>
ST_2 : Operation 454 [1/1] (0.66ns)   --->   "%store_ln55 = store i8 %a_18, i3 %fb_390_addr" [./line_buffer.h:55->predecoder_kernel.cpp:55]   --->   Operation 454 'store' 'store_ln55' <Predicate = (tmp != 0 & tmp != 1 & select_ln46 == 2)> <Delay = 0.66> <CoreInst = "RAM">   --->   Core 83 'RAM' <Latency = 1> <II = 1> <Delay = 0.66> <Storage> <Opcode : 'load' 'store'> <Ports = 2> <Width = 8> <Depth = 6> <RAM>
ST_2 : Operation 455 [1/1] (0.66ns)   --->   "%store_ln55 = store i8 %a_19, i3 %fb_391_addr" [./line_buffer.h:55->predecoder_kernel.cpp:55]   --->   Operation 455 'store' 'store_ln55' <Predicate = (tmp != 0 & tmp != 1 & select_ln46 == 2)> <Delay = 0.66> <CoreInst = "RAM">   --->   Core 83 'RAM' <Latency = 1> <II = 1> <Delay = 0.66> <Storage> <Opcode : 'load' 'store'> <Ports = 2> <Width = 8> <Depth = 6> <RAM>
ST_2 : Operation 456 [1/1] (0.66ns)   --->   "%store_ln55 = store i8 %a_20, i3 %fb_392_addr" [./line_buffer.h:55->predecoder_kernel.cpp:55]   --->   Operation 456 'store' 'store_ln55' <Predicate = (tmp != 0 & tmp != 1 & select_ln46 == 2)> <Delay = 0.66> <CoreInst = "RAM">   --->   Core 83 'RAM' <Latency = 1> <II = 1> <Delay = 0.66> <Storage> <Opcode : 'load' 'store'> <Ports = 2> <Width = 8> <Depth = 6> <RAM>
ST_2 : Operation 457 [1/1] (0.66ns)   --->   "%store_ln55 = store i8 %a_21, i3 %fb_393_addr" [./line_buffer.h:55->predecoder_kernel.cpp:55]   --->   Operation 457 'store' 'store_ln55' <Predicate = (tmp != 0 & tmp != 1 & select_ln46 == 2)> <Delay = 0.66> <CoreInst = "RAM">   --->   Core 83 'RAM' <Latency = 1> <II = 1> <Delay = 0.66> <Storage> <Opcode : 'load' 'store'> <Ports = 2> <Width = 8> <Depth = 6> <RAM>
ST_2 : Operation 458 [1/1] (0.66ns)   --->   "%store_ln55 = store i8 %a_22, i3 %fb_394_addr" [./line_buffer.h:55->predecoder_kernel.cpp:55]   --->   Operation 458 'store' 'store_ln55' <Predicate = (tmp != 0 & tmp != 1 & select_ln46 == 2)> <Delay = 0.66> <CoreInst = "RAM">   --->   Core 83 'RAM' <Latency = 1> <II = 1> <Delay = 0.66> <Storage> <Opcode : 'load' 'store'> <Ports = 2> <Width = 8> <Depth = 6> <RAM>
ST_2 : Operation 459 [1/1] (0.00ns)   --->   "%br_ln55 = br void %arrayidx94.i.11_2.exit" [./line_buffer.h:55->predecoder_kernel.cpp:55]   --->   Operation 459 'br' 'br_ln55' <Predicate = (tmp != 0 & tmp != 1 & select_ln46 == 2)> <Delay = 0.00>
ST_2 : Operation 460 [1/1] (0.66ns)   --->   "%store_ln55 = store i8 %a, i3 %fb_371_addr" [./line_buffer.h:55->predecoder_kernel.cpp:55]   --->   Operation 460 'store' 'store_ln55' <Predicate = (tmp != 0 & tmp != 1 & select_ln46 == 1)> <Delay = 0.66> <CoreInst = "RAM">   --->   Core 83 'RAM' <Latency = 1> <II = 1> <Delay = 0.66> <Storage> <Opcode : 'load' 'store'> <Ports = 2> <Width = 8> <Depth = 6> <RAM>
ST_2 : Operation 461 [1/1] (0.66ns)   --->   "%store_ln55 = store i8 %a_12, i3 %fb_372_addr" [./line_buffer.h:55->predecoder_kernel.cpp:55]   --->   Operation 461 'store' 'store_ln55' <Predicate = (tmp != 0 & tmp != 1 & select_ln46 == 1)> <Delay = 0.66> <CoreInst = "RAM">   --->   Core 83 'RAM' <Latency = 1> <II = 1> <Delay = 0.66> <Storage> <Opcode : 'load' 'store'> <Ports = 2> <Width = 8> <Depth = 6> <RAM>
ST_2 : Operation 462 [1/1] (0.66ns)   --->   "%store_ln55 = store i8 %a_13, i3 %fb_373_addr" [./line_buffer.h:55->predecoder_kernel.cpp:55]   --->   Operation 462 'store' 'store_ln55' <Predicate = (tmp != 0 & tmp != 1 & select_ln46 == 1)> <Delay = 0.66> <CoreInst = "RAM">   --->   Core 83 'RAM' <Latency = 1> <II = 1> <Delay = 0.66> <Storage> <Opcode : 'load' 'store'> <Ports = 2> <Width = 8> <Depth = 6> <RAM>
ST_2 : Operation 463 [1/1] (0.66ns)   --->   "%store_ln55 = store i8 %a_14, i3 %fb_374_addr" [./line_buffer.h:55->predecoder_kernel.cpp:55]   --->   Operation 463 'store' 'store_ln55' <Predicate = (tmp != 0 & tmp != 1 & select_ln46 == 1)> <Delay = 0.66> <CoreInst = "RAM">   --->   Core 83 'RAM' <Latency = 1> <II = 1> <Delay = 0.66> <Storage> <Opcode : 'load' 'store'> <Ports = 2> <Width = 8> <Depth = 6> <RAM>
ST_2 : Operation 464 [1/1] (0.66ns)   --->   "%store_ln55 = store i8 %a_15, i3 %fb_375_addr" [./line_buffer.h:55->predecoder_kernel.cpp:55]   --->   Operation 464 'store' 'store_ln55' <Predicate = (tmp != 0 & tmp != 1 & select_ln46 == 1)> <Delay = 0.66> <CoreInst = "RAM">   --->   Core 83 'RAM' <Latency = 1> <II = 1> <Delay = 0.66> <Storage> <Opcode : 'load' 'store'> <Ports = 2> <Width = 8> <Depth = 6> <RAM>
ST_2 : Operation 465 [1/1] (0.66ns)   --->   "%store_ln55 = store i8 %a_16, i3 %fb_376_addr" [./line_buffer.h:55->predecoder_kernel.cpp:55]   --->   Operation 465 'store' 'store_ln55' <Predicate = (tmp != 0 & tmp != 1 & select_ln46 == 1)> <Delay = 0.66> <CoreInst = "RAM">   --->   Core 83 'RAM' <Latency = 1> <II = 1> <Delay = 0.66> <Storage> <Opcode : 'load' 'store'> <Ports = 2> <Width = 8> <Depth = 6> <RAM>
ST_2 : Operation 466 [1/1] (0.66ns)   --->   "%store_ln55 = store i8 %a_17, i3 %fb_377_addr" [./line_buffer.h:55->predecoder_kernel.cpp:55]   --->   Operation 466 'store' 'store_ln55' <Predicate = (tmp != 0 & tmp != 1 & select_ln46 == 1)> <Delay = 0.66> <CoreInst = "RAM">   --->   Core 83 'RAM' <Latency = 1> <II = 1> <Delay = 0.66> <Storage> <Opcode : 'load' 'store'> <Ports = 2> <Width = 8> <Depth = 6> <RAM>
ST_2 : Operation 467 [1/1] (0.66ns)   --->   "%store_ln55 = store i8 %a_18, i3 %fb_378_addr" [./line_buffer.h:55->predecoder_kernel.cpp:55]   --->   Operation 467 'store' 'store_ln55' <Predicate = (tmp != 0 & tmp != 1 & select_ln46 == 1)> <Delay = 0.66> <CoreInst = "RAM">   --->   Core 83 'RAM' <Latency = 1> <II = 1> <Delay = 0.66> <Storage> <Opcode : 'load' 'store'> <Ports = 2> <Width = 8> <Depth = 6> <RAM>
ST_2 : Operation 468 [1/1] (0.66ns)   --->   "%store_ln55 = store i8 %a_19, i3 %fb_379_addr" [./line_buffer.h:55->predecoder_kernel.cpp:55]   --->   Operation 468 'store' 'store_ln55' <Predicate = (tmp != 0 & tmp != 1 & select_ln46 == 1)> <Delay = 0.66> <CoreInst = "RAM">   --->   Core 83 'RAM' <Latency = 1> <II = 1> <Delay = 0.66> <Storage> <Opcode : 'load' 'store'> <Ports = 2> <Width = 8> <Depth = 6> <RAM>
ST_2 : Operation 469 [1/1] (0.66ns)   --->   "%store_ln55 = store i8 %a_20, i3 %fb_380_addr" [./line_buffer.h:55->predecoder_kernel.cpp:55]   --->   Operation 469 'store' 'store_ln55' <Predicate = (tmp != 0 & tmp != 1 & select_ln46 == 1)> <Delay = 0.66> <CoreInst = "RAM">   --->   Core 83 'RAM' <Latency = 1> <II = 1> <Delay = 0.66> <Storage> <Opcode : 'load' 'store'> <Ports = 2> <Width = 8> <Depth = 6> <RAM>
ST_2 : Operation 470 [1/1] (0.66ns)   --->   "%store_ln55 = store i8 %a_21, i3 %fb_381_addr" [./line_buffer.h:55->predecoder_kernel.cpp:55]   --->   Operation 470 'store' 'store_ln55' <Predicate = (tmp != 0 & tmp != 1 & select_ln46 == 1)> <Delay = 0.66> <CoreInst = "RAM">   --->   Core 83 'RAM' <Latency = 1> <II = 1> <Delay = 0.66> <Storage> <Opcode : 'load' 'store'> <Ports = 2> <Width = 8> <Depth = 6> <RAM>
ST_2 : Operation 471 [1/1] (0.66ns)   --->   "%store_ln55 = store i8 %a_22, i3 %fb_382_addr" [./line_buffer.h:55->predecoder_kernel.cpp:55]   --->   Operation 471 'store' 'store_ln55' <Predicate = (tmp != 0 & tmp != 1 & select_ln46 == 1)> <Delay = 0.66> <CoreInst = "RAM">   --->   Core 83 'RAM' <Latency = 1> <II = 1> <Delay = 0.66> <Storage> <Opcode : 'load' 'store'> <Ports = 2> <Width = 8> <Depth = 6> <RAM>
ST_2 : Operation 472 [1/1] (0.00ns)   --->   "%br_ln55 = br void %arrayidx94.i.11_2.exit" [./line_buffer.h:55->predecoder_kernel.cpp:55]   --->   Operation 472 'br' 'br_ln55' <Predicate = (tmp != 0 & tmp != 1 & select_ln46 == 1)> <Delay = 0.00>
ST_2 : Operation 473 [1/1] (0.66ns)   --->   "%store_ln55 = store i8 %a, i3 %fb_359_addr" [./line_buffer.h:55->predecoder_kernel.cpp:55]   --->   Operation 473 'store' 'store_ln55' <Predicate = (tmp != 0 & tmp != 1 & select_ln46 == 0)> <Delay = 0.66> <CoreInst = "RAM">   --->   Core 83 'RAM' <Latency = 1> <II = 1> <Delay = 0.66> <Storage> <Opcode : 'load' 'store'> <Ports = 2> <Width = 8> <Depth = 6> <RAM>
ST_2 : Operation 474 [1/1] (0.66ns)   --->   "%store_ln55 = store i8 %a_12, i3 %fb_360_addr" [./line_buffer.h:55->predecoder_kernel.cpp:55]   --->   Operation 474 'store' 'store_ln55' <Predicate = (tmp != 0 & tmp != 1 & select_ln46 == 0)> <Delay = 0.66> <CoreInst = "RAM">   --->   Core 83 'RAM' <Latency = 1> <II = 1> <Delay = 0.66> <Storage> <Opcode : 'load' 'store'> <Ports = 2> <Width = 8> <Depth = 6> <RAM>
ST_2 : Operation 475 [1/1] (0.66ns)   --->   "%store_ln55 = store i8 %a_13, i3 %fb_361_addr" [./line_buffer.h:55->predecoder_kernel.cpp:55]   --->   Operation 475 'store' 'store_ln55' <Predicate = (tmp != 0 & tmp != 1 & select_ln46 == 0)> <Delay = 0.66> <CoreInst = "RAM">   --->   Core 83 'RAM' <Latency = 1> <II = 1> <Delay = 0.66> <Storage> <Opcode : 'load' 'store'> <Ports = 2> <Width = 8> <Depth = 6> <RAM>
ST_2 : Operation 476 [1/1] (0.66ns)   --->   "%store_ln55 = store i8 %a_14, i3 %fb_362_addr" [./line_buffer.h:55->predecoder_kernel.cpp:55]   --->   Operation 476 'store' 'store_ln55' <Predicate = (tmp != 0 & tmp != 1 & select_ln46 == 0)> <Delay = 0.66> <CoreInst = "RAM">   --->   Core 83 'RAM' <Latency = 1> <II = 1> <Delay = 0.66> <Storage> <Opcode : 'load' 'store'> <Ports = 2> <Width = 8> <Depth = 6> <RAM>
ST_2 : Operation 477 [1/1] (0.66ns)   --->   "%store_ln55 = store i8 %a_15, i3 %fb_363_addr" [./line_buffer.h:55->predecoder_kernel.cpp:55]   --->   Operation 477 'store' 'store_ln55' <Predicate = (tmp != 0 & tmp != 1 & select_ln46 == 0)> <Delay = 0.66> <CoreInst = "RAM">   --->   Core 83 'RAM' <Latency = 1> <II = 1> <Delay = 0.66> <Storage> <Opcode : 'load' 'store'> <Ports = 2> <Width = 8> <Depth = 6> <RAM>
ST_2 : Operation 478 [1/1] (0.66ns)   --->   "%store_ln55 = store i8 %a_16, i3 %fb_364_addr" [./line_buffer.h:55->predecoder_kernel.cpp:55]   --->   Operation 478 'store' 'store_ln55' <Predicate = (tmp != 0 & tmp != 1 & select_ln46 == 0)> <Delay = 0.66> <CoreInst = "RAM">   --->   Core 83 'RAM' <Latency = 1> <II = 1> <Delay = 0.66> <Storage> <Opcode : 'load' 'store'> <Ports = 2> <Width = 8> <Depth = 6> <RAM>
ST_2 : Operation 479 [1/1] (0.66ns)   --->   "%store_ln55 = store i8 %a_17, i3 %fb_365_addr" [./line_buffer.h:55->predecoder_kernel.cpp:55]   --->   Operation 479 'store' 'store_ln55' <Predicate = (tmp != 0 & tmp != 1 & select_ln46 == 0)> <Delay = 0.66> <CoreInst = "RAM">   --->   Core 83 'RAM' <Latency = 1> <II = 1> <Delay = 0.66> <Storage> <Opcode : 'load' 'store'> <Ports = 2> <Width = 8> <Depth = 6> <RAM>
ST_2 : Operation 480 [1/1] (0.66ns)   --->   "%store_ln55 = store i8 %a_18, i3 %fb_366_addr" [./line_buffer.h:55->predecoder_kernel.cpp:55]   --->   Operation 480 'store' 'store_ln55' <Predicate = (tmp != 0 & tmp != 1 & select_ln46 == 0)> <Delay = 0.66> <CoreInst = "RAM">   --->   Core 83 'RAM' <Latency = 1> <II = 1> <Delay = 0.66> <Storage> <Opcode : 'load' 'store'> <Ports = 2> <Width = 8> <Depth = 6> <RAM>
ST_2 : Operation 481 [1/1] (0.66ns)   --->   "%store_ln55 = store i8 %a_19, i3 %fb_367_addr" [./line_buffer.h:55->predecoder_kernel.cpp:55]   --->   Operation 481 'store' 'store_ln55' <Predicate = (tmp != 0 & tmp != 1 & select_ln46 == 0)> <Delay = 0.66> <CoreInst = "RAM">   --->   Core 83 'RAM' <Latency = 1> <II = 1> <Delay = 0.66> <Storage> <Opcode : 'load' 'store'> <Ports = 2> <Width = 8> <Depth = 6> <RAM>
ST_2 : Operation 482 [1/1] (0.66ns)   --->   "%store_ln55 = store i8 %a_20, i3 %fb_368_addr" [./line_buffer.h:55->predecoder_kernel.cpp:55]   --->   Operation 482 'store' 'store_ln55' <Predicate = (tmp != 0 & tmp != 1 & select_ln46 == 0)> <Delay = 0.66> <CoreInst = "RAM">   --->   Core 83 'RAM' <Latency = 1> <II = 1> <Delay = 0.66> <Storage> <Opcode : 'load' 'store'> <Ports = 2> <Width = 8> <Depth = 6> <RAM>
ST_2 : Operation 483 [1/1] (0.66ns)   --->   "%store_ln55 = store i8 %a_21, i3 %fb_369_addr" [./line_buffer.h:55->predecoder_kernel.cpp:55]   --->   Operation 483 'store' 'store_ln55' <Predicate = (tmp != 0 & tmp != 1 & select_ln46 == 0)> <Delay = 0.66> <CoreInst = "RAM">   --->   Core 83 'RAM' <Latency = 1> <II = 1> <Delay = 0.66> <Storage> <Opcode : 'load' 'store'> <Ports = 2> <Width = 8> <Depth = 6> <RAM>
ST_2 : Operation 484 [1/1] (0.66ns)   --->   "%store_ln55 = store i8 %a_22, i3 %fb_370_addr" [./line_buffer.h:55->predecoder_kernel.cpp:55]   --->   Operation 484 'store' 'store_ln55' <Predicate = (tmp != 0 & tmp != 1 & select_ln46 == 0)> <Delay = 0.66> <CoreInst = "RAM">   --->   Core 83 'RAM' <Latency = 1> <II = 1> <Delay = 0.66> <Storage> <Opcode : 'load' 'store'> <Ports = 2> <Width = 8> <Depth = 6> <RAM>
ST_2 : Operation 485 [1/1] (0.00ns)   --->   "%br_ln55 = br void %arrayidx94.i.11_2.exit" [./line_buffer.h:55->predecoder_kernel.cpp:55]   --->   Operation 485 'br' 'br_ln55' <Predicate = (tmp != 0 & tmp != 1 & select_ln46 == 0)> <Delay = 0.00>
ST_2 : Operation 486 [1/1] (0.66ns)   --->   "%store_ln55 = store i8 %a, i3 %fb_419_addr" [./line_buffer.h:55->predecoder_kernel.cpp:55]   --->   Operation 486 'store' 'store_ln55' <Predicate = (tmp != 0 & tmp != 1 & select_ln46 != 0 & select_ln46 != 1 & select_ln46 != 2 & select_ln46 != 3 & select_ln46 != 4)> <Delay = 0.66> <CoreInst = "RAM">   --->   Core 83 'RAM' <Latency = 1> <II = 1> <Delay = 0.66> <Storage> <Opcode : 'load' 'store'> <Ports = 2> <Width = 8> <Depth = 6> <RAM>
ST_2 : Operation 487 [1/1] (0.66ns)   --->   "%store_ln55 = store i8 %a_12, i3 %fb_420_addr" [./line_buffer.h:55->predecoder_kernel.cpp:55]   --->   Operation 487 'store' 'store_ln55' <Predicate = (tmp != 0 & tmp != 1 & select_ln46 != 0 & select_ln46 != 1 & select_ln46 != 2 & select_ln46 != 3 & select_ln46 != 4)> <Delay = 0.66> <CoreInst = "RAM">   --->   Core 83 'RAM' <Latency = 1> <II = 1> <Delay = 0.66> <Storage> <Opcode : 'load' 'store'> <Ports = 2> <Width = 8> <Depth = 6> <RAM>
ST_2 : Operation 488 [1/1] (0.66ns)   --->   "%store_ln55 = store i8 %a_13, i3 %fb_421_addr" [./line_buffer.h:55->predecoder_kernel.cpp:55]   --->   Operation 488 'store' 'store_ln55' <Predicate = (tmp != 0 & tmp != 1 & select_ln46 != 0 & select_ln46 != 1 & select_ln46 != 2 & select_ln46 != 3 & select_ln46 != 4)> <Delay = 0.66> <CoreInst = "RAM">   --->   Core 83 'RAM' <Latency = 1> <II = 1> <Delay = 0.66> <Storage> <Opcode : 'load' 'store'> <Ports = 2> <Width = 8> <Depth = 6> <RAM>
ST_2 : Operation 489 [1/1] (0.66ns)   --->   "%store_ln55 = store i8 %a_14, i3 %fb_422_addr" [./line_buffer.h:55->predecoder_kernel.cpp:55]   --->   Operation 489 'store' 'store_ln55' <Predicate = (tmp != 0 & tmp != 1 & select_ln46 != 0 & select_ln46 != 1 & select_ln46 != 2 & select_ln46 != 3 & select_ln46 != 4)> <Delay = 0.66> <CoreInst = "RAM">   --->   Core 83 'RAM' <Latency = 1> <II = 1> <Delay = 0.66> <Storage> <Opcode : 'load' 'store'> <Ports = 2> <Width = 8> <Depth = 6> <RAM>
ST_2 : Operation 490 [1/1] (0.66ns)   --->   "%store_ln55 = store i8 %a_15, i3 %fb_423_addr" [./line_buffer.h:55->predecoder_kernel.cpp:55]   --->   Operation 490 'store' 'store_ln55' <Predicate = (tmp != 0 & tmp != 1 & select_ln46 != 0 & select_ln46 != 1 & select_ln46 != 2 & select_ln46 != 3 & select_ln46 != 4)> <Delay = 0.66> <CoreInst = "RAM">   --->   Core 83 'RAM' <Latency = 1> <II = 1> <Delay = 0.66> <Storage> <Opcode : 'load' 'store'> <Ports = 2> <Width = 8> <Depth = 6> <RAM>
ST_2 : Operation 491 [1/1] (0.66ns)   --->   "%store_ln55 = store i8 %a_16, i3 %fb_424_addr" [./line_buffer.h:55->predecoder_kernel.cpp:55]   --->   Operation 491 'store' 'store_ln55' <Predicate = (tmp != 0 & tmp != 1 & select_ln46 != 0 & select_ln46 != 1 & select_ln46 != 2 & select_ln46 != 3 & select_ln46 != 4)> <Delay = 0.66> <CoreInst = "RAM">   --->   Core 83 'RAM' <Latency = 1> <II = 1> <Delay = 0.66> <Storage> <Opcode : 'load' 'store'> <Ports = 2> <Width = 8> <Depth = 6> <RAM>
ST_2 : Operation 492 [1/1] (0.66ns)   --->   "%store_ln55 = store i8 %a_17, i3 %fb_425_addr" [./line_buffer.h:55->predecoder_kernel.cpp:55]   --->   Operation 492 'store' 'store_ln55' <Predicate = (tmp != 0 & tmp != 1 & select_ln46 != 0 & select_ln46 != 1 & select_ln46 != 2 & select_ln46 != 3 & select_ln46 != 4)> <Delay = 0.66> <CoreInst = "RAM">   --->   Core 83 'RAM' <Latency = 1> <II = 1> <Delay = 0.66> <Storage> <Opcode : 'load' 'store'> <Ports = 2> <Width = 8> <Depth = 6> <RAM>
ST_2 : Operation 493 [1/1] (0.66ns)   --->   "%store_ln55 = store i8 %a_18, i3 %fb_426_addr" [./line_buffer.h:55->predecoder_kernel.cpp:55]   --->   Operation 493 'store' 'store_ln55' <Predicate = (tmp != 0 & tmp != 1 & select_ln46 != 0 & select_ln46 != 1 & select_ln46 != 2 & select_ln46 != 3 & select_ln46 != 4)> <Delay = 0.66> <CoreInst = "RAM">   --->   Core 83 'RAM' <Latency = 1> <II = 1> <Delay = 0.66> <Storage> <Opcode : 'load' 'store'> <Ports = 2> <Width = 8> <Depth = 6> <RAM>
ST_2 : Operation 494 [1/1] (0.66ns)   --->   "%store_ln55 = store i8 %a_19, i3 %fb_427_addr" [./line_buffer.h:55->predecoder_kernel.cpp:55]   --->   Operation 494 'store' 'store_ln55' <Predicate = (tmp != 0 & tmp != 1 & select_ln46 != 0 & select_ln46 != 1 & select_ln46 != 2 & select_ln46 != 3 & select_ln46 != 4)> <Delay = 0.66> <CoreInst = "RAM">   --->   Core 83 'RAM' <Latency = 1> <II = 1> <Delay = 0.66> <Storage> <Opcode : 'load' 'store'> <Ports = 2> <Width = 8> <Depth = 6> <RAM>
ST_2 : Operation 495 [1/1] (0.66ns)   --->   "%store_ln55 = store i8 %a_20, i3 %fb_428_addr" [./line_buffer.h:55->predecoder_kernel.cpp:55]   --->   Operation 495 'store' 'store_ln55' <Predicate = (tmp != 0 & tmp != 1 & select_ln46 != 0 & select_ln46 != 1 & select_ln46 != 2 & select_ln46 != 3 & select_ln46 != 4)> <Delay = 0.66> <CoreInst = "RAM">   --->   Core 83 'RAM' <Latency = 1> <II = 1> <Delay = 0.66> <Storage> <Opcode : 'load' 'store'> <Ports = 2> <Width = 8> <Depth = 6> <RAM>
ST_2 : Operation 496 [1/1] (0.66ns)   --->   "%store_ln55 = store i8 %a_21, i3 %fb_429_addr" [./line_buffer.h:55->predecoder_kernel.cpp:55]   --->   Operation 496 'store' 'store_ln55' <Predicate = (tmp != 0 & tmp != 1 & select_ln46 != 0 & select_ln46 != 1 & select_ln46 != 2 & select_ln46 != 3 & select_ln46 != 4)> <Delay = 0.66> <CoreInst = "RAM">   --->   Core 83 'RAM' <Latency = 1> <II = 1> <Delay = 0.66> <Storage> <Opcode : 'load' 'store'> <Ports = 2> <Width = 8> <Depth = 6> <RAM>
ST_2 : Operation 497 [1/1] (0.66ns)   --->   "%store_ln55 = store i8 %a_22, i3 %fb_430_addr" [./line_buffer.h:55->predecoder_kernel.cpp:55]   --->   Operation 497 'store' 'store_ln55' <Predicate = (tmp != 0 & tmp != 1 & select_ln46 != 0 & select_ln46 != 1 & select_ln46 != 2 & select_ln46 != 3 & select_ln46 != 4)> <Delay = 0.66> <CoreInst = "RAM">   --->   Core 83 'RAM' <Latency = 1> <II = 1> <Delay = 0.66> <Storage> <Opcode : 'load' 'store'> <Ports = 2> <Width = 8> <Depth = 6> <RAM>
ST_2 : Operation 498 [1/1] (0.00ns)   --->   "%br_ln55 = br void %arrayidx94.i.11_2.exit" [./line_buffer.h:55->predecoder_kernel.cpp:55]   --->   Operation 498 'br' 'br_ln55' <Predicate = (tmp != 0 & tmp != 1 & select_ln46 != 0 & select_ln46 != 1 & select_ln46 != 2 & select_ln46 != 3 & select_ln46 != 4)> <Delay = 0.00>
ST_2 : Operation 499 [1/1] (0.57ns)   --->   "%add_ln47 = add i3 %select_ln46, i3 1" [predecoder_kernel.cpp:47]   --->   Operation 499 'add' 'add_ln47' <Predicate = true> <Delay = 0.57> <CoreInst = "Adder">   --->   Core 1 'Adder' <Latency = 0> <II = 1> <Delay = 0.57> <FuncUnit> <Opcode : 'add' 'sub'> <InPorts = 2> <OutPorts = 1>
ST_2 : Operation 500 [1/1] (0.38ns)   --->   "%store_ln46 = store i3 %select_ln46_2, i3 %y" [predecoder_kernel.cpp:46]   --->   Operation 500 'store' 'store_ln46' <Predicate = true> <Delay = 0.38>
ST_2 : Operation 501 [1/1] (0.38ns)   --->   "%store_ln50 = store i3 %add_ln47, i3 %x_7" [./line_buffer.h:50->predecoder_kernel.cpp:55]   --->   Operation 501 'store' 'store_ln50' <Predicate = true> <Delay = 0.38>
ST_2 : Operation 502 [1/1] (0.00ns)   --->   "%br_ln47 = br void %VITIS_LOOP_51_3" [predecoder_kernel.cpp:47]   --->   Operation 502 'br' 'br_ln47' <Predicate = true> <Delay = 0.00>


============================================================
+ Verbose Summary: Binding
============================================================
STG Binding: 
---------------- STG Properties BEGIN ----------------
- Is combinational: 0
- Is one-state seq: 0
- Is datapath-only: 0
- Is pipelined: 0
- Is top level: 0
Port [ Return ] is wired: 1; IO mode=ap_ctrl_hs:ce=0
Port [ fb]:  wired=1; compound=1; hidden=0; nouse=0; global=0; static=0; extern=0; dir=1; type=1; pingpong=0; private_global=0; MemPort=[03]; IO mode=ap_memory:ce=0
Port [ fb_216]:  wired=1; compound=1; hidden=0; nouse=0; global=0; static=0; extern=0; dir=1; type=1; pingpong=0; private_global=0; MemPort=[03]; IO mode=ap_memory:ce=0
Port [ fb_217]:  wired=1; compound=1; hidden=0; nouse=0; global=0; static=0; extern=0; dir=1; type=1; pingpong=0; private_global=0; MemPort=[03]; IO mode=ap_memory:ce=0
Port [ fb_218]:  wired=1; compound=1; hidden=0; nouse=0; global=0; static=0; extern=0; dir=1; type=1; pingpong=0; private_global=0; MemPort=[03]; IO mode=ap_memory:ce=0
Port [ fb_219]:  wired=1; compound=1; hidden=0; nouse=0; global=0; static=0; extern=0; dir=1; type=1; pingpong=0; private_global=0; MemPort=[03]; IO mode=ap_memory:ce=0
Port [ fb_220]:  wired=1; compound=1; hidden=0; nouse=0; global=0; static=0; extern=0; dir=1; type=1; pingpong=0; private_global=0; MemPort=[03]; IO mode=ap_memory:ce=0
Port [ fb_221]:  wired=1; compound=1; hidden=0; nouse=0; global=0; static=0; extern=0; dir=1; type=1; pingpong=0; private_global=0; MemPort=[03]; IO mode=ap_memory:ce=0
Port [ fb_222]:  wired=1; compound=1; hidden=0; nouse=0; global=0; static=0; extern=0; dir=1; type=1; pingpong=0; private_global=0; MemPort=[03]; IO mode=ap_memory:ce=0
Port [ fb_223]:  wired=1; compound=1; hidden=0; nouse=0; global=0; static=0; extern=0; dir=1; type=1; pingpong=0; private_global=0; MemPort=[03]; IO mode=ap_memory:ce=0
Port [ fb_224]:  wired=1; compound=1; hidden=0; nouse=0; global=0; static=0; extern=0; dir=1; type=1; pingpong=0; private_global=0; MemPort=[03]; IO mode=ap_memory:ce=0
Port [ fb_225]:  wired=1; compound=1; hidden=0; nouse=0; global=0; static=0; extern=0; dir=1; type=1; pingpong=0; private_global=0; MemPort=[03]; IO mode=ap_memory:ce=0
Port [ fb_226]:  wired=1; compound=1; hidden=0; nouse=0; global=0; static=0; extern=0; dir=1; type=1; pingpong=0; private_global=0; MemPort=[03]; IO mode=ap_memory:ce=0
Port [ fb_227]:  wired=1; compound=1; hidden=0; nouse=0; global=0; static=0; extern=0; dir=1; type=1; pingpong=0; private_global=0; MemPort=[03]; IO mode=ap_memory:ce=0
Port [ fb_228]:  wired=1; compound=1; hidden=0; nouse=0; global=0; static=0; extern=0; dir=1; type=1; pingpong=0; private_global=0; MemPort=[03]; IO mode=ap_memory:ce=0
Port [ fb_229]:  wired=1; compound=1; hidden=0; nouse=0; global=0; static=0; extern=0; dir=1; type=1; pingpong=0; private_global=0; MemPort=[03]; IO mode=ap_memory:ce=0
Port [ fb_230]:  wired=1; compound=1; hidden=0; nouse=0; global=0; static=0; extern=0; dir=1; type=1; pingpong=0; private_global=0; MemPort=[03]; IO mode=ap_memory:ce=0
Port [ fb_231]:  wired=1; compound=1; hidden=0; nouse=0; global=0; static=0; extern=0; dir=1; type=1; pingpong=0; private_global=0; MemPort=[03]; IO mode=ap_memory:ce=0
Port [ fb_232]:  wired=1; compound=1; hidden=0; nouse=0; global=0; static=0; extern=0; dir=1; type=1; pingpong=0; private_global=0; MemPort=[03]; IO mode=ap_memory:ce=0
Port [ fb_233]:  wired=1; compound=1; hidden=0; nouse=0; global=0; static=0; extern=0; dir=1; type=1; pingpong=0; private_global=0; MemPort=[03]; IO mode=ap_memory:ce=0
Port [ fb_234]:  wired=1; compound=1; hidden=0; nouse=0; global=0; static=0; extern=0; dir=1; type=1; pingpong=0; private_global=0; MemPort=[03]; IO mode=ap_memory:ce=0
Port [ fb_235]:  wired=1; compound=1; hidden=0; nouse=0; global=0; static=0; extern=0; dir=1; type=1; pingpong=0; private_global=0; MemPort=[03]; IO mode=ap_memory:ce=0
Port [ fb_236]:  wired=1; compound=1; hidden=0; nouse=0; global=0; static=0; extern=0; dir=1; type=1; pingpong=0; private_global=0; MemPort=[03]; IO mode=ap_memory:ce=0
Port [ fb_237]:  wired=1; compound=1; hidden=0; nouse=0; global=0; static=0; extern=0; dir=1; type=1; pingpong=0; private_global=0; MemPort=[03]; IO mode=ap_memory:ce=0
Port [ fb_238]:  wired=1; compound=1; hidden=0; nouse=0; global=0; static=0; extern=0; dir=1; type=1; pingpong=0; private_global=0; MemPort=[03]; IO mode=ap_memory:ce=0
Port [ fb_239]:  wired=1; compound=1; hidden=0; nouse=0; global=0; static=0; extern=0; dir=1; type=1; pingpong=0; private_global=0; MemPort=[03]; IO mode=ap_memory:ce=0
Port [ fb_240]:  wired=1; compound=1; hidden=0; nouse=0; global=0; static=0; extern=0; dir=1; type=1; pingpong=0; private_global=0; MemPort=[03]; IO mode=ap_memory:ce=0
Port [ fb_241]:  wired=1; compound=1; hidden=0; nouse=0; global=0; static=0; extern=0; dir=1; type=1; pingpong=0; private_global=0; MemPort=[03]; IO mode=ap_memory:ce=0
Port [ fb_242]:  wired=1; compound=1; hidden=0; nouse=0; global=0; static=0; extern=0; dir=1; type=1; pingpong=0; private_global=0; MemPort=[03]; IO mode=ap_memory:ce=0
Port [ fb_243]:  wired=1; compound=1; hidden=0; nouse=0; global=0; static=0; extern=0; dir=1; type=1; pingpong=0; private_global=0; MemPort=[03]; IO mode=ap_memory:ce=0
Port [ fb_244]:  wired=1; compound=1; hidden=0; nouse=0; global=0; static=0; extern=0; dir=1; type=1; pingpong=0; private_global=0; MemPort=[03]; IO mode=ap_memory:ce=0
Port [ fb_245]:  wired=1; compound=1; hidden=0; nouse=0; global=0; static=0; extern=0; dir=1; type=1; pingpong=0; private_global=0; MemPort=[03]; IO mode=ap_memory:ce=0
Port [ fb_246]:  wired=1; compound=1; hidden=0; nouse=0; global=0; static=0; extern=0; dir=1; type=1; pingpong=0; private_global=0; MemPort=[03]; IO mode=ap_memory:ce=0
Port [ fb_247]:  wired=1; compound=1; hidden=0; nouse=0; global=0; static=0; extern=0; dir=1; type=1; pingpong=0; private_global=0; MemPort=[03]; IO mode=ap_memory:ce=0
Port [ fb_248]:  wired=1; compound=1; hidden=0; nouse=0; global=0; static=0; extern=0; dir=1; type=1; pingpong=0; private_global=0; MemPort=[03]; IO mode=ap_memory:ce=0
Port [ fb_249]:  wired=1; compound=1; hidden=0; nouse=0; global=0; static=0; extern=0; dir=1; type=1; pingpong=0; private_global=0; MemPort=[03]; IO mode=ap_memory:ce=0
Port [ fb_250]:  wired=1; compound=1; hidden=0; nouse=0; global=0; static=0; extern=0; dir=1; type=1; pingpong=0; private_global=0; MemPort=[03]; IO mode=ap_memory:ce=0
Port [ fb_251]:  wired=1; compound=1; hidden=0; nouse=0; global=0; static=0; extern=0; dir=1; type=1; pingpong=0; private_global=0; MemPort=[03]; IO mode=ap_memory:ce=0
Port [ fb_252]:  wired=1; compound=1; hidden=0; nouse=0; global=0; static=0; extern=0; dir=1; type=1; pingpong=0; private_global=0; MemPort=[03]; IO mode=ap_memory:ce=0
Port [ fb_253]:  wired=1; compound=1; hidden=0; nouse=0; global=0; static=0; extern=0; dir=1; type=1; pingpong=0; private_global=0; MemPort=[03]; IO mode=ap_memory:ce=0
Port [ fb_254]:  wired=1; compound=1; hidden=0; nouse=0; global=0; static=0; extern=0; dir=1; type=1; pingpong=0; private_global=0; MemPort=[03]; IO mode=ap_memory:ce=0
Port [ fb_255]:  wired=1; compound=1; hidden=0; nouse=0; global=0; static=0; extern=0; dir=1; type=1; pingpong=0; private_global=0; MemPort=[03]; IO mode=ap_memory:ce=0
Port [ fb_256]:  wired=1; compound=1; hidden=0; nouse=0; global=0; static=0; extern=0; dir=1; type=1; pingpong=0; private_global=0; MemPort=[03]; IO mode=ap_memory:ce=0
Port [ fb_257]:  wired=1; compound=1; hidden=0; nouse=0; global=0; static=0; extern=0; dir=1; type=1; pingpong=0; private_global=0; MemPort=[03]; IO mode=ap_memory:ce=0
Port [ fb_258]:  wired=1; compound=1; hidden=0; nouse=0; global=0; static=0; extern=0; dir=1; type=1; pingpong=0; private_global=0; MemPort=[03]; IO mode=ap_memory:ce=0
Port [ fb_259]:  wired=1; compound=1; hidden=0; nouse=0; global=0; static=0; extern=0; dir=1; type=1; pingpong=0; private_global=0; MemPort=[03]; IO mode=ap_memory:ce=0
Port [ fb_260]:  wired=1; compound=1; hidden=0; nouse=0; global=0; static=0; extern=0; dir=1; type=1; pingpong=0; private_global=0; MemPort=[03]; IO mode=ap_memory:ce=0
Port [ fb_261]:  wired=1; compound=1; hidden=0; nouse=0; global=0; static=0; extern=0; dir=1; type=1; pingpong=0; private_global=0; MemPort=[03]; IO mode=ap_memory:ce=0
Port [ fb_262]:  wired=1; compound=1; hidden=0; nouse=0; global=0; static=0; extern=0; dir=1; type=1; pingpong=0; private_global=0; MemPort=[03]; IO mode=ap_memory:ce=0
Port [ fb_263]:  wired=1; compound=1; hidden=0; nouse=0; global=0; static=0; extern=0; dir=1; type=1; pingpong=0; private_global=0; MemPort=[03]; IO mode=ap_memory:ce=0
Port [ fb_264]:  wired=1; compound=1; hidden=0; nouse=0; global=0; static=0; extern=0; dir=1; type=1; pingpong=0; private_global=0; MemPort=[03]; IO mode=ap_memory:ce=0
Port [ fb_265]:  wired=1; compound=1; hidden=0; nouse=0; global=0; static=0; extern=0; dir=1; type=1; pingpong=0; private_global=0; MemPort=[03]; IO mode=ap_memory:ce=0
Port [ fb_266]:  wired=1; compound=1; hidden=0; nouse=0; global=0; static=0; extern=0; dir=1; type=1; pingpong=0; private_global=0; MemPort=[03]; IO mode=ap_memory:ce=0
Port [ fb_267]:  wired=1; compound=1; hidden=0; nouse=0; global=0; static=0; extern=0; dir=1; type=1; pingpong=0; private_global=0; MemPort=[03]; IO mode=ap_memory:ce=0
Port [ fb_268]:  wired=1; compound=1; hidden=0; nouse=0; global=0; static=0; extern=0; dir=1; type=1; pingpong=0; private_global=0; MemPort=[03]; IO mode=ap_memory:ce=0
Port [ fb_269]:  wired=1; compound=1; hidden=0; nouse=0; global=0; static=0; extern=0; dir=1; type=1; pingpong=0; private_global=0; MemPort=[03]; IO mode=ap_memory:ce=0
Port [ fb_270]:  wired=1; compound=1; hidden=0; nouse=0; global=0; static=0; extern=0; dir=1; type=1; pingpong=0; private_global=0; MemPort=[03]; IO mode=ap_memory:ce=0
Port [ fb_271]:  wired=1; compound=1; hidden=0; nouse=0; global=0; static=0; extern=0; dir=1; type=1; pingpong=0; private_global=0; MemPort=[03]; IO mode=ap_memory:ce=0
Port [ fb_272]:  wired=1; compound=1; hidden=0; nouse=0; global=0; static=0; extern=0; dir=1; type=1; pingpong=0; private_global=0; MemPort=[03]; IO mode=ap_memory:ce=0
Port [ fb_273]:  wired=1; compound=1; hidden=0; nouse=0; global=0; static=0; extern=0; dir=1; type=1; pingpong=0; private_global=0; MemPort=[03]; IO mode=ap_memory:ce=0
Port [ fb_274]:  wired=1; compound=1; hidden=0; nouse=0; global=0; static=0; extern=0; dir=1; type=1; pingpong=0; private_global=0; MemPort=[03]; IO mode=ap_memory:ce=0
Port [ fb_275]:  wired=1; compound=1; hidden=0; nouse=0; global=0; static=0; extern=0; dir=1; type=1; pingpong=0; private_global=0; MemPort=[03]; IO mode=ap_memory:ce=0
Port [ fb_276]:  wired=1; compound=1; hidden=0; nouse=0; global=0; static=0; extern=0; dir=1; type=1; pingpong=0; private_global=0; MemPort=[03]; IO mode=ap_memory:ce=0
Port [ fb_277]:  wired=1; compound=1; hidden=0; nouse=0; global=0; static=0; extern=0; dir=1; type=1; pingpong=0; private_global=0; MemPort=[03]; IO mode=ap_memory:ce=0
Port [ fb_278]:  wired=1; compound=1; hidden=0; nouse=0; global=0; static=0; extern=0; dir=1; type=1; pingpong=0; private_global=0; MemPort=[03]; IO mode=ap_memory:ce=0
Port [ fb_279]:  wired=1; compound=1; hidden=0; nouse=0; global=0; static=0; extern=0; dir=1; type=1; pingpong=0; private_global=0; MemPort=[03]; IO mode=ap_memory:ce=0
Port [ fb_280]:  wired=1; compound=1; hidden=0; nouse=0; global=0; static=0; extern=0; dir=1; type=1; pingpong=0; private_global=0; MemPort=[03]; IO mode=ap_memory:ce=0
Port [ fb_281]:  wired=1; compound=1; hidden=0; nouse=0; global=0; static=0; extern=0; dir=1; type=1; pingpong=0; private_global=0; MemPort=[03]; IO mode=ap_memory:ce=0
Port [ fb_282]:  wired=1; compound=1; hidden=0; nouse=0; global=0; static=0; extern=0; dir=1; type=1; pingpong=0; private_global=0; MemPort=[03]; IO mode=ap_memory:ce=0
Port [ fb_283]:  wired=1; compound=1; hidden=0; nouse=0; global=0; static=0; extern=0; dir=1; type=1; pingpong=0; private_global=0; MemPort=[03]; IO mode=ap_memory:ce=0
Port [ fb_284]:  wired=1; compound=1; hidden=0; nouse=0; global=0; static=0; extern=0; dir=1; type=1; pingpong=0; private_global=0; MemPort=[03]; IO mode=ap_memory:ce=0
Port [ fb_285]:  wired=1; compound=1; hidden=0; nouse=0; global=0; static=0; extern=0; dir=1; type=1; pingpong=0; private_global=0; MemPort=[03]; IO mode=ap_memory:ce=0
Port [ fb_286]:  wired=1; compound=1; hidden=0; nouse=0; global=0; static=0; extern=0; dir=1; type=1; pingpong=0; private_global=0; MemPort=[03]; IO mode=ap_memory:ce=0
Port [ fb_287]:  wired=1; compound=1; hidden=0; nouse=0; global=0; static=0; extern=0; dir=1; type=1; pingpong=0; private_global=0; MemPort=[03]; IO mode=ap_memory:ce=0
Port [ fb_288]:  wired=1; compound=1; hidden=0; nouse=0; global=0; static=0; extern=0; dir=1; type=1; pingpong=0; private_global=0; MemPort=[03]; IO mode=ap_memory:ce=0
Port [ fb_289]:  wired=1; compound=1; hidden=0; nouse=0; global=0; static=0; extern=0; dir=1; type=1; pingpong=0; private_global=0; MemPort=[03]; IO mode=ap_memory:ce=0
Port [ fb_290]:  wired=1; compound=1; hidden=0; nouse=0; global=0; static=0; extern=0; dir=1; type=1; pingpong=0; private_global=0; MemPort=[03]; IO mode=ap_memory:ce=0
Port [ fb_291]:  wired=1; compound=1; hidden=0; nouse=0; global=0; static=0; extern=0; dir=1; type=1; pingpong=0; private_global=0; MemPort=[03]; IO mode=ap_memory:ce=0
Port [ fb_292]:  wired=1; compound=1; hidden=0; nouse=0; global=0; static=0; extern=0; dir=1; type=1; pingpong=0; private_global=0; MemPort=[03]; IO mode=ap_memory:ce=0
Port [ fb_293]:  wired=1; compound=1; hidden=0; nouse=0; global=0; static=0; extern=0; dir=1; type=1; pingpong=0; private_global=0; MemPort=[03]; IO mode=ap_memory:ce=0
Port [ fb_294]:  wired=1; compound=1; hidden=0; nouse=0; global=0; static=0; extern=0; dir=1; type=1; pingpong=0; private_global=0; MemPort=[03]; IO mode=ap_memory:ce=0
Port [ fb_295]:  wired=1; compound=1; hidden=0; nouse=0; global=0; static=0; extern=0; dir=1; type=1; pingpong=0; private_global=0; MemPort=[03]; IO mode=ap_memory:ce=0
Port [ fb_296]:  wired=1; compound=1; hidden=0; nouse=0; global=0; static=0; extern=0; dir=1; type=1; pingpong=0; private_global=0; MemPort=[03]; IO mode=ap_memory:ce=0
Port [ fb_297]:  wired=1; compound=1; hidden=0; nouse=0; global=0; static=0; extern=0; dir=1; type=1; pingpong=0; private_global=0; MemPort=[03]; IO mode=ap_memory:ce=0
Port [ fb_298]:  wired=1; compound=1; hidden=0; nouse=0; global=0; static=0; extern=0; dir=1; type=1; pingpong=0; private_global=0; MemPort=[03]; IO mode=ap_memory:ce=0
Port [ fb_299]:  wired=1; compound=1; hidden=0; nouse=0; global=0; static=0; extern=0; dir=1; type=1; pingpong=0; private_global=0; MemPort=[03]; IO mode=ap_memory:ce=0
Port [ fb_300]:  wired=1; compound=1; hidden=0; nouse=0; global=0; static=0; extern=0; dir=1; type=1; pingpong=0; private_global=0; MemPort=[03]; IO mode=ap_memory:ce=0
Port [ fb_301]:  wired=1; compound=1; hidden=0; nouse=0; global=0; static=0; extern=0; dir=1; type=1; pingpong=0; private_global=0; MemPort=[03]; IO mode=ap_memory:ce=0
Port [ fb_302]:  wired=1; compound=1; hidden=0; nouse=0; global=0; static=0; extern=0; dir=1; type=1; pingpong=0; private_global=0; MemPort=[03]; IO mode=ap_memory:ce=0
Port [ fb_303]:  wired=1; compound=1; hidden=0; nouse=0; global=0; static=0; extern=0; dir=1; type=1; pingpong=0; private_global=0; MemPort=[03]; IO mode=ap_memory:ce=0
Port [ fb_304]:  wired=1; compound=1; hidden=0; nouse=0; global=0; static=0; extern=0; dir=1; type=1; pingpong=0; private_global=0; MemPort=[03]; IO mode=ap_memory:ce=0
Port [ fb_305]:  wired=1; compound=1; hidden=0; nouse=0; global=0; static=0; extern=0; dir=1; type=1; pingpong=0; private_global=0; MemPort=[03]; IO mode=ap_memory:ce=0
Port [ fb_306]:  wired=1; compound=1; hidden=0; nouse=0; global=0; static=0; extern=0; dir=1; type=1; pingpong=0; private_global=0; MemPort=[03]; IO mode=ap_memory:ce=0
Port [ fb_307]:  wired=1; compound=1; hidden=0; nouse=0; global=0; static=0; extern=0; dir=1; type=1; pingpong=0; private_global=0; MemPort=[03]; IO mode=ap_memory:ce=0
Port [ fb_308]:  wired=1; compound=1; hidden=0; nouse=0; global=0; static=0; extern=0; dir=1; type=1; pingpong=0; private_global=0; MemPort=[03]; IO mode=ap_memory:ce=0
Port [ fb_309]:  wired=1; compound=1; hidden=0; nouse=0; global=0; static=0; extern=0; dir=1; type=1; pingpong=0; private_global=0; MemPort=[03]; IO mode=ap_memory:ce=0
Port [ fb_310]:  wired=1; compound=1; hidden=0; nouse=0; global=0; static=0; extern=0; dir=1; type=1; pingpong=0; private_global=0; MemPort=[03]; IO mode=ap_memory:ce=0
Port [ fb_311]:  wired=1; compound=1; hidden=0; nouse=0; global=0; static=0; extern=0; dir=1; type=1; pingpong=0; private_global=0; MemPort=[03]; IO mode=ap_memory:ce=0
Port [ fb_312]:  wired=1; compound=1; hidden=0; nouse=0; global=0; static=0; extern=0; dir=1; type=1; pingpong=0; private_global=0; MemPort=[03]; IO mode=ap_memory:ce=0
Port [ fb_313]:  wired=1; compound=1; hidden=0; nouse=0; global=0; static=0; extern=0; dir=1; type=1; pingpong=0; private_global=0; MemPort=[03]; IO mode=ap_memory:ce=0
Port [ fb_314]:  wired=1; compound=1; hidden=0; nouse=0; global=0; static=0; extern=0; dir=1; type=1; pingpong=0; private_global=0; MemPort=[03]; IO mode=ap_memory:ce=0
Port [ fb_315]:  wired=1; compound=1; hidden=0; nouse=0; global=0; static=0; extern=0; dir=1; type=1; pingpong=0; private_global=0; MemPort=[03]; IO mode=ap_memory:ce=0
Port [ fb_316]:  wired=1; compound=1; hidden=0; nouse=0; global=0; static=0; extern=0; dir=1; type=1; pingpong=0; private_global=0; MemPort=[03]; IO mode=ap_memory:ce=0
Port [ fb_317]:  wired=1; compound=1; hidden=0; nouse=0; global=0; static=0; extern=0; dir=1; type=1; pingpong=0; private_global=0; MemPort=[03]; IO mode=ap_memory:ce=0
Port [ fb_318]:  wired=1; compound=1; hidden=0; nouse=0; global=0; static=0; extern=0; dir=1; type=1; pingpong=0; private_global=0; MemPort=[03]; IO mode=ap_memory:ce=0
Port [ fb_319]:  wired=1; compound=1; hidden=0; nouse=0; global=0; static=0; extern=0; dir=1; type=1; pingpong=0; private_global=0; MemPort=[03]; IO mode=ap_memory:ce=0
Port [ fb_320]:  wired=1; compound=1; hidden=0; nouse=0; global=0; static=0; extern=0; dir=1; type=1; pingpong=0; private_global=0; MemPort=[03]; IO mode=ap_memory:ce=0
Port [ fb_321]:  wired=1; compound=1; hidden=0; nouse=0; global=0; static=0; extern=0; dir=1; type=1; pingpong=0; private_global=0; MemPort=[03]; IO mode=ap_memory:ce=0
Port [ fb_322]:  wired=1; compound=1; hidden=0; nouse=0; global=0; static=0; extern=0; dir=1; type=1; pingpong=0; private_global=0; MemPort=[03]; IO mode=ap_memory:ce=0
Port [ fb_323]:  wired=1; compound=1; hidden=0; nouse=0; global=0; static=0; extern=0; dir=1; type=1; pingpong=0; private_global=0; MemPort=[03]; IO mode=ap_memory:ce=0
Port [ fb_324]:  wired=1; compound=1; hidden=0; nouse=0; global=0; static=0; extern=0; dir=1; type=1; pingpong=0; private_global=0; MemPort=[03]; IO mode=ap_memory:ce=0
Port [ fb_325]:  wired=1; compound=1; hidden=0; nouse=0; global=0; static=0; extern=0; dir=1; type=1; pingpong=0; private_global=0; MemPort=[03]; IO mode=ap_memory:ce=0
Port [ fb_326]:  wired=1; compound=1; hidden=0; nouse=0; global=0; static=0; extern=0; dir=1; type=1; pingpong=0; private_global=0; MemPort=[03]; IO mode=ap_memory:ce=0
Port [ fb_327]:  wired=1; compound=1; hidden=0; nouse=0; global=0; static=0; extern=0; dir=1; type=1; pingpong=0; private_global=0; MemPort=[03]; IO mode=ap_memory:ce=0
Port [ fb_328]:  wired=1; compound=1; hidden=0; nouse=0; global=0; static=0; extern=0; dir=1; type=1; pingpong=0; private_global=0; MemPort=[03]; IO mode=ap_memory:ce=0
Port [ fb_329]:  wired=1; compound=1; hidden=0; nouse=0; global=0; static=0; extern=0; dir=1; type=1; pingpong=0; private_global=0; MemPort=[03]; IO mode=ap_memory:ce=0
Port [ fb_330]:  wired=1; compound=1; hidden=0; nouse=0; global=0; static=0; extern=0; dir=1; type=1; pingpong=0; private_global=0; MemPort=[03]; IO mode=ap_memory:ce=0
Port [ fb_331]:  wired=1; compound=1; hidden=0; nouse=0; global=0; static=0; extern=0; dir=1; type=1; pingpong=0; private_global=0; MemPort=[03]; IO mode=ap_memory:ce=0
Port [ fb_332]:  wired=1; compound=1; hidden=0; nouse=0; global=0; static=0; extern=0; dir=1; type=1; pingpong=0; private_global=0; MemPort=[03]; IO mode=ap_memory:ce=0
Port [ fb_333]:  wired=1; compound=1; hidden=0; nouse=0; global=0; static=0; extern=0; dir=1; type=1; pingpong=0; private_global=0; MemPort=[03]; IO mode=ap_memory:ce=0
Port [ fb_334]:  wired=1; compound=1; hidden=0; nouse=0; global=0; static=0; extern=0; dir=1; type=1; pingpong=0; private_global=0; MemPort=[03]; IO mode=ap_memory:ce=0
Port [ fb_335]:  wired=1; compound=1; hidden=0; nouse=0; global=0; static=0; extern=0; dir=1; type=1; pingpong=0; private_global=0; MemPort=[03]; IO mode=ap_memory:ce=0
Port [ fb_336]:  wired=1; compound=1; hidden=0; nouse=0; global=0; static=0; extern=0; dir=1; type=1; pingpong=0; private_global=0; MemPort=[03]; IO mode=ap_memory:ce=0
Port [ fb_337]:  wired=1; compound=1; hidden=0; nouse=0; global=0; static=0; extern=0; dir=1; type=1; pingpong=0; private_global=0; MemPort=[03]; IO mode=ap_memory:ce=0
Port [ fb_338]:  wired=1; compound=1; hidden=0; nouse=0; global=0; static=0; extern=0; dir=1; type=1; pingpong=0; private_global=0; MemPort=[03]; IO mode=ap_memory:ce=0
Port [ fb_339]:  wired=1; compound=1; hidden=0; nouse=0; global=0; static=0; extern=0; dir=1; type=1; pingpong=0; private_global=0; MemPort=[03]; IO mode=ap_memory:ce=0
Port [ fb_340]:  wired=1; compound=1; hidden=0; nouse=0; global=0; static=0; extern=0; dir=1; type=1; pingpong=0; private_global=0; MemPort=[03]; IO mode=ap_memory:ce=0
Port [ fb_341]:  wired=1; compound=1; hidden=0; nouse=0; global=0; static=0; extern=0; dir=1; type=1; pingpong=0; private_global=0; MemPort=[03]; IO mode=ap_memory:ce=0
Port [ fb_342]:  wired=1; compound=1; hidden=0; nouse=0; global=0; static=0; extern=0; dir=1; type=1; pingpong=0; private_global=0; MemPort=[03]; IO mode=ap_memory:ce=0
Port [ fb_343]:  wired=1; compound=1; hidden=0; nouse=0; global=0; static=0; extern=0; dir=1; type=1; pingpong=0; private_global=0; MemPort=[03]; IO mode=ap_memory:ce=0
Port [ fb_344]:  wired=1; compound=1; hidden=0; nouse=0; global=0; static=0; extern=0; dir=1; type=1; pingpong=0; private_global=0; MemPort=[03]; IO mode=ap_memory:ce=0
Port [ fb_345]:  wired=1; compound=1; hidden=0; nouse=0; global=0; static=0; extern=0; dir=1; type=1; pingpong=0; private_global=0; MemPort=[03]; IO mode=ap_memory:ce=0
Port [ fb_346]:  wired=1; compound=1; hidden=0; nouse=0; global=0; static=0; extern=0; dir=1; type=1; pingpong=0; private_global=0; MemPort=[03]; IO mode=ap_memory:ce=0
Port [ fb_347]:  wired=1; compound=1; hidden=0; nouse=0; global=0; static=0; extern=0; dir=1; type=1; pingpong=0; private_global=0; MemPort=[03]; IO mode=ap_memory:ce=0
Port [ fb_348]:  wired=1; compound=1; hidden=0; nouse=0; global=0; static=0; extern=0; dir=1; type=1; pingpong=0; private_global=0; MemPort=[03]; IO mode=ap_memory:ce=0
Port [ fb_349]:  wired=1; compound=1; hidden=0; nouse=0; global=0; static=0; extern=0; dir=1; type=1; pingpong=0; private_global=0; MemPort=[03]; IO mode=ap_memory:ce=0
Port [ fb_350]:  wired=1; compound=1; hidden=0; nouse=0; global=0; static=0; extern=0; dir=1; type=1; pingpong=0; private_global=0; MemPort=[03]; IO mode=ap_memory:ce=0
Port [ fb_351]:  wired=1; compound=1; hidden=0; nouse=0; global=0; static=0; extern=0; dir=1; type=1; pingpong=0; private_global=0; MemPort=[03]; IO mode=ap_memory:ce=0
Port [ fb_352]:  wired=1; compound=1; hidden=0; nouse=0; global=0; static=0; extern=0; dir=1; type=1; pingpong=0; private_global=0; MemPort=[03]; IO mode=ap_memory:ce=0
Port [ fb_353]:  wired=1; compound=1; hidden=0; nouse=0; global=0; static=0; extern=0; dir=1; type=1; pingpong=0; private_global=0; MemPort=[03]; IO mode=ap_memory:ce=0
Port [ fb_354]:  wired=1; compound=1; hidden=0; nouse=0; global=0; static=0; extern=0; dir=1; type=1; pingpong=0; private_global=0; MemPort=[03]; IO mode=ap_memory:ce=0
Port [ fb_355]:  wired=1; compound=1; hidden=0; nouse=0; global=0; static=0; extern=0; dir=1; type=1; pingpong=0; private_global=0; MemPort=[03]; IO mode=ap_memory:ce=0
Port [ fb_356]:  wired=1; compound=1; hidden=0; nouse=0; global=0; static=0; extern=0; dir=1; type=1; pingpong=0; private_global=0; MemPort=[03]; IO mode=ap_memory:ce=0
Port [ fb_357]:  wired=1; compound=1; hidden=0; nouse=0; global=0; static=0; extern=0; dir=1; type=1; pingpong=0; private_global=0; MemPort=[03]; IO mode=ap_memory:ce=0
Port [ fb_358]:  wired=1; compound=1; hidden=0; nouse=0; global=0; static=0; extern=0; dir=1; type=1; pingpong=0; private_global=0; MemPort=[03]; IO mode=ap_memory:ce=0
Port [ fb_359]:  wired=1; compound=1; hidden=0; nouse=0; global=0; static=0; extern=0; dir=1; type=1; pingpong=0; private_global=0; MemPort=[03]; IO mode=ap_memory:ce=0
Port [ fb_360]:  wired=1; compound=1; hidden=0; nouse=0; global=0; static=0; extern=0; dir=1; type=1; pingpong=0; private_global=0; MemPort=[03]; IO mode=ap_memory:ce=0
Port [ fb_361]:  wired=1; compound=1; hidden=0; nouse=0; global=0; static=0; extern=0; dir=1; type=1; pingpong=0; private_global=0; MemPort=[03]; IO mode=ap_memory:ce=0
Port [ fb_362]:  wired=1; compound=1; hidden=0; nouse=0; global=0; static=0; extern=0; dir=1; type=1; pingpong=0; private_global=0; MemPort=[03]; IO mode=ap_memory:ce=0
Port [ fb_363]:  wired=1; compound=1; hidden=0; nouse=0; global=0; static=0; extern=0; dir=1; type=1; pingpong=0; private_global=0; MemPort=[03]; IO mode=ap_memory:ce=0
Port [ fb_364]:  wired=1; compound=1; hidden=0; nouse=0; global=0; static=0; extern=0; dir=1; type=1; pingpong=0; private_global=0; MemPort=[03]; IO mode=ap_memory:ce=0
Port [ fb_365]:  wired=1; compound=1; hidden=0; nouse=0; global=0; static=0; extern=0; dir=1; type=1; pingpong=0; private_global=0; MemPort=[03]; IO mode=ap_memory:ce=0
Port [ fb_366]:  wired=1; compound=1; hidden=0; nouse=0; global=0; static=0; extern=0; dir=1; type=1; pingpong=0; private_global=0; MemPort=[03]; IO mode=ap_memory:ce=0
Port [ fb_367]:  wired=1; compound=1; hidden=0; nouse=0; global=0; static=0; extern=0; dir=1; type=1; pingpong=0; private_global=0; MemPort=[03]; IO mode=ap_memory:ce=0
Port [ fb_368]:  wired=1; compound=1; hidden=0; nouse=0; global=0; static=0; extern=0; dir=1; type=1; pingpong=0; private_global=0; MemPort=[03]; IO mode=ap_memory:ce=0
Port [ fb_369]:  wired=1; compound=1; hidden=0; nouse=0; global=0; static=0; extern=0; dir=1; type=1; pingpong=0; private_global=0; MemPort=[03]; IO mode=ap_memory:ce=0
Port [ fb_370]:  wired=1; compound=1; hidden=0; nouse=0; global=0; static=0; extern=0; dir=1; type=1; pingpong=0; private_global=0; MemPort=[03]; IO mode=ap_memory:ce=0
Port [ fb_371]:  wired=1; compound=1; hidden=0; nouse=0; global=0; static=0; extern=0; dir=1; type=1; pingpong=0; private_global=0; MemPort=[03]; IO mode=ap_memory:ce=0
Port [ fb_372]:  wired=1; compound=1; hidden=0; nouse=0; global=0; static=0; extern=0; dir=1; type=1; pingpong=0; private_global=0; MemPort=[03]; IO mode=ap_memory:ce=0
Port [ fb_373]:  wired=1; compound=1; hidden=0; nouse=0; global=0; static=0; extern=0; dir=1; type=1; pingpong=0; private_global=0; MemPort=[03]; IO mode=ap_memory:ce=0
Port [ fb_374]:  wired=1; compound=1; hidden=0; nouse=0; global=0; static=0; extern=0; dir=1; type=1; pingpong=0; private_global=0; MemPort=[03]; IO mode=ap_memory:ce=0
Port [ fb_375]:  wired=1; compound=1; hidden=0; nouse=0; global=0; static=0; extern=0; dir=1; type=1; pingpong=0; private_global=0; MemPort=[03]; IO mode=ap_memory:ce=0
Port [ fb_376]:  wired=1; compound=1; hidden=0; nouse=0; global=0; static=0; extern=0; dir=1; type=1; pingpong=0; private_global=0; MemPort=[03]; IO mode=ap_memory:ce=0
Port [ fb_377]:  wired=1; compound=1; hidden=0; nouse=0; global=0; static=0; extern=0; dir=1; type=1; pingpong=0; private_global=0; MemPort=[03]; IO mode=ap_memory:ce=0
Port [ fb_378]:  wired=1; compound=1; hidden=0; nouse=0; global=0; static=0; extern=0; dir=1; type=1; pingpong=0; private_global=0; MemPort=[03]; IO mode=ap_memory:ce=0
Port [ fb_379]:  wired=1; compound=1; hidden=0; nouse=0; global=0; static=0; extern=0; dir=1; type=1; pingpong=0; private_global=0; MemPort=[03]; IO mode=ap_memory:ce=0
Port [ fb_380]:  wired=1; compound=1; hidden=0; nouse=0; global=0; static=0; extern=0; dir=1; type=1; pingpong=0; private_global=0; MemPort=[03]; IO mode=ap_memory:ce=0
Port [ fb_381]:  wired=1; compound=1; hidden=0; nouse=0; global=0; static=0; extern=0; dir=1; type=1; pingpong=0; private_global=0; MemPort=[03]; IO mode=ap_memory:ce=0
Port [ fb_382]:  wired=1; compound=1; hidden=0; nouse=0; global=0; static=0; extern=0; dir=1; type=1; pingpong=0; private_global=0; MemPort=[03]; IO mode=ap_memory:ce=0
Port [ fb_383]:  wired=1; compound=1; hidden=0; nouse=0; global=0; static=0; extern=0; dir=1; type=1; pingpong=0; private_global=0; MemPort=[03]; IO mode=ap_memory:ce=0
Port [ fb_384]:  wired=1; compound=1; hidden=0; nouse=0; global=0; static=0; extern=0; dir=1; type=1; pingpong=0; private_global=0; MemPort=[03]; IO mode=ap_memory:ce=0
Port [ fb_385]:  wired=1; compound=1; hidden=0; nouse=0; global=0; static=0; extern=0; dir=1; type=1; pingpong=0; private_global=0; MemPort=[03]; IO mode=ap_memory:ce=0
Port [ fb_386]:  wired=1; compound=1; hidden=0; nouse=0; global=0; static=0; extern=0; dir=1; type=1; pingpong=0; private_global=0; MemPort=[03]; IO mode=ap_memory:ce=0
Port [ fb_387]:  wired=1; compound=1; hidden=0; nouse=0; global=0; static=0; extern=0; dir=1; type=1; pingpong=0; private_global=0; MemPort=[03]; IO mode=ap_memory:ce=0
Port [ fb_388]:  wired=1; compound=1; hidden=0; nouse=0; global=0; static=0; extern=0; dir=1; type=1; pingpong=0; private_global=0; MemPort=[03]; IO mode=ap_memory:ce=0
Port [ fb_389]:  wired=1; compound=1; hidden=0; nouse=0; global=0; static=0; extern=0; dir=1; type=1; pingpong=0; private_global=0; MemPort=[03]; IO mode=ap_memory:ce=0
Port [ fb_390]:  wired=1; compound=1; hidden=0; nouse=0; global=0; static=0; extern=0; dir=1; type=1; pingpong=0; private_global=0; MemPort=[03]; IO mode=ap_memory:ce=0
Port [ fb_391]:  wired=1; compound=1; hidden=0; nouse=0; global=0; static=0; extern=0; dir=1; type=1; pingpong=0; private_global=0; MemPort=[03]; IO mode=ap_memory:ce=0
Port [ fb_392]:  wired=1; compound=1; hidden=0; nouse=0; global=0; static=0; extern=0; dir=1; type=1; pingpong=0; private_global=0; MemPort=[03]; IO mode=ap_memory:ce=0
Port [ fb_393]:  wired=1; compound=1; hidden=0; nouse=0; global=0; static=0; extern=0; dir=1; type=1; pingpong=0; private_global=0; MemPort=[03]; IO mode=ap_memory:ce=0
Port [ fb_394]:  wired=1; compound=1; hidden=0; nouse=0; global=0; static=0; extern=0; dir=1; type=1; pingpong=0; private_global=0; MemPort=[03]; IO mode=ap_memory:ce=0
Port [ fb_395]:  wired=1; compound=1; hidden=0; nouse=0; global=0; static=0; extern=0; dir=1; type=1; pingpong=0; private_global=0; MemPort=[03]; IO mode=ap_memory:ce=0
Port [ fb_396]:  wired=1; compound=1; hidden=0; nouse=0; global=0; static=0; extern=0; dir=1; type=1; pingpong=0; private_global=0; MemPort=[03]; IO mode=ap_memory:ce=0
Port [ fb_397]:  wired=1; compound=1; hidden=0; nouse=0; global=0; static=0; extern=0; dir=1; type=1; pingpong=0; private_global=0; MemPort=[03]; IO mode=ap_memory:ce=0
Port [ fb_398]:  wired=1; compound=1; hidden=0; nouse=0; global=0; static=0; extern=0; dir=1; type=1; pingpong=0; private_global=0; MemPort=[03]; IO mode=ap_memory:ce=0
Port [ fb_399]:  wired=1; compound=1; hidden=0; nouse=0; global=0; static=0; extern=0; dir=1; type=1; pingpong=0; private_global=0; MemPort=[03]; IO mode=ap_memory:ce=0
Port [ fb_400]:  wired=1; compound=1; hidden=0; nouse=0; global=0; static=0; extern=0; dir=1; type=1; pingpong=0; private_global=0; MemPort=[03]; IO mode=ap_memory:ce=0
Port [ fb_401]:  wired=1; compound=1; hidden=0; nouse=0; global=0; static=0; extern=0; dir=1; type=1; pingpong=0; private_global=0; MemPort=[03]; IO mode=ap_memory:ce=0
Port [ fb_402]:  wired=1; compound=1; hidden=0; nouse=0; global=0; static=0; extern=0; dir=1; type=1; pingpong=0; private_global=0; MemPort=[03]; IO mode=ap_memory:ce=0
Port [ fb_403]:  wired=1; compound=1; hidden=0; nouse=0; global=0; static=0; extern=0; dir=1; type=1; pingpong=0; private_global=0; MemPort=[03]; IO mode=ap_memory:ce=0
Port [ fb_404]:  wired=1; compound=1; hidden=0; nouse=0; global=0; static=0; extern=0; dir=1; type=1; pingpong=0; private_global=0; MemPort=[03]; IO mode=ap_memory:ce=0
Port [ fb_405]:  wired=1; compound=1; hidden=0; nouse=0; global=0; static=0; extern=0; dir=1; type=1; pingpong=0; private_global=0; MemPort=[03]; IO mode=ap_memory:ce=0
Port [ fb_406]:  wired=1; compound=1; hidden=0; nouse=0; global=0; static=0; extern=0; dir=1; type=1; pingpong=0; private_global=0; MemPort=[03]; IO mode=ap_memory:ce=0
Port [ fb_407]:  wired=1; compound=1; hidden=0; nouse=0; global=0; static=0; extern=0; dir=1; type=1; pingpong=0; private_global=0; MemPort=[03]; IO mode=ap_memory:ce=0
Port [ fb_408]:  wired=1; compound=1; hidden=0; nouse=0; global=0; static=0; extern=0; dir=1; type=1; pingpong=0; private_global=0; MemPort=[03]; IO mode=ap_memory:ce=0
Port [ fb_409]:  wired=1; compound=1; hidden=0; nouse=0; global=0; static=0; extern=0; dir=1; type=1; pingpong=0; private_global=0; MemPort=[03]; IO mode=ap_memory:ce=0
Port [ fb_410]:  wired=1; compound=1; hidden=0; nouse=0; global=0; static=0; extern=0; dir=1; type=1; pingpong=0; private_global=0; MemPort=[03]; IO mode=ap_memory:ce=0
Port [ fb_411]:  wired=1; compound=1; hidden=0; nouse=0; global=0; static=0; extern=0; dir=1; type=1; pingpong=0; private_global=0; MemPort=[03]; IO mode=ap_memory:ce=0
Port [ fb_412]:  wired=1; compound=1; hidden=0; nouse=0; global=0; static=0; extern=0; dir=1; type=1; pingpong=0; private_global=0; MemPort=[03]; IO mode=ap_memory:ce=0
Port [ fb_413]:  wired=1; compound=1; hidden=0; nouse=0; global=0; static=0; extern=0; dir=1; type=1; pingpong=0; private_global=0; MemPort=[03]; IO mode=ap_memory:ce=0
Port [ fb_414]:  wired=1; compound=1; hidden=0; nouse=0; global=0; static=0; extern=0; dir=1; type=1; pingpong=0; private_global=0; MemPort=[03]; IO mode=ap_memory:ce=0
Port [ fb_415]:  wired=1; compound=1; hidden=0; nouse=0; global=0; static=0; extern=0; dir=1; type=1; pingpong=0; private_global=0; MemPort=[03]; IO mode=ap_memory:ce=0
Port [ fb_416]:  wired=1; compound=1; hidden=0; nouse=0; global=0; static=0; extern=0; dir=1; type=1; pingpong=0; private_global=0; MemPort=[03]; IO mode=ap_memory:ce=0
Port [ fb_417]:  wired=1; compound=1; hidden=0; nouse=0; global=0; static=0; extern=0; dir=1; type=1; pingpong=0; private_global=0; MemPort=[03]; IO mode=ap_memory:ce=0
Port [ fb_418]:  wired=1; compound=1; hidden=0; nouse=0; global=0; static=0; extern=0; dir=1; type=1; pingpong=0; private_global=0; MemPort=[03]; IO mode=ap_memory:ce=0
Port [ fb_419]:  wired=1; compound=1; hidden=0; nouse=0; global=0; static=0; extern=0; dir=1; type=1; pingpong=0; private_global=0; MemPort=[03]; IO mode=ap_memory:ce=0
Port [ fb_420]:  wired=1; compound=1; hidden=0; nouse=0; global=0; static=0; extern=0; dir=1; type=1; pingpong=0; private_global=0; MemPort=[03]; IO mode=ap_memory:ce=0
Port [ fb_421]:  wired=1; compound=1; hidden=0; nouse=0; global=0; static=0; extern=0; dir=1; type=1; pingpong=0; private_global=0; MemPort=[03]; IO mode=ap_memory:ce=0
Port [ fb_422]:  wired=1; compound=1; hidden=0; nouse=0; global=0; static=0; extern=0; dir=1; type=1; pingpong=0; private_global=0; MemPort=[03]; IO mode=ap_memory:ce=0
Port [ fb_423]:  wired=1; compound=1; hidden=0; nouse=0; global=0; static=0; extern=0; dir=1; type=1; pingpong=0; private_global=0; MemPort=[03]; IO mode=ap_memory:ce=0
Port [ fb_424]:  wired=1; compound=1; hidden=0; nouse=0; global=0; static=0; extern=0; dir=1; type=1; pingpong=0; private_global=0; MemPort=[03]; IO mode=ap_memory:ce=0
Port [ fb_425]:  wired=1; compound=1; hidden=0; nouse=0; global=0; static=0; extern=0; dir=1; type=1; pingpong=0; private_global=0; MemPort=[03]; IO mode=ap_memory:ce=0
Port [ fb_426]:  wired=1; compound=1; hidden=0; nouse=0; global=0; static=0; extern=0; dir=1; type=1; pingpong=0; private_global=0; MemPort=[03]; IO mode=ap_memory:ce=0
Port [ fb_427]:  wired=1; compound=1; hidden=0; nouse=0; global=0; static=0; extern=0; dir=1; type=1; pingpong=0; private_global=0; MemPort=[03]; IO mode=ap_memory:ce=0
Port [ fb_428]:  wired=1; compound=1; hidden=0; nouse=0; global=0; static=0; extern=0; dir=1; type=1; pingpong=0; private_global=0; MemPort=[03]; IO mode=ap_memory:ce=0
Port [ fb_429]:  wired=1; compound=1; hidden=0; nouse=0; global=0; static=0; extern=0; dir=1; type=1; pingpong=0; private_global=0; MemPort=[03]; IO mode=ap_memory:ce=0
Port [ fb_430]:  wired=1; compound=1; hidden=0; nouse=0; global=0; static=0; extern=0; dir=1; type=1; pingpong=0; private_global=0; MemPort=[03]; IO mode=ap_memory:ce=0
Port [ s1]:  wired=1; compound=1; hidden=0; nouse=0; global=0; static=0; extern=0; dir=0; type=3; pingpong=0; private_global=0; IO mode=ap_fifo:ce=0
Port [ empty]:  wired=1; compound=0; hidden=0; nouse=0; global=0; static=0; extern=0; dir=0; type=0; pingpong=0; private_global=0; IO mode=ap_none:ce=0
---------------- STG Properties END ------------------

---------------- Datapath Model BEGIN ----------------

<LifeTime>
<method=bitvector/>
x_7                   (alloca           ) [ 011]
y                     (alloca           ) [ 011]
indvar_flatten40      (alloca           ) [ 010]
specinterface_ln0     (specinterface    ) [ 000]
tmp                   (read             ) [ 011]
store_ln0             (store            ) [ 000]
store_ln46            (store            ) [ 000]
store_ln50            (store            ) [ 000]
br_ln0                (br               ) [ 000]
indvar_flatten40_load (load             ) [ 000]
icmp_ln46             (icmp             ) [ 010]
add_ln46_2            (add              ) [ 000]
br_ln46               (br               ) [ 000]
switch_ln55           (switch           ) [ 000]
br_ln55               (br               ) [ 000]
br_ln55               (br               ) [ 000]
br_ln55               (br               ) [ 000]
store_ln46            (store            ) [ 000]
x_7_load              (load             ) [ 000]
y_load                (load             ) [ 000]
add_ln46              (add              ) [ 000]
specloopname_ln0      (specloopname     ) [ 000]
speclooptripcount_ln0 (speclooptripcount) [ 000]
icmp_ln47             (icmp             ) [ 000]
select_ln46           (select           ) [ 011]
select_ln46_2         (select           ) [ 000]
zext_ln46             (zext             ) [ 000]
fb_addr               (getelementptr    ) [ 000]
fb_216_addr           (getelementptr    ) [ 000]
fb_217_addr           (getelementptr    ) [ 000]
fb_218_addr           (getelementptr    ) [ 000]
fb_219_addr           (getelementptr    ) [ 000]
fb_220_addr           (getelementptr    ) [ 000]
fb_221_addr           (getelementptr    ) [ 000]
fb_222_addr           (getelementptr    ) [ 000]
fb_223_addr           (getelementptr    ) [ 000]
fb_224_addr           (getelementptr    ) [ 000]
fb_225_addr           (getelementptr    ) [ 000]
fb_226_addr           (getelementptr    ) [ 000]
fb_227_addr           (getelementptr    ) [ 000]
fb_228_addr           (getelementptr    ) [ 000]
fb_229_addr           (getelementptr    ) [ 000]
fb_230_addr           (getelementptr    ) [ 000]
fb_231_addr           (getelementptr    ) [ 000]
fb_232_addr           (getelementptr    ) [ 000]
fb_233_addr           (getelementptr    ) [ 000]
fb_234_addr           (getelementptr    ) [ 000]
fb_235_addr           (getelementptr    ) [ 000]
fb_236_addr           (getelementptr    ) [ 000]
fb_237_addr           (getelementptr    ) [ 000]
fb_238_addr           (getelementptr    ) [ 000]
fb_239_addr           (getelementptr    ) [ 000]
fb_240_addr           (getelementptr    ) [ 000]
fb_241_addr           (getelementptr    ) [ 000]
fb_242_addr           (getelementptr    ) [ 000]
fb_243_addr           (getelementptr    ) [ 000]
fb_244_addr           (getelementptr    ) [ 000]
fb_245_addr           (getelementptr    ) [ 000]
fb_246_addr           (getelementptr    ) [ 000]
fb_247_addr           (getelementptr    ) [ 000]
fb_248_addr           (getelementptr    ) [ 000]
fb_249_addr           (getelementptr    ) [ 000]
fb_250_addr           (getelementptr    ) [ 000]
fb_251_addr           (getelementptr    ) [ 000]
fb_252_addr           (getelementptr    ) [ 000]
fb_253_addr           (getelementptr    ) [ 000]
fb_254_addr           (getelementptr    ) [ 000]
fb_255_addr           (getelementptr    ) [ 000]
fb_256_addr           (getelementptr    ) [ 000]
fb_257_addr           (getelementptr    ) [ 000]
fb_258_addr           (getelementptr    ) [ 000]
fb_259_addr           (getelementptr    ) [ 000]
fb_260_addr           (getelementptr    ) [ 000]
fb_261_addr           (getelementptr    ) [ 000]
fb_262_addr           (getelementptr    ) [ 000]
fb_263_addr           (getelementptr    ) [ 000]
fb_264_addr           (getelementptr    ) [ 000]
fb_265_addr           (getelementptr    ) [ 000]
fb_266_addr           (getelementptr    ) [ 000]
fb_267_addr           (getelementptr    ) [ 000]
fb_268_addr           (getelementptr    ) [ 000]
fb_269_addr           (getelementptr    ) [ 000]
fb_270_addr           (getelementptr    ) [ 000]
fb_271_addr           (getelementptr    ) [ 000]
fb_272_addr           (getelementptr    ) [ 000]
fb_273_addr           (getelementptr    ) [ 000]
fb_274_addr           (getelementptr    ) [ 000]
fb_275_addr           (getelementptr    ) [ 000]
fb_276_addr           (getelementptr    ) [ 000]
fb_277_addr           (getelementptr    ) [ 000]
fb_278_addr           (getelementptr    ) [ 000]
fb_279_addr           (getelementptr    ) [ 000]
fb_280_addr           (getelementptr    ) [ 000]
fb_281_addr           (getelementptr    ) [ 000]
fb_282_addr           (getelementptr    ) [ 000]
fb_283_addr           (getelementptr    ) [ 000]
fb_284_addr           (getelementptr    ) [ 000]
fb_285_addr           (getelementptr    ) [ 000]
fb_286_addr           (getelementptr    ) [ 000]
fb_287_addr           (getelementptr    ) [ 000]
fb_288_addr           (getelementptr    ) [ 000]
fb_289_addr           (getelementptr    ) [ 000]
fb_290_addr           (getelementptr    ) [ 000]
fb_291_addr           (getelementptr    ) [ 000]
fb_292_addr           (getelementptr    ) [ 000]
fb_293_addr           (getelementptr    ) [ 000]
fb_294_addr           (getelementptr    ) [ 000]
fb_295_addr           (getelementptr    ) [ 000]
fb_296_addr           (getelementptr    ) [ 000]
fb_297_addr           (getelementptr    ) [ 000]
fb_298_addr           (getelementptr    ) [ 000]
fb_299_addr           (getelementptr    ) [ 000]
fb_300_addr           (getelementptr    ) [ 000]
fb_301_addr           (getelementptr    ) [ 000]
fb_302_addr           (getelementptr    ) [ 000]
fb_303_addr           (getelementptr    ) [ 000]
fb_304_addr           (getelementptr    ) [ 000]
fb_305_addr           (getelementptr    ) [ 000]
fb_306_addr           (getelementptr    ) [ 000]
fb_307_addr           (getelementptr    ) [ 000]
fb_308_addr           (getelementptr    ) [ 000]
fb_309_addr           (getelementptr    ) [ 000]
fb_310_addr           (getelementptr    ) [ 000]
fb_311_addr           (getelementptr    ) [ 000]
fb_312_addr           (getelementptr    ) [ 000]
fb_313_addr           (getelementptr    ) [ 000]
fb_314_addr           (getelementptr    ) [ 000]
fb_315_addr           (getelementptr    ) [ 000]
fb_316_addr           (getelementptr    ) [ 000]
fb_317_addr           (getelementptr    ) [ 000]
fb_318_addr           (getelementptr    ) [ 000]
fb_319_addr           (getelementptr    ) [ 000]
fb_320_addr           (getelementptr    ) [ 000]
fb_321_addr           (getelementptr    ) [ 000]
fb_322_addr           (getelementptr    ) [ 000]
fb_323_addr           (getelementptr    ) [ 000]
fb_324_addr           (getelementptr    ) [ 000]
fb_325_addr           (getelementptr    ) [ 000]
fb_326_addr           (getelementptr    ) [ 000]
fb_327_addr           (getelementptr    ) [ 000]
fb_328_addr           (getelementptr    ) [ 000]
fb_329_addr           (getelementptr    ) [ 000]
fb_330_addr           (getelementptr    ) [ 000]
fb_331_addr           (getelementptr    ) [ 000]
fb_332_addr           (getelementptr    ) [ 000]
fb_333_addr           (getelementptr    ) [ 000]
fb_334_addr           (getelementptr    ) [ 000]
fb_335_addr           (getelementptr    ) [ 000]
fb_336_addr           (getelementptr    ) [ 000]
fb_337_addr           (getelementptr    ) [ 000]
fb_338_addr           (getelementptr    ) [ 000]
fb_339_addr           (getelementptr    ) [ 000]
fb_340_addr           (getelementptr    ) [ 000]
fb_341_addr           (getelementptr    ) [ 000]
fb_342_addr           (getelementptr    ) [ 000]
fb_343_addr           (getelementptr    ) [ 000]
fb_344_addr           (getelementptr    ) [ 000]
fb_345_addr           (getelementptr    ) [ 000]
fb_346_addr           (getelementptr    ) [ 000]
fb_347_addr           (getelementptr    ) [ 000]
fb_348_addr           (getelementptr    ) [ 000]
fb_349_addr           (getelementptr    ) [ 000]
fb_350_addr           (getelementptr    ) [ 000]
fb_351_addr           (getelementptr    ) [ 000]
fb_352_addr           (getelementptr    ) [ 000]
fb_353_addr           (getelementptr    ) [ 000]
fb_354_addr           (getelementptr    ) [ 000]
fb_355_addr           (getelementptr    ) [ 000]
fb_356_addr           (getelementptr    ) [ 000]
fb_357_addr           (getelementptr    ) [ 000]
fb_358_addr           (getelementptr    ) [ 000]
fb_359_addr           (getelementptr    ) [ 000]
fb_360_addr           (getelementptr    ) [ 000]
fb_361_addr           (getelementptr    ) [ 000]
fb_362_addr           (getelementptr    ) [ 000]
fb_363_addr           (getelementptr    ) [ 000]
fb_364_addr           (getelementptr    ) [ 000]
fb_365_addr           (getelementptr    ) [ 000]
fb_366_addr           (getelementptr    ) [ 000]
fb_367_addr           (getelementptr    ) [ 000]
fb_368_addr           (getelementptr    ) [ 000]
fb_369_addr           (getelementptr    ) [ 000]
fb_370_addr           (getelementptr    ) [ 000]
fb_371_addr           (getelementptr    ) [ 000]
fb_372_addr           (getelementptr    ) [ 000]
fb_373_addr           (getelementptr    ) [ 000]
fb_374_addr           (getelementptr    ) [ 000]
fb_375_addr           (getelementptr    ) [ 000]
fb_376_addr           (getelementptr    ) [ 000]
fb_377_addr           (getelementptr    ) [ 000]
fb_378_addr           (getelementptr    ) [ 000]
fb_379_addr           (getelementptr    ) [ 000]
fb_380_addr           (getelementptr    ) [ 000]
fb_381_addr           (getelementptr    ) [ 000]
fb_382_addr           (getelementptr    ) [ 000]
fb_383_addr           (getelementptr    ) [ 000]
fb_384_addr           (getelementptr    ) [ 000]
fb_385_addr           (getelementptr    ) [ 000]
fb_386_addr           (getelementptr    ) [ 000]
fb_387_addr           (getelementptr    ) [ 000]
fb_388_addr           (getelementptr    ) [ 000]
fb_389_addr           (getelementptr    ) [ 000]
fb_390_addr           (getelementptr    ) [ 000]
fb_391_addr           (getelementptr    ) [ 000]
fb_392_addr           (getelementptr    ) [ 000]
fb_393_addr           (getelementptr    ) [ 000]
fb_394_addr           (getelementptr    ) [ 000]
fb_395_addr           (getelementptr    ) [ 000]
fb_396_addr           (getelementptr    ) [ 000]
fb_397_addr           (getelementptr    ) [ 000]
fb_398_addr           (getelementptr    ) [ 000]
fb_399_addr           (getelementptr    ) [ 000]
fb_400_addr           (getelementptr    ) [ 000]
fb_401_addr           (getelementptr    ) [ 000]
fb_402_addr           (getelementptr    ) [ 000]
fb_403_addr           (getelementptr    ) [ 000]
fb_404_addr           (getelementptr    ) [ 000]
fb_405_addr           (getelementptr    ) [ 000]
fb_406_addr           (getelementptr    ) [ 000]
fb_407_addr           (getelementptr    ) [ 000]
fb_408_addr           (getelementptr    ) [ 000]
fb_409_addr           (getelementptr    ) [ 000]
fb_410_addr           (getelementptr    ) [ 000]
fb_411_addr           (getelementptr    ) [ 000]
fb_412_addr           (getelementptr    ) [ 000]
fb_413_addr           (getelementptr    ) [ 000]
fb_414_addr           (getelementptr    ) [ 000]
fb_415_addr           (getelementptr    ) [ 000]
fb_416_addr           (getelementptr    ) [ 000]
fb_417_addr           (getelementptr    ) [ 000]
fb_418_addr           (getelementptr    ) [ 000]
fb_419_addr           (getelementptr    ) [ 000]
fb_420_addr           (getelementptr    ) [ 000]
fb_421_addr           (getelementptr    ) [ 000]
fb_422_addr           (getelementptr    ) [ 000]
fb_423_addr           (getelementptr    ) [ 000]
fb_424_addr           (getelementptr    ) [ 000]
fb_425_addr           (getelementptr    ) [ 000]
fb_426_addr           (getelementptr    ) [ 000]
fb_427_addr           (getelementptr    ) [ 000]
fb_428_addr           (getelementptr    ) [ 000]
fb_429_addr           (getelementptr    ) [ 000]
fb_430_addr           (getelementptr    ) [ 000]
specpipeline_ln48     (specpipeline     ) [ 000]
s1_read               (read             ) [ 000]
a                     (trunc            ) [ 000]
a_12                  (partselect       ) [ 000]
a_13                  (partselect       ) [ 000]
a_14                  (partselect       ) [ 000]
a_15                  (partselect       ) [ 000]
a_16                  (partselect       ) [ 000]
a_17                  (partselect       ) [ 000]
a_18                  (partselect       ) [ 000]
a_19                  (partselect       ) [ 000]
a_20                  (partselect       ) [ 000]
a_21                  (partselect       ) [ 000]
a_22                  (partselect       ) [ 000]
switch_ln55           (switch           ) [ 000]
store_ln55            (store            ) [ 000]
store_ln55            (store            ) [ 000]
store_ln55            (store            ) [ 000]
store_ln55            (store            ) [ 000]
store_ln55            (store            ) [ 000]
store_ln55            (store            ) [ 000]
store_ln55            (store            ) [ 000]
store_ln55            (store            ) [ 000]
store_ln55            (store            ) [ 000]
store_ln55            (store            ) [ 000]
store_ln55            (store            ) [ 000]
store_ln55            (store            ) [ 000]
br_ln55               (br               ) [ 000]
store_ln55            (store            ) [ 000]
store_ln55            (store            ) [ 000]
store_ln55            (store            ) [ 000]
store_ln55            (store            ) [ 000]
store_ln55            (store            ) [ 000]
store_ln55            (store            ) [ 000]
store_ln55            (store            ) [ 000]
store_ln55            (store            ) [ 000]
store_ln55            (store            ) [ 000]
store_ln55            (store            ) [ 000]
store_ln55            (store            ) [ 000]
store_ln55            (store            ) [ 000]
br_ln55               (br               ) [ 000]
store_ln55            (store            ) [ 000]
store_ln55            (store            ) [ 000]
store_ln55            (store            ) [ 000]
store_ln55            (store            ) [ 000]
store_ln55            (store            ) [ 000]
store_ln55            (store            ) [ 000]
store_ln55            (store            ) [ 000]
store_ln55            (store            ) [ 000]
store_ln55            (store            ) [ 000]
store_ln55            (store            ) [ 000]
store_ln55            (store            ) [ 000]
store_ln55            (store            ) [ 000]
br_ln55               (br               ) [ 000]
store_ln55            (store            ) [ 000]
store_ln55            (store            ) [ 000]
store_ln55            (store            ) [ 000]
store_ln55            (store            ) [ 000]
store_ln55            (store            ) [ 000]
store_ln55            (store            ) [ 000]
store_ln55            (store            ) [ 000]
store_ln55            (store            ) [ 000]
store_ln55            (store            ) [ 000]
store_ln55            (store            ) [ 000]
store_ln55            (store            ) [ 000]
store_ln55            (store            ) [ 000]
br_ln55               (br               ) [ 000]
store_ln55            (store            ) [ 000]
store_ln55            (store            ) [ 000]
store_ln55            (store            ) [ 000]
store_ln55            (store            ) [ 000]
store_ln55            (store            ) [ 000]
store_ln55            (store            ) [ 000]
store_ln55            (store            ) [ 000]
store_ln55            (store            ) [ 000]
store_ln55            (store            ) [ 000]
store_ln55            (store            ) [ 000]
store_ln55            (store            ) [ 000]
store_ln55            (store            ) [ 000]
br_ln55               (br               ) [ 000]
store_ln55            (store            ) [ 000]
store_ln55            (store            ) [ 000]
store_ln55            (store            ) [ 000]
store_ln55            (store            ) [ 000]
store_ln55            (store            ) [ 000]
store_ln55            (store            ) [ 000]
store_ln55            (store            ) [ 000]
store_ln55            (store            ) [ 000]
store_ln55            (store            ) [ 000]
store_ln55            (store            ) [ 000]
store_ln55            (store            ) [ 000]
store_ln55            (store            ) [ 000]
br_ln55               (br               ) [ 000]
switch_ln55           (switch           ) [ 000]
store_ln55            (store            ) [ 000]
store_ln55            (store            ) [ 000]
store_ln55            (store            ) [ 000]
store_ln55            (store            ) [ 000]
store_ln55            (store            ) [ 000]
store_ln55            (store            ) [ 000]
store_ln55            (store            ) [ 000]
store_ln55            (store            ) [ 000]
store_ln55            (store            ) [ 000]
store_ln55            (store            ) [ 000]
store_ln55            (store            ) [ 000]
store_ln55            (store            ) [ 000]
br_ln55               (br               ) [ 000]
store_ln55            (store            ) [ 000]
store_ln55            (store            ) [ 000]
store_ln55            (store            ) [ 000]
store_ln55            (store            ) [ 000]
store_ln55            (store            ) [ 000]
store_ln55            (store            ) [ 000]
store_ln55            (store            ) [ 000]
store_ln55            (store            ) [ 000]
store_ln55            (store            ) [ 000]
store_ln55            (store            ) [ 000]
store_ln55            (store            ) [ 000]
store_ln55            (store            ) [ 000]
br_ln55               (br               ) [ 000]
store_ln55            (store            ) [ 000]
store_ln55            (store            ) [ 000]
store_ln55            (store            ) [ 000]
store_ln55            (store            ) [ 000]
store_ln55            (store            ) [ 000]
store_ln55            (store            ) [ 000]
store_ln55            (store            ) [ 000]
store_ln55            (store            ) [ 000]
store_ln55            (store            ) [ 000]
store_ln55            (store            ) [ 000]
store_ln55            (store            ) [ 000]
store_ln55            (store            ) [ 000]
br_ln55               (br               ) [ 000]
store_ln55            (store            ) [ 000]
store_ln55            (store            ) [ 000]
store_ln55            (store            ) [ 000]
store_ln55            (store            ) [ 000]
store_ln55            (store            ) [ 000]
store_ln55            (store            ) [ 000]
store_ln55            (store            ) [ 000]
store_ln55            (store            ) [ 000]
store_ln55            (store            ) [ 000]
store_ln55            (store            ) [ 000]
store_ln55            (store            ) [ 000]
store_ln55            (store            ) [ 000]
br_ln55               (br               ) [ 000]
store_ln55            (store            ) [ 000]
store_ln55            (store            ) [ 000]
store_ln55            (store            ) [ 000]
store_ln55            (store            ) [ 000]
store_ln55            (store            ) [ 000]
store_ln55            (store            ) [ 000]
store_ln55            (store            ) [ 000]
store_ln55            (store            ) [ 000]
store_ln55            (store            ) [ 000]
store_ln55            (store            ) [ 000]
store_ln55            (store            ) [ 000]
store_ln55            (store            ) [ 000]
br_ln55               (br               ) [ 000]
store_ln55            (store            ) [ 000]
store_ln55            (store            ) [ 000]
store_ln55            (store            ) [ 000]
store_ln55            (store            ) [ 000]
store_ln55            (store            ) [ 000]
store_ln55            (store            ) [ 000]
store_ln55            (store            ) [ 000]
store_ln55            (store            ) [ 000]
store_ln55            (store            ) [ 000]
store_ln55            (store            ) [ 000]
store_ln55            (store            ) [ 000]
store_ln55            (store            ) [ 000]
br_ln55               (br               ) [ 000]
switch_ln55           (switch           ) [ 000]
store_ln55            (store            ) [ 000]
store_ln55            (store            ) [ 000]
store_ln55            (store            ) [ 000]
store_ln55            (store            ) [ 000]
store_ln55            (store            ) [ 000]
store_ln55            (store            ) [ 000]
store_ln55            (store            ) [ 000]
store_ln55            (store            ) [ 000]
store_ln55            (store            ) [ 000]
store_ln55            (store            ) [ 000]
store_ln55            (store            ) [ 000]
store_ln55            (store            ) [ 000]
br_ln55               (br               ) [ 000]
store_ln55            (store            ) [ 000]
store_ln55            (store            ) [ 000]
store_ln55            (store            ) [ 000]
store_ln55            (store            ) [ 000]
store_ln55            (store            ) [ 000]
store_ln55            (store            ) [ 000]
store_ln55            (store            ) [ 000]
store_ln55            (store            ) [ 000]
store_ln55            (store            ) [ 000]
store_ln55            (store            ) [ 000]
store_ln55            (store            ) [ 000]
store_ln55            (store            ) [ 000]
br_ln55               (br               ) [ 000]
store_ln55            (store            ) [ 000]
store_ln55            (store            ) [ 000]
store_ln55            (store            ) [ 000]
store_ln55            (store            ) [ 000]
store_ln55            (store            ) [ 000]
store_ln55            (store            ) [ 000]
store_ln55            (store            ) [ 000]
store_ln55            (store            ) [ 000]
store_ln55            (store            ) [ 000]
store_ln55            (store            ) [ 000]
store_ln55            (store            ) [ 000]
store_ln55            (store            ) [ 000]
br_ln55               (br               ) [ 000]
store_ln55            (store            ) [ 000]
store_ln55            (store            ) [ 000]
store_ln55            (store            ) [ 000]
store_ln55            (store            ) [ 000]
store_ln55            (store            ) [ 000]
store_ln55            (store            ) [ 000]
store_ln55            (store            ) [ 000]
store_ln55            (store            ) [ 000]
store_ln55            (store            ) [ 000]
store_ln55            (store            ) [ 000]
store_ln55            (store            ) [ 000]
store_ln55            (store            ) [ 000]
br_ln55               (br               ) [ 000]
store_ln55            (store            ) [ 000]
store_ln55            (store            ) [ 000]
store_ln55            (store            ) [ 000]
store_ln55            (store            ) [ 000]
store_ln55            (store            ) [ 000]
store_ln55            (store            ) [ 000]
store_ln55            (store            ) [ 000]
store_ln55            (store            ) [ 000]
store_ln55            (store            ) [ 000]
store_ln55            (store            ) [ 000]
store_ln55            (store            ) [ 000]
store_ln55            (store            ) [ 000]
br_ln55               (br               ) [ 000]
store_ln55            (store            ) [ 000]
store_ln55            (store            ) [ 000]
store_ln55            (store            ) [ 000]
store_ln55            (store            ) [ 000]
store_ln55            (store            ) [ 000]
store_ln55            (store            ) [ 000]
store_ln55            (store            ) [ 000]
store_ln55            (store            ) [ 000]
store_ln55            (store            ) [ 000]
store_ln55            (store            ) [ 000]
store_ln55            (store            ) [ 000]
store_ln55            (store            ) [ 000]
br_ln55               (br               ) [ 000]
add_ln47              (add              ) [ 000]
store_ln46            (store            ) [ 000]
store_ln50            (store            ) [ 000]
br_ln47               (br               ) [ 000]
ret_ln0               (ret              ) [ 000]
</LifeTime>

<model>

<comp_list>
<comp id="0" class="1000" name="fb">
<pin_list>
<pin id="1" dir="1" index="0" bw="1" slack="0"/>
</pin_list>
<bind>
<StgValue><ssdm name="fb"/><MemPortTyVec>0 3 </MemPortTyVec>
</StgValue>
</bind>
</comp>

<comp id="2" class="1000" name="fb_216">
<pin_list>
<pin id="3" dir="1" index="0" bw="1" slack="0"/>
</pin_list>
<bind>
<StgValue><ssdm name="fb_216"/><MemPortTyVec>0 3 </MemPortTyVec>
</StgValue>
</bind>
</comp>

<comp id="4" class="1000" name="fb_217">
<pin_list>
<pin id="5" dir="1" index="0" bw="1" slack="0"/>
</pin_list>
<bind>
<StgValue><ssdm name="fb_217"/><MemPortTyVec>0 3 </MemPortTyVec>
</StgValue>
</bind>
</comp>

<comp id="6" class="1000" name="fb_218">
<pin_list>
<pin id="7" dir="1" index="0" bw="1" slack="0"/>
</pin_list>
<bind>
<StgValue><ssdm name="fb_218"/><MemPortTyVec>0 3 </MemPortTyVec>
</StgValue>
</bind>
</comp>

<comp id="8" class="1000" name="fb_219">
<pin_list>
<pin id="9" dir="1" index="0" bw="1" slack="0"/>
</pin_list>
<bind>
<StgValue><ssdm name="fb_219"/><MemPortTyVec>0 3 </MemPortTyVec>
</StgValue>
</bind>
</comp>

<comp id="10" class="1000" name="fb_220">
<pin_list>
<pin id="11" dir="1" index="0" bw="1" slack="0"/>
</pin_list>
<bind>
<StgValue><ssdm name="fb_220"/><MemPortTyVec>0 3 </MemPortTyVec>
</StgValue>
</bind>
</comp>

<comp id="12" class="1000" name="fb_221">
<pin_list>
<pin id="13" dir="1" index="0" bw="1" slack="0"/>
</pin_list>
<bind>
<StgValue><ssdm name="fb_221"/><MemPortTyVec>0 3 </MemPortTyVec>
</StgValue>
</bind>
</comp>

<comp id="14" class="1000" name="fb_222">
<pin_list>
<pin id="15" dir="1" index="0" bw="1" slack="0"/>
</pin_list>
<bind>
<StgValue><ssdm name="fb_222"/><MemPortTyVec>0 3 </MemPortTyVec>
</StgValue>
</bind>
</comp>

<comp id="16" class="1000" name="fb_223">
<pin_list>
<pin id="17" dir="1" index="0" bw="1" slack="0"/>
</pin_list>
<bind>
<StgValue><ssdm name="fb_223"/><MemPortTyVec>0 3 </MemPortTyVec>
</StgValue>
</bind>
</comp>

<comp id="18" class="1000" name="fb_224">
<pin_list>
<pin id="19" dir="1" index="0" bw="1" slack="0"/>
</pin_list>
<bind>
<StgValue><ssdm name="fb_224"/><MemPortTyVec>0 3 </MemPortTyVec>
</StgValue>
</bind>
</comp>

<comp id="20" class="1000" name="fb_225">
<pin_list>
<pin id="21" dir="1" index="0" bw="1" slack="0"/>
</pin_list>
<bind>
<StgValue><ssdm name="fb_225"/><MemPortTyVec>0 3 </MemPortTyVec>
</StgValue>
</bind>
</comp>

<comp id="22" class="1000" name="fb_226">
<pin_list>
<pin id="23" dir="1" index="0" bw="1" slack="0"/>
</pin_list>
<bind>
<StgValue><ssdm name="fb_226"/><MemPortTyVec>0 3 </MemPortTyVec>
</StgValue>
</bind>
</comp>

<comp id="24" class="1000" name="fb_227">
<pin_list>
<pin id="25" dir="1" index="0" bw="1" slack="0"/>
</pin_list>
<bind>
<StgValue><ssdm name="fb_227"/><MemPortTyVec>0 3 </MemPortTyVec>
</StgValue>
</bind>
</comp>

<comp id="26" class="1000" name="fb_228">
<pin_list>
<pin id="27" dir="1" index="0" bw="1" slack="0"/>
</pin_list>
<bind>
<StgValue><ssdm name="fb_228"/><MemPortTyVec>0 3 </MemPortTyVec>
</StgValue>
</bind>
</comp>

<comp id="28" class="1000" name="fb_229">
<pin_list>
<pin id="29" dir="1" index="0" bw="1" slack="0"/>
</pin_list>
<bind>
<StgValue><ssdm name="fb_229"/><MemPortTyVec>0 3 </MemPortTyVec>
</StgValue>
</bind>
</comp>

<comp id="30" class="1000" name="fb_230">
<pin_list>
<pin id="31" dir="1" index="0" bw="1" slack="0"/>
</pin_list>
<bind>
<StgValue><ssdm name="fb_230"/><MemPortTyVec>0 3 </MemPortTyVec>
</StgValue>
</bind>
</comp>

<comp id="32" class="1000" name="fb_231">
<pin_list>
<pin id="33" dir="1" index="0" bw="1" slack="0"/>
</pin_list>
<bind>
<StgValue><ssdm name="fb_231"/><MemPortTyVec>0 3 </MemPortTyVec>
</StgValue>
</bind>
</comp>

<comp id="34" class="1000" name="fb_232">
<pin_list>
<pin id="35" dir="1" index="0" bw="1" slack="0"/>
</pin_list>
<bind>
<StgValue><ssdm name="fb_232"/><MemPortTyVec>0 3 </MemPortTyVec>
</StgValue>
</bind>
</comp>

<comp id="36" class="1000" name="fb_233">
<pin_list>
<pin id="37" dir="1" index="0" bw="1" slack="0"/>
</pin_list>
<bind>
<StgValue><ssdm name="fb_233"/><MemPortTyVec>0 3 </MemPortTyVec>
</StgValue>
</bind>
</comp>

<comp id="38" class="1000" name="fb_234">
<pin_list>
<pin id="39" dir="1" index="0" bw="1" slack="0"/>
</pin_list>
<bind>
<StgValue><ssdm name="fb_234"/><MemPortTyVec>0 3 </MemPortTyVec>
</StgValue>
</bind>
</comp>

<comp id="40" class="1000" name="fb_235">
<pin_list>
<pin id="41" dir="1" index="0" bw="1" slack="0"/>
</pin_list>
<bind>
<StgValue><ssdm name="fb_235"/><MemPortTyVec>0 3 </MemPortTyVec>
</StgValue>
</bind>
</comp>

<comp id="42" class="1000" name="fb_236">
<pin_list>
<pin id="43" dir="1" index="0" bw="1" slack="0"/>
</pin_list>
<bind>
<StgValue><ssdm name="fb_236"/><MemPortTyVec>0 3 </MemPortTyVec>
</StgValue>
</bind>
</comp>

<comp id="44" class="1000" name="fb_237">
<pin_list>
<pin id="45" dir="1" index="0" bw="1" slack="0"/>
</pin_list>
<bind>
<StgValue><ssdm name="fb_237"/><MemPortTyVec>0 3 </MemPortTyVec>
</StgValue>
</bind>
</comp>

<comp id="46" class="1000" name="fb_238">
<pin_list>
<pin id="47" dir="1" index="0" bw="1" slack="0"/>
</pin_list>
<bind>
<StgValue><ssdm name="fb_238"/><MemPortTyVec>0 3 </MemPortTyVec>
</StgValue>
</bind>
</comp>

<comp id="48" class="1000" name="fb_239">
<pin_list>
<pin id="49" dir="1" index="0" bw="1" slack="0"/>
</pin_list>
<bind>
<StgValue><ssdm name="fb_239"/><MemPortTyVec>0 3 </MemPortTyVec>
</StgValue>
</bind>
</comp>

<comp id="50" class="1000" name="fb_240">
<pin_list>
<pin id="51" dir="1" index="0" bw="1" slack="0"/>
</pin_list>
<bind>
<StgValue><ssdm name="fb_240"/><MemPortTyVec>0 3 </MemPortTyVec>
</StgValue>
</bind>
</comp>

<comp id="52" class="1000" name="fb_241">
<pin_list>
<pin id="53" dir="1" index="0" bw="1" slack="0"/>
</pin_list>
<bind>
<StgValue><ssdm name="fb_241"/><MemPortTyVec>0 3 </MemPortTyVec>
</StgValue>
</bind>
</comp>

<comp id="54" class="1000" name="fb_242">
<pin_list>
<pin id="55" dir="1" index="0" bw="1" slack="0"/>
</pin_list>
<bind>
<StgValue><ssdm name="fb_242"/><MemPortTyVec>0 3 </MemPortTyVec>
</StgValue>
</bind>
</comp>

<comp id="56" class="1000" name="fb_243">
<pin_list>
<pin id="57" dir="1" index="0" bw="1" slack="0"/>
</pin_list>
<bind>
<StgValue><ssdm name="fb_243"/><MemPortTyVec>0 3 </MemPortTyVec>
</StgValue>
</bind>
</comp>

<comp id="58" class="1000" name="fb_244">
<pin_list>
<pin id="59" dir="1" index="0" bw="1" slack="0"/>
</pin_list>
<bind>
<StgValue><ssdm name="fb_244"/><MemPortTyVec>0 3 </MemPortTyVec>
</StgValue>
</bind>
</comp>

<comp id="60" class="1000" name="fb_245">
<pin_list>
<pin id="61" dir="1" index="0" bw="1" slack="0"/>
</pin_list>
<bind>
<StgValue><ssdm name="fb_245"/><MemPortTyVec>0 3 </MemPortTyVec>
</StgValue>
</bind>
</comp>

<comp id="62" class="1000" name="fb_246">
<pin_list>
<pin id="63" dir="1" index="0" bw="1" slack="0"/>
</pin_list>
<bind>
<StgValue><ssdm name="fb_246"/><MemPortTyVec>0 3 </MemPortTyVec>
</StgValue>
</bind>
</comp>

<comp id="64" class="1000" name="fb_247">
<pin_list>
<pin id="65" dir="1" index="0" bw="1" slack="0"/>
</pin_list>
<bind>
<StgValue><ssdm name="fb_247"/><MemPortTyVec>0 3 </MemPortTyVec>
</StgValue>
</bind>
</comp>

<comp id="66" class="1000" name="fb_248">
<pin_list>
<pin id="67" dir="1" index="0" bw="1" slack="0"/>
</pin_list>
<bind>
<StgValue><ssdm name="fb_248"/><MemPortTyVec>0 3 </MemPortTyVec>
</StgValue>
</bind>
</comp>

<comp id="68" class="1000" name="fb_249">
<pin_list>
<pin id="69" dir="1" index="0" bw="1" slack="0"/>
</pin_list>
<bind>
<StgValue><ssdm name="fb_249"/><MemPortTyVec>0 3 </MemPortTyVec>
</StgValue>
</bind>
</comp>

<comp id="70" class="1000" name="fb_250">
<pin_list>
<pin id="71" dir="1" index="0" bw="1" slack="0"/>
</pin_list>
<bind>
<StgValue><ssdm name="fb_250"/><MemPortTyVec>0 3 </MemPortTyVec>
</StgValue>
</bind>
</comp>

<comp id="72" class="1000" name="fb_251">
<pin_list>
<pin id="73" dir="1" index="0" bw="1" slack="0"/>
</pin_list>
<bind>
<StgValue><ssdm name="fb_251"/><MemPortTyVec>0 3 </MemPortTyVec>
</StgValue>
</bind>
</comp>

<comp id="74" class="1000" name="fb_252">
<pin_list>
<pin id="75" dir="1" index="0" bw="1" slack="0"/>
</pin_list>
<bind>
<StgValue><ssdm name="fb_252"/><MemPortTyVec>0 3 </MemPortTyVec>
</StgValue>
</bind>
</comp>

<comp id="76" class="1000" name="fb_253">
<pin_list>
<pin id="77" dir="1" index="0" bw="1" slack="0"/>
</pin_list>
<bind>
<StgValue><ssdm name="fb_253"/><MemPortTyVec>0 3 </MemPortTyVec>
</StgValue>
</bind>
</comp>

<comp id="78" class="1000" name="fb_254">
<pin_list>
<pin id="79" dir="1" index="0" bw="1" slack="0"/>
</pin_list>
<bind>
<StgValue><ssdm name="fb_254"/><MemPortTyVec>0 3 </MemPortTyVec>
</StgValue>
</bind>
</comp>

<comp id="80" class="1000" name="fb_255">
<pin_list>
<pin id="81" dir="1" index="0" bw="1" slack="0"/>
</pin_list>
<bind>
<StgValue><ssdm name="fb_255"/><MemPortTyVec>0 3 </MemPortTyVec>
</StgValue>
</bind>
</comp>

<comp id="82" class="1000" name="fb_256">
<pin_list>
<pin id="83" dir="1" index="0" bw="1" slack="0"/>
</pin_list>
<bind>
<StgValue><ssdm name="fb_256"/><MemPortTyVec>0 3 </MemPortTyVec>
</StgValue>
</bind>
</comp>

<comp id="84" class="1000" name="fb_257">
<pin_list>
<pin id="85" dir="1" index="0" bw="1" slack="0"/>
</pin_list>
<bind>
<StgValue><ssdm name="fb_257"/><MemPortTyVec>0 3 </MemPortTyVec>
</StgValue>
</bind>
</comp>

<comp id="86" class="1000" name="fb_258">
<pin_list>
<pin id="87" dir="1" index="0" bw="1" slack="0"/>
</pin_list>
<bind>
<StgValue><ssdm name="fb_258"/><MemPortTyVec>0 3 </MemPortTyVec>
</StgValue>
</bind>
</comp>

<comp id="88" class="1000" name="fb_259">
<pin_list>
<pin id="89" dir="1" index="0" bw="1" slack="0"/>
</pin_list>
<bind>
<StgValue><ssdm name="fb_259"/><MemPortTyVec>0 3 </MemPortTyVec>
</StgValue>
</bind>
</comp>

<comp id="90" class="1000" name="fb_260">
<pin_list>
<pin id="91" dir="1" index="0" bw="1" slack="0"/>
</pin_list>
<bind>
<StgValue><ssdm name="fb_260"/><MemPortTyVec>0 3 </MemPortTyVec>
</StgValue>
</bind>
</comp>

<comp id="92" class="1000" name="fb_261">
<pin_list>
<pin id="93" dir="1" index="0" bw="1" slack="0"/>
</pin_list>
<bind>
<StgValue><ssdm name="fb_261"/><MemPortTyVec>0 3 </MemPortTyVec>
</StgValue>
</bind>
</comp>

<comp id="94" class="1000" name="fb_262">
<pin_list>
<pin id="95" dir="1" index="0" bw="1" slack="0"/>
</pin_list>
<bind>
<StgValue><ssdm name="fb_262"/><MemPortTyVec>0 3 </MemPortTyVec>
</StgValue>
</bind>
</comp>

<comp id="96" class="1000" name="fb_263">
<pin_list>
<pin id="97" dir="1" index="0" bw="1" slack="0"/>
</pin_list>
<bind>
<StgValue><ssdm name="fb_263"/><MemPortTyVec>0 3 </MemPortTyVec>
</StgValue>
</bind>
</comp>

<comp id="98" class="1000" name="fb_264">
<pin_list>
<pin id="99" dir="1" index="0" bw="1" slack="0"/>
</pin_list>
<bind>
<StgValue><ssdm name="fb_264"/><MemPortTyVec>0 3 </MemPortTyVec>
</StgValue>
</bind>
</comp>

<comp id="100" class="1000" name="fb_265">
<pin_list>
<pin id="101" dir="1" index="0" bw="1" slack="0"/>
</pin_list>
<bind>
<StgValue><ssdm name="fb_265"/><MemPortTyVec>0 3 </MemPortTyVec>
</StgValue>
</bind>
</comp>

<comp id="102" class="1000" name="fb_266">
<pin_list>
<pin id="103" dir="1" index="0" bw="1" slack="0"/>
</pin_list>
<bind>
<StgValue><ssdm name="fb_266"/><MemPortTyVec>0 3 </MemPortTyVec>
</StgValue>
</bind>
</comp>

<comp id="104" class="1000" name="fb_267">
<pin_list>
<pin id="105" dir="1" index="0" bw="1" slack="0"/>
</pin_list>
<bind>
<StgValue><ssdm name="fb_267"/><MemPortTyVec>0 3 </MemPortTyVec>
</StgValue>
</bind>
</comp>

<comp id="106" class="1000" name="fb_268">
<pin_list>
<pin id="107" dir="1" index="0" bw="1" slack="0"/>
</pin_list>
<bind>
<StgValue><ssdm name="fb_268"/><MemPortTyVec>0 3 </MemPortTyVec>
</StgValue>
</bind>
</comp>

<comp id="108" class="1000" name="fb_269">
<pin_list>
<pin id="109" dir="1" index="0" bw="1" slack="0"/>
</pin_list>
<bind>
<StgValue><ssdm name="fb_269"/><MemPortTyVec>0 3 </MemPortTyVec>
</StgValue>
</bind>
</comp>

<comp id="110" class="1000" name="fb_270">
<pin_list>
<pin id="111" dir="1" index="0" bw="1" slack="0"/>
</pin_list>
<bind>
<StgValue><ssdm name="fb_270"/><MemPortTyVec>0 3 </MemPortTyVec>
</StgValue>
</bind>
</comp>

<comp id="112" class="1000" name="fb_271">
<pin_list>
<pin id="113" dir="1" index="0" bw="1" slack="0"/>
</pin_list>
<bind>
<StgValue><ssdm name="fb_271"/><MemPortTyVec>0 3 </MemPortTyVec>
</StgValue>
</bind>
</comp>

<comp id="114" class="1000" name="fb_272">
<pin_list>
<pin id="115" dir="1" index="0" bw="1" slack="0"/>
</pin_list>
<bind>
<StgValue><ssdm name="fb_272"/><MemPortTyVec>0 3 </MemPortTyVec>
</StgValue>
</bind>
</comp>

<comp id="116" class="1000" name="fb_273">
<pin_list>
<pin id="117" dir="1" index="0" bw="1" slack="0"/>
</pin_list>
<bind>
<StgValue><ssdm name="fb_273"/><MemPortTyVec>0 3 </MemPortTyVec>
</StgValue>
</bind>
</comp>

<comp id="118" class="1000" name="fb_274">
<pin_list>
<pin id="119" dir="1" index="0" bw="1" slack="0"/>
</pin_list>
<bind>
<StgValue><ssdm name="fb_274"/><MemPortTyVec>0 3 </MemPortTyVec>
</StgValue>
</bind>
</comp>

<comp id="120" class="1000" name="fb_275">
<pin_list>
<pin id="121" dir="1" index="0" bw="1" slack="0"/>
</pin_list>
<bind>
<StgValue><ssdm name="fb_275"/><MemPortTyVec>0 3 </MemPortTyVec>
</StgValue>
</bind>
</comp>

<comp id="122" class="1000" name="fb_276">
<pin_list>
<pin id="123" dir="1" index="0" bw="1" slack="0"/>
</pin_list>
<bind>
<StgValue><ssdm name="fb_276"/><MemPortTyVec>0 3 </MemPortTyVec>
</StgValue>
</bind>
</comp>

<comp id="124" class="1000" name="fb_277">
<pin_list>
<pin id="125" dir="1" index="0" bw="1" slack="0"/>
</pin_list>
<bind>
<StgValue><ssdm name="fb_277"/><MemPortTyVec>0 3 </MemPortTyVec>
</StgValue>
</bind>
</comp>

<comp id="126" class="1000" name="fb_278">
<pin_list>
<pin id="127" dir="1" index="0" bw="1" slack="0"/>
</pin_list>
<bind>
<StgValue><ssdm name="fb_278"/><MemPortTyVec>0 3 </MemPortTyVec>
</StgValue>
</bind>
</comp>

<comp id="128" class="1000" name="fb_279">
<pin_list>
<pin id="129" dir="1" index="0" bw="1" slack="0"/>
</pin_list>
<bind>
<StgValue><ssdm name="fb_279"/><MemPortTyVec>0 3 </MemPortTyVec>
</StgValue>
</bind>
</comp>

<comp id="130" class="1000" name="fb_280">
<pin_list>
<pin id="131" dir="1" index="0" bw="1" slack="0"/>
</pin_list>
<bind>
<StgValue><ssdm name="fb_280"/><MemPortTyVec>0 3 </MemPortTyVec>
</StgValue>
</bind>
</comp>

<comp id="132" class="1000" name="fb_281">
<pin_list>
<pin id="133" dir="1" index="0" bw="1" slack="0"/>
</pin_list>
<bind>
<StgValue><ssdm name="fb_281"/><MemPortTyVec>0 3 </MemPortTyVec>
</StgValue>
</bind>
</comp>

<comp id="134" class="1000" name="fb_282">
<pin_list>
<pin id="135" dir="1" index="0" bw="1" slack="0"/>
</pin_list>
<bind>
<StgValue><ssdm name="fb_282"/><MemPortTyVec>0 3 </MemPortTyVec>
</StgValue>
</bind>
</comp>

<comp id="136" class="1000" name="fb_283">
<pin_list>
<pin id="137" dir="1" index="0" bw="1" slack="0"/>
</pin_list>
<bind>
<StgValue><ssdm name="fb_283"/><MemPortTyVec>0 3 </MemPortTyVec>
</StgValue>
</bind>
</comp>

<comp id="138" class="1000" name="fb_284">
<pin_list>
<pin id="139" dir="1" index="0" bw="1" slack="0"/>
</pin_list>
<bind>
<StgValue><ssdm name="fb_284"/><MemPortTyVec>0 3 </MemPortTyVec>
</StgValue>
</bind>
</comp>

<comp id="140" class="1000" name="fb_285">
<pin_list>
<pin id="141" dir="1" index="0" bw="1" slack="0"/>
</pin_list>
<bind>
<StgValue><ssdm name="fb_285"/><MemPortTyVec>0 3 </MemPortTyVec>
</StgValue>
</bind>
</comp>

<comp id="142" class="1000" name="fb_286">
<pin_list>
<pin id="143" dir="1" index="0" bw="1" slack="0"/>
</pin_list>
<bind>
<StgValue><ssdm name="fb_286"/><MemPortTyVec>0 3 </MemPortTyVec>
</StgValue>
</bind>
</comp>

<comp id="144" class="1000" name="fb_287">
<pin_list>
<pin id="145" dir="1" index="0" bw="1" slack="0"/>
</pin_list>
<bind>
<StgValue><ssdm name="fb_287"/><MemPortTyVec>0 3 </MemPortTyVec>
</StgValue>
</bind>
</comp>

<comp id="146" class="1000" name="fb_288">
<pin_list>
<pin id="147" dir="1" index="0" bw="1" slack="0"/>
</pin_list>
<bind>
<StgValue><ssdm name="fb_288"/><MemPortTyVec>0 3 </MemPortTyVec>
</StgValue>
</bind>
</comp>

<comp id="148" class="1000" name="fb_289">
<pin_list>
<pin id="149" dir="1" index="0" bw="1" slack="0"/>
</pin_list>
<bind>
<StgValue><ssdm name="fb_289"/><MemPortTyVec>0 3 </MemPortTyVec>
</StgValue>
</bind>
</comp>

<comp id="150" class="1000" name="fb_290">
<pin_list>
<pin id="151" dir="1" index="0" bw="1" slack="0"/>
</pin_list>
<bind>
<StgValue><ssdm name="fb_290"/><MemPortTyVec>0 3 </MemPortTyVec>
</StgValue>
</bind>
</comp>

<comp id="152" class="1000" name="fb_291">
<pin_list>
<pin id="153" dir="1" index="0" bw="1" slack="0"/>
</pin_list>
<bind>
<StgValue><ssdm name="fb_291"/><MemPortTyVec>0 3 </MemPortTyVec>
</StgValue>
</bind>
</comp>

<comp id="154" class="1000" name="fb_292">
<pin_list>
<pin id="155" dir="1" index="0" bw="1" slack="0"/>
</pin_list>
<bind>
<StgValue><ssdm name="fb_292"/><MemPortTyVec>0 3 </MemPortTyVec>
</StgValue>
</bind>
</comp>

<comp id="156" class="1000" name="fb_293">
<pin_list>
<pin id="157" dir="1" index="0" bw="1" slack="0"/>
</pin_list>
<bind>
<StgValue><ssdm name="fb_293"/><MemPortTyVec>0 3 </MemPortTyVec>
</StgValue>
</bind>
</comp>

<comp id="158" class="1000" name="fb_294">
<pin_list>
<pin id="159" dir="1" index="0" bw="1" slack="0"/>
</pin_list>
<bind>
<StgValue><ssdm name="fb_294"/><MemPortTyVec>0 3 </MemPortTyVec>
</StgValue>
</bind>
</comp>

<comp id="160" class="1000" name="fb_295">
<pin_list>
<pin id="161" dir="1" index="0" bw="1" slack="0"/>
</pin_list>
<bind>
<StgValue><ssdm name="fb_295"/><MemPortTyVec>0 3 </MemPortTyVec>
</StgValue>
</bind>
</comp>

<comp id="162" class="1000" name="fb_296">
<pin_list>
<pin id="163" dir="1" index="0" bw="1" slack="0"/>
</pin_list>
<bind>
<StgValue><ssdm name="fb_296"/><MemPortTyVec>0 3 </MemPortTyVec>
</StgValue>
</bind>
</comp>

<comp id="164" class="1000" name="fb_297">
<pin_list>
<pin id="165" dir="1" index="0" bw="1" slack="0"/>
</pin_list>
<bind>
<StgValue><ssdm name="fb_297"/><MemPortTyVec>0 3 </MemPortTyVec>
</StgValue>
</bind>
</comp>

<comp id="166" class="1000" name="fb_298">
<pin_list>
<pin id="167" dir="1" index="0" bw="1" slack="0"/>
</pin_list>
<bind>
<StgValue><ssdm name="fb_298"/><MemPortTyVec>0 3 </MemPortTyVec>
</StgValue>
</bind>
</comp>

<comp id="168" class="1000" name="fb_299">
<pin_list>
<pin id="169" dir="1" index="0" bw="1" slack="0"/>
</pin_list>
<bind>
<StgValue><ssdm name="fb_299"/><MemPortTyVec>0 3 </MemPortTyVec>
</StgValue>
</bind>
</comp>

<comp id="170" class="1000" name="fb_300">
<pin_list>
<pin id="171" dir="1" index="0" bw="1" slack="0"/>
</pin_list>
<bind>
<StgValue><ssdm name="fb_300"/><MemPortTyVec>0 3 </MemPortTyVec>
</StgValue>
</bind>
</comp>

<comp id="172" class="1000" name="fb_301">
<pin_list>
<pin id="173" dir="1" index="0" bw="1" slack="0"/>
</pin_list>
<bind>
<StgValue><ssdm name="fb_301"/><MemPortTyVec>0 3 </MemPortTyVec>
</StgValue>
</bind>
</comp>

<comp id="174" class="1000" name="fb_302">
<pin_list>
<pin id="175" dir="1" index="0" bw="1" slack="0"/>
</pin_list>
<bind>
<StgValue><ssdm name="fb_302"/><MemPortTyVec>0 3 </MemPortTyVec>
</StgValue>
</bind>
</comp>

<comp id="176" class="1000" name="fb_303">
<pin_list>
<pin id="177" dir="1" index="0" bw="1" slack="0"/>
</pin_list>
<bind>
<StgValue><ssdm name="fb_303"/><MemPortTyVec>0 3 </MemPortTyVec>
</StgValue>
</bind>
</comp>

<comp id="178" class="1000" name="fb_304">
<pin_list>
<pin id="179" dir="1" index="0" bw="1" slack="0"/>
</pin_list>
<bind>
<StgValue><ssdm name="fb_304"/><MemPortTyVec>0 3 </MemPortTyVec>
</StgValue>
</bind>
</comp>

<comp id="180" class="1000" name="fb_305">
<pin_list>
<pin id="181" dir="1" index="0" bw="1" slack="0"/>
</pin_list>
<bind>
<StgValue><ssdm name="fb_305"/><MemPortTyVec>0 3 </MemPortTyVec>
</StgValue>
</bind>
</comp>

<comp id="182" class="1000" name="fb_306">
<pin_list>
<pin id="183" dir="1" index="0" bw="1" slack="0"/>
</pin_list>
<bind>
<StgValue><ssdm name="fb_306"/><MemPortTyVec>0 3 </MemPortTyVec>
</StgValue>
</bind>
</comp>

<comp id="184" class="1000" name="fb_307">
<pin_list>
<pin id="185" dir="1" index="0" bw="1" slack="0"/>
</pin_list>
<bind>
<StgValue><ssdm name="fb_307"/><MemPortTyVec>0 3 </MemPortTyVec>
</StgValue>
</bind>
</comp>

<comp id="186" class="1000" name="fb_308">
<pin_list>
<pin id="187" dir="1" index="0" bw="1" slack="0"/>
</pin_list>
<bind>
<StgValue><ssdm name="fb_308"/><MemPortTyVec>0 3 </MemPortTyVec>
</StgValue>
</bind>
</comp>

<comp id="188" class="1000" name="fb_309">
<pin_list>
<pin id="189" dir="1" index="0" bw="1" slack="0"/>
</pin_list>
<bind>
<StgValue><ssdm name="fb_309"/><MemPortTyVec>0 3 </MemPortTyVec>
</StgValue>
</bind>
</comp>

<comp id="190" class="1000" name="fb_310">
<pin_list>
<pin id="191" dir="1" index="0" bw="1" slack="0"/>
</pin_list>
<bind>
<StgValue><ssdm name="fb_310"/><MemPortTyVec>0 3 </MemPortTyVec>
</StgValue>
</bind>
</comp>

<comp id="192" class="1000" name="fb_311">
<pin_list>
<pin id="193" dir="1" index="0" bw="1" slack="0"/>
</pin_list>
<bind>
<StgValue><ssdm name="fb_311"/><MemPortTyVec>0 3 </MemPortTyVec>
</StgValue>
</bind>
</comp>

<comp id="194" class="1000" name="fb_312">
<pin_list>
<pin id="195" dir="1" index="0" bw="1" slack="0"/>
</pin_list>
<bind>
<StgValue><ssdm name="fb_312"/><MemPortTyVec>0 3 </MemPortTyVec>
</StgValue>
</bind>
</comp>

<comp id="196" class="1000" name="fb_313">
<pin_list>
<pin id="197" dir="1" index="0" bw="1" slack="0"/>
</pin_list>
<bind>
<StgValue><ssdm name="fb_313"/><MemPortTyVec>0 3 </MemPortTyVec>
</StgValue>
</bind>
</comp>

<comp id="198" class="1000" name="fb_314">
<pin_list>
<pin id="199" dir="1" index="0" bw="1" slack="0"/>
</pin_list>
<bind>
<StgValue><ssdm name="fb_314"/><MemPortTyVec>0 3 </MemPortTyVec>
</StgValue>
</bind>
</comp>

<comp id="200" class="1000" name="fb_315">
<pin_list>
<pin id="201" dir="1" index="0" bw="1" slack="0"/>
</pin_list>
<bind>
<StgValue><ssdm name="fb_315"/><MemPortTyVec>0 3 </MemPortTyVec>
</StgValue>
</bind>
</comp>

<comp id="202" class="1000" name="fb_316">
<pin_list>
<pin id="203" dir="1" index="0" bw="1" slack="0"/>
</pin_list>
<bind>
<StgValue><ssdm name="fb_316"/><MemPortTyVec>0 3 </MemPortTyVec>
</StgValue>
</bind>
</comp>

<comp id="204" class="1000" name="fb_317">
<pin_list>
<pin id="205" dir="1" index="0" bw="1" slack="0"/>
</pin_list>
<bind>
<StgValue><ssdm name="fb_317"/><MemPortTyVec>0 3 </MemPortTyVec>
</StgValue>
</bind>
</comp>

<comp id="206" class="1000" name="fb_318">
<pin_list>
<pin id="207" dir="1" index="0" bw="1" slack="0"/>
</pin_list>
<bind>
<StgValue><ssdm name="fb_318"/><MemPortTyVec>0 3 </MemPortTyVec>
</StgValue>
</bind>
</comp>

<comp id="208" class="1000" name="fb_319">
<pin_list>
<pin id="209" dir="1" index="0" bw="1" slack="0"/>
</pin_list>
<bind>
<StgValue><ssdm name="fb_319"/><MemPortTyVec>0 3 </MemPortTyVec>
</StgValue>
</bind>
</comp>

<comp id="210" class="1000" name="fb_320">
<pin_list>
<pin id="211" dir="1" index="0" bw="1" slack="0"/>
</pin_list>
<bind>
<StgValue><ssdm name="fb_320"/><MemPortTyVec>0 3 </MemPortTyVec>
</StgValue>
</bind>
</comp>

<comp id="212" class="1000" name="fb_321">
<pin_list>
<pin id="213" dir="1" index="0" bw="1" slack="0"/>
</pin_list>
<bind>
<StgValue><ssdm name="fb_321"/><MemPortTyVec>0 3 </MemPortTyVec>
</StgValue>
</bind>
</comp>

<comp id="214" class="1000" name="fb_322">
<pin_list>
<pin id="215" dir="1" index="0" bw="1" slack="0"/>
</pin_list>
<bind>
<StgValue><ssdm name="fb_322"/><MemPortTyVec>0 3 </MemPortTyVec>
</StgValue>
</bind>
</comp>

<comp id="216" class="1000" name="fb_323">
<pin_list>
<pin id="217" dir="1" index="0" bw="1" slack="0"/>
</pin_list>
<bind>
<StgValue><ssdm name="fb_323"/><MemPortTyVec>0 3 </MemPortTyVec>
</StgValue>
</bind>
</comp>

<comp id="218" class="1000" name="fb_324">
<pin_list>
<pin id="219" dir="1" index="0" bw="1" slack="0"/>
</pin_list>
<bind>
<StgValue><ssdm name="fb_324"/><MemPortTyVec>0 3 </MemPortTyVec>
</StgValue>
</bind>
</comp>

<comp id="220" class="1000" name="fb_325">
<pin_list>
<pin id="221" dir="1" index="0" bw="1" slack="0"/>
</pin_list>
<bind>
<StgValue><ssdm name="fb_325"/><MemPortTyVec>0 3 </MemPortTyVec>
</StgValue>
</bind>
</comp>

<comp id="222" class="1000" name="fb_326">
<pin_list>
<pin id="223" dir="1" index="0" bw="1" slack="0"/>
</pin_list>
<bind>
<StgValue><ssdm name="fb_326"/><MemPortTyVec>0 3 </MemPortTyVec>
</StgValue>
</bind>
</comp>

<comp id="224" class="1000" name="fb_327">
<pin_list>
<pin id="225" dir="1" index="0" bw="1" slack="0"/>
</pin_list>
<bind>
<StgValue><ssdm name="fb_327"/><MemPortTyVec>0 3 </MemPortTyVec>
</StgValue>
</bind>
</comp>

<comp id="226" class="1000" name="fb_328">
<pin_list>
<pin id="227" dir="1" index="0" bw="1" slack="0"/>
</pin_list>
<bind>
<StgValue><ssdm name="fb_328"/><MemPortTyVec>0 3 </MemPortTyVec>
</StgValue>
</bind>
</comp>

<comp id="228" class="1000" name="fb_329">
<pin_list>
<pin id="229" dir="1" index="0" bw="1" slack="0"/>
</pin_list>
<bind>
<StgValue><ssdm name="fb_329"/><MemPortTyVec>0 3 </MemPortTyVec>
</StgValue>
</bind>
</comp>

<comp id="230" class="1000" name="fb_330">
<pin_list>
<pin id="231" dir="1" index="0" bw="1" slack="0"/>
</pin_list>
<bind>
<StgValue><ssdm name="fb_330"/><MemPortTyVec>0 3 </MemPortTyVec>
</StgValue>
</bind>
</comp>

<comp id="232" class="1000" name="fb_331">
<pin_list>
<pin id="233" dir="1" index="0" bw="1" slack="0"/>
</pin_list>
<bind>
<StgValue><ssdm name="fb_331"/><MemPortTyVec>0 3 </MemPortTyVec>
</StgValue>
</bind>
</comp>

<comp id="234" class="1000" name="fb_332">
<pin_list>
<pin id="235" dir="1" index="0" bw="1" slack="0"/>
</pin_list>
<bind>
<StgValue><ssdm name="fb_332"/><MemPortTyVec>0 3 </MemPortTyVec>
</StgValue>
</bind>
</comp>

<comp id="236" class="1000" name="fb_333">
<pin_list>
<pin id="237" dir="1" index="0" bw="1" slack="0"/>
</pin_list>
<bind>
<StgValue><ssdm name="fb_333"/><MemPortTyVec>0 3 </MemPortTyVec>
</StgValue>
</bind>
</comp>

<comp id="238" class="1000" name="fb_334">
<pin_list>
<pin id="239" dir="1" index="0" bw="1" slack="0"/>
</pin_list>
<bind>
<StgValue><ssdm name="fb_334"/><MemPortTyVec>0 3 </MemPortTyVec>
</StgValue>
</bind>
</comp>

<comp id="240" class="1000" name="fb_335">
<pin_list>
<pin id="241" dir="1" index="0" bw="1" slack="0"/>
</pin_list>
<bind>
<StgValue><ssdm name="fb_335"/><MemPortTyVec>0 3 </MemPortTyVec>
</StgValue>
</bind>
</comp>

<comp id="242" class="1000" name="fb_336">
<pin_list>
<pin id="243" dir="1" index="0" bw="1" slack="0"/>
</pin_list>
<bind>
<StgValue><ssdm name="fb_336"/><MemPortTyVec>0 3 </MemPortTyVec>
</StgValue>
</bind>
</comp>

<comp id="244" class="1000" name="fb_337">
<pin_list>
<pin id="245" dir="1" index="0" bw="1" slack="0"/>
</pin_list>
<bind>
<StgValue><ssdm name="fb_337"/><MemPortTyVec>0 3 </MemPortTyVec>
</StgValue>
</bind>
</comp>

<comp id="246" class="1000" name="fb_338">
<pin_list>
<pin id="247" dir="1" index="0" bw="1" slack="0"/>
</pin_list>
<bind>
<StgValue><ssdm name="fb_338"/><MemPortTyVec>0 3 </MemPortTyVec>
</StgValue>
</bind>
</comp>

<comp id="248" class="1000" name="fb_339">
<pin_list>
<pin id="249" dir="1" index="0" bw="1" slack="0"/>
</pin_list>
<bind>
<StgValue><ssdm name="fb_339"/><MemPortTyVec>0 3 </MemPortTyVec>
</StgValue>
</bind>
</comp>

<comp id="250" class="1000" name="fb_340">
<pin_list>
<pin id="251" dir="1" index="0" bw="1" slack="0"/>
</pin_list>
<bind>
<StgValue><ssdm name="fb_340"/><MemPortTyVec>0 3 </MemPortTyVec>
</StgValue>
</bind>
</comp>

<comp id="252" class="1000" name="fb_341">
<pin_list>
<pin id="253" dir="1" index="0" bw="1" slack="0"/>
</pin_list>
<bind>
<StgValue><ssdm name="fb_341"/><MemPortTyVec>0 3 </MemPortTyVec>
</StgValue>
</bind>
</comp>

<comp id="254" class="1000" name="fb_342">
<pin_list>
<pin id="255" dir="1" index="0" bw="1" slack="0"/>
</pin_list>
<bind>
<StgValue><ssdm name="fb_342"/><MemPortTyVec>0 3 </MemPortTyVec>
</StgValue>
</bind>
</comp>

<comp id="256" class="1000" name="fb_343">
<pin_list>
<pin id="257" dir="1" index="0" bw="1" slack="0"/>
</pin_list>
<bind>
<StgValue><ssdm name="fb_343"/><MemPortTyVec>0 3 </MemPortTyVec>
</StgValue>
</bind>
</comp>

<comp id="258" class="1000" name="fb_344">
<pin_list>
<pin id="259" dir="1" index="0" bw="1" slack="0"/>
</pin_list>
<bind>
<StgValue><ssdm name="fb_344"/><MemPortTyVec>0 3 </MemPortTyVec>
</StgValue>
</bind>
</comp>

<comp id="260" class="1000" name="fb_345">
<pin_list>
<pin id="261" dir="1" index="0" bw="1" slack="0"/>
</pin_list>
<bind>
<StgValue><ssdm name="fb_345"/><MemPortTyVec>0 3 </MemPortTyVec>
</StgValue>
</bind>
</comp>

<comp id="262" class="1000" name="fb_346">
<pin_list>
<pin id="263" dir="1" index="0" bw="1" slack="0"/>
</pin_list>
<bind>
<StgValue><ssdm name="fb_346"/><MemPortTyVec>0 3 </MemPortTyVec>
</StgValue>
</bind>
</comp>

<comp id="264" class="1000" name="fb_347">
<pin_list>
<pin id="265" dir="1" index="0" bw="1" slack="0"/>
</pin_list>
<bind>
<StgValue><ssdm name="fb_347"/><MemPortTyVec>0 3 </MemPortTyVec>
</StgValue>
</bind>
</comp>

<comp id="266" class="1000" name="fb_348">
<pin_list>
<pin id="267" dir="1" index="0" bw="1" slack="0"/>
</pin_list>
<bind>
<StgValue><ssdm name="fb_348"/><MemPortTyVec>0 3 </MemPortTyVec>
</StgValue>
</bind>
</comp>

<comp id="268" class="1000" name="fb_349">
<pin_list>
<pin id="269" dir="1" index="0" bw="1" slack="0"/>
</pin_list>
<bind>
<StgValue><ssdm name="fb_349"/><MemPortTyVec>0 3 </MemPortTyVec>
</StgValue>
</bind>
</comp>

<comp id="270" class="1000" name="fb_350">
<pin_list>
<pin id="271" dir="1" index="0" bw="1" slack="0"/>
</pin_list>
<bind>
<StgValue><ssdm name="fb_350"/><MemPortTyVec>0 3 </MemPortTyVec>
</StgValue>
</bind>
</comp>

<comp id="272" class="1000" name="fb_351">
<pin_list>
<pin id="273" dir="1" index="0" bw="1" slack="0"/>
</pin_list>
<bind>
<StgValue><ssdm name="fb_351"/><MemPortTyVec>0 3 </MemPortTyVec>
</StgValue>
</bind>
</comp>

<comp id="274" class="1000" name="fb_352">
<pin_list>
<pin id="275" dir="1" index="0" bw="1" slack="0"/>
</pin_list>
<bind>
<StgValue><ssdm name="fb_352"/><MemPortTyVec>0 3 </MemPortTyVec>
</StgValue>
</bind>
</comp>

<comp id="276" class="1000" name="fb_353">
<pin_list>
<pin id="277" dir="1" index="0" bw="1" slack="0"/>
</pin_list>
<bind>
<StgValue><ssdm name="fb_353"/><MemPortTyVec>0 3 </MemPortTyVec>
</StgValue>
</bind>
</comp>

<comp id="278" class="1000" name="fb_354">
<pin_list>
<pin id="279" dir="1" index="0" bw="1" slack="0"/>
</pin_list>
<bind>
<StgValue><ssdm name="fb_354"/><MemPortTyVec>0 3 </MemPortTyVec>
</StgValue>
</bind>
</comp>

<comp id="280" class="1000" name="fb_355">
<pin_list>
<pin id="281" dir="1" index="0" bw="1" slack="0"/>
</pin_list>
<bind>
<StgValue><ssdm name="fb_355"/><MemPortTyVec>0 3 </MemPortTyVec>
</StgValue>
</bind>
</comp>

<comp id="282" class="1000" name="fb_356">
<pin_list>
<pin id="283" dir="1" index="0" bw="1" slack="0"/>
</pin_list>
<bind>
<StgValue><ssdm name="fb_356"/><MemPortTyVec>0 3 </MemPortTyVec>
</StgValue>
</bind>
</comp>

<comp id="284" class="1000" name="fb_357">
<pin_list>
<pin id="285" dir="1" index="0" bw="1" slack="0"/>
</pin_list>
<bind>
<StgValue><ssdm name="fb_357"/><MemPortTyVec>0 3 </MemPortTyVec>
</StgValue>
</bind>
</comp>

<comp id="286" class="1000" name="fb_358">
<pin_list>
<pin id="287" dir="1" index="0" bw="1" slack="0"/>
</pin_list>
<bind>
<StgValue><ssdm name="fb_358"/><MemPortTyVec>0 3 </MemPortTyVec>
</StgValue>
</bind>
</comp>

<comp id="288" class="1000" name="fb_359">
<pin_list>
<pin id="289" dir="1" index="0" bw="1" slack="0"/>
</pin_list>
<bind>
<StgValue><ssdm name="fb_359"/><MemPortTyVec>0 3 </MemPortTyVec>
</StgValue>
</bind>
</comp>

<comp id="290" class="1000" name="fb_360">
<pin_list>
<pin id="291" dir="1" index="0" bw="1" slack="0"/>
</pin_list>
<bind>
<StgValue><ssdm name="fb_360"/><MemPortTyVec>0 3 </MemPortTyVec>
</StgValue>
</bind>
</comp>

<comp id="292" class="1000" name="fb_361">
<pin_list>
<pin id="293" dir="1" index="0" bw="1" slack="0"/>
</pin_list>
<bind>
<StgValue><ssdm name="fb_361"/><MemPortTyVec>0 3 </MemPortTyVec>
</StgValue>
</bind>
</comp>

<comp id="294" class="1000" name="fb_362">
<pin_list>
<pin id="295" dir="1" index="0" bw="1" slack="0"/>
</pin_list>
<bind>
<StgValue><ssdm name="fb_362"/><MemPortTyVec>0 3 </MemPortTyVec>
</StgValue>
</bind>
</comp>

<comp id="296" class="1000" name="fb_363">
<pin_list>
<pin id="297" dir="1" index="0" bw="1" slack="0"/>
</pin_list>
<bind>
<StgValue><ssdm name="fb_363"/><MemPortTyVec>0 3 </MemPortTyVec>
</StgValue>
</bind>
</comp>

<comp id="298" class="1000" name="fb_364">
<pin_list>
<pin id="299" dir="1" index="0" bw="1" slack="0"/>
</pin_list>
<bind>
<StgValue><ssdm name="fb_364"/><MemPortTyVec>0 3 </MemPortTyVec>
</StgValue>
</bind>
</comp>

<comp id="300" class="1000" name="fb_365">
<pin_list>
<pin id="301" dir="1" index="0" bw="1" slack="0"/>
</pin_list>
<bind>
<StgValue><ssdm name="fb_365"/><MemPortTyVec>0 3 </MemPortTyVec>
</StgValue>
</bind>
</comp>

<comp id="302" class="1000" name="fb_366">
<pin_list>
<pin id="303" dir="1" index="0" bw="1" slack="0"/>
</pin_list>
<bind>
<StgValue><ssdm name="fb_366"/><MemPortTyVec>0 3 </MemPortTyVec>
</StgValue>
</bind>
</comp>

<comp id="304" class="1000" name="fb_367">
<pin_list>
<pin id="305" dir="1" index="0" bw="1" slack="0"/>
</pin_list>
<bind>
<StgValue><ssdm name="fb_367"/><MemPortTyVec>0 3 </MemPortTyVec>
</StgValue>
</bind>
</comp>

<comp id="306" class="1000" name="fb_368">
<pin_list>
<pin id="307" dir="1" index="0" bw="1" slack="0"/>
</pin_list>
<bind>
<StgValue><ssdm name="fb_368"/><MemPortTyVec>0 3 </MemPortTyVec>
</StgValue>
</bind>
</comp>

<comp id="308" class="1000" name="fb_369">
<pin_list>
<pin id="309" dir="1" index="0" bw="1" slack="0"/>
</pin_list>
<bind>
<StgValue><ssdm name="fb_369"/><MemPortTyVec>0 3 </MemPortTyVec>
</StgValue>
</bind>
</comp>

<comp id="310" class="1000" name="fb_370">
<pin_list>
<pin id="311" dir="1" index="0" bw="1" slack="0"/>
</pin_list>
<bind>
<StgValue><ssdm name="fb_370"/><MemPortTyVec>0 3 </MemPortTyVec>
</StgValue>
</bind>
</comp>

<comp id="312" class="1000" name="fb_371">
<pin_list>
<pin id="313" dir="1" index="0" bw="1" slack="0"/>
</pin_list>
<bind>
<StgValue><ssdm name="fb_371"/><MemPortTyVec>0 3 </MemPortTyVec>
</StgValue>
</bind>
</comp>

<comp id="314" class="1000" name="fb_372">
<pin_list>
<pin id="315" dir="1" index="0" bw="1" slack="0"/>
</pin_list>
<bind>
<StgValue><ssdm name="fb_372"/><MemPortTyVec>0 3 </MemPortTyVec>
</StgValue>
</bind>
</comp>

<comp id="316" class="1000" name="fb_373">
<pin_list>
<pin id="317" dir="1" index="0" bw="1" slack="0"/>
</pin_list>
<bind>
<StgValue><ssdm name="fb_373"/><MemPortTyVec>0 3 </MemPortTyVec>
</StgValue>
</bind>
</comp>

<comp id="318" class="1000" name="fb_374">
<pin_list>
<pin id="319" dir="1" index="0" bw="1" slack="0"/>
</pin_list>
<bind>
<StgValue><ssdm name="fb_374"/><MemPortTyVec>0 3 </MemPortTyVec>
</StgValue>
</bind>
</comp>

<comp id="320" class="1000" name="fb_375">
<pin_list>
<pin id="321" dir="1" index="0" bw="1" slack="0"/>
</pin_list>
<bind>
<StgValue><ssdm name="fb_375"/><MemPortTyVec>0 3 </MemPortTyVec>
</StgValue>
</bind>
</comp>

<comp id="322" class="1000" name="fb_376">
<pin_list>
<pin id="323" dir="1" index="0" bw="1" slack="0"/>
</pin_list>
<bind>
<StgValue><ssdm name="fb_376"/><MemPortTyVec>0 3 </MemPortTyVec>
</StgValue>
</bind>
</comp>

<comp id="324" class="1000" name="fb_377">
<pin_list>
<pin id="325" dir="1" index="0" bw="1" slack="0"/>
</pin_list>
<bind>
<StgValue><ssdm name="fb_377"/><MemPortTyVec>0 3 </MemPortTyVec>
</StgValue>
</bind>
</comp>

<comp id="326" class="1000" name="fb_378">
<pin_list>
<pin id="327" dir="1" index="0" bw="1" slack="0"/>
</pin_list>
<bind>
<StgValue><ssdm name="fb_378"/><MemPortTyVec>0 3 </MemPortTyVec>
</StgValue>
</bind>
</comp>

<comp id="328" class="1000" name="fb_379">
<pin_list>
<pin id="329" dir="1" index="0" bw="1" slack="0"/>
</pin_list>
<bind>
<StgValue><ssdm name="fb_379"/><MemPortTyVec>0 3 </MemPortTyVec>
</StgValue>
</bind>
</comp>

<comp id="330" class="1000" name="fb_380">
<pin_list>
<pin id="331" dir="1" index="0" bw="1" slack="0"/>
</pin_list>
<bind>
<StgValue><ssdm name="fb_380"/><MemPortTyVec>0 3 </MemPortTyVec>
</StgValue>
</bind>
</comp>

<comp id="332" class="1000" name="fb_381">
<pin_list>
<pin id="333" dir="1" index="0" bw="1" slack="0"/>
</pin_list>
<bind>
<StgValue><ssdm name="fb_381"/><MemPortTyVec>0 3 </MemPortTyVec>
</StgValue>
</bind>
</comp>

<comp id="334" class="1000" name="fb_382">
<pin_list>
<pin id="335" dir="1" index="0" bw="1" slack="0"/>
</pin_list>
<bind>
<StgValue><ssdm name="fb_382"/><MemPortTyVec>0 3 </MemPortTyVec>
</StgValue>
</bind>
</comp>

<comp id="336" class="1000" name="fb_383">
<pin_list>
<pin id="337" dir="1" index="0" bw="1" slack="0"/>
</pin_list>
<bind>
<StgValue><ssdm name="fb_383"/><MemPortTyVec>0 3 </MemPortTyVec>
</StgValue>
</bind>
</comp>

<comp id="338" class="1000" name="fb_384">
<pin_list>
<pin id="339" dir="1" index="0" bw="1" slack="0"/>
</pin_list>
<bind>
<StgValue><ssdm name="fb_384"/><MemPortTyVec>0 3 </MemPortTyVec>
</StgValue>
</bind>
</comp>

<comp id="340" class="1000" name="fb_385">
<pin_list>
<pin id="341" dir="1" index="0" bw="1" slack="0"/>
</pin_list>
<bind>
<StgValue><ssdm name="fb_385"/><MemPortTyVec>0 3 </MemPortTyVec>
</StgValue>
</bind>
</comp>

<comp id="342" class="1000" name="fb_386">
<pin_list>
<pin id="343" dir="1" index="0" bw="1" slack="0"/>
</pin_list>
<bind>
<StgValue><ssdm name="fb_386"/><MemPortTyVec>0 3 </MemPortTyVec>
</StgValue>
</bind>
</comp>

<comp id="344" class="1000" name="fb_387">
<pin_list>
<pin id="345" dir="1" index="0" bw="1" slack="0"/>
</pin_list>
<bind>
<StgValue><ssdm name="fb_387"/><MemPortTyVec>0 3 </MemPortTyVec>
</StgValue>
</bind>
</comp>

<comp id="346" class="1000" name="fb_388">
<pin_list>
<pin id="347" dir="1" index="0" bw="1" slack="0"/>
</pin_list>
<bind>
<StgValue><ssdm name="fb_388"/><MemPortTyVec>0 3 </MemPortTyVec>
</StgValue>
</bind>
</comp>

<comp id="348" class="1000" name="fb_389">
<pin_list>
<pin id="349" dir="1" index="0" bw="1" slack="0"/>
</pin_list>
<bind>
<StgValue><ssdm name="fb_389"/><MemPortTyVec>0 3 </MemPortTyVec>
</StgValue>
</bind>
</comp>

<comp id="350" class="1000" name="fb_390">
<pin_list>
<pin id="351" dir="1" index="0" bw="1" slack="0"/>
</pin_list>
<bind>
<StgValue><ssdm name="fb_390"/><MemPortTyVec>0 3 </MemPortTyVec>
</StgValue>
</bind>
</comp>

<comp id="352" class="1000" name="fb_391">
<pin_list>
<pin id="353" dir="1" index="0" bw="1" slack="0"/>
</pin_list>
<bind>
<StgValue><ssdm name="fb_391"/><MemPortTyVec>0 3 </MemPortTyVec>
</StgValue>
</bind>
</comp>

<comp id="354" class="1000" name="fb_392">
<pin_list>
<pin id="355" dir="1" index="0" bw="1" slack="0"/>
</pin_list>
<bind>
<StgValue><ssdm name="fb_392"/><MemPortTyVec>0 3 </MemPortTyVec>
</StgValue>
</bind>
</comp>

<comp id="356" class="1000" name="fb_393">
<pin_list>
<pin id="357" dir="1" index="0" bw="1" slack="0"/>
</pin_list>
<bind>
<StgValue><ssdm name="fb_393"/><MemPortTyVec>0 3 </MemPortTyVec>
</StgValue>
</bind>
</comp>

<comp id="358" class="1000" name="fb_394">
<pin_list>
<pin id="359" dir="1" index="0" bw="1" slack="0"/>
</pin_list>
<bind>
<StgValue><ssdm name="fb_394"/><MemPortTyVec>0 3 </MemPortTyVec>
</StgValue>
</bind>
</comp>

<comp id="360" class="1000" name="fb_395">
<pin_list>
<pin id="361" dir="1" index="0" bw="1" slack="0"/>
</pin_list>
<bind>
<StgValue><ssdm name="fb_395"/><MemPortTyVec>0 3 </MemPortTyVec>
</StgValue>
</bind>
</comp>

<comp id="362" class="1000" name="fb_396">
<pin_list>
<pin id="363" dir="1" index="0" bw="1" slack="0"/>
</pin_list>
<bind>
<StgValue><ssdm name="fb_396"/><MemPortTyVec>0 3 </MemPortTyVec>
</StgValue>
</bind>
</comp>

<comp id="364" class="1000" name="fb_397">
<pin_list>
<pin id="365" dir="1" index="0" bw="1" slack="0"/>
</pin_list>
<bind>
<StgValue><ssdm name="fb_397"/><MemPortTyVec>0 3 </MemPortTyVec>
</StgValue>
</bind>
</comp>

<comp id="366" class="1000" name="fb_398">
<pin_list>
<pin id="367" dir="1" index="0" bw="1" slack="0"/>
</pin_list>
<bind>
<StgValue><ssdm name="fb_398"/><MemPortTyVec>0 3 </MemPortTyVec>
</StgValue>
</bind>
</comp>

<comp id="368" class="1000" name="fb_399">
<pin_list>
<pin id="369" dir="1" index="0" bw="1" slack="0"/>
</pin_list>
<bind>
<StgValue><ssdm name="fb_399"/><MemPortTyVec>0 3 </MemPortTyVec>
</StgValue>
</bind>
</comp>

<comp id="370" class="1000" name="fb_400">
<pin_list>
<pin id="371" dir="1" index="0" bw="1" slack="0"/>
</pin_list>
<bind>
<StgValue><ssdm name="fb_400"/><MemPortTyVec>0 3 </MemPortTyVec>
</StgValue>
</bind>
</comp>

<comp id="372" class="1000" name="fb_401">
<pin_list>
<pin id="373" dir="1" index="0" bw="1" slack="0"/>
</pin_list>
<bind>
<StgValue><ssdm name="fb_401"/><MemPortTyVec>0 3 </MemPortTyVec>
</StgValue>
</bind>
</comp>

<comp id="374" class="1000" name="fb_402">
<pin_list>
<pin id="375" dir="1" index="0" bw="1" slack="0"/>
</pin_list>
<bind>
<StgValue><ssdm name="fb_402"/><MemPortTyVec>0 3 </MemPortTyVec>
</StgValue>
</bind>
</comp>

<comp id="376" class="1000" name="fb_403">
<pin_list>
<pin id="377" dir="1" index="0" bw="1" slack="0"/>
</pin_list>
<bind>
<StgValue><ssdm name="fb_403"/><MemPortTyVec>0 3 </MemPortTyVec>
</StgValue>
</bind>
</comp>

<comp id="378" class="1000" name="fb_404">
<pin_list>
<pin id="379" dir="1" index="0" bw="1" slack="0"/>
</pin_list>
<bind>
<StgValue><ssdm name="fb_404"/><MemPortTyVec>0 3 </MemPortTyVec>
</StgValue>
</bind>
</comp>

<comp id="380" class="1000" name="fb_405">
<pin_list>
<pin id="381" dir="1" index="0" bw="1" slack="0"/>
</pin_list>
<bind>
<StgValue><ssdm name="fb_405"/><MemPortTyVec>0 3 </MemPortTyVec>
</StgValue>
</bind>
</comp>

<comp id="382" class="1000" name="fb_406">
<pin_list>
<pin id="383" dir="1" index="0" bw="1" slack="0"/>
</pin_list>
<bind>
<StgValue><ssdm name="fb_406"/><MemPortTyVec>0 3 </MemPortTyVec>
</StgValue>
</bind>
</comp>

<comp id="384" class="1000" name="fb_407">
<pin_list>
<pin id="385" dir="1" index="0" bw="1" slack="0"/>
</pin_list>
<bind>
<StgValue><ssdm name="fb_407"/><MemPortTyVec>0 3 </MemPortTyVec>
</StgValue>
</bind>
</comp>

<comp id="386" class="1000" name="fb_408">
<pin_list>
<pin id="387" dir="1" index="0" bw="1" slack="0"/>
</pin_list>
<bind>
<StgValue><ssdm name="fb_408"/><MemPortTyVec>0 3 </MemPortTyVec>
</StgValue>
</bind>
</comp>

<comp id="388" class="1000" name="fb_409">
<pin_list>
<pin id="389" dir="1" index="0" bw="1" slack="0"/>
</pin_list>
<bind>
<StgValue><ssdm name="fb_409"/><MemPortTyVec>0 3 </MemPortTyVec>
</StgValue>
</bind>
</comp>

<comp id="390" class="1000" name="fb_410">
<pin_list>
<pin id="391" dir="1" index="0" bw="1" slack="0"/>
</pin_list>
<bind>
<StgValue><ssdm name="fb_410"/><MemPortTyVec>0 3 </MemPortTyVec>
</StgValue>
</bind>
</comp>

<comp id="392" class="1000" name="fb_411">
<pin_list>
<pin id="393" dir="1" index="0" bw="1" slack="0"/>
</pin_list>
<bind>
<StgValue><ssdm name="fb_411"/><MemPortTyVec>0 3 </MemPortTyVec>
</StgValue>
</bind>
</comp>

<comp id="394" class="1000" name="fb_412">
<pin_list>
<pin id="395" dir="1" index="0" bw="1" slack="0"/>
</pin_list>
<bind>
<StgValue><ssdm name="fb_412"/><MemPortTyVec>0 3 </MemPortTyVec>
</StgValue>
</bind>
</comp>

<comp id="396" class="1000" name="fb_413">
<pin_list>
<pin id="397" dir="1" index="0" bw="1" slack="0"/>
</pin_list>
<bind>
<StgValue><ssdm name="fb_413"/><MemPortTyVec>0 3 </MemPortTyVec>
</StgValue>
</bind>
</comp>

<comp id="398" class="1000" name="fb_414">
<pin_list>
<pin id="399" dir="1" index="0" bw="1" slack="0"/>
</pin_list>
<bind>
<StgValue><ssdm name="fb_414"/><MemPortTyVec>0 3 </MemPortTyVec>
</StgValue>
</bind>
</comp>

<comp id="400" class="1000" name="fb_415">
<pin_list>
<pin id="401" dir="1" index="0" bw="1" slack="0"/>
</pin_list>
<bind>
<StgValue><ssdm name="fb_415"/><MemPortTyVec>0 3 </MemPortTyVec>
</StgValue>
</bind>
</comp>

<comp id="402" class="1000" name="fb_416">
<pin_list>
<pin id="403" dir="1" index="0" bw="1" slack="0"/>
</pin_list>
<bind>
<StgValue><ssdm name="fb_416"/><MemPortTyVec>0 3 </MemPortTyVec>
</StgValue>
</bind>
</comp>

<comp id="404" class="1000" name="fb_417">
<pin_list>
<pin id="405" dir="1" index="0" bw="1" slack="0"/>
</pin_list>
<bind>
<StgValue><ssdm name="fb_417"/><MemPortTyVec>0 3 </MemPortTyVec>
</StgValue>
</bind>
</comp>

<comp id="406" class="1000" name="fb_418">
<pin_list>
<pin id="407" dir="1" index="0" bw="1" slack="0"/>
</pin_list>
<bind>
<StgValue><ssdm name="fb_418"/><MemPortTyVec>0 3 </MemPortTyVec>
</StgValue>
</bind>
</comp>

<comp id="408" class="1000" name="fb_419">
<pin_list>
<pin id="409" dir="1" index="0" bw="1" slack="0"/>
</pin_list>
<bind>
<StgValue><ssdm name="fb_419"/><MemPortTyVec>0 3 </MemPortTyVec>
</StgValue>
</bind>
</comp>

<comp id="410" class="1000" name="fb_420">
<pin_list>
<pin id="411" dir="1" index="0" bw="1" slack="0"/>
</pin_list>
<bind>
<StgValue><ssdm name="fb_420"/><MemPortTyVec>0 3 </MemPortTyVec>
</StgValue>
</bind>
</comp>

<comp id="412" class="1000" name="fb_421">
<pin_list>
<pin id="413" dir="1" index="0" bw="1" slack="0"/>
</pin_list>
<bind>
<StgValue><ssdm name="fb_421"/><MemPortTyVec>0 3 </MemPortTyVec>
</StgValue>
</bind>
</comp>

<comp id="414" class="1000" name="fb_422">
<pin_list>
<pin id="415" dir="1" index="0" bw="1" slack="0"/>
</pin_list>
<bind>
<StgValue><ssdm name="fb_422"/><MemPortTyVec>0 3 </MemPortTyVec>
</StgValue>
</bind>
</comp>

<comp id="416" class="1000" name="fb_423">
<pin_list>
<pin id="417" dir="1" index="0" bw="1" slack="0"/>
</pin_list>
<bind>
<StgValue><ssdm name="fb_423"/><MemPortTyVec>0 3 </MemPortTyVec>
</StgValue>
</bind>
</comp>

<comp id="418" class="1000" name="fb_424">
<pin_list>
<pin id="419" dir="1" index="0" bw="1" slack="0"/>
</pin_list>
<bind>
<StgValue><ssdm name="fb_424"/><MemPortTyVec>0 3 </MemPortTyVec>
</StgValue>
</bind>
</comp>

<comp id="420" class="1000" name="fb_425">
<pin_list>
<pin id="421" dir="1" index="0" bw="1" slack="0"/>
</pin_list>
<bind>
<StgValue><ssdm name="fb_425"/><MemPortTyVec>0 3 </MemPortTyVec>
</StgValue>
</bind>
</comp>

<comp id="422" class="1000" name="fb_426">
<pin_list>
<pin id="423" dir="1" index="0" bw="1" slack="0"/>
</pin_list>
<bind>
<StgValue><ssdm name="fb_426"/><MemPortTyVec>0 3 </MemPortTyVec>
</StgValue>
</bind>
</comp>

<comp id="424" class="1000" name="fb_427">
<pin_list>
<pin id="425" dir="1" index="0" bw="1" slack="0"/>
</pin_list>
<bind>
<StgValue><ssdm name="fb_427"/><MemPortTyVec>0 3 </MemPortTyVec>
</StgValue>
</bind>
</comp>

<comp id="426" class="1000" name="fb_428">
<pin_list>
<pin id="427" dir="1" index="0" bw="1" slack="0"/>
</pin_list>
<bind>
<StgValue><ssdm name="fb_428"/><MemPortTyVec>0 3 </MemPortTyVec>
</StgValue>
</bind>
</comp>

<comp id="428" class="1000" name="fb_429">
<pin_list>
<pin id="429" dir="1" index="0" bw="1" slack="0"/>
</pin_list>
<bind>
<StgValue><ssdm name="fb_429"/><MemPortTyVec>0 3 </MemPortTyVec>
</StgValue>
</bind>
</comp>

<comp id="430" class="1000" name="fb_430">
<pin_list>
<pin id="431" dir="1" index="0" bw="1" slack="0"/>
</pin_list>
<bind>
<StgValue><ssdm name="fb_430"/><MemPortTyVec>0 3 </MemPortTyVec>
</StgValue>
</bind>
</comp>

<comp id="432" class="1000" name="s1">
<pin_list>
<pin id="433" dir="1" index="0" bw="1" slack="0"/>
</pin_list>
<bind>
<StgValue><ssdm name="s1"/></StgValue>
</bind>
</comp>

<comp id="434" class="1000" name="empty">
<pin_list>
<pin id="435" dir="1" index="0" bw="1" slack="0"/>
</pin_list>
<bind>
<StgValue><ssdm name="empty"/></StgValue>
</bind>
</comp>

<comp id="436" class="1001" name="const_436">
<pin_list>
<pin id="437" dir="1" index="0" bw="1" slack="0"/>
</pin_list>
<bind>
<StgValue><ssdm name=""/></StgValue>
</bind>
</comp>

<comp id="438" class="1001" name="const_438">
<pin_list>
<pin id="439" dir="1" index="0" bw="1" slack="2147483647"/>
</pin_list>
<bind>
<StgValue><ssdm name="_ssdm_op_SpecInterface"/></StgValue>
</bind>
</comp>

<comp id="440" class="1001" name="const_440">
<pin_list>
<pin id="441" dir="1" index="0" bw="1" slack="2147483647"/>
</pin_list>
<bind>
<StgValue><ssdm name="empty_1"/></StgValue>
</bind>
</comp>

<comp id="442" class="1001" name="const_442">
<pin_list>
<pin id="443" dir="1" index="0" bw="1" slack="2147483647"/>
</pin_list>
<bind>
<StgValue><ssdm name=""/></StgValue>
</bind>
</comp>

<comp id="444" class="1001" name="const_444">
<pin_list>
<pin id="445" dir="1" index="0" bw="1" slack="2147483647"/>
</pin_list>
<bind>
<StgValue><ssdm name="empty_5"/></StgValue>
</bind>
</comp>

<comp id="446" class="1001" name="const_446">
<pin_list>
<pin id="447" dir="1" index="0" bw="1" slack="2147483647"/>
</pin_list>
<bind>
<StgValue><ssdm name=""/></StgValue>
</bind>
</comp>

<comp id="448" class="1001" name="const_448">
<pin_list>
<pin id="449" dir="1" index="0" bw="1" slack="0"/>
</pin_list>
<bind>
<StgValue><ssdm name="_ssdm_op_Read.ap_auto.i2"/></StgValue>
</bind>
</comp>

<comp id="450" class="1001" name="const_450">
<pin_list>
<pin id="451" dir="1" index="0" bw="1" slack="0"/>
</pin_list>
<bind>
<StgValue><ssdm name=""/></StgValue>
</bind>
</comp>

<comp id="452" class="1001" name="const_452">
<pin_list>
<pin id="453" dir="1" index="0" bw="1" slack="0"/>
</pin_list>
<bind>
<StgValue><ssdm name=""/></StgValue>
</bind>
</comp>

<comp id="454" class="1001" name="const_454">
<pin_list>
<pin id="455" dir="1" index="0" bw="1" slack="0"/>
</pin_list>
<bind>
<StgValue><ssdm name=""/></StgValue>
</bind>
</comp>

<comp id="456" class="1001" name="const_456">
<pin_list>
<pin id="457" dir="1" index="0" bw="1" slack="0"/>
</pin_list>
<bind>
<StgValue><ssdm name=""/></StgValue>
</bind>
</comp>

<comp id="458" class="1001" name="const_458">
<pin_list>
<pin id="459" dir="1" index="0" bw="1" slack="2147483647"/>
</pin_list>
<bind>
<StgValue><ssdm name=""/></StgValue>
</bind>
</comp>

<comp id="460" class="1001" name="const_460">
<pin_list>
<pin id="461" dir="1" index="0" bw="1" slack="2147483647"/>
</pin_list>
<bind>
<StgValue><ssdm name=""/></StgValue>
</bind>
</comp>

<comp id="462" class="1001" name="const_462">
<pin_list>
<pin id="463" dir="1" index="0" bw="1" slack="0"/>
</pin_list>
<bind>
<StgValue><ssdm name=""/></StgValue>
</bind>
</comp>

<comp id="464" class="1001" name="const_464">
<pin_list>
<pin id="465" dir="1" index="0" bw="1" slack="2147483647"/>
</pin_list>
<bind>
<StgValue><ssdm name="_ssdm_op_SpecLoopName"/></StgValue>
</bind>
</comp>

<comp id="466" class="1001" name="const_466">
<pin_list>
<pin id="467" dir="1" index="0" bw="1" slack="2147483647"/>
</pin_list>
<bind>
<StgValue><ssdm name="VITIS_LOOP_46_1_VITIS_LOOP_47_2_str"/></StgValue>
</bind>
</comp>

<comp id="468" class="1001" name="const_468">
<pin_list>
<pin id="469" dir="1" index="0" bw="1" slack="2147483647"/>
</pin_list>
<bind>
<StgValue><ssdm name="_ssdm_op_SpecLoopTripCount"/></StgValue>
</bind>
</comp>

<comp id="470" class="1001" name="const_470">
<pin_list>
<pin id="471" dir="1" index="0" bw="1" slack="2147483647"/>
</pin_list>
<bind>
<StgValue><ssdm name=""/></StgValue>
</bind>
</comp>

<comp id="472" class="1001" name="const_472">
<pin_list>
<pin id="473" dir="1" index="0" bw="1" slack="0"/>
</pin_list>
<bind>
<StgValue><ssdm name=""/></StgValue>
</bind>
</comp>

<comp id="474" class="1001" name="const_474">
<pin_list>
<pin id="475" dir="1" index="0" bw="1" slack="0"/>
</pin_list>
<bind>
<StgValue><ssdm name=""/></StgValue>
</bind>
</comp>

<comp id="476" class="1001" name="const_476">
<pin_list>
<pin id="477" dir="1" index="0" bw="1" slack="2147483647"/>
</pin_list>
<bind>
<StgValue><ssdm name="_ssdm_op_SpecPipeline"/></StgValue>
</bind>
</comp>

<comp id="478" class="1001" name="const_478">
<pin_list>
<pin id="479" dir="1" index="0" bw="1" slack="0"/>
</pin_list>
<bind>
<StgValue><ssdm name="_ssdm_op_Read.ap_fifo.volatile.i96P0A"/></StgValue>
</bind>
</comp>

<comp id="480" class="1001" name="const_480">
<pin_list>
<pin id="481" dir="1" index="0" bw="1" slack="0"/>
</pin_list>
<bind>
<StgValue><ssdm name="_ssdm_op_PartSelect.i8.i96.i32.i32"/></StgValue>
</bind>
</comp>

<comp id="482" class="1001" name="const_482">
<pin_list>
<pin id="483" dir="1" index="0" bw="1" slack="0"/>
</pin_list>
<bind>
<StgValue><ssdm name=""/></StgValue>
</bind>
</comp>

<comp id="484" class="1001" name="const_484">
<pin_list>
<pin id="485" dir="1" index="0" bw="1" slack="0"/>
</pin_list>
<bind>
<StgValue><ssdm name=""/></StgValue>
</bind>
</comp>

<comp id="486" class="1001" name="const_486">
<pin_list>
<pin id="487" dir="1" index="0" bw="1" slack="0"/>
</pin_list>
<bind>
<StgValue><ssdm name=""/></StgValue>
</bind>
</comp>

<comp id="488" class="1001" name="const_488">
<pin_list>
<pin id="489" dir="1" index="0" bw="1" slack="0"/>
</pin_list>
<bind>
<StgValue><ssdm name=""/></StgValue>
</bind>
</comp>

<comp id="490" class="1001" name="const_490">
<pin_list>
<pin id="491" dir="1" index="0" bw="1" slack="0"/>
</pin_list>
<bind>
<StgValue><ssdm name=""/></StgValue>
</bind>
</comp>

<comp id="492" class="1001" name="const_492">
<pin_list>
<pin id="493" dir="1" index="0" bw="1" slack="0"/>
</pin_list>
<bind>
<StgValue><ssdm name=""/></StgValue>
</bind>
</comp>

<comp id="494" class="1001" name="const_494">
<pin_list>
<pin id="495" dir="1" index="0" bw="1" slack="0"/>
</pin_list>
<bind>
<StgValue><ssdm name=""/></StgValue>
</bind>
</comp>

<comp id="496" class="1001" name="const_496">
<pin_list>
<pin id="497" dir="1" index="0" bw="1" slack="0"/>
</pin_list>
<bind>
<StgValue><ssdm name=""/></StgValue>
</bind>
</comp>

<comp id="498" class="1001" name="const_498">
<pin_list>
<pin id="499" dir="1" index="0" bw="1" slack="0"/>
</pin_list>
<bind>
<StgValue><ssdm name=""/></StgValue>
</bind>
</comp>

<comp id="500" class="1001" name="const_500">
<pin_list>
<pin id="501" dir="1" index="0" bw="1" slack="0"/>
</pin_list>
<bind>
<StgValue><ssdm name=""/></StgValue>
</bind>
</comp>

<comp id="502" class="1001" name="const_502">
<pin_list>
<pin id="503" dir="1" index="0" bw="1" slack="0"/>
</pin_list>
<bind>
<StgValue><ssdm name=""/></StgValue>
</bind>
</comp>

<comp id="504" class="1001" name="const_504">
<pin_list>
<pin id="505" dir="1" index="0" bw="1" slack="0"/>
</pin_list>
<bind>
<StgValue><ssdm name=""/></StgValue>
</bind>
</comp>

<comp id="506" class="1001" name="const_506">
<pin_list>
<pin id="507" dir="1" index="0" bw="1" slack="0"/>
</pin_list>
<bind>
<StgValue><ssdm name=""/></StgValue>
</bind>
</comp>

<comp id="508" class="1001" name="const_508">
<pin_list>
<pin id="509" dir="1" index="0" bw="1" slack="0"/>
</pin_list>
<bind>
<StgValue><ssdm name=""/></StgValue>
</bind>
</comp>

<comp id="510" class="1001" name="const_510">
<pin_list>
<pin id="511" dir="1" index="0" bw="1" slack="0"/>
</pin_list>
<bind>
<StgValue><ssdm name=""/></StgValue>
</bind>
</comp>

<comp id="512" class="1001" name="const_512">
<pin_list>
<pin id="513" dir="1" index="0" bw="1" slack="0"/>
</pin_list>
<bind>
<StgValue><ssdm name=""/></StgValue>
</bind>
</comp>

<comp id="514" class="1001" name="const_514">
<pin_list>
<pin id="515" dir="1" index="0" bw="1" slack="0"/>
</pin_list>
<bind>
<StgValue><ssdm name=""/></StgValue>
</bind>
</comp>

<comp id="516" class="1001" name="const_516">
<pin_list>
<pin id="517" dir="1" index="0" bw="1" slack="0"/>
</pin_list>
<bind>
<StgValue><ssdm name=""/></StgValue>
</bind>
</comp>

<comp id="518" class="1001" name="const_518">
<pin_list>
<pin id="519" dir="1" index="0" bw="1" slack="0"/>
</pin_list>
<bind>
<StgValue><ssdm name=""/></StgValue>
</bind>
</comp>

<comp id="520" class="1001" name="const_520">
<pin_list>
<pin id="521" dir="1" index="0" bw="1" slack="0"/>
</pin_list>
<bind>
<StgValue><ssdm name=""/></StgValue>
</bind>
</comp>

<comp id="522" class="1001" name="const_522">
<pin_list>
<pin id="523" dir="1" index="0" bw="1" slack="0"/>
</pin_list>
<bind>
<StgValue><ssdm name=""/></StgValue>
</bind>
</comp>

<comp id="524" class="1001" name="const_524">
<pin_list>
<pin id="525" dir="1" index="0" bw="1" slack="0"/>
</pin_list>
<bind>
<StgValue><ssdm name=""/></StgValue>
</bind>
</comp>

<comp id="526" class="1001" name="const_526">
<pin_list>
<pin id="527" dir="1" index="0" bw="1" slack="2147483647"/>
</pin_list>
<bind>
<StgValue><ssdm name=""/></StgValue>
</bind>
</comp>

<comp id="528" class="1001" name="const_528">
<pin_list>
<pin id="529" dir="1" index="0" bw="1" slack="2147483647"/>
</pin_list>
<bind>
<StgValue><ssdm name=""/></StgValue>
</bind>
</comp>

<comp id="530" class="1001" name="const_530">
<pin_list>
<pin id="531" dir="1" index="0" bw="1" slack="2147483647"/>
</pin_list>
<bind>
<StgValue><ssdm name=""/></StgValue>
</bind>
</comp>

<comp id="532" class="1004" name="x_7_fu_532">
<pin_list>
<pin id="533" dir="0" index="0" bw="1" slack="0"/>
<pin id="534" dir="1" index="1" bw="3" slack="0"/>
</pin_list>
<bind>
<opcode="alloca(26) " fcode="alloca"/>
<opset="x_7/1 "/>
</bind>
</comp>

<comp id="536" class="1004" name="y_fu_536">
<pin_list>
<pin id="537" dir="0" index="0" bw="1" slack="0"/>
<pin id="538" dir="1" index="1" bw="3" slack="0"/>
</pin_list>
<bind>
<opcode="alloca(26) " fcode="alloca"/>
<opset="y/1 "/>
</bind>
</comp>

<comp id="540" class="1004" name="indvar_flatten40_fu_540">
<pin_list>
<pin id="541" dir="0" index="0" bw="1" slack="0"/>
<pin id="542" dir="1" index="1" bw="6" slack="0"/>
</pin_list>
<bind>
<opcode="alloca(26) " fcode="alloca"/>
<opset="indvar_flatten40/1 "/>
</bind>
</comp>

<comp id="544" class="1004" name="tmp_read_fu_544">
<pin_list>
<pin id="545" dir="0" index="0" bw="2" slack="0"/>
<pin id="546" dir="0" index="1" bw="2" slack="0"/>
<pin id="547" dir="1" index="2" bw="2" slack="1"/>
</pin_list>
<bind>
<opcode="read(1150) " fcode="read"/>
<opset="tmp/1 "/>
</bind>
</comp>

<comp id="550" class="1004" name="s1_read_read_fu_550">
<pin_list>
<pin id="551" dir="0" index="0" bw="96" slack="0"/>
<pin id="552" dir="0" index="1" bw="96" slack="0"/>
<pin id="553" dir="1" index="2" bw="96" slack="0"/>
</pin_list>
<bind>
<opcode="read(1150) " fcode="read"/>
<opset="s1_read/2 "/>
</bind>
</comp>

<comp id="556" class="1004" name="fb_addr_gep_fu_556">
<pin_list>
<pin id="557" dir="0" index="0" bw="8" slack="0"/>
<pin id="558" dir="0" index="1" bw="1" slack="0"/>
<pin id="559" dir="0" index="2" bw="3" slack="0"/>
<pin id="560" dir="1" index="3" bw="3" slack="0"/>
</pin_list>
<bind>
<opcode="getelementptr(29) " fcode="getelementptr"/>
<opset="fb_addr/2 "/>
</bind>
</comp>

<comp id="563" class="1004" name="fb_216_addr_gep_fu_563">
<pin_list>
<pin id="564" dir="0" index="0" bw="8" slack="0"/>
<pin id="565" dir="0" index="1" bw="1" slack="0"/>
<pin id="566" dir="0" index="2" bw="3" slack="0"/>
<pin id="567" dir="1" index="3" bw="3" slack="0"/>
</pin_list>
<bind>
<opcode="getelementptr(29) " fcode="getelementptr"/>
<opset="fb_216_addr/2 "/>
</bind>
</comp>

<comp id="570" class="1004" name="fb_217_addr_gep_fu_570">
<pin_list>
<pin id="571" dir="0" index="0" bw="8" slack="0"/>
<pin id="572" dir="0" index="1" bw="1" slack="0"/>
<pin id="573" dir="0" index="2" bw="3" slack="0"/>
<pin id="574" dir="1" index="3" bw="3" slack="0"/>
</pin_list>
<bind>
<opcode="getelementptr(29) " fcode="getelementptr"/>
<opset="fb_217_addr/2 "/>
</bind>
</comp>

<comp id="577" class="1004" name="fb_218_addr_gep_fu_577">
<pin_list>
<pin id="578" dir="0" index="0" bw="8" slack="0"/>
<pin id="579" dir="0" index="1" bw="1" slack="0"/>
<pin id="580" dir="0" index="2" bw="3" slack="0"/>
<pin id="581" dir="1" index="3" bw="3" slack="0"/>
</pin_list>
<bind>
<opcode="getelementptr(29) " fcode="getelementptr"/>
<opset="fb_218_addr/2 "/>
</bind>
</comp>

<comp id="584" class="1004" name="fb_219_addr_gep_fu_584">
<pin_list>
<pin id="585" dir="0" index="0" bw="8" slack="0"/>
<pin id="586" dir="0" index="1" bw="1" slack="0"/>
<pin id="587" dir="0" index="2" bw="3" slack="0"/>
<pin id="588" dir="1" index="3" bw="3" slack="0"/>
</pin_list>
<bind>
<opcode="getelementptr(29) " fcode="getelementptr"/>
<opset="fb_219_addr/2 "/>
</bind>
</comp>

<comp id="591" class="1004" name="fb_220_addr_gep_fu_591">
<pin_list>
<pin id="592" dir="0" index="0" bw="8" slack="0"/>
<pin id="593" dir="0" index="1" bw="1" slack="0"/>
<pin id="594" dir="0" index="2" bw="3" slack="0"/>
<pin id="595" dir="1" index="3" bw="3" slack="0"/>
</pin_list>
<bind>
<opcode="getelementptr(29) " fcode="getelementptr"/>
<opset="fb_220_addr/2 "/>
</bind>
</comp>

<comp id="598" class="1004" name="fb_221_addr_gep_fu_598">
<pin_list>
<pin id="599" dir="0" index="0" bw="8" slack="0"/>
<pin id="600" dir="0" index="1" bw="1" slack="0"/>
<pin id="601" dir="0" index="2" bw="3" slack="0"/>
<pin id="602" dir="1" index="3" bw="3" slack="0"/>
</pin_list>
<bind>
<opcode="getelementptr(29) " fcode="getelementptr"/>
<opset="fb_221_addr/2 "/>
</bind>
</comp>

<comp id="605" class="1004" name="fb_222_addr_gep_fu_605">
<pin_list>
<pin id="606" dir="0" index="0" bw="8" slack="0"/>
<pin id="607" dir="0" index="1" bw="1" slack="0"/>
<pin id="608" dir="0" index="2" bw="3" slack="0"/>
<pin id="609" dir="1" index="3" bw="3" slack="0"/>
</pin_list>
<bind>
<opcode="getelementptr(29) " fcode="getelementptr"/>
<opset="fb_222_addr/2 "/>
</bind>
</comp>

<comp id="612" class="1004" name="fb_223_addr_gep_fu_612">
<pin_list>
<pin id="613" dir="0" index="0" bw="8" slack="0"/>
<pin id="614" dir="0" index="1" bw="1" slack="0"/>
<pin id="615" dir="0" index="2" bw="3" slack="0"/>
<pin id="616" dir="1" index="3" bw="3" slack="0"/>
</pin_list>
<bind>
<opcode="getelementptr(29) " fcode="getelementptr"/>
<opset="fb_223_addr/2 "/>
</bind>
</comp>

<comp id="619" class="1004" name="fb_224_addr_gep_fu_619">
<pin_list>
<pin id="620" dir="0" index="0" bw="8" slack="0"/>
<pin id="621" dir="0" index="1" bw="1" slack="0"/>
<pin id="622" dir="0" index="2" bw="3" slack="0"/>
<pin id="623" dir="1" index="3" bw="3" slack="0"/>
</pin_list>
<bind>
<opcode="getelementptr(29) " fcode="getelementptr"/>
<opset="fb_224_addr/2 "/>
</bind>
</comp>

<comp id="626" class="1004" name="fb_225_addr_gep_fu_626">
<pin_list>
<pin id="627" dir="0" index="0" bw="8" slack="0"/>
<pin id="628" dir="0" index="1" bw="1" slack="0"/>
<pin id="629" dir="0" index="2" bw="3" slack="0"/>
<pin id="630" dir="1" index="3" bw="3" slack="0"/>
</pin_list>
<bind>
<opcode="getelementptr(29) " fcode="getelementptr"/>
<opset="fb_225_addr/2 "/>
</bind>
</comp>

<comp id="633" class="1004" name="fb_226_addr_gep_fu_633">
<pin_list>
<pin id="634" dir="0" index="0" bw="8" slack="0"/>
<pin id="635" dir="0" index="1" bw="1" slack="0"/>
<pin id="636" dir="0" index="2" bw="3" slack="0"/>
<pin id="637" dir="1" index="3" bw="3" slack="0"/>
</pin_list>
<bind>
<opcode="getelementptr(29) " fcode="getelementptr"/>
<opset="fb_226_addr/2 "/>
</bind>
</comp>

<comp id="640" class="1004" name="fb_227_addr_gep_fu_640">
<pin_list>
<pin id="641" dir="0" index="0" bw="8" slack="0"/>
<pin id="642" dir="0" index="1" bw="1" slack="0"/>
<pin id="643" dir="0" index="2" bw="3" slack="0"/>
<pin id="644" dir="1" index="3" bw="3" slack="0"/>
</pin_list>
<bind>
<opcode="getelementptr(29) " fcode="getelementptr"/>
<opset="fb_227_addr/2 "/>
</bind>
</comp>

<comp id="647" class="1004" name="fb_228_addr_gep_fu_647">
<pin_list>
<pin id="648" dir="0" index="0" bw="8" slack="0"/>
<pin id="649" dir="0" index="1" bw="1" slack="0"/>
<pin id="650" dir="0" index="2" bw="3" slack="0"/>
<pin id="651" dir="1" index="3" bw="3" slack="0"/>
</pin_list>
<bind>
<opcode="getelementptr(29) " fcode="getelementptr"/>
<opset="fb_228_addr/2 "/>
</bind>
</comp>

<comp id="654" class="1004" name="fb_229_addr_gep_fu_654">
<pin_list>
<pin id="655" dir="0" index="0" bw="8" slack="0"/>
<pin id="656" dir="0" index="1" bw="1" slack="0"/>
<pin id="657" dir="0" index="2" bw="3" slack="0"/>
<pin id="658" dir="1" index="3" bw="3" slack="0"/>
</pin_list>
<bind>
<opcode="getelementptr(29) " fcode="getelementptr"/>
<opset="fb_229_addr/2 "/>
</bind>
</comp>

<comp id="661" class="1004" name="fb_230_addr_gep_fu_661">
<pin_list>
<pin id="662" dir="0" index="0" bw="8" slack="0"/>
<pin id="663" dir="0" index="1" bw="1" slack="0"/>
<pin id="664" dir="0" index="2" bw="3" slack="0"/>
<pin id="665" dir="1" index="3" bw="3" slack="0"/>
</pin_list>
<bind>
<opcode="getelementptr(29) " fcode="getelementptr"/>
<opset="fb_230_addr/2 "/>
</bind>
</comp>

<comp id="668" class="1004" name="fb_231_addr_gep_fu_668">
<pin_list>
<pin id="669" dir="0" index="0" bw="8" slack="0"/>
<pin id="670" dir="0" index="1" bw="1" slack="0"/>
<pin id="671" dir="0" index="2" bw="3" slack="0"/>
<pin id="672" dir="1" index="3" bw="3" slack="0"/>
</pin_list>
<bind>
<opcode="getelementptr(29) " fcode="getelementptr"/>
<opset="fb_231_addr/2 "/>
</bind>
</comp>

<comp id="675" class="1004" name="fb_232_addr_gep_fu_675">
<pin_list>
<pin id="676" dir="0" index="0" bw="8" slack="0"/>
<pin id="677" dir="0" index="1" bw="1" slack="0"/>
<pin id="678" dir="0" index="2" bw="3" slack="0"/>
<pin id="679" dir="1" index="3" bw="3" slack="0"/>
</pin_list>
<bind>
<opcode="getelementptr(29) " fcode="getelementptr"/>
<opset="fb_232_addr/2 "/>
</bind>
</comp>

<comp id="682" class="1004" name="fb_233_addr_gep_fu_682">
<pin_list>
<pin id="683" dir="0" index="0" bw="8" slack="0"/>
<pin id="684" dir="0" index="1" bw="1" slack="0"/>
<pin id="685" dir="0" index="2" bw="3" slack="0"/>
<pin id="686" dir="1" index="3" bw="3" slack="0"/>
</pin_list>
<bind>
<opcode="getelementptr(29) " fcode="getelementptr"/>
<opset="fb_233_addr/2 "/>
</bind>
</comp>

<comp id="689" class="1004" name="fb_234_addr_gep_fu_689">
<pin_list>
<pin id="690" dir="0" index="0" bw="8" slack="0"/>
<pin id="691" dir="0" index="1" bw="1" slack="0"/>
<pin id="692" dir="0" index="2" bw="3" slack="0"/>
<pin id="693" dir="1" index="3" bw="3" slack="0"/>
</pin_list>
<bind>
<opcode="getelementptr(29) " fcode="getelementptr"/>
<opset="fb_234_addr/2 "/>
</bind>
</comp>

<comp id="696" class="1004" name="fb_235_addr_gep_fu_696">
<pin_list>
<pin id="697" dir="0" index="0" bw="8" slack="0"/>
<pin id="698" dir="0" index="1" bw="1" slack="0"/>
<pin id="699" dir="0" index="2" bw="3" slack="0"/>
<pin id="700" dir="1" index="3" bw="3" slack="0"/>
</pin_list>
<bind>
<opcode="getelementptr(29) " fcode="getelementptr"/>
<opset="fb_235_addr/2 "/>
</bind>
</comp>

<comp id="703" class="1004" name="fb_236_addr_gep_fu_703">
<pin_list>
<pin id="704" dir="0" index="0" bw="8" slack="0"/>
<pin id="705" dir="0" index="1" bw="1" slack="0"/>
<pin id="706" dir="0" index="2" bw="3" slack="0"/>
<pin id="707" dir="1" index="3" bw="3" slack="0"/>
</pin_list>
<bind>
<opcode="getelementptr(29) " fcode="getelementptr"/>
<opset="fb_236_addr/2 "/>
</bind>
</comp>

<comp id="710" class="1004" name="fb_237_addr_gep_fu_710">
<pin_list>
<pin id="711" dir="0" index="0" bw="8" slack="0"/>
<pin id="712" dir="0" index="1" bw="1" slack="0"/>
<pin id="713" dir="0" index="2" bw="3" slack="0"/>
<pin id="714" dir="1" index="3" bw="3" slack="0"/>
</pin_list>
<bind>
<opcode="getelementptr(29) " fcode="getelementptr"/>
<opset="fb_237_addr/2 "/>
</bind>
</comp>

<comp id="717" class="1004" name="fb_238_addr_gep_fu_717">
<pin_list>
<pin id="718" dir="0" index="0" bw="8" slack="0"/>
<pin id="719" dir="0" index="1" bw="1" slack="0"/>
<pin id="720" dir="0" index="2" bw="3" slack="0"/>
<pin id="721" dir="1" index="3" bw="3" slack="0"/>
</pin_list>
<bind>
<opcode="getelementptr(29) " fcode="getelementptr"/>
<opset="fb_238_addr/2 "/>
</bind>
</comp>

<comp id="724" class="1004" name="fb_239_addr_gep_fu_724">
<pin_list>
<pin id="725" dir="0" index="0" bw="8" slack="0"/>
<pin id="726" dir="0" index="1" bw="1" slack="0"/>
<pin id="727" dir="0" index="2" bw="3" slack="0"/>
<pin id="728" dir="1" index="3" bw="3" slack="0"/>
</pin_list>
<bind>
<opcode="getelementptr(29) " fcode="getelementptr"/>
<opset="fb_239_addr/2 "/>
</bind>
</comp>

<comp id="731" class="1004" name="fb_240_addr_gep_fu_731">
<pin_list>
<pin id="732" dir="0" index="0" bw="8" slack="0"/>
<pin id="733" dir="0" index="1" bw="1" slack="0"/>
<pin id="734" dir="0" index="2" bw="3" slack="0"/>
<pin id="735" dir="1" index="3" bw="3" slack="0"/>
</pin_list>
<bind>
<opcode="getelementptr(29) " fcode="getelementptr"/>
<opset="fb_240_addr/2 "/>
</bind>
</comp>

<comp id="738" class="1004" name="fb_241_addr_gep_fu_738">
<pin_list>
<pin id="739" dir="0" index="0" bw="8" slack="0"/>
<pin id="740" dir="0" index="1" bw="1" slack="0"/>
<pin id="741" dir="0" index="2" bw="3" slack="0"/>
<pin id="742" dir="1" index="3" bw="3" slack="0"/>
</pin_list>
<bind>
<opcode="getelementptr(29) " fcode="getelementptr"/>
<opset="fb_241_addr/2 "/>
</bind>
</comp>

<comp id="745" class="1004" name="fb_242_addr_gep_fu_745">
<pin_list>
<pin id="746" dir="0" index="0" bw="8" slack="0"/>
<pin id="747" dir="0" index="1" bw="1" slack="0"/>
<pin id="748" dir="0" index="2" bw="3" slack="0"/>
<pin id="749" dir="1" index="3" bw="3" slack="0"/>
</pin_list>
<bind>
<opcode="getelementptr(29) " fcode="getelementptr"/>
<opset="fb_242_addr/2 "/>
</bind>
</comp>

<comp id="752" class="1004" name="fb_243_addr_gep_fu_752">
<pin_list>
<pin id="753" dir="0" index="0" bw="8" slack="0"/>
<pin id="754" dir="0" index="1" bw="1" slack="0"/>
<pin id="755" dir="0" index="2" bw="3" slack="0"/>
<pin id="756" dir="1" index="3" bw="3" slack="0"/>
</pin_list>
<bind>
<opcode="getelementptr(29) " fcode="getelementptr"/>
<opset="fb_243_addr/2 "/>
</bind>
</comp>

<comp id="759" class="1004" name="fb_244_addr_gep_fu_759">
<pin_list>
<pin id="760" dir="0" index="0" bw="8" slack="0"/>
<pin id="761" dir="0" index="1" bw="1" slack="0"/>
<pin id="762" dir="0" index="2" bw="3" slack="0"/>
<pin id="763" dir="1" index="3" bw="3" slack="0"/>
</pin_list>
<bind>
<opcode="getelementptr(29) " fcode="getelementptr"/>
<opset="fb_244_addr/2 "/>
</bind>
</comp>

<comp id="766" class="1004" name="fb_245_addr_gep_fu_766">
<pin_list>
<pin id="767" dir="0" index="0" bw="8" slack="0"/>
<pin id="768" dir="0" index="1" bw="1" slack="0"/>
<pin id="769" dir="0" index="2" bw="3" slack="0"/>
<pin id="770" dir="1" index="3" bw="3" slack="0"/>
</pin_list>
<bind>
<opcode="getelementptr(29) " fcode="getelementptr"/>
<opset="fb_245_addr/2 "/>
</bind>
</comp>

<comp id="773" class="1004" name="fb_246_addr_gep_fu_773">
<pin_list>
<pin id="774" dir="0" index="0" bw="8" slack="0"/>
<pin id="775" dir="0" index="1" bw="1" slack="0"/>
<pin id="776" dir="0" index="2" bw="3" slack="0"/>
<pin id="777" dir="1" index="3" bw="3" slack="0"/>
</pin_list>
<bind>
<opcode="getelementptr(29) " fcode="getelementptr"/>
<opset="fb_246_addr/2 "/>
</bind>
</comp>

<comp id="780" class="1004" name="fb_247_addr_gep_fu_780">
<pin_list>
<pin id="781" dir="0" index="0" bw="8" slack="0"/>
<pin id="782" dir="0" index="1" bw="1" slack="0"/>
<pin id="783" dir="0" index="2" bw="3" slack="0"/>
<pin id="784" dir="1" index="3" bw="3" slack="0"/>
</pin_list>
<bind>
<opcode="getelementptr(29) " fcode="getelementptr"/>
<opset="fb_247_addr/2 "/>
</bind>
</comp>

<comp id="787" class="1004" name="fb_248_addr_gep_fu_787">
<pin_list>
<pin id="788" dir="0" index="0" bw="8" slack="0"/>
<pin id="789" dir="0" index="1" bw="1" slack="0"/>
<pin id="790" dir="0" index="2" bw="3" slack="0"/>
<pin id="791" dir="1" index="3" bw="3" slack="0"/>
</pin_list>
<bind>
<opcode="getelementptr(29) " fcode="getelementptr"/>
<opset="fb_248_addr/2 "/>
</bind>
</comp>

<comp id="794" class="1004" name="fb_249_addr_gep_fu_794">
<pin_list>
<pin id="795" dir="0" index="0" bw="8" slack="0"/>
<pin id="796" dir="0" index="1" bw="1" slack="0"/>
<pin id="797" dir="0" index="2" bw="3" slack="0"/>
<pin id="798" dir="1" index="3" bw="3" slack="0"/>
</pin_list>
<bind>
<opcode="getelementptr(29) " fcode="getelementptr"/>
<opset="fb_249_addr/2 "/>
</bind>
</comp>

<comp id="801" class="1004" name="fb_250_addr_gep_fu_801">
<pin_list>
<pin id="802" dir="0" index="0" bw="8" slack="0"/>
<pin id="803" dir="0" index="1" bw="1" slack="0"/>
<pin id="804" dir="0" index="2" bw="3" slack="0"/>
<pin id="805" dir="1" index="3" bw="3" slack="0"/>
</pin_list>
<bind>
<opcode="getelementptr(29) " fcode="getelementptr"/>
<opset="fb_250_addr/2 "/>
</bind>
</comp>

<comp id="808" class="1004" name="fb_251_addr_gep_fu_808">
<pin_list>
<pin id="809" dir="0" index="0" bw="8" slack="0"/>
<pin id="810" dir="0" index="1" bw="1" slack="0"/>
<pin id="811" dir="0" index="2" bw="3" slack="0"/>
<pin id="812" dir="1" index="3" bw="3" slack="0"/>
</pin_list>
<bind>
<opcode="getelementptr(29) " fcode="getelementptr"/>
<opset="fb_251_addr/2 "/>
</bind>
</comp>

<comp id="815" class="1004" name="fb_252_addr_gep_fu_815">
<pin_list>
<pin id="816" dir="0" index="0" bw="8" slack="0"/>
<pin id="817" dir="0" index="1" bw="1" slack="0"/>
<pin id="818" dir="0" index="2" bw="3" slack="0"/>
<pin id="819" dir="1" index="3" bw="3" slack="0"/>
</pin_list>
<bind>
<opcode="getelementptr(29) " fcode="getelementptr"/>
<opset="fb_252_addr/2 "/>
</bind>
</comp>

<comp id="822" class="1004" name="fb_253_addr_gep_fu_822">
<pin_list>
<pin id="823" dir="0" index="0" bw="8" slack="0"/>
<pin id="824" dir="0" index="1" bw="1" slack="0"/>
<pin id="825" dir="0" index="2" bw="3" slack="0"/>
<pin id="826" dir="1" index="3" bw="3" slack="0"/>
</pin_list>
<bind>
<opcode="getelementptr(29) " fcode="getelementptr"/>
<opset="fb_253_addr/2 "/>
</bind>
</comp>

<comp id="829" class="1004" name="fb_254_addr_gep_fu_829">
<pin_list>
<pin id="830" dir="0" index="0" bw="8" slack="0"/>
<pin id="831" dir="0" index="1" bw="1" slack="0"/>
<pin id="832" dir="0" index="2" bw="3" slack="0"/>
<pin id="833" dir="1" index="3" bw="3" slack="0"/>
</pin_list>
<bind>
<opcode="getelementptr(29) " fcode="getelementptr"/>
<opset="fb_254_addr/2 "/>
</bind>
</comp>

<comp id="836" class="1004" name="fb_255_addr_gep_fu_836">
<pin_list>
<pin id="837" dir="0" index="0" bw="8" slack="0"/>
<pin id="838" dir="0" index="1" bw="1" slack="0"/>
<pin id="839" dir="0" index="2" bw="3" slack="0"/>
<pin id="840" dir="1" index="3" bw="3" slack="0"/>
</pin_list>
<bind>
<opcode="getelementptr(29) " fcode="getelementptr"/>
<opset="fb_255_addr/2 "/>
</bind>
</comp>

<comp id="843" class="1004" name="fb_256_addr_gep_fu_843">
<pin_list>
<pin id="844" dir="0" index="0" bw="8" slack="0"/>
<pin id="845" dir="0" index="1" bw="1" slack="0"/>
<pin id="846" dir="0" index="2" bw="3" slack="0"/>
<pin id="847" dir="1" index="3" bw="3" slack="0"/>
</pin_list>
<bind>
<opcode="getelementptr(29) " fcode="getelementptr"/>
<opset="fb_256_addr/2 "/>
</bind>
</comp>

<comp id="850" class="1004" name="fb_257_addr_gep_fu_850">
<pin_list>
<pin id="851" dir="0" index="0" bw="8" slack="0"/>
<pin id="852" dir="0" index="1" bw="1" slack="0"/>
<pin id="853" dir="0" index="2" bw="3" slack="0"/>
<pin id="854" dir="1" index="3" bw="3" slack="0"/>
</pin_list>
<bind>
<opcode="getelementptr(29) " fcode="getelementptr"/>
<opset="fb_257_addr/2 "/>
</bind>
</comp>

<comp id="857" class="1004" name="fb_258_addr_gep_fu_857">
<pin_list>
<pin id="858" dir="0" index="0" bw="8" slack="0"/>
<pin id="859" dir="0" index="1" bw="1" slack="0"/>
<pin id="860" dir="0" index="2" bw="3" slack="0"/>
<pin id="861" dir="1" index="3" bw="3" slack="0"/>
</pin_list>
<bind>
<opcode="getelementptr(29) " fcode="getelementptr"/>
<opset="fb_258_addr/2 "/>
</bind>
</comp>

<comp id="864" class="1004" name="fb_259_addr_gep_fu_864">
<pin_list>
<pin id="865" dir="0" index="0" bw="8" slack="0"/>
<pin id="866" dir="0" index="1" bw="1" slack="0"/>
<pin id="867" dir="0" index="2" bw="3" slack="0"/>
<pin id="868" dir="1" index="3" bw="3" slack="0"/>
</pin_list>
<bind>
<opcode="getelementptr(29) " fcode="getelementptr"/>
<opset="fb_259_addr/2 "/>
</bind>
</comp>

<comp id="871" class="1004" name="fb_260_addr_gep_fu_871">
<pin_list>
<pin id="872" dir="0" index="0" bw="8" slack="0"/>
<pin id="873" dir="0" index="1" bw="1" slack="0"/>
<pin id="874" dir="0" index="2" bw="3" slack="0"/>
<pin id="875" dir="1" index="3" bw="3" slack="0"/>
</pin_list>
<bind>
<opcode="getelementptr(29) " fcode="getelementptr"/>
<opset="fb_260_addr/2 "/>
</bind>
</comp>

<comp id="878" class="1004" name="fb_261_addr_gep_fu_878">
<pin_list>
<pin id="879" dir="0" index="0" bw="8" slack="0"/>
<pin id="880" dir="0" index="1" bw="1" slack="0"/>
<pin id="881" dir="0" index="2" bw="3" slack="0"/>
<pin id="882" dir="1" index="3" bw="3" slack="0"/>
</pin_list>
<bind>
<opcode="getelementptr(29) " fcode="getelementptr"/>
<opset="fb_261_addr/2 "/>
</bind>
</comp>

<comp id="885" class="1004" name="fb_262_addr_gep_fu_885">
<pin_list>
<pin id="886" dir="0" index="0" bw="8" slack="0"/>
<pin id="887" dir="0" index="1" bw="1" slack="0"/>
<pin id="888" dir="0" index="2" bw="3" slack="0"/>
<pin id="889" dir="1" index="3" bw="3" slack="0"/>
</pin_list>
<bind>
<opcode="getelementptr(29) " fcode="getelementptr"/>
<opset="fb_262_addr/2 "/>
</bind>
</comp>

<comp id="892" class="1004" name="fb_263_addr_gep_fu_892">
<pin_list>
<pin id="893" dir="0" index="0" bw="8" slack="0"/>
<pin id="894" dir="0" index="1" bw="1" slack="0"/>
<pin id="895" dir="0" index="2" bw="3" slack="0"/>
<pin id="896" dir="1" index="3" bw="3" slack="0"/>
</pin_list>
<bind>
<opcode="getelementptr(29) " fcode="getelementptr"/>
<opset="fb_263_addr/2 "/>
</bind>
</comp>

<comp id="899" class="1004" name="fb_264_addr_gep_fu_899">
<pin_list>
<pin id="900" dir="0" index="0" bw="8" slack="0"/>
<pin id="901" dir="0" index="1" bw="1" slack="0"/>
<pin id="902" dir="0" index="2" bw="3" slack="0"/>
<pin id="903" dir="1" index="3" bw="3" slack="0"/>
</pin_list>
<bind>
<opcode="getelementptr(29) " fcode="getelementptr"/>
<opset="fb_264_addr/2 "/>
</bind>
</comp>

<comp id="906" class="1004" name="fb_265_addr_gep_fu_906">
<pin_list>
<pin id="907" dir="0" index="0" bw="8" slack="0"/>
<pin id="908" dir="0" index="1" bw="1" slack="0"/>
<pin id="909" dir="0" index="2" bw="3" slack="0"/>
<pin id="910" dir="1" index="3" bw="3" slack="0"/>
</pin_list>
<bind>
<opcode="getelementptr(29) " fcode="getelementptr"/>
<opset="fb_265_addr/2 "/>
</bind>
</comp>

<comp id="913" class="1004" name="fb_266_addr_gep_fu_913">
<pin_list>
<pin id="914" dir="0" index="0" bw="8" slack="0"/>
<pin id="915" dir="0" index="1" bw="1" slack="0"/>
<pin id="916" dir="0" index="2" bw="3" slack="0"/>
<pin id="917" dir="1" index="3" bw="3" slack="0"/>
</pin_list>
<bind>
<opcode="getelementptr(29) " fcode="getelementptr"/>
<opset="fb_266_addr/2 "/>
</bind>
</comp>

<comp id="920" class="1004" name="fb_267_addr_gep_fu_920">
<pin_list>
<pin id="921" dir="0" index="0" bw="8" slack="0"/>
<pin id="922" dir="0" index="1" bw="1" slack="0"/>
<pin id="923" dir="0" index="2" bw="3" slack="0"/>
<pin id="924" dir="1" index="3" bw="3" slack="0"/>
</pin_list>
<bind>
<opcode="getelementptr(29) " fcode="getelementptr"/>
<opset="fb_267_addr/2 "/>
</bind>
</comp>

<comp id="927" class="1004" name="fb_268_addr_gep_fu_927">
<pin_list>
<pin id="928" dir="0" index="0" bw="8" slack="0"/>
<pin id="929" dir="0" index="1" bw="1" slack="0"/>
<pin id="930" dir="0" index="2" bw="3" slack="0"/>
<pin id="931" dir="1" index="3" bw="3" slack="0"/>
</pin_list>
<bind>
<opcode="getelementptr(29) " fcode="getelementptr"/>
<opset="fb_268_addr/2 "/>
</bind>
</comp>

<comp id="934" class="1004" name="fb_269_addr_gep_fu_934">
<pin_list>
<pin id="935" dir="0" index="0" bw="8" slack="0"/>
<pin id="936" dir="0" index="1" bw="1" slack="0"/>
<pin id="937" dir="0" index="2" bw="3" slack="0"/>
<pin id="938" dir="1" index="3" bw="3" slack="0"/>
</pin_list>
<bind>
<opcode="getelementptr(29) " fcode="getelementptr"/>
<opset="fb_269_addr/2 "/>
</bind>
</comp>

<comp id="941" class="1004" name="fb_270_addr_gep_fu_941">
<pin_list>
<pin id="942" dir="0" index="0" bw="8" slack="0"/>
<pin id="943" dir="0" index="1" bw="1" slack="0"/>
<pin id="944" dir="0" index="2" bw="3" slack="0"/>
<pin id="945" dir="1" index="3" bw="3" slack="0"/>
</pin_list>
<bind>
<opcode="getelementptr(29) " fcode="getelementptr"/>
<opset="fb_270_addr/2 "/>
</bind>
</comp>

<comp id="948" class="1004" name="fb_271_addr_gep_fu_948">
<pin_list>
<pin id="949" dir="0" index="0" bw="8" slack="0"/>
<pin id="950" dir="0" index="1" bw="1" slack="0"/>
<pin id="951" dir="0" index="2" bw="3" slack="0"/>
<pin id="952" dir="1" index="3" bw="3" slack="0"/>
</pin_list>
<bind>
<opcode="getelementptr(29) " fcode="getelementptr"/>
<opset="fb_271_addr/2 "/>
</bind>
</comp>

<comp id="955" class="1004" name="fb_272_addr_gep_fu_955">
<pin_list>
<pin id="956" dir="0" index="0" bw="8" slack="0"/>
<pin id="957" dir="0" index="1" bw="1" slack="0"/>
<pin id="958" dir="0" index="2" bw="3" slack="0"/>
<pin id="959" dir="1" index="3" bw="3" slack="0"/>
</pin_list>
<bind>
<opcode="getelementptr(29) " fcode="getelementptr"/>
<opset="fb_272_addr/2 "/>
</bind>
</comp>

<comp id="962" class="1004" name="fb_273_addr_gep_fu_962">
<pin_list>
<pin id="963" dir="0" index="0" bw="8" slack="0"/>
<pin id="964" dir="0" index="1" bw="1" slack="0"/>
<pin id="965" dir="0" index="2" bw="3" slack="0"/>
<pin id="966" dir="1" index="3" bw="3" slack="0"/>
</pin_list>
<bind>
<opcode="getelementptr(29) " fcode="getelementptr"/>
<opset="fb_273_addr/2 "/>
</bind>
</comp>

<comp id="969" class="1004" name="fb_274_addr_gep_fu_969">
<pin_list>
<pin id="970" dir="0" index="0" bw="8" slack="0"/>
<pin id="971" dir="0" index="1" bw="1" slack="0"/>
<pin id="972" dir="0" index="2" bw="3" slack="0"/>
<pin id="973" dir="1" index="3" bw="3" slack="0"/>
</pin_list>
<bind>
<opcode="getelementptr(29) " fcode="getelementptr"/>
<opset="fb_274_addr/2 "/>
</bind>
</comp>

<comp id="976" class="1004" name="fb_275_addr_gep_fu_976">
<pin_list>
<pin id="977" dir="0" index="0" bw="8" slack="0"/>
<pin id="978" dir="0" index="1" bw="1" slack="0"/>
<pin id="979" dir="0" index="2" bw="3" slack="0"/>
<pin id="980" dir="1" index="3" bw="3" slack="0"/>
</pin_list>
<bind>
<opcode="getelementptr(29) " fcode="getelementptr"/>
<opset="fb_275_addr/2 "/>
</bind>
</comp>

<comp id="983" class="1004" name="fb_276_addr_gep_fu_983">
<pin_list>
<pin id="984" dir="0" index="0" bw="8" slack="0"/>
<pin id="985" dir="0" index="1" bw="1" slack="0"/>
<pin id="986" dir="0" index="2" bw="3" slack="0"/>
<pin id="987" dir="1" index="3" bw="3" slack="0"/>
</pin_list>
<bind>
<opcode="getelementptr(29) " fcode="getelementptr"/>
<opset="fb_276_addr/2 "/>
</bind>
</comp>

<comp id="990" class="1004" name="fb_277_addr_gep_fu_990">
<pin_list>
<pin id="991" dir="0" index="0" bw="8" slack="0"/>
<pin id="992" dir="0" index="1" bw="1" slack="0"/>
<pin id="993" dir="0" index="2" bw="3" slack="0"/>
<pin id="994" dir="1" index="3" bw="3" slack="0"/>
</pin_list>
<bind>
<opcode="getelementptr(29) " fcode="getelementptr"/>
<opset="fb_277_addr/2 "/>
</bind>
</comp>

<comp id="997" class="1004" name="fb_278_addr_gep_fu_997">
<pin_list>
<pin id="998" dir="0" index="0" bw="8" slack="0"/>
<pin id="999" dir="0" index="1" bw="1" slack="0"/>
<pin id="1000" dir="0" index="2" bw="3" slack="0"/>
<pin id="1001" dir="1" index="3" bw="3" slack="0"/>
</pin_list>
<bind>
<opcode="getelementptr(29) " fcode="getelementptr"/>
<opset="fb_278_addr/2 "/>
</bind>
</comp>

<comp id="1004" class="1004" name="fb_279_addr_gep_fu_1004">
<pin_list>
<pin id="1005" dir="0" index="0" bw="8" slack="0"/>
<pin id="1006" dir="0" index="1" bw="1" slack="0"/>
<pin id="1007" dir="0" index="2" bw="3" slack="0"/>
<pin id="1008" dir="1" index="3" bw="3" slack="0"/>
</pin_list>
<bind>
<opcode="getelementptr(29) " fcode="getelementptr"/>
<opset="fb_279_addr/2 "/>
</bind>
</comp>

<comp id="1011" class="1004" name="fb_280_addr_gep_fu_1011">
<pin_list>
<pin id="1012" dir="0" index="0" bw="8" slack="0"/>
<pin id="1013" dir="0" index="1" bw="1" slack="0"/>
<pin id="1014" dir="0" index="2" bw="3" slack="0"/>
<pin id="1015" dir="1" index="3" bw="3" slack="0"/>
</pin_list>
<bind>
<opcode="getelementptr(29) " fcode="getelementptr"/>
<opset="fb_280_addr/2 "/>
</bind>
</comp>

<comp id="1018" class="1004" name="fb_281_addr_gep_fu_1018">
<pin_list>
<pin id="1019" dir="0" index="0" bw="8" slack="0"/>
<pin id="1020" dir="0" index="1" bw="1" slack="0"/>
<pin id="1021" dir="0" index="2" bw="3" slack="0"/>
<pin id="1022" dir="1" index="3" bw="3" slack="0"/>
</pin_list>
<bind>
<opcode="getelementptr(29) " fcode="getelementptr"/>
<opset="fb_281_addr/2 "/>
</bind>
</comp>

<comp id="1025" class="1004" name="fb_282_addr_gep_fu_1025">
<pin_list>
<pin id="1026" dir="0" index="0" bw="8" slack="0"/>
<pin id="1027" dir="0" index="1" bw="1" slack="0"/>
<pin id="1028" dir="0" index="2" bw="3" slack="0"/>
<pin id="1029" dir="1" index="3" bw="3" slack="0"/>
</pin_list>
<bind>
<opcode="getelementptr(29) " fcode="getelementptr"/>
<opset="fb_282_addr/2 "/>
</bind>
</comp>

<comp id="1032" class="1004" name="fb_283_addr_gep_fu_1032">
<pin_list>
<pin id="1033" dir="0" index="0" bw="8" slack="0"/>
<pin id="1034" dir="0" index="1" bw="1" slack="0"/>
<pin id="1035" dir="0" index="2" bw="3" slack="0"/>
<pin id="1036" dir="1" index="3" bw="3" slack="0"/>
</pin_list>
<bind>
<opcode="getelementptr(29) " fcode="getelementptr"/>
<opset="fb_283_addr/2 "/>
</bind>
</comp>

<comp id="1039" class="1004" name="fb_284_addr_gep_fu_1039">
<pin_list>
<pin id="1040" dir="0" index="0" bw="8" slack="0"/>
<pin id="1041" dir="0" index="1" bw="1" slack="0"/>
<pin id="1042" dir="0" index="2" bw="3" slack="0"/>
<pin id="1043" dir="1" index="3" bw="3" slack="0"/>
</pin_list>
<bind>
<opcode="getelementptr(29) " fcode="getelementptr"/>
<opset="fb_284_addr/2 "/>
</bind>
</comp>

<comp id="1046" class="1004" name="fb_285_addr_gep_fu_1046">
<pin_list>
<pin id="1047" dir="0" index="0" bw="8" slack="0"/>
<pin id="1048" dir="0" index="1" bw="1" slack="0"/>
<pin id="1049" dir="0" index="2" bw="3" slack="0"/>
<pin id="1050" dir="1" index="3" bw="3" slack="0"/>
</pin_list>
<bind>
<opcode="getelementptr(29) " fcode="getelementptr"/>
<opset="fb_285_addr/2 "/>
</bind>
</comp>

<comp id="1053" class="1004" name="fb_286_addr_gep_fu_1053">
<pin_list>
<pin id="1054" dir="0" index="0" bw="8" slack="0"/>
<pin id="1055" dir="0" index="1" bw="1" slack="0"/>
<pin id="1056" dir="0" index="2" bw="3" slack="0"/>
<pin id="1057" dir="1" index="3" bw="3" slack="0"/>
</pin_list>
<bind>
<opcode="getelementptr(29) " fcode="getelementptr"/>
<opset="fb_286_addr/2 "/>
</bind>
</comp>

<comp id="1060" class="1004" name="fb_287_addr_gep_fu_1060">
<pin_list>
<pin id="1061" dir="0" index="0" bw="8" slack="0"/>
<pin id="1062" dir="0" index="1" bw="1" slack="0"/>
<pin id="1063" dir="0" index="2" bw="3" slack="0"/>
<pin id="1064" dir="1" index="3" bw="3" slack="0"/>
</pin_list>
<bind>
<opcode="getelementptr(29) " fcode="getelementptr"/>
<opset="fb_287_addr/2 "/>
</bind>
</comp>

<comp id="1067" class="1004" name="fb_288_addr_gep_fu_1067">
<pin_list>
<pin id="1068" dir="0" index="0" bw="8" slack="0"/>
<pin id="1069" dir="0" index="1" bw="1" slack="0"/>
<pin id="1070" dir="0" index="2" bw="3" slack="0"/>
<pin id="1071" dir="1" index="3" bw="3" slack="0"/>
</pin_list>
<bind>
<opcode="getelementptr(29) " fcode="getelementptr"/>
<opset="fb_288_addr/2 "/>
</bind>
</comp>

<comp id="1074" class="1004" name="fb_289_addr_gep_fu_1074">
<pin_list>
<pin id="1075" dir="0" index="0" bw="8" slack="0"/>
<pin id="1076" dir="0" index="1" bw="1" slack="0"/>
<pin id="1077" dir="0" index="2" bw="3" slack="0"/>
<pin id="1078" dir="1" index="3" bw="3" slack="0"/>
</pin_list>
<bind>
<opcode="getelementptr(29) " fcode="getelementptr"/>
<opset="fb_289_addr/2 "/>
</bind>
</comp>

<comp id="1081" class="1004" name="fb_290_addr_gep_fu_1081">
<pin_list>
<pin id="1082" dir="0" index="0" bw="8" slack="0"/>
<pin id="1083" dir="0" index="1" bw="1" slack="0"/>
<pin id="1084" dir="0" index="2" bw="3" slack="0"/>
<pin id="1085" dir="1" index="3" bw="3" slack="0"/>
</pin_list>
<bind>
<opcode="getelementptr(29) " fcode="getelementptr"/>
<opset="fb_290_addr/2 "/>
</bind>
</comp>

<comp id="1088" class="1004" name="fb_291_addr_gep_fu_1088">
<pin_list>
<pin id="1089" dir="0" index="0" bw="8" slack="0"/>
<pin id="1090" dir="0" index="1" bw="1" slack="0"/>
<pin id="1091" dir="0" index="2" bw="3" slack="0"/>
<pin id="1092" dir="1" index="3" bw="3" slack="0"/>
</pin_list>
<bind>
<opcode="getelementptr(29) " fcode="getelementptr"/>
<opset="fb_291_addr/2 "/>
</bind>
</comp>

<comp id="1095" class="1004" name="fb_292_addr_gep_fu_1095">
<pin_list>
<pin id="1096" dir="0" index="0" bw="8" slack="0"/>
<pin id="1097" dir="0" index="1" bw="1" slack="0"/>
<pin id="1098" dir="0" index="2" bw="3" slack="0"/>
<pin id="1099" dir="1" index="3" bw="3" slack="0"/>
</pin_list>
<bind>
<opcode="getelementptr(29) " fcode="getelementptr"/>
<opset="fb_292_addr/2 "/>
</bind>
</comp>

<comp id="1102" class="1004" name="fb_293_addr_gep_fu_1102">
<pin_list>
<pin id="1103" dir="0" index="0" bw="8" slack="0"/>
<pin id="1104" dir="0" index="1" bw="1" slack="0"/>
<pin id="1105" dir="0" index="2" bw="3" slack="0"/>
<pin id="1106" dir="1" index="3" bw="3" slack="0"/>
</pin_list>
<bind>
<opcode="getelementptr(29) " fcode="getelementptr"/>
<opset="fb_293_addr/2 "/>
</bind>
</comp>

<comp id="1109" class="1004" name="fb_294_addr_gep_fu_1109">
<pin_list>
<pin id="1110" dir="0" index="0" bw="8" slack="0"/>
<pin id="1111" dir="0" index="1" bw="1" slack="0"/>
<pin id="1112" dir="0" index="2" bw="3" slack="0"/>
<pin id="1113" dir="1" index="3" bw="3" slack="0"/>
</pin_list>
<bind>
<opcode="getelementptr(29) " fcode="getelementptr"/>
<opset="fb_294_addr/2 "/>
</bind>
</comp>

<comp id="1116" class="1004" name="fb_295_addr_gep_fu_1116">
<pin_list>
<pin id="1117" dir="0" index="0" bw="8" slack="0"/>
<pin id="1118" dir="0" index="1" bw="1" slack="0"/>
<pin id="1119" dir="0" index="2" bw="3" slack="0"/>
<pin id="1120" dir="1" index="3" bw="3" slack="0"/>
</pin_list>
<bind>
<opcode="getelementptr(29) " fcode="getelementptr"/>
<opset="fb_295_addr/2 "/>
</bind>
</comp>

<comp id="1123" class="1004" name="fb_296_addr_gep_fu_1123">
<pin_list>
<pin id="1124" dir="0" index="0" bw="8" slack="0"/>
<pin id="1125" dir="0" index="1" bw="1" slack="0"/>
<pin id="1126" dir="0" index="2" bw="3" slack="0"/>
<pin id="1127" dir="1" index="3" bw="3" slack="0"/>
</pin_list>
<bind>
<opcode="getelementptr(29) " fcode="getelementptr"/>
<opset="fb_296_addr/2 "/>
</bind>
</comp>

<comp id="1130" class="1004" name="fb_297_addr_gep_fu_1130">
<pin_list>
<pin id="1131" dir="0" index="0" bw="8" slack="0"/>
<pin id="1132" dir="0" index="1" bw="1" slack="0"/>
<pin id="1133" dir="0" index="2" bw="3" slack="0"/>
<pin id="1134" dir="1" index="3" bw="3" slack="0"/>
</pin_list>
<bind>
<opcode="getelementptr(29) " fcode="getelementptr"/>
<opset="fb_297_addr/2 "/>
</bind>
</comp>

<comp id="1137" class="1004" name="fb_298_addr_gep_fu_1137">
<pin_list>
<pin id="1138" dir="0" index="0" bw="8" slack="0"/>
<pin id="1139" dir="0" index="1" bw="1" slack="0"/>
<pin id="1140" dir="0" index="2" bw="3" slack="0"/>
<pin id="1141" dir="1" index="3" bw="3" slack="0"/>
</pin_list>
<bind>
<opcode="getelementptr(29) " fcode="getelementptr"/>
<opset="fb_298_addr/2 "/>
</bind>
</comp>

<comp id="1144" class="1004" name="fb_299_addr_gep_fu_1144">
<pin_list>
<pin id="1145" dir="0" index="0" bw="8" slack="0"/>
<pin id="1146" dir="0" index="1" bw="1" slack="0"/>
<pin id="1147" dir="0" index="2" bw="3" slack="0"/>
<pin id="1148" dir="1" index="3" bw="3" slack="0"/>
</pin_list>
<bind>
<opcode="getelementptr(29) " fcode="getelementptr"/>
<opset="fb_299_addr/2 "/>
</bind>
</comp>

<comp id="1151" class="1004" name="fb_300_addr_gep_fu_1151">
<pin_list>
<pin id="1152" dir="0" index="0" bw="8" slack="0"/>
<pin id="1153" dir="0" index="1" bw="1" slack="0"/>
<pin id="1154" dir="0" index="2" bw="3" slack="0"/>
<pin id="1155" dir="1" index="3" bw="3" slack="0"/>
</pin_list>
<bind>
<opcode="getelementptr(29) " fcode="getelementptr"/>
<opset="fb_300_addr/2 "/>
</bind>
</comp>

<comp id="1158" class="1004" name="fb_301_addr_gep_fu_1158">
<pin_list>
<pin id="1159" dir="0" index="0" bw="8" slack="0"/>
<pin id="1160" dir="0" index="1" bw="1" slack="0"/>
<pin id="1161" dir="0" index="2" bw="3" slack="0"/>
<pin id="1162" dir="1" index="3" bw="3" slack="0"/>
</pin_list>
<bind>
<opcode="getelementptr(29) " fcode="getelementptr"/>
<opset="fb_301_addr/2 "/>
</bind>
</comp>

<comp id="1165" class="1004" name="fb_302_addr_gep_fu_1165">
<pin_list>
<pin id="1166" dir="0" index="0" bw="8" slack="0"/>
<pin id="1167" dir="0" index="1" bw="1" slack="0"/>
<pin id="1168" dir="0" index="2" bw="3" slack="0"/>
<pin id="1169" dir="1" index="3" bw="3" slack="0"/>
</pin_list>
<bind>
<opcode="getelementptr(29) " fcode="getelementptr"/>
<opset="fb_302_addr/2 "/>
</bind>
</comp>

<comp id="1172" class="1004" name="fb_303_addr_gep_fu_1172">
<pin_list>
<pin id="1173" dir="0" index="0" bw="8" slack="0"/>
<pin id="1174" dir="0" index="1" bw="1" slack="0"/>
<pin id="1175" dir="0" index="2" bw="3" slack="0"/>
<pin id="1176" dir="1" index="3" bw="3" slack="0"/>
</pin_list>
<bind>
<opcode="getelementptr(29) " fcode="getelementptr"/>
<opset="fb_303_addr/2 "/>
</bind>
</comp>

<comp id="1179" class="1004" name="fb_304_addr_gep_fu_1179">
<pin_list>
<pin id="1180" dir="0" index="0" bw="8" slack="0"/>
<pin id="1181" dir="0" index="1" bw="1" slack="0"/>
<pin id="1182" dir="0" index="2" bw="3" slack="0"/>
<pin id="1183" dir="1" index="3" bw="3" slack="0"/>
</pin_list>
<bind>
<opcode="getelementptr(29) " fcode="getelementptr"/>
<opset="fb_304_addr/2 "/>
</bind>
</comp>

<comp id="1186" class="1004" name="fb_305_addr_gep_fu_1186">
<pin_list>
<pin id="1187" dir="0" index="0" bw="8" slack="0"/>
<pin id="1188" dir="0" index="1" bw="1" slack="0"/>
<pin id="1189" dir="0" index="2" bw="3" slack="0"/>
<pin id="1190" dir="1" index="3" bw="3" slack="0"/>
</pin_list>
<bind>
<opcode="getelementptr(29) " fcode="getelementptr"/>
<opset="fb_305_addr/2 "/>
</bind>
</comp>

<comp id="1193" class="1004" name="fb_306_addr_gep_fu_1193">
<pin_list>
<pin id="1194" dir="0" index="0" bw="8" slack="0"/>
<pin id="1195" dir="0" index="1" bw="1" slack="0"/>
<pin id="1196" dir="0" index="2" bw="3" slack="0"/>
<pin id="1197" dir="1" index="3" bw="3" slack="0"/>
</pin_list>
<bind>
<opcode="getelementptr(29) " fcode="getelementptr"/>
<opset="fb_306_addr/2 "/>
</bind>
</comp>

<comp id="1200" class="1004" name="fb_307_addr_gep_fu_1200">
<pin_list>
<pin id="1201" dir="0" index="0" bw="8" slack="0"/>
<pin id="1202" dir="0" index="1" bw="1" slack="0"/>
<pin id="1203" dir="0" index="2" bw="3" slack="0"/>
<pin id="1204" dir="1" index="3" bw="3" slack="0"/>
</pin_list>
<bind>
<opcode="getelementptr(29) " fcode="getelementptr"/>
<opset="fb_307_addr/2 "/>
</bind>
</comp>

<comp id="1207" class="1004" name="fb_308_addr_gep_fu_1207">
<pin_list>
<pin id="1208" dir="0" index="0" bw="8" slack="0"/>
<pin id="1209" dir="0" index="1" bw="1" slack="0"/>
<pin id="1210" dir="0" index="2" bw="3" slack="0"/>
<pin id="1211" dir="1" index="3" bw="3" slack="0"/>
</pin_list>
<bind>
<opcode="getelementptr(29) " fcode="getelementptr"/>
<opset="fb_308_addr/2 "/>
</bind>
</comp>

<comp id="1214" class="1004" name="fb_309_addr_gep_fu_1214">
<pin_list>
<pin id="1215" dir="0" index="0" bw="8" slack="0"/>
<pin id="1216" dir="0" index="1" bw="1" slack="0"/>
<pin id="1217" dir="0" index="2" bw="3" slack="0"/>
<pin id="1218" dir="1" index="3" bw="3" slack="0"/>
</pin_list>
<bind>
<opcode="getelementptr(29) " fcode="getelementptr"/>
<opset="fb_309_addr/2 "/>
</bind>
</comp>

<comp id="1221" class="1004" name="fb_310_addr_gep_fu_1221">
<pin_list>
<pin id="1222" dir="0" index="0" bw="8" slack="0"/>
<pin id="1223" dir="0" index="1" bw="1" slack="0"/>
<pin id="1224" dir="0" index="2" bw="3" slack="0"/>
<pin id="1225" dir="1" index="3" bw="3" slack="0"/>
</pin_list>
<bind>
<opcode="getelementptr(29) " fcode="getelementptr"/>
<opset="fb_310_addr/2 "/>
</bind>
</comp>

<comp id="1228" class="1004" name="fb_311_addr_gep_fu_1228">
<pin_list>
<pin id="1229" dir="0" index="0" bw="8" slack="0"/>
<pin id="1230" dir="0" index="1" bw="1" slack="0"/>
<pin id="1231" dir="0" index="2" bw="3" slack="0"/>
<pin id="1232" dir="1" index="3" bw="3" slack="0"/>
</pin_list>
<bind>
<opcode="getelementptr(29) " fcode="getelementptr"/>
<opset="fb_311_addr/2 "/>
</bind>
</comp>

<comp id="1235" class="1004" name="fb_312_addr_gep_fu_1235">
<pin_list>
<pin id="1236" dir="0" index="0" bw="8" slack="0"/>
<pin id="1237" dir="0" index="1" bw="1" slack="0"/>
<pin id="1238" dir="0" index="2" bw="3" slack="0"/>
<pin id="1239" dir="1" index="3" bw="3" slack="0"/>
</pin_list>
<bind>
<opcode="getelementptr(29) " fcode="getelementptr"/>
<opset="fb_312_addr/2 "/>
</bind>
</comp>

<comp id="1242" class="1004" name="fb_313_addr_gep_fu_1242">
<pin_list>
<pin id="1243" dir="0" index="0" bw="8" slack="0"/>
<pin id="1244" dir="0" index="1" bw="1" slack="0"/>
<pin id="1245" dir="0" index="2" bw="3" slack="0"/>
<pin id="1246" dir="1" index="3" bw="3" slack="0"/>
</pin_list>
<bind>
<opcode="getelementptr(29) " fcode="getelementptr"/>
<opset="fb_313_addr/2 "/>
</bind>
</comp>

<comp id="1249" class="1004" name="fb_314_addr_gep_fu_1249">
<pin_list>
<pin id="1250" dir="0" index="0" bw="8" slack="0"/>
<pin id="1251" dir="0" index="1" bw="1" slack="0"/>
<pin id="1252" dir="0" index="2" bw="3" slack="0"/>
<pin id="1253" dir="1" index="3" bw="3" slack="0"/>
</pin_list>
<bind>
<opcode="getelementptr(29) " fcode="getelementptr"/>
<opset="fb_314_addr/2 "/>
</bind>
</comp>

<comp id="1256" class="1004" name="fb_315_addr_gep_fu_1256">
<pin_list>
<pin id="1257" dir="0" index="0" bw="8" slack="0"/>
<pin id="1258" dir="0" index="1" bw="1" slack="0"/>
<pin id="1259" dir="0" index="2" bw="3" slack="0"/>
<pin id="1260" dir="1" index="3" bw="3" slack="0"/>
</pin_list>
<bind>
<opcode="getelementptr(29) " fcode="getelementptr"/>
<opset="fb_315_addr/2 "/>
</bind>
</comp>

<comp id="1263" class="1004" name="fb_316_addr_gep_fu_1263">
<pin_list>
<pin id="1264" dir="0" index="0" bw="8" slack="0"/>
<pin id="1265" dir="0" index="1" bw="1" slack="0"/>
<pin id="1266" dir="0" index="2" bw="3" slack="0"/>
<pin id="1267" dir="1" index="3" bw="3" slack="0"/>
</pin_list>
<bind>
<opcode="getelementptr(29) " fcode="getelementptr"/>
<opset="fb_316_addr/2 "/>
</bind>
</comp>

<comp id="1270" class="1004" name="fb_317_addr_gep_fu_1270">
<pin_list>
<pin id="1271" dir="0" index="0" bw="8" slack="0"/>
<pin id="1272" dir="0" index="1" bw="1" slack="0"/>
<pin id="1273" dir="0" index="2" bw="3" slack="0"/>
<pin id="1274" dir="1" index="3" bw="3" slack="0"/>
</pin_list>
<bind>
<opcode="getelementptr(29) " fcode="getelementptr"/>
<opset="fb_317_addr/2 "/>
</bind>
</comp>

<comp id="1277" class="1004" name="fb_318_addr_gep_fu_1277">
<pin_list>
<pin id="1278" dir="0" index="0" bw="8" slack="0"/>
<pin id="1279" dir="0" index="1" bw="1" slack="0"/>
<pin id="1280" dir="0" index="2" bw="3" slack="0"/>
<pin id="1281" dir="1" index="3" bw="3" slack="0"/>
</pin_list>
<bind>
<opcode="getelementptr(29) " fcode="getelementptr"/>
<opset="fb_318_addr/2 "/>
</bind>
</comp>

<comp id="1284" class="1004" name="fb_319_addr_gep_fu_1284">
<pin_list>
<pin id="1285" dir="0" index="0" bw="8" slack="0"/>
<pin id="1286" dir="0" index="1" bw="1" slack="0"/>
<pin id="1287" dir="0" index="2" bw="3" slack="0"/>
<pin id="1288" dir="1" index="3" bw="3" slack="0"/>
</pin_list>
<bind>
<opcode="getelementptr(29) " fcode="getelementptr"/>
<opset="fb_319_addr/2 "/>
</bind>
</comp>

<comp id="1291" class="1004" name="fb_320_addr_gep_fu_1291">
<pin_list>
<pin id="1292" dir="0" index="0" bw="8" slack="0"/>
<pin id="1293" dir="0" index="1" bw="1" slack="0"/>
<pin id="1294" dir="0" index="2" bw="3" slack="0"/>
<pin id="1295" dir="1" index="3" bw="3" slack="0"/>
</pin_list>
<bind>
<opcode="getelementptr(29) " fcode="getelementptr"/>
<opset="fb_320_addr/2 "/>
</bind>
</comp>

<comp id="1298" class="1004" name="fb_321_addr_gep_fu_1298">
<pin_list>
<pin id="1299" dir="0" index="0" bw="8" slack="0"/>
<pin id="1300" dir="0" index="1" bw="1" slack="0"/>
<pin id="1301" dir="0" index="2" bw="3" slack="0"/>
<pin id="1302" dir="1" index="3" bw="3" slack="0"/>
</pin_list>
<bind>
<opcode="getelementptr(29) " fcode="getelementptr"/>
<opset="fb_321_addr/2 "/>
</bind>
</comp>

<comp id="1305" class="1004" name="fb_322_addr_gep_fu_1305">
<pin_list>
<pin id="1306" dir="0" index="0" bw="8" slack="0"/>
<pin id="1307" dir="0" index="1" bw="1" slack="0"/>
<pin id="1308" dir="0" index="2" bw="3" slack="0"/>
<pin id="1309" dir="1" index="3" bw="3" slack="0"/>
</pin_list>
<bind>
<opcode="getelementptr(29) " fcode="getelementptr"/>
<opset="fb_322_addr/2 "/>
</bind>
</comp>

<comp id="1312" class="1004" name="fb_323_addr_gep_fu_1312">
<pin_list>
<pin id="1313" dir="0" index="0" bw="8" slack="0"/>
<pin id="1314" dir="0" index="1" bw="1" slack="0"/>
<pin id="1315" dir="0" index="2" bw="3" slack="0"/>
<pin id="1316" dir="1" index="3" bw="3" slack="0"/>
</pin_list>
<bind>
<opcode="getelementptr(29) " fcode="getelementptr"/>
<opset="fb_323_addr/2 "/>
</bind>
</comp>

<comp id="1319" class="1004" name="fb_324_addr_gep_fu_1319">
<pin_list>
<pin id="1320" dir="0" index="0" bw="8" slack="0"/>
<pin id="1321" dir="0" index="1" bw="1" slack="0"/>
<pin id="1322" dir="0" index="2" bw="3" slack="0"/>
<pin id="1323" dir="1" index="3" bw="3" slack="0"/>
</pin_list>
<bind>
<opcode="getelementptr(29) " fcode="getelementptr"/>
<opset="fb_324_addr/2 "/>
</bind>
</comp>

<comp id="1326" class="1004" name="fb_325_addr_gep_fu_1326">
<pin_list>
<pin id="1327" dir="0" index="0" bw="8" slack="0"/>
<pin id="1328" dir="0" index="1" bw="1" slack="0"/>
<pin id="1329" dir="0" index="2" bw="3" slack="0"/>
<pin id="1330" dir="1" index="3" bw="3" slack="0"/>
</pin_list>
<bind>
<opcode="getelementptr(29) " fcode="getelementptr"/>
<opset="fb_325_addr/2 "/>
</bind>
</comp>

<comp id="1333" class="1004" name="fb_326_addr_gep_fu_1333">
<pin_list>
<pin id="1334" dir="0" index="0" bw="8" slack="0"/>
<pin id="1335" dir="0" index="1" bw="1" slack="0"/>
<pin id="1336" dir="0" index="2" bw="3" slack="0"/>
<pin id="1337" dir="1" index="3" bw="3" slack="0"/>
</pin_list>
<bind>
<opcode="getelementptr(29) " fcode="getelementptr"/>
<opset="fb_326_addr/2 "/>
</bind>
</comp>

<comp id="1340" class="1004" name="fb_327_addr_gep_fu_1340">
<pin_list>
<pin id="1341" dir="0" index="0" bw="8" slack="0"/>
<pin id="1342" dir="0" index="1" bw="1" slack="0"/>
<pin id="1343" dir="0" index="2" bw="3" slack="0"/>
<pin id="1344" dir="1" index="3" bw="3" slack="0"/>
</pin_list>
<bind>
<opcode="getelementptr(29) " fcode="getelementptr"/>
<opset="fb_327_addr/2 "/>
</bind>
</comp>

<comp id="1347" class="1004" name="fb_328_addr_gep_fu_1347">
<pin_list>
<pin id="1348" dir="0" index="0" bw="8" slack="0"/>
<pin id="1349" dir="0" index="1" bw="1" slack="0"/>
<pin id="1350" dir="0" index="2" bw="3" slack="0"/>
<pin id="1351" dir="1" index="3" bw="3" slack="0"/>
</pin_list>
<bind>
<opcode="getelementptr(29) " fcode="getelementptr"/>
<opset="fb_328_addr/2 "/>
</bind>
</comp>

<comp id="1354" class="1004" name="fb_329_addr_gep_fu_1354">
<pin_list>
<pin id="1355" dir="0" index="0" bw="8" slack="0"/>
<pin id="1356" dir="0" index="1" bw="1" slack="0"/>
<pin id="1357" dir="0" index="2" bw="3" slack="0"/>
<pin id="1358" dir="1" index="3" bw="3" slack="0"/>
</pin_list>
<bind>
<opcode="getelementptr(29) " fcode="getelementptr"/>
<opset="fb_329_addr/2 "/>
</bind>
</comp>

<comp id="1361" class="1004" name="fb_330_addr_gep_fu_1361">
<pin_list>
<pin id="1362" dir="0" index="0" bw="8" slack="0"/>
<pin id="1363" dir="0" index="1" bw="1" slack="0"/>
<pin id="1364" dir="0" index="2" bw="3" slack="0"/>
<pin id="1365" dir="1" index="3" bw="3" slack="0"/>
</pin_list>
<bind>
<opcode="getelementptr(29) " fcode="getelementptr"/>
<opset="fb_330_addr/2 "/>
</bind>
</comp>

<comp id="1368" class="1004" name="fb_331_addr_gep_fu_1368">
<pin_list>
<pin id="1369" dir="0" index="0" bw="8" slack="0"/>
<pin id="1370" dir="0" index="1" bw="1" slack="0"/>
<pin id="1371" dir="0" index="2" bw="3" slack="0"/>
<pin id="1372" dir="1" index="3" bw="3" slack="0"/>
</pin_list>
<bind>
<opcode="getelementptr(29) " fcode="getelementptr"/>
<opset="fb_331_addr/2 "/>
</bind>
</comp>

<comp id="1375" class="1004" name="fb_332_addr_gep_fu_1375">
<pin_list>
<pin id="1376" dir="0" index="0" bw="8" slack="0"/>
<pin id="1377" dir="0" index="1" bw="1" slack="0"/>
<pin id="1378" dir="0" index="2" bw="3" slack="0"/>
<pin id="1379" dir="1" index="3" bw="3" slack="0"/>
</pin_list>
<bind>
<opcode="getelementptr(29) " fcode="getelementptr"/>
<opset="fb_332_addr/2 "/>
</bind>
</comp>

<comp id="1382" class="1004" name="fb_333_addr_gep_fu_1382">
<pin_list>
<pin id="1383" dir="0" index="0" bw="8" slack="0"/>
<pin id="1384" dir="0" index="1" bw="1" slack="0"/>
<pin id="1385" dir="0" index="2" bw="3" slack="0"/>
<pin id="1386" dir="1" index="3" bw="3" slack="0"/>
</pin_list>
<bind>
<opcode="getelementptr(29) " fcode="getelementptr"/>
<opset="fb_333_addr/2 "/>
</bind>
</comp>

<comp id="1389" class="1004" name="fb_334_addr_gep_fu_1389">
<pin_list>
<pin id="1390" dir="0" index="0" bw="8" slack="0"/>
<pin id="1391" dir="0" index="1" bw="1" slack="0"/>
<pin id="1392" dir="0" index="2" bw="3" slack="0"/>
<pin id="1393" dir="1" index="3" bw="3" slack="0"/>
</pin_list>
<bind>
<opcode="getelementptr(29) " fcode="getelementptr"/>
<opset="fb_334_addr/2 "/>
</bind>
</comp>

<comp id="1396" class="1004" name="fb_335_addr_gep_fu_1396">
<pin_list>
<pin id="1397" dir="0" index="0" bw="8" slack="0"/>
<pin id="1398" dir="0" index="1" bw="1" slack="0"/>
<pin id="1399" dir="0" index="2" bw="3" slack="0"/>
<pin id="1400" dir="1" index="3" bw="3" slack="0"/>
</pin_list>
<bind>
<opcode="getelementptr(29) " fcode="getelementptr"/>
<opset="fb_335_addr/2 "/>
</bind>
</comp>

<comp id="1403" class="1004" name="fb_336_addr_gep_fu_1403">
<pin_list>
<pin id="1404" dir="0" index="0" bw="8" slack="0"/>
<pin id="1405" dir="0" index="1" bw="1" slack="0"/>
<pin id="1406" dir="0" index="2" bw="3" slack="0"/>
<pin id="1407" dir="1" index="3" bw="3" slack="0"/>
</pin_list>
<bind>
<opcode="getelementptr(29) " fcode="getelementptr"/>
<opset="fb_336_addr/2 "/>
</bind>
</comp>

<comp id="1410" class="1004" name="fb_337_addr_gep_fu_1410">
<pin_list>
<pin id="1411" dir="0" index="0" bw="8" slack="0"/>
<pin id="1412" dir="0" index="1" bw="1" slack="0"/>
<pin id="1413" dir="0" index="2" bw="3" slack="0"/>
<pin id="1414" dir="1" index="3" bw="3" slack="0"/>
</pin_list>
<bind>
<opcode="getelementptr(29) " fcode="getelementptr"/>
<opset="fb_337_addr/2 "/>
</bind>
</comp>

<comp id="1417" class="1004" name="fb_338_addr_gep_fu_1417">
<pin_list>
<pin id="1418" dir="0" index="0" bw="8" slack="0"/>
<pin id="1419" dir="0" index="1" bw="1" slack="0"/>
<pin id="1420" dir="0" index="2" bw="3" slack="0"/>
<pin id="1421" dir="1" index="3" bw="3" slack="0"/>
</pin_list>
<bind>
<opcode="getelementptr(29) " fcode="getelementptr"/>
<opset="fb_338_addr/2 "/>
</bind>
</comp>

<comp id="1424" class="1004" name="fb_339_addr_gep_fu_1424">
<pin_list>
<pin id="1425" dir="0" index="0" bw="8" slack="0"/>
<pin id="1426" dir="0" index="1" bw="1" slack="0"/>
<pin id="1427" dir="0" index="2" bw="3" slack="0"/>
<pin id="1428" dir="1" index="3" bw="3" slack="0"/>
</pin_list>
<bind>
<opcode="getelementptr(29) " fcode="getelementptr"/>
<opset="fb_339_addr/2 "/>
</bind>
</comp>

<comp id="1431" class="1004" name="fb_340_addr_gep_fu_1431">
<pin_list>
<pin id="1432" dir="0" index="0" bw="8" slack="0"/>
<pin id="1433" dir="0" index="1" bw="1" slack="0"/>
<pin id="1434" dir="0" index="2" bw="3" slack="0"/>
<pin id="1435" dir="1" index="3" bw="3" slack="0"/>
</pin_list>
<bind>
<opcode="getelementptr(29) " fcode="getelementptr"/>
<opset="fb_340_addr/2 "/>
</bind>
</comp>

<comp id="1438" class="1004" name="fb_341_addr_gep_fu_1438">
<pin_list>
<pin id="1439" dir="0" index="0" bw="8" slack="0"/>
<pin id="1440" dir="0" index="1" bw="1" slack="0"/>
<pin id="1441" dir="0" index="2" bw="3" slack="0"/>
<pin id="1442" dir="1" index="3" bw="3" slack="0"/>
</pin_list>
<bind>
<opcode="getelementptr(29) " fcode="getelementptr"/>
<opset="fb_341_addr/2 "/>
</bind>
</comp>

<comp id="1445" class="1004" name="fb_342_addr_gep_fu_1445">
<pin_list>
<pin id="1446" dir="0" index="0" bw="8" slack="0"/>
<pin id="1447" dir="0" index="1" bw="1" slack="0"/>
<pin id="1448" dir="0" index="2" bw="3" slack="0"/>
<pin id="1449" dir="1" index="3" bw="3" slack="0"/>
</pin_list>
<bind>
<opcode="getelementptr(29) " fcode="getelementptr"/>
<opset="fb_342_addr/2 "/>
</bind>
</comp>

<comp id="1452" class="1004" name="fb_343_addr_gep_fu_1452">
<pin_list>
<pin id="1453" dir="0" index="0" bw="8" slack="0"/>
<pin id="1454" dir="0" index="1" bw="1" slack="0"/>
<pin id="1455" dir="0" index="2" bw="3" slack="0"/>
<pin id="1456" dir="1" index="3" bw="3" slack="0"/>
</pin_list>
<bind>
<opcode="getelementptr(29) " fcode="getelementptr"/>
<opset="fb_343_addr/2 "/>
</bind>
</comp>

<comp id="1459" class="1004" name="fb_344_addr_gep_fu_1459">
<pin_list>
<pin id="1460" dir="0" index="0" bw="8" slack="0"/>
<pin id="1461" dir="0" index="1" bw="1" slack="0"/>
<pin id="1462" dir="0" index="2" bw="3" slack="0"/>
<pin id="1463" dir="1" index="3" bw="3" slack="0"/>
</pin_list>
<bind>
<opcode="getelementptr(29) " fcode="getelementptr"/>
<opset="fb_344_addr/2 "/>
</bind>
</comp>

<comp id="1466" class="1004" name="fb_345_addr_gep_fu_1466">
<pin_list>
<pin id="1467" dir="0" index="0" bw="8" slack="0"/>
<pin id="1468" dir="0" index="1" bw="1" slack="0"/>
<pin id="1469" dir="0" index="2" bw="3" slack="0"/>
<pin id="1470" dir="1" index="3" bw="3" slack="0"/>
</pin_list>
<bind>
<opcode="getelementptr(29) " fcode="getelementptr"/>
<opset="fb_345_addr/2 "/>
</bind>
</comp>

<comp id="1473" class="1004" name="fb_346_addr_gep_fu_1473">
<pin_list>
<pin id="1474" dir="0" index="0" bw="8" slack="0"/>
<pin id="1475" dir="0" index="1" bw="1" slack="0"/>
<pin id="1476" dir="0" index="2" bw="3" slack="0"/>
<pin id="1477" dir="1" index="3" bw="3" slack="0"/>
</pin_list>
<bind>
<opcode="getelementptr(29) " fcode="getelementptr"/>
<opset="fb_346_addr/2 "/>
</bind>
</comp>

<comp id="1480" class="1004" name="fb_347_addr_gep_fu_1480">
<pin_list>
<pin id="1481" dir="0" index="0" bw="8" slack="0"/>
<pin id="1482" dir="0" index="1" bw="1" slack="0"/>
<pin id="1483" dir="0" index="2" bw="3" slack="0"/>
<pin id="1484" dir="1" index="3" bw="3" slack="0"/>
</pin_list>
<bind>
<opcode="getelementptr(29) " fcode="getelementptr"/>
<opset="fb_347_addr/2 "/>
</bind>
</comp>

<comp id="1487" class="1004" name="fb_348_addr_gep_fu_1487">
<pin_list>
<pin id="1488" dir="0" index="0" bw="8" slack="0"/>
<pin id="1489" dir="0" index="1" bw="1" slack="0"/>
<pin id="1490" dir="0" index="2" bw="3" slack="0"/>
<pin id="1491" dir="1" index="3" bw="3" slack="0"/>
</pin_list>
<bind>
<opcode="getelementptr(29) " fcode="getelementptr"/>
<opset="fb_348_addr/2 "/>
</bind>
</comp>

<comp id="1494" class="1004" name="fb_349_addr_gep_fu_1494">
<pin_list>
<pin id="1495" dir="0" index="0" bw="8" slack="0"/>
<pin id="1496" dir="0" index="1" bw="1" slack="0"/>
<pin id="1497" dir="0" index="2" bw="3" slack="0"/>
<pin id="1498" dir="1" index="3" bw="3" slack="0"/>
</pin_list>
<bind>
<opcode="getelementptr(29) " fcode="getelementptr"/>
<opset="fb_349_addr/2 "/>
</bind>
</comp>

<comp id="1501" class="1004" name="fb_350_addr_gep_fu_1501">
<pin_list>
<pin id="1502" dir="0" index="0" bw="8" slack="0"/>
<pin id="1503" dir="0" index="1" bw="1" slack="0"/>
<pin id="1504" dir="0" index="2" bw="3" slack="0"/>
<pin id="1505" dir="1" index="3" bw="3" slack="0"/>
</pin_list>
<bind>
<opcode="getelementptr(29) " fcode="getelementptr"/>
<opset="fb_350_addr/2 "/>
</bind>
</comp>

<comp id="1508" class="1004" name="fb_351_addr_gep_fu_1508">
<pin_list>
<pin id="1509" dir="0" index="0" bw="8" slack="0"/>
<pin id="1510" dir="0" index="1" bw="1" slack="0"/>
<pin id="1511" dir="0" index="2" bw="3" slack="0"/>
<pin id="1512" dir="1" index="3" bw="3" slack="0"/>
</pin_list>
<bind>
<opcode="getelementptr(29) " fcode="getelementptr"/>
<opset="fb_351_addr/2 "/>
</bind>
</comp>

<comp id="1515" class="1004" name="fb_352_addr_gep_fu_1515">
<pin_list>
<pin id="1516" dir="0" index="0" bw="8" slack="0"/>
<pin id="1517" dir="0" index="1" bw="1" slack="0"/>
<pin id="1518" dir="0" index="2" bw="3" slack="0"/>
<pin id="1519" dir="1" index="3" bw="3" slack="0"/>
</pin_list>
<bind>
<opcode="getelementptr(29) " fcode="getelementptr"/>
<opset="fb_352_addr/2 "/>
</bind>
</comp>

<comp id="1522" class="1004" name="fb_353_addr_gep_fu_1522">
<pin_list>
<pin id="1523" dir="0" index="0" bw="8" slack="0"/>
<pin id="1524" dir="0" index="1" bw="1" slack="0"/>
<pin id="1525" dir="0" index="2" bw="3" slack="0"/>
<pin id="1526" dir="1" index="3" bw="3" slack="0"/>
</pin_list>
<bind>
<opcode="getelementptr(29) " fcode="getelementptr"/>
<opset="fb_353_addr/2 "/>
</bind>
</comp>

<comp id="1529" class="1004" name="fb_354_addr_gep_fu_1529">
<pin_list>
<pin id="1530" dir="0" index="0" bw="8" slack="0"/>
<pin id="1531" dir="0" index="1" bw="1" slack="0"/>
<pin id="1532" dir="0" index="2" bw="3" slack="0"/>
<pin id="1533" dir="1" index="3" bw="3" slack="0"/>
</pin_list>
<bind>
<opcode="getelementptr(29) " fcode="getelementptr"/>
<opset="fb_354_addr/2 "/>
</bind>
</comp>

<comp id="1536" class="1004" name="fb_355_addr_gep_fu_1536">
<pin_list>
<pin id="1537" dir="0" index="0" bw="8" slack="0"/>
<pin id="1538" dir="0" index="1" bw="1" slack="0"/>
<pin id="1539" dir="0" index="2" bw="3" slack="0"/>
<pin id="1540" dir="1" index="3" bw="3" slack="0"/>
</pin_list>
<bind>
<opcode="getelementptr(29) " fcode="getelementptr"/>
<opset="fb_355_addr/2 "/>
</bind>
</comp>

<comp id="1543" class="1004" name="fb_356_addr_gep_fu_1543">
<pin_list>
<pin id="1544" dir="0" index="0" bw="8" slack="0"/>
<pin id="1545" dir="0" index="1" bw="1" slack="0"/>
<pin id="1546" dir="0" index="2" bw="3" slack="0"/>
<pin id="1547" dir="1" index="3" bw="3" slack="0"/>
</pin_list>
<bind>
<opcode="getelementptr(29) " fcode="getelementptr"/>
<opset="fb_356_addr/2 "/>
</bind>
</comp>

<comp id="1550" class="1004" name="fb_357_addr_gep_fu_1550">
<pin_list>
<pin id="1551" dir="0" index="0" bw="8" slack="0"/>
<pin id="1552" dir="0" index="1" bw="1" slack="0"/>
<pin id="1553" dir="0" index="2" bw="3" slack="0"/>
<pin id="1554" dir="1" index="3" bw="3" slack="0"/>
</pin_list>
<bind>
<opcode="getelementptr(29) " fcode="getelementptr"/>
<opset="fb_357_addr/2 "/>
</bind>
</comp>

<comp id="1557" class="1004" name="fb_358_addr_gep_fu_1557">
<pin_list>
<pin id="1558" dir="0" index="0" bw="8" slack="0"/>
<pin id="1559" dir="0" index="1" bw="1" slack="0"/>
<pin id="1560" dir="0" index="2" bw="3" slack="0"/>
<pin id="1561" dir="1" index="3" bw="3" slack="0"/>
</pin_list>
<bind>
<opcode="getelementptr(29) " fcode="getelementptr"/>
<opset="fb_358_addr/2 "/>
</bind>
</comp>

<comp id="1564" class="1004" name="fb_359_addr_gep_fu_1564">
<pin_list>
<pin id="1565" dir="0" index="0" bw="8" slack="0"/>
<pin id="1566" dir="0" index="1" bw="1" slack="0"/>
<pin id="1567" dir="0" index="2" bw="3" slack="0"/>
<pin id="1568" dir="1" index="3" bw="3" slack="0"/>
</pin_list>
<bind>
<opcode="getelementptr(29) " fcode="getelementptr"/>
<opset="fb_359_addr/2 "/>
</bind>
</comp>

<comp id="1571" class="1004" name="fb_360_addr_gep_fu_1571">
<pin_list>
<pin id="1572" dir="0" index="0" bw="8" slack="0"/>
<pin id="1573" dir="0" index="1" bw="1" slack="0"/>
<pin id="1574" dir="0" index="2" bw="3" slack="0"/>
<pin id="1575" dir="1" index="3" bw="3" slack="0"/>
</pin_list>
<bind>
<opcode="getelementptr(29) " fcode="getelementptr"/>
<opset="fb_360_addr/2 "/>
</bind>
</comp>

<comp id="1578" class="1004" name="fb_361_addr_gep_fu_1578">
<pin_list>
<pin id="1579" dir="0" index="0" bw="8" slack="0"/>
<pin id="1580" dir="0" index="1" bw="1" slack="0"/>
<pin id="1581" dir="0" index="2" bw="3" slack="0"/>
<pin id="1582" dir="1" index="3" bw="3" slack="0"/>
</pin_list>
<bind>
<opcode="getelementptr(29) " fcode="getelementptr"/>
<opset="fb_361_addr/2 "/>
</bind>
</comp>

<comp id="1585" class="1004" name="fb_362_addr_gep_fu_1585">
<pin_list>
<pin id="1586" dir="0" index="0" bw="8" slack="0"/>
<pin id="1587" dir="0" index="1" bw="1" slack="0"/>
<pin id="1588" dir="0" index="2" bw="3" slack="0"/>
<pin id="1589" dir="1" index="3" bw="3" slack="0"/>
</pin_list>
<bind>
<opcode="getelementptr(29) " fcode="getelementptr"/>
<opset="fb_362_addr/2 "/>
</bind>
</comp>

<comp id="1592" class="1004" name="fb_363_addr_gep_fu_1592">
<pin_list>
<pin id="1593" dir="0" index="0" bw="8" slack="0"/>
<pin id="1594" dir="0" index="1" bw="1" slack="0"/>
<pin id="1595" dir="0" index="2" bw="3" slack="0"/>
<pin id="1596" dir="1" index="3" bw="3" slack="0"/>
</pin_list>
<bind>
<opcode="getelementptr(29) " fcode="getelementptr"/>
<opset="fb_363_addr/2 "/>
</bind>
</comp>

<comp id="1599" class="1004" name="fb_364_addr_gep_fu_1599">
<pin_list>
<pin id="1600" dir="0" index="0" bw="8" slack="0"/>
<pin id="1601" dir="0" index="1" bw="1" slack="0"/>
<pin id="1602" dir="0" index="2" bw="3" slack="0"/>
<pin id="1603" dir="1" index="3" bw="3" slack="0"/>
</pin_list>
<bind>
<opcode="getelementptr(29) " fcode="getelementptr"/>
<opset="fb_364_addr/2 "/>
</bind>
</comp>

<comp id="1606" class="1004" name="fb_365_addr_gep_fu_1606">
<pin_list>
<pin id="1607" dir="0" index="0" bw="8" slack="0"/>
<pin id="1608" dir="0" index="1" bw="1" slack="0"/>
<pin id="1609" dir="0" index="2" bw="3" slack="0"/>
<pin id="1610" dir="1" index="3" bw="3" slack="0"/>
</pin_list>
<bind>
<opcode="getelementptr(29) " fcode="getelementptr"/>
<opset="fb_365_addr/2 "/>
</bind>
</comp>

<comp id="1613" class="1004" name="fb_366_addr_gep_fu_1613">
<pin_list>
<pin id="1614" dir="0" index="0" bw="8" slack="0"/>
<pin id="1615" dir="0" index="1" bw="1" slack="0"/>
<pin id="1616" dir="0" index="2" bw="3" slack="0"/>
<pin id="1617" dir="1" index="3" bw="3" slack="0"/>
</pin_list>
<bind>
<opcode="getelementptr(29) " fcode="getelementptr"/>
<opset="fb_366_addr/2 "/>
</bind>
</comp>

<comp id="1620" class="1004" name="fb_367_addr_gep_fu_1620">
<pin_list>
<pin id="1621" dir="0" index="0" bw="8" slack="0"/>
<pin id="1622" dir="0" index="1" bw="1" slack="0"/>
<pin id="1623" dir="0" index="2" bw="3" slack="0"/>
<pin id="1624" dir="1" index="3" bw="3" slack="0"/>
</pin_list>
<bind>
<opcode="getelementptr(29) " fcode="getelementptr"/>
<opset="fb_367_addr/2 "/>
</bind>
</comp>

<comp id="1627" class="1004" name="fb_368_addr_gep_fu_1627">
<pin_list>
<pin id="1628" dir="0" index="0" bw="8" slack="0"/>
<pin id="1629" dir="0" index="1" bw="1" slack="0"/>
<pin id="1630" dir="0" index="2" bw="3" slack="0"/>
<pin id="1631" dir="1" index="3" bw="3" slack="0"/>
</pin_list>
<bind>
<opcode="getelementptr(29) " fcode="getelementptr"/>
<opset="fb_368_addr/2 "/>
</bind>
</comp>

<comp id="1634" class="1004" name="fb_369_addr_gep_fu_1634">
<pin_list>
<pin id="1635" dir="0" index="0" bw="8" slack="0"/>
<pin id="1636" dir="0" index="1" bw="1" slack="0"/>
<pin id="1637" dir="0" index="2" bw="3" slack="0"/>
<pin id="1638" dir="1" index="3" bw="3" slack="0"/>
</pin_list>
<bind>
<opcode="getelementptr(29) " fcode="getelementptr"/>
<opset="fb_369_addr/2 "/>
</bind>
</comp>

<comp id="1641" class="1004" name="fb_370_addr_gep_fu_1641">
<pin_list>
<pin id="1642" dir="0" index="0" bw="8" slack="0"/>
<pin id="1643" dir="0" index="1" bw="1" slack="0"/>
<pin id="1644" dir="0" index="2" bw="3" slack="0"/>
<pin id="1645" dir="1" index="3" bw="3" slack="0"/>
</pin_list>
<bind>
<opcode="getelementptr(29) " fcode="getelementptr"/>
<opset="fb_370_addr/2 "/>
</bind>
</comp>

<comp id="1648" class="1004" name="fb_371_addr_gep_fu_1648">
<pin_list>
<pin id="1649" dir="0" index="0" bw="8" slack="0"/>
<pin id="1650" dir="0" index="1" bw="1" slack="0"/>
<pin id="1651" dir="0" index="2" bw="3" slack="0"/>
<pin id="1652" dir="1" index="3" bw="3" slack="0"/>
</pin_list>
<bind>
<opcode="getelementptr(29) " fcode="getelementptr"/>
<opset="fb_371_addr/2 "/>
</bind>
</comp>

<comp id="1655" class="1004" name="fb_372_addr_gep_fu_1655">
<pin_list>
<pin id="1656" dir="0" index="0" bw="8" slack="0"/>
<pin id="1657" dir="0" index="1" bw="1" slack="0"/>
<pin id="1658" dir="0" index="2" bw="3" slack="0"/>
<pin id="1659" dir="1" index="3" bw="3" slack="0"/>
</pin_list>
<bind>
<opcode="getelementptr(29) " fcode="getelementptr"/>
<opset="fb_372_addr/2 "/>
</bind>
</comp>

<comp id="1662" class="1004" name="fb_373_addr_gep_fu_1662">
<pin_list>
<pin id="1663" dir="0" index="0" bw="8" slack="0"/>
<pin id="1664" dir="0" index="1" bw="1" slack="0"/>
<pin id="1665" dir="0" index="2" bw="3" slack="0"/>
<pin id="1666" dir="1" index="3" bw="3" slack="0"/>
</pin_list>
<bind>
<opcode="getelementptr(29) " fcode="getelementptr"/>
<opset="fb_373_addr/2 "/>
</bind>
</comp>

<comp id="1669" class="1004" name="fb_374_addr_gep_fu_1669">
<pin_list>
<pin id="1670" dir="0" index="0" bw="8" slack="0"/>
<pin id="1671" dir="0" index="1" bw="1" slack="0"/>
<pin id="1672" dir="0" index="2" bw="3" slack="0"/>
<pin id="1673" dir="1" index="3" bw="3" slack="0"/>
</pin_list>
<bind>
<opcode="getelementptr(29) " fcode="getelementptr"/>
<opset="fb_374_addr/2 "/>
</bind>
</comp>

<comp id="1676" class="1004" name="fb_375_addr_gep_fu_1676">
<pin_list>
<pin id="1677" dir="0" index="0" bw="8" slack="0"/>
<pin id="1678" dir="0" index="1" bw="1" slack="0"/>
<pin id="1679" dir="0" index="2" bw="3" slack="0"/>
<pin id="1680" dir="1" index="3" bw="3" slack="0"/>
</pin_list>
<bind>
<opcode="getelementptr(29) " fcode="getelementptr"/>
<opset="fb_375_addr/2 "/>
</bind>
</comp>

<comp id="1683" class="1004" name="fb_376_addr_gep_fu_1683">
<pin_list>
<pin id="1684" dir="0" index="0" bw="8" slack="0"/>
<pin id="1685" dir="0" index="1" bw="1" slack="0"/>
<pin id="1686" dir="0" index="2" bw="3" slack="0"/>
<pin id="1687" dir="1" index="3" bw="3" slack="0"/>
</pin_list>
<bind>
<opcode="getelementptr(29) " fcode="getelementptr"/>
<opset="fb_376_addr/2 "/>
</bind>
</comp>

<comp id="1690" class="1004" name="fb_377_addr_gep_fu_1690">
<pin_list>
<pin id="1691" dir="0" index="0" bw="8" slack="0"/>
<pin id="1692" dir="0" index="1" bw="1" slack="0"/>
<pin id="1693" dir="0" index="2" bw="3" slack="0"/>
<pin id="1694" dir="1" index="3" bw="3" slack="0"/>
</pin_list>
<bind>
<opcode="getelementptr(29) " fcode="getelementptr"/>
<opset="fb_377_addr/2 "/>
</bind>
</comp>

<comp id="1697" class="1004" name="fb_378_addr_gep_fu_1697">
<pin_list>
<pin id="1698" dir="0" index="0" bw="8" slack="0"/>
<pin id="1699" dir="0" index="1" bw="1" slack="0"/>
<pin id="1700" dir="0" index="2" bw="3" slack="0"/>
<pin id="1701" dir="1" index="3" bw="3" slack="0"/>
</pin_list>
<bind>
<opcode="getelementptr(29) " fcode="getelementptr"/>
<opset="fb_378_addr/2 "/>
</bind>
</comp>

<comp id="1704" class="1004" name="fb_379_addr_gep_fu_1704">
<pin_list>
<pin id="1705" dir="0" index="0" bw="8" slack="0"/>
<pin id="1706" dir="0" index="1" bw="1" slack="0"/>
<pin id="1707" dir="0" index="2" bw="3" slack="0"/>
<pin id="1708" dir="1" index="3" bw="3" slack="0"/>
</pin_list>
<bind>
<opcode="getelementptr(29) " fcode="getelementptr"/>
<opset="fb_379_addr/2 "/>
</bind>
</comp>

<comp id="1711" class="1004" name="fb_380_addr_gep_fu_1711">
<pin_list>
<pin id="1712" dir="0" index="0" bw="8" slack="0"/>
<pin id="1713" dir="0" index="1" bw="1" slack="0"/>
<pin id="1714" dir="0" index="2" bw="3" slack="0"/>
<pin id="1715" dir="1" index="3" bw="3" slack="0"/>
</pin_list>
<bind>
<opcode="getelementptr(29) " fcode="getelementptr"/>
<opset="fb_380_addr/2 "/>
</bind>
</comp>

<comp id="1718" class="1004" name="fb_381_addr_gep_fu_1718">
<pin_list>
<pin id="1719" dir="0" index="0" bw="8" slack="0"/>
<pin id="1720" dir="0" index="1" bw="1" slack="0"/>
<pin id="1721" dir="0" index="2" bw="3" slack="0"/>
<pin id="1722" dir="1" index="3" bw="3" slack="0"/>
</pin_list>
<bind>
<opcode="getelementptr(29) " fcode="getelementptr"/>
<opset="fb_381_addr/2 "/>
</bind>
</comp>

<comp id="1725" class="1004" name="fb_382_addr_gep_fu_1725">
<pin_list>
<pin id="1726" dir="0" index="0" bw="8" slack="0"/>
<pin id="1727" dir="0" index="1" bw="1" slack="0"/>
<pin id="1728" dir="0" index="2" bw="3" slack="0"/>
<pin id="1729" dir="1" index="3" bw="3" slack="0"/>
</pin_list>
<bind>
<opcode="getelementptr(29) " fcode="getelementptr"/>
<opset="fb_382_addr/2 "/>
</bind>
</comp>

<comp id="1732" class="1004" name="fb_383_addr_gep_fu_1732">
<pin_list>
<pin id="1733" dir="0" index="0" bw="8" slack="0"/>
<pin id="1734" dir="0" index="1" bw="1" slack="0"/>
<pin id="1735" dir="0" index="2" bw="3" slack="0"/>
<pin id="1736" dir="1" index="3" bw="3" slack="0"/>
</pin_list>
<bind>
<opcode="getelementptr(29) " fcode="getelementptr"/>
<opset="fb_383_addr/2 "/>
</bind>
</comp>

<comp id="1739" class="1004" name="fb_384_addr_gep_fu_1739">
<pin_list>
<pin id="1740" dir="0" index="0" bw="8" slack="0"/>
<pin id="1741" dir="0" index="1" bw="1" slack="0"/>
<pin id="1742" dir="0" index="2" bw="3" slack="0"/>
<pin id="1743" dir="1" index="3" bw="3" slack="0"/>
</pin_list>
<bind>
<opcode="getelementptr(29) " fcode="getelementptr"/>
<opset="fb_384_addr/2 "/>
</bind>
</comp>

<comp id="1746" class="1004" name="fb_385_addr_gep_fu_1746">
<pin_list>
<pin id="1747" dir="0" index="0" bw="8" slack="0"/>
<pin id="1748" dir="0" index="1" bw="1" slack="0"/>
<pin id="1749" dir="0" index="2" bw="3" slack="0"/>
<pin id="1750" dir="1" index="3" bw="3" slack="0"/>
</pin_list>
<bind>
<opcode="getelementptr(29) " fcode="getelementptr"/>
<opset="fb_385_addr/2 "/>
</bind>
</comp>

<comp id="1753" class="1004" name="fb_386_addr_gep_fu_1753">
<pin_list>
<pin id="1754" dir="0" index="0" bw="8" slack="0"/>
<pin id="1755" dir="0" index="1" bw="1" slack="0"/>
<pin id="1756" dir="0" index="2" bw="3" slack="0"/>
<pin id="1757" dir="1" index="3" bw="3" slack="0"/>
</pin_list>
<bind>
<opcode="getelementptr(29) " fcode="getelementptr"/>
<opset="fb_386_addr/2 "/>
</bind>
</comp>

<comp id="1760" class="1004" name="fb_387_addr_gep_fu_1760">
<pin_list>
<pin id="1761" dir="0" index="0" bw="8" slack="0"/>
<pin id="1762" dir="0" index="1" bw="1" slack="0"/>
<pin id="1763" dir="0" index="2" bw="3" slack="0"/>
<pin id="1764" dir="1" index="3" bw="3" slack="0"/>
</pin_list>
<bind>
<opcode="getelementptr(29) " fcode="getelementptr"/>
<opset="fb_387_addr/2 "/>
</bind>
</comp>

<comp id="1767" class="1004" name="fb_388_addr_gep_fu_1767">
<pin_list>
<pin id="1768" dir="0" index="0" bw="8" slack="0"/>
<pin id="1769" dir="0" index="1" bw="1" slack="0"/>
<pin id="1770" dir="0" index="2" bw="3" slack="0"/>
<pin id="1771" dir="1" index="3" bw="3" slack="0"/>
</pin_list>
<bind>
<opcode="getelementptr(29) " fcode="getelementptr"/>
<opset="fb_388_addr/2 "/>
</bind>
</comp>

<comp id="1774" class="1004" name="fb_389_addr_gep_fu_1774">
<pin_list>
<pin id="1775" dir="0" index="0" bw="8" slack="0"/>
<pin id="1776" dir="0" index="1" bw="1" slack="0"/>
<pin id="1777" dir="0" index="2" bw="3" slack="0"/>
<pin id="1778" dir="1" index="3" bw="3" slack="0"/>
</pin_list>
<bind>
<opcode="getelementptr(29) " fcode="getelementptr"/>
<opset="fb_389_addr/2 "/>
</bind>
</comp>

<comp id="1781" class="1004" name="fb_390_addr_gep_fu_1781">
<pin_list>
<pin id="1782" dir="0" index="0" bw="8" slack="0"/>
<pin id="1783" dir="0" index="1" bw="1" slack="0"/>
<pin id="1784" dir="0" index="2" bw="3" slack="0"/>
<pin id="1785" dir="1" index="3" bw="3" slack="0"/>
</pin_list>
<bind>
<opcode="getelementptr(29) " fcode="getelementptr"/>
<opset="fb_390_addr/2 "/>
</bind>
</comp>

<comp id="1788" class="1004" name="fb_391_addr_gep_fu_1788">
<pin_list>
<pin id="1789" dir="0" index="0" bw="8" slack="0"/>
<pin id="1790" dir="0" index="1" bw="1" slack="0"/>
<pin id="1791" dir="0" index="2" bw="3" slack="0"/>
<pin id="1792" dir="1" index="3" bw="3" slack="0"/>
</pin_list>
<bind>
<opcode="getelementptr(29) " fcode="getelementptr"/>
<opset="fb_391_addr/2 "/>
</bind>
</comp>

<comp id="1795" class="1004" name="fb_392_addr_gep_fu_1795">
<pin_list>
<pin id="1796" dir="0" index="0" bw="8" slack="0"/>
<pin id="1797" dir="0" index="1" bw="1" slack="0"/>
<pin id="1798" dir="0" index="2" bw="3" slack="0"/>
<pin id="1799" dir="1" index="3" bw="3" slack="0"/>
</pin_list>
<bind>
<opcode="getelementptr(29) " fcode="getelementptr"/>
<opset="fb_392_addr/2 "/>
</bind>
</comp>

<comp id="1802" class="1004" name="fb_393_addr_gep_fu_1802">
<pin_list>
<pin id="1803" dir="0" index="0" bw="8" slack="0"/>
<pin id="1804" dir="0" index="1" bw="1" slack="0"/>
<pin id="1805" dir="0" index="2" bw="3" slack="0"/>
<pin id="1806" dir="1" index="3" bw="3" slack="0"/>
</pin_list>
<bind>
<opcode="getelementptr(29) " fcode="getelementptr"/>
<opset="fb_393_addr/2 "/>
</bind>
</comp>

<comp id="1809" class="1004" name="fb_394_addr_gep_fu_1809">
<pin_list>
<pin id="1810" dir="0" index="0" bw="8" slack="0"/>
<pin id="1811" dir="0" index="1" bw="1" slack="0"/>
<pin id="1812" dir="0" index="2" bw="3" slack="0"/>
<pin id="1813" dir="1" index="3" bw="3" slack="0"/>
</pin_list>
<bind>
<opcode="getelementptr(29) " fcode="getelementptr"/>
<opset="fb_394_addr/2 "/>
</bind>
</comp>

<comp id="1816" class="1004" name="fb_395_addr_gep_fu_1816">
<pin_list>
<pin id="1817" dir="0" index="0" bw="8" slack="0"/>
<pin id="1818" dir="0" index="1" bw="1" slack="0"/>
<pin id="1819" dir="0" index="2" bw="3" slack="0"/>
<pin id="1820" dir="1" index="3" bw="3" slack="0"/>
</pin_list>
<bind>
<opcode="getelementptr(29) " fcode="getelementptr"/>
<opset="fb_395_addr/2 "/>
</bind>
</comp>

<comp id="1823" class="1004" name="fb_396_addr_gep_fu_1823">
<pin_list>
<pin id="1824" dir="0" index="0" bw="8" slack="0"/>
<pin id="1825" dir="0" index="1" bw="1" slack="0"/>
<pin id="1826" dir="0" index="2" bw="3" slack="0"/>
<pin id="1827" dir="1" index="3" bw="3" slack="0"/>
</pin_list>
<bind>
<opcode="getelementptr(29) " fcode="getelementptr"/>
<opset="fb_396_addr/2 "/>
</bind>
</comp>

<comp id="1830" class="1004" name="fb_397_addr_gep_fu_1830">
<pin_list>
<pin id="1831" dir="0" index="0" bw="8" slack="0"/>
<pin id="1832" dir="0" index="1" bw="1" slack="0"/>
<pin id="1833" dir="0" index="2" bw="3" slack="0"/>
<pin id="1834" dir="1" index="3" bw="3" slack="0"/>
</pin_list>
<bind>
<opcode="getelementptr(29) " fcode="getelementptr"/>
<opset="fb_397_addr/2 "/>
</bind>
</comp>

<comp id="1837" class="1004" name="fb_398_addr_gep_fu_1837">
<pin_list>
<pin id="1838" dir="0" index="0" bw="8" slack="0"/>
<pin id="1839" dir="0" index="1" bw="1" slack="0"/>
<pin id="1840" dir="0" index="2" bw="3" slack="0"/>
<pin id="1841" dir="1" index="3" bw="3" slack="0"/>
</pin_list>
<bind>
<opcode="getelementptr(29) " fcode="getelementptr"/>
<opset="fb_398_addr/2 "/>
</bind>
</comp>

<comp id="1844" class="1004" name="fb_399_addr_gep_fu_1844">
<pin_list>
<pin id="1845" dir="0" index="0" bw="8" slack="0"/>
<pin id="1846" dir="0" index="1" bw="1" slack="0"/>
<pin id="1847" dir="0" index="2" bw="3" slack="0"/>
<pin id="1848" dir="1" index="3" bw="3" slack="0"/>
</pin_list>
<bind>
<opcode="getelementptr(29) " fcode="getelementptr"/>
<opset="fb_399_addr/2 "/>
</bind>
</comp>

<comp id="1851" class="1004" name="fb_400_addr_gep_fu_1851">
<pin_list>
<pin id="1852" dir="0" index="0" bw="8" slack="0"/>
<pin id="1853" dir="0" index="1" bw="1" slack="0"/>
<pin id="1854" dir="0" index="2" bw="3" slack="0"/>
<pin id="1855" dir="1" index="3" bw="3" slack="0"/>
</pin_list>
<bind>
<opcode="getelementptr(29) " fcode="getelementptr"/>
<opset="fb_400_addr/2 "/>
</bind>
</comp>

<comp id="1858" class="1004" name="fb_401_addr_gep_fu_1858">
<pin_list>
<pin id="1859" dir="0" index="0" bw="8" slack="0"/>
<pin id="1860" dir="0" index="1" bw="1" slack="0"/>
<pin id="1861" dir="0" index="2" bw="3" slack="0"/>
<pin id="1862" dir="1" index="3" bw="3" slack="0"/>
</pin_list>
<bind>
<opcode="getelementptr(29) " fcode="getelementptr"/>
<opset="fb_401_addr/2 "/>
</bind>
</comp>

<comp id="1865" class="1004" name="fb_402_addr_gep_fu_1865">
<pin_list>
<pin id="1866" dir="0" index="0" bw="8" slack="0"/>
<pin id="1867" dir="0" index="1" bw="1" slack="0"/>
<pin id="1868" dir="0" index="2" bw="3" slack="0"/>
<pin id="1869" dir="1" index="3" bw="3" slack="0"/>
</pin_list>
<bind>
<opcode="getelementptr(29) " fcode="getelementptr"/>
<opset="fb_402_addr/2 "/>
</bind>
</comp>

<comp id="1872" class="1004" name="fb_403_addr_gep_fu_1872">
<pin_list>
<pin id="1873" dir="0" index="0" bw="8" slack="0"/>
<pin id="1874" dir="0" index="1" bw="1" slack="0"/>
<pin id="1875" dir="0" index="2" bw="3" slack="0"/>
<pin id="1876" dir="1" index="3" bw="3" slack="0"/>
</pin_list>
<bind>
<opcode="getelementptr(29) " fcode="getelementptr"/>
<opset="fb_403_addr/2 "/>
</bind>
</comp>

<comp id="1879" class="1004" name="fb_404_addr_gep_fu_1879">
<pin_list>
<pin id="1880" dir="0" index="0" bw="8" slack="0"/>
<pin id="1881" dir="0" index="1" bw="1" slack="0"/>
<pin id="1882" dir="0" index="2" bw="3" slack="0"/>
<pin id="1883" dir="1" index="3" bw="3" slack="0"/>
</pin_list>
<bind>
<opcode="getelementptr(29) " fcode="getelementptr"/>
<opset="fb_404_addr/2 "/>
</bind>
</comp>

<comp id="1886" class="1004" name="fb_405_addr_gep_fu_1886">
<pin_list>
<pin id="1887" dir="0" index="0" bw="8" slack="0"/>
<pin id="1888" dir="0" index="1" bw="1" slack="0"/>
<pin id="1889" dir="0" index="2" bw="3" slack="0"/>
<pin id="1890" dir="1" index="3" bw="3" slack="0"/>
</pin_list>
<bind>
<opcode="getelementptr(29) " fcode="getelementptr"/>
<opset="fb_405_addr/2 "/>
</bind>
</comp>

<comp id="1893" class="1004" name="fb_406_addr_gep_fu_1893">
<pin_list>
<pin id="1894" dir="0" index="0" bw="8" slack="0"/>
<pin id="1895" dir="0" index="1" bw="1" slack="0"/>
<pin id="1896" dir="0" index="2" bw="3" slack="0"/>
<pin id="1897" dir="1" index="3" bw="3" slack="0"/>
</pin_list>
<bind>
<opcode="getelementptr(29) " fcode="getelementptr"/>
<opset="fb_406_addr/2 "/>
</bind>
</comp>

<comp id="1900" class="1004" name="fb_407_addr_gep_fu_1900">
<pin_list>
<pin id="1901" dir="0" index="0" bw="8" slack="0"/>
<pin id="1902" dir="0" index="1" bw="1" slack="0"/>
<pin id="1903" dir="0" index="2" bw="3" slack="0"/>
<pin id="1904" dir="1" index="3" bw="3" slack="0"/>
</pin_list>
<bind>
<opcode="getelementptr(29) " fcode="getelementptr"/>
<opset="fb_407_addr/2 "/>
</bind>
</comp>

<comp id="1907" class="1004" name="fb_408_addr_gep_fu_1907">
<pin_list>
<pin id="1908" dir="0" index="0" bw="8" slack="0"/>
<pin id="1909" dir="0" index="1" bw="1" slack="0"/>
<pin id="1910" dir="0" index="2" bw="3" slack="0"/>
<pin id="1911" dir="1" index="3" bw="3" slack="0"/>
</pin_list>
<bind>
<opcode="getelementptr(29) " fcode="getelementptr"/>
<opset="fb_408_addr/2 "/>
</bind>
</comp>

<comp id="1914" class="1004" name="fb_409_addr_gep_fu_1914">
<pin_list>
<pin id="1915" dir="0" index="0" bw="8" slack="0"/>
<pin id="1916" dir="0" index="1" bw="1" slack="0"/>
<pin id="1917" dir="0" index="2" bw="3" slack="0"/>
<pin id="1918" dir="1" index="3" bw="3" slack="0"/>
</pin_list>
<bind>
<opcode="getelementptr(29) " fcode="getelementptr"/>
<opset="fb_409_addr/2 "/>
</bind>
</comp>

<comp id="1921" class="1004" name="fb_410_addr_gep_fu_1921">
<pin_list>
<pin id="1922" dir="0" index="0" bw="8" slack="0"/>
<pin id="1923" dir="0" index="1" bw="1" slack="0"/>
<pin id="1924" dir="0" index="2" bw="3" slack="0"/>
<pin id="1925" dir="1" index="3" bw="3" slack="0"/>
</pin_list>
<bind>
<opcode="getelementptr(29) " fcode="getelementptr"/>
<opset="fb_410_addr/2 "/>
</bind>
</comp>

<comp id="1928" class="1004" name="fb_411_addr_gep_fu_1928">
<pin_list>
<pin id="1929" dir="0" index="0" bw="8" slack="0"/>
<pin id="1930" dir="0" index="1" bw="1" slack="0"/>
<pin id="1931" dir="0" index="2" bw="3" slack="0"/>
<pin id="1932" dir="1" index="3" bw="3" slack="0"/>
</pin_list>
<bind>
<opcode="getelementptr(29) " fcode="getelementptr"/>
<opset="fb_411_addr/2 "/>
</bind>
</comp>

<comp id="1935" class="1004" name="fb_412_addr_gep_fu_1935">
<pin_list>
<pin id="1936" dir="0" index="0" bw="8" slack="0"/>
<pin id="1937" dir="0" index="1" bw="1" slack="0"/>
<pin id="1938" dir="0" index="2" bw="3" slack="0"/>
<pin id="1939" dir="1" index="3" bw="3" slack="0"/>
</pin_list>
<bind>
<opcode="getelementptr(29) " fcode="getelementptr"/>
<opset="fb_412_addr/2 "/>
</bind>
</comp>

<comp id="1942" class="1004" name="fb_413_addr_gep_fu_1942">
<pin_list>
<pin id="1943" dir="0" index="0" bw="8" slack="0"/>
<pin id="1944" dir="0" index="1" bw="1" slack="0"/>
<pin id="1945" dir="0" index="2" bw="3" slack="0"/>
<pin id="1946" dir="1" index="3" bw="3" slack="0"/>
</pin_list>
<bind>
<opcode="getelementptr(29) " fcode="getelementptr"/>
<opset="fb_413_addr/2 "/>
</bind>
</comp>

<comp id="1949" class="1004" name="fb_414_addr_gep_fu_1949">
<pin_list>
<pin id="1950" dir="0" index="0" bw="8" slack="0"/>
<pin id="1951" dir="0" index="1" bw="1" slack="0"/>
<pin id="1952" dir="0" index="2" bw="3" slack="0"/>
<pin id="1953" dir="1" index="3" bw="3" slack="0"/>
</pin_list>
<bind>
<opcode="getelementptr(29) " fcode="getelementptr"/>
<opset="fb_414_addr/2 "/>
</bind>
</comp>

<comp id="1956" class="1004" name="fb_415_addr_gep_fu_1956">
<pin_list>
<pin id="1957" dir="0" index="0" bw="8" slack="0"/>
<pin id="1958" dir="0" index="1" bw="1" slack="0"/>
<pin id="1959" dir="0" index="2" bw="3" slack="0"/>
<pin id="1960" dir="1" index="3" bw="3" slack="0"/>
</pin_list>
<bind>
<opcode="getelementptr(29) " fcode="getelementptr"/>
<opset="fb_415_addr/2 "/>
</bind>
</comp>

<comp id="1963" class="1004" name="fb_416_addr_gep_fu_1963">
<pin_list>
<pin id="1964" dir="0" index="0" bw="8" slack="0"/>
<pin id="1965" dir="0" index="1" bw="1" slack="0"/>
<pin id="1966" dir="0" index="2" bw="3" slack="0"/>
<pin id="1967" dir="1" index="3" bw="3" slack="0"/>
</pin_list>
<bind>
<opcode="getelementptr(29) " fcode="getelementptr"/>
<opset="fb_416_addr/2 "/>
</bind>
</comp>

<comp id="1970" class="1004" name="fb_417_addr_gep_fu_1970">
<pin_list>
<pin id="1971" dir="0" index="0" bw="8" slack="0"/>
<pin id="1972" dir="0" index="1" bw="1" slack="0"/>
<pin id="1973" dir="0" index="2" bw="3" slack="0"/>
<pin id="1974" dir="1" index="3" bw="3" slack="0"/>
</pin_list>
<bind>
<opcode="getelementptr(29) " fcode="getelementptr"/>
<opset="fb_417_addr/2 "/>
</bind>
</comp>

<comp id="1977" class="1004" name="fb_418_addr_gep_fu_1977">
<pin_list>
<pin id="1978" dir="0" index="0" bw="8" slack="0"/>
<pin id="1979" dir="0" index="1" bw="1" slack="0"/>
<pin id="1980" dir="0" index="2" bw="3" slack="0"/>
<pin id="1981" dir="1" index="3" bw="3" slack="0"/>
</pin_list>
<bind>
<opcode="getelementptr(29) " fcode="getelementptr"/>
<opset="fb_418_addr/2 "/>
</bind>
</comp>

<comp id="1984" class="1004" name="fb_419_addr_gep_fu_1984">
<pin_list>
<pin id="1985" dir="0" index="0" bw="8" slack="0"/>
<pin id="1986" dir="0" index="1" bw="1" slack="0"/>
<pin id="1987" dir="0" index="2" bw="3" slack="0"/>
<pin id="1988" dir="1" index="3" bw="3" slack="0"/>
</pin_list>
<bind>
<opcode="getelementptr(29) " fcode="getelementptr"/>
<opset="fb_419_addr/2 "/>
</bind>
</comp>

<comp id="1991" class="1004" name="fb_420_addr_gep_fu_1991">
<pin_list>
<pin id="1992" dir="0" index="0" bw="8" slack="0"/>
<pin id="1993" dir="0" index="1" bw="1" slack="0"/>
<pin id="1994" dir="0" index="2" bw="3" slack="0"/>
<pin id="1995" dir="1" index="3" bw="3" slack="0"/>
</pin_list>
<bind>
<opcode="getelementptr(29) " fcode="getelementptr"/>
<opset="fb_420_addr/2 "/>
</bind>
</comp>

<comp id="1998" class="1004" name="fb_421_addr_gep_fu_1998">
<pin_list>
<pin id="1999" dir="0" index="0" bw="8" slack="0"/>
<pin id="2000" dir="0" index="1" bw="1" slack="0"/>
<pin id="2001" dir="0" index="2" bw="3" slack="0"/>
<pin id="2002" dir="1" index="3" bw="3" slack="0"/>
</pin_list>
<bind>
<opcode="getelementptr(29) " fcode="getelementptr"/>
<opset="fb_421_addr/2 "/>
</bind>
</comp>

<comp id="2005" class="1004" name="fb_422_addr_gep_fu_2005">
<pin_list>
<pin id="2006" dir="0" index="0" bw="8" slack="0"/>
<pin id="2007" dir="0" index="1" bw="1" slack="0"/>
<pin id="2008" dir="0" index="2" bw="3" slack="0"/>
<pin id="2009" dir="1" index="3" bw="3" slack="0"/>
</pin_list>
<bind>
<opcode="getelementptr(29) " fcode="getelementptr"/>
<opset="fb_422_addr/2 "/>
</bind>
</comp>

<comp id="2012" class="1004" name="fb_423_addr_gep_fu_2012">
<pin_list>
<pin id="2013" dir="0" index="0" bw="8" slack="0"/>
<pin id="2014" dir="0" index="1" bw="1" slack="0"/>
<pin id="2015" dir="0" index="2" bw="3" slack="0"/>
<pin id="2016" dir="1" index="3" bw="3" slack="0"/>
</pin_list>
<bind>
<opcode="getelementptr(29) " fcode="getelementptr"/>
<opset="fb_423_addr/2 "/>
</bind>
</comp>

<comp id="2019" class="1004" name="fb_424_addr_gep_fu_2019">
<pin_list>
<pin id="2020" dir="0" index="0" bw="8" slack="0"/>
<pin id="2021" dir="0" index="1" bw="1" slack="0"/>
<pin id="2022" dir="0" index="2" bw="3" slack="0"/>
<pin id="2023" dir="1" index="3" bw="3" slack="0"/>
</pin_list>
<bind>
<opcode="getelementptr(29) " fcode="getelementptr"/>
<opset="fb_424_addr/2 "/>
</bind>
</comp>

<comp id="2026" class="1004" name="fb_425_addr_gep_fu_2026">
<pin_list>
<pin id="2027" dir="0" index="0" bw="8" slack="0"/>
<pin id="2028" dir="0" index="1" bw="1" slack="0"/>
<pin id="2029" dir="0" index="2" bw="3" slack="0"/>
<pin id="2030" dir="1" index="3" bw="3" slack="0"/>
</pin_list>
<bind>
<opcode="getelementptr(29) " fcode="getelementptr"/>
<opset="fb_425_addr/2 "/>
</bind>
</comp>

<comp id="2033" class="1004" name="fb_426_addr_gep_fu_2033">
<pin_list>
<pin id="2034" dir="0" index="0" bw="8" slack="0"/>
<pin id="2035" dir="0" index="1" bw="1" slack="0"/>
<pin id="2036" dir="0" index="2" bw="3" slack="0"/>
<pin id="2037" dir="1" index="3" bw="3" slack="0"/>
</pin_list>
<bind>
<opcode="getelementptr(29) " fcode="getelementptr"/>
<opset="fb_426_addr/2 "/>
</bind>
</comp>

<comp id="2040" class="1004" name="fb_427_addr_gep_fu_2040">
<pin_list>
<pin id="2041" dir="0" index="0" bw="8" slack="0"/>
<pin id="2042" dir="0" index="1" bw="1" slack="0"/>
<pin id="2043" dir="0" index="2" bw="3" slack="0"/>
<pin id="2044" dir="1" index="3" bw="3" slack="0"/>
</pin_list>
<bind>
<opcode="getelementptr(29) " fcode="getelementptr"/>
<opset="fb_427_addr/2 "/>
</bind>
</comp>

<comp id="2047" class="1004" name="fb_428_addr_gep_fu_2047">
<pin_list>
<pin id="2048" dir="0" index="0" bw="8" slack="0"/>
<pin id="2049" dir="0" index="1" bw="1" slack="0"/>
<pin id="2050" dir="0" index="2" bw="3" slack="0"/>
<pin id="2051" dir="1" index="3" bw="3" slack="0"/>
</pin_list>
<bind>
<opcode="getelementptr(29) " fcode="getelementptr"/>
<opset="fb_428_addr/2 "/>
</bind>
</comp>

<comp id="2054" class="1004" name="fb_429_addr_gep_fu_2054">
<pin_list>
<pin id="2055" dir="0" index="0" bw="8" slack="0"/>
<pin id="2056" dir="0" index="1" bw="1" slack="0"/>
<pin id="2057" dir="0" index="2" bw="3" slack="0"/>
<pin id="2058" dir="1" index="3" bw="3" slack="0"/>
</pin_list>
<bind>
<opcode="getelementptr(29) " fcode="getelementptr"/>
<opset="fb_429_addr/2 "/>
</bind>
</comp>

<comp id="2061" class="1004" name="fb_430_addr_gep_fu_2061">
<pin_list>
<pin id="2062" dir="0" index="0" bw="8" slack="0"/>
<pin id="2063" dir="0" index="1" bw="1" slack="0"/>
<pin id="2064" dir="0" index="2" bw="3" slack="0"/>
<pin id="2065" dir="1" index="3" bw="3" slack="0"/>
</pin_list>
<bind>
<opcode="getelementptr(29) " fcode="getelementptr"/>
<opset="fb_430_addr/2 "/>
</bind>
</comp>

<comp id="2068" class="1004" name="store_ln55_access_fu_2068">
<pin_list>
<pin id="2069" dir="0" index="0" bw="3" slack="0"/>
<pin id="2070" dir="0" index="1" bw="8" slack="0"/>
<pin id="2071" dir="0" index="2" bw="0" slack="2147483647"/>
<pin id="2072" dir="1" index="3" bw="8" slack="2147483647"/>
</pin_list>
<bind>
<opcode="store(28) " fcode="store"/>
<opset="store_ln55/2 "/>
</bind>
</comp>

<comp id="2074" class="1004" name="store_ln55_access_fu_2074">
<pin_list>
<pin id="2075" dir="0" index="0" bw="3" slack="0"/>
<pin id="2076" dir="0" index="1" bw="8" slack="0"/>
<pin id="2077" dir="0" index="2" bw="0" slack="2147483647"/>
<pin id="2078" dir="1" index="3" bw="8" slack="2147483647"/>
</pin_list>
<bind>
<opcode="store(28) " fcode="store"/>
<opset="store_ln55/2 "/>
</bind>
</comp>

<comp id="2080" class="1004" name="store_ln55_access_fu_2080">
<pin_list>
<pin id="2081" dir="0" index="0" bw="3" slack="0"/>
<pin id="2082" dir="0" index="1" bw="8" slack="0"/>
<pin id="2083" dir="0" index="2" bw="0" slack="2147483647"/>
<pin id="2084" dir="1" index="3" bw="8" slack="2147483647"/>
</pin_list>
<bind>
<opcode="store(28) " fcode="store"/>
<opset="store_ln55/2 "/>
</bind>
</comp>

<comp id="2086" class="1004" name="store_ln55_access_fu_2086">
<pin_list>
<pin id="2087" dir="0" index="0" bw="3" slack="0"/>
<pin id="2088" dir="0" index="1" bw="8" slack="0"/>
<pin id="2089" dir="0" index="2" bw="0" slack="2147483647"/>
<pin id="2090" dir="1" index="3" bw="8" slack="2147483647"/>
</pin_list>
<bind>
<opcode="store(28) " fcode="store"/>
<opset="store_ln55/2 "/>
</bind>
</comp>

<comp id="2092" class="1004" name="store_ln55_access_fu_2092">
<pin_list>
<pin id="2093" dir="0" index="0" bw="3" slack="0"/>
<pin id="2094" dir="0" index="1" bw="8" slack="0"/>
<pin id="2095" dir="0" index="2" bw="0" slack="2147483647"/>
<pin id="2096" dir="1" index="3" bw="8" slack="2147483647"/>
</pin_list>
<bind>
<opcode="store(28) " fcode="store"/>
<opset="store_ln55/2 "/>
</bind>
</comp>

<comp id="2098" class="1004" name="store_ln55_access_fu_2098">
<pin_list>
<pin id="2099" dir="0" index="0" bw="3" slack="0"/>
<pin id="2100" dir="0" index="1" bw="8" slack="0"/>
<pin id="2101" dir="0" index="2" bw="0" slack="2147483647"/>
<pin id="2102" dir="1" index="3" bw="8" slack="2147483647"/>
</pin_list>
<bind>
<opcode="store(28) " fcode="store"/>
<opset="store_ln55/2 "/>
</bind>
</comp>

<comp id="2104" class="1004" name="store_ln55_access_fu_2104">
<pin_list>
<pin id="2105" dir="0" index="0" bw="3" slack="0"/>
<pin id="2106" dir="0" index="1" bw="8" slack="0"/>
<pin id="2107" dir="0" index="2" bw="0" slack="2147483647"/>
<pin id="2108" dir="1" index="3" bw="8" slack="2147483647"/>
</pin_list>
<bind>
<opcode="store(28) " fcode="store"/>
<opset="store_ln55/2 "/>
</bind>
</comp>

<comp id="2110" class="1004" name="store_ln55_access_fu_2110">
<pin_list>
<pin id="2111" dir="0" index="0" bw="3" slack="0"/>
<pin id="2112" dir="0" index="1" bw="8" slack="0"/>
<pin id="2113" dir="0" index="2" bw="0" slack="2147483647"/>
<pin id="2114" dir="1" index="3" bw="8" slack="2147483647"/>
</pin_list>
<bind>
<opcode="store(28) " fcode="store"/>
<opset="store_ln55/2 "/>
</bind>
</comp>

<comp id="2116" class="1004" name="store_ln55_access_fu_2116">
<pin_list>
<pin id="2117" dir="0" index="0" bw="3" slack="0"/>
<pin id="2118" dir="0" index="1" bw="8" slack="0"/>
<pin id="2119" dir="0" index="2" bw="0" slack="2147483647"/>
<pin id="2120" dir="1" index="3" bw="8" slack="2147483647"/>
</pin_list>
<bind>
<opcode="store(28) " fcode="store"/>
<opset="store_ln55/2 "/>
</bind>
</comp>

<comp id="2122" class="1004" name="store_ln55_access_fu_2122">
<pin_list>
<pin id="2123" dir="0" index="0" bw="3" slack="0"/>
<pin id="2124" dir="0" index="1" bw="8" slack="0"/>
<pin id="2125" dir="0" index="2" bw="0" slack="2147483647"/>
<pin id="2126" dir="1" index="3" bw="8" slack="2147483647"/>
</pin_list>
<bind>
<opcode="store(28) " fcode="store"/>
<opset="store_ln55/2 "/>
</bind>
</comp>

<comp id="2128" class="1004" name="store_ln55_access_fu_2128">
<pin_list>
<pin id="2129" dir="0" index="0" bw="3" slack="0"/>
<pin id="2130" dir="0" index="1" bw="8" slack="0"/>
<pin id="2131" dir="0" index="2" bw="0" slack="2147483647"/>
<pin id="2132" dir="1" index="3" bw="8" slack="2147483647"/>
</pin_list>
<bind>
<opcode="store(28) " fcode="store"/>
<opset="store_ln55/2 "/>
</bind>
</comp>

<comp id="2134" class="1004" name="store_ln55_access_fu_2134">
<pin_list>
<pin id="2135" dir="0" index="0" bw="3" slack="0"/>
<pin id="2136" dir="0" index="1" bw="8" slack="0"/>
<pin id="2137" dir="0" index="2" bw="0" slack="2147483647"/>
<pin id="2138" dir="1" index="3" bw="8" slack="2147483647"/>
</pin_list>
<bind>
<opcode="store(28) " fcode="store"/>
<opset="store_ln55/2 "/>
</bind>
</comp>

<comp id="2140" class="1004" name="store_ln55_access_fu_2140">
<pin_list>
<pin id="2141" dir="0" index="0" bw="3" slack="0"/>
<pin id="2142" dir="0" index="1" bw="8" slack="0"/>
<pin id="2143" dir="0" index="2" bw="0" slack="2147483647"/>
<pin id="2144" dir="1" index="3" bw="8" slack="2147483647"/>
</pin_list>
<bind>
<opcode="store(28) " fcode="store"/>
<opset="store_ln55/2 "/>
</bind>
</comp>

<comp id="2146" class="1004" name="store_ln55_access_fu_2146">
<pin_list>
<pin id="2147" dir="0" index="0" bw="3" slack="0"/>
<pin id="2148" dir="0" index="1" bw="8" slack="0"/>
<pin id="2149" dir="0" index="2" bw="0" slack="2147483647"/>
<pin id="2150" dir="1" index="3" bw="8" slack="2147483647"/>
</pin_list>
<bind>
<opcode="store(28) " fcode="store"/>
<opset="store_ln55/2 "/>
</bind>
</comp>

<comp id="2152" class="1004" name="store_ln55_access_fu_2152">
<pin_list>
<pin id="2153" dir="0" index="0" bw="3" slack="0"/>
<pin id="2154" dir="0" index="1" bw="8" slack="0"/>
<pin id="2155" dir="0" index="2" bw="0" slack="2147483647"/>
<pin id="2156" dir="1" index="3" bw="8" slack="2147483647"/>
</pin_list>
<bind>
<opcode="store(28) " fcode="store"/>
<opset="store_ln55/2 "/>
</bind>
</comp>

<comp id="2158" class="1004" name="store_ln55_access_fu_2158">
<pin_list>
<pin id="2159" dir="0" index="0" bw="3" slack="0"/>
<pin id="2160" dir="0" index="1" bw="8" slack="0"/>
<pin id="2161" dir="0" index="2" bw="0" slack="2147483647"/>
<pin id="2162" dir="1" index="3" bw="8" slack="2147483647"/>
</pin_list>
<bind>
<opcode="store(28) " fcode="store"/>
<opset="store_ln55/2 "/>
</bind>
</comp>

<comp id="2164" class="1004" name="store_ln55_access_fu_2164">
<pin_list>
<pin id="2165" dir="0" index="0" bw="3" slack="0"/>
<pin id="2166" dir="0" index="1" bw="8" slack="0"/>
<pin id="2167" dir="0" index="2" bw="0" slack="2147483647"/>
<pin id="2168" dir="1" index="3" bw="8" slack="2147483647"/>
</pin_list>
<bind>
<opcode="store(28) " fcode="store"/>
<opset="store_ln55/2 "/>
</bind>
</comp>

<comp id="2170" class="1004" name="store_ln55_access_fu_2170">
<pin_list>
<pin id="2171" dir="0" index="0" bw="3" slack="0"/>
<pin id="2172" dir="0" index="1" bw="8" slack="0"/>
<pin id="2173" dir="0" index="2" bw="0" slack="2147483647"/>
<pin id="2174" dir="1" index="3" bw="8" slack="2147483647"/>
</pin_list>
<bind>
<opcode="store(28) " fcode="store"/>
<opset="store_ln55/2 "/>
</bind>
</comp>

<comp id="2176" class="1004" name="store_ln55_access_fu_2176">
<pin_list>
<pin id="2177" dir="0" index="0" bw="3" slack="0"/>
<pin id="2178" dir="0" index="1" bw="8" slack="0"/>
<pin id="2179" dir="0" index="2" bw="0" slack="2147483647"/>
<pin id="2180" dir="1" index="3" bw="8" slack="2147483647"/>
</pin_list>
<bind>
<opcode="store(28) " fcode="store"/>
<opset="store_ln55/2 "/>
</bind>
</comp>

<comp id="2182" class="1004" name="store_ln55_access_fu_2182">
<pin_list>
<pin id="2183" dir="0" index="0" bw="3" slack="0"/>
<pin id="2184" dir="0" index="1" bw="8" slack="0"/>
<pin id="2185" dir="0" index="2" bw="0" slack="2147483647"/>
<pin id="2186" dir="1" index="3" bw="8" slack="2147483647"/>
</pin_list>
<bind>
<opcode="store(28) " fcode="store"/>
<opset="store_ln55/2 "/>
</bind>
</comp>

<comp id="2188" class="1004" name="store_ln55_access_fu_2188">
<pin_list>
<pin id="2189" dir="0" index="0" bw="3" slack="0"/>
<pin id="2190" dir="0" index="1" bw="8" slack="0"/>
<pin id="2191" dir="0" index="2" bw="0" slack="2147483647"/>
<pin id="2192" dir="1" index="3" bw="8" slack="2147483647"/>
</pin_list>
<bind>
<opcode="store(28) " fcode="store"/>
<opset="store_ln55/2 "/>
</bind>
</comp>

<comp id="2194" class="1004" name="store_ln55_access_fu_2194">
<pin_list>
<pin id="2195" dir="0" index="0" bw="3" slack="0"/>
<pin id="2196" dir="0" index="1" bw="8" slack="0"/>
<pin id="2197" dir="0" index="2" bw="0" slack="2147483647"/>
<pin id="2198" dir="1" index="3" bw="8" slack="2147483647"/>
</pin_list>
<bind>
<opcode="store(28) " fcode="store"/>
<opset="store_ln55/2 "/>
</bind>
</comp>

<comp id="2200" class="1004" name="store_ln55_access_fu_2200">
<pin_list>
<pin id="2201" dir="0" index="0" bw="3" slack="0"/>
<pin id="2202" dir="0" index="1" bw="8" slack="0"/>
<pin id="2203" dir="0" index="2" bw="0" slack="2147483647"/>
<pin id="2204" dir="1" index="3" bw="8" slack="2147483647"/>
</pin_list>
<bind>
<opcode="store(28) " fcode="store"/>
<opset="store_ln55/2 "/>
</bind>
</comp>

<comp id="2206" class="1004" name="store_ln55_access_fu_2206">
<pin_list>
<pin id="2207" dir="0" index="0" bw="3" slack="0"/>
<pin id="2208" dir="0" index="1" bw="8" slack="0"/>
<pin id="2209" dir="0" index="2" bw="0" slack="2147483647"/>
<pin id="2210" dir="1" index="3" bw="8" slack="2147483647"/>
</pin_list>
<bind>
<opcode="store(28) " fcode="store"/>
<opset="store_ln55/2 "/>
</bind>
</comp>

<comp id="2212" class="1004" name="store_ln55_access_fu_2212">
<pin_list>
<pin id="2213" dir="0" index="0" bw="3" slack="0"/>
<pin id="2214" dir="0" index="1" bw="8" slack="0"/>
<pin id="2215" dir="0" index="2" bw="0" slack="2147483647"/>
<pin id="2216" dir="1" index="3" bw="8" slack="2147483647"/>
</pin_list>
<bind>
<opcode="store(28) " fcode="store"/>
<opset="store_ln55/2 "/>
</bind>
</comp>

<comp id="2218" class="1004" name="store_ln55_access_fu_2218">
<pin_list>
<pin id="2219" dir="0" index="0" bw="3" slack="0"/>
<pin id="2220" dir="0" index="1" bw="8" slack="0"/>
<pin id="2221" dir="0" index="2" bw="0" slack="2147483647"/>
<pin id="2222" dir="1" index="3" bw="8" slack="2147483647"/>
</pin_list>
<bind>
<opcode="store(28) " fcode="store"/>
<opset="store_ln55/2 "/>
</bind>
</comp>

<comp id="2224" class="1004" name="store_ln55_access_fu_2224">
<pin_list>
<pin id="2225" dir="0" index="0" bw="3" slack="0"/>
<pin id="2226" dir="0" index="1" bw="8" slack="0"/>
<pin id="2227" dir="0" index="2" bw="0" slack="2147483647"/>
<pin id="2228" dir="1" index="3" bw="8" slack="2147483647"/>
</pin_list>
<bind>
<opcode="store(28) " fcode="store"/>
<opset="store_ln55/2 "/>
</bind>
</comp>

<comp id="2230" class="1004" name="store_ln55_access_fu_2230">
<pin_list>
<pin id="2231" dir="0" index="0" bw="3" slack="0"/>
<pin id="2232" dir="0" index="1" bw="8" slack="0"/>
<pin id="2233" dir="0" index="2" bw="0" slack="2147483647"/>
<pin id="2234" dir="1" index="3" bw="8" slack="2147483647"/>
</pin_list>
<bind>
<opcode="store(28) " fcode="store"/>
<opset="store_ln55/2 "/>
</bind>
</comp>

<comp id="2236" class="1004" name="store_ln55_access_fu_2236">
<pin_list>
<pin id="2237" dir="0" index="0" bw="3" slack="0"/>
<pin id="2238" dir="0" index="1" bw="8" slack="0"/>
<pin id="2239" dir="0" index="2" bw="0" slack="2147483647"/>
<pin id="2240" dir="1" index="3" bw="8" slack="2147483647"/>
</pin_list>
<bind>
<opcode="store(28) " fcode="store"/>
<opset="store_ln55/2 "/>
</bind>
</comp>

<comp id="2242" class="1004" name="store_ln55_access_fu_2242">
<pin_list>
<pin id="2243" dir="0" index="0" bw="3" slack="0"/>
<pin id="2244" dir="0" index="1" bw="8" slack="0"/>
<pin id="2245" dir="0" index="2" bw="0" slack="2147483647"/>
<pin id="2246" dir="1" index="3" bw="8" slack="2147483647"/>
</pin_list>
<bind>
<opcode="store(28) " fcode="store"/>
<opset="store_ln55/2 "/>
</bind>
</comp>

<comp id="2248" class="1004" name="store_ln55_access_fu_2248">
<pin_list>
<pin id="2249" dir="0" index="0" bw="3" slack="0"/>
<pin id="2250" dir="0" index="1" bw="8" slack="0"/>
<pin id="2251" dir="0" index="2" bw="0" slack="2147483647"/>
<pin id="2252" dir="1" index="3" bw="8" slack="2147483647"/>
</pin_list>
<bind>
<opcode="store(28) " fcode="store"/>
<opset="store_ln55/2 "/>
</bind>
</comp>

<comp id="2254" class="1004" name="store_ln55_access_fu_2254">
<pin_list>
<pin id="2255" dir="0" index="0" bw="3" slack="0"/>
<pin id="2256" dir="0" index="1" bw="8" slack="0"/>
<pin id="2257" dir="0" index="2" bw="0" slack="2147483647"/>
<pin id="2258" dir="1" index="3" bw="8" slack="2147483647"/>
</pin_list>
<bind>
<opcode="store(28) " fcode="store"/>
<opset="store_ln55/2 "/>
</bind>
</comp>

<comp id="2260" class="1004" name="store_ln55_access_fu_2260">
<pin_list>
<pin id="2261" dir="0" index="0" bw="3" slack="0"/>
<pin id="2262" dir="0" index="1" bw="8" slack="0"/>
<pin id="2263" dir="0" index="2" bw="0" slack="2147483647"/>
<pin id="2264" dir="1" index="3" bw="8" slack="2147483647"/>
</pin_list>
<bind>
<opcode="store(28) " fcode="store"/>
<opset="store_ln55/2 "/>
</bind>
</comp>

<comp id="2266" class="1004" name="store_ln55_access_fu_2266">
<pin_list>
<pin id="2267" dir="0" index="0" bw="3" slack="0"/>
<pin id="2268" dir="0" index="1" bw="8" slack="0"/>
<pin id="2269" dir="0" index="2" bw="0" slack="2147483647"/>
<pin id="2270" dir="1" index="3" bw="8" slack="2147483647"/>
</pin_list>
<bind>
<opcode="store(28) " fcode="store"/>
<opset="store_ln55/2 "/>
</bind>
</comp>

<comp id="2272" class="1004" name="store_ln55_access_fu_2272">
<pin_list>
<pin id="2273" dir="0" index="0" bw="3" slack="0"/>
<pin id="2274" dir="0" index="1" bw="8" slack="0"/>
<pin id="2275" dir="0" index="2" bw="0" slack="2147483647"/>
<pin id="2276" dir="1" index="3" bw="8" slack="2147483647"/>
</pin_list>
<bind>
<opcode="store(28) " fcode="store"/>
<opset="store_ln55/2 "/>
</bind>
</comp>

<comp id="2278" class="1004" name="store_ln55_access_fu_2278">
<pin_list>
<pin id="2279" dir="0" index="0" bw="3" slack="0"/>
<pin id="2280" dir="0" index="1" bw="8" slack="0"/>
<pin id="2281" dir="0" index="2" bw="0" slack="2147483647"/>
<pin id="2282" dir="1" index="3" bw="8" slack="2147483647"/>
</pin_list>
<bind>
<opcode="store(28) " fcode="store"/>
<opset="store_ln55/2 "/>
</bind>
</comp>

<comp id="2284" class="1004" name="store_ln55_access_fu_2284">
<pin_list>
<pin id="2285" dir="0" index="0" bw="3" slack="0"/>
<pin id="2286" dir="0" index="1" bw="8" slack="0"/>
<pin id="2287" dir="0" index="2" bw="0" slack="2147483647"/>
<pin id="2288" dir="1" index="3" bw="8" slack="2147483647"/>
</pin_list>
<bind>
<opcode="store(28) " fcode="store"/>
<opset="store_ln55/2 "/>
</bind>
</comp>

<comp id="2290" class="1004" name="store_ln55_access_fu_2290">
<pin_list>
<pin id="2291" dir="0" index="0" bw="3" slack="0"/>
<pin id="2292" dir="0" index="1" bw="8" slack="0"/>
<pin id="2293" dir="0" index="2" bw="0" slack="2147483647"/>
<pin id="2294" dir="1" index="3" bw="8" slack="2147483647"/>
</pin_list>
<bind>
<opcode="store(28) " fcode="store"/>
<opset="store_ln55/2 "/>
</bind>
</comp>

<comp id="2296" class="1004" name="store_ln55_access_fu_2296">
<pin_list>
<pin id="2297" dir="0" index="0" bw="3" slack="0"/>
<pin id="2298" dir="0" index="1" bw="8" slack="0"/>
<pin id="2299" dir="0" index="2" bw="0" slack="2147483647"/>
<pin id="2300" dir="1" index="3" bw="8" slack="2147483647"/>
</pin_list>
<bind>
<opcode="store(28) " fcode="store"/>
<opset="store_ln55/2 "/>
</bind>
</comp>

<comp id="2302" class="1004" name="store_ln55_access_fu_2302">
<pin_list>
<pin id="2303" dir="0" index="0" bw="3" slack="0"/>
<pin id="2304" dir="0" index="1" bw="8" slack="0"/>
<pin id="2305" dir="0" index="2" bw="0" slack="2147483647"/>
<pin id="2306" dir="1" index="3" bw="8" slack="2147483647"/>
</pin_list>
<bind>
<opcode="store(28) " fcode="store"/>
<opset="store_ln55/2 "/>
</bind>
</comp>

<comp id="2308" class="1004" name="store_ln55_access_fu_2308">
<pin_list>
<pin id="2309" dir="0" index="0" bw="3" slack="0"/>
<pin id="2310" dir="0" index="1" bw="8" slack="0"/>
<pin id="2311" dir="0" index="2" bw="0" slack="2147483647"/>
<pin id="2312" dir="1" index="3" bw="8" slack="2147483647"/>
</pin_list>
<bind>
<opcode="store(28) " fcode="store"/>
<opset="store_ln55/2 "/>
</bind>
</comp>

<comp id="2314" class="1004" name="store_ln55_access_fu_2314">
<pin_list>
<pin id="2315" dir="0" index="0" bw="3" slack="0"/>
<pin id="2316" dir="0" index="1" bw="8" slack="0"/>
<pin id="2317" dir="0" index="2" bw="0" slack="2147483647"/>
<pin id="2318" dir="1" index="3" bw="8" slack="2147483647"/>
</pin_list>
<bind>
<opcode="store(28) " fcode="store"/>
<opset="store_ln55/2 "/>
</bind>
</comp>

<comp id="2320" class="1004" name="store_ln55_access_fu_2320">
<pin_list>
<pin id="2321" dir="0" index="0" bw="3" slack="0"/>
<pin id="2322" dir="0" index="1" bw="8" slack="0"/>
<pin id="2323" dir="0" index="2" bw="0" slack="2147483647"/>
<pin id="2324" dir="1" index="3" bw="8" slack="2147483647"/>
</pin_list>
<bind>
<opcode="store(28) " fcode="store"/>
<opset="store_ln55/2 "/>
</bind>
</comp>

<comp id="2326" class="1004" name="store_ln55_access_fu_2326">
<pin_list>
<pin id="2327" dir="0" index="0" bw="3" slack="0"/>
<pin id="2328" dir="0" index="1" bw="8" slack="0"/>
<pin id="2329" dir="0" index="2" bw="0" slack="2147483647"/>
<pin id="2330" dir="1" index="3" bw="8" slack="2147483647"/>
</pin_list>
<bind>
<opcode="store(28) " fcode="store"/>
<opset="store_ln55/2 "/>
</bind>
</comp>

<comp id="2332" class="1004" name="store_ln55_access_fu_2332">
<pin_list>
<pin id="2333" dir="0" index="0" bw="3" slack="0"/>
<pin id="2334" dir="0" index="1" bw="8" slack="0"/>
<pin id="2335" dir="0" index="2" bw="0" slack="2147483647"/>
<pin id="2336" dir="1" index="3" bw="8" slack="2147483647"/>
</pin_list>
<bind>
<opcode="store(28) " fcode="store"/>
<opset="store_ln55/2 "/>
</bind>
</comp>

<comp id="2338" class="1004" name="store_ln55_access_fu_2338">
<pin_list>
<pin id="2339" dir="0" index="0" bw="3" slack="0"/>
<pin id="2340" dir="0" index="1" bw="8" slack="0"/>
<pin id="2341" dir="0" index="2" bw="0" slack="2147483647"/>
<pin id="2342" dir="1" index="3" bw="8" slack="2147483647"/>
</pin_list>
<bind>
<opcode="store(28) " fcode="store"/>
<opset="store_ln55/2 "/>
</bind>
</comp>

<comp id="2344" class="1004" name="store_ln55_access_fu_2344">
<pin_list>
<pin id="2345" dir="0" index="0" bw="3" slack="0"/>
<pin id="2346" dir="0" index="1" bw="8" slack="0"/>
<pin id="2347" dir="0" index="2" bw="0" slack="2147483647"/>
<pin id="2348" dir="1" index="3" bw="8" slack="2147483647"/>
</pin_list>
<bind>
<opcode="store(28) " fcode="store"/>
<opset="store_ln55/2 "/>
</bind>
</comp>

<comp id="2350" class="1004" name="store_ln55_access_fu_2350">
<pin_list>
<pin id="2351" dir="0" index="0" bw="3" slack="0"/>
<pin id="2352" dir="0" index="1" bw="8" slack="0"/>
<pin id="2353" dir="0" index="2" bw="0" slack="2147483647"/>
<pin id="2354" dir="1" index="3" bw="8" slack="2147483647"/>
</pin_list>
<bind>
<opcode="store(28) " fcode="store"/>
<opset="store_ln55/2 "/>
</bind>
</comp>

<comp id="2356" class="1004" name="store_ln55_access_fu_2356">
<pin_list>
<pin id="2357" dir="0" index="0" bw="3" slack="0"/>
<pin id="2358" dir="0" index="1" bw="8" slack="0"/>
<pin id="2359" dir="0" index="2" bw="0" slack="2147483647"/>
<pin id="2360" dir="1" index="3" bw="8" slack="2147483647"/>
</pin_list>
<bind>
<opcode="store(28) " fcode="store"/>
<opset="store_ln55/2 "/>
</bind>
</comp>

<comp id="2362" class="1004" name="store_ln55_access_fu_2362">
<pin_list>
<pin id="2363" dir="0" index="0" bw="3" slack="0"/>
<pin id="2364" dir="0" index="1" bw="8" slack="0"/>
<pin id="2365" dir="0" index="2" bw="0" slack="2147483647"/>
<pin id="2366" dir="1" index="3" bw="8" slack="2147483647"/>
</pin_list>
<bind>
<opcode="store(28) " fcode="store"/>
<opset="store_ln55/2 "/>
</bind>
</comp>

<comp id="2368" class="1004" name="store_ln55_access_fu_2368">
<pin_list>
<pin id="2369" dir="0" index="0" bw="3" slack="0"/>
<pin id="2370" dir="0" index="1" bw="8" slack="0"/>
<pin id="2371" dir="0" index="2" bw="0" slack="2147483647"/>
<pin id="2372" dir="1" index="3" bw="8" slack="2147483647"/>
</pin_list>
<bind>
<opcode="store(28) " fcode="store"/>
<opset="store_ln55/2 "/>
</bind>
</comp>

<comp id="2374" class="1004" name="store_ln55_access_fu_2374">
<pin_list>
<pin id="2375" dir="0" index="0" bw="3" slack="0"/>
<pin id="2376" dir="0" index="1" bw="8" slack="0"/>
<pin id="2377" dir="0" index="2" bw="0" slack="2147483647"/>
<pin id="2378" dir="1" index="3" bw="8" slack="2147483647"/>
</pin_list>
<bind>
<opcode="store(28) " fcode="store"/>
<opset="store_ln55/2 "/>
</bind>
</comp>

<comp id="2380" class="1004" name="store_ln55_access_fu_2380">
<pin_list>
<pin id="2381" dir="0" index="0" bw="3" slack="0"/>
<pin id="2382" dir="0" index="1" bw="8" slack="0"/>
<pin id="2383" dir="0" index="2" bw="0" slack="2147483647"/>
<pin id="2384" dir="1" index="3" bw="8" slack="2147483647"/>
</pin_list>
<bind>
<opcode="store(28) " fcode="store"/>
<opset="store_ln55/2 "/>
</bind>
</comp>

<comp id="2386" class="1004" name="store_ln55_access_fu_2386">
<pin_list>
<pin id="2387" dir="0" index="0" bw="3" slack="0"/>
<pin id="2388" dir="0" index="1" bw="8" slack="0"/>
<pin id="2389" dir="0" index="2" bw="0" slack="2147483647"/>
<pin id="2390" dir="1" index="3" bw="8" slack="2147483647"/>
</pin_list>
<bind>
<opcode="store(28) " fcode="store"/>
<opset="store_ln55/2 "/>
</bind>
</comp>

<comp id="2392" class="1004" name="store_ln55_access_fu_2392">
<pin_list>
<pin id="2393" dir="0" index="0" bw="3" slack="0"/>
<pin id="2394" dir="0" index="1" bw="8" slack="0"/>
<pin id="2395" dir="0" index="2" bw="0" slack="2147483647"/>
<pin id="2396" dir="1" index="3" bw="8" slack="2147483647"/>
</pin_list>
<bind>
<opcode="store(28) " fcode="store"/>
<opset="store_ln55/2 "/>
</bind>
</comp>

<comp id="2398" class="1004" name="store_ln55_access_fu_2398">
<pin_list>
<pin id="2399" dir="0" index="0" bw="3" slack="0"/>
<pin id="2400" dir="0" index="1" bw="8" slack="0"/>
<pin id="2401" dir="0" index="2" bw="0" slack="2147483647"/>
<pin id="2402" dir="1" index="3" bw="8" slack="2147483647"/>
</pin_list>
<bind>
<opcode="store(28) " fcode="store"/>
<opset="store_ln55/2 "/>
</bind>
</comp>

<comp id="2404" class="1004" name="store_ln55_access_fu_2404">
<pin_list>
<pin id="2405" dir="0" index="0" bw="3" slack="0"/>
<pin id="2406" dir="0" index="1" bw="8" slack="0"/>
<pin id="2407" dir="0" index="2" bw="0" slack="2147483647"/>
<pin id="2408" dir="1" index="3" bw="8" slack="2147483647"/>
</pin_list>
<bind>
<opcode="store(28) " fcode="store"/>
<opset="store_ln55/2 "/>
</bind>
</comp>

<comp id="2410" class="1004" name="store_ln55_access_fu_2410">
<pin_list>
<pin id="2411" dir="0" index="0" bw="3" slack="0"/>
<pin id="2412" dir="0" index="1" bw="8" slack="0"/>
<pin id="2413" dir="0" index="2" bw="0" slack="2147483647"/>
<pin id="2414" dir="1" index="3" bw="8" slack="2147483647"/>
</pin_list>
<bind>
<opcode="store(28) " fcode="store"/>
<opset="store_ln55/2 "/>
</bind>
</comp>

<comp id="2416" class="1004" name="store_ln55_access_fu_2416">
<pin_list>
<pin id="2417" dir="0" index="0" bw="3" slack="0"/>
<pin id="2418" dir="0" index="1" bw="8" slack="0"/>
<pin id="2419" dir="0" index="2" bw="0" slack="2147483647"/>
<pin id="2420" dir="1" index="3" bw="8" slack="2147483647"/>
</pin_list>
<bind>
<opcode="store(28) " fcode="store"/>
<opset="store_ln55/2 "/>
</bind>
</comp>

<comp id="2422" class="1004" name="store_ln55_access_fu_2422">
<pin_list>
<pin id="2423" dir="0" index="0" bw="3" slack="0"/>
<pin id="2424" dir="0" index="1" bw="8" slack="0"/>
<pin id="2425" dir="0" index="2" bw="0" slack="2147483647"/>
<pin id="2426" dir="1" index="3" bw="8" slack="2147483647"/>
</pin_list>
<bind>
<opcode="store(28) " fcode="store"/>
<opset="store_ln55/2 "/>
</bind>
</comp>

<comp id="2428" class="1004" name="store_ln55_access_fu_2428">
<pin_list>
<pin id="2429" dir="0" index="0" bw="3" slack="0"/>
<pin id="2430" dir="0" index="1" bw="8" slack="0"/>
<pin id="2431" dir="0" index="2" bw="0" slack="2147483647"/>
<pin id="2432" dir="1" index="3" bw="8" slack="2147483647"/>
</pin_list>
<bind>
<opcode="store(28) " fcode="store"/>
<opset="store_ln55/2 "/>
</bind>
</comp>

<comp id="2434" class="1004" name="store_ln55_access_fu_2434">
<pin_list>
<pin id="2435" dir="0" index="0" bw="3" slack="0"/>
<pin id="2436" dir="0" index="1" bw="8" slack="0"/>
<pin id="2437" dir="0" index="2" bw="0" slack="2147483647"/>
<pin id="2438" dir="1" index="3" bw="8" slack="2147483647"/>
</pin_list>
<bind>
<opcode="store(28) " fcode="store"/>
<opset="store_ln55/2 "/>
</bind>
</comp>

<comp id="2440" class="1004" name="store_ln55_access_fu_2440">
<pin_list>
<pin id="2441" dir="0" index="0" bw="3" slack="0"/>
<pin id="2442" dir="0" index="1" bw="8" slack="0"/>
<pin id="2443" dir="0" index="2" bw="0" slack="2147483647"/>
<pin id="2444" dir="1" index="3" bw="8" slack="2147483647"/>
</pin_list>
<bind>
<opcode="store(28) " fcode="store"/>
<opset="store_ln55/2 "/>
</bind>
</comp>

<comp id="2446" class="1004" name="store_ln55_access_fu_2446">
<pin_list>
<pin id="2447" dir="0" index="0" bw="3" slack="0"/>
<pin id="2448" dir="0" index="1" bw="8" slack="0"/>
<pin id="2449" dir="0" index="2" bw="0" slack="2147483647"/>
<pin id="2450" dir="1" index="3" bw="8" slack="2147483647"/>
</pin_list>
<bind>
<opcode="store(28) " fcode="store"/>
<opset="store_ln55/2 "/>
</bind>
</comp>

<comp id="2452" class="1004" name="store_ln55_access_fu_2452">
<pin_list>
<pin id="2453" dir="0" index="0" bw="3" slack="0"/>
<pin id="2454" dir="0" index="1" bw="8" slack="0"/>
<pin id="2455" dir="0" index="2" bw="0" slack="2147483647"/>
<pin id="2456" dir="1" index="3" bw="8" slack="2147483647"/>
</pin_list>
<bind>
<opcode="store(28) " fcode="store"/>
<opset="store_ln55/2 "/>
</bind>
</comp>

<comp id="2458" class="1004" name="store_ln55_access_fu_2458">
<pin_list>
<pin id="2459" dir="0" index="0" bw="3" slack="0"/>
<pin id="2460" dir="0" index="1" bw="8" slack="0"/>
<pin id="2461" dir="0" index="2" bw="0" slack="2147483647"/>
<pin id="2462" dir="1" index="3" bw="8" slack="2147483647"/>
</pin_list>
<bind>
<opcode="store(28) " fcode="store"/>
<opset="store_ln55/2 "/>
</bind>
</comp>

<comp id="2464" class="1004" name="store_ln55_access_fu_2464">
<pin_list>
<pin id="2465" dir="0" index="0" bw="3" slack="0"/>
<pin id="2466" dir="0" index="1" bw="8" slack="0"/>
<pin id="2467" dir="0" index="2" bw="0" slack="2147483647"/>
<pin id="2468" dir="1" index="3" bw="8" slack="2147483647"/>
</pin_list>
<bind>
<opcode="store(28) " fcode="store"/>
<opset="store_ln55/2 "/>
</bind>
</comp>

<comp id="2470" class="1004" name="store_ln55_access_fu_2470">
<pin_list>
<pin id="2471" dir="0" index="0" bw="3" slack="0"/>
<pin id="2472" dir="0" index="1" bw="8" slack="0"/>
<pin id="2473" dir="0" index="2" bw="0" slack="2147483647"/>
<pin id="2474" dir="1" index="3" bw="8" slack="2147483647"/>
</pin_list>
<bind>
<opcode="store(28) " fcode="store"/>
<opset="store_ln55/2 "/>
</bind>
</comp>

<comp id="2476" class="1004" name="store_ln55_access_fu_2476">
<pin_list>
<pin id="2477" dir="0" index="0" bw="3" slack="0"/>
<pin id="2478" dir="0" index="1" bw="8" slack="0"/>
<pin id="2479" dir="0" index="2" bw="0" slack="2147483647"/>
<pin id="2480" dir="1" index="3" bw="8" slack="2147483647"/>
</pin_list>
<bind>
<opcode="store(28) " fcode="store"/>
<opset="store_ln55/2 "/>
</bind>
</comp>

<comp id="2482" class="1004" name="store_ln55_access_fu_2482">
<pin_list>
<pin id="2483" dir="0" index="0" bw="3" slack="0"/>
<pin id="2484" dir="0" index="1" bw="8" slack="0"/>
<pin id="2485" dir="0" index="2" bw="0" slack="2147483647"/>
<pin id="2486" dir="1" index="3" bw="8" slack="2147483647"/>
</pin_list>
<bind>
<opcode="store(28) " fcode="store"/>
<opset="store_ln55/2 "/>
</bind>
</comp>

<comp id="2488" class="1004" name="store_ln55_access_fu_2488">
<pin_list>
<pin id="2489" dir="0" index="0" bw="3" slack="0"/>
<pin id="2490" dir="0" index="1" bw="8" slack="0"/>
<pin id="2491" dir="0" index="2" bw="0" slack="2147483647"/>
<pin id="2492" dir="1" index="3" bw="8" slack="2147483647"/>
</pin_list>
<bind>
<opcode="store(28) " fcode="store"/>
<opset="store_ln55/2 "/>
</bind>
</comp>

<comp id="2494" class="1004" name="store_ln55_access_fu_2494">
<pin_list>
<pin id="2495" dir="0" index="0" bw="3" slack="0"/>
<pin id="2496" dir="0" index="1" bw="8" slack="0"/>
<pin id="2497" dir="0" index="2" bw="0" slack="2147483647"/>
<pin id="2498" dir="1" index="3" bw="8" slack="2147483647"/>
</pin_list>
<bind>
<opcode="store(28) " fcode="store"/>
<opset="store_ln55/2 "/>
</bind>
</comp>

<comp id="2500" class="1004" name="store_ln55_access_fu_2500">
<pin_list>
<pin id="2501" dir="0" index="0" bw="3" slack="0"/>
<pin id="2502" dir="0" index="1" bw="8" slack="0"/>
<pin id="2503" dir="0" index="2" bw="0" slack="2147483647"/>
<pin id="2504" dir="1" index="3" bw="8" slack="2147483647"/>
</pin_list>
<bind>
<opcode="store(28) " fcode="store"/>
<opset="store_ln55/2 "/>
</bind>
</comp>

<comp id="2506" class="1004" name="store_ln55_access_fu_2506">
<pin_list>
<pin id="2507" dir="0" index="0" bw="3" slack="0"/>
<pin id="2508" dir="0" index="1" bw="8" slack="0"/>
<pin id="2509" dir="0" index="2" bw="0" slack="2147483647"/>
<pin id="2510" dir="1" index="3" bw="8" slack="2147483647"/>
</pin_list>
<bind>
<opcode="store(28) " fcode="store"/>
<opset="store_ln55/2 "/>
</bind>
</comp>

<comp id="2512" class="1004" name="store_ln55_access_fu_2512">
<pin_list>
<pin id="2513" dir="0" index="0" bw="3" slack="0"/>
<pin id="2514" dir="0" index="1" bw="8" slack="0"/>
<pin id="2515" dir="0" index="2" bw="0" slack="2147483647"/>
<pin id="2516" dir="1" index="3" bw="8" slack="2147483647"/>
</pin_list>
<bind>
<opcode="store(28) " fcode="store"/>
<opset="store_ln55/2 "/>
</bind>
</comp>

<comp id="2518" class="1004" name="store_ln55_access_fu_2518">
<pin_list>
<pin id="2519" dir="0" index="0" bw="3" slack="0"/>
<pin id="2520" dir="0" index="1" bw="8" slack="0"/>
<pin id="2521" dir="0" index="2" bw="0" slack="2147483647"/>
<pin id="2522" dir="1" index="3" bw="8" slack="2147483647"/>
</pin_list>
<bind>
<opcode="store(28) " fcode="store"/>
<opset="store_ln55/2 "/>
</bind>
</comp>

<comp id="2524" class="1004" name="store_ln55_access_fu_2524">
<pin_list>
<pin id="2525" dir="0" index="0" bw="3" slack="0"/>
<pin id="2526" dir="0" index="1" bw="8" slack="0"/>
<pin id="2527" dir="0" index="2" bw="0" slack="2147483647"/>
<pin id="2528" dir="1" index="3" bw="8" slack="2147483647"/>
</pin_list>
<bind>
<opcode="store(28) " fcode="store"/>
<opset="store_ln55/2 "/>
</bind>
</comp>

<comp id="2530" class="1004" name="store_ln55_access_fu_2530">
<pin_list>
<pin id="2531" dir="0" index="0" bw="3" slack="0"/>
<pin id="2532" dir="0" index="1" bw="8" slack="0"/>
<pin id="2533" dir="0" index="2" bw="0" slack="2147483647"/>
<pin id="2534" dir="1" index="3" bw="8" slack="2147483647"/>
</pin_list>
<bind>
<opcode="store(28) " fcode="store"/>
<opset="store_ln55/2 "/>
</bind>
</comp>

<comp id="2536" class="1004" name="store_ln55_access_fu_2536">
<pin_list>
<pin id="2537" dir="0" index="0" bw="3" slack="0"/>
<pin id="2538" dir="0" index="1" bw="8" slack="0"/>
<pin id="2539" dir="0" index="2" bw="0" slack="2147483647"/>
<pin id="2540" dir="1" index="3" bw="8" slack="2147483647"/>
</pin_list>
<bind>
<opcode="store(28) " fcode="store"/>
<opset="store_ln55/2 "/>
</bind>
</comp>

<comp id="2542" class="1004" name="store_ln55_access_fu_2542">
<pin_list>
<pin id="2543" dir="0" index="0" bw="3" slack="0"/>
<pin id="2544" dir="0" index="1" bw="8" slack="0"/>
<pin id="2545" dir="0" index="2" bw="0" slack="2147483647"/>
<pin id="2546" dir="1" index="3" bw="8" slack="2147483647"/>
</pin_list>
<bind>
<opcode="store(28) " fcode="store"/>
<opset="store_ln55/2 "/>
</bind>
</comp>

<comp id="2548" class="1004" name="store_ln55_access_fu_2548">
<pin_list>
<pin id="2549" dir="0" index="0" bw="3" slack="0"/>
<pin id="2550" dir="0" index="1" bw="8" slack="0"/>
<pin id="2551" dir="0" index="2" bw="0" slack="2147483647"/>
<pin id="2552" dir="1" index="3" bw="8" slack="2147483647"/>
</pin_list>
<bind>
<opcode="store(28) " fcode="store"/>
<opset="store_ln55/2 "/>
</bind>
</comp>

<comp id="2554" class="1004" name="store_ln55_access_fu_2554">
<pin_list>
<pin id="2555" dir="0" index="0" bw="3" slack="0"/>
<pin id="2556" dir="0" index="1" bw="8" slack="0"/>
<pin id="2557" dir="0" index="2" bw="0" slack="2147483647"/>
<pin id="2558" dir="1" index="3" bw="8" slack="2147483647"/>
</pin_list>
<bind>
<opcode="store(28) " fcode="store"/>
<opset="store_ln55/2 "/>
</bind>
</comp>

<comp id="2560" class="1004" name="store_ln55_access_fu_2560">
<pin_list>
<pin id="2561" dir="0" index="0" bw="3" slack="0"/>
<pin id="2562" dir="0" index="1" bw="8" slack="0"/>
<pin id="2563" dir="0" index="2" bw="0" slack="2147483647"/>
<pin id="2564" dir="1" index="3" bw="8" slack="2147483647"/>
</pin_list>
<bind>
<opcode="store(28) " fcode="store"/>
<opset="store_ln55/2 "/>
</bind>
</comp>

<comp id="2566" class="1004" name="store_ln55_access_fu_2566">
<pin_list>
<pin id="2567" dir="0" index="0" bw="3" slack="0"/>
<pin id="2568" dir="0" index="1" bw="8" slack="0"/>
<pin id="2569" dir="0" index="2" bw="0" slack="2147483647"/>
<pin id="2570" dir="1" index="3" bw="8" slack="2147483647"/>
</pin_list>
<bind>
<opcode="store(28) " fcode="store"/>
<opset="store_ln55/2 "/>
</bind>
</comp>

<comp id="2572" class="1004" name="store_ln55_access_fu_2572">
<pin_list>
<pin id="2573" dir="0" index="0" bw="3" slack="0"/>
<pin id="2574" dir="0" index="1" bw="8" slack="0"/>
<pin id="2575" dir="0" index="2" bw="0" slack="2147483647"/>
<pin id="2576" dir="1" index="3" bw="8" slack="2147483647"/>
</pin_list>
<bind>
<opcode="store(28) " fcode="store"/>
<opset="store_ln55/2 "/>
</bind>
</comp>

<comp id="2578" class="1004" name="store_ln55_access_fu_2578">
<pin_list>
<pin id="2579" dir="0" index="0" bw="3" slack="0"/>
<pin id="2580" dir="0" index="1" bw="8" slack="0"/>
<pin id="2581" dir="0" index="2" bw="0" slack="2147483647"/>
<pin id="2582" dir="1" index="3" bw="8" slack="2147483647"/>
</pin_list>
<bind>
<opcode="store(28) " fcode="store"/>
<opset="store_ln55/2 "/>
</bind>
</comp>

<comp id="2584" class="1004" name="store_ln55_access_fu_2584">
<pin_list>
<pin id="2585" dir="0" index="0" bw="3" slack="0"/>
<pin id="2586" dir="0" index="1" bw="8" slack="0"/>
<pin id="2587" dir="0" index="2" bw="0" slack="2147483647"/>
<pin id="2588" dir="1" index="3" bw="8" slack="2147483647"/>
</pin_list>
<bind>
<opcode="store(28) " fcode="store"/>
<opset="store_ln55/2 "/>
</bind>
</comp>

<comp id="2590" class="1004" name="store_ln55_access_fu_2590">
<pin_list>
<pin id="2591" dir="0" index="0" bw="3" slack="0"/>
<pin id="2592" dir="0" index="1" bw="8" slack="0"/>
<pin id="2593" dir="0" index="2" bw="0" slack="2147483647"/>
<pin id="2594" dir="1" index="3" bw="8" slack="2147483647"/>
</pin_list>
<bind>
<opcode="store(28) " fcode="store"/>
<opset="store_ln55/2 "/>
</bind>
</comp>

<comp id="2596" class="1004" name="store_ln55_access_fu_2596">
<pin_list>
<pin id="2597" dir="0" index="0" bw="3" slack="0"/>
<pin id="2598" dir="0" index="1" bw="8" slack="0"/>
<pin id="2599" dir="0" index="2" bw="0" slack="2147483647"/>
<pin id="2600" dir="1" index="3" bw="8" slack="2147483647"/>
</pin_list>
<bind>
<opcode="store(28) " fcode="store"/>
<opset="store_ln55/2 "/>
</bind>
</comp>

<comp id="2602" class="1004" name="store_ln55_access_fu_2602">
<pin_list>
<pin id="2603" dir="0" index="0" bw="3" slack="0"/>
<pin id="2604" dir="0" index="1" bw="8" slack="0"/>
<pin id="2605" dir="0" index="2" bw="0" slack="2147483647"/>
<pin id="2606" dir="1" index="3" bw="8" slack="2147483647"/>
</pin_list>
<bind>
<opcode="store(28) " fcode="store"/>
<opset="store_ln55/2 "/>
</bind>
</comp>

<comp id="2608" class="1004" name="store_ln55_access_fu_2608">
<pin_list>
<pin id="2609" dir="0" index="0" bw="3" slack="0"/>
<pin id="2610" dir="0" index="1" bw="8" slack="0"/>
<pin id="2611" dir="0" index="2" bw="0" slack="2147483647"/>
<pin id="2612" dir="1" index="3" bw="8" slack="2147483647"/>
</pin_list>
<bind>
<opcode="store(28) " fcode="store"/>
<opset="store_ln55/2 "/>
</bind>
</comp>

<comp id="2614" class="1004" name="store_ln55_access_fu_2614">
<pin_list>
<pin id="2615" dir="0" index="0" bw="3" slack="0"/>
<pin id="2616" dir="0" index="1" bw="8" slack="0"/>
<pin id="2617" dir="0" index="2" bw="0" slack="2147483647"/>
<pin id="2618" dir="1" index="3" bw="8" slack="2147483647"/>
</pin_list>
<bind>
<opcode="store(28) " fcode="store"/>
<opset="store_ln55/2 "/>
</bind>
</comp>

<comp id="2620" class="1004" name="store_ln55_access_fu_2620">
<pin_list>
<pin id="2621" dir="0" index="0" bw="3" slack="0"/>
<pin id="2622" dir="0" index="1" bw="8" slack="0"/>
<pin id="2623" dir="0" index="2" bw="0" slack="2147483647"/>
<pin id="2624" dir="1" index="3" bw="8" slack="2147483647"/>
</pin_list>
<bind>
<opcode="store(28) " fcode="store"/>
<opset="store_ln55/2 "/>
</bind>
</comp>

<comp id="2626" class="1004" name="store_ln55_access_fu_2626">
<pin_list>
<pin id="2627" dir="0" index="0" bw="3" slack="0"/>
<pin id="2628" dir="0" index="1" bw="8" slack="0"/>
<pin id="2629" dir="0" index="2" bw="0" slack="2147483647"/>
<pin id="2630" dir="1" index="3" bw="8" slack="2147483647"/>
</pin_list>
<bind>
<opcode="store(28) " fcode="store"/>
<opset="store_ln55/2 "/>
</bind>
</comp>

<comp id="2632" class="1004" name="store_ln55_access_fu_2632">
<pin_list>
<pin id="2633" dir="0" index="0" bw="3" slack="0"/>
<pin id="2634" dir="0" index="1" bw="8" slack="0"/>
<pin id="2635" dir="0" index="2" bw="0" slack="2147483647"/>
<pin id="2636" dir="1" index="3" bw="8" slack="2147483647"/>
</pin_list>
<bind>
<opcode="store(28) " fcode="store"/>
<opset="store_ln55/2 "/>
</bind>
</comp>

<comp id="2638" class="1004" name="store_ln55_access_fu_2638">
<pin_list>
<pin id="2639" dir="0" index="0" bw="3" slack="0"/>
<pin id="2640" dir="0" index="1" bw="8" slack="0"/>
<pin id="2641" dir="0" index="2" bw="0" slack="2147483647"/>
<pin id="2642" dir="1" index="3" bw="8" slack="2147483647"/>
</pin_list>
<bind>
<opcode="store(28) " fcode="store"/>
<opset="store_ln55/2 "/>
</bind>
</comp>

<comp id="2644" class="1004" name="store_ln55_access_fu_2644">
<pin_list>
<pin id="2645" dir="0" index="0" bw="3" slack="0"/>
<pin id="2646" dir="0" index="1" bw="8" slack="0"/>
<pin id="2647" dir="0" index="2" bw="0" slack="2147483647"/>
<pin id="2648" dir="1" index="3" bw="8" slack="2147483647"/>
</pin_list>
<bind>
<opcode="store(28) " fcode="store"/>
<opset="store_ln55/2 "/>
</bind>
</comp>

<comp id="2650" class="1004" name="store_ln55_access_fu_2650">
<pin_list>
<pin id="2651" dir="0" index="0" bw="3" slack="0"/>
<pin id="2652" dir="0" index="1" bw="8" slack="0"/>
<pin id="2653" dir="0" index="2" bw="0" slack="2147483647"/>
<pin id="2654" dir="1" index="3" bw="8" slack="2147483647"/>
</pin_list>
<bind>
<opcode="store(28) " fcode="store"/>
<opset="store_ln55/2 "/>
</bind>
</comp>

<comp id="2656" class="1004" name="store_ln55_access_fu_2656">
<pin_list>
<pin id="2657" dir="0" index="0" bw="3" slack="0"/>
<pin id="2658" dir="0" index="1" bw="8" slack="0"/>
<pin id="2659" dir="0" index="2" bw="0" slack="2147483647"/>
<pin id="2660" dir="1" index="3" bw="8" slack="2147483647"/>
</pin_list>
<bind>
<opcode="store(28) " fcode="store"/>
<opset="store_ln55/2 "/>
</bind>
</comp>

<comp id="2662" class="1004" name="store_ln55_access_fu_2662">
<pin_list>
<pin id="2663" dir="0" index="0" bw="3" slack="0"/>
<pin id="2664" dir="0" index="1" bw="8" slack="0"/>
<pin id="2665" dir="0" index="2" bw="0" slack="2147483647"/>
<pin id="2666" dir="1" index="3" bw="8" slack="2147483647"/>
</pin_list>
<bind>
<opcode="store(28) " fcode="store"/>
<opset="store_ln55/2 "/>
</bind>
</comp>

<comp id="2668" class="1004" name="store_ln55_access_fu_2668">
<pin_list>
<pin id="2669" dir="0" index="0" bw="3" slack="0"/>
<pin id="2670" dir="0" index="1" bw="8" slack="0"/>
<pin id="2671" dir="0" index="2" bw="0" slack="2147483647"/>
<pin id="2672" dir="1" index="3" bw="8" slack="2147483647"/>
</pin_list>
<bind>
<opcode="store(28) " fcode="store"/>
<opset="store_ln55/2 "/>
</bind>
</comp>

<comp id="2674" class="1004" name="store_ln55_access_fu_2674">
<pin_list>
<pin id="2675" dir="0" index="0" bw="3" slack="0"/>
<pin id="2676" dir="0" index="1" bw="8" slack="0"/>
<pin id="2677" dir="0" index="2" bw="0" slack="2147483647"/>
<pin id="2678" dir="1" index="3" bw="8" slack="2147483647"/>
</pin_list>
<bind>
<opcode="store(28) " fcode="store"/>
<opset="store_ln55/2 "/>
</bind>
</comp>

<comp id="2680" class="1004" name="store_ln55_access_fu_2680">
<pin_list>
<pin id="2681" dir="0" index="0" bw="3" slack="0"/>
<pin id="2682" dir="0" index="1" bw="8" slack="0"/>
<pin id="2683" dir="0" index="2" bw="0" slack="2147483647"/>
<pin id="2684" dir="1" index="3" bw="8" slack="2147483647"/>
</pin_list>
<bind>
<opcode="store(28) " fcode="store"/>
<opset="store_ln55/2 "/>
</bind>
</comp>

<comp id="2686" class="1004" name="store_ln55_access_fu_2686">
<pin_list>
<pin id="2687" dir="0" index="0" bw="3" slack="0"/>
<pin id="2688" dir="0" index="1" bw="8" slack="0"/>
<pin id="2689" dir="0" index="2" bw="0" slack="2147483647"/>
<pin id="2690" dir="1" index="3" bw="8" slack="2147483647"/>
</pin_list>
<bind>
<opcode="store(28) " fcode="store"/>
<opset="store_ln55/2 "/>
</bind>
</comp>

<comp id="2692" class="1004" name="store_ln55_access_fu_2692">
<pin_list>
<pin id="2693" dir="0" index="0" bw="3" slack="0"/>
<pin id="2694" dir="0" index="1" bw="8" slack="0"/>
<pin id="2695" dir="0" index="2" bw="0" slack="2147483647"/>
<pin id="2696" dir="1" index="3" bw="8" slack="2147483647"/>
</pin_list>
<bind>
<opcode="store(28) " fcode="store"/>
<opset="store_ln55/2 "/>
</bind>
</comp>

<comp id="2698" class="1004" name="store_ln55_access_fu_2698">
<pin_list>
<pin id="2699" dir="0" index="0" bw="3" slack="0"/>
<pin id="2700" dir="0" index="1" bw="8" slack="0"/>
<pin id="2701" dir="0" index="2" bw="0" slack="2147483647"/>
<pin id="2702" dir="1" index="3" bw="8" slack="2147483647"/>
</pin_list>
<bind>
<opcode="store(28) " fcode="store"/>
<opset="store_ln55/2 "/>
</bind>
</comp>

<comp id="2704" class="1004" name="store_ln55_access_fu_2704">
<pin_list>
<pin id="2705" dir="0" index="0" bw="3" slack="0"/>
<pin id="2706" dir="0" index="1" bw="8" slack="0"/>
<pin id="2707" dir="0" index="2" bw="0" slack="2147483647"/>
<pin id="2708" dir="1" index="3" bw="8" slack="2147483647"/>
</pin_list>
<bind>
<opcode="store(28) " fcode="store"/>
<opset="store_ln55/2 "/>
</bind>
</comp>

<comp id="2710" class="1004" name="store_ln55_access_fu_2710">
<pin_list>
<pin id="2711" dir="0" index="0" bw="3" slack="0"/>
<pin id="2712" dir="0" index="1" bw="8" slack="0"/>
<pin id="2713" dir="0" index="2" bw="0" slack="2147483647"/>
<pin id="2714" dir="1" index="3" bw="8" slack="2147483647"/>
</pin_list>
<bind>
<opcode="store(28) " fcode="store"/>
<opset="store_ln55/2 "/>
</bind>
</comp>

<comp id="2716" class="1004" name="store_ln55_access_fu_2716">
<pin_list>
<pin id="2717" dir="0" index="0" bw="3" slack="0"/>
<pin id="2718" dir="0" index="1" bw="8" slack="0"/>
<pin id="2719" dir="0" index="2" bw="0" slack="2147483647"/>
<pin id="2720" dir="1" index="3" bw="8" slack="2147483647"/>
</pin_list>
<bind>
<opcode="store(28) " fcode="store"/>
<opset="store_ln55/2 "/>
</bind>
</comp>

<comp id="2722" class="1004" name="store_ln55_access_fu_2722">
<pin_list>
<pin id="2723" dir="0" index="0" bw="3" slack="0"/>
<pin id="2724" dir="0" index="1" bw="8" slack="0"/>
<pin id="2725" dir="0" index="2" bw="0" slack="2147483647"/>
<pin id="2726" dir="1" index="3" bw="8" slack="2147483647"/>
</pin_list>
<bind>
<opcode="store(28) " fcode="store"/>
<opset="store_ln55/2 "/>
</bind>
</comp>

<comp id="2728" class="1004" name="store_ln55_access_fu_2728">
<pin_list>
<pin id="2729" dir="0" index="0" bw="3" slack="0"/>
<pin id="2730" dir="0" index="1" bw="8" slack="0"/>
<pin id="2731" dir="0" index="2" bw="0" slack="2147483647"/>
<pin id="2732" dir="1" index="3" bw="8" slack="2147483647"/>
</pin_list>
<bind>
<opcode="store(28) " fcode="store"/>
<opset="store_ln55/2 "/>
</bind>
</comp>

<comp id="2734" class="1004" name="store_ln55_access_fu_2734">
<pin_list>
<pin id="2735" dir="0" index="0" bw="3" slack="0"/>
<pin id="2736" dir="0" index="1" bw="8" slack="0"/>
<pin id="2737" dir="0" index="2" bw="0" slack="2147483647"/>
<pin id="2738" dir="1" index="3" bw="8" slack="2147483647"/>
</pin_list>
<bind>
<opcode="store(28) " fcode="store"/>
<opset="store_ln55/2 "/>
</bind>
</comp>

<comp id="2740" class="1004" name="store_ln55_access_fu_2740">
<pin_list>
<pin id="2741" dir="0" index="0" bw="3" slack="0"/>
<pin id="2742" dir="0" index="1" bw="8" slack="0"/>
<pin id="2743" dir="0" index="2" bw="0" slack="2147483647"/>
<pin id="2744" dir="1" index="3" bw="8" slack="2147483647"/>
</pin_list>
<bind>
<opcode="store(28) " fcode="store"/>
<opset="store_ln55/2 "/>
</bind>
</comp>

<comp id="2746" class="1004" name="store_ln55_access_fu_2746">
<pin_list>
<pin id="2747" dir="0" index="0" bw="3" slack="0"/>
<pin id="2748" dir="0" index="1" bw="8" slack="0"/>
<pin id="2749" dir="0" index="2" bw="0" slack="2147483647"/>
<pin id="2750" dir="1" index="3" bw="8" slack="2147483647"/>
</pin_list>
<bind>
<opcode="store(28) " fcode="store"/>
<opset="store_ln55/2 "/>
</bind>
</comp>

<comp id="2752" class="1004" name="store_ln55_access_fu_2752">
<pin_list>
<pin id="2753" dir="0" index="0" bw="3" slack="0"/>
<pin id="2754" dir="0" index="1" bw="8" slack="0"/>
<pin id="2755" dir="0" index="2" bw="0" slack="2147483647"/>
<pin id="2756" dir="1" index="3" bw="8" slack="2147483647"/>
</pin_list>
<bind>
<opcode="store(28) " fcode="store"/>
<opset="store_ln55/2 "/>
</bind>
</comp>

<comp id="2758" class="1004" name="store_ln55_access_fu_2758">
<pin_list>
<pin id="2759" dir="0" index="0" bw="3" slack="0"/>
<pin id="2760" dir="0" index="1" bw="8" slack="0"/>
<pin id="2761" dir="0" index="2" bw="0" slack="2147483647"/>
<pin id="2762" dir="1" index="3" bw="8" slack="2147483647"/>
</pin_list>
<bind>
<opcode="store(28) " fcode="store"/>
<opset="store_ln55/2 "/>
</bind>
</comp>

<comp id="2764" class="1004" name="store_ln55_access_fu_2764">
<pin_list>
<pin id="2765" dir="0" index="0" bw="3" slack="0"/>
<pin id="2766" dir="0" index="1" bw="8" slack="0"/>
<pin id="2767" dir="0" index="2" bw="0" slack="2147483647"/>
<pin id="2768" dir="1" index="3" bw="8" slack="2147483647"/>
</pin_list>
<bind>
<opcode="store(28) " fcode="store"/>
<opset="store_ln55/2 "/>
</bind>
</comp>

<comp id="2770" class="1004" name="store_ln55_access_fu_2770">
<pin_list>
<pin id="2771" dir="0" index="0" bw="3" slack="0"/>
<pin id="2772" dir="0" index="1" bw="8" slack="0"/>
<pin id="2773" dir="0" index="2" bw="0" slack="2147483647"/>
<pin id="2774" dir="1" index="3" bw="8" slack="2147483647"/>
</pin_list>
<bind>
<opcode="store(28) " fcode="store"/>
<opset="store_ln55/2 "/>
</bind>
</comp>

<comp id="2776" class="1004" name="store_ln55_access_fu_2776">
<pin_list>
<pin id="2777" dir="0" index="0" bw="3" slack="0"/>
<pin id="2778" dir="0" index="1" bw="8" slack="0"/>
<pin id="2779" dir="0" index="2" bw="0" slack="2147483647"/>
<pin id="2780" dir="1" index="3" bw="8" slack="2147483647"/>
</pin_list>
<bind>
<opcode="store(28) " fcode="store"/>
<opset="store_ln55/2 "/>
</bind>
</comp>

<comp id="2782" class="1004" name="store_ln55_access_fu_2782">
<pin_list>
<pin id="2783" dir="0" index="0" bw="3" slack="0"/>
<pin id="2784" dir="0" index="1" bw="8" slack="0"/>
<pin id="2785" dir="0" index="2" bw="0" slack="2147483647"/>
<pin id="2786" dir="1" index="3" bw="8" slack="2147483647"/>
</pin_list>
<bind>
<opcode="store(28) " fcode="store"/>
<opset="store_ln55/2 "/>
</bind>
</comp>

<comp id="2788" class="1004" name="store_ln55_access_fu_2788">
<pin_list>
<pin id="2789" dir="0" index="0" bw="3" slack="0"/>
<pin id="2790" dir="0" index="1" bw="8" slack="0"/>
<pin id="2791" dir="0" index="2" bw="0" slack="2147483647"/>
<pin id="2792" dir="1" index="3" bw="8" slack="2147483647"/>
</pin_list>
<bind>
<opcode="store(28) " fcode="store"/>
<opset="store_ln55/2 "/>
</bind>
</comp>

<comp id="2794" class="1004" name="store_ln55_access_fu_2794">
<pin_list>
<pin id="2795" dir="0" index="0" bw="3" slack="0"/>
<pin id="2796" dir="0" index="1" bw="8" slack="0"/>
<pin id="2797" dir="0" index="2" bw="0" slack="2147483647"/>
<pin id="2798" dir="1" index="3" bw="8" slack="2147483647"/>
</pin_list>
<bind>
<opcode="store(28) " fcode="store"/>
<opset="store_ln55/2 "/>
</bind>
</comp>

<comp id="2800" class="1004" name="store_ln55_access_fu_2800">
<pin_list>
<pin id="2801" dir="0" index="0" bw="3" slack="0"/>
<pin id="2802" dir="0" index="1" bw="8" slack="0"/>
<pin id="2803" dir="0" index="2" bw="0" slack="2147483647"/>
<pin id="2804" dir="1" index="3" bw="8" slack="2147483647"/>
</pin_list>
<bind>
<opcode="store(28) " fcode="store"/>
<opset="store_ln55/2 "/>
</bind>
</comp>

<comp id="2806" class="1004" name="store_ln55_access_fu_2806">
<pin_list>
<pin id="2807" dir="0" index="0" bw="3" slack="0"/>
<pin id="2808" dir="0" index="1" bw="8" slack="0"/>
<pin id="2809" dir="0" index="2" bw="0" slack="2147483647"/>
<pin id="2810" dir="1" index="3" bw="8" slack="2147483647"/>
</pin_list>
<bind>
<opcode="store(28) " fcode="store"/>
<opset="store_ln55/2 "/>
</bind>
</comp>

<comp id="2812" class="1004" name="store_ln55_access_fu_2812">
<pin_list>
<pin id="2813" dir="0" index="0" bw="3" slack="0"/>
<pin id="2814" dir="0" index="1" bw="8" slack="0"/>
<pin id="2815" dir="0" index="2" bw="0" slack="2147483647"/>
<pin id="2816" dir="1" index="3" bw="8" slack="2147483647"/>
</pin_list>
<bind>
<opcode="store(28) " fcode="store"/>
<opset="store_ln55/2 "/>
</bind>
</comp>

<comp id="2818" class="1004" name="store_ln55_access_fu_2818">
<pin_list>
<pin id="2819" dir="0" index="0" bw="3" slack="0"/>
<pin id="2820" dir="0" index="1" bw="8" slack="0"/>
<pin id="2821" dir="0" index="2" bw="0" slack="2147483647"/>
<pin id="2822" dir="1" index="3" bw="8" slack="2147483647"/>
</pin_list>
<bind>
<opcode="store(28) " fcode="store"/>
<opset="store_ln55/2 "/>
</bind>
</comp>

<comp id="2824" class="1004" name="store_ln55_access_fu_2824">
<pin_list>
<pin id="2825" dir="0" index="0" bw="3" slack="0"/>
<pin id="2826" dir="0" index="1" bw="8" slack="0"/>
<pin id="2827" dir="0" index="2" bw="0" slack="2147483647"/>
<pin id="2828" dir="1" index="3" bw="8" slack="2147483647"/>
</pin_list>
<bind>
<opcode="store(28) " fcode="store"/>
<opset="store_ln55/2 "/>
</bind>
</comp>

<comp id="2830" class="1004" name="store_ln55_access_fu_2830">
<pin_list>
<pin id="2831" dir="0" index="0" bw="3" slack="0"/>
<pin id="2832" dir="0" index="1" bw="8" slack="0"/>
<pin id="2833" dir="0" index="2" bw="0" slack="2147483647"/>
<pin id="2834" dir="1" index="3" bw="8" slack="2147483647"/>
</pin_list>
<bind>
<opcode="store(28) " fcode="store"/>
<opset="store_ln55/2 "/>
</bind>
</comp>

<comp id="2836" class="1004" name="store_ln55_access_fu_2836">
<pin_list>
<pin id="2837" dir="0" index="0" bw="3" slack="0"/>
<pin id="2838" dir="0" index="1" bw="8" slack="0"/>
<pin id="2839" dir="0" index="2" bw="0" slack="2147483647"/>
<pin id="2840" dir="1" index="3" bw="8" slack="2147483647"/>
</pin_list>
<bind>
<opcode="store(28) " fcode="store"/>
<opset="store_ln55/2 "/>
</bind>
</comp>

<comp id="2842" class="1004" name="store_ln55_access_fu_2842">
<pin_list>
<pin id="2843" dir="0" index="0" bw="3" slack="0"/>
<pin id="2844" dir="0" index="1" bw="8" slack="0"/>
<pin id="2845" dir="0" index="2" bw="0" slack="2147483647"/>
<pin id="2846" dir="1" index="3" bw="8" slack="2147483647"/>
</pin_list>
<bind>
<opcode="store(28) " fcode="store"/>
<opset="store_ln55/2 "/>
</bind>
</comp>

<comp id="2848" class="1004" name="store_ln55_access_fu_2848">
<pin_list>
<pin id="2849" dir="0" index="0" bw="3" slack="0"/>
<pin id="2850" dir="0" index="1" bw="8" slack="0"/>
<pin id="2851" dir="0" index="2" bw="0" slack="2147483647"/>
<pin id="2852" dir="1" index="3" bw="8" slack="2147483647"/>
</pin_list>
<bind>
<opcode="store(28) " fcode="store"/>
<opset="store_ln55/2 "/>
</bind>
</comp>

<comp id="2854" class="1004" name="store_ln55_access_fu_2854">
<pin_list>
<pin id="2855" dir="0" index="0" bw="3" slack="0"/>
<pin id="2856" dir="0" index="1" bw="8" slack="0"/>
<pin id="2857" dir="0" index="2" bw="0" slack="2147483647"/>
<pin id="2858" dir="1" index="3" bw="8" slack="2147483647"/>
</pin_list>
<bind>
<opcode="store(28) " fcode="store"/>
<opset="store_ln55/2 "/>
</bind>
</comp>

<comp id="2860" class="1004" name="store_ln55_access_fu_2860">
<pin_list>
<pin id="2861" dir="0" index="0" bw="3" slack="0"/>
<pin id="2862" dir="0" index="1" bw="8" slack="0"/>
<pin id="2863" dir="0" index="2" bw="0" slack="2147483647"/>
<pin id="2864" dir="1" index="3" bw="8" slack="2147483647"/>
</pin_list>
<bind>
<opcode="store(28) " fcode="store"/>
<opset="store_ln55/2 "/>
</bind>
</comp>

<comp id="2866" class="1004" name="store_ln55_access_fu_2866">
<pin_list>
<pin id="2867" dir="0" index="0" bw="3" slack="0"/>
<pin id="2868" dir="0" index="1" bw="8" slack="0"/>
<pin id="2869" dir="0" index="2" bw="0" slack="2147483647"/>
<pin id="2870" dir="1" index="3" bw="8" slack="2147483647"/>
</pin_list>
<bind>
<opcode="store(28) " fcode="store"/>
<opset="store_ln55/2 "/>
</bind>
</comp>

<comp id="2872" class="1004" name="store_ln55_access_fu_2872">
<pin_list>
<pin id="2873" dir="0" index="0" bw="3" slack="0"/>
<pin id="2874" dir="0" index="1" bw="8" slack="0"/>
<pin id="2875" dir="0" index="2" bw="0" slack="2147483647"/>
<pin id="2876" dir="1" index="3" bw="8" slack="2147483647"/>
</pin_list>
<bind>
<opcode="store(28) " fcode="store"/>
<opset="store_ln55/2 "/>
</bind>
</comp>

<comp id="2878" class="1004" name="store_ln55_access_fu_2878">
<pin_list>
<pin id="2879" dir="0" index="0" bw="3" slack="0"/>
<pin id="2880" dir="0" index="1" bw="8" slack="0"/>
<pin id="2881" dir="0" index="2" bw="0" slack="2147483647"/>
<pin id="2882" dir="1" index="3" bw="8" slack="2147483647"/>
</pin_list>
<bind>
<opcode="store(28) " fcode="store"/>
<opset="store_ln55/2 "/>
</bind>
</comp>

<comp id="2884" class="1004" name="store_ln55_access_fu_2884">
<pin_list>
<pin id="2885" dir="0" index="0" bw="3" slack="0"/>
<pin id="2886" dir="0" index="1" bw="8" slack="0"/>
<pin id="2887" dir="0" index="2" bw="0" slack="2147483647"/>
<pin id="2888" dir="1" index="3" bw="8" slack="2147483647"/>
</pin_list>
<bind>
<opcode="store(28) " fcode="store"/>
<opset="store_ln55/2 "/>
</bind>
</comp>

<comp id="2890" class="1004" name="store_ln55_access_fu_2890">
<pin_list>
<pin id="2891" dir="0" index="0" bw="3" slack="0"/>
<pin id="2892" dir="0" index="1" bw="8" slack="0"/>
<pin id="2893" dir="0" index="2" bw="0" slack="2147483647"/>
<pin id="2894" dir="1" index="3" bw="8" slack="2147483647"/>
</pin_list>
<bind>
<opcode="store(28) " fcode="store"/>
<opset="store_ln55/2 "/>
</bind>
</comp>

<comp id="2896" class="1004" name="store_ln55_access_fu_2896">
<pin_list>
<pin id="2897" dir="0" index="0" bw="3" slack="0"/>
<pin id="2898" dir="0" index="1" bw="8" slack="0"/>
<pin id="2899" dir="0" index="2" bw="0" slack="2147483647"/>
<pin id="2900" dir="1" index="3" bw="8" slack="2147483647"/>
</pin_list>
<bind>
<opcode="store(28) " fcode="store"/>
<opset="store_ln55/2 "/>
</bind>
</comp>

<comp id="2902" class="1004" name="store_ln55_access_fu_2902">
<pin_list>
<pin id="2903" dir="0" index="0" bw="3" slack="0"/>
<pin id="2904" dir="0" index="1" bw="8" slack="0"/>
<pin id="2905" dir="0" index="2" bw="0" slack="2147483647"/>
<pin id="2906" dir="1" index="3" bw="8" slack="2147483647"/>
</pin_list>
<bind>
<opcode="store(28) " fcode="store"/>
<opset="store_ln55/2 "/>
</bind>
</comp>

<comp id="2908" class="1004" name="store_ln55_access_fu_2908">
<pin_list>
<pin id="2909" dir="0" index="0" bw="3" slack="0"/>
<pin id="2910" dir="0" index="1" bw="8" slack="0"/>
<pin id="2911" dir="0" index="2" bw="0" slack="2147483647"/>
<pin id="2912" dir="1" index="3" bw="8" slack="2147483647"/>
</pin_list>
<bind>
<opcode="store(28) " fcode="store"/>
<opset="store_ln55/2 "/>
</bind>
</comp>

<comp id="2914" class="1004" name="store_ln55_access_fu_2914">
<pin_list>
<pin id="2915" dir="0" index="0" bw="3" slack="0"/>
<pin id="2916" dir="0" index="1" bw="8" slack="0"/>
<pin id="2917" dir="0" index="2" bw="0" slack="2147483647"/>
<pin id="2918" dir="1" index="3" bw="8" slack="2147483647"/>
</pin_list>
<bind>
<opcode="store(28) " fcode="store"/>
<opset="store_ln55/2 "/>
</bind>
</comp>

<comp id="2920" class="1004" name="store_ln55_access_fu_2920">
<pin_list>
<pin id="2921" dir="0" index="0" bw="3" slack="0"/>
<pin id="2922" dir="0" index="1" bw="8" slack="0"/>
<pin id="2923" dir="0" index="2" bw="0" slack="2147483647"/>
<pin id="2924" dir="1" index="3" bw="8" slack="2147483647"/>
</pin_list>
<bind>
<opcode="store(28) " fcode="store"/>
<opset="store_ln55/2 "/>
</bind>
</comp>

<comp id="2926" class="1004" name="store_ln55_access_fu_2926">
<pin_list>
<pin id="2927" dir="0" index="0" bw="3" slack="0"/>
<pin id="2928" dir="0" index="1" bw="8" slack="0"/>
<pin id="2929" dir="0" index="2" bw="0" slack="2147483647"/>
<pin id="2930" dir="1" index="3" bw="8" slack="2147483647"/>
</pin_list>
<bind>
<opcode="store(28) " fcode="store"/>
<opset="store_ln55/2 "/>
</bind>
</comp>

<comp id="2932" class="1004" name="store_ln55_access_fu_2932">
<pin_list>
<pin id="2933" dir="0" index="0" bw="3" slack="0"/>
<pin id="2934" dir="0" index="1" bw="8" slack="0"/>
<pin id="2935" dir="0" index="2" bw="0" slack="2147483647"/>
<pin id="2936" dir="1" index="3" bw="8" slack="2147483647"/>
</pin_list>
<bind>
<opcode="store(28) " fcode="store"/>
<opset="store_ln55/2 "/>
</bind>
</comp>

<comp id="2938" class="1004" name="store_ln55_access_fu_2938">
<pin_list>
<pin id="2939" dir="0" index="0" bw="3" slack="0"/>
<pin id="2940" dir="0" index="1" bw="8" slack="0"/>
<pin id="2941" dir="0" index="2" bw="0" slack="2147483647"/>
<pin id="2942" dir="1" index="3" bw="8" slack="2147483647"/>
</pin_list>
<bind>
<opcode="store(28) " fcode="store"/>
<opset="store_ln55/2 "/>
</bind>
</comp>

<comp id="2944" class="1004" name="store_ln55_access_fu_2944">
<pin_list>
<pin id="2945" dir="0" index="0" bw="3" slack="0"/>
<pin id="2946" dir="0" index="1" bw="8" slack="0"/>
<pin id="2947" dir="0" index="2" bw="0" slack="2147483647"/>
<pin id="2948" dir="1" index="3" bw="8" slack="2147483647"/>
</pin_list>
<bind>
<opcode="store(28) " fcode="store"/>
<opset="store_ln55/2 "/>
</bind>
</comp>

<comp id="2950" class="1004" name="store_ln55_access_fu_2950">
<pin_list>
<pin id="2951" dir="0" index="0" bw="3" slack="0"/>
<pin id="2952" dir="0" index="1" bw="8" slack="0"/>
<pin id="2953" dir="0" index="2" bw="0" slack="2147483647"/>
<pin id="2954" dir="1" index="3" bw="8" slack="2147483647"/>
</pin_list>
<bind>
<opcode="store(28) " fcode="store"/>
<opset="store_ln55/2 "/>
</bind>
</comp>

<comp id="2956" class="1004" name="store_ln55_access_fu_2956">
<pin_list>
<pin id="2957" dir="0" index="0" bw="3" slack="0"/>
<pin id="2958" dir="0" index="1" bw="8" slack="0"/>
<pin id="2959" dir="0" index="2" bw="0" slack="2147483647"/>
<pin id="2960" dir="1" index="3" bw="8" slack="2147483647"/>
</pin_list>
<bind>
<opcode="store(28) " fcode="store"/>
<opset="store_ln55/2 "/>
</bind>
</comp>

<comp id="2962" class="1004" name="store_ln55_access_fu_2962">
<pin_list>
<pin id="2963" dir="0" index="0" bw="3" slack="0"/>
<pin id="2964" dir="0" index="1" bw="8" slack="0"/>
<pin id="2965" dir="0" index="2" bw="0" slack="2147483647"/>
<pin id="2966" dir="1" index="3" bw="8" slack="2147483647"/>
</pin_list>
<bind>
<opcode="store(28) " fcode="store"/>
<opset="store_ln55/2 "/>
</bind>
</comp>

<comp id="2968" class="1004" name="store_ln55_access_fu_2968">
<pin_list>
<pin id="2969" dir="0" index="0" bw="3" slack="0"/>
<pin id="2970" dir="0" index="1" bw="8" slack="0"/>
<pin id="2971" dir="0" index="2" bw="0" slack="2147483647"/>
<pin id="2972" dir="1" index="3" bw="8" slack="2147483647"/>
</pin_list>
<bind>
<opcode="store(28) " fcode="store"/>
<opset="store_ln55/2 "/>
</bind>
</comp>

<comp id="2974" class="1004" name="store_ln55_access_fu_2974">
<pin_list>
<pin id="2975" dir="0" index="0" bw="3" slack="0"/>
<pin id="2976" dir="0" index="1" bw="8" slack="0"/>
<pin id="2977" dir="0" index="2" bw="0" slack="2147483647"/>
<pin id="2978" dir="1" index="3" bw="8" slack="2147483647"/>
</pin_list>
<bind>
<opcode="store(28) " fcode="store"/>
<opset="store_ln55/2 "/>
</bind>
</comp>

<comp id="2980" class="1004" name="store_ln55_access_fu_2980">
<pin_list>
<pin id="2981" dir="0" index="0" bw="3" slack="0"/>
<pin id="2982" dir="0" index="1" bw="8" slack="0"/>
<pin id="2983" dir="0" index="2" bw="0" slack="2147483647"/>
<pin id="2984" dir="1" index="3" bw="8" slack="2147483647"/>
</pin_list>
<bind>
<opcode="store(28) " fcode="store"/>
<opset="store_ln55/2 "/>
</bind>
</comp>

<comp id="2986" class="1004" name="store_ln55_access_fu_2986">
<pin_list>
<pin id="2987" dir="0" index="0" bw="3" slack="0"/>
<pin id="2988" dir="0" index="1" bw="8" slack="0"/>
<pin id="2989" dir="0" index="2" bw="0" slack="2147483647"/>
<pin id="2990" dir="1" index="3" bw="8" slack="2147483647"/>
</pin_list>
<bind>
<opcode="store(28) " fcode="store"/>
<opset="store_ln55/2 "/>
</bind>
</comp>

<comp id="2992" class="1004" name="store_ln55_access_fu_2992">
<pin_list>
<pin id="2993" dir="0" index="0" bw="3" slack="0"/>
<pin id="2994" dir="0" index="1" bw="8" slack="0"/>
<pin id="2995" dir="0" index="2" bw="0" slack="2147483647"/>
<pin id="2996" dir="1" index="3" bw="8" slack="2147483647"/>
</pin_list>
<bind>
<opcode="store(28) " fcode="store"/>
<opset="store_ln55/2 "/>
</bind>
</comp>

<comp id="2998" class="1004" name="store_ln55_access_fu_2998">
<pin_list>
<pin id="2999" dir="0" index="0" bw="3" slack="0"/>
<pin id="3000" dir="0" index="1" bw="8" slack="0"/>
<pin id="3001" dir="0" index="2" bw="0" slack="2147483647"/>
<pin id="3002" dir="1" index="3" bw="8" slack="2147483647"/>
</pin_list>
<bind>
<opcode="store(28) " fcode="store"/>
<opset="store_ln55/2 "/>
</bind>
</comp>

<comp id="3004" class="1004" name="store_ln55_access_fu_3004">
<pin_list>
<pin id="3005" dir="0" index="0" bw="3" slack="0"/>
<pin id="3006" dir="0" index="1" bw="8" slack="0"/>
<pin id="3007" dir="0" index="2" bw="0" slack="2147483647"/>
<pin id="3008" dir="1" index="3" bw="8" slack="2147483647"/>
</pin_list>
<bind>
<opcode="store(28) " fcode="store"/>
<opset="store_ln55/2 "/>
</bind>
</comp>

<comp id="3010" class="1004" name="store_ln55_access_fu_3010">
<pin_list>
<pin id="3011" dir="0" index="0" bw="3" slack="0"/>
<pin id="3012" dir="0" index="1" bw="8" slack="0"/>
<pin id="3013" dir="0" index="2" bw="0" slack="2147483647"/>
<pin id="3014" dir="1" index="3" bw="8" slack="2147483647"/>
</pin_list>
<bind>
<opcode="store(28) " fcode="store"/>
<opset="store_ln55/2 "/>
</bind>
</comp>

<comp id="3016" class="1004" name="store_ln55_access_fu_3016">
<pin_list>
<pin id="3017" dir="0" index="0" bw="3" slack="0"/>
<pin id="3018" dir="0" index="1" bw="8" slack="0"/>
<pin id="3019" dir="0" index="2" bw="0" slack="2147483647"/>
<pin id="3020" dir="1" index="3" bw="8" slack="2147483647"/>
</pin_list>
<bind>
<opcode="store(28) " fcode="store"/>
<opset="store_ln55/2 "/>
</bind>
</comp>

<comp id="3022" class="1004" name="store_ln55_access_fu_3022">
<pin_list>
<pin id="3023" dir="0" index="0" bw="3" slack="0"/>
<pin id="3024" dir="0" index="1" bw="8" slack="0"/>
<pin id="3025" dir="0" index="2" bw="0" slack="2147483647"/>
<pin id="3026" dir="1" index="3" bw="8" slack="2147483647"/>
</pin_list>
<bind>
<opcode="store(28) " fcode="store"/>
<opset="store_ln55/2 "/>
</bind>
</comp>

<comp id="3028" class="1004" name="store_ln55_access_fu_3028">
<pin_list>
<pin id="3029" dir="0" index="0" bw="3" slack="0"/>
<pin id="3030" dir="0" index="1" bw="8" slack="0"/>
<pin id="3031" dir="0" index="2" bw="0" slack="2147483647"/>
<pin id="3032" dir="1" index="3" bw="8" slack="2147483647"/>
</pin_list>
<bind>
<opcode="store(28) " fcode="store"/>
<opset="store_ln55/2 "/>
</bind>
</comp>

<comp id="3034" class="1004" name="store_ln55_access_fu_3034">
<pin_list>
<pin id="3035" dir="0" index="0" bw="3" slack="0"/>
<pin id="3036" dir="0" index="1" bw="8" slack="0"/>
<pin id="3037" dir="0" index="2" bw="0" slack="2147483647"/>
<pin id="3038" dir="1" index="3" bw="8" slack="2147483647"/>
</pin_list>
<bind>
<opcode="store(28) " fcode="store"/>
<opset="store_ln55/2 "/>
</bind>
</comp>

<comp id="3040" class="1004" name="store_ln55_access_fu_3040">
<pin_list>
<pin id="3041" dir="0" index="0" bw="3" slack="0"/>
<pin id="3042" dir="0" index="1" bw="8" slack="0"/>
<pin id="3043" dir="0" index="2" bw="0" slack="2147483647"/>
<pin id="3044" dir="1" index="3" bw="8" slack="2147483647"/>
</pin_list>
<bind>
<opcode="store(28) " fcode="store"/>
<opset="store_ln55/2 "/>
</bind>
</comp>

<comp id="3046" class="1004" name="store_ln55_access_fu_3046">
<pin_list>
<pin id="3047" dir="0" index="0" bw="3" slack="0"/>
<pin id="3048" dir="0" index="1" bw="8" slack="0"/>
<pin id="3049" dir="0" index="2" bw="0" slack="2147483647"/>
<pin id="3050" dir="1" index="3" bw="8" slack="2147483647"/>
</pin_list>
<bind>
<opcode="store(28) " fcode="store"/>
<opset="store_ln55/2 "/>
</bind>
</comp>

<comp id="3052" class="1004" name="store_ln55_access_fu_3052">
<pin_list>
<pin id="3053" dir="0" index="0" bw="3" slack="0"/>
<pin id="3054" dir="0" index="1" bw="8" slack="0"/>
<pin id="3055" dir="0" index="2" bw="0" slack="2147483647"/>
<pin id="3056" dir="1" index="3" bw="8" slack="2147483647"/>
</pin_list>
<bind>
<opcode="store(28) " fcode="store"/>
<opset="store_ln55/2 "/>
</bind>
</comp>

<comp id="3058" class="1004" name="store_ln55_access_fu_3058">
<pin_list>
<pin id="3059" dir="0" index="0" bw="3" slack="0"/>
<pin id="3060" dir="0" index="1" bw="8" slack="0"/>
<pin id="3061" dir="0" index="2" bw="0" slack="2147483647"/>
<pin id="3062" dir="1" index="3" bw="8" slack="2147483647"/>
</pin_list>
<bind>
<opcode="store(28) " fcode="store"/>
<opset="store_ln55/2 "/>
</bind>
</comp>

<comp id="3064" class="1004" name="store_ln55_access_fu_3064">
<pin_list>
<pin id="3065" dir="0" index="0" bw="3" slack="0"/>
<pin id="3066" dir="0" index="1" bw="8" slack="0"/>
<pin id="3067" dir="0" index="2" bw="0" slack="2147483647"/>
<pin id="3068" dir="1" index="3" bw="8" slack="2147483647"/>
</pin_list>
<bind>
<opcode="store(28) " fcode="store"/>
<opset="store_ln55/2 "/>
</bind>
</comp>

<comp id="3070" class="1004" name="store_ln55_access_fu_3070">
<pin_list>
<pin id="3071" dir="0" index="0" bw="3" slack="0"/>
<pin id="3072" dir="0" index="1" bw="8" slack="0"/>
<pin id="3073" dir="0" index="2" bw="0" slack="2147483647"/>
<pin id="3074" dir="1" index="3" bw="8" slack="2147483647"/>
</pin_list>
<bind>
<opcode="store(28) " fcode="store"/>
<opset="store_ln55/2 "/>
</bind>
</comp>

<comp id="3076" class="1004" name="store_ln55_access_fu_3076">
<pin_list>
<pin id="3077" dir="0" index="0" bw="3" slack="0"/>
<pin id="3078" dir="0" index="1" bw="8" slack="0"/>
<pin id="3079" dir="0" index="2" bw="0" slack="2147483647"/>
<pin id="3080" dir="1" index="3" bw="8" slack="2147483647"/>
</pin_list>
<bind>
<opcode="store(28) " fcode="store"/>
<opset="store_ln55/2 "/>
</bind>
</comp>

<comp id="3082" class="1004" name="store_ln55_access_fu_3082">
<pin_list>
<pin id="3083" dir="0" index="0" bw="3" slack="0"/>
<pin id="3084" dir="0" index="1" bw="8" slack="0"/>
<pin id="3085" dir="0" index="2" bw="0" slack="2147483647"/>
<pin id="3086" dir="1" index="3" bw="8" slack="2147483647"/>
</pin_list>
<bind>
<opcode="store(28) " fcode="store"/>
<opset="store_ln55/2 "/>
</bind>
</comp>

<comp id="3088" class="1004" name="store_ln55_access_fu_3088">
<pin_list>
<pin id="3089" dir="0" index="0" bw="3" slack="0"/>
<pin id="3090" dir="0" index="1" bw="8" slack="0"/>
<pin id="3091" dir="0" index="2" bw="0" slack="2147483647"/>
<pin id="3092" dir="1" index="3" bw="8" slack="2147483647"/>
</pin_list>
<bind>
<opcode="store(28) " fcode="store"/>
<opset="store_ln55/2 "/>
</bind>
</comp>

<comp id="3094" class="1004" name="store_ln55_access_fu_3094">
<pin_list>
<pin id="3095" dir="0" index="0" bw="3" slack="0"/>
<pin id="3096" dir="0" index="1" bw="8" slack="0"/>
<pin id="3097" dir="0" index="2" bw="0" slack="2147483647"/>
<pin id="3098" dir="1" index="3" bw="8" slack="2147483647"/>
</pin_list>
<bind>
<opcode="store(28) " fcode="store"/>
<opset="store_ln55/2 "/>
</bind>
</comp>

<comp id="3100" class="1004" name="store_ln55_access_fu_3100">
<pin_list>
<pin id="3101" dir="0" index="0" bw="3" slack="0"/>
<pin id="3102" dir="0" index="1" bw="8" slack="0"/>
<pin id="3103" dir="0" index="2" bw="0" slack="2147483647"/>
<pin id="3104" dir="1" index="3" bw="8" slack="2147483647"/>
</pin_list>
<bind>
<opcode="store(28) " fcode="store"/>
<opset="store_ln55/2 "/>
</bind>
</comp>

<comp id="3106" class="1004" name="store_ln55_access_fu_3106">
<pin_list>
<pin id="3107" dir="0" index="0" bw="3" slack="0"/>
<pin id="3108" dir="0" index="1" bw="8" slack="0"/>
<pin id="3109" dir="0" index="2" bw="0" slack="2147483647"/>
<pin id="3110" dir="1" index="3" bw="8" slack="2147483647"/>
</pin_list>
<bind>
<opcode="store(28) " fcode="store"/>
<opset="store_ln55/2 "/>
</bind>
</comp>

<comp id="3112" class="1004" name="store_ln55_access_fu_3112">
<pin_list>
<pin id="3113" dir="0" index="0" bw="3" slack="0"/>
<pin id="3114" dir="0" index="1" bw="8" slack="0"/>
<pin id="3115" dir="0" index="2" bw="0" slack="2147483647"/>
<pin id="3116" dir="1" index="3" bw="8" slack="2147483647"/>
</pin_list>
<bind>
<opcode="store(28) " fcode="store"/>
<opset="store_ln55/2 "/>
</bind>
</comp>

<comp id="3118" class="1004" name="store_ln55_access_fu_3118">
<pin_list>
<pin id="3119" dir="0" index="0" bw="3" slack="0"/>
<pin id="3120" dir="0" index="1" bw="8" slack="0"/>
<pin id="3121" dir="0" index="2" bw="0" slack="2147483647"/>
<pin id="3122" dir="1" index="3" bw="8" slack="2147483647"/>
</pin_list>
<bind>
<opcode="store(28) " fcode="store"/>
<opset="store_ln55/2 "/>
</bind>
</comp>

<comp id="3124" class="1004" name="store_ln55_access_fu_3124">
<pin_list>
<pin id="3125" dir="0" index="0" bw="3" slack="0"/>
<pin id="3126" dir="0" index="1" bw="8" slack="0"/>
<pin id="3127" dir="0" index="2" bw="0" slack="2147483647"/>
<pin id="3128" dir="1" index="3" bw="8" slack="2147483647"/>
</pin_list>
<bind>
<opcode="store(28) " fcode="store"/>
<opset="store_ln55/2 "/>
</bind>
</comp>

<comp id="3130" class="1004" name="store_ln55_access_fu_3130">
<pin_list>
<pin id="3131" dir="0" index="0" bw="3" slack="0"/>
<pin id="3132" dir="0" index="1" bw="8" slack="0"/>
<pin id="3133" dir="0" index="2" bw="0" slack="2147483647"/>
<pin id="3134" dir="1" index="3" bw="8" slack="2147483647"/>
</pin_list>
<bind>
<opcode="store(28) " fcode="store"/>
<opset="store_ln55/2 "/>
</bind>
</comp>

<comp id="3136" class="1004" name="store_ln55_access_fu_3136">
<pin_list>
<pin id="3137" dir="0" index="0" bw="3" slack="0"/>
<pin id="3138" dir="0" index="1" bw="8" slack="0"/>
<pin id="3139" dir="0" index="2" bw="0" slack="2147483647"/>
<pin id="3140" dir="1" index="3" bw="8" slack="2147483647"/>
</pin_list>
<bind>
<opcode="store(28) " fcode="store"/>
<opset="store_ln55/2 "/>
</bind>
</comp>

<comp id="3142" class="1004" name="store_ln55_access_fu_3142">
<pin_list>
<pin id="3143" dir="0" index="0" bw="3" slack="0"/>
<pin id="3144" dir="0" index="1" bw="8" slack="0"/>
<pin id="3145" dir="0" index="2" bw="0" slack="2147483647"/>
<pin id="3146" dir="1" index="3" bw="8" slack="2147483647"/>
</pin_list>
<bind>
<opcode="store(28) " fcode="store"/>
<opset="store_ln55/2 "/>
</bind>
</comp>

<comp id="3148" class="1004" name="store_ln55_access_fu_3148">
<pin_list>
<pin id="3149" dir="0" index="0" bw="3" slack="0"/>
<pin id="3150" dir="0" index="1" bw="8" slack="0"/>
<pin id="3151" dir="0" index="2" bw="0" slack="2147483647"/>
<pin id="3152" dir="1" index="3" bw="8" slack="2147483647"/>
</pin_list>
<bind>
<opcode="store(28) " fcode="store"/>
<opset="store_ln55/2 "/>
</bind>
</comp>

<comp id="3154" class="1004" name="store_ln55_access_fu_3154">
<pin_list>
<pin id="3155" dir="0" index="0" bw="3" slack="0"/>
<pin id="3156" dir="0" index="1" bw="8" slack="0"/>
<pin id="3157" dir="0" index="2" bw="0" slack="2147483647"/>
<pin id="3158" dir="1" index="3" bw="8" slack="2147483647"/>
</pin_list>
<bind>
<opcode="store(28) " fcode="store"/>
<opset="store_ln55/2 "/>
</bind>
</comp>

<comp id="3160" class="1004" name="store_ln55_access_fu_3160">
<pin_list>
<pin id="3161" dir="0" index="0" bw="3" slack="0"/>
<pin id="3162" dir="0" index="1" bw="8" slack="0"/>
<pin id="3163" dir="0" index="2" bw="0" slack="2147483647"/>
<pin id="3164" dir="1" index="3" bw="8" slack="2147483647"/>
</pin_list>
<bind>
<opcode="store(28) " fcode="store"/>
<opset="store_ln55/2 "/>
</bind>
</comp>

<comp id="3166" class="1004" name="store_ln55_access_fu_3166">
<pin_list>
<pin id="3167" dir="0" index="0" bw="3" slack="0"/>
<pin id="3168" dir="0" index="1" bw="8" slack="0"/>
<pin id="3169" dir="0" index="2" bw="0" slack="2147483647"/>
<pin id="3170" dir="1" index="3" bw="8" slack="2147483647"/>
</pin_list>
<bind>
<opcode="store(28) " fcode="store"/>
<opset="store_ln55/2 "/>
</bind>
</comp>

<comp id="3172" class="1004" name="store_ln55_access_fu_3172">
<pin_list>
<pin id="3173" dir="0" index="0" bw="3" slack="0"/>
<pin id="3174" dir="0" index="1" bw="8" slack="0"/>
<pin id="3175" dir="0" index="2" bw="0" slack="2147483647"/>
<pin id="3176" dir="1" index="3" bw="8" slack="2147483647"/>
</pin_list>
<bind>
<opcode="store(28) " fcode="store"/>
<opset="store_ln55/2 "/>
</bind>
</comp>

<comp id="3178" class="1004" name="store_ln55_access_fu_3178">
<pin_list>
<pin id="3179" dir="0" index="0" bw="3" slack="0"/>
<pin id="3180" dir="0" index="1" bw="8" slack="0"/>
<pin id="3181" dir="0" index="2" bw="0" slack="2147483647"/>
<pin id="3182" dir="1" index="3" bw="8" slack="2147483647"/>
</pin_list>
<bind>
<opcode="store(28) " fcode="store"/>
<opset="store_ln55/2 "/>
</bind>
</comp>

<comp id="3184" class="1004" name="store_ln55_access_fu_3184">
<pin_list>
<pin id="3185" dir="0" index="0" bw="3" slack="0"/>
<pin id="3186" dir="0" index="1" bw="8" slack="0"/>
<pin id="3187" dir="0" index="2" bw="0" slack="2147483647"/>
<pin id="3188" dir="1" index="3" bw="8" slack="2147483647"/>
</pin_list>
<bind>
<opcode="store(28) " fcode="store"/>
<opset="store_ln55/2 "/>
</bind>
</comp>

<comp id="3190" class="1004" name="store_ln55_access_fu_3190">
<pin_list>
<pin id="3191" dir="0" index="0" bw="3" slack="0"/>
<pin id="3192" dir="0" index="1" bw="8" slack="0"/>
<pin id="3193" dir="0" index="2" bw="0" slack="2147483647"/>
<pin id="3194" dir="1" index="3" bw="8" slack="2147483647"/>
</pin_list>
<bind>
<opcode="store(28) " fcode="store"/>
<opset="store_ln55/2 "/>
</bind>
</comp>

<comp id="3196" class="1004" name="store_ln55_access_fu_3196">
<pin_list>
<pin id="3197" dir="0" index="0" bw="3" slack="0"/>
<pin id="3198" dir="0" index="1" bw="8" slack="0"/>
<pin id="3199" dir="0" index="2" bw="0" slack="2147483647"/>
<pin id="3200" dir="1" index="3" bw="8" slack="2147483647"/>
</pin_list>
<bind>
<opcode="store(28) " fcode="store"/>
<opset="store_ln55/2 "/>
</bind>
</comp>

<comp id="3202" class="1004" name="store_ln55_access_fu_3202">
<pin_list>
<pin id="3203" dir="0" index="0" bw="3" slack="0"/>
<pin id="3204" dir="0" index="1" bw="8" slack="0"/>
<pin id="3205" dir="0" index="2" bw="0" slack="2147483647"/>
<pin id="3206" dir="1" index="3" bw="8" slack="2147483647"/>
</pin_list>
<bind>
<opcode="store(28) " fcode="store"/>
<opset="store_ln55/2 "/>
</bind>
</comp>

<comp id="3208" class="1004" name="store_ln55_access_fu_3208">
<pin_list>
<pin id="3209" dir="0" index="0" bw="3" slack="0"/>
<pin id="3210" dir="0" index="1" bw="8" slack="0"/>
<pin id="3211" dir="0" index="2" bw="0" slack="2147483647"/>
<pin id="3212" dir="1" index="3" bw="8" slack="2147483647"/>
</pin_list>
<bind>
<opcode="store(28) " fcode="store"/>
<opset="store_ln55/2 "/>
</bind>
</comp>

<comp id="3214" class="1004" name="store_ln55_access_fu_3214">
<pin_list>
<pin id="3215" dir="0" index="0" bw="3" slack="0"/>
<pin id="3216" dir="0" index="1" bw="8" slack="0"/>
<pin id="3217" dir="0" index="2" bw="0" slack="2147483647"/>
<pin id="3218" dir="1" index="3" bw="8" slack="2147483647"/>
</pin_list>
<bind>
<opcode="store(28) " fcode="store"/>
<opset="store_ln55/2 "/>
</bind>
</comp>

<comp id="3220" class="1004" name="store_ln55_access_fu_3220">
<pin_list>
<pin id="3221" dir="0" index="0" bw="3" slack="0"/>
<pin id="3222" dir="0" index="1" bw="8" slack="0"/>
<pin id="3223" dir="0" index="2" bw="0" slack="2147483647"/>
<pin id="3224" dir="1" index="3" bw="8" slack="2147483647"/>
</pin_list>
<bind>
<opcode="store(28) " fcode="store"/>
<opset="store_ln55/2 "/>
</bind>
</comp>

<comp id="3226" class="1004" name="store_ln55_access_fu_3226">
<pin_list>
<pin id="3227" dir="0" index="0" bw="3" slack="0"/>
<pin id="3228" dir="0" index="1" bw="8" slack="0"/>
<pin id="3229" dir="0" index="2" bw="0" slack="2147483647"/>
<pin id="3230" dir="1" index="3" bw="8" slack="2147483647"/>
</pin_list>
<bind>
<opcode="store(28) " fcode="store"/>
<opset="store_ln55/2 "/>
</bind>
</comp>

<comp id="3232" class="1004" name="store_ln55_access_fu_3232">
<pin_list>
<pin id="3233" dir="0" index="0" bw="3" slack="0"/>
<pin id="3234" dir="0" index="1" bw="8" slack="0"/>
<pin id="3235" dir="0" index="2" bw="0" slack="2147483647"/>
<pin id="3236" dir="1" index="3" bw="8" slack="2147483647"/>
</pin_list>
<bind>
<opcode="store(28) " fcode="store"/>
<opset="store_ln55/2 "/>
</bind>
</comp>

<comp id="3238" class="1004" name="store_ln55_access_fu_3238">
<pin_list>
<pin id="3239" dir="0" index="0" bw="3" slack="0"/>
<pin id="3240" dir="0" index="1" bw="8" slack="0"/>
<pin id="3241" dir="0" index="2" bw="0" slack="2147483647"/>
<pin id="3242" dir="1" index="3" bw="8" slack="2147483647"/>
</pin_list>
<bind>
<opcode="store(28) " fcode="store"/>
<opset="store_ln55/2 "/>
</bind>
</comp>

<comp id="3244" class="1004" name="store_ln55_access_fu_3244">
<pin_list>
<pin id="3245" dir="0" index="0" bw="3" slack="0"/>
<pin id="3246" dir="0" index="1" bw="8" slack="0"/>
<pin id="3247" dir="0" index="2" bw="0" slack="2147483647"/>
<pin id="3248" dir="1" index="3" bw="8" slack="2147483647"/>
</pin_list>
<bind>
<opcode="store(28) " fcode="store"/>
<opset="store_ln55/2 "/>
</bind>
</comp>

<comp id="3250" class="1004" name="store_ln55_access_fu_3250">
<pin_list>
<pin id="3251" dir="0" index="0" bw="3" slack="0"/>
<pin id="3252" dir="0" index="1" bw="8" slack="0"/>
<pin id="3253" dir="0" index="2" bw="0" slack="2147483647"/>
<pin id="3254" dir="1" index="3" bw="8" slack="2147483647"/>
</pin_list>
<bind>
<opcode="store(28) " fcode="store"/>
<opset="store_ln55/2 "/>
</bind>
</comp>

<comp id="3256" class="1004" name="store_ln55_access_fu_3256">
<pin_list>
<pin id="3257" dir="0" index="0" bw="3" slack="0"/>
<pin id="3258" dir="0" index="1" bw="8" slack="0"/>
<pin id="3259" dir="0" index="2" bw="0" slack="2147483647"/>
<pin id="3260" dir="1" index="3" bw="8" slack="2147483647"/>
</pin_list>
<bind>
<opcode="store(28) " fcode="store"/>
<opset="store_ln55/2 "/>
</bind>
</comp>

<comp id="3262" class="1004" name="store_ln55_access_fu_3262">
<pin_list>
<pin id="3263" dir="0" index="0" bw="3" slack="0"/>
<pin id="3264" dir="0" index="1" bw="8" slack="0"/>
<pin id="3265" dir="0" index="2" bw="0" slack="2147483647"/>
<pin id="3266" dir="1" index="3" bw="8" slack="2147483647"/>
</pin_list>
<bind>
<opcode="store(28) " fcode="store"/>
<opset="store_ln55/2 "/>
</bind>
</comp>

<comp id="3268" class="1004" name="store_ln55_access_fu_3268">
<pin_list>
<pin id="3269" dir="0" index="0" bw="3" slack="0"/>
<pin id="3270" dir="0" index="1" bw="8" slack="0"/>
<pin id="3271" dir="0" index="2" bw="0" slack="2147483647"/>
<pin id="3272" dir="1" index="3" bw="8" slack="2147483647"/>
</pin_list>
<bind>
<opcode="store(28) " fcode="store"/>
<opset="store_ln55/2 "/>
</bind>
</comp>

<comp id="3274" class="1004" name="store_ln55_access_fu_3274">
<pin_list>
<pin id="3275" dir="0" index="0" bw="3" slack="0"/>
<pin id="3276" dir="0" index="1" bw="8" slack="0"/>
<pin id="3277" dir="0" index="2" bw="0" slack="2147483647"/>
<pin id="3278" dir="1" index="3" bw="8" slack="2147483647"/>
</pin_list>
<bind>
<opcode="store(28) " fcode="store"/>
<opset="store_ln55/2 "/>
</bind>
</comp>

<comp id="3280" class="1004" name="store_ln55_access_fu_3280">
<pin_list>
<pin id="3281" dir="0" index="0" bw="3" slack="0"/>
<pin id="3282" dir="0" index="1" bw="8" slack="0"/>
<pin id="3283" dir="0" index="2" bw="0" slack="2147483647"/>
<pin id="3284" dir="1" index="3" bw="8" slack="2147483647"/>
</pin_list>
<bind>
<opcode="store(28) " fcode="store"/>
<opset="store_ln55/2 "/>
</bind>
</comp>

<comp id="3286" class="1004" name="store_ln55_access_fu_3286">
<pin_list>
<pin id="3287" dir="0" index="0" bw="3" slack="0"/>
<pin id="3288" dir="0" index="1" bw="8" slack="0"/>
<pin id="3289" dir="0" index="2" bw="0" slack="2147483647"/>
<pin id="3290" dir="1" index="3" bw="8" slack="2147483647"/>
</pin_list>
<bind>
<opcode="store(28) " fcode="store"/>
<opset="store_ln55/2 "/>
</bind>
</comp>

<comp id="3292" class="1004" name="store_ln55_access_fu_3292">
<pin_list>
<pin id="3293" dir="0" index="0" bw="3" slack="0"/>
<pin id="3294" dir="0" index="1" bw="8" slack="0"/>
<pin id="3295" dir="0" index="2" bw="0" slack="2147483647"/>
<pin id="3296" dir="1" index="3" bw="8" slack="2147483647"/>
</pin_list>
<bind>
<opcode="store(28) " fcode="store"/>
<opset="store_ln55/2 "/>
</bind>
</comp>

<comp id="3298" class="1004" name="store_ln55_access_fu_3298">
<pin_list>
<pin id="3299" dir="0" index="0" bw="3" slack="0"/>
<pin id="3300" dir="0" index="1" bw="8" slack="0"/>
<pin id="3301" dir="0" index="2" bw="0" slack="2147483647"/>
<pin id="3302" dir="1" index="3" bw="8" slack="2147483647"/>
</pin_list>
<bind>
<opcode="store(28) " fcode="store"/>
<opset="store_ln55/2 "/>
</bind>
</comp>

<comp id="3304" class="1004" name="store_ln55_access_fu_3304">
<pin_list>
<pin id="3305" dir="0" index="0" bw="3" slack="0"/>
<pin id="3306" dir="0" index="1" bw="8" slack="0"/>
<pin id="3307" dir="0" index="2" bw="0" slack="2147483647"/>
<pin id="3308" dir="1" index="3" bw="8" slack="2147483647"/>
</pin_list>
<bind>
<opcode="store(28) " fcode="store"/>
<opset="store_ln55/2 "/>
</bind>
</comp>

<comp id="3310" class="1004" name="store_ln55_access_fu_3310">
<pin_list>
<pin id="3311" dir="0" index="0" bw="3" slack="0"/>
<pin id="3312" dir="0" index="1" bw="8" slack="0"/>
<pin id="3313" dir="0" index="2" bw="0" slack="2147483647"/>
<pin id="3314" dir="1" index="3" bw="8" slack="2147483647"/>
</pin_list>
<bind>
<opcode="store(28) " fcode="store"/>
<opset="store_ln55/2 "/>
</bind>
</comp>

<comp id="3316" class="1004" name="store_ln55_access_fu_3316">
<pin_list>
<pin id="3317" dir="0" index="0" bw="3" slack="0"/>
<pin id="3318" dir="0" index="1" bw="8" slack="0"/>
<pin id="3319" dir="0" index="2" bw="0" slack="2147483647"/>
<pin id="3320" dir="1" index="3" bw="8" slack="2147483647"/>
</pin_list>
<bind>
<opcode="store(28) " fcode="store"/>
<opset="store_ln55/2 "/>
</bind>
</comp>

<comp id="3322" class="1004" name="store_ln55_access_fu_3322">
<pin_list>
<pin id="3323" dir="0" index="0" bw="3" slack="0"/>
<pin id="3324" dir="0" index="1" bw="8" slack="0"/>
<pin id="3325" dir="0" index="2" bw="0" slack="2147483647"/>
<pin id="3326" dir="1" index="3" bw="8" slack="2147483647"/>
</pin_list>
<bind>
<opcode="store(28) " fcode="store"/>
<opset="store_ln55/2 "/>
</bind>
</comp>

<comp id="3328" class="1004" name="store_ln55_access_fu_3328">
<pin_list>
<pin id="3329" dir="0" index="0" bw="3" slack="0"/>
<pin id="3330" dir="0" index="1" bw="8" slack="0"/>
<pin id="3331" dir="0" index="2" bw="0" slack="2147483647"/>
<pin id="3332" dir="1" index="3" bw="8" slack="2147483647"/>
</pin_list>
<bind>
<opcode="store(28) " fcode="store"/>
<opset="store_ln55/2 "/>
</bind>
</comp>

<comp id="3334" class="1004" name="store_ln55_access_fu_3334">
<pin_list>
<pin id="3335" dir="0" index="0" bw="3" slack="0"/>
<pin id="3336" dir="0" index="1" bw="8" slack="0"/>
<pin id="3337" dir="0" index="2" bw="0" slack="2147483647"/>
<pin id="3338" dir="1" index="3" bw="8" slack="2147483647"/>
</pin_list>
<bind>
<opcode="store(28) " fcode="store"/>
<opset="store_ln55/2 "/>
</bind>
</comp>

<comp id="3340" class="1004" name="store_ln55_access_fu_3340">
<pin_list>
<pin id="3341" dir="0" index="0" bw="3" slack="0"/>
<pin id="3342" dir="0" index="1" bw="8" slack="0"/>
<pin id="3343" dir="0" index="2" bw="0" slack="2147483647"/>
<pin id="3344" dir="1" index="3" bw="8" slack="2147483647"/>
</pin_list>
<bind>
<opcode="store(28) " fcode="store"/>
<opset="store_ln55/2 "/>
</bind>
</comp>

<comp id="3346" class="1004" name="store_ln55_access_fu_3346">
<pin_list>
<pin id="3347" dir="0" index="0" bw="3" slack="0"/>
<pin id="3348" dir="0" index="1" bw="8" slack="0"/>
<pin id="3349" dir="0" index="2" bw="0" slack="2147483647"/>
<pin id="3350" dir="1" index="3" bw="8" slack="2147483647"/>
</pin_list>
<bind>
<opcode="store(28) " fcode="store"/>
<opset="store_ln55/2 "/>
</bind>
</comp>

<comp id="3352" class="1004" name="store_ln55_access_fu_3352">
<pin_list>
<pin id="3353" dir="0" index="0" bw="3" slack="0"/>
<pin id="3354" dir="0" index="1" bw="8" slack="0"/>
<pin id="3355" dir="0" index="2" bw="0" slack="2147483647"/>
<pin id="3356" dir="1" index="3" bw="8" slack="2147483647"/>
</pin_list>
<bind>
<opcode="store(28) " fcode="store"/>
<opset="store_ln55/2 "/>
</bind>
</comp>

<comp id="3358" class="1004" name="store_ln55_access_fu_3358">
<pin_list>
<pin id="3359" dir="0" index="0" bw="3" slack="0"/>
<pin id="3360" dir="0" index="1" bw="8" slack="0"/>
<pin id="3361" dir="0" index="2" bw="0" slack="2147483647"/>
<pin id="3362" dir="1" index="3" bw="8" slack="2147483647"/>
</pin_list>
<bind>
<opcode="store(28) " fcode="store"/>
<opset="store_ln55/2 "/>
</bind>
</comp>

<comp id="3364" class="1004" name="store_ln0_store_fu_3364">
<pin_list>
<pin id="3365" dir="0" index="0" bw="1" slack="0"/>
<pin id="3366" dir="0" index="1" bw="6" slack="0"/>
<pin id="3367" dir="1" index="2" bw="0" slack="2147483647"/>
</pin_list>
<bind>
<opcode="store(28) " fcode="store"/>
<opset="store_ln0/1 "/>
</bind>
</comp>

<comp id="3369" class="1004" name="store_ln46_store_fu_3369">
<pin_list>
<pin id="3370" dir="0" index="0" bw="1" slack="0"/>
<pin id="3371" dir="0" index="1" bw="3" slack="0"/>
<pin id="3372" dir="1" index="2" bw="0" slack="2147483647"/>
</pin_list>
<bind>
<opcode="store(28) " fcode="store"/>
<opset="store_ln46/1 "/>
</bind>
</comp>

<comp id="3374" class="1004" name="store_ln50_store_fu_3374">
<pin_list>
<pin id="3375" dir="0" index="0" bw="1" slack="0"/>
<pin id="3376" dir="0" index="1" bw="3" slack="0"/>
<pin id="3377" dir="1" index="2" bw="0" slack="2147483647"/>
</pin_list>
<bind>
<opcode="store(28) " fcode="store"/>
<opset="store_ln50/1 "/>
</bind>
</comp>

<comp id="3379" class="1004" name="indvar_flatten40_load_load_fu_3379">
<pin_list>
<pin id="3380" dir="0" index="0" bw="6" slack="0"/>
<pin id="3381" dir="1" index="1" bw="6" slack="0"/>
</pin_list>
<bind>
<opcode="load(27) " fcode="load"/>
<opset="indvar_flatten40_load/1 "/>
</bind>
</comp>

<comp id="3382" class="1004" name="icmp_ln46_fu_3382">
<pin_list>
<pin id="3383" dir="0" index="0" bw="6" slack="0"/>
<pin id="3384" dir="0" index="1" bw="6" slack="0"/>
<pin id="3385" dir="1" index="2" bw="1" slack="2147483647"/>
</pin_list>
<bind>
<opcode="icmp(45) " fcode="icmp"/>
<opset="icmp_ln46/1 "/>
</bind>
</comp>

<comp id="3388" class="1004" name="add_ln46_2_fu_3388">
<pin_list>
<pin id="3389" dir="0" index="0" bw="6" slack="0"/>
<pin id="3390" dir="0" index="1" bw="1" slack="0"/>
<pin id="3391" dir="1" index="2" bw="6" slack="0"/>
</pin_list>
<bind>
<opcode="add(8) " fcode="add"/>
<opset="add_ln46_2/1 "/>
</bind>
</comp>

<comp id="3394" class="1004" name="store_ln46_store_fu_3394">
<pin_list>
<pin id="3395" dir="0" index="0" bw="6" slack="0"/>
<pin id="3396" dir="0" index="1" bw="6" slack="0"/>
<pin id="3397" dir="1" index="2" bw="0" slack="2147483647"/>
</pin_list>
<bind>
<opcode="store(28) " fcode="store"/>
<opset="store_ln46/1 "/>
</bind>
</comp>

<comp id="3399" class="1004" name="x_7_load_load_fu_3399">
<pin_list>
<pin id="3400" dir="0" index="0" bw="3" slack="1"/>
<pin id="3401" dir="1" index="1" bw="3" slack="0"/>
</pin_list>
<bind>
<opcode="load(27) " fcode="load"/>
<opset="x_7_load/2 "/>
</bind>
</comp>

<comp id="3402" class="1004" name="y_load_load_fu_3402">
<pin_list>
<pin id="3403" dir="0" index="0" bw="3" slack="1"/>
<pin id="3404" dir="1" index="1" bw="3" slack="0"/>
</pin_list>
<bind>
<opcode="load(27) " fcode="load"/>
<opset="y_load/2 "/>
</bind>
</comp>

<comp id="3405" class="1004" name="add_ln46_fu_3405">
<pin_list>
<pin id="3406" dir="0" index="0" bw="3" slack="0"/>
<pin id="3407" dir="0" index="1" bw="1" slack="0"/>
<pin id="3408" dir="1" index="2" bw="3" slack="0"/>
</pin_list>
<bind>
<opcode="add(8) " fcode="add"/>
<opset="add_ln46/2 "/>
</bind>
</comp>

<comp id="3411" class="1004" name="icmp_ln47_fu_3411">
<pin_list>
<pin id="3412" dir="0" index="0" bw="3" slack="0"/>
<pin id="3413" dir="0" index="1" bw="3" slack="0"/>
<pin id="3414" dir="1" index="2" bw="1" slack="0"/>
</pin_list>
<bind>
<opcode="icmp(45) " fcode="icmp"/>
<opset="icmp_ln47/2 "/>
</bind>
</comp>

<comp id="3417" class="1004" name="select_ln46_fu_3417">
<pin_list>
<pin id="3418" dir="0" index="0" bw="1" slack="0"/>
<pin id="3419" dir="0" index="1" bw="3" slack="0"/>
<pin id="3420" dir="0" index="2" bw="3" slack="0"/>
<pin id="3421" dir="1" index="3" bw="3" slack="0"/>
</pin_list>
<bind>
<opcode="select(49) " fcode="select"/>
<opset="select_ln46/2 "/>
</bind>
</comp>

<comp id="3425" class="1004" name="select_ln46_2_fu_3425">
<pin_list>
<pin id="3426" dir="0" index="0" bw="1" slack="0"/>
<pin id="3427" dir="0" index="1" bw="3" slack="0"/>
<pin id="3428" dir="0" index="2" bw="3" slack="0"/>
<pin id="3429" dir="1" index="3" bw="3" slack="0"/>
</pin_list>
<bind>
<opcode="select(49) " fcode="select"/>
<opset="select_ln46_2/2 "/>
</bind>
</comp>

<comp id="3433" class="1004" name="zext_ln46_fu_3433">
<pin_list>
<pin id="3434" dir="0" index="0" bw="3" slack="0"/>
<pin id="3435" dir="1" index="1" bw="64" slack="0"/>
</pin_list>
<bind>
<opcode="zext(34) " fcode="zext"/>
<opset="zext_ln46/2 "/>
</bind>
</comp>

<comp id="3653" class="1004" name="a_fu_3653">
<pin_list>
<pin id="3654" dir="0" index="0" bw="96" slack="0"/>
<pin id="3655" dir="1" index="1" bw="8" slack="0"/>
</pin_list>
<bind>
<opcode="trunc(33) " fcode="trunc"/>
<opset="a/2 "/>
</bind>
</comp>

<comp id="3675" class="1004" name="a_12_fu_3675">
<pin_list>
<pin id="3676" dir="0" index="0" bw="8" slack="0"/>
<pin id="3677" dir="0" index="1" bw="96" slack="0"/>
<pin id="3678" dir="0" index="2" bw="5" slack="0"/>
<pin id="3679" dir="0" index="3" bw="5" slack="0"/>
<pin id="3680" dir="1" index="4" bw="8" slack="0"/>
</pin_list>
<bind>
<opcode="partselect(1002) " fcode="partselect"/>
<opset="a_12/2 "/>
</bind>
</comp>

<comp id="3703" class="1004" name="a_13_fu_3703">
<pin_list>
<pin id="3704" dir="0" index="0" bw="8" slack="0"/>
<pin id="3705" dir="0" index="1" bw="96" slack="0"/>
<pin id="3706" dir="0" index="2" bw="6" slack="0"/>
<pin id="3707" dir="0" index="3" bw="6" slack="0"/>
<pin id="3708" dir="1" index="4" bw="8" slack="0"/>
</pin_list>
<bind>
<opcode="partselect(1002) " fcode="partselect"/>
<opset="a_13/2 "/>
</bind>
</comp>

<comp id="3731" class="1004" name="a_14_fu_3731">
<pin_list>
<pin id="3732" dir="0" index="0" bw="8" slack="0"/>
<pin id="3733" dir="0" index="1" bw="96" slack="0"/>
<pin id="3734" dir="0" index="2" bw="6" slack="0"/>
<pin id="3735" dir="0" index="3" bw="6" slack="0"/>
<pin id="3736" dir="1" index="4" bw="8" slack="0"/>
</pin_list>
<bind>
<opcode="partselect(1002) " fcode="partselect"/>
<opset="a_14/2 "/>
</bind>
</comp>

<comp id="3759" class="1004" name="a_15_fu_3759">
<pin_list>
<pin id="3760" dir="0" index="0" bw="8" slack="0"/>
<pin id="3761" dir="0" index="1" bw="96" slack="0"/>
<pin id="3762" dir="0" index="2" bw="7" slack="0"/>
<pin id="3763" dir="0" index="3" bw="7" slack="0"/>
<pin id="3764" dir="1" index="4" bw="8" slack="0"/>
</pin_list>
<bind>
<opcode="partselect(1002) " fcode="partselect"/>
<opset="a_15/2 "/>
</bind>
</comp>

<comp id="3787" class="1004" name="a_16_fu_3787">
<pin_list>
<pin id="3788" dir="0" index="0" bw="8" slack="0"/>
<pin id="3789" dir="0" index="1" bw="96" slack="0"/>
<pin id="3790" dir="0" index="2" bw="7" slack="0"/>
<pin id="3791" dir="0" index="3" bw="7" slack="0"/>
<pin id="3792" dir="1" index="4" bw="8" slack="0"/>
</pin_list>
<bind>
<opcode="partselect(1002) " fcode="partselect"/>
<opset="a_16/2 "/>
</bind>
</comp>

<comp id="3815" class="1004" name="a_17_fu_3815">
<pin_list>
<pin id="3816" dir="0" index="0" bw="8" slack="0"/>
<pin id="3817" dir="0" index="1" bw="96" slack="0"/>
<pin id="3818" dir="0" index="2" bw="7" slack="0"/>
<pin id="3819" dir="0" index="3" bw="7" slack="0"/>
<pin id="3820" dir="1" index="4" bw="8" slack="0"/>
</pin_list>
<bind>
<opcode="partselect(1002) " fcode="partselect"/>
<opset="a_17/2 "/>
</bind>
</comp>

<comp id="3843" class="1004" name="a_18_fu_3843">
<pin_list>
<pin id="3844" dir="0" index="0" bw="8" slack="0"/>
<pin id="3845" dir="0" index="1" bw="96" slack="0"/>
<pin id="3846" dir="0" index="2" bw="7" slack="0"/>
<pin id="3847" dir="0" index="3" bw="7" slack="0"/>
<pin id="3848" dir="1" index="4" bw="8" slack="0"/>
</pin_list>
<bind>
<opcode="partselect(1002) " fcode="partselect"/>
<opset="a_18/2 "/>
</bind>
</comp>

<comp id="3871" class="1004" name="a_19_fu_3871">
<pin_list>
<pin id="3872" dir="0" index="0" bw="8" slack="0"/>
<pin id="3873" dir="0" index="1" bw="96" slack="0"/>
<pin id="3874" dir="0" index="2" bw="8" slack="0"/>
<pin id="3875" dir="0" index="3" bw="8" slack="0"/>
<pin id="3876" dir="1" index="4" bw="8" slack="0"/>
</pin_list>
<bind>
<opcode="partselect(1002) " fcode="partselect"/>
<opset="a_19/2 "/>
</bind>
</comp>

<comp id="3899" class="1004" name="a_20_fu_3899">
<pin_list>
<pin id="3900" dir="0" index="0" bw="8" slack="0"/>
<pin id="3901" dir="0" index="1" bw="96" slack="0"/>
<pin id="3902" dir="0" index="2" bw="8" slack="0"/>
<pin id="3903" dir="0" index="3" bw="8" slack="0"/>
<pin id="3904" dir="1" index="4" bw="8" slack="0"/>
</pin_list>
<bind>
<opcode="partselect(1002) " fcode="partselect"/>
<opset="a_20/2 "/>
</bind>
</comp>

<comp id="3927" class="1004" name="a_21_fu_3927">
<pin_list>
<pin id="3928" dir="0" index="0" bw="8" slack="0"/>
<pin id="3929" dir="0" index="1" bw="96" slack="0"/>
<pin id="3930" dir="0" index="2" bw="8" slack="0"/>
<pin id="3931" dir="0" index="3" bw="8" slack="0"/>
<pin id="3932" dir="1" index="4" bw="8" slack="0"/>
</pin_list>
<bind>
<opcode="partselect(1002) " fcode="partselect"/>
<opset="a_21/2 "/>
</bind>
</comp>

<comp id="3955" class="1004" name="a_22_fu_3955">
<pin_list>
<pin id="3956" dir="0" index="0" bw="8" slack="0"/>
<pin id="3957" dir="0" index="1" bw="96" slack="0"/>
<pin id="3958" dir="0" index="2" bw="8" slack="0"/>
<pin id="3959" dir="0" index="3" bw="8" slack="0"/>
<pin id="3960" dir="1" index="4" bw="8" slack="0"/>
</pin_list>
<bind>
<opcode="partselect(1002) " fcode="partselect"/>
<opset="a_22/2 "/>
</bind>
</comp>

<comp id="3983" class="1004" name="add_ln47_fu_3983">
<pin_list>
<pin id="3984" dir="0" index="0" bw="3" slack="0"/>
<pin id="3985" dir="0" index="1" bw="1" slack="0"/>
<pin id="3986" dir="1" index="2" bw="3" slack="0"/>
</pin_list>
<bind>
<opcode="add(8) " fcode="add"/>
<opset="add_ln47/2 "/>
</bind>
</comp>

<comp id="3989" class="1004" name="store_ln46_store_fu_3989">
<pin_list>
<pin id="3990" dir="0" index="0" bw="3" slack="0"/>
<pin id="3991" dir="0" index="1" bw="3" slack="1"/>
<pin id="3992" dir="1" index="2" bw="0" slack="2147483647"/>
</pin_list>
<bind>
<opcode="store(28) " fcode="store"/>
<opset="store_ln46/2 "/>
</bind>
</comp>

<comp id="3994" class="1004" name="store_ln50_store_fu_3994">
<pin_list>
<pin id="3995" dir="0" index="0" bw="3" slack="0"/>
<pin id="3996" dir="0" index="1" bw="3" slack="1"/>
<pin id="3997" dir="1" index="2" bw="0" slack="2147483647"/>
</pin_list>
<bind>
<opcode="store(28) " fcode="store"/>
<opset="store_ln50/2 "/>
</bind>
</comp>

<comp id="3999" class="1005" name="x_7_reg_3999">
<pin_list>
<pin id="4000" dir="0" index="0" bw="3" slack="0"/>
<pin id="4001" dir="1" index="1" bw="3" slack="0"/>
</pin_list>
<bind>
<opset="x_7 "/>
</bind>
</comp>

<comp id="4006" class="1005" name="y_reg_4006">
<pin_list>
<pin id="4007" dir="0" index="0" bw="3" slack="0"/>
<pin id="4008" dir="1" index="1" bw="3" slack="0"/>
</pin_list>
<bind>
<opset="y "/>
</bind>
</comp>

<comp id="4013" class="1005" name="indvar_flatten40_reg_4013">
<pin_list>
<pin id="4014" dir="0" index="0" bw="6" slack="0"/>
<pin id="4015" dir="1" index="1" bw="6" slack="0"/>
</pin_list>
<bind>
<opset="indvar_flatten40 "/>
</bind>
</comp>

<comp id="4020" class="1005" name="tmp_reg_4020">
<pin_list>
<pin id="4021" dir="0" index="0" bw="2" slack="1"/>
<pin id="4022" dir="1" index="1" bw="2" slack="2147483647"/>
</pin_list>
<bind>
<opset="tmp "/>
</bind>
</comp>

</comp_list>

<net_list>
<net id="535"><net_src comp="436" pin="0"/><net_sink comp="532" pin=0"/></net>

<net id="539"><net_src comp="436" pin="0"/><net_sink comp="536" pin=0"/></net>

<net id="543"><net_src comp="436" pin="0"/><net_sink comp="540" pin=0"/></net>

<net id="548"><net_src comp="448" pin="0"/><net_sink comp="544" pin=0"/></net>

<net id="549"><net_src comp="434" pin="0"/><net_sink comp="544" pin=1"/></net>

<net id="554"><net_src comp="478" pin="0"/><net_sink comp="550" pin=0"/></net>

<net id="555"><net_src comp="432" pin="0"/><net_sink comp="550" pin=1"/></net>

<net id="561"><net_src comp="0" pin="0"/><net_sink comp="556" pin=0"/></net>

<net id="562"><net_src comp="474" pin="0"/><net_sink comp="556" pin=1"/></net>

<net id="568"><net_src comp="2" pin="0"/><net_sink comp="563" pin=0"/></net>

<net id="569"><net_src comp="474" pin="0"/><net_sink comp="563" pin=1"/></net>

<net id="575"><net_src comp="4" pin="0"/><net_sink comp="570" pin=0"/></net>

<net id="576"><net_src comp="474" pin="0"/><net_sink comp="570" pin=1"/></net>

<net id="582"><net_src comp="6" pin="0"/><net_sink comp="577" pin=0"/></net>

<net id="583"><net_src comp="474" pin="0"/><net_sink comp="577" pin=1"/></net>

<net id="589"><net_src comp="8" pin="0"/><net_sink comp="584" pin=0"/></net>

<net id="590"><net_src comp="474" pin="0"/><net_sink comp="584" pin=1"/></net>

<net id="596"><net_src comp="10" pin="0"/><net_sink comp="591" pin=0"/></net>

<net id="597"><net_src comp="474" pin="0"/><net_sink comp="591" pin=1"/></net>

<net id="603"><net_src comp="12" pin="0"/><net_sink comp="598" pin=0"/></net>

<net id="604"><net_src comp="474" pin="0"/><net_sink comp="598" pin=1"/></net>

<net id="610"><net_src comp="14" pin="0"/><net_sink comp="605" pin=0"/></net>

<net id="611"><net_src comp="474" pin="0"/><net_sink comp="605" pin=1"/></net>

<net id="617"><net_src comp="16" pin="0"/><net_sink comp="612" pin=0"/></net>

<net id="618"><net_src comp="474" pin="0"/><net_sink comp="612" pin=1"/></net>

<net id="624"><net_src comp="18" pin="0"/><net_sink comp="619" pin=0"/></net>

<net id="625"><net_src comp="474" pin="0"/><net_sink comp="619" pin=1"/></net>

<net id="631"><net_src comp="20" pin="0"/><net_sink comp="626" pin=0"/></net>

<net id="632"><net_src comp="474" pin="0"/><net_sink comp="626" pin=1"/></net>

<net id="638"><net_src comp="22" pin="0"/><net_sink comp="633" pin=0"/></net>

<net id="639"><net_src comp="474" pin="0"/><net_sink comp="633" pin=1"/></net>

<net id="645"><net_src comp="24" pin="0"/><net_sink comp="640" pin=0"/></net>

<net id="646"><net_src comp="474" pin="0"/><net_sink comp="640" pin=1"/></net>

<net id="652"><net_src comp="26" pin="0"/><net_sink comp="647" pin=0"/></net>

<net id="653"><net_src comp="474" pin="0"/><net_sink comp="647" pin=1"/></net>

<net id="659"><net_src comp="28" pin="0"/><net_sink comp="654" pin=0"/></net>

<net id="660"><net_src comp="474" pin="0"/><net_sink comp="654" pin=1"/></net>

<net id="666"><net_src comp="30" pin="0"/><net_sink comp="661" pin=0"/></net>

<net id="667"><net_src comp="474" pin="0"/><net_sink comp="661" pin=1"/></net>

<net id="673"><net_src comp="32" pin="0"/><net_sink comp="668" pin=0"/></net>

<net id="674"><net_src comp="474" pin="0"/><net_sink comp="668" pin=1"/></net>

<net id="680"><net_src comp="34" pin="0"/><net_sink comp="675" pin=0"/></net>

<net id="681"><net_src comp="474" pin="0"/><net_sink comp="675" pin=1"/></net>

<net id="687"><net_src comp="36" pin="0"/><net_sink comp="682" pin=0"/></net>

<net id="688"><net_src comp="474" pin="0"/><net_sink comp="682" pin=1"/></net>

<net id="694"><net_src comp="38" pin="0"/><net_sink comp="689" pin=0"/></net>

<net id="695"><net_src comp="474" pin="0"/><net_sink comp="689" pin=1"/></net>

<net id="701"><net_src comp="40" pin="0"/><net_sink comp="696" pin=0"/></net>

<net id="702"><net_src comp="474" pin="0"/><net_sink comp="696" pin=1"/></net>

<net id="708"><net_src comp="42" pin="0"/><net_sink comp="703" pin=0"/></net>

<net id="709"><net_src comp="474" pin="0"/><net_sink comp="703" pin=1"/></net>

<net id="715"><net_src comp="44" pin="0"/><net_sink comp="710" pin=0"/></net>

<net id="716"><net_src comp="474" pin="0"/><net_sink comp="710" pin=1"/></net>

<net id="722"><net_src comp="46" pin="0"/><net_sink comp="717" pin=0"/></net>

<net id="723"><net_src comp="474" pin="0"/><net_sink comp="717" pin=1"/></net>

<net id="729"><net_src comp="48" pin="0"/><net_sink comp="724" pin=0"/></net>

<net id="730"><net_src comp="474" pin="0"/><net_sink comp="724" pin=1"/></net>

<net id="736"><net_src comp="50" pin="0"/><net_sink comp="731" pin=0"/></net>

<net id="737"><net_src comp="474" pin="0"/><net_sink comp="731" pin=1"/></net>

<net id="743"><net_src comp="52" pin="0"/><net_sink comp="738" pin=0"/></net>

<net id="744"><net_src comp="474" pin="0"/><net_sink comp="738" pin=1"/></net>

<net id="750"><net_src comp="54" pin="0"/><net_sink comp="745" pin=0"/></net>

<net id="751"><net_src comp="474" pin="0"/><net_sink comp="745" pin=1"/></net>

<net id="757"><net_src comp="56" pin="0"/><net_sink comp="752" pin=0"/></net>

<net id="758"><net_src comp="474" pin="0"/><net_sink comp="752" pin=1"/></net>

<net id="764"><net_src comp="58" pin="0"/><net_sink comp="759" pin=0"/></net>

<net id="765"><net_src comp="474" pin="0"/><net_sink comp="759" pin=1"/></net>

<net id="771"><net_src comp="60" pin="0"/><net_sink comp="766" pin=0"/></net>

<net id="772"><net_src comp="474" pin="0"/><net_sink comp="766" pin=1"/></net>

<net id="778"><net_src comp="62" pin="0"/><net_sink comp="773" pin=0"/></net>

<net id="779"><net_src comp="474" pin="0"/><net_sink comp="773" pin=1"/></net>

<net id="785"><net_src comp="64" pin="0"/><net_sink comp="780" pin=0"/></net>

<net id="786"><net_src comp="474" pin="0"/><net_sink comp="780" pin=1"/></net>

<net id="792"><net_src comp="66" pin="0"/><net_sink comp="787" pin=0"/></net>

<net id="793"><net_src comp="474" pin="0"/><net_sink comp="787" pin=1"/></net>

<net id="799"><net_src comp="68" pin="0"/><net_sink comp="794" pin=0"/></net>

<net id="800"><net_src comp="474" pin="0"/><net_sink comp="794" pin=1"/></net>

<net id="806"><net_src comp="70" pin="0"/><net_sink comp="801" pin=0"/></net>

<net id="807"><net_src comp="474" pin="0"/><net_sink comp="801" pin=1"/></net>

<net id="813"><net_src comp="72" pin="0"/><net_sink comp="808" pin=0"/></net>

<net id="814"><net_src comp="474" pin="0"/><net_sink comp="808" pin=1"/></net>

<net id="820"><net_src comp="74" pin="0"/><net_sink comp="815" pin=0"/></net>

<net id="821"><net_src comp="474" pin="0"/><net_sink comp="815" pin=1"/></net>

<net id="827"><net_src comp="76" pin="0"/><net_sink comp="822" pin=0"/></net>

<net id="828"><net_src comp="474" pin="0"/><net_sink comp="822" pin=1"/></net>

<net id="834"><net_src comp="78" pin="0"/><net_sink comp="829" pin=0"/></net>

<net id="835"><net_src comp="474" pin="0"/><net_sink comp="829" pin=1"/></net>

<net id="841"><net_src comp="80" pin="0"/><net_sink comp="836" pin=0"/></net>

<net id="842"><net_src comp="474" pin="0"/><net_sink comp="836" pin=1"/></net>

<net id="848"><net_src comp="82" pin="0"/><net_sink comp="843" pin=0"/></net>

<net id="849"><net_src comp="474" pin="0"/><net_sink comp="843" pin=1"/></net>

<net id="855"><net_src comp="84" pin="0"/><net_sink comp="850" pin=0"/></net>

<net id="856"><net_src comp="474" pin="0"/><net_sink comp="850" pin=1"/></net>

<net id="862"><net_src comp="86" pin="0"/><net_sink comp="857" pin=0"/></net>

<net id="863"><net_src comp="474" pin="0"/><net_sink comp="857" pin=1"/></net>

<net id="869"><net_src comp="88" pin="0"/><net_sink comp="864" pin=0"/></net>

<net id="870"><net_src comp="474" pin="0"/><net_sink comp="864" pin=1"/></net>

<net id="876"><net_src comp="90" pin="0"/><net_sink comp="871" pin=0"/></net>

<net id="877"><net_src comp="474" pin="0"/><net_sink comp="871" pin=1"/></net>

<net id="883"><net_src comp="92" pin="0"/><net_sink comp="878" pin=0"/></net>

<net id="884"><net_src comp="474" pin="0"/><net_sink comp="878" pin=1"/></net>

<net id="890"><net_src comp="94" pin="0"/><net_sink comp="885" pin=0"/></net>

<net id="891"><net_src comp="474" pin="0"/><net_sink comp="885" pin=1"/></net>

<net id="897"><net_src comp="96" pin="0"/><net_sink comp="892" pin=0"/></net>

<net id="898"><net_src comp="474" pin="0"/><net_sink comp="892" pin=1"/></net>

<net id="904"><net_src comp="98" pin="0"/><net_sink comp="899" pin=0"/></net>

<net id="905"><net_src comp="474" pin="0"/><net_sink comp="899" pin=1"/></net>

<net id="911"><net_src comp="100" pin="0"/><net_sink comp="906" pin=0"/></net>

<net id="912"><net_src comp="474" pin="0"/><net_sink comp="906" pin=1"/></net>

<net id="918"><net_src comp="102" pin="0"/><net_sink comp="913" pin=0"/></net>

<net id="919"><net_src comp="474" pin="0"/><net_sink comp="913" pin=1"/></net>

<net id="925"><net_src comp="104" pin="0"/><net_sink comp="920" pin=0"/></net>

<net id="926"><net_src comp="474" pin="0"/><net_sink comp="920" pin=1"/></net>

<net id="932"><net_src comp="106" pin="0"/><net_sink comp="927" pin=0"/></net>

<net id="933"><net_src comp="474" pin="0"/><net_sink comp="927" pin=1"/></net>

<net id="939"><net_src comp="108" pin="0"/><net_sink comp="934" pin=0"/></net>

<net id="940"><net_src comp="474" pin="0"/><net_sink comp="934" pin=1"/></net>

<net id="946"><net_src comp="110" pin="0"/><net_sink comp="941" pin=0"/></net>

<net id="947"><net_src comp="474" pin="0"/><net_sink comp="941" pin=1"/></net>

<net id="953"><net_src comp="112" pin="0"/><net_sink comp="948" pin=0"/></net>

<net id="954"><net_src comp="474" pin="0"/><net_sink comp="948" pin=1"/></net>

<net id="960"><net_src comp="114" pin="0"/><net_sink comp="955" pin=0"/></net>

<net id="961"><net_src comp="474" pin="0"/><net_sink comp="955" pin=1"/></net>

<net id="967"><net_src comp="116" pin="0"/><net_sink comp="962" pin=0"/></net>

<net id="968"><net_src comp="474" pin="0"/><net_sink comp="962" pin=1"/></net>

<net id="974"><net_src comp="118" pin="0"/><net_sink comp="969" pin=0"/></net>

<net id="975"><net_src comp="474" pin="0"/><net_sink comp="969" pin=1"/></net>

<net id="981"><net_src comp="120" pin="0"/><net_sink comp="976" pin=0"/></net>

<net id="982"><net_src comp="474" pin="0"/><net_sink comp="976" pin=1"/></net>

<net id="988"><net_src comp="122" pin="0"/><net_sink comp="983" pin=0"/></net>

<net id="989"><net_src comp="474" pin="0"/><net_sink comp="983" pin=1"/></net>

<net id="995"><net_src comp="124" pin="0"/><net_sink comp="990" pin=0"/></net>

<net id="996"><net_src comp="474" pin="0"/><net_sink comp="990" pin=1"/></net>

<net id="1002"><net_src comp="126" pin="0"/><net_sink comp="997" pin=0"/></net>

<net id="1003"><net_src comp="474" pin="0"/><net_sink comp="997" pin=1"/></net>

<net id="1009"><net_src comp="128" pin="0"/><net_sink comp="1004" pin=0"/></net>

<net id="1010"><net_src comp="474" pin="0"/><net_sink comp="1004" pin=1"/></net>

<net id="1016"><net_src comp="130" pin="0"/><net_sink comp="1011" pin=0"/></net>

<net id="1017"><net_src comp="474" pin="0"/><net_sink comp="1011" pin=1"/></net>

<net id="1023"><net_src comp="132" pin="0"/><net_sink comp="1018" pin=0"/></net>

<net id="1024"><net_src comp="474" pin="0"/><net_sink comp="1018" pin=1"/></net>

<net id="1030"><net_src comp="134" pin="0"/><net_sink comp="1025" pin=0"/></net>

<net id="1031"><net_src comp="474" pin="0"/><net_sink comp="1025" pin=1"/></net>

<net id="1037"><net_src comp="136" pin="0"/><net_sink comp="1032" pin=0"/></net>

<net id="1038"><net_src comp="474" pin="0"/><net_sink comp="1032" pin=1"/></net>

<net id="1044"><net_src comp="138" pin="0"/><net_sink comp="1039" pin=0"/></net>

<net id="1045"><net_src comp="474" pin="0"/><net_sink comp="1039" pin=1"/></net>

<net id="1051"><net_src comp="140" pin="0"/><net_sink comp="1046" pin=0"/></net>

<net id="1052"><net_src comp="474" pin="0"/><net_sink comp="1046" pin=1"/></net>

<net id="1058"><net_src comp="142" pin="0"/><net_sink comp="1053" pin=0"/></net>

<net id="1059"><net_src comp="474" pin="0"/><net_sink comp="1053" pin=1"/></net>

<net id="1065"><net_src comp="144" pin="0"/><net_sink comp="1060" pin=0"/></net>

<net id="1066"><net_src comp="474" pin="0"/><net_sink comp="1060" pin=1"/></net>

<net id="1072"><net_src comp="146" pin="0"/><net_sink comp="1067" pin=0"/></net>

<net id="1073"><net_src comp="474" pin="0"/><net_sink comp="1067" pin=1"/></net>

<net id="1079"><net_src comp="148" pin="0"/><net_sink comp="1074" pin=0"/></net>

<net id="1080"><net_src comp="474" pin="0"/><net_sink comp="1074" pin=1"/></net>

<net id="1086"><net_src comp="150" pin="0"/><net_sink comp="1081" pin=0"/></net>

<net id="1087"><net_src comp="474" pin="0"/><net_sink comp="1081" pin=1"/></net>

<net id="1093"><net_src comp="152" pin="0"/><net_sink comp="1088" pin=0"/></net>

<net id="1094"><net_src comp="474" pin="0"/><net_sink comp="1088" pin=1"/></net>

<net id="1100"><net_src comp="154" pin="0"/><net_sink comp="1095" pin=0"/></net>

<net id="1101"><net_src comp="474" pin="0"/><net_sink comp="1095" pin=1"/></net>

<net id="1107"><net_src comp="156" pin="0"/><net_sink comp="1102" pin=0"/></net>

<net id="1108"><net_src comp="474" pin="0"/><net_sink comp="1102" pin=1"/></net>

<net id="1114"><net_src comp="158" pin="0"/><net_sink comp="1109" pin=0"/></net>

<net id="1115"><net_src comp="474" pin="0"/><net_sink comp="1109" pin=1"/></net>

<net id="1121"><net_src comp="160" pin="0"/><net_sink comp="1116" pin=0"/></net>

<net id="1122"><net_src comp="474" pin="0"/><net_sink comp="1116" pin=1"/></net>

<net id="1128"><net_src comp="162" pin="0"/><net_sink comp="1123" pin=0"/></net>

<net id="1129"><net_src comp="474" pin="0"/><net_sink comp="1123" pin=1"/></net>

<net id="1135"><net_src comp="164" pin="0"/><net_sink comp="1130" pin=0"/></net>

<net id="1136"><net_src comp="474" pin="0"/><net_sink comp="1130" pin=1"/></net>

<net id="1142"><net_src comp="166" pin="0"/><net_sink comp="1137" pin=0"/></net>

<net id="1143"><net_src comp="474" pin="0"/><net_sink comp="1137" pin=1"/></net>

<net id="1149"><net_src comp="168" pin="0"/><net_sink comp="1144" pin=0"/></net>

<net id="1150"><net_src comp="474" pin="0"/><net_sink comp="1144" pin=1"/></net>

<net id="1156"><net_src comp="170" pin="0"/><net_sink comp="1151" pin=0"/></net>

<net id="1157"><net_src comp="474" pin="0"/><net_sink comp="1151" pin=1"/></net>

<net id="1163"><net_src comp="172" pin="0"/><net_sink comp="1158" pin=0"/></net>

<net id="1164"><net_src comp="474" pin="0"/><net_sink comp="1158" pin=1"/></net>

<net id="1170"><net_src comp="174" pin="0"/><net_sink comp="1165" pin=0"/></net>

<net id="1171"><net_src comp="474" pin="0"/><net_sink comp="1165" pin=1"/></net>

<net id="1177"><net_src comp="176" pin="0"/><net_sink comp="1172" pin=0"/></net>

<net id="1178"><net_src comp="474" pin="0"/><net_sink comp="1172" pin=1"/></net>

<net id="1184"><net_src comp="178" pin="0"/><net_sink comp="1179" pin=0"/></net>

<net id="1185"><net_src comp="474" pin="0"/><net_sink comp="1179" pin=1"/></net>

<net id="1191"><net_src comp="180" pin="0"/><net_sink comp="1186" pin=0"/></net>

<net id="1192"><net_src comp="474" pin="0"/><net_sink comp="1186" pin=1"/></net>

<net id="1198"><net_src comp="182" pin="0"/><net_sink comp="1193" pin=0"/></net>

<net id="1199"><net_src comp="474" pin="0"/><net_sink comp="1193" pin=1"/></net>

<net id="1205"><net_src comp="184" pin="0"/><net_sink comp="1200" pin=0"/></net>

<net id="1206"><net_src comp="474" pin="0"/><net_sink comp="1200" pin=1"/></net>

<net id="1212"><net_src comp="186" pin="0"/><net_sink comp="1207" pin=0"/></net>

<net id="1213"><net_src comp="474" pin="0"/><net_sink comp="1207" pin=1"/></net>

<net id="1219"><net_src comp="188" pin="0"/><net_sink comp="1214" pin=0"/></net>

<net id="1220"><net_src comp="474" pin="0"/><net_sink comp="1214" pin=1"/></net>

<net id="1226"><net_src comp="190" pin="0"/><net_sink comp="1221" pin=0"/></net>

<net id="1227"><net_src comp="474" pin="0"/><net_sink comp="1221" pin=1"/></net>

<net id="1233"><net_src comp="192" pin="0"/><net_sink comp="1228" pin=0"/></net>

<net id="1234"><net_src comp="474" pin="0"/><net_sink comp="1228" pin=1"/></net>

<net id="1240"><net_src comp="194" pin="0"/><net_sink comp="1235" pin=0"/></net>

<net id="1241"><net_src comp="474" pin="0"/><net_sink comp="1235" pin=1"/></net>

<net id="1247"><net_src comp="196" pin="0"/><net_sink comp="1242" pin=0"/></net>

<net id="1248"><net_src comp="474" pin="0"/><net_sink comp="1242" pin=1"/></net>

<net id="1254"><net_src comp="198" pin="0"/><net_sink comp="1249" pin=0"/></net>

<net id="1255"><net_src comp="474" pin="0"/><net_sink comp="1249" pin=1"/></net>

<net id="1261"><net_src comp="200" pin="0"/><net_sink comp="1256" pin=0"/></net>

<net id="1262"><net_src comp="474" pin="0"/><net_sink comp="1256" pin=1"/></net>

<net id="1268"><net_src comp="202" pin="0"/><net_sink comp="1263" pin=0"/></net>

<net id="1269"><net_src comp="474" pin="0"/><net_sink comp="1263" pin=1"/></net>

<net id="1275"><net_src comp="204" pin="0"/><net_sink comp="1270" pin=0"/></net>

<net id="1276"><net_src comp="474" pin="0"/><net_sink comp="1270" pin=1"/></net>

<net id="1282"><net_src comp="206" pin="0"/><net_sink comp="1277" pin=0"/></net>

<net id="1283"><net_src comp="474" pin="0"/><net_sink comp="1277" pin=1"/></net>

<net id="1289"><net_src comp="208" pin="0"/><net_sink comp="1284" pin=0"/></net>

<net id="1290"><net_src comp="474" pin="0"/><net_sink comp="1284" pin=1"/></net>

<net id="1296"><net_src comp="210" pin="0"/><net_sink comp="1291" pin=0"/></net>

<net id="1297"><net_src comp="474" pin="0"/><net_sink comp="1291" pin=1"/></net>

<net id="1303"><net_src comp="212" pin="0"/><net_sink comp="1298" pin=0"/></net>

<net id="1304"><net_src comp="474" pin="0"/><net_sink comp="1298" pin=1"/></net>

<net id="1310"><net_src comp="214" pin="0"/><net_sink comp="1305" pin=0"/></net>

<net id="1311"><net_src comp="474" pin="0"/><net_sink comp="1305" pin=1"/></net>

<net id="1317"><net_src comp="216" pin="0"/><net_sink comp="1312" pin=0"/></net>

<net id="1318"><net_src comp="474" pin="0"/><net_sink comp="1312" pin=1"/></net>

<net id="1324"><net_src comp="218" pin="0"/><net_sink comp="1319" pin=0"/></net>

<net id="1325"><net_src comp="474" pin="0"/><net_sink comp="1319" pin=1"/></net>

<net id="1331"><net_src comp="220" pin="0"/><net_sink comp="1326" pin=0"/></net>

<net id="1332"><net_src comp="474" pin="0"/><net_sink comp="1326" pin=1"/></net>

<net id="1338"><net_src comp="222" pin="0"/><net_sink comp="1333" pin=0"/></net>

<net id="1339"><net_src comp="474" pin="0"/><net_sink comp="1333" pin=1"/></net>

<net id="1345"><net_src comp="224" pin="0"/><net_sink comp="1340" pin=0"/></net>

<net id="1346"><net_src comp="474" pin="0"/><net_sink comp="1340" pin=1"/></net>

<net id="1352"><net_src comp="226" pin="0"/><net_sink comp="1347" pin=0"/></net>

<net id="1353"><net_src comp="474" pin="0"/><net_sink comp="1347" pin=1"/></net>

<net id="1359"><net_src comp="228" pin="0"/><net_sink comp="1354" pin=0"/></net>

<net id="1360"><net_src comp="474" pin="0"/><net_sink comp="1354" pin=1"/></net>

<net id="1366"><net_src comp="230" pin="0"/><net_sink comp="1361" pin=0"/></net>

<net id="1367"><net_src comp="474" pin="0"/><net_sink comp="1361" pin=1"/></net>

<net id="1373"><net_src comp="232" pin="0"/><net_sink comp="1368" pin=0"/></net>

<net id="1374"><net_src comp="474" pin="0"/><net_sink comp="1368" pin=1"/></net>

<net id="1380"><net_src comp="234" pin="0"/><net_sink comp="1375" pin=0"/></net>

<net id="1381"><net_src comp="474" pin="0"/><net_sink comp="1375" pin=1"/></net>

<net id="1387"><net_src comp="236" pin="0"/><net_sink comp="1382" pin=0"/></net>

<net id="1388"><net_src comp="474" pin="0"/><net_sink comp="1382" pin=1"/></net>

<net id="1394"><net_src comp="238" pin="0"/><net_sink comp="1389" pin=0"/></net>

<net id="1395"><net_src comp="474" pin="0"/><net_sink comp="1389" pin=1"/></net>

<net id="1401"><net_src comp="240" pin="0"/><net_sink comp="1396" pin=0"/></net>

<net id="1402"><net_src comp="474" pin="0"/><net_sink comp="1396" pin=1"/></net>

<net id="1408"><net_src comp="242" pin="0"/><net_sink comp="1403" pin=0"/></net>

<net id="1409"><net_src comp="474" pin="0"/><net_sink comp="1403" pin=1"/></net>

<net id="1415"><net_src comp="244" pin="0"/><net_sink comp="1410" pin=0"/></net>

<net id="1416"><net_src comp="474" pin="0"/><net_sink comp="1410" pin=1"/></net>

<net id="1422"><net_src comp="246" pin="0"/><net_sink comp="1417" pin=0"/></net>

<net id="1423"><net_src comp="474" pin="0"/><net_sink comp="1417" pin=1"/></net>

<net id="1429"><net_src comp="248" pin="0"/><net_sink comp="1424" pin=0"/></net>

<net id="1430"><net_src comp="474" pin="0"/><net_sink comp="1424" pin=1"/></net>

<net id="1436"><net_src comp="250" pin="0"/><net_sink comp="1431" pin=0"/></net>

<net id="1437"><net_src comp="474" pin="0"/><net_sink comp="1431" pin=1"/></net>

<net id="1443"><net_src comp="252" pin="0"/><net_sink comp="1438" pin=0"/></net>

<net id="1444"><net_src comp="474" pin="0"/><net_sink comp="1438" pin=1"/></net>

<net id="1450"><net_src comp="254" pin="0"/><net_sink comp="1445" pin=0"/></net>

<net id="1451"><net_src comp="474" pin="0"/><net_sink comp="1445" pin=1"/></net>

<net id="1457"><net_src comp="256" pin="0"/><net_sink comp="1452" pin=0"/></net>

<net id="1458"><net_src comp="474" pin="0"/><net_sink comp="1452" pin=1"/></net>

<net id="1464"><net_src comp="258" pin="0"/><net_sink comp="1459" pin=0"/></net>

<net id="1465"><net_src comp="474" pin="0"/><net_sink comp="1459" pin=1"/></net>

<net id="1471"><net_src comp="260" pin="0"/><net_sink comp="1466" pin=0"/></net>

<net id="1472"><net_src comp="474" pin="0"/><net_sink comp="1466" pin=1"/></net>

<net id="1478"><net_src comp="262" pin="0"/><net_sink comp="1473" pin=0"/></net>

<net id="1479"><net_src comp="474" pin="0"/><net_sink comp="1473" pin=1"/></net>

<net id="1485"><net_src comp="264" pin="0"/><net_sink comp="1480" pin=0"/></net>

<net id="1486"><net_src comp="474" pin="0"/><net_sink comp="1480" pin=1"/></net>

<net id="1492"><net_src comp="266" pin="0"/><net_sink comp="1487" pin=0"/></net>

<net id="1493"><net_src comp="474" pin="0"/><net_sink comp="1487" pin=1"/></net>

<net id="1499"><net_src comp="268" pin="0"/><net_sink comp="1494" pin=0"/></net>

<net id="1500"><net_src comp="474" pin="0"/><net_sink comp="1494" pin=1"/></net>

<net id="1506"><net_src comp="270" pin="0"/><net_sink comp="1501" pin=0"/></net>

<net id="1507"><net_src comp="474" pin="0"/><net_sink comp="1501" pin=1"/></net>

<net id="1513"><net_src comp="272" pin="0"/><net_sink comp="1508" pin=0"/></net>

<net id="1514"><net_src comp="474" pin="0"/><net_sink comp="1508" pin=1"/></net>

<net id="1520"><net_src comp="274" pin="0"/><net_sink comp="1515" pin=0"/></net>

<net id="1521"><net_src comp="474" pin="0"/><net_sink comp="1515" pin=1"/></net>

<net id="1527"><net_src comp="276" pin="0"/><net_sink comp="1522" pin=0"/></net>

<net id="1528"><net_src comp="474" pin="0"/><net_sink comp="1522" pin=1"/></net>

<net id="1534"><net_src comp="278" pin="0"/><net_sink comp="1529" pin=0"/></net>

<net id="1535"><net_src comp="474" pin="0"/><net_sink comp="1529" pin=1"/></net>

<net id="1541"><net_src comp="280" pin="0"/><net_sink comp="1536" pin=0"/></net>

<net id="1542"><net_src comp="474" pin="0"/><net_sink comp="1536" pin=1"/></net>

<net id="1548"><net_src comp="282" pin="0"/><net_sink comp="1543" pin=0"/></net>

<net id="1549"><net_src comp="474" pin="0"/><net_sink comp="1543" pin=1"/></net>

<net id="1555"><net_src comp="284" pin="0"/><net_sink comp="1550" pin=0"/></net>

<net id="1556"><net_src comp="474" pin="0"/><net_sink comp="1550" pin=1"/></net>

<net id="1562"><net_src comp="286" pin="0"/><net_sink comp="1557" pin=0"/></net>

<net id="1563"><net_src comp="474" pin="0"/><net_sink comp="1557" pin=1"/></net>

<net id="1569"><net_src comp="288" pin="0"/><net_sink comp="1564" pin=0"/></net>

<net id="1570"><net_src comp="474" pin="0"/><net_sink comp="1564" pin=1"/></net>

<net id="1576"><net_src comp="290" pin="0"/><net_sink comp="1571" pin=0"/></net>

<net id="1577"><net_src comp="474" pin="0"/><net_sink comp="1571" pin=1"/></net>

<net id="1583"><net_src comp="292" pin="0"/><net_sink comp="1578" pin=0"/></net>

<net id="1584"><net_src comp="474" pin="0"/><net_sink comp="1578" pin=1"/></net>

<net id="1590"><net_src comp="294" pin="0"/><net_sink comp="1585" pin=0"/></net>

<net id="1591"><net_src comp="474" pin="0"/><net_sink comp="1585" pin=1"/></net>

<net id="1597"><net_src comp="296" pin="0"/><net_sink comp="1592" pin=0"/></net>

<net id="1598"><net_src comp="474" pin="0"/><net_sink comp="1592" pin=1"/></net>

<net id="1604"><net_src comp="298" pin="0"/><net_sink comp="1599" pin=0"/></net>

<net id="1605"><net_src comp="474" pin="0"/><net_sink comp="1599" pin=1"/></net>

<net id="1611"><net_src comp="300" pin="0"/><net_sink comp="1606" pin=0"/></net>

<net id="1612"><net_src comp="474" pin="0"/><net_sink comp="1606" pin=1"/></net>

<net id="1618"><net_src comp="302" pin="0"/><net_sink comp="1613" pin=0"/></net>

<net id="1619"><net_src comp="474" pin="0"/><net_sink comp="1613" pin=1"/></net>

<net id="1625"><net_src comp="304" pin="0"/><net_sink comp="1620" pin=0"/></net>

<net id="1626"><net_src comp="474" pin="0"/><net_sink comp="1620" pin=1"/></net>

<net id="1632"><net_src comp="306" pin="0"/><net_sink comp="1627" pin=0"/></net>

<net id="1633"><net_src comp="474" pin="0"/><net_sink comp="1627" pin=1"/></net>

<net id="1639"><net_src comp="308" pin="0"/><net_sink comp="1634" pin=0"/></net>

<net id="1640"><net_src comp="474" pin="0"/><net_sink comp="1634" pin=1"/></net>

<net id="1646"><net_src comp="310" pin="0"/><net_sink comp="1641" pin=0"/></net>

<net id="1647"><net_src comp="474" pin="0"/><net_sink comp="1641" pin=1"/></net>

<net id="1653"><net_src comp="312" pin="0"/><net_sink comp="1648" pin=0"/></net>

<net id="1654"><net_src comp="474" pin="0"/><net_sink comp="1648" pin=1"/></net>

<net id="1660"><net_src comp="314" pin="0"/><net_sink comp="1655" pin=0"/></net>

<net id="1661"><net_src comp="474" pin="0"/><net_sink comp="1655" pin=1"/></net>

<net id="1667"><net_src comp="316" pin="0"/><net_sink comp="1662" pin=0"/></net>

<net id="1668"><net_src comp="474" pin="0"/><net_sink comp="1662" pin=1"/></net>

<net id="1674"><net_src comp="318" pin="0"/><net_sink comp="1669" pin=0"/></net>

<net id="1675"><net_src comp="474" pin="0"/><net_sink comp="1669" pin=1"/></net>

<net id="1681"><net_src comp="320" pin="0"/><net_sink comp="1676" pin=0"/></net>

<net id="1682"><net_src comp="474" pin="0"/><net_sink comp="1676" pin=1"/></net>

<net id="1688"><net_src comp="322" pin="0"/><net_sink comp="1683" pin=0"/></net>

<net id="1689"><net_src comp="474" pin="0"/><net_sink comp="1683" pin=1"/></net>

<net id="1695"><net_src comp="324" pin="0"/><net_sink comp="1690" pin=0"/></net>

<net id="1696"><net_src comp="474" pin="0"/><net_sink comp="1690" pin=1"/></net>

<net id="1702"><net_src comp="326" pin="0"/><net_sink comp="1697" pin=0"/></net>

<net id="1703"><net_src comp="474" pin="0"/><net_sink comp="1697" pin=1"/></net>

<net id="1709"><net_src comp="328" pin="0"/><net_sink comp="1704" pin=0"/></net>

<net id="1710"><net_src comp="474" pin="0"/><net_sink comp="1704" pin=1"/></net>

<net id="1716"><net_src comp="330" pin="0"/><net_sink comp="1711" pin=0"/></net>

<net id="1717"><net_src comp="474" pin="0"/><net_sink comp="1711" pin=1"/></net>

<net id="1723"><net_src comp="332" pin="0"/><net_sink comp="1718" pin=0"/></net>

<net id="1724"><net_src comp="474" pin="0"/><net_sink comp="1718" pin=1"/></net>

<net id="1730"><net_src comp="334" pin="0"/><net_sink comp="1725" pin=0"/></net>

<net id="1731"><net_src comp="474" pin="0"/><net_sink comp="1725" pin=1"/></net>

<net id="1737"><net_src comp="336" pin="0"/><net_sink comp="1732" pin=0"/></net>

<net id="1738"><net_src comp="474" pin="0"/><net_sink comp="1732" pin=1"/></net>

<net id="1744"><net_src comp="338" pin="0"/><net_sink comp="1739" pin=0"/></net>

<net id="1745"><net_src comp="474" pin="0"/><net_sink comp="1739" pin=1"/></net>

<net id="1751"><net_src comp="340" pin="0"/><net_sink comp="1746" pin=0"/></net>

<net id="1752"><net_src comp="474" pin="0"/><net_sink comp="1746" pin=1"/></net>

<net id="1758"><net_src comp="342" pin="0"/><net_sink comp="1753" pin=0"/></net>

<net id="1759"><net_src comp="474" pin="0"/><net_sink comp="1753" pin=1"/></net>

<net id="1765"><net_src comp="344" pin="0"/><net_sink comp="1760" pin=0"/></net>

<net id="1766"><net_src comp="474" pin="0"/><net_sink comp="1760" pin=1"/></net>

<net id="1772"><net_src comp="346" pin="0"/><net_sink comp="1767" pin=0"/></net>

<net id="1773"><net_src comp="474" pin="0"/><net_sink comp="1767" pin=1"/></net>

<net id="1779"><net_src comp="348" pin="0"/><net_sink comp="1774" pin=0"/></net>

<net id="1780"><net_src comp="474" pin="0"/><net_sink comp="1774" pin=1"/></net>

<net id="1786"><net_src comp="350" pin="0"/><net_sink comp="1781" pin=0"/></net>

<net id="1787"><net_src comp="474" pin="0"/><net_sink comp="1781" pin=1"/></net>

<net id="1793"><net_src comp="352" pin="0"/><net_sink comp="1788" pin=0"/></net>

<net id="1794"><net_src comp="474" pin="0"/><net_sink comp="1788" pin=1"/></net>

<net id="1800"><net_src comp="354" pin="0"/><net_sink comp="1795" pin=0"/></net>

<net id="1801"><net_src comp="474" pin="0"/><net_sink comp="1795" pin=1"/></net>

<net id="1807"><net_src comp="356" pin="0"/><net_sink comp="1802" pin=0"/></net>

<net id="1808"><net_src comp="474" pin="0"/><net_sink comp="1802" pin=1"/></net>

<net id="1814"><net_src comp="358" pin="0"/><net_sink comp="1809" pin=0"/></net>

<net id="1815"><net_src comp="474" pin="0"/><net_sink comp="1809" pin=1"/></net>

<net id="1821"><net_src comp="360" pin="0"/><net_sink comp="1816" pin=0"/></net>

<net id="1822"><net_src comp="474" pin="0"/><net_sink comp="1816" pin=1"/></net>

<net id="1828"><net_src comp="362" pin="0"/><net_sink comp="1823" pin=0"/></net>

<net id="1829"><net_src comp="474" pin="0"/><net_sink comp="1823" pin=1"/></net>

<net id="1835"><net_src comp="364" pin="0"/><net_sink comp="1830" pin=0"/></net>

<net id="1836"><net_src comp="474" pin="0"/><net_sink comp="1830" pin=1"/></net>

<net id="1842"><net_src comp="366" pin="0"/><net_sink comp="1837" pin=0"/></net>

<net id="1843"><net_src comp="474" pin="0"/><net_sink comp="1837" pin=1"/></net>

<net id="1849"><net_src comp="368" pin="0"/><net_sink comp="1844" pin=0"/></net>

<net id="1850"><net_src comp="474" pin="0"/><net_sink comp="1844" pin=1"/></net>

<net id="1856"><net_src comp="370" pin="0"/><net_sink comp="1851" pin=0"/></net>

<net id="1857"><net_src comp="474" pin="0"/><net_sink comp="1851" pin=1"/></net>

<net id="1863"><net_src comp="372" pin="0"/><net_sink comp="1858" pin=0"/></net>

<net id="1864"><net_src comp="474" pin="0"/><net_sink comp="1858" pin=1"/></net>

<net id="1870"><net_src comp="374" pin="0"/><net_sink comp="1865" pin=0"/></net>

<net id="1871"><net_src comp="474" pin="0"/><net_sink comp="1865" pin=1"/></net>

<net id="1877"><net_src comp="376" pin="0"/><net_sink comp="1872" pin=0"/></net>

<net id="1878"><net_src comp="474" pin="0"/><net_sink comp="1872" pin=1"/></net>

<net id="1884"><net_src comp="378" pin="0"/><net_sink comp="1879" pin=0"/></net>

<net id="1885"><net_src comp="474" pin="0"/><net_sink comp="1879" pin=1"/></net>

<net id="1891"><net_src comp="380" pin="0"/><net_sink comp="1886" pin=0"/></net>

<net id="1892"><net_src comp="474" pin="0"/><net_sink comp="1886" pin=1"/></net>

<net id="1898"><net_src comp="382" pin="0"/><net_sink comp="1893" pin=0"/></net>

<net id="1899"><net_src comp="474" pin="0"/><net_sink comp="1893" pin=1"/></net>

<net id="1905"><net_src comp="384" pin="0"/><net_sink comp="1900" pin=0"/></net>

<net id="1906"><net_src comp="474" pin="0"/><net_sink comp="1900" pin=1"/></net>

<net id="1912"><net_src comp="386" pin="0"/><net_sink comp="1907" pin=0"/></net>

<net id="1913"><net_src comp="474" pin="0"/><net_sink comp="1907" pin=1"/></net>

<net id="1919"><net_src comp="388" pin="0"/><net_sink comp="1914" pin=0"/></net>

<net id="1920"><net_src comp="474" pin="0"/><net_sink comp="1914" pin=1"/></net>

<net id="1926"><net_src comp="390" pin="0"/><net_sink comp="1921" pin=0"/></net>

<net id="1927"><net_src comp="474" pin="0"/><net_sink comp="1921" pin=1"/></net>

<net id="1933"><net_src comp="392" pin="0"/><net_sink comp="1928" pin=0"/></net>

<net id="1934"><net_src comp="474" pin="0"/><net_sink comp="1928" pin=1"/></net>

<net id="1940"><net_src comp="394" pin="0"/><net_sink comp="1935" pin=0"/></net>

<net id="1941"><net_src comp="474" pin="0"/><net_sink comp="1935" pin=1"/></net>

<net id="1947"><net_src comp="396" pin="0"/><net_sink comp="1942" pin=0"/></net>

<net id="1948"><net_src comp="474" pin="0"/><net_sink comp="1942" pin=1"/></net>

<net id="1954"><net_src comp="398" pin="0"/><net_sink comp="1949" pin=0"/></net>

<net id="1955"><net_src comp="474" pin="0"/><net_sink comp="1949" pin=1"/></net>

<net id="1961"><net_src comp="400" pin="0"/><net_sink comp="1956" pin=0"/></net>

<net id="1962"><net_src comp="474" pin="0"/><net_sink comp="1956" pin=1"/></net>

<net id="1968"><net_src comp="402" pin="0"/><net_sink comp="1963" pin=0"/></net>

<net id="1969"><net_src comp="474" pin="0"/><net_sink comp="1963" pin=1"/></net>

<net id="1975"><net_src comp="404" pin="0"/><net_sink comp="1970" pin=0"/></net>

<net id="1976"><net_src comp="474" pin="0"/><net_sink comp="1970" pin=1"/></net>

<net id="1982"><net_src comp="406" pin="0"/><net_sink comp="1977" pin=0"/></net>

<net id="1983"><net_src comp="474" pin="0"/><net_sink comp="1977" pin=1"/></net>

<net id="1989"><net_src comp="408" pin="0"/><net_sink comp="1984" pin=0"/></net>

<net id="1990"><net_src comp="474" pin="0"/><net_sink comp="1984" pin=1"/></net>

<net id="1996"><net_src comp="410" pin="0"/><net_sink comp="1991" pin=0"/></net>

<net id="1997"><net_src comp="474" pin="0"/><net_sink comp="1991" pin=1"/></net>

<net id="2003"><net_src comp="412" pin="0"/><net_sink comp="1998" pin=0"/></net>

<net id="2004"><net_src comp="474" pin="0"/><net_sink comp="1998" pin=1"/></net>

<net id="2010"><net_src comp="414" pin="0"/><net_sink comp="2005" pin=0"/></net>

<net id="2011"><net_src comp="474" pin="0"/><net_sink comp="2005" pin=1"/></net>

<net id="2017"><net_src comp="416" pin="0"/><net_sink comp="2012" pin=0"/></net>

<net id="2018"><net_src comp="474" pin="0"/><net_sink comp="2012" pin=1"/></net>

<net id="2024"><net_src comp="418" pin="0"/><net_sink comp="2019" pin=0"/></net>

<net id="2025"><net_src comp="474" pin="0"/><net_sink comp="2019" pin=1"/></net>

<net id="2031"><net_src comp="420" pin="0"/><net_sink comp="2026" pin=0"/></net>

<net id="2032"><net_src comp="474" pin="0"/><net_sink comp="2026" pin=1"/></net>

<net id="2038"><net_src comp="422" pin="0"/><net_sink comp="2033" pin=0"/></net>

<net id="2039"><net_src comp="474" pin="0"/><net_sink comp="2033" pin=1"/></net>

<net id="2045"><net_src comp="424" pin="0"/><net_sink comp="2040" pin=0"/></net>

<net id="2046"><net_src comp="474" pin="0"/><net_sink comp="2040" pin=1"/></net>

<net id="2052"><net_src comp="426" pin="0"/><net_sink comp="2047" pin=0"/></net>

<net id="2053"><net_src comp="474" pin="0"/><net_sink comp="2047" pin=1"/></net>

<net id="2059"><net_src comp="428" pin="0"/><net_sink comp="2054" pin=0"/></net>

<net id="2060"><net_src comp="474" pin="0"/><net_sink comp="2054" pin=1"/></net>

<net id="2066"><net_src comp="430" pin="0"/><net_sink comp="2061" pin=0"/></net>

<net id="2067"><net_src comp="474" pin="0"/><net_sink comp="2061" pin=1"/></net>

<net id="2073"><net_src comp="1396" pin="3"/><net_sink comp="2068" pin=0"/></net>

<net id="2079"><net_src comp="1403" pin="3"/><net_sink comp="2074" pin=0"/></net>

<net id="2085"><net_src comp="1410" pin="3"/><net_sink comp="2080" pin=0"/></net>

<net id="2091"><net_src comp="1417" pin="3"/><net_sink comp="2086" pin=0"/></net>

<net id="2097"><net_src comp="1424" pin="3"/><net_sink comp="2092" pin=0"/></net>

<net id="2103"><net_src comp="1431" pin="3"/><net_sink comp="2098" pin=0"/></net>

<net id="2109"><net_src comp="1438" pin="3"/><net_sink comp="2104" pin=0"/></net>

<net id="2115"><net_src comp="1445" pin="3"/><net_sink comp="2110" pin=0"/></net>

<net id="2121"><net_src comp="1452" pin="3"/><net_sink comp="2116" pin=0"/></net>

<net id="2127"><net_src comp="1459" pin="3"/><net_sink comp="2122" pin=0"/></net>

<net id="2133"><net_src comp="1466" pin="3"/><net_sink comp="2128" pin=0"/></net>

<net id="2139"><net_src comp="1473" pin="3"/><net_sink comp="2134" pin=0"/></net>

<net id="2145"><net_src comp="1312" pin="3"/><net_sink comp="2140" pin=0"/></net>

<net id="2151"><net_src comp="1319" pin="3"/><net_sink comp="2146" pin=0"/></net>

<net id="2157"><net_src comp="1326" pin="3"/><net_sink comp="2152" pin=0"/></net>

<net id="2163"><net_src comp="1333" pin="3"/><net_sink comp="2158" pin=0"/></net>

<net id="2169"><net_src comp="1340" pin="3"/><net_sink comp="2164" pin=0"/></net>

<net id="2175"><net_src comp="1347" pin="3"/><net_sink comp="2170" pin=0"/></net>

<net id="2181"><net_src comp="1354" pin="3"/><net_sink comp="2176" pin=0"/></net>

<net id="2187"><net_src comp="1361" pin="3"/><net_sink comp="2182" pin=0"/></net>

<net id="2193"><net_src comp="1368" pin="3"/><net_sink comp="2188" pin=0"/></net>

<net id="2199"><net_src comp="1375" pin="3"/><net_sink comp="2194" pin=0"/></net>

<net id="2205"><net_src comp="1382" pin="3"/><net_sink comp="2200" pin=0"/></net>

<net id="2211"><net_src comp="1389" pin="3"/><net_sink comp="2206" pin=0"/></net>

<net id="2217"><net_src comp="1228" pin="3"/><net_sink comp="2212" pin=0"/></net>

<net id="2223"><net_src comp="1235" pin="3"/><net_sink comp="2218" pin=0"/></net>

<net id="2229"><net_src comp="1242" pin="3"/><net_sink comp="2224" pin=0"/></net>

<net id="2235"><net_src comp="1249" pin="3"/><net_sink comp="2230" pin=0"/></net>

<net id="2241"><net_src comp="1256" pin="3"/><net_sink comp="2236" pin=0"/></net>

<net id="2247"><net_src comp="1263" pin="3"/><net_sink comp="2242" pin=0"/></net>

<net id="2253"><net_src comp="1270" pin="3"/><net_sink comp="2248" pin=0"/></net>

<net id="2259"><net_src comp="1277" pin="3"/><net_sink comp="2254" pin=0"/></net>

<net id="2265"><net_src comp="1284" pin="3"/><net_sink comp="2260" pin=0"/></net>

<net id="2271"><net_src comp="1291" pin="3"/><net_sink comp="2266" pin=0"/></net>

<net id="2277"><net_src comp="1298" pin="3"/><net_sink comp="2272" pin=0"/></net>

<net id="2283"><net_src comp="1305" pin="3"/><net_sink comp="2278" pin=0"/></net>

<net id="2289"><net_src comp="1144" pin="3"/><net_sink comp="2284" pin=0"/></net>

<net id="2295"><net_src comp="1151" pin="3"/><net_sink comp="2290" pin=0"/></net>

<net id="2301"><net_src comp="1158" pin="3"/><net_sink comp="2296" pin=0"/></net>

<net id="2307"><net_src comp="1165" pin="3"/><net_sink comp="2302" pin=0"/></net>

<net id="2313"><net_src comp="1172" pin="3"/><net_sink comp="2308" pin=0"/></net>

<net id="2319"><net_src comp="1179" pin="3"/><net_sink comp="2314" pin=0"/></net>

<net id="2325"><net_src comp="1186" pin="3"/><net_sink comp="2320" pin=0"/></net>

<net id="2331"><net_src comp="1193" pin="3"/><net_sink comp="2326" pin=0"/></net>

<net id="2337"><net_src comp="1200" pin="3"/><net_sink comp="2332" pin=0"/></net>

<net id="2343"><net_src comp="1207" pin="3"/><net_sink comp="2338" pin=0"/></net>

<net id="2349"><net_src comp="1214" pin="3"/><net_sink comp="2344" pin=0"/></net>

<net id="2355"><net_src comp="1221" pin="3"/><net_sink comp="2350" pin=0"/></net>

<net id="2361"><net_src comp="1060" pin="3"/><net_sink comp="2356" pin=0"/></net>

<net id="2367"><net_src comp="1067" pin="3"/><net_sink comp="2362" pin=0"/></net>

<net id="2373"><net_src comp="1074" pin="3"/><net_sink comp="2368" pin=0"/></net>

<net id="2379"><net_src comp="1081" pin="3"/><net_sink comp="2374" pin=0"/></net>

<net id="2385"><net_src comp="1088" pin="3"/><net_sink comp="2380" pin=0"/></net>

<net id="2391"><net_src comp="1095" pin="3"/><net_sink comp="2386" pin=0"/></net>

<net id="2397"><net_src comp="1102" pin="3"/><net_sink comp="2392" pin=0"/></net>

<net id="2403"><net_src comp="1109" pin="3"/><net_sink comp="2398" pin=0"/></net>

<net id="2409"><net_src comp="1116" pin="3"/><net_sink comp="2404" pin=0"/></net>

<net id="2415"><net_src comp="1123" pin="3"/><net_sink comp="2410" pin=0"/></net>

<net id="2421"><net_src comp="1130" pin="3"/><net_sink comp="2416" pin=0"/></net>

<net id="2427"><net_src comp="1137" pin="3"/><net_sink comp="2422" pin=0"/></net>

<net id="2433"><net_src comp="1480" pin="3"/><net_sink comp="2428" pin=0"/></net>

<net id="2439"><net_src comp="1487" pin="3"/><net_sink comp="2434" pin=0"/></net>

<net id="2445"><net_src comp="1494" pin="3"/><net_sink comp="2440" pin=0"/></net>

<net id="2451"><net_src comp="1501" pin="3"/><net_sink comp="2446" pin=0"/></net>

<net id="2457"><net_src comp="1508" pin="3"/><net_sink comp="2452" pin=0"/></net>

<net id="2463"><net_src comp="1515" pin="3"/><net_sink comp="2458" pin=0"/></net>

<net id="2469"><net_src comp="1522" pin="3"/><net_sink comp="2464" pin=0"/></net>

<net id="2475"><net_src comp="1529" pin="3"/><net_sink comp="2470" pin=0"/></net>

<net id="2481"><net_src comp="1536" pin="3"/><net_sink comp="2476" pin=0"/></net>

<net id="2487"><net_src comp="1543" pin="3"/><net_sink comp="2482" pin=0"/></net>

<net id="2493"><net_src comp="1550" pin="3"/><net_sink comp="2488" pin=0"/></net>

<net id="2499"><net_src comp="1557" pin="3"/><net_sink comp="2494" pin=0"/></net>

<net id="2505"><net_src comp="892" pin="3"/><net_sink comp="2500" pin=0"/></net>

<net id="2511"><net_src comp="899" pin="3"/><net_sink comp="2506" pin=0"/></net>

<net id="2517"><net_src comp="906" pin="3"/><net_sink comp="2512" pin=0"/></net>

<net id="2523"><net_src comp="913" pin="3"/><net_sink comp="2518" pin=0"/></net>

<net id="2529"><net_src comp="920" pin="3"/><net_sink comp="2524" pin=0"/></net>

<net id="2535"><net_src comp="927" pin="3"/><net_sink comp="2530" pin=0"/></net>

<net id="2541"><net_src comp="934" pin="3"/><net_sink comp="2536" pin=0"/></net>

<net id="2547"><net_src comp="941" pin="3"/><net_sink comp="2542" pin=0"/></net>

<net id="2553"><net_src comp="948" pin="3"/><net_sink comp="2548" pin=0"/></net>

<net id="2559"><net_src comp="955" pin="3"/><net_sink comp="2554" pin=0"/></net>

<net id="2565"><net_src comp="962" pin="3"/><net_sink comp="2560" pin=0"/></net>

<net id="2571"><net_src comp="969" pin="3"/><net_sink comp="2566" pin=0"/></net>

<net id="2577"><net_src comp="808" pin="3"/><net_sink comp="2572" pin=0"/></net>

<net id="2583"><net_src comp="815" pin="3"/><net_sink comp="2578" pin=0"/></net>

<net id="2589"><net_src comp="822" pin="3"/><net_sink comp="2584" pin=0"/></net>

<net id="2595"><net_src comp="829" pin="3"/><net_sink comp="2590" pin=0"/></net>

<net id="2601"><net_src comp="836" pin="3"/><net_sink comp="2596" pin=0"/></net>

<net id="2607"><net_src comp="843" pin="3"/><net_sink comp="2602" pin=0"/></net>

<net id="2613"><net_src comp="850" pin="3"/><net_sink comp="2608" pin=0"/></net>

<net id="2619"><net_src comp="857" pin="3"/><net_sink comp="2614" pin=0"/></net>

<net id="2625"><net_src comp="864" pin="3"/><net_sink comp="2620" pin=0"/></net>

<net id="2631"><net_src comp="871" pin="3"/><net_sink comp="2626" pin=0"/></net>

<net id="2637"><net_src comp="878" pin="3"/><net_sink comp="2632" pin=0"/></net>

<net id="2643"><net_src comp="885" pin="3"/><net_sink comp="2638" pin=0"/></net>

<net id="2649"><net_src comp="724" pin="3"/><net_sink comp="2644" pin=0"/></net>

<net id="2655"><net_src comp="731" pin="3"/><net_sink comp="2650" pin=0"/></net>

<net id="2661"><net_src comp="738" pin="3"/><net_sink comp="2656" pin=0"/></net>

<net id="2667"><net_src comp="745" pin="3"/><net_sink comp="2662" pin=0"/></net>

<net id="2673"><net_src comp="752" pin="3"/><net_sink comp="2668" pin=0"/></net>

<net id="2679"><net_src comp="759" pin="3"/><net_sink comp="2674" pin=0"/></net>

<net id="2685"><net_src comp="766" pin="3"/><net_sink comp="2680" pin=0"/></net>

<net id="2691"><net_src comp="773" pin="3"/><net_sink comp="2686" pin=0"/></net>

<net id="2697"><net_src comp="780" pin="3"/><net_sink comp="2692" pin=0"/></net>

<net id="2703"><net_src comp="787" pin="3"/><net_sink comp="2698" pin=0"/></net>

<net id="2709"><net_src comp="794" pin="3"/><net_sink comp="2704" pin=0"/></net>

<net id="2715"><net_src comp="801" pin="3"/><net_sink comp="2710" pin=0"/></net>

<net id="2721"><net_src comp="640" pin="3"/><net_sink comp="2716" pin=0"/></net>

<net id="2727"><net_src comp="647" pin="3"/><net_sink comp="2722" pin=0"/></net>

<net id="2733"><net_src comp="654" pin="3"/><net_sink comp="2728" pin=0"/></net>

<net id="2739"><net_src comp="661" pin="3"/><net_sink comp="2734" pin=0"/></net>

<net id="2745"><net_src comp="668" pin="3"/><net_sink comp="2740" pin=0"/></net>

<net id="2751"><net_src comp="675" pin="3"/><net_sink comp="2746" pin=0"/></net>

<net id="2757"><net_src comp="682" pin="3"/><net_sink comp="2752" pin=0"/></net>

<net id="2763"><net_src comp="689" pin="3"/><net_sink comp="2758" pin=0"/></net>

<net id="2769"><net_src comp="696" pin="3"/><net_sink comp="2764" pin=0"/></net>

<net id="2775"><net_src comp="703" pin="3"/><net_sink comp="2770" pin=0"/></net>

<net id="2781"><net_src comp="710" pin="3"/><net_sink comp="2776" pin=0"/></net>

<net id="2787"><net_src comp="717" pin="3"/><net_sink comp="2782" pin=0"/></net>

<net id="2793"><net_src comp="556" pin="3"/><net_sink comp="2788" pin=0"/></net>

<net id="2799"><net_src comp="563" pin="3"/><net_sink comp="2794" pin=0"/></net>

<net id="2805"><net_src comp="570" pin="3"/><net_sink comp="2800" pin=0"/></net>

<net id="2811"><net_src comp="577" pin="3"/><net_sink comp="2806" pin=0"/></net>

<net id="2817"><net_src comp="584" pin="3"/><net_sink comp="2812" pin=0"/></net>

<net id="2823"><net_src comp="591" pin="3"/><net_sink comp="2818" pin=0"/></net>

<net id="2829"><net_src comp="598" pin="3"/><net_sink comp="2824" pin=0"/></net>

<net id="2835"><net_src comp="605" pin="3"/><net_sink comp="2830" pin=0"/></net>

<net id="2841"><net_src comp="612" pin="3"/><net_sink comp="2836" pin=0"/></net>

<net id="2847"><net_src comp="619" pin="3"/><net_sink comp="2842" pin=0"/></net>

<net id="2853"><net_src comp="626" pin="3"/><net_sink comp="2848" pin=0"/></net>

<net id="2859"><net_src comp="633" pin="3"/><net_sink comp="2854" pin=0"/></net>

<net id="2865"><net_src comp="976" pin="3"/><net_sink comp="2860" pin=0"/></net>

<net id="2871"><net_src comp="983" pin="3"/><net_sink comp="2866" pin=0"/></net>

<net id="2877"><net_src comp="990" pin="3"/><net_sink comp="2872" pin=0"/></net>

<net id="2883"><net_src comp="997" pin="3"/><net_sink comp="2878" pin=0"/></net>

<net id="2889"><net_src comp="1004" pin="3"/><net_sink comp="2884" pin=0"/></net>

<net id="2895"><net_src comp="1011" pin="3"/><net_sink comp="2890" pin=0"/></net>

<net id="2901"><net_src comp="1018" pin="3"/><net_sink comp="2896" pin=0"/></net>

<net id="2907"><net_src comp="1025" pin="3"/><net_sink comp="2902" pin=0"/></net>

<net id="2913"><net_src comp="1032" pin="3"/><net_sink comp="2908" pin=0"/></net>

<net id="2919"><net_src comp="1039" pin="3"/><net_sink comp="2914" pin=0"/></net>

<net id="2925"><net_src comp="1046" pin="3"/><net_sink comp="2920" pin=0"/></net>

<net id="2931"><net_src comp="1053" pin="3"/><net_sink comp="2926" pin=0"/></net>

<net id="2937"><net_src comp="1900" pin="3"/><net_sink comp="2932" pin=0"/></net>

<net id="2943"><net_src comp="1907" pin="3"/><net_sink comp="2938" pin=0"/></net>

<net id="2949"><net_src comp="1914" pin="3"/><net_sink comp="2944" pin=0"/></net>

<net id="2955"><net_src comp="1921" pin="3"/><net_sink comp="2950" pin=0"/></net>

<net id="2961"><net_src comp="1928" pin="3"/><net_sink comp="2956" pin=0"/></net>

<net id="2967"><net_src comp="1935" pin="3"/><net_sink comp="2962" pin=0"/></net>

<net id="2973"><net_src comp="1942" pin="3"/><net_sink comp="2968" pin=0"/></net>

<net id="2979"><net_src comp="1949" pin="3"/><net_sink comp="2974" pin=0"/></net>

<net id="2985"><net_src comp="1956" pin="3"/><net_sink comp="2980" pin=0"/></net>

<net id="2991"><net_src comp="1963" pin="3"/><net_sink comp="2986" pin=0"/></net>

<net id="2997"><net_src comp="1970" pin="3"/><net_sink comp="2992" pin=0"/></net>

<net id="3003"><net_src comp="1977" pin="3"/><net_sink comp="2998" pin=0"/></net>

<net id="3009"><net_src comp="1816" pin="3"/><net_sink comp="3004" pin=0"/></net>

<net id="3015"><net_src comp="1823" pin="3"/><net_sink comp="3010" pin=0"/></net>

<net id="3021"><net_src comp="1830" pin="3"/><net_sink comp="3016" pin=0"/></net>

<net id="3027"><net_src comp="1837" pin="3"/><net_sink comp="3022" pin=0"/></net>

<net id="3033"><net_src comp="1844" pin="3"/><net_sink comp="3028" pin=0"/></net>

<net id="3039"><net_src comp="1851" pin="3"/><net_sink comp="3034" pin=0"/></net>

<net id="3045"><net_src comp="1858" pin="3"/><net_sink comp="3040" pin=0"/></net>

<net id="3051"><net_src comp="1865" pin="3"/><net_sink comp="3046" pin=0"/></net>

<net id="3057"><net_src comp="1872" pin="3"/><net_sink comp="3052" pin=0"/></net>

<net id="3063"><net_src comp="1879" pin="3"/><net_sink comp="3058" pin=0"/></net>

<net id="3069"><net_src comp="1886" pin="3"/><net_sink comp="3064" pin=0"/></net>

<net id="3075"><net_src comp="1893" pin="3"/><net_sink comp="3070" pin=0"/></net>

<net id="3081"><net_src comp="1732" pin="3"/><net_sink comp="3076" pin=0"/></net>

<net id="3087"><net_src comp="1739" pin="3"/><net_sink comp="3082" pin=0"/></net>

<net id="3093"><net_src comp="1746" pin="3"/><net_sink comp="3088" pin=0"/></net>

<net id="3099"><net_src comp="1753" pin="3"/><net_sink comp="3094" pin=0"/></net>

<net id="3105"><net_src comp="1760" pin="3"/><net_sink comp="3100" pin=0"/></net>

<net id="3111"><net_src comp="1767" pin="3"/><net_sink comp="3106" pin=0"/></net>

<net id="3117"><net_src comp="1774" pin="3"/><net_sink comp="3112" pin=0"/></net>

<net id="3123"><net_src comp="1781" pin="3"/><net_sink comp="3118" pin=0"/></net>

<net id="3129"><net_src comp="1788" pin="3"/><net_sink comp="3124" pin=0"/></net>

<net id="3135"><net_src comp="1795" pin="3"/><net_sink comp="3130" pin=0"/></net>

<net id="3141"><net_src comp="1802" pin="3"/><net_sink comp="3136" pin=0"/></net>

<net id="3147"><net_src comp="1809" pin="3"/><net_sink comp="3142" pin=0"/></net>

<net id="3153"><net_src comp="1648" pin="3"/><net_sink comp="3148" pin=0"/></net>

<net id="3159"><net_src comp="1655" pin="3"/><net_sink comp="3154" pin=0"/></net>

<net id="3165"><net_src comp="1662" pin="3"/><net_sink comp="3160" pin=0"/></net>

<net id="3171"><net_src comp="1669" pin="3"/><net_sink comp="3166" pin=0"/></net>

<net id="3177"><net_src comp="1676" pin="3"/><net_sink comp="3172" pin=0"/></net>

<net id="3183"><net_src comp="1683" pin="3"/><net_sink comp="3178" pin=0"/></net>

<net id="3189"><net_src comp="1690" pin="3"/><net_sink comp="3184" pin=0"/></net>

<net id="3195"><net_src comp="1697" pin="3"/><net_sink comp="3190" pin=0"/></net>

<net id="3201"><net_src comp="1704" pin="3"/><net_sink comp="3196" pin=0"/></net>

<net id="3207"><net_src comp="1711" pin="3"/><net_sink comp="3202" pin=0"/></net>

<net id="3213"><net_src comp="1718" pin="3"/><net_sink comp="3208" pin=0"/></net>

<net id="3219"><net_src comp="1725" pin="3"/><net_sink comp="3214" pin=0"/></net>

<net id="3225"><net_src comp="1564" pin="3"/><net_sink comp="3220" pin=0"/></net>

<net id="3231"><net_src comp="1571" pin="3"/><net_sink comp="3226" pin=0"/></net>

<net id="3237"><net_src comp="1578" pin="3"/><net_sink comp="3232" pin=0"/></net>

<net id="3243"><net_src comp="1585" pin="3"/><net_sink comp="3238" pin=0"/></net>

<net id="3249"><net_src comp="1592" pin="3"/><net_sink comp="3244" pin=0"/></net>

<net id="3255"><net_src comp="1599" pin="3"/><net_sink comp="3250" pin=0"/></net>

<net id="3261"><net_src comp="1606" pin="3"/><net_sink comp="3256" pin=0"/></net>

<net id="3267"><net_src comp="1613" pin="3"/><net_sink comp="3262" pin=0"/></net>

<net id="3273"><net_src comp="1620" pin="3"/><net_sink comp="3268" pin=0"/></net>

<net id="3279"><net_src comp="1627" pin="3"/><net_sink comp="3274" pin=0"/></net>

<net id="3285"><net_src comp="1634" pin="3"/><net_sink comp="3280" pin=0"/></net>

<net id="3291"><net_src comp="1641" pin="3"/><net_sink comp="3286" pin=0"/></net>

<net id="3297"><net_src comp="1984" pin="3"/><net_sink comp="3292" pin=0"/></net>

<net id="3303"><net_src comp="1991" pin="3"/><net_sink comp="3298" pin=0"/></net>

<net id="3309"><net_src comp="1998" pin="3"/><net_sink comp="3304" pin=0"/></net>

<net id="3315"><net_src comp="2005" pin="3"/><net_sink comp="3310" pin=0"/></net>

<net id="3321"><net_src comp="2012" pin="3"/><net_sink comp="3316" pin=0"/></net>

<net id="3327"><net_src comp="2019" pin="3"/><net_sink comp="3322" pin=0"/></net>

<net id="3333"><net_src comp="2026" pin="3"/><net_sink comp="3328" pin=0"/></net>

<net id="3339"><net_src comp="2033" pin="3"/><net_sink comp="3334" pin=0"/></net>

<net id="3345"><net_src comp="2040" pin="3"/><net_sink comp="3340" pin=0"/></net>

<net id="3351"><net_src comp="2047" pin="3"/><net_sink comp="3346" pin=0"/></net>

<net id="3357"><net_src comp="2054" pin="3"/><net_sink comp="3352" pin=0"/></net>

<net id="3363"><net_src comp="2061" pin="3"/><net_sink comp="3358" pin=0"/></net>

<net id="3368"><net_src comp="450" pin="0"/><net_sink comp="3364" pin=0"/></net>

<net id="3373"><net_src comp="452" pin="0"/><net_sink comp="3369" pin=0"/></net>

<net id="3378"><net_src comp="452" pin="0"/><net_sink comp="3374" pin=0"/></net>

<net id="3386"><net_src comp="3379" pin="1"/><net_sink comp="3382" pin=0"/></net>

<net id="3387"><net_src comp="454" pin="0"/><net_sink comp="3382" pin=1"/></net>

<net id="3392"><net_src comp="3379" pin="1"/><net_sink comp="3388" pin=0"/></net>

<net id="3393"><net_src comp="456" pin="0"/><net_sink comp="3388" pin=1"/></net>

<net id="3398"><net_src comp="3388" pin="2"/><net_sink comp="3394" pin=0"/></net>

<net id="3409"><net_src comp="3402" pin="1"/><net_sink comp="3405" pin=0"/></net>

<net id="3410"><net_src comp="462" pin="0"/><net_sink comp="3405" pin=1"/></net>

<net id="3415"><net_src comp="3399" pin="1"/><net_sink comp="3411" pin=0"/></net>

<net id="3416"><net_src comp="472" pin="0"/><net_sink comp="3411" pin=1"/></net>

<net id="3422"><net_src comp="3411" pin="2"/><net_sink comp="3417" pin=0"/></net>

<net id="3423"><net_src comp="452" pin="0"/><net_sink comp="3417" pin=1"/></net>

<net id="3424"><net_src comp="3399" pin="1"/><net_sink comp="3417" pin=2"/></net>

<net id="3430"><net_src comp="3411" pin="2"/><net_sink comp="3425" pin=0"/></net>

<net id="3431"><net_src comp="3405" pin="2"/><net_sink comp="3425" pin=1"/></net>

<net id="3432"><net_src comp="3402" pin="1"/><net_sink comp="3425" pin=2"/></net>

<net id="3436"><net_src comp="3425" pin="3"/><net_sink comp="3433" pin=0"/></net>

<net id="3437"><net_src comp="3433" pin="1"/><net_sink comp="556" pin=2"/></net>

<net id="3438"><net_src comp="3433" pin="1"/><net_sink comp="563" pin=2"/></net>

<net id="3439"><net_src comp="3433" pin="1"/><net_sink comp="570" pin=2"/></net>

<net id="3440"><net_src comp="3433" pin="1"/><net_sink comp="577" pin=2"/></net>

<net id="3441"><net_src comp="3433" pin="1"/><net_sink comp="584" pin=2"/></net>

<net id="3442"><net_src comp="3433" pin="1"/><net_sink comp="591" pin=2"/></net>

<net id="3443"><net_src comp="3433" pin="1"/><net_sink comp="598" pin=2"/></net>

<net id="3444"><net_src comp="3433" pin="1"/><net_sink comp="605" pin=2"/></net>

<net id="3445"><net_src comp="3433" pin="1"/><net_sink comp="612" pin=2"/></net>

<net id="3446"><net_src comp="3433" pin="1"/><net_sink comp="619" pin=2"/></net>

<net id="3447"><net_src comp="3433" pin="1"/><net_sink comp="626" pin=2"/></net>

<net id="3448"><net_src comp="3433" pin="1"/><net_sink comp="633" pin=2"/></net>

<net id="3449"><net_src comp="3433" pin="1"/><net_sink comp="640" pin=2"/></net>

<net id="3450"><net_src comp="3433" pin="1"/><net_sink comp="647" pin=2"/></net>

<net id="3451"><net_src comp="3433" pin="1"/><net_sink comp="654" pin=2"/></net>

<net id="3452"><net_src comp="3433" pin="1"/><net_sink comp="661" pin=2"/></net>

<net id="3453"><net_src comp="3433" pin="1"/><net_sink comp="668" pin=2"/></net>

<net id="3454"><net_src comp="3433" pin="1"/><net_sink comp="675" pin=2"/></net>

<net id="3455"><net_src comp="3433" pin="1"/><net_sink comp="682" pin=2"/></net>

<net id="3456"><net_src comp="3433" pin="1"/><net_sink comp="689" pin=2"/></net>

<net id="3457"><net_src comp="3433" pin="1"/><net_sink comp="696" pin=2"/></net>

<net id="3458"><net_src comp="3433" pin="1"/><net_sink comp="703" pin=2"/></net>

<net id="3459"><net_src comp="3433" pin="1"/><net_sink comp="710" pin=2"/></net>

<net id="3460"><net_src comp="3433" pin="1"/><net_sink comp="717" pin=2"/></net>

<net id="3461"><net_src comp="3433" pin="1"/><net_sink comp="724" pin=2"/></net>

<net id="3462"><net_src comp="3433" pin="1"/><net_sink comp="731" pin=2"/></net>

<net id="3463"><net_src comp="3433" pin="1"/><net_sink comp="738" pin=2"/></net>

<net id="3464"><net_src comp="3433" pin="1"/><net_sink comp="745" pin=2"/></net>

<net id="3465"><net_src comp="3433" pin="1"/><net_sink comp="752" pin=2"/></net>

<net id="3466"><net_src comp="3433" pin="1"/><net_sink comp="759" pin=2"/></net>

<net id="3467"><net_src comp="3433" pin="1"/><net_sink comp="766" pin=2"/></net>

<net id="3468"><net_src comp="3433" pin="1"/><net_sink comp="773" pin=2"/></net>

<net id="3469"><net_src comp="3433" pin="1"/><net_sink comp="780" pin=2"/></net>

<net id="3470"><net_src comp="3433" pin="1"/><net_sink comp="787" pin=2"/></net>

<net id="3471"><net_src comp="3433" pin="1"/><net_sink comp="794" pin=2"/></net>

<net id="3472"><net_src comp="3433" pin="1"/><net_sink comp="801" pin=2"/></net>

<net id="3473"><net_src comp="3433" pin="1"/><net_sink comp="808" pin=2"/></net>

<net id="3474"><net_src comp="3433" pin="1"/><net_sink comp="815" pin=2"/></net>

<net id="3475"><net_src comp="3433" pin="1"/><net_sink comp="822" pin=2"/></net>

<net id="3476"><net_src comp="3433" pin="1"/><net_sink comp="829" pin=2"/></net>

<net id="3477"><net_src comp="3433" pin="1"/><net_sink comp="836" pin=2"/></net>

<net id="3478"><net_src comp="3433" pin="1"/><net_sink comp="843" pin=2"/></net>

<net id="3479"><net_src comp="3433" pin="1"/><net_sink comp="850" pin=2"/></net>

<net id="3480"><net_src comp="3433" pin="1"/><net_sink comp="857" pin=2"/></net>

<net id="3481"><net_src comp="3433" pin="1"/><net_sink comp="864" pin=2"/></net>

<net id="3482"><net_src comp="3433" pin="1"/><net_sink comp="871" pin=2"/></net>

<net id="3483"><net_src comp="3433" pin="1"/><net_sink comp="878" pin=2"/></net>

<net id="3484"><net_src comp="3433" pin="1"/><net_sink comp="885" pin=2"/></net>

<net id="3485"><net_src comp="3433" pin="1"/><net_sink comp="892" pin=2"/></net>

<net id="3486"><net_src comp="3433" pin="1"/><net_sink comp="899" pin=2"/></net>

<net id="3487"><net_src comp="3433" pin="1"/><net_sink comp="906" pin=2"/></net>

<net id="3488"><net_src comp="3433" pin="1"/><net_sink comp="913" pin=2"/></net>

<net id="3489"><net_src comp="3433" pin="1"/><net_sink comp="920" pin=2"/></net>

<net id="3490"><net_src comp="3433" pin="1"/><net_sink comp="927" pin=2"/></net>

<net id="3491"><net_src comp="3433" pin="1"/><net_sink comp="934" pin=2"/></net>

<net id="3492"><net_src comp="3433" pin="1"/><net_sink comp="941" pin=2"/></net>

<net id="3493"><net_src comp="3433" pin="1"/><net_sink comp="948" pin=2"/></net>

<net id="3494"><net_src comp="3433" pin="1"/><net_sink comp="955" pin=2"/></net>

<net id="3495"><net_src comp="3433" pin="1"/><net_sink comp="962" pin=2"/></net>

<net id="3496"><net_src comp="3433" pin="1"/><net_sink comp="969" pin=2"/></net>

<net id="3497"><net_src comp="3433" pin="1"/><net_sink comp="976" pin=2"/></net>

<net id="3498"><net_src comp="3433" pin="1"/><net_sink comp="983" pin=2"/></net>

<net id="3499"><net_src comp="3433" pin="1"/><net_sink comp="990" pin=2"/></net>

<net id="3500"><net_src comp="3433" pin="1"/><net_sink comp="997" pin=2"/></net>

<net id="3501"><net_src comp="3433" pin="1"/><net_sink comp="1004" pin=2"/></net>

<net id="3502"><net_src comp="3433" pin="1"/><net_sink comp="1011" pin=2"/></net>

<net id="3503"><net_src comp="3433" pin="1"/><net_sink comp="1018" pin=2"/></net>

<net id="3504"><net_src comp="3433" pin="1"/><net_sink comp="1025" pin=2"/></net>

<net id="3505"><net_src comp="3433" pin="1"/><net_sink comp="1032" pin=2"/></net>

<net id="3506"><net_src comp="3433" pin="1"/><net_sink comp="1039" pin=2"/></net>

<net id="3507"><net_src comp="3433" pin="1"/><net_sink comp="1046" pin=2"/></net>

<net id="3508"><net_src comp="3433" pin="1"/><net_sink comp="1053" pin=2"/></net>

<net id="3509"><net_src comp="3433" pin="1"/><net_sink comp="1060" pin=2"/></net>

<net id="3510"><net_src comp="3433" pin="1"/><net_sink comp="1067" pin=2"/></net>

<net id="3511"><net_src comp="3433" pin="1"/><net_sink comp="1074" pin=2"/></net>

<net id="3512"><net_src comp="3433" pin="1"/><net_sink comp="1081" pin=2"/></net>

<net id="3513"><net_src comp="3433" pin="1"/><net_sink comp="1088" pin=2"/></net>

<net id="3514"><net_src comp="3433" pin="1"/><net_sink comp="1095" pin=2"/></net>

<net id="3515"><net_src comp="3433" pin="1"/><net_sink comp="1102" pin=2"/></net>

<net id="3516"><net_src comp="3433" pin="1"/><net_sink comp="1109" pin=2"/></net>

<net id="3517"><net_src comp="3433" pin="1"/><net_sink comp="1116" pin=2"/></net>

<net id="3518"><net_src comp="3433" pin="1"/><net_sink comp="1123" pin=2"/></net>

<net id="3519"><net_src comp="3433" pin="1"/><net_sink comp="1130" pin=2"/></net>

<net id="3520"><net_src comp="3433" pin="1"/><net_sink comp="1137" pin=2"/></net>

<net id="3521"><net_src comp="3433" pin="1"/><net_sink comp="1144" pin=2"/></net>

<net id="3522"><net_src comp="3433" pin="1"/><net_sink comp="1151" pin=2"/></net>

<net id="3523"><net_src comp="3433" pin="1"/><net_sink comp="1158" pin=2"/></net>

<net id="3524"><net_src comp="3433" pin="1"/><net_sink comp="1165" pin=2"/></net>

<net id="3525"><net_src comp="3433" pin="1"/><net_sink comp="1172" pin=2"/></net>

<net id="3526"><net_src comp="3433" pin="1"/><net_sink comp="1179" pin=2"/></net>

<net id="3527"><net_src comp="3433" pin="1"/><net_sink comp="1186" pin=2"/></net>

<net id="3528"><net_src comp="3433" pin="1"/><net_sink comp="1193" pin=2"/></net>

<net id="3529"><net_src comp="3433" pin="1"/><net_sink comp="1200" pin=2"/></net>

<net id="3530"><net_src comp="3433" pin="1"/><net_sink comp="1207" pin=2"/></net>

<net id="3531"><net_src comp="3433" pin="1"/><net_sink comp="1214" pin=2"/></net>

<net id="3532"><net_src comp="3433" pin="1"/><net_sink comp="1221" pin=2"/></net>

<net id="3533"><net_src comp="3433" pin="1"/><net_sink comp="1228" pin=2"/></net>

<net id="3534"><net_src comp="3433" pin="1"/><net_sink comp="1235" pin=2"/></net>

<net id="3535"><net_src comp="3433" pin="1"/><net_sink comp="1242" pin=2"/></net>

<net id="3536"><net_src comp="3433" pin="1"/><net_sink comp="1249" pin=2"/></net>

<net id="3537"><net_src comp="3433" pin="1"/><net_sink comp="1256" pin=2"/></net>

<net id="3538"><net_src comp="3433" pin="1"/><net_sink comp="1263" pin=2"/></net>

<net id="3539"><net_src comp="3433" pin="1"/><net_sink comp="1270" pin=2"/></net>

<net id="3540"><net_src comp="3433" pin="1"/><net_sink comp="1277" pin=2"/></net>

<net id="3541"><net_src comp="3433" pin="1"/><net_sink comp="1284" pin=2"/></net>

<net id="3542"><net_src comp="3433" pin="1"/><net_sink comp="1291" pin=2"/></net>

<net id="3543"><net_src comp="3433" pin="1"/><net_sink comp="1298" pin=2"/></net>

<net id="3544"><net_src comp="3433" pin="1"/><net_sink comp="1305" pin=2"/></net>

<net id="3545"><net_src comp="3433" pin="1"/><net_sink comp="1312" pin=2"/></net>

<net id="3546"><net_src comp="3433" pin="1"/><net_sink comp="1319" pin=2"/></net>

<net id="3547"><net_src comp="3433" pin="1"/><net_sink comp="1326" pin=2"/></net>

<net id="3548"><net_src comp="3433" pin="1"/><net_sink comp="1333" pin=2"/></net>

<net id="3549"><net_src comp="3433" pin="1"/><net_sink comp="1340" pin=2"/></net>

<net id="3550"><net_src comp="3433" pin="1"/><net_sink comp="1347" pin=2"/></net>

<net id="3551"><net_src comp="3433" pin="1"/><net_sink comp="1354" pin=2"/></net>

<net id="3552"><net_src comp="3433" pin="1"/><net_sink comp="1361" pin=2"/></net>

<net id="3553"><net_src comp="3433" pin="1"/><net_sink comp="1368" pin=2"/></net>

<net id="3554"><net_src comp="3433" pin="1"/><net_sink comp="1375" pin=2"/></net>

<net id="3555"><net_src comp="3433" pin="1"/><net_sink comp="1382" pin=2"/></net>

<net id="3556"><net_src comp="3433" pin="1"/><net_sink comp="1389" pin=2"/></net>

<net id="3557"><net_src comp="3433" pin="1"/><net_sink comp="1396" pin=2"/></net>

<net id="3558"><net_src comp="3433" pin="1"/><net_sink comp="1403" pin=2"/></net>

<net id="3559"><net_src comp="3433" pin="1"/><net_sink comp="1410" pin=2"/></net>

<net id="3560"><net_src comp="3433" pin="1"/><net_sink comp="1417" pin=2"/></net>

<net id="3561"><net_src comp="3433" pin="1"/><net_sink comp="1424" pin=2"/></net>

<net id="3562"><net_src comp="3433" pin="1"/><net_sink comp="1431" pin=2"/></net>

<net id="3563"><net_src comp="3433" pin="1"/><net_sink comp="1438" pin=2"/></net>

<net id="3564"><net_src comp="3433" pin="1"/><net_sink comp="1445" pin=2"/></net>

<net id="3565"><net_src comp="3433" pin="1"/><net_sink comp="1452" pin=2"/></net>

<net id="3566"><net_src comp="3433" pin="1"/><net_sink comp="1459" pin=2"/></net>

<net id="3567"><net_src comp="3433" pin="1"/><net_sink comp="1466" pin=2"/></net>

<net id="3568"><net_src comp="3433" pin="1"/><net_sink comp="1473" pin=2"/></net>

<net id="3569"><net_src comp="3433" pin="1"/><net_sink comp="1480" pin=2"/></net>

<net id="3570"><net_src comp="3433" pin="1"/><net_sink comp="1487" pin=2"/></net>

<net id="3571"><net_src comp="3433" pin="1"/><net_sink comp="1494" pin=2"/></net>

<net id="3572"><net_src comp="3433" pin="1"/><net_sink comp="1501" pin=2"/></net>

<net id="3573"><net_src comp="3433" pin="1"/><net_sink comp="1508" pin=2"/></net>

<net id="3574"><net_src comp="3433" pin="1"/><net_sink comp="1515" pin=2"/></net>

<net id="3575"><net_src comp="3433" pin="1"/><net_sink comp="1522" pin=2"/></net>

<net id="3576"><net_src comp="3433" pin="1"/><net_sink comp="1529" pin=2"/></net>

<net id="3577"><net_src comp="3433" pin="1"/><net_sink comp="1536" pin=2"/></net>

<net id="3578"><net_src comp="3433" pin="1"/><net_sink comp="1543" pin=2"/></net>

<net id="3579"><net_src comp="3433" pin="1"/><net_sink comp="1550" pin=2"/></net>

<net id="3580"><net_src comp="3433" pin="1"/><net_sink comp="1557" pin=2"/></net>

<net id="3581"><net_src comp="3433" pin="1"/><net_sink comp="1564" pin=2"/></net>

<net id="3582"><net_src comp="3433" pin="1"/><net_sink comp="1571" pin=2"/></net>

<net id="3583"><net_src comp="3433" pin="1"/><net_sink comp="1578" pin=2"/></net>

<net id="3584"><net_src comp="3433" pin="1"/><net_sink comp="1585" pin=2"/></net>

<net id="3585"><net_src comp="3433" pin="1"/><net_sink comp="1592" pin=2"/></net>

<net id="3586"><net_src comp="3433" pin="1"/><net_sink comp="1599" pin=2"/></net>

<net id="3587"><net_src comp="3433" pin="1"/><net_sink comp="1606" pin=2"/></net>

<net id="3588"><net_src comp="3433" pin="1"/><net_sink comp="1613" pin=2"/></net>

<net id="3589"><net_src comp="3433" pin="1"/><net_sink comp="1620" pin=2"/></net>

<net id="3590"><net_src comp="3433" pin="1"/><net_sink comp="1627" pin=2"/></net>

<net id="3591"><net_src comp="3433" pin="1"/><net_sink comp="1634" pin=2"/></net>

<net id="3592"><net_src comp="3433" pin="1"/><net_sink comp="1641" pin=2"/></net>

<net id="3593"><net_src comp="3433" pin="1"/><net_sink comp="1648" pin=2"/></net>

<net id="3594"><net_src comp="3433" pin="1"/><net_sink comp="1655" pin=2"/></net>

<net id="3595"><net_src comp="3433" pin="1"/><net_sink comp="1662" pin=2"/></net>

<net id="3596"><net_src comp="3433" pin="1"/><net_sink comp="1669" pin=2"/></net>

<net id="3597"><net_src comp="3433" pin="1"/><net_sink comp="1676" pin=2"/></net>

<net id="3598"><net_src comp="3433" pin="1"/><net_sink comp="1683" pin=2"/></net>

<net id="3599"><net_src comp="3433" pin="1"/><net_sink comp="1690" pin=2"/></net>

<net id="3600"><net_src comp="3433" pin="1"/><net_sink comp="1697" pin=2"/></net>

<net id="3601"><net_src comp="3433" pin="1"/><net_sink comp="1704" pin=2"/></net>

<net id="3602"><net_src comp="3433" pin="1"/><net_sink comp="1711" pin=2"/></net>

<net id="3603"><net_src comp="3433" pin="1"/><net_sink comp="1718" pin=2"/></net>

<net id="3604"><net_src comp="3433" pin="1"/><net_sink comp="1725" pin=2"/></net>

<net id="3605"><net_src comp="3433" pin="1"/><net_sink comp="1732" pin=2"/></net>

<net id="3606"><net_src comp="3433" pin="1"/><net_sink comp="1739" pin=2"/></net>

<net id="3607"><net_src comp="3433" pin="1"/><net_sink comp="1746" pin=2"/></net>

<net id="3608"><net_src comp="3433" pin="1"/><net_sink comp="1753" pin=2"/></net>

<net id="3609"><net_src comp="3433" pin="1"/><net_sink comp="1760" pin=2"/></net>

<net id="3610"><net_src comp="3433" pin="1"/><net_sink comp="1767" pin=2"/></net>

<net id="3611"><net_src comp="3433" pin="1"/><net_sink comp="1774" pin=2"/></net>

<net id="3612"><net_src comp="3433" pin="1"/><net_sink comp="1781" pin=2"/></net>

<net id="3613"><net_src comp="3433" pin="1"/><net_sink comp="1788" pin=2"/></net>

<net id="3614"><net_src comp="3433" pin="1"/><net_sink comp="1795" pin=2"/></net>

<net id="3615"><net_src comp="3433" pin="1"/><net_sink comp="1802" pin=2"/></net>

<net id="3616"><net_src comp="3433" pin="1"/><net_sink comp="1809" pin=2"/></net>

<net id="3617"><net_src comp="3433" pin="1"/><net_sink comp="1816" pin=2"/></net>

<net id="3618"><net_src comp="3433" pin="1"/><net_sink comp="1823" pin=2"/></net>

<net id="3619"><net_src comp="3433" pin="1"/><net_sink comp="1830" pin=2"/></net>

<net id="3620"><net_src comp="3433" pin="1"/><net_sink comp="1837" pin=2"/></net>

<net id="3621"><net_src comp="3433" pin="1"/><net_sink comp="1844" pin=2"/></net>

<net id="3622"><net_src comp="3433" pin="1"/><net_sink comp="1851" pin=2"/></net>

<net id="3623"><net_src comp="3433" pin="1"/><net_sink comp="1858" pin=2"/></net>

<net id="3624"><net_src comp="3433" pin="1"/><net_sink comp="1865" pin=2"/></net>

<net id="3625"><net_src comp="3433" pin="1"/><net_sink comp="1872" pin=2"/></net>

<net id="3626"><net_src comp="3433" pin="1"/><net_sink comp="1879" pin=2"/></net>

<net id="3627"><net_src comp="3433" pin="1"/><net_sink comp="1886" pin=2"/></net>

<net id="3628"><net_src comp="3433" pin="1"/><net_sink comp="1893" pin=2"/></net>

<net id="3629"><net_src comp="3433" pin="1"/><net_sink comp="1900" pin=2"/></net>

<net id="3630"><net_src comp="3433" pin="1"/><net_sink comp="1907" pin=2"/></net>

<net id="3631"><net_src comp="3433" pin="1"/><net_sink comp="1914" pin=2"/></net>

<net id="3632"><net_src comp="3433" pin="1"/><net_sink comp="1921" pin=2"/></net>

<net id="3633"><net_src comp="3433" pin="1"/><net_sink comp="1928" pin=2"/></net>

<net id="3634"><net_src comp="3433" pin="1"/><net_sink comp="1935" pin=2"/></net>

<net id="3635"><net_src comp="3433" pin="1"/><net_sink comp="1942" pin=2"/></net>

<net id="3636"><net_src comp="3433" pin="1"/><net_sink comp="1949" pin=2"/></net>

<net id="3637"><net_src comp="3433" pin="1"/><net_sink comp="1956" pin=2"/></net>

<net id="3638"><net_src comp="3433" pin="1"/><net_sink comp="1963" pin=2"/></net>

<net id="3639"><net_src comp="3433" pin="1"/><net_sink comp="1970" pin=2"/></net>

<net id="3640"><net_src comp="3433" pin="1"/><net_sink comp="1977" pin=2"/></net>

<net id="3641"><net_src comp="3433" pin="1"/><net_sink comp="1984" pin=2"/></net>

<net id="3642"><net_src comp="3433" pin="1"/><net_sink comp="1991" pin=2"/></net>

<net id="3643"><net_src comp="3433" pin="1"/><net_sink comp="1998" pin=2"/></net>

<net id="3644"><net_src comp="3433" pin="1"/><net_sink comp="2005" pin=2"/></net>

<net id="3645"><net_src comp="3433" pin="1"/><net_sink comp="2012" pin=2"/></net>

<net id="3646"><net_src comp="3433" pin="1"/><net_sink comp="2019" pin=2"/></net>

<net id="3647"><net_src comp="3433" pin="1"/><net_sink comp="2026" pin=2"/></net>

<net id="3648"><net_src comp="3433" pin="1"/><net_sink comp="2033" pin=2"/></net>

<net id="3649"><net_src comp="3433" pin="1"/><net_sink comp="2040" pin=2"/></net>

<net id="3650"><net_src comp="3433" pin="1"/><net_sink comp="2047" pin=2"/></net>

<net id="3651"><net_src comp="3433" pin="1"/><net_sink comp="2054" pin=2"/></net>

<net id="3652"><net_src comp="3433" pin="1"/><net_sink comp="2061" pin=2"/></net>

<net id="3656"><net_src comp="550" pin="2"/><net_sink comp="3653" pin=0"/></net>

<net id="3657"><net_src comp="3653" pin="1"/><net_sink comp="2068" pin=1"/></net>

<net id="3658"><net_src comp="3653" pin="1"/><net_sink comp="2140" pin=1"/></net>

<net id="3659"><net_src comp="3653" pin="1"/><net_sink comp="2212" pin=1"/></net>

<net id="3660"><net_src comp="3653" pin="1"/><net_sink comp="2284" pin=1"/></net>

<net id="3661"><net_src comp="3653" pin="1"/><net_sink comp="2356" pin=1"/></net>

<net id="3662"><net_src comp="3653" pin="1"/><net_sink comp="2428" pin=1"/></net>

<net id="3663"><net_src comp="3653" pin="1"/><net_sink comp="2500" pin=1"/></net>

<net id="3664"><net_src comp="3653" pin="1"/><net_sink comp="2572" pin=1"/></net>

<net id="3665"><net_src comp="3653" pin="1"/><net_sink comp="2644" pin=1"/></net>

<net id="3666"><net_src comp="3653" pin="1"/><net_sink comp="2716" pin=1"/></net>

<net id="3667"><net_src comp="3653" pin="1"/><net_sink comp="2788" pin=1"/></net>

<net id="3668"><net_src comp="3653" pin="1"/><net_sink comp="2860" pin=1"/></net>

<net id="3669"><net_src comp="3653" pin="1"/><net_sink comp="2932" pin=1"/></net>

<net id="3670"><net_src comp="3653" pin="1"/><net_sink comp="3004" pin=1"/></net>

<net id="3671"><net_src comp="3653" pin="1"/><net_sink comp="3076" pin=1"/></net>

<net id="3672"><net_src comp="3653" pin="1"/><net_sink comp="3148" pin=1"/></net>

<net id="3673"><net_src comp="3653" pin="1"/><net_sink comp="3220" pin=1"/></net>

<net id="3674"><net_src comp="3653" pin="1"/><net_sink comp="3292" pin=1"/></net>

<net id="3681"><net_src comp="480" pin="0"/><net_sink comp="3675" pin=0"/></net>

<net id="3682"><net_src comp="550" pin="2"/><net_sink comp="3675" pin=1"/></net>

<net id="3683"><net_src comp="482" pin="0"/><net_sink comp="3675" pin=2"/></net>

<net id="3684"><net_src comp="484" pin="0"/><net_sink comp="3675" pin=3"/></net>

<net id="3685"><net_src comp="3675" pin="4"/><net_sink comp="2074" pin=1"/></net>

<net id="3686"><net_src comp="3675" pin="4"/><net_sink comp="2146" pin=1"/></net>

<net id="3687"><net_src comp="3675" pin="4"/><net_sink comp="2218" pin=1"/></net>

<net id="3688"><net_src comp="3675" pin="4"/><net_sink comp="2290" pin=1"/></net>

<net id="3689"><net_src comp="3675" pin="4"/><net_sink comp="2362" pin=1"/></net>

<net id="3690"><net_src comp="3675" pin="4"/><net_sink comp="2434" pin=1"/></net>

<net id="3691"><net_src comp="3675" pin="4"/><net_sink comp="2506" pin=1"/></net>

<net id="3692"><net_src comp="3675" pin="4"/><net_sink comp="2578" pin=1"/></net>

<net id="3693"><net_src comp="3675" pin="4"/><net_sink comp="2650" pin=1"/></net>

<net id="3694"><net_src comp="3675" pin="4"/><net_sink comp="2722" pin=1"/></net>

<net id="3695"><net_src comp="3675" pin="4"/><net_sink comp="2794" pin=1"/></net>

<net id="3696"><net_src comp="3675" pin="4"/><net_sink comp="2866" pin=1"/></net>

<net id="3697"><net_src comp="3675" pin="4"/><net_sink comp="2938" pin=1"/></net>

<net id="3698"><net_src comp="3675" pin="4"/><net_sink comp="3010" pin=1"/></net>

<net id="3699"><net_src comp="3675" pin="4"/><net_sink comp="3082" pin=1"/></net>

<net id="3700"><net_src comp="3675" pin="4"/><net_sink comp="3154" pin=1"/></net>

<net id="3701"><net_src comp="3675" pin="4"/><net_sink comp="3226" pin=1"/></net>

<net id="3702"><net_src comp="3675" pin="4"/><net_sink comp="3298" pin=1"/></net>

<net id="3709"><net_src comp="480" pin="0"/><net_sink comp="3703" pin=0"/></net>

<net id="3710"><net_src comp="550" pin="2"/><net_sink comp="3703" pin=1"/></net>

<net id="3711"><net_src comp="486" pin="0"/><net_sink comp="3703" pin=2"/></net>

<net id="3712"><net_src comp="488" pin="0"/><net_sink comp="3703" pin=3"/></net>

<net id="3713"><net_src comp="3703" pin="4"/><net_sink comp="2080" pin=1"/></net>

<net id="3714"><net_src comp="3703" pin="4"/><net_sink comp="2152" pin=1"/></net>

<net id="3715"><net_src comp="3703" pin="4"/><net_sink comp="2224" pin=1"/></net>

<net id="3716"><net_src comp="3703" pin="4"/><net_sink comp="2296" pin=1"/></net>

<net id="3717"><net_src comp="3703" pin="4"/><net_sink comp="2368" pin=1"/></net>

<net id="3718"><net_src comp="3703" pin="4"/><net_sink comp="2440" pin=1"/></net>

<net id="3719"><net_src comp="3703" pin="4"/><net_sink comp="2512" pin=1"/></net>

<net id="3720"><net_src comp="3703" pin="4"/><net_sink comp="2584" pin=1"/></net>

<net id="3721"><net_src comp="3703" pin="4"/><net_sink comp="2656" pin=1"/></net>

<net id="3722"><net_src comp="3703" pin="4"/><net_sink comp="2728" pin=1"/></net>

<net id="3723"><net_src comp="3703" pin="4"/><net_sink comp="2800" pin=1"/></net>

<net id="3724"><net_src comp="3703" pin="4"/><net_sink comp="2872" pin=1"/></net>

<net id="3725"><net_src comp="3703" pin="4"/><net_sink comp="2944" pin=1"/></net>

<net id="3726"><net_src comp="3703" pin="4"/><net_sink comp="3016" pin=1"/></net>

<net id="3727"><net_src comp="3703" pin="4"/><net_sink comp="3088" pin=1"/></net>

<net id="3728"><net_src comp="3703" pin="4"/><net_sink comp="3160" pin=1"/></net>

<net id="3729"><net_src comp="3703" pin="4"/><net_sink comp="3232" pin=1"/></net>

<net id="3730"><net_src comp="3703" pin="4"/><net_sink comp="3304" pin=1"/></net>

<net id="3737"><net_src comp="480" pin="0"/><net_sink comp="3731" pin=0"/></net>

<net id="3738"><net_src comp="550" pin="2"/><net_sink comp="3731" pin=1"/></net>

<net id="3739"><net_src comp="490" pin="0"/><net_sink comp="3731" pin=2"/></net>

<net id="3740"><net_src comp="492" pin="0"/><net_sink comp="3731" pin=3"/></net>

<net id="3741"><net_src comp="3731" pin="4"/><net_sink comp="2086" pin=1"/></net>

<net id="3742"><net_src comp="3731" pin="4"/><net_sink comp="2158" pin=1"/></net>

<net id="3743"><net_src comp="3731" pin="4"/><net_sink comp="2230" pin=1"/></net>

<net id="3744"><net_src comp="3731" pin="4"/><net_sink comp="2302" pin=1"/></net>

<net id="3745"><net_src comp="3731" pin="4"/><net_sink comp="2374" pin=1"/></net>

<net id="3746"><net_src comp="3731" pin="4"/><net_sink comp="2446" pin=1"/></net>

<net id="3747"><net_src comp="3731" pin="4"/><net_sink comp="2518" pin=1"/></net>

<net id="3748"><net_src comp="3731" pin="4"/><net_sink comp="2590" pin=1"/></net>

<net id="3749"><net_src comp="3731" pin="4"/><net_sink comp="2662" pin=1"/></net>

<net id="3750"><net_src comp="3731" pin="4"/><net_sink comp="2734" pin=1"/></net>

<net id="3751"><net_src comp="3731" pin="4"/><net_sink comp="2806" pin=1"/></net>

<net id="3752"><net_src comp="3731" pin="4"/><net_sink comp="2878" pin=1"/></net>

<net id="3753"><net_src comp="3731" pin="4"/><net_sink comp="2950" pin=1"/></net>

<net id="3754"><net_src comp="3731" pin="4"/><net_sink comp="3022" pin=1"/></net>

<net id="3755"><net_src comp="3731" pin="4"/><net_sink comp="3094" pin=1"/></net>

<net id="3756"><net_src comp="3731" pin="4"/><net_sink comp="3166" pin=1"/></net>

<net id="3757"><net_src comp="3731" pin="4"/><net_sink comp="3238" pin=1"/></net>

<net id="3758"><net_src comp="3731" pin="4"/><net_sink comp="3310" pin=1"/></net>

<net id="3765"><net_src comp="480" pin="0"/><net_sink comp="3759" pin=0"/></net>

<net id="3766"><net_src comp="550" pin="2"/><net_sink comp="3759" pin=1"/></net>

<net id="3767"><net_src comp="494" pin="0"/><net_sink comp="3759" pin=2"/></net>

<net id="3768"><net_src comp="496" pin="0"/><net_sink comp="3759" pin=3"/></net>

<net id="3769"><net_src comp="3759" pin="4"/><net_sink comp="2092" pin=1"/></net>

<net id="3770"><net_src comp="3759" pin="4"/><net_sink comp="2164" pin=1"/></net>

<net id="3771"><net_src comp="3759" pin="4"/><net_sink comp="2236" pin=1"/></net>

<net id="3772"><net_src comp="3759" pin="4"/><net_sink comp="2308" pin=1"/></net>

<net id="3773"><net_src comp="3759" pin="4"/><net_sink comp="2380" pin=1"/></net>

<net id="3774"><net_src comp="3759" pin="4"/><net_sink comp="2452" pin=1"/></net>

<net id="3775"><net_src comp="3759" pin="4"/><net_sink comp="2524" pin=1"/></net>

<net id="3776"><net_src comp="3759" pin="4"/><net_sink comp="2596" pin=1"/></net>

<net id="3777"><net_src comp="3759" pin="4"/><net_sink comp="2668" pin=1"/></net>

<net id="3778"><net_src comp="3759" pin="4"/><net_sink comp="2740" pin=1"/></net>

<net id="3779"><net_src comp="3759" pin="4"/><net_sink comp="2812" pin=1"/></net>

<net id="3780"><net_src comp="3759" pin="4"/><net_sink comp="2884" pin=1"/></net>

<net id="3781"><net_src comp="3759" pin="4"/><net_sink comp="2956" pin=1"/></net>

<net id="3782"><net_src comp="3759" pin="4"/><net_sink comp="3028" pin=1"/></net>

<net id="3783"><net_src comp="3759" pin="4"/><net_sink comp="3100" pin=1"/></net>

<net id="3784"><net_src comp="3759" pin="4"/><net_sink comp="3172" pin=1"/></net>

<net id="3785"><net_src comp="3759" pin="4"/><net_sink comp="3244" pin=1"/></net>

<net id="3786"><net_src comp="3759" pin="4"/><net_sink comp="3316" pin=1"/></net>

<net id="3793"><net_src comp="480" pin="0"/><net_sink comp="3787" pin=0"/></net>

<net id="3794"><net_src comp="550" pin="2"/><net_sink comp="3787" pin=1"/></net>

<net id="3795"><net_src comp="498" pin="0"/><net_sink comp="3787" pin=2"/></net>

<net id="3796"><net_src comp="500" pin="0"/><net_sink comp="3787" pin=3"/></net>

<net id="3797"><net_src comp="3787" pin="4"/><net_sink comp="2098" pin=1"/></net>

<net id="3798"><net_src comp="3787" pin="4"/><net_sink comp="2170" pin=1"/></net>

<net id="3799"><net_src comp="3787" pin="4"/><net_sink comp="2242" pin=1"/></net>

<net id="3800"><net_src comp="3787" pin="4"/><net_sink comp="2314" pin=1"/></net>

<net id="3801"><net_src comp="3787" pin="4"/><net_sink comp="2386" pin=1"/></net>

<net id="3802"><net_src comp="3787" pin="4"/><net_sink comp="2458" pin=1"/></net>

<net id="3803"><net_src comp="3787" pin="4"/><net_sink comp="2530" pin=1"/></net>

<net id="3804"><net_src comp="3787" pin="4"/><net_sink comp="2602" pin=1"/></net>

<net id="3805"><net_src comp="3787" pin="4"/><net_sink comp="2674" pin=1"/></net>

<net id="3806"><net_src comp="3787" pin="4"/><net_sink comp="2746" pin=1"/></net>

<net id="3807"><net_src comp="3787" pin="4"/><net_sink comp="2818" pin=1"/></net>

<net id="3808"><net_src comp="3787" pin="4"/><net_sink comp="2890" pin=1"/></net>

<net id="3809"><net_src comp="3787" pin="4"/><net_sink comp="2962" pin=1"/></net>

<net id="3810"><net_src comp="3787" pin="4"/><net_sink comp="3034" pin=1"/></net>

<net id="3811"><net_src comp="3787" pin="4"/><net_sink comp="3106" pin=1"/></net>

<net id="3812"><net_src comp="3787" pin="4"/><net_sink comp="3178" pin=1"/></net>

<net id="3813"><net_src comp="3787" pin="4"/><net_sink comp="3250" pin=1"/></net>

<net id="3814"><net_src comp="3787" pin="4"/><net_sink comp="3322" pin=1"/></net>

<net id="3821"><net_src comp="480" pin="0"/><net_sink comp="3815" pin=0"/></net>

<net id="3822"><net_src comp="550" pin="2"/><net_sink comp="3815" pin=1"/></net>

<net id="3823"><net_src comp="502" pin="0"/><net_sink comp="3815" pin=2"/></net>

<net id="3824"><net_src comp="504" pin="0"/><net_sink comp="3815" pin=3"/></net>

<net id="3825"><net_src comp="3815" pin="4"/><net_sink comp="2104" pin=1"/></net>

<net id="3826"><net_src comp="3815" pin="4"/><net_sink comp="2176" pin=1"/></net>

<net id="3827"><net_src comp="3815" pin="4"/><net_sink comp="2248" pin=1"/></net>

<net id="3828"><net_src comp="3815" pin="4"/><net_sink comp="2320" pin=1"/></net>

<net id="3829"><net_src comp="3815" pin="4"/><net_sink comp="2392" pin=1"/></net>

<net id="3830"><net_src comp="3815" pin="4"/><net_sink comp="2464" pin=1"/></net>

<net id="3831"><net_src comp="3815" pin="4"/><net_sink comp="2536" pin=1"/></net>

<net id="3832"><net_src comp="3815" pin="4"/><net_sink comp="2608" pin=1"/></net>

<net id="3833"><net_src comp="3815" pin="4"/><net_sink comp="2680" pin=1"/></net>

<net id="3834"><net_src comp="3815" pin="4"/><net_sink comp="2752" pin=1"/></net>

<net id="3835"><net_src comp="3815" pin="4"/><net_sink comp="2824" pin=1"/></net>

<net id="3836"><net_src comp="3815" pin="4"/><net_sink comp="2896" pin=1"/></net>

<net id="3837"><net_src comp="3815" pin="4"/><net_sink comp="2968" pin=1"/></net>

<net id="3838"><net_src comp="3815" pin="4"/><net_sink comp="3040" pin=1"/></net>

<net id="3839"><net_src comp="3815" pin="4"/><net_sink comp="3112" pin=1"/></net>

<net id="3840"><net_src comp="3815" pin="4"/><net_sink comp="3184" pin=1"/></net>

<net id="3841"><net_src comp="3815" pin="4"/><net_sink comp="3256" pin=1"/></net>

<net id="3842"><net_src comp="3815" pin="4"/><net_sink comp="3328" pin=1"/></net>

<net id="3849"><net_src comp="480" pin="0"/><net_sink comp="3843" pin=0"/></net>

<net id="3850"><net_src comp="550" pin="2"/><net_sink comp="3843" pin=1"/></net>

<net id="3851"><net_src comp="506" pin="0"/><net_sink comp="3843" pin=2"/></net>

<net id="3852"><net_src comp="508" pin="0"/><net_sink comp="3843" pin=3"/></net>

<net id="3853"><net_src comp="3843" pin="4"/><net_sink comp="2110" pin=1"/></net>

<net id="3854"><net_src comp="3843" pin="4"/><net_sink comp="2182" pin=1"/></net>

<net id="3855"><net_src comp="3843" pin="4"/><net_sink comp="2254" pin=1"/></net>

<net id="3856"><net_src comp="3843" pin="4"/><net_sink comp="2326" pin=1"/></net>

<net id="3857"><net_src comp="3843" pin="4"/><net_sink comp="2398" pin=1"/></net>

<net id="3858"><net_src comp="3843" pin="4"/><net_sink comp="2470" pin=1"/></net>

<net id="3859"><net_src comp="3843" pin="4"/><net_sink comp="2542" pin=1"/></net>

<net id="3860"><net_src comp="3843" pin="4"/><net_sink comp="2614" pin=1"/></net>

<net id="3861"><net_src comp="3843" pin="4"/><net_sink comp="2686" pin=1"/></net>

<net id="3862"><net_src comp="3843" pin="4"/><net_sink comp="2758" pin=1"/></net>

<net id="3863"><net_src comp="3843" pin="4"/><net_sink comp="2830" pin=1"/></net>

<net id="3864"><net_src comp="3843" pin="4"/><net_sink comp="2902" pin=1"/></net>

<net id="3865"><net_src comp="3843" pin="4"/><net_sink comp="2974" pin=1"/></net>

<net id="3866"><net_src comp="3843" pin="4"/><net_sink comp="3046" pin=1"/></net>

<net id="3867"><net_src comp="3843" pin="4"/><net_sink comp="3118" pin=1"/></net>

<net id="3868"><net_src comp="3843" pin="4"/><net_sink comp="3190" pin=1"/></net>

<net id="3869"><net_src comp="3843" pin="4"/><net_sink comp="3262" pin=1"/></net>

<net id="3870"><net_src comp="3843" pin="4"/><net_sink comp="3334" pin=1"/></net>

<net id="3877"><net_src comp="480" pin="0"/><net_sink comp="3871" pin=0"/></net>

<net id="3878"><net_src comp="550" pin="2"/><net_sink comp="3871" pin=1"/></net>

<net id="3879"><net_src comp="510" pin="0"/><net_sink comp="3871" pin=2"/></net>

<net id="3880"><net_src comp="512" pin="0"/><net_sink comp="3871" pin=3"/></net>

<net id="3881"><net_src comp="3871" pin="4"/><net_sink comp="2116" pin=1"/></net>

<net id="3882"><net_src comp="3871" pin="4"/><net_sink comp="2188" pin=1"/></net>

<net id="3883"><net_src comp="3871" pin="4"/><net_sink comp="2260" pin=1"/></net>

<net id="3884"><net_src comp="3871" pin="4"/><net_sink comp="2332" pin=1"/></net>

<net id="3885"><net_src comp="3871" pin="4"/><net_sink comp="2404" pin=1"/></net>

<net id="3886"><net_src comp="3871" pin="4"/><net_sink comp="2476" pin=1"/></net>

<net id="3887"><net_src comp="3871" pin="4"/><net_sink comp="2548" pin=1"/></net>

<net id="3888"><net_src comp="3871" pin="4"/><net_sink comp="2620" pin=1"/></net>

<net id="3889"><net_src comp="3871" pin="4"/><net_sink comp="2692" pin=1"/></net>

<net id="3890"><net_src comp="3871" pin="4"/><net_sink comp="2764" pin=1"/></net>

<net id="3891"><net_src comp="3871" pin="4"/><net_sink comp="2836" pin=1"/></net>

<net id="3892"><net_src comp="3871" pin="4"/><net_sink comp="2908" pin=1"/></net>

<net id="3893"><net_src comp="3871" pin="4"/><net_sink comp="2980" pin=1"/></net>

<net id="3894"><net_src comp="3871" pin="4"/><net_sink comp="3052" pin=1"/></net>

<net id="3895"><net_src comp="3871" pin="4"/><net_sink comp="3124" pin=1"/></net>

<net id="3896"><net_src comp="3871" pin="4"/><net_sink comp="3196" pin=1"/></net>

<net id="3897"><net_src comp="3871" pin="4"/><net_sink comp="3268" pin=1"/></net>

<net id="3898"><net_src comp="3871" pin="4"/><net_sink comp="3340" pin=1"/></net>

<net id="3905"><net_src comp="480" pin="0"/><net_sink comp="3899" pin=0"/></net>

<net id="3906"><net_src comp="550" pin="2"/><net_sink comp="3899" pin=1"/></net>

<net id="3907"><net_src comp="514" pin="0"/><net_sink comp="3899" pin=2"/></net>

<net id="3908"><net_src comp="516" pin="0"/><net_sink comp="3899" pin=3"/></net>

<net id="3909"><net_src comp="3899" pin="4"/><net_sink comp="2122" pin=1"/></net>

<net id="3910"><net_src comp="3899" pin="4"/><net_sink comp="2194" pin=1"/></net>

<net id="3911"><net_src comp="3899" pin="4"/><net_sink comp="2266" pin=1"/></net>

<net id="3912"><net_src comp="3899" pin="4"/><net_sink comp="2338" pin=1"/></net>

<net id="3913"><net_src comp="3899" pin="4"/><net_sink comp="2410" pin=1"/></net>

<net id="3914"><net_src comp="3899" pin="4"/><net_sink comp="2482" pin=1"/></net>

<net id="3915"><net_src comp="3899" pin="4"/><net_sink comp="2554" pin=1"/></net>

<net id="3916"><net_src comp="3899" pin="4"/><net_sink comp="2626" pin=1"/></net>

<net id="3917"><net_src comp="3899" pin="4"/><net_sink comp="2698" pin=1"/></net>

<net id="3918"><net_src comp="3899" pin="4"/><net_sink comp="2770" pin=1"/></net>

<net id="3919"><net_src comp="3899" pin="4"/><net_sink comp="2842" pin=1"/></net>

<net id="3920"><net_src comp="3899" pin="4"/><net_sink comp="2914" pin=1"/></net>

<net id="3921"><net_src comp="3899" pin="4"/><net_sink comp="2986" pin=1"/></net>

<net id="3922"><net_src comp="3899" pin="4"/><net_sink comp="3058" pin=1"/></net>

<net id="3923"><net_src comp="3899" pin="4"/><net_sink comp="3130" pin=1"/></net>

<net id="3924"><net_src comp="3899" pin="4"/><net_sink comp="3202" pin=1"/></net>

<net id="3925"><net_src comp="3899" pin="4"/><net_sink comp="3274" pin=1"/></net>

<net id="3926"><net_src comp="3899" pin="4"/><net_sink comp="3346" pin=1"/></net>

<net id="3933"><net_src comp="480" pin="0"/><net_sink comp="3927" pin=0"/></net>

<net id="3934"><net_src comp="550" pin="2"/><net_sink comp="3927" pin=1"/></net>

<net id="3935"><net_src comp="518" pin="0"/><net_sink comp="3927" pin=2"/></net>

<net id="3936"><net_src comp="520" pin="0"/><net_sink comp="3927" pin=3"/></net>

<net id="3937"><net_src comp="3927" pin="4"/><net_sink comp="2128" pin=1"/></net>

<net id="3938"><net_src comp="3927" pin="4"/><net_sink comp="2200" pin=1"/></net>

<net id="3939"><net_src comp="3927" pin="4"/><net_sink comp="2272" pin=1"/></net>

<net id="3940"><net_src comp="3927" pin="4"/><net_sink comp="2344" pin=1"/></net>

<net id="3941"><net_src comp="3927" pin="4"/><net_sink comp="2416" pin=1"/></net>

<net id="3942"><net_src comp="3927" pin="4"/><net_sink comp="2488" pin=1"/></net>

<net id="3943"><net_src comp="3927" pin="4"/><net_sink comp="2560" pin=1"/></net>

<net id="3944"><net_src comp="3927" pin="4"/><net_sink comp="2632" pin=1"/></net>

<net id="3945"><net_src comp="3927" pin="4"/><net_sink comp="2704" pin=1"/></net>

<net id="3946"><net_src comp="3927" pin="4"/><net_sink comp="2776" pin=1"/></net>

<net id="3947"><net_src comp="3927" pin="4"/><net_sink comp="2848" pin=1"/></net>

<net id="3948"><net_src comp="3927" pin="4"/><net_sink comp="2920" pin=1"/></net>

<net id="3949"><net_src comp="3927" pin="4"/><net_sink comp="2992" pin=1"/></net>

<net id="3950"><net_src comp="3927" pin="4"/><net_sink comp="3064" pin=1"/></net>

<net id="3951"><net_src comp="3927" pin="4"/><net_sink comp="3136" pin=1"/></net>

<net id="3952"><net_src comp="3927" pin="4"/><net_sink comp="3208" pin=1"/></net>

<net id="3953"><net_src comp="3927" pin="4"/><net_sink comp="3280" pin=1"/></net>

<net id="3954"><net_src comp="3927" pin="4"/><net_sink comp="3352" pin=1"/></net>

<net id="3961"><net_src comp="480" pin="0"/><net_sink comp="3955" pin=0"/></net>

<net id="3962"><net_src comp="550" pin="2"/><net_sink comp="3955" pin=1"/></net>

<net id="3963"><net_src comp="522" pin="0"/><net_sink comp="3955" pin=2"/></net>

<net id="3964"><net_src comp="524" pin="0"/><net_sink comp="3955" pin=3"/></net>

<net id="3965"><net_src comp="3955" pin="4"/><net_sink comp="2134" pin=1"/></net>

<net id="3966"><net_src comp="3955" pin="4"/><net_sink comp="2206" pin=1"/></net>

<net id="3967"><net_src comp="3955" pin="4"/><net_sink comp="2278" pin=1"/></net>

<net id="3968"><net_src comp="3955" pin="4"/><net_sink comp="2350" pin=1"/></net>

<net id="3969"><net_src comp="3955" pin="4"/><net_sink comp="2422" pin=1"/></net>

<net id="3970"><net_src comp="3955" pin="4"/><net_sink comp="2494" pin=1"/></net>

<net id="3971"><net_src comp="3955" pin="4"/><net_sink comp="2566" pin=1"/></net>

<net id="3972"><net_src comp="3955" pin="4"/><net_sink comp="2638" pin=1"/></net>

<net id="3973"><net_src comp="3955" pin="4"/><net_sink comp="2710" pin=1"/></net>

<net id="3974"><net_src comp="3955" pin="4"/><net_sink comp="2782" pin=1"/></net>

<net id="3975"><net_src comp="3955" pin="4"/><net_sink comp="2854" pin=1"/></net>

<net id="3976"><net_src comp="3955" pin="4"/><net_sink comp="2926" pin=1"/></net>

<net id="3977"><net_src comp="3955" pin="4"/><net_sink comp="2998" pin=1"/></net>

<net id="3978"><net_src comp="3955" pin="4"/><net_sink comp="3070" pin=1"/></net>

<net id="3979"><net_src comp="3955" pin="4"/><net_sink comp="3142" pin=1"/></net>

<net id="3980"><net_src comp="3955" pin="4"/><net_sink comp="3214" pin=1"/></net>

<net id="3981"><net_src comp="3955" pin="4"/><net_sink comp="3286" pin=1"/></net>

<net id="3982"><net_src comp="3955" pin="4"/><net_sink comp="3358" pin=1"/></net>

<net id="3987"><net_src comp="3417" pin="3"/><net_sink comp="3983" pin=0"/></net>

<net id="3988"><net_src comp="462" pin="0"/><net_sink comp="3983" pin=1"/></net>

<net id="3993"><net_src comp="3425" pin="3"/><net_sink comp="3989" pin=0"/></net>

<net id="3998"><net_src comp="3983" pin="2"/><net_sink comp="3994" pin=0"/></net>

<net id="4002"><net_src comp="532" pin="1"/><net_sink comp="3999" pin=0"/></net>

<net id="4003"><net_src comp="3999" pin="1"/><net_sink comp="3374" pin=1"/></net>

<net id="4004"><net_src comp="3999" pin="1"/><net_sink comp="3399" pin=0"/></net>

<net id="4005"><net_src comp="3999" pin="1"/><net_sink comp="3994" pin=1"/></net>

<net id="4009"><net_src comp="536" pin="1"/><net_sink comp="4006" pin=0"/></net>

<net id="4010"><net_src comp="4006" pin="1"/><net_sink comp="3369" pin=1"/></net>

<net id="4011"><net_src comp="4006" pin="1"/><net_sink comp="3402" pin=0"/></net>

<net id="4012"><net_src comp="4006" pin="1"/><net_sink comp="3989" pin=1"/></net>

<net id="4016"><net_src comp="540" pin="1"/><net_sink comp="4013" pin=0"/></net>

<net id="4017"><net_src comp="4013" pin="1"/><net_sink comp="3364" pin=1"/></net>

<net id="4018"><net_src comp="4013" pin="1"/><net_sink comp="3379" pin=0"/></net>

<net id="4019"><net_src comp="4013" pin="1"/><net_sink comp="3394" pin=1"/></net>

<net id="4023"><net_src comp="544" pin="2"/><net_sink comp="4020" pin=0"/></net>

</net_list>

</model> 
---------------- Datapath Model END ------------------

* FSMD analyzer results:
  - Output states:
	Port: fb | {2 }
	Port: fb_216 | {2 }
	Port: fb_217 | {2 }
	Port: fb_218 | {2 }
	Port: fb_219 | {2 }
	Port: fb_220 | {2 }
	Port: fb_221 | {2 }
	Port: fb_222 | {2 }
	Port: fb_223 | {2 }
	Port: fb_224 | {2 }
	Port: fb_225 | {2 }
	Port: fb_226 | {2 }
	Port: fb_227 | {2 }
	Port: fb_228 | {2 }
	Port: fb_229 | {2 }
	Port: fb_230 | {2 }
	Port: fb_231 | {2 }
	Port: fb_232 | {2 }
	Port: fb_233 | {2 }
	Port: fb_234 | {2 }
	Port: fb_235 | {2 }
	Port: fb_236 | {2 }
	Port: fb_237 | {2 }
	Port: fb_238 | {2 }
	Port: fb_239 | {2 }
	Port: fb_240 | {2 }
	Port: fb_241 | {2 }
	Port: fb_242 | {2 }
	Port: fb_243 | {2 }
	Port: fb_244 | {2 }
	Port: fb_245 | {2 }
	Port: fb_246 | {2 }
	Port: fb_247 | {2 }
	Port: fb_248 | {2 }
	Port: fb_249 | {2 }
	Port: fb_250 | {2 }
	Port: fb_251 | {2 }
	Port: fb_252 | {2 }
	Port: fb_253 | {2 }
	Port: fb_254 | {2 }
	Port: fb_255 | {2 }
	Port: fb_256 | {2 }
	Port: fb_257 | {2 }
	Port: fb_258 | {2 }
	Port: fb_259 | {2 }
	Port: fb_260 | {2 }
	Port: fb_261 | {2 }
	Port: fb_262 | {2 }
	Port: fb_263 | {2 }
	Port: fb_264 | {2 }
	Port: fb_265 | {2 }
	Port: fb_266 | {2 }
	Port: fb_267 | {2 }
	Port: fb_268 | {2 }
	Port: fb_269 | {2 }
	Port: fb_270 | {2 }
	Port: fb_271 | {2 }
	Port: fb_272 | {2 }
	Port: fb_273 | {2 }
	Port: fb_274 | {2 }
	Port: fb_275 | {2 }
	Port: fb_276 | {2 }
	Port: fb_277 | {2 }
	Port: fb_278 | {2 }
	Port: fb_279 | {2 }
	Port: fb_280 | {2 }
	Port: fb_281 | {2 }
	Port: fb_282 | {2 }
	Port: fb_283 | {2 }
	Port: fb_284 | {2 }
	Port: fb_285 | {2 }
	Port: fb_286 | {2 }
	Port: fb_287 | {2 }
	Port: fb_288 | {2 }
	Port: fb_289 | {2 }
	Port: fb_290 | {2 }
	Port: fb_291 | {2 }
	Port: fb_292 | {2 }
	Port: fb_293 | {2 }
	Port: fb_294 | {2 }
	Port: fb_295 | {2 }
	Port: fb_296 | {2 }
	Port: fb_297 | {2 }
	Port: fb_298 | {2 }
	Port: fb_299 | {2 }
	Port: fb_300 | {2 }
	Port: fb_301 | {2 }
	Port: fb_302 | {2 }
	Port: fb_303 | {2 }
	Port: fb_304 | {2 }
	Port: fb_305 | {2 }
	Port: fb_306 | {2 }
	Port: fb_307 | {2 }
	Port: fb_308 | {2 }
	Port: fb_309 | {2 }
	Port: fb_310 | {2 }
	Port: fb_311 | {2 }
	Port: fb_312 | {2 }
	Port: fb_313 | {2 }
	Port: fb_314 | {2 }
	Port: fb_315 | {2 }
	Port: fb_316 | {2 }
	Port: fb_317 | {2 }
	Port: fb_318 | {2 }
	Port: fb_319 | {2 }
	Port: fb_320 | {2 }
	Port: fb_321 | {2 }
	Port: fb_322 | {2 }
	Port: fb_323 | {2 }
	Port: fb_324 | {2 }
	Port: fb_325 | {2 }
	Port: fb_326 | {2 }
	Port: fb_327 | {2 }
	Port: fb_328 | {2 }
	Port: fb_329 | {2 }
	Port: fb_330 | {2 }
	Port: fb_331 | {2 }
	Port: fb_332 | {2 }
	Port: fb_333 | {2 }
	Port: fb_334 | {2 }
	Port: fb_335 | {2 }
	Port: fb_336 | {2 }
	Port: fb_337 | {2 }
	Port: fb_338 | {2 }
	Port: fb_339 | {2 }
	Port: fb_340 | {2 }
	Port: fb_341 | {2 }
	Port: fb_342 | {2 }
	Port: fb_343 | {2 }
	Port: fb_344 | {2 }
	Port: fb_345 | {2 }
	Port: fb_346 | {2 }
	Port: fb_347 | {2 }
	Port: fb_348 | {2 }
	Port: fb_349 | {2 }
	Port: fb_350 | {2 }
	Port: fb_351 | {2 }
	Port: fb_352 | {2 }
	Port: fb_353 | {2 }
	Port: fb_354 | {2 }
	Port: fb_355 | {2 }
	Port: fb_356 | {2 }
	Port: fb_357 | {2 }
	Port: fb_358 | {2 }
	Port: fb_359 | {2 }
	Port: fb_360 | {2 }
	Port: fb_361 | {2 }
	Port: fb_362 | {2 }
	Port: fb_363 | {2 }
	Port: fb_364 | {2 }
	Port: fb_365 | {2 }
	Port: fb_366 | {2 }
	Port: fb_367 | {2 }
	Port: fb_368 | {2 }
	Port: fb_369 | {2 }
	Port: fb_370 | {2 }
	Port: fb_371 | {2 }
	Port: fb_372 | {2 }
	Port: fb_373 | {2 }
	Port: fb_374 | {2 }
	Port: fb_375 | {2 }
	Port: fb_376 | {2 }
	Port: fb_377 | {2 }
	Port: fb_378 | {2 }
	Port: fb_379 | {2 }
	Port: fb_380 | {2 }
	Port: fb_381 | {2 }
	Port: fb_382 | {2 }
	Port: fb_383 | {2 }
	Port: fb_384 | {2 }
	Port: fb_385 | {2 }
	Port: fb_386 | {2 }
	Port: fb_387 | {2 }
	Port: fb_388 | {2 }
	Port: fb_389 | {2 }
	Port: fb_390 | {2 }
	Port: fb_391 | {2 }
	Port: fb_392 | {2 }
	Port: fb_393 | {2 }
	Port: fb_394 | {2 }
	Port: fb_395 | {2 }
	Port: fb_396 | {2 }
	Port: fb_397 | {2 }
	Port: fb_398 | {2 }
	Port: fb_399 | {2 }
	Port: fb_400 | {2 }
	Port: fb_401 | {2 }
	Port: fb_402 | {2 }
	Port: fb_403 | {2 }
	Port: fb_404 | {2 }
	Port: fb_405 | {2 }
	Port: fb_406 | {2 }
	Port: fb_407 | {2 }
	Port: fb_408 | {2 }
	Port: fb_409 | {2 }
	Port: fb_410 | {2 }
	Port: fb_411 | {2 }
	Port: fb_412 | {2 }
	Port: fb_413 | {2 }
	Port: fb_414 | {2 }
	Port: fb_415 | {2 }
	Port: fb_416 | {2 }
	Port: fb_417 | {2 }
	Port: fb_418 | {2 }
	Port: fb_419 | {2 }
	Port: fb_420 | {2 }
	Port: fb_421 | {2 }
	Port: fb_422 | {2 }
	Port: fb_423 | {2 }
	Port: fb_424 | {2 }
	Port: fb_425 | {2 }
	Port: fb_426 | {2 }
	Port: fb_427 | {2 }
	Port: fb_428 | {2 }
	Port: fb_429 | {2 }
	Port: fb_430 | {2 }
	Port: s1 | {}
 - Input state : 
	Port: conv3d_hidden_layer<12>_Pipeline_VITIS_LOOP_46_1_VITIS_LOOP_47_2 : s1 | {2 }
	Port: conv3d_hidden_layer<12>_Pipeline_VITIS_LOOP_46_1_VITIS_LOOP_47_2 : empty | {1 }
  - Chain level:
	State 1
		store_ln0 : 1
		store_ln46 : 1
		store_ln50 : 1
		indvar_flatten40_load : 1
		icmp_ln46 : 2
		add_ln46_2 : 2
		br_ln46 : 3
		store_ln46 : 3
	State 2
		add_ln46 : 1
		icmp_ln47 : 1
		select_ln46 : 2
		select_ln46_2 : 2
		zext_ln46 : 3
		fb_addr : 4
		fb_216_addr : 4
		fb_217_addr : 4
		fb_218_addr : 4
		fb_219_addr : 4
		fb_220_addr : 4
		fb_221_addr : 4
		fb_222_addr : 4
		fb_223_addr : 4
		fb_224_addr : 4
		fb_225_addr : 4
		fb_226_addr : 4
		fb_227_addr : 4
		fb_228_addr : 4
		fb_229_addr : 4
		fb_230_addr : 4
		fb_231_addr : 4
		fb_232_addr : 4
		fb_233_addr : 4
		fb_234_addr : 4
		fb_235_addr : 4
		fb_236_addr : 4
		fb_237_addr : 4
		fb_238_addr : 4
		fb_239_addr : 4
		fb_240_addr : 4
		fb_241_addr : 4
		fb_242_addr : 4
		fb_243_addr : 4
		fb_244_addr : 4
		fb_245_addr : 4
		fb_246_addr : 4
		fb_247_addr : 4
		fb_248_addr : 4
		fb_249_addr : 4
		fb_250_addr : 4
		fb_251_addr : 4
		fb_252_addr : 4
		fb_253_addr : 4
		fb_254_addr : 4
		fb_255_addr : 4
		fb_256_addr : 4
		fb_257_addr : 4
		fb_258_addr : 4
		fb_259_addr : 4
		fb_260_addr : 4
		fb_261_addr : 4
		fb_262_addr : 4
		fb_263_addr : 4
		fb_264_addr : 4
		fb_265_addr : 4
		fb_266_addr : 4
		fb_267_addr : 4
		fb_268_addr : 4
		fb_269_addr : 4
		fb_270_addr : 4
		fb_271_addr : 4
		fb_272_addr : 4
		fb_273_addr : 4
		fb_274_addr : 4
		fb_275_addr : 4
		fb_276_addr : 4
		fb_277_addr : 4
		fb_278_addr : 4
		fb_279_addr : 4
		fb_280_addr : 4
		fb_281_addr : 4
		fb_282_addr : 4
		fb_283_addr : 4
		fb_284_addr : 4
		fb_285_addr : 4
		fb_286_addr : 4
		fb_287_addr : 4
		fb_288_addr : 4
		fb_289_addr : 4
		fb_290_addr : 4
		fb_291_addr : 4
		fb_292_addr : 4
		fb_293_addr : 4
		fb_294_addr : 4
		fb_295_addr : 4
		fb_296_addr : 4
		fb_297_addr : 4
		fb_298_addr : 4
		fb_299_addr : 4
		fb_300_addr : 4
		fb_301_addr : 4
		fb_302_addr : 4
		fb_303_addr : 4
		fb_304_addr : 4
		fb_305_addr : 4
		fb_306_addr : 4
		fb_307_addr : 4
		fb_308_addr : 4
		fb_309_addr : 4
		fb_310_addr : 4
		fb_311_addr : 4
		fb_312_addr : 4
		fb_313_addr : 4
		fb_314_addr : 4
		fb_315_addr : 4
		fb_316_addr : 4
		fb_317_addr : 4
		fb_318_addr : 4
		fb_319_addr : 4
		fb_320_addr : 4
		fb_321_addr : 4
		fb_322_addr : 4
		fb_323_addr : 4
		fb_324_addr : 4
		fb_325_addr : 4
		fb_326_addr : 4
		fb_327_addr : 4
		fb_328_addr : 4
		fb_329_addr : 4
		fb_330_addr : 4
		fb_331_addr : 4
		fb_332_addr : 4
		fb_333_addr : 4
		fb_334_addr : 4
		fb_335_addr : 4
		fb_336_addr : 4
		fb_337_addr : 4
		fb_338_addr : 4
		fb_339_addr : 4
		fb_340_addr : 4
		fb_341_addr : 4
		fb_342_addr : 4
		fb_343_addr : 4
		fb_344_addr : 4
		fb_345_addr : 4
		fb_346_addr : 4
		fb_347_addr : 4
		fb_348_addr : 4
		fb_349_addr : 4
		fb_350_addr : 4
		fb_351_addr : 4
		fb_352_addr : 4
		fb_353_addr : 4
		fb_354_addr : 4
		fb_355_addr : 4
		fb_356_addr : 4
		fb_357_addr : 4
		fb_358_addr : 4
		fb_359_addr : 4
		fb_360_addr : 4
		fb_361_addr : 4
		fb_362_addr : 4
		fb_363_addr : 4
		fb_364_addr : 4
		fb_365_addr : 4
		fb_366_addr : 4
		fb_367_addr : 4
		fb_368_addr : 4
		fb_369_addr : 4
		fb_370_addr : 4
		fb_371_addr : 4
		fb_372_addr : 4
		fb_373_addr : 4
		fb_374_addr : 4
		fb_375_addr : 4
		fb_376_addr : 4
		fb_377_addr : 4
		fb_378_addr : 4
		fb_379_addr : 4
		fb_380_addr : 4
		fb_381_addr : 4
		fb_382_addr : 4
		fb_383_addr : 4
		fb_384_addr : 4
		fb_385_addr : 4
		fb_386_addr : 4
		fb_387_addr : 4
		fb_388_addr : 4
		fb_389_addr : 4
		fb_390_addr : 4
		fb_391_addr : 4
		fb_392_addr : 4
		fb_393_addr : 4
		fb_394_addr : 4
		fb_395_addr : 4
		fb_396_addr : 4
		fb_397_addr : 4
		fb_398_addr : 4
		fb_399_addr : 4
		fb_400_addr : 4
		fb_401_addr : 4
		fb_402_addr : 4
		fb_403_addr : 4
		fb_404_addr : 4
		fb_405_addr : 4
		fb_406_addr : 4
		fb_407_addr : 4
		fb_408_addr : 4
		fb_409_addr : 4
		fb_410_addr : 4
		fb_411_addr : 4
		fb_412_addr : 4
		fb_413_addr : 4
		fb_414_addr : 4
		fb_415_addr : 4
		fb_416_addr : 4
		fb_417_addr : 4
		fb_418_addr : 4
		fb_419_addr : 4
		fb_420_addr : 4
		fb_421_addr : 4
		fb_422_addr : 4
		fb_423_addr : 4
		fb_424_addr : 4
		fb_425_addr : 4
		fb_426_addr : 4
		fb_427_addr : 4
		fb_428_addr : 4
		fb_429_addr : 4
		fb_430_addr : 4
		switch_ln55 : 3
		store_ln55 : 5
		store_ln55 : 5
		store_ln55 : 5
		store_ln55 : 5
		store_ln55 : 5
		store_ln55 : 5
		store_ln55 : 5
		store_ln55 : 5
		store_ln55 : 5
		store_ln55 : 5
		store_ln55 : 5
		store_ln55 : 5
		store_ln55 : 5
		store_ln55 : 5
		store_ln55 : 5
		store_ln55 : 5
		store_ln55 : 5
		store_ln55 : 5
		store_ln55 : 5
		store_ln55 : 5
		store_ln55 : 5
		store_ln55 : 5
		store_ln55 : 5
		store_ln55 : 5
		store_ln55 : 5
		store_ln55 : 5
		store_ln55 : 5
		store_ln55 : 5
		store_ln55 : 5
		store_ln55 : 5
		store_ln55 : 5
		store_ln55 : 5
		store_ln55 : 5
		store_ln55 : 5
		store_ln55 : 5
		store_ln55 : 5
		store_ln55 : 5
		store_ln55 : 5
		store_ln55 : 5
		store_ln55 : 5
		store_ln55 : 5
		store_ln55 : 5
		store_ln55 : 5
		store_ln55 : 5
		store_ln55 : 5
		store_ln55 : 5
		store_ln55 : 5
		store_ln55 : 5
		store_ln55 : 5
		store_ln55 : 5
		store_ln55 : 5
		store_ln55 : 5
		store_ln55 : 5
		store_ln55 : 5
		store_ln55 : 5
		store_ln55 : 5
		store_ln55 : 5
		store_ln55 : 5
		store_ln55 : 5
		store_ln55 : 5
		store_ln55 : 5
		store_ln55 : 5
		store_ln55 : 5
		store_ln55 : 5
		store_ln55 : 5
		store_ln55 : 5
		store_ln55 : 5
		store_ln55 : 5
		store_ln55 : 5
		store_ln55 : 5
		store_ln55 : 5
		store_ln55 : 5
		switch_ln55 : 3
		store_ln55 : 5
		store_ln55 : 5
		store_ln55 : 5
		store_ln55 : 5
		store_ln55 : 5
		store_ln55 : 5
		store_ln55 : 5
		store_ln55 : 5
		store_ln55 : 5
		store_ln55 : 5
		store_ln55 : 5
		store_ln55 : 5
		store_ln55 : 5
		store_ln55 : 5
		store_ln55 : 5
		store_ln55 : 5
		store_ln55 : 5
		store_ln55 : 5
		store_ln55 : 5
		store_ln55 : 5
		store_ln55 : 5
		store_ln55 : 5
		store_ln55 : 5
		store_ln55 : 5
		store_ln55 : 5
		store_ln55 : 5
		store_ln55 : 5
		store_ln55 : 5
		store_ln55 : 5
		store_ln55 : 5
		store_ln55 : 5
		store_ln55 : 5
		store_ln55 : 5
		store_ln55 : 5
		store_ln55 : 5
		store_ln55 : 5
		store_ln55 : 5
		store_ln55 : 5
		store_ln55 : 5
		store_ln55 : 5
		store_ln55 : 5
		store_ln55 : 5
		store_ln55 : 5
		store_ln55 : 5
		store_ln55 : 5
		store_ln55 : 5
		store_ln55 : 5
		store_ln55 : 5
		store_ln55 : 5
		store_ln55 : 5
		store_ln55 : 5
		store_ln55 : 5
		store_ln55 : 5
		store_ln55 : 5
		store_ln55 : 5
		store_ln55 : 5
		store_ln55 : 5
		store_ln55 : 5
		store_ln55 : 5
		store_ln55 : 5
		store_ln55 : 5
		store_ln55 : 5
		store_ln55 : 5
		store_ln55 : 5
		store_ln55 : 5
		store_ln55 : 5
		store_ln55 : 5
		store_ln55 : 5
		store_ln55 : 5
		store_ln55 : 5
		store_ln55 : 5
		store_ln55 : 5
		switch_ln55 : 3
		store_ln55 : 5
		store_ln55 : 5
		store_ln55 : 5
		store_ln55 : 5
		store_ln55 : 5
		store_ln55 : 5
		store_ln55 : 5
		store_ln55 : 5
		store_ln55 : 5
		store_ln55 : 5
		store_ln55 : 5
		store_ln55 : 5
		store_ln55 : 5
		store_ln55 : 5
		store_ln55 : 5
		store_ln55 : 5
		store_ln55 : 5
		store_ln55 : 5
		store_ln55 : 5
		store_ln55 : 5
		store_ln55 : 5
		store_ln55 : 5
		store_ln55 : 5
		store_ln55 : 5
		store_ln55 : 5
		store_ln55 : 5
		store_ln55 : 5
		store_ln55 : 5
		store_ln55 : 5
		store_ln55 : 5
		store_ln55 : 5
		store_ln55 : 5
		store_ln55 : 5
		store_ln55 : 5
		store_ln55 : 5
		store_ln55 : 5
		store_ln55 : 5
		store_ln55 : 5
		store_ln55 : 5
		store_ln55 : 5
		store_ln55 : 5
		store_ln55 : 5
		store_ln55 : 5
		store_ln55 : 5
		store_ln55 : 5
		store_ln55 : 5
		store_ln55 : 5
		store_ln55 : 5
		store_ln55 : 5
		store_ln55 : 5
		store_ln55 : 5
		store_ln55 : 5
		store_ln55 : 5
		store_ln55 : 5
		store_ln55 : 5
		store_ln55 : 5
		store_ln55 : 5
		store_ln55 : 5
		store_ln55 : 5
		store_ln55 : 5
		store_ln55 : 5
		store_ln55 : 5
		store_ln55 : 5
		store_ln55 : 5
		store_ln55 : 5
		store_ln55 : 5
		store_ln55 : 5
		store_ln55 : 5
		store_ln55 : 5
		store_ln55 : 5
		store_ln55 : 5
		store_ln55 : 5
		add_ln47 : 3
		store_ln46 : 3
		store_ln50 : 4


============================================================
+ Verbose Summary: Datapath Resource usage 
============================================================

* Functional unit list:
|----------|-----------------------|---------|---------|
| Operation|    Functional Unit    |    FF   |   LUT   |
|----------|-----------------------|---------|---------|
|          |   add_ln46_2_fu_3388  |    0    |    13   |
|    add   |    add_ln46_fu_3405   |    0    |    10   |
|          |    add_ln47_fu_3983   |    0    |    10   |
|----------|-----------------------|---------|---------|
|   icmp   |   icmp_ln46_fu_3382   |    0    |    13   |
|          |   icmp_ln47_fu_3411   |    0    |    10   |
|----------|-----------------------|---------|---------|
|  select  |  select_ln46_fu_3417  |    0    |    3    |
|          | select_ln46_2_fu_3425 |    0    |    3    |
|----------|-----------------------|---------|---------|
|   read   |    tmp_read_fu_544    |    0    |    0    |
|          |  s1_read_read_fu_550  |    0    |    0    |
|----------|-----------------------|---------|---------|
|   zext   |   zext_ln46_fu_3433   |    0    |    0    |
|----------|-----------------------|---------|---------|
|   trunc  |       a_fu_3653       |    0    |    0    |
|----------|-----------------------|---------|---------|
|          |      a_12_fu_3675     |    0    |    0    |
|          |      a_13_fu_3703     |    0    |    0    |
|          |      a_14_fu_3731     |    0    |    0    |
|          |      a_15_fu_3759     |    0    |    0    |
|          |      a_16_fu_3787     |    0    |    0    |
|partselect|      a_17_fu_3815     |    0    |    0    |
|          |      a_18_fu_3843     |    0    |    0    |
|          |      a_19_fu_3871     |    0    |    0    |
|          |      a_20_fu_3899     |    0    |    0    |
|          |      a_21_fu_3927     |    0    |    0    |
|          |      a_22_fu_3955     |    0    |    0    |
|----------|-----------------------|---------|---------|
|   Total  |                       |    0    |    62   |
|----------|-----------------------|---------|---------|

Memories:
N/A

* Register list:
+-------------------------+--------+
|                         |   FF   |
+-------------------------+--------+
|indvar_flatten40_reg_4013|    6   |
|       tmp_reg_4020      |    2   |
|       x_7_reg_3999      |    3   |
|        y_reg_4006       |    3   |
+-------------------------+--------+
|          Total          |   14   |
+-------------------------+--------+

* Multiplexer (MUX) list: 
|--------|------|------|------|--------|
|  Comp  |  Pin | Size |  BW  | S x BW |
|--------|------|------|------|--------|
|  Total |      |      |      |    0   |
|--------|------|------|------|--------|



* Summary:
+-----------+--------+--------+
|           |   FF   |   LUT  |
+-----------+--------+--------+
|  Function |    0   |   62   |
|   Memory  |    -   |    -   |
|Multiplexer|    -   |    -   |
|  Register |   14   |    -   |
+-----------+--------+--------+
|   Total   |   14   |   62   |
+-----------+--------+--------+
