

================================================================
== Vitis HLS Report for 'conv3d_hidden_layer_1_Pipeline_OC_LOOP'
================================================================
* Date:           Thu Sep  3 17:05:56 2026

* Version:        2023.2 (Build 4023990 on Oct 11 2023)
* Project:        predecoder_csynth_proj
* Solution:       solution1 (Vitis Kernel Flow Target)
* Product family: virtexuplusHBM
* Target device:  xcu55c-fsvh2892-2L-e


================================================================
== Performance Estimates
================================================================
+ Timing: 
    * Summary: 
    +--------+---------+----------+------------+
    |  Clock |  Target | Estimated| Uncertainty|
    +--------+---------+----------+------------+
    |ap_clk  |  3.33 ns|  2.258 ns|     0.90 ns|
    +--------+---------+----------+------------+

+ Latency: 
    * Summary: 
    +---------+---------+-----------+-----------+-----+-----+---------+
    |  Latency (cycles) |   Latency (absolute)  |  Interval | Pipeline|
    |   min   |   max   |    min    |    max    | min | max |   Type  |
    +---------+---------+-----------+-----------+-----+-----+---------+
    |       27|       27|  89.910 ns|  89.910 ns|   27|   27|       no|
    +---------+---------+-----------+-----------+-----+-----+---------+

    + Detail: 
        * Instance: 
        N/A

        * Loop: 
        +-----------+---------+---------+----------+-----------+-----------+------+----------+
        |           |  Latency (cycles) | Iteration|  Initiation Interval  | Trip |          |
        | Loop Name |   min   |   max   |  Latency |  achieved |   target  | Count| Pipelined|
        +-----------+---------+---------+----------+-----------+-----------+------+----------+
        |- OC_LOOP  |       25|       25|        15|          1|          1|    12|       yes|
        +-----------+---------+---------+----------+-----------+-----------+------+----------+

============================================================
+ Verbose Summary: Synthesis Manager
============================================================
InlineROM: 1
ExposeGlobal: 0
============================================================
+ Verbose Summary: CDFG Model
============================================================
IsTopModel: 0
ResetActiveHigh: 1
IsCombinational: 0
IsDatapathOnly: 0
HasWiredReturn: 1
HasMFsm: 2
HasVarLatency: 1
IsPipeline: 0
IsRtlPipelined: 0
IsInstanceOverlapped: 0
IsDontTouch: 0
HasImplIP: 0
IsGatedGlobalClock: 0

+ Individual pipeline summary: 
  * Pipeline-0: initiation interval (II) = 1, depth = 15


============================================================
+ Verbose Summary: Schedule
============================================================
* Number of FSM states : 15
* Pipeline : 1
  Pipeline-0 : II = 1, D = 15, States = { 1 2 3 4 5 6 7 8 9 10 11 12 13 14 15 }
* Dataflow Pipeline: 0

* FSM state transitions: 
1 --> 2 
2 --> 3 
3 --> 4 
4 --> 5 
5 --> 6 
6 --> 7 
7 --> 8 
8 --> 9 
9 --> 10 
10 --> 11 
11 --> 12 
12 --> 13 
13 --> 14 
14 --> 15 
15 --> 

* FSM state operations: 

State 1 <SV = 0> <Delay = 1.48>
ST_1 : Operation 18 [1/1] (0.00ns)   --->   "%oc = alloca i32 1" [predecoder_kernel.cpp:69]   --->   Operation 18 'alloca' 'oc' <Predicate = true> <Delay = 0.00>
ST_1 : Operation 19 [1/1] (0.00ns)   --->   "%zext_ln69_read = read i8 @_ssdm_op_Read.ap_auto.i8, i8 %zext_ln69"   --->   Operation 19 'read' 'zext_ln69_read' <Predicate = true> <Delay = 0.00>
ST_1 : Operation 20 [1/1] (0.00ns)   --->   "%window_1_0_load_8_cast_read = read i8 @_ssdm_op_Read.ap_auto.i8, i8 %window_1_0_load_8_cast"   --->   Operation 20 'read' 'window_1_0_load_8_cast_read' <Predicate = true> <Delay = 0.00>
ST_1 : Operation 21 [1/1] (0.00ns)   --->   "%window_0_load_8_cast_read = read i8 @_ssdm_op_Read.ap_auto.i8, i8 %window_0_load_8_cast"   --->   Operation 21 'read' 'window_0_load_8_cast_read' <Predicate = true> <Delay = 0.00>
ST_1 : Operation 22 [1/1] (0.00ns)   --->   "%window_2_0_load_7_cast_read = read i8 @_ssdm_op_Read.ap_auto.i8, i8 %window_2_0_load_7_cast"   --->   Operation 22 'read' 'window_2_0_load_7_cast_read' <Predicate = true> <Delay = 0.00>
ST_1 : Operation 23 [1/1] (0.00ns)   --->   "%window_1_0_load_7_cast_read = read i8 @_ssdm_op_Read.ap_auto.i8, i8 %window_1_0_load_7_cast"   --->   Operation 23 'read' 'window_1_0_load_7_cast_read' <Predicate = true> <Delay = 0.00>
ST_1 : Operation 24 [1/1] (0.00ns)   --->   "%window_0_load_7_cast_read = read i8 @_ssdm_op_Read.ap_auto.i8, i8 %window_0_load_7_cast"   --->   Operation 24 'read' 'window_0_load_7_cast_read' <Predicate = true> <Delay = 0.00>
ST_1 : Operation 25 [1/1] (0.00ns)   --->   "%window_2_0_load_6_cast_read = read i8 @_ssdm_op_Read.ap_auto.i8, i8 %window_2_0_load_6_cast"   --->   Operation 25 'read' 'window_2_0_load_6_cast_read' <Predicate = true> <Delay = 0.00>
ST_1 : Operation 26 [1/1] (0.00ns)   --->   "%window_1_0_load_6_cast_read = read i8 @_ssdm_op_Read.ap_auto.i8, i8 %window_1_0_load_6_cast"   --->   Operation 26 'read' 'window_1_0_load_6_cast_read' <Predicate = true> <Delay = 0.00>
ST_1 : Operation 27 [1/1] (0.00ns)   --->   "%window_0_load_6_cast_read = read i8 @_ssdm_op_Read.ap_auto.i8, i8 %window_0_load_6_cast"   --->   Operation 27 'read' 'window_0_load_6_cast_read' <Predicate = true> <Delay = 0.00>
ST_1 : Operation 28 [1/1] (0.00ns)   --->   "%window_2_0_load_5_cast_read = read i8 @_ssdm_op_Read.ap_auto.i8, i8 %window_2_0_load_5_cast"   --->   Operation 28 'read' 'window_2_0_load_5_cast_read' <Predicate = true> <Delay = 0.00>
ST_1 : Operation 29 [1/1] (0.00ns)   --->   "%window_1_0_load_5_cast_read = read i8 @_ssdm_op_Read.ap_auto.i8, i8 %window_1_0_load_5_cast"   --->   Operation 29 'read' 'window_1_0_load_5_cast_read' <Predicate = true> <Delay = 0.00>
ST_1 : Operation 30 [1/1] (0.00ns)   --->   "%window_0_load_5_cast_read = read i8 @_ssdm_op_Read.ap_auto.i8, i8 %window_0_load_5_cast"   --->   Operation 30 'read' 'window_0_load_5_cast_read' <Predicate = true> <Delay = 0.00>
ST_1 : Operation 31 [1/1] (0.00ns)   --->   "%window_2_0_load_4_cast_read = read i8 @_ssdm_op_Read.ap_auto.i8, i8 %window_2_0_load_4_cast"   --->   Operation 31 'read' 'window_2_0_load_4_cast_read' <Predicate = true> <Delay = 0.00>
ST_1 : Operation 32 [1/1] (0.00ns)   --->   "%window_1_0_load_4_cast_read = read i8 @_ssdm_op_Read.ap_auto.i8, i8 %window_1_0_load_4_cast"   --->   Operation 32 'read' 'window_1_0_load_4_cast_read' <Predicate = true> <Delay = 0.00>
ST_1 : Operation 33 [1/1] (0.00ns)   --->   "%window_0_load_4_cast_read = read i8 @_ssdm_op_Read.ap_auto.i8, i8 %window_0_load_4_cast"   --->   Operation 33 'read' 'window_0_load_4_cast_read' <Predicate = true> <Delay = 0.00>
ST_1 : Operation 34 [1/1] (0.00ns)   --->   "%window_2_0_load_3_cast_read = read i8 @_ssdm_op_Read.ap_auto.i8, i8 %window_2_0_load_3_cast"   --->   Operation 34 'read' 'window_2_0_load_3_cast_read' <Predicate = true> <Delay = 0.00>
ST_1 : Operation 35 [1/1] (0.00ns)   --->   "%window_1_0_load_3_cast_read = read i8 @_ssdm_op_Read.ap_auto.i8, i8 %window_1_0_load_3_cast"   --->   Operation 35 'read' 'window_1_0_load_3_cast_read' <Predicate = true> <Delay = 0.00>
ST_1 : Operation 36 [1/1] (0.00ns)   --->   "%window_0_load_3_cast_read = read i8 @_ssdm_op_Read.ap_auto.i8, i8 %window_0_load_3_cast"   --->   Operation 36 'read' 'window_0_load_3_cast_read' <Predicate = true> <Delay = 0.00>
ST_1 : Operation 37 [1/1] (0.00ns)   --->   "%window_2_0_load_2_cast_read = read i8 @_ssdm_op_Read.ap_auto.i8, i8 %window_2_0_load_2_cast"   --->   Operation 37 'read' 'window_2_0_load_2_cast_read' <Predicate = true> <Delay = 0.00>
ST_1 : Operation 38 [1/1] (0.00ns)   --->   "%window_1_0_load_2_cast_read = read i8 @_ssdm_op_Read.ap_auto.i8, i8 %window_1_0_load_2_cast"   --->   Operation 38 'read' 'window_1_0_load_2_cast_read' <Predicate = true> <Delay = 0.00>
ST_1 : Operation 39 [1/1] (0.00ns)   --->   "%window_0_load_2_cast_read = read i8 @_ssdm_op_Read.ap_auto.i8, i8 %window_0_load_2_cast"   --->   Operation 39 'read' 'window_0_load_2_cast_read' <Predicate = true> <Delay = 0.00>
ST_1 : Operation 40 [1/1] (0.00ns)   --->   "%window_2_0_load_1_cast_read = read i8 @_ssdm_op_Read.ap_auto.i8, i8 %window_2_0_load_1_cast"   --->   Operation 40 'read' 'window_2_0_load_1_cast_read' <Predicate = true> <Delay = 0.00>
ST_1 : Operation 41 [1/1] (0.00ns)   --->   "%window_1_0_load_1_cast_read = read i8 @_ssdm_op_Read.ap_auto.i8, i8 %window_1_0_load_1_cast"   --->   Operation 41 'read' 'window_1_0_load_1_cast_read' <Predicate = true> <Delay = 0.00>
ST_1 : Operation 42 [1/1] (0.00ns)   --->   "%window_0_load_1_cast_read = read i8 @_ssdm_op_Read.ap_auto.i8, i8 %window_0_load_1_cast"   --->   Operation 42 'read' 'window_0_load_1_cast_read' <Predicate = true> <Delay = 0.00>
ST_1 : Operation 43 [1/1] (0.00ns)   --->   "%window_2_0_load_cast_read = read i8 @_ssdm_op_Read.ap_auto.i8, i8 %window_2_0_load_cast"   --->   Operation 43 'read' 'window_2_0_load_cast_read' <Predicate = true> <Delay = 0.00>
ST_1 : Operation 44 [1/1] (0.00ns)   --->   "%window_1_0_load_cast_read = read i8 @_ssdm_op_Read.ap_auto.i8, i8 %window_1_0_load_cast"   --->   Operation 44 'read' 'window_1_0_load_cast_read' <Predicate = true> <Delay = 0.00>
ST_1 : Operation 45 [1/1] (0.00ns)   --->   "%window_0_load_cast_read = read i8 @_ssdm_op_Read.ap_auto.i8, i8 %window_0_load_cast"   --->   Operation 45 'read' 'window_0_load_cast_read' <Predicate = true> <Delay = 0.00>
ST_1 : Operation 46 [1/1] (0.00ns)   --->   "%zext_ln69_cast = zext i8 %zext_ln69_read"   --->   Operation 46 'zext' 'zext_ln69_cast' <Predicate = true> <Delay = 0.00>
ST_1 : Operation 47 [1/1] (0.00ns)   --->   "%window_1_0_load_8_cast_cast = zext i8 %window_1_0_load_8_cast_read"   --->   Operation 47 'zext' 'window_1_0_load_8_cast_cast' <Predicate = true> <Delay = 0.00>
ST_1 : Operation 48 [1/1] (0.00ns)   --->   "%window_0_load_8_cast_cast = zext i8 %window_0_load_8_cast_read"   --->   Operation 48 'zext' 'window_0_load_8_cast_cast' <Predicate = true> <Delay = 0.00>
ST_1 : Operation 49 [1/1] (0.00ns)   --->   "%window_2_0_load_7_cast_cast = zext i8 %window_2_0_load_7_cast_read"   --->   Operation 49 'zext' 'window_2_0_load_7_cast_cast' <Predicate = true> <Delay = 0.00>
ST_1 : Operation 50 [1/1] (0.00ns)   --->   "%window_1_0_load_7_cast_cast = zext i8 %window_1_0_load_7_cast_read"   --->   Operation 50 'zext' 'window_1_0_load_7_cast_cast' <Predicate = true> <Delay = 0.00>
ST_1 : Operation 51 [1/1] (0.00ns)   --->   "%window_0_load_7_cast_cast = zext i8 %window_0_load_7_cast_read"   --->   Operation 51 'zext' 'window_0_load_7_cast_cast' <Predicate = true> <Delay = 0.00>
ST_1 : Operation 52 [1/1] (0.00ns)   --->   "%window_2_0_load_6_cast_cast = zext i8 %window_2_0_load_6_cast_read"   --->   Operation 52 'zext' 'window_2_0_load_6_cast_cast' <Predicate = true> <Delay = 0.00>
ST_1 : Operation 53 [1/1] (0.00ns)   --->   "%window_1_0_load_6_cast_cast = zext i8 %window_1_0_load_6_cast_read"   --->   Operation 53 'zext' 'window_1_0_load_6_cast_cast' <Predicate = true> <Delay = 0.00>
ST_1 : Operation 54 [1/1] (0.00ns)   --->   "%window_0_load_6_cast_cast = zext i8 %window_0_load_6_cast_read"   --->   Operation 54 'zext' 'window_0_load_6_cast_cast' <Predicate = true> <Delay = 0.00>
ST_1 : Operation 55 [1/1] (0.00ns)   --->   "%window_2_0_load_5_cast_cast = zext i8 %window_2_0_load_5_cast_read"   --->   Operation 55 'zext' 'window_2_0_load_5_cast_cast' <Predicate = true> <Delay = 0.00>
ST_1 : Operation 56 [1/1] (0.00ns)   --->   "%window_1_0_load_5_cast_cast = zext i8 %window_1_0_load_5_cast_read"   --->   Operation 56 'zext' 'window_1_0_load_5_cast_cast' <Predicate = true> <Delay = 0.00>
ST_1 : Operation 57 [1/1] (0.00ns)   --->   "%window_0_load_5_cast_cast = zext i8 %window_0_load_5_cast_read"   --->   Operation 57 'zext' 'window_0_load_5_cast_cast' <Predicate = true> <Delay = 0.00>
ST_1 : Operation 58 [1/1] (0.00ns)   --->   "%window_2_0_load_4_cast_cast = zext i8 %window_2_0_load_4_cast_read"   --->   Operation 58 'zext' 'window_2_0_load_4_cast_cast' <Predicate = true> <Delay = 0.00>
ST_1 : Operation 59 [1/1] (0.00ns)   --->   "%window_1_0_load_4_cast_cast = zext i8 %window_1_0_load_4_cast_read"   --->   Operation 59 'zext' 'window_1_0_load_4_cast_cast' <Predicate = true> <Delay = 0.00>
ST_1 : Operation 60 [1/1] (0.00ns)   --->   "%window_0_load_4_cast_cast = zext i8 %window_0_load_4_cast_read"   --->   Operation 60 'zext' 'window_0_load_4_cast_cast' <Predicate = true> <Delay = 0.00>
ST_1 : Operation 61 [1/1] (0.00ns)   --->   "%window_2_0_load_3_cast_cast = zext i8 %window_2_0_load_3_cast_read"   --->   Operation 61 'zext' 'window_2_0_load_3_cast_cast' <Predicate = true> <Delay = 0.00>
ST_1 : Operation 62 [1/1] (0.00ns)   --->   "%window_1_0_load_3_cast_cast = zext i8 %window_1_0_load_3_cast_read"   --->   Operation 62 'zext' 'window_1_0_load_3_cast_cast' <Predicate = true> <Delay = 0.00>
ST_1 : Operation 63 [1/1] (0.00ns)   --->   "%window_0_load_3_cast_cast = zext i8 %window_0_load_3_cast_read"   --->   Operation 63 'zext' 'window_0_load_3_cast_cast' <Predicate = true> <Delay = 0.00>
ST_1 : Operation 64 [1/1] (0.00ns)   --->   "%window_2_0_load_2_cast_cast = zext i8 %window_2_0_load_2_cast_read"   --->   Operation 64 'zext' 'window_2_0_load_2_cast_cast' <Predicate = true> <Delay = 0.00>
ST_1 : Operation 65 [1/1] (0.00ns)   --->   "%window_1_0_load_2_cast_cast = zext i8 %window_1_0_load_2_cast_read"   --->   Operation 65 'zext' 'window_1_0_load_2_cast_cast' <Predicate = true> <Delay = 0.00>
ST_1 : Operation 66 [1/1] (0.00ns)   --->   "%window_0_load_2_cast_cast = zext i8 %window_0_load_2_cast_read"   --->   Operation 66 'zext' 'window_0_load_2_cast_cast' <Predicate = true> <Delay = 0.00>
ST_1 : Operation 67 [1/1] (0.00ns)   --->   "%window_2_0_load_1_cast_cast = zext i8 %window_2_0_load_1_cast_read"   --->   Operation 67 'zext' 'window_2_0_load_1_cast_cast' <Predicate = true> <Delay = 0.00>
ST_1 : Operation 68 [1/1] (0.00ns)   --->   "%window_1_0_load_1_cast_cast = zext i8 %window_1_0_load_1_cast_read"   --->   Operation 68 'zext' 'window_1_0_load_1_cast_cast' <Predicate = true> <Delay = 0.00>
ST_1 : Operation 69 [1/1] (0.00ns)   --->   "%window_0_load_1_cast_cast = zext i8 %window_0_load_1_cast_read"   --->   Operation 69 'zext' 'window_0_load_1_cast_cast' <Predicate = true> <Delay = 0.00>
ST_1 : Operation 70 [1/1] (0.00ns)   --->   "%window_2_0_load_cast_cast = zext i8 %window_2_0_load_cast_read"   --->   Operation 70 'zext' 'window_2_0_load_cast_cast' <Predicate = true> <Delay = 0.00>
ST_1 : Operation 71 [1/1] (0.00ns)   --->   "%window_1_0_load_cast_cast = zext i8 %window_1_0_load_cast_read"   --->   Operation 71 'zext' 'window_1_0_load_cast_cast' <Predicate = true> <Delay = 0.00>
ST_1 : Operation 72 [1/1] (0.00ns)   --->   "%window_0_load_cast_cast = zext i8 %window_0_load_cast_read"   --->   Operation 72 'zext' 'window_0_load_cast_cast' <Predicate = true> <Delay = 0.00>
ST_1 : Operation 73 [1/1] (0.38ns)   --->   "%store_ln69 = store i4 0, i4 %oc" [predecoder_kernel.cpp:69]   --->   Operation 73 'store' 'store_ln69' <Predicate = true> <Delay = 0.38>
ST_1 : Operation 74 [1/1] (0.00ns)   --->   "%br_ln0 = br void %PARTIAL_INIT"   --->   Operation 74 'br' 'br_ln0' <Predicate = true> <Delay = 0.00>
ST_1 : Operation 75 [1/1] (0.00ns)   --->   "%oc_1 = load i4 %oc" [predecoder_kernel.cpp:69]   --->   Operation 75 'load' 'oc_1' <Predicate = true> <Delay = 0.00>
ST_1 : Operation 76 [1/1] (0.70ns)   --->   "%icmp_ln69 = icmp_eq  i4 %oc_1, i4 12" [predecoder_kernel.cpp:69]   --->   Operation 76 'icmp' 'icmp_ln69' <Predicate = true> <Delay = 0.70> <CoreInst = "Cmp">   --->   Core 9 'Cmp' <Latency = 0> <II = 1> <Delay = 0.70> <FuncUnit> <Opcode : 'icmp'> <InPorts = 2> <OutPorts = 1>
ST_1 : Operation 77 [1/1] (0.70ns)   --->   "%add_ln69 = add i4 %oc_1, i4 1" [predecoder_kernel.cpp:69]   --->   Operation 77 'add' 'add_ln69' <Predicate = true> <Delay = 0.70> <CoreInst = "Adder">   --->   Core 1 'Adder' <Latency = 0> <II = 1> <Delay = 0.70> <FuncUnit> <Opcode : 'add' 'sub'> <InPorts = 2> <OutPorts = 1>
ST_1 : Operation 78 [1/1] (0.00ns)   --->   "%br_ln69 = br i1 %icmp_ln69, void %PARTIAL_INIT.split, void %for.inc180.exitStub" [predecoder_kernel.cpp:69]   --->   Operation 78 'br' 'br_ln69' <Predicate = true> <Delay = 0.00>
ST_1 : Operation 79 [1/1] (0.00ns)   --->   "%zext_ln69_1 = zext i4 %oc_1" [predecoder_kernel.cpp:69]   --->   Operation 79 'zext' 'zext_ln69_1' <Predicate = (!icmp_ln69)> <Delay = 0.00>
ST_1 : Operation 80 [1/1] (0.00ns)   --->   "%p_ZN18predecoder_weightsL13LAYER0_WEIGHTE_2_addr = getelementptr i8 %p_ZN18predecoder_weightsL13LAYER0_WEIGHTE_2, i64 0, i64 %zext_ln69_1" [predecoder_kernel.cpp:102]   --->   Operation 80 'getelementptr' 'p_ZN18predecoder_weightsL13LAYER0_WEIGHTE_2_addr' <Predicate = (!icmp_ln69)> <Delay = 0.00>
ST_1 : Operation 81 [2/2] (0.66ns)   --->   "%p_ZN18predecoder_weightsL13LAYER0_WEIGHTE_2_load = load i4 %p_ZN18predecoder_weightsL13LAYER0_WEIGHTE_2_addr" [predecoder_kernel.cpp:102]   --->   Operation 81 'load' 'p_ZN18predecoder_weightsL13LAYER0_WEIGHTE_2_load' <Predicate = (!icmp_ln69)> <Delay = 0.66> <CoreInst = "ROM">   --->   Core 101 'ROM' <Latency = 1> <II = 1> <Delay = 0.66> <Storage> <Opcode : 'load'> <Ports = 0> <Width = 8> <Depth = 12> <ROM>
ST_1 : Operation 82 [1/1] (0.00ns)   --->   "%p_ZN18predecoder_weightsL13LAYER0_WEIGHTE_6_addr = getelementptr i6 %p_ZN18predecoder_weightsL13LAYER0_WEIGHTE_6, i64 0, i64 %zext_ln69_1" [predecoder_kernel.cpp:102]   --->   Operation 82 'getelementptr' 'p_ZN18predecoder_weightsL13LAYER0_WEIGHTE_6_addr' <Predicate = (!icmp_ln69)> <Delay = 0.00>
ST_1 : Operation 83 [2/2] (0.66ns)   --->   "%p_ZN18predecoder_weightsL13LAYER0_WEIGHTE_6_load = load i4 %p_ZN18predecoder_weightsL13LAYER0_WEIGHTE_6_addr" [predecoder_kernel.cpp:102]   --->   Operation 83 'load' 'p_ZN18predecoder_weightsL13LAYER0_WEIGHTE_6_load' <Predicate = (!icmp_ln69)> <Delay = 0.66> <CoreInst = "ROM">   --->   Core 101 'ROM' <Latency = 1> <II = 1> <Delay = 0.66> <Storage> <Opcode : 'load'> <Ports = 0> <Width = 6> <Depth = 12> <ROM>
ST_1 : Operation 84 [1/1] (0.00ns)   --->   "%p_ZN18predecoder_weightsL13LAYER0_WEIGHTE_17_addr = getelementptr i8 %p_ZN18predecoder_weightsL13LAYER0_WEIGHTE_17, i64 0, i64 %zext_ln69_1" [predecoder_kernel.cpp:102]   --->   Operation 84 'getelementptr' 'p_ZN18predecoder_weightsL13LAYER0_WEIGHTE_17_addr' <Predicate = (!icmp_ln69)> <Delay = 0.00>
ST_1 : Operation 85 [2/2] (0.66ns)   --->   "%p_ZN18predecoder_weightsL13LAYER0_WEIGHTE_17_load = load i4 %p_ZN18predecoder_weightsL13LAYER0_WEIGHTE_17_addr" [predecoder_kernel.cpp:102]   --->   Operation 85 'load' 'p_ZN18predecoder_weightsL13LAYER0_WEIGHTE_17_load' <Predicate = (!icmp_ln69)> <Delay = 0.66> <CoreInst = "ROM">   --->   Core 101 'ROM' <Latency = 1> <II = 1> <Delay = 0.66> <Storage> <Opcode : 'load'> <Ports = 0> <Width = 8> <Depth = 12> <ROM>
ST_1 : Operation 86 [1/1] (0.00ns)   --->   "%p_ZN18predecoder_weightsL13LAYER0_WEIGHTE_20_addr = getelementptr i7 %p_ZN18predecoder_weightsL13LAYER0_WEIGHTE_20, i64 0, i64 %zext_ln69_1" [predecoder_kernel.cpp:102]   --->   Operation 86 'getelementptr' 'p_ZN18predecoder_weightsL13LAYER0_WEIGHTE_20_addr' <Predicate = (!icmp_ln69)> <Delay = 0.00>
ST_1 : Operation 87 [2/2] (0.66ns)   --->   "%p_ZN18predecoder_weightsL13LAYER0_WEIGHTE_20_load = load i4 %p_ZN18predecoder_weightsL13LAYER0_WEIGHTE_20_addr" [predecoder_kernel.cpp:102]   --->   Operation 87 'load' 'p_ZN18predecoder_weightsL13LAYER0_WEIGHTE_20_load' <Predicate = (!icmp_ln69)> <Delay = 0.66> <CoreInst = "ROM">   --->   Core 101 'ROM' <Latency = 1> <II = 1> <Delay = 0.66> <Storage> <Opcode : 'load'> <Ports = 0> <Width = 7> <Depth = 12> <ROM>
ST_1 : Operation 88 [1/1] (0.38ns)   --->   "%store_ln69 = store i4 %add_ln69, i4 %oc" [predecoder_kernel.cpp:69]   --->   Operation 88 'store' 'store_ln69' <Predicate = (!icmp_ln69)> <Delay = 0.38>

State 2 <SV = 1> <Delay = 1.66>
ST_2 : Operation 89 [1/1] (0.00ns)   --->   "%p_ZN18predecoder_weightsL13LAYER0_WEIGHTE_0_addr = getelementptr i8 %p_ZN18predecoder_weightsL13LAYER0_WEIGHTE_0, i64 0, i64 %zext_ln69_1" [predecoder_kernel.cpp:102]   --->   Operation 89 'getelementptr' 'p_ZN18predecoder_weightsL13LAYER0_WEIGHTE_0_addr' <Predicate = true> <Delay = 0.00>
ST_2 : Operation 90 [2/2] (0.66ns)   --->   "%p_ZN18predecoder_weightsL13LAYER0_WEIGHTE_0_load = load i4 %p_ZN18predecoder_weightsL13LAYER0_WEIGHTE_0_addr" [predecoder_kernel.cpp:102]   --->   Operation 90 'load' 'p_ZN18predecoder_weightsL13LAYER0_WEIGHTE_0_load' <Predicate = true> <Delay = 0.66> <CoreInst = "ROM">   --->   Core 101 'ROM' <Latency = 1> <II = 1> <Delay = 0.66> <Storage> <Opcode : 'load'> <Ports = 0> <Width = 8> <Depth = 12> <ROM>
ST_2 : Operation 91 [1/1] (0.00ns)   --->   "%p_ZN18predecoder_weightsL13LAYER0_WEIGHTE_1_addr = getelementptr i8 %p_ZN18predecoder_weightsL13LAYER0_WEIGHTE_1, i64 0, i64 %zext_ln69_1" [predecoder_kernel.cpp:102]   --->   Operation 91 'getelementptr' 'p_ZN18predecoder_weightsL13LAYER0_WEIGHTE_1_addr' <Predicate = true> <Delay = 0.00>
ST_2 : Operation 92 [2/2] (0.66ns)   --->   "%p_ZN18predecoder_weightsL13LAYER0_WEIGHTE_1_load = load i4 %p_ZN18predecoder_weightsL13LAYER0_WEIGHTE_1_addr" [predecoder_kernel.cpp:102]   --->   Operation 92 'load' 'p_ZN18predecoder_weightsL13LAYER0_WEIGHTE_1_load' <Predicate = true> <Delay = 0.66> <CoreInst = "ROM">   --->   Core 101 'ROM' <Latency = 1> <II = 1> <Delay = 0.66> <Storage> <Opcode : 'load'> <Ports = 0> <Width = 8> <Depth = 12> <ROM>
ST_2 : Operation 93 [1/2] (0.66ns)   --->   "%p_ZN18predecoder_weightsL13LAYER0_WEIGHTE_2_load = load i4 %p_ZN18predecoder_weightsL13LAYER0_WEIGHTE_2_addr" [predecoder_kernel.cpp:102]   --->   Operation 93 'load' 'p_ZN18predecoder_weightsL13LAYER0_WEIGHTE_2_load' <Predicate = true> <Delay = 0.66> <CoreInst = "ROM">   --->   Core 101 'ROM' <Latency = 1> <II = 1> <Delay = 0.66> <Storage> <Opcode : 'load'> <Ports = 0> <Width = 8> <Depth = 12> <ROM>
ST_2 : Operation 94 [1/1] (0.00ns)   --->   "%sext_ln102_4 = sext i8 %p_ZN18predecoder_weightsL13LAYER0_WEIGHTE_2_load" [predecoder_kernel.cpp:102]   --->   Operation 94 'sext' 'sext_ln102_4' <Predicate = true> <Delay = 0.00>
ST_2 : Operation 95 [3/3] (0.99ns) (grouped into DSP with root node add_ln112)   --->   "%partial_2 = mul i16 %sext_ln102_4, i16 %window_2_0_load_cast_cast" [predecoder_kernel.cpp:102]   --->   Operation 95 'mul' 'partial_2' <Predicate = true> <Delay = 0.99> <CoreInst = "DSP48">   --->   Core 127 'DSP48' <Latency = 3> <II = 1> <Delay = 0.53> <IPBlock> <Opcode : '' 'add' 'sub' 'mul' 'select'> <InPorts = 0> <OutPorts = 1> <Sync> <CReg>
ST_2 : Operation 96 [1/1] (0.00ns)   --->   "%p_ZN18predecoder_weightsL13LAYER0_WEIGHTE_3_addr = getelementptr i7 %p_ZN18predecoder_weightsL13LAYER0_WEIGHTE_3, i64 0, i64 %zext_ln69_1" [predecoder_kernel.cpp:102]   --->   Operation 96 'getelementptr' 'p_ZN18predecoder_weightsL13LAYER0_WEIGHTE_3_addr' <Predicate = true> <Delay = 0.00>
ST_2 : Operation 97 [2/2] (0.66ns)   --->   "%p_ZN18predecoder_weightsL13LAYER0_WEIGHTE_3_load = load i4 %p_ZN18predecoder_weightsL13LAYER0_WEIGHTE_3_addr" [predecoder_kernel.cpp:102]   --->   Operation 97 'load' 'p_ZN18predecoder_weightsL13LAYER0_WEIGHTE_3_load' <Predicate = true> <Delay = 0.66> <CoreInst = "ROM">   --->   Core 101 'ROM' <Latency = 1> <II = 1> <Delay = 0.66> <Storage> <Opcode : 'load'> <Ports = 0> <Width = 7> <Depth = 12> <ROM>
ST_2 : Operation 98 [1/2] (0.66ns)   --->   "%p_ZN18predecoder_weightsL13LAYER0_WEIGHTE_6_load = load i4 %p_ZN18predecoder_weightsL13LAYER0_WEIGHTE_6_addr" [predecoder_kernel.cpp:102]   --->   Operation 98 'load' 'p_ZN18predecoder_weightsL13LAYER0_WEIGHTE_6_load' <Predicate = true> <Delay = 0.66> <CoreInst = "ROM">   --->   Core 101 'ROM' <Latency = 1> <II = 1> <Delay = 0.66> <Storage> <Opcode : 'load'> <Ports = 0> <Width = 6> <Depth = 12> <ROM>
ST_2 : Operation 99 [1/1] (0.00ns)   --->   "%sext_ln102_12 = sext i6 %p_ZN18predecoder_weightsL13LAYER0_WEIGHTE_6_load" [predecoder_kernel.cpp:102]   --->   Operation 99 'sext' 'sext_ln102_12' <Predicate = true> <Delay = 0.00>
ST_2 : Operation 100 [3/3] (0.99ns) (grouped into DSP with root node add_ln112_6)   --->   "%partial_6 = mul i14 %window_0_load_2_cast_cast, i14 %sext_ln102_12" [predecoder_kernel.cpp:102]   --->   Operation 100 'mul' 'partial_6' <Predicate = true> <Delay = 0.99> <CoreInst = "DSP48">   --->   Core 127 'DSP48' <Latency = 3> <II = 1> <Delay = 0.53> <IPBlock> <Opcode : '' 'add' 'sub' 'mul' 'select'> <InPorts = 0> <OutPorts = 1> <Sync> <CReg>
ST_2 : Operation 101 [1/1] (0.00ns)   --->   "%p_ZN18predecoder_weightsL13LAYER0_WEIGHTE_7_addr = getelementptr i8 %p_ZN18predecoder_weightsL13LAYER0_WEIGHTE_7, i64 0, i64 %zext_ln69_1" [predecoder_kernel.cpp:102]   --->   Operation 101 'getelementptr' 'p_ZN18predecoder_weightsL13LAYER0_WEIGHTE_7_addr' <Predicate = true> <Delay = 0.00>
ST_2 : Operation 102 [2/2] (0.66ns)   --->   "%p_ZN18predecoder_weightsL13LAYER0_WEIGHTE_7_load = load i4 %p_ZN18predecoder_weightsL13LAYER0_WEIGHTE_7_addr" [predecoder_kernel.cpp:102]   --->   Operation 102 'load' 'p_ZN18predecoder_weightsL13LAYER0_WEIGHTE_7_load' <Predicate = true> <Delay = 0.66> <CoreInst = "ROM">   --->   Core 101 'ROM' <Latency = 1> <II = 1> <Delay = 0.66> <Storage> <Opcode : 'load'> <Ports = 0> <Width = 8> <Depth = 12> <ROM>
ST_2 : Operation 103 [1/1] (0.00ns)   --->   "%p_ZN18predecoder_weightsL13LAYER0_WEIGHTE_8_addr = getelementptr i8 %p_ZN18predecoder_weightsL13LAYER0_WEIGHTE_8, i64 0, i64 %zext_ln69_1" [predecoder_kernel.cpp:102]   --->   Operation 103 'getelementptr' 'p_ZN18predecoder_weightsL13LAYER0_WEIGHTE_8_addr' <Predicate = true> <Delay = 0.00>
ST_2 : Operation 104 [2/2] (0.66ns)   --->   "%p_ZN18predecoder_weightsL13LAYER0_WEIGHTE_8_load = load i4 %p_ZN18predecoder_weightsL13LAYER0_WEIGHTE_8_addr" [predecoder_kernel.cpp:102]   --->   Operation 104 'load' 'p_ZN18predecoder_weightsL13LAYER0_WEIGHTE_8_load' <Predicate = true> <Delay = 0.66> <CoreInst = "ROM">   --->   Core 101 'ROM' <Latency = 1> <II = 1> <Delay = 0.66> <Storage> <Opcode : 'load'> <Ports = 0> <Width = 8> <Depth = 12> <ROM>
ST_2 : Operation 105 [1/1] (0.00ns)   --->   "%p_ZN18predecoder_weightsL13LAYER0_WEIGHTE_9_addr = getelementptr i8 %p_ZN18predecoder_weightsL13LAYER0_WEIGHTE_9, i64 0, i64 %zext_ln69_1" [predecoder_kernel.cpp:102]   --->   Operation 105 'getelementptr' 'p_ZN18predecoder_weightsL13LAYER0_WEIGHTE_9_addr' <Predicate = true> <Delay = 0.00>
ST_2 : Operation 106 [2/2] (0.66ns)   --->   "%p_ZN18predecoder_weightsL13LAYER0_WEIGHTE_9_load = load i4 %p_ZN18predecoder_weightsL13LAYER0_WEIGHTE_9_addr" [predecoder_kernel.cpp:102]   --->   Operation 106 'load' 'p_ZN18predecoder_weightsL13LAYER0_WEIGHTE_9_load' <Predicate = true> <Delay = 0.66> <CoreInst = "ROM">   --->   Core 101 'ROM' <Latency = 1> <II = 1> <Delay = 0.66> <Storage> <Opcode : 'load'> <Ports = 0> <Width = 8> <Depth = 12> <ROM>
ST_2 : Operation 107 [1/1] (0.00ns)   --->   "%p_ZN18predecoder_weightsL13LAYER0_WEIGHTE_11_addr = getelementptr i8 %p_ZN18predecoder_weightsL13LAYER0_WEIGHTE_11, i64 0, i64 %zext_ln69_1" [predecoder_kernel.cpp:102]   --->   Operation 107 'getelementptr' 'p_ZN18predecoder_weightsL13LAYER0_WEIGHTE_11_addr' <Predicate = true> <Delay = 0.00>
ST_2 : Operation 108 [2/2] (0.66ns)   --->   "%p_ZN18predecoder_weightsL13LAYER0_WEIGHTE_11_load = load i4 %p_ZN18predecoder_weightsL13LAYER0_WEIGHTE_11_addr" [predecoder_kernel.cpp:102]   --->   Operation 108 'load' 'p_ZN18predecoder_weightsL13LAYER0_WEIGHTE_11_load' <Predicate = true> <Delay = 0.66> <CoreInst = "ROM">   --->   Core 101 'ROM' <Latency = 1> <II = 1> <Delay = 0.66> <Storage> <Opcode : 'load'> <Ports = 0> <Width = 8> <Depth = 12> <ROM>
ST_2 : Operation 109 [1/1] (0.00ns)   --->   "%p_ZN18predecoder_weightsL13LAYER0_WEIGHTE_14_addr = getelementptr i8 %p_ZN18predecoder_weightsL13LAYER0_WEIGHTE_14, i64 0, i64 %zext_ln69_1" [predecoder_kernel.cpp:102]   --->   Operation 109 'getelementptr' 'p_ZN18predecoder_weightsL13LAYER0_WEIGHTE_14_addr' <Predicate = true> <Delay = 0.00>
ST_2 : Operation 110 [2/2] (0.66ns)   --->   "%p_ZN18predecoder_weightsL13LAYER0_WEIGHTE_14_load = load i4 %p_ZN18predecoder_weightsL13LAYER0_WEIGHTE_14_addr" [predecoder_kernel.cpp:102]   --->   Operation 110 'load' 'p_ZN18predecoder_weightsL13LAYER0_WEIGHTE_14_load' <Predicate = true> <Delay = 0.66> <CoreInst = "ROM">   --->   Core 101 'ROM' <Latency = 1> <II = 1> <Delay = 0.66> <Storage> <Opcode : 'load'> <Ports = 0> <Width = 8> <Depth = 12> <ROM>
ST_2 : Operation 111 [1/1] (0.00ns)   --->   "%p_ZN18predecoder_weightsL13LAYER0_WEIGHTE_15_addr = getelementptr i8 %p_ZN18predecoder_weightsL13LAYER0_WEIGHTE_15, i64 0, i64 %zext_ln69_1" [predecoder_kernel.cpp:102]   --->   Operation 111 'getelementptr' 'p_ZN18predecoder_weightsL13LAYER0_WEIGHTE_15_addr' <Predicate = true> <Delay = 0.00>
ST_2 : Operation 112 [2/2] (0.66ns)   --->   "%p_ZN18predecoder_weightsL13LAYER0_WEIGHTE_15_load = load i4 %p_ZN18predecoder_weightsL13LAYER0_WEIGHTE_15_addr" [predecoder_kernel.cpp:102]   --->   Operation 112 'load' 'p_ZN18predecoder_weightsL13LAYER0_WEIGHTE_15_load' <Predicate = true> <Delay = 0.66> <CoreInst = "ROM">   --->   Core 101 'ROM' <Latency = 1> <II = 1> <Delay = 0.66> <Storage> <Opcode : 'load'> <Ports = 0> <Width = 8> <Depth = 12> <ROM>
ST_2 : Operation 113 [1/1] (0.00ns)   --->   "%p_ZN18predecoder_weightsL13LAYER0_WEIGHTE_16_addr = getelementptr i8 %p_ZN18predecoder_weightsL13LAYER0_WEIGHTE_16, i64 0, i64 %zext_ln69_1" [predecoder_kernel.cpp:102]   --->   Operation 113 'getelementptr' 'p_ZN18predecoder_weightsL13LAYER0_WEIGHTE_16_addr' <Predicate = true> <Delay = 0.00>
ST_2 : Operation 114 [2/2] (0.66ns)   --->   "%p_ZN18predecoder_weightsL13LAYER0_WEIGHTE_16_load = load i4 %p_ZN18predecoder_weightsL13LAYER0_WEIGHTE_16_addr" [predecoder_kernel.cpp:102]   --->   Operation 114 'load' 'p_ZN18predecoder_weightsL13LAYER0_WEIGHTE_16_load' <Predicate = true> <Delay = 0.66> <CoreInst = "ROM">   --->   Core 101 'ROM' <Latency = 1> <II = 1> <Delay = 0.66> <Storage> <Opcode : 'load'> <Ports = 0> <Width = 8> <Depth = 12> <ROM>
ST_2 : Operation 115 [1/2] (0.66ns)   --->   "%p_ZN18predecoder_weightsL13LAYER0_WEIGHTE_17_load = load i4 %p_ZN18predecoder_weightsL13LAYER0_WEIGHTE_17_addr" [predecoder_kernel.cpp:102]   --->   Operation 115 'load' 'p_ZN18predecoder_weightsL13LAYER0_WEIGHTE_17_load' <Predicate = true> <Delay = 0.66> <CoreInst = "ROM">   --->   Core 101 'ROM' <Latency = 1> <II = 1> <Delay = 0.66> <Storage> <Opcode : 'load'> <Ports = 0> <Width = 8> <Depth = 12> <ROM>
ST_2 : Operation 116 [1/1] (0.00ns)   --->   "%sext_ln102_34 = sext i8 %p_ZN18predecoder_weightsL13LAYER0_WEIGHTE_17_load" [predecoder_kernel.cpp:102]   --->   Operation 116 'sext' 'sext_ln102_34' <Predicate = true> <Delay = 0.00>
ST_2 : Operation 117 [3/3] (0.99ns) (grouped into DSP with root node add_ln112_14)   --->   "%partial_17 = mul i16 %sext_ln102_34, i16 %window_2_0_load_5_cast_cast" [predecoder_kernel.cpp:102]   --->   Operation 117 'mul' 'partial_17' <Predicate = true> <Delay = 0.99> <CoreInst = "DSP48">   --->   Core 127 'DSP48' <Latency = 3> <II = 1> <Delay = 0.53> <IPBlock> <Opcode : '' 'add' 'sub' 'mul' 'select'> <InPorts = 0> <OutPorts = 1> <Sync> <CReg>
ST_2 : Operation 118 [1/1] (0.00ns)   --->   "%p_ZN18predecoder_weightsL13LAYER0_WEIGHTE_18_addr = getelementptr i8 %p_ZN18predecoder_weightsL13LAYER0_WEIGHTE_18, i64 0, i64 %zext_ln69_1" [predecoder_kernel.cpp:102]   --->   Operation 118 'getelementptr' 'p_ZN18predecoder_weightsL13LAYER0_WEIGHTE_18_addr' <Predicate = true> <Delay = 0.00>
ST_2 : Operation 119 [2/2] (0.66ns)   --->   "%p_ZN18predecoder_weightsL13LAYER0_WEIGHTE_18_load = load i4 %p_ZN18predecoder_weightsL13LAYER0_WEIGHTE_18_addr" [predecoder_kernel.cpp:102]   --->   Operation 119 'load' 'p_ZN18predecoder_weightsL13LAYER0_WEIGHTE_18_load' <Predicate = true> <Delay = 0.66> <CoreInst = "ROM">   --->   Core 101 'ROM' <Latency = 1> <II = 1> <Delay = 0.66> <Storage> <Opcode : 'load'> <Ports = 0> <Width = 8> <Depth = 12> <ROM>
ST_2 : Operation 120 [1/1] (0.00ns)   --->   "%p_ZN18predecoder_weightsL13LAYER0_WEIGHTE_19_addr = getelementptr i8 %p_ZN18predecoder_weightsL13LAYER0_WEIGHTE_19, i64 0, i64 %zext_ln69_1" [predecoder_kernel.cpp:102]   --->   Operation 120 'getelementptr' 'p_ZN18predecoder_weightsL13LAYER0_WEIGHTE_19_addr' <Predicate = true> <Delay = 0.00>
ST_2 : Operation 121 [2/2] (0.66ns)   --->   "%p_ZN18predecoder_weightsL13LAYER0_WEIGHTE_19_load = load i4 %p_ZN18predecoder_weightsL13LAYER0_WEIGHTE_19_addr" [predecoder_kernel.cpp:102]   --->   Operation 121 'load' 'p_ZN18predecoder_weightsL13LAYER0_WEIGHTE_19_load' <Predicate = true> <Delay = 0.66> <CoreInst = "ROM">   --->   Core 101 'ROM' <Latency = 1> <II = 1> <Delay = 0.66> <Storage> <Opcode : 'load'> <Ports = 0> <Width = 8> <Depth = 12> <ROM>
ST_2 : Operation 122 [1/2] (0.66ns)   --->   "%p_ZN18predecoder_weightsL13LAYER0_WEIGHTE_20_load = load i4 %p_ZN18predecoder_weightsL13LAYER0_WEIGHTE_20_addr" [predecoder_kernel.cpp:102]   --->   Operation 122 'load' 'p_ZN18predecoder_weightsL13LAYER0_WEIGHTE_20_load' <Predicate = true> <Delay = 0.66> <CoreInst = "ROM">   --->   Core 101 'ROM' <Latency = 1> <II = 1> <Delay = 0.66> <Storage> <Opcode : 'load'> <Ports = 0> <Width = 7> <Depth = 12> <ROM>
ST_2 : Operation 123 [1/1] (0.00ns)   --->   "%sext_ln102_40 = sext i7 %p_ZN18predecoder_weightsL13LAYER0_WEIGHTE_20_load" [predecoder_kernel.cpp:102]   --->   Operation 123 'sext' 'sext_ln102_40' <Predicate = true> <Delay = 0.00>
ST_2 : Operation 124 [3/3] (0.99ns) (grouped into DSP with root node add_ln112_16)   --->   "%partial_20 = mul i15 %window_2_0_load_6_cast_cast, i15 %sext_ln102_40" [predecoder_kernel.cpp:102]   --->   Operation 124 'mul' 'partial_20' <Predicate = true> <Delay = 0.99> <CoreInst = "DSP48">   --->   Core 127 'DSP48' <Latency = 3> <II = 1> <Delay = 0.53> <IPBlock> <Opcode : '' 'add' 'sub' 'mul' 'select'> <InPorts = 0> <OutPorts = 1> <Sync> <CReg>

State 3 <SV = 2> <Delay = 1.66>
ST_3 : Operation 125 [1/2] (0.66ns)   --->   "%p_ZN18predecoder_weightsL13LAYER0_WEIGHTE_0_load = load i4 %p_ZN18predecoder_weightsL13LAYER0_WEIGHTE_0_addr" [predecoder_kernel.cpp:102]   --->   Operation 125 'load' 'p_ZN18predecoder_weightsL13LAYER0_WEIGHTE_0_load' <Predicate = true> <Delay = 0.66> <CoreInst = "ROM">   --->   Core 101 'ROM' <Latency = 1> <II = 1> <Delay = 0.66> <Storage> <Opcode : 'load'> <Ports = 0> <Width = 8> <Depth = 12> <ROM>
ST_3 : Operation 126 [1/2] (0.66ns)   --->   "%p_ZN18predecoder_weightsL13LAYER0_WEIGHTE_1_load = load i4 %p_ZN18predecoder_weightsL13LAYER0_WEIGHTE_1_addr" [predecoder_kernel.cpp:102]   --->   Operation 126 'load' 'p_ZN18predecoder_weightsL13LAYER0_WEIGHTE_1_load' <Predicate = true> <Delay = 0.66> <CoreInst = "ROM">   --->   Core 101 'ROM' <Latency = 1> <II = 1> <Delay = 0.66> <Storage> <Opcode : 'load'> <Ports = 0> <Width = 8> <Depth = 12> <ROM>
ST_3 : Operation 127 [1/1] (0.00ns)   --->   "%sext_ln102_2 = sext i8 %p_ZN18predecoder_weightsL13LAYER0_WEIGHTE_1_load" [predecoder_kernel.cpp:102]   --->   Operation 127 'sext' 'sext_ln102_2' <Predicate = true> <Delay = 0.00>
ST_3 : Operation 128 [3/3] (0.99ns) (grouped into DSP with root node add_ln112_1)   --->   "%partial_1 = mul i16 %sext_ln102_2, i16 %window_1_0_load_cast_cast" [predecoder_kernel.cpp:102]   --->   Operation 128 'mul' 'partial_1' <Predicate = true> <Delay = 0.99> <CoreInst = "DSP48">   --->   Core 127 'DSP48' <Latency = 3> <II = 1> <Delay = 0.53> <IPBlock> <Opcode : '' 'add' 'sub' 'mul' 'select'> <InPorts = 0> <OutPorts = 1> <Sync> <CReg>
ST_3 : Operation 129 [2/3] (0.99ns) (grouped into DSP with root node add_ln112)   --->   "%partial_2 = mul i16 %sext_ln102_4, i16 %window_2_0_load_cast_cast" [predecoder_kernel.cpp:102]   --->   Operation 129 'mul' 'partial_2' <Predicate = true> <Delay = 0.99> <CoreInst = "DSP48">   --->   Core 127 'DSP48' <Latency = 3> <II = 1> <Delay = 0.53> <IPBlock> <Opcode : '' 'add' 'sub' 'mul' 'select'> <InPorts = 0> <OutPorts = 1> <Sync> <CReg>
ST_3 : Operation 130 [1/2] (0.66ns)   --->   "%p_ZN18predecoder_weightsL13LAYER0_WEIGHTE_3_load = load i4 %p_ZN18predecoder_weightsL13LAYER0_WEIGHTE_3_addr" [predecoder_kernel.cpp:102]   --->   Operation 130 'load' 'p_ZN18predecoder_weightsL13LAYER0_WEIGHTE_3_load' <Predicate = true> <Delay = 0.66> <CoreInst = "ROM">   --->   Core 101 'ROM' <Latency = 1> <II = 1> <Delay = 0.66> <Storage> <Opcode : 'load'> <Ports = 0> <Width = 7> <Depth = 12> <ROM>
ST_3 : Operation 131 [1/1] (0.00ns)   --->   "%sext_ln102_6 = sext i7 %p_ZN18predecoder_weightsL13LAYER0_WEIGHTE_3_load" [predecoder_kernel.cpp:102]   --->   Operation 131 'sext' 'sext_ln102_6' <Predicate = true> <Delay = 0.00>
ST_3 : Operation 132 [3/3] (0.99ns) (grouped into DSP with root node add_ln112_2)   --->   "%partial_3 = mul i15 %window_0_load_1_cast_cast, i15 %sext_ln102_6" [predecoder_kernel.cpp:102]   --->   Operation 132 'mul' 'partial_3' <Predicate = true> <Delay = 0.99> <CoreInst = "DSP48">   --->   Core 127 'DSP48' <Latency = 3> <II = 1> <Delay = 0.53> <IPBlock> <Opcode : '' 'add' 'sub' 'mul' 'select'> <InPorts = 0> <OutPorts = 1> <Sync> <CReg>
ST_3 : Operation 133 [1/1] (0.00ns)   --->   "%p_ZN18predecoder_weightsL13LAYER0_WEIGHTE_4_addr = getelementptr i8 %p_ZN18predecoder_weightsL13LAYER0_WEIGHTE_4, i64 0, i64 %zext_ln69_1" [predecoder_kernel.cpp:102]   --->   Operation 133 'getelementptr' 'p_ZN18predecoder_weightsL13LAYER0_WEIGHTE_4_addr' <Predicate = true> <Delay = 0.00>
ST_3 : Operation 134 [2/2] (0.66ns)   --->   "%p_ZN18predecoder_weightsL13LAYER0_WEIGHTE_4_load = load i4 %p_ZN18predecoder_weightsL13LAYER0_WEIGHTE_4_addr" [predecoder_kernel.cpp:102]   --->   Operation 134 'load' 'p_ZN18predecoder_weightsL13LAYER0_WEIGHTE_4_load' <Predicate = true> <Delay = 0.66> <CoreInst = "ROM">   --->   Core 101 'ROM' <Latency = 1> <II = 1> <Delay = 0.66> <Storage> <Opcode : 'load'> <Ports = 0> <Width = 8> <Depth = 12> <ROM>
ST_3 : Operation 135 [1/1] (0.00ns)   --->   "%p_ZN18predecoder_weightsL13LAYER0_WEIGHTE_5_addr = getelementptr i8 %p_ZN18predecoder_weightsL13LAYER0_WEIGHTE_5, i64 0, i64 %zext_ln69_1" [predecoder_kernel.cpp:102]   --->   Operation 135 'getelementptr' 'p_ZN18predecoder_weightsL13LAYER0_WEIGHTE_5_addr' <Predicate = true> <Delay = 0.00>
ST_3 : Operation 136 [2/2] (0.66ns)   --->   "%p_ZN18predecoder_weightsL13LAYER0_WEIGHTE_5_load = load i4 %p_ZN18predecoder_weightsL13LAYER0_WEIGHTE_5_addr" [predecoder_kernel.cpp:102]   --->   Operation 136 'load' 'p_ZN18predecoder_weightsL13LAYER0_WEIGHTE_5_load' <Predicate = true> <Delay = 0.66> <CoreInst = "ROM">   --->   Core 101 'ROM' <Latency = 1> <II = 1> <Delay = 0.66> <Storage> <Opcode : 'load'> <Ports = 0> <Width = 8> <Depth = 12> <ROM>
ST_3 : Operation 137 [2/3] (0.99ns) (grouped into DSP with root node add_ln112_6)   --->   "%partial_6 = mul i14 %window_0_load_2_cast_cast, i14 %sext_ln102_12" [predecoder_kernel.cpp:102]   --->   Operation 137 'mul' 'partial_6' <Predicate = true> <Delay = 0.99> <CoreInst = "DSP48">   --->   Core 127 'DSP48' <Latency = 3> <II = 1> <Delay = 0.53> <IPBlock> <Opcode : '' 'add' 'sub' 'mul' 'select'> <InPorts = 0> <OutPorts = 1> <Sync> <CReg>
ST_3 : Operation 138 [1/2] (0.66ns)   --->   "%p_ZN18predecoder_weightsL13LAYER0_WEIGHTE_7_load = load i4 %p_ZN18predecoder_weightsL13LAYER0_WEIGHTE_7_addr" [predecoder_kernel.cpp:102]   --->   Operation 138 'load' 'p_ZN18predecoder_weightsL13LAYER0_WEIGHTE_7_load' <Predicate = true> <Delay = 0.66> <CoreInst = "ROM">   --->   Core 101 'ROM' <Latency = 1> <II = 1> <Delay = 0.66> <Storage> <Opcode : 'load'> <Ports = 0> <Width = 8> <Depth = 12> <ROM>
ST_3 : Operation 139 [1/1] (0.00ns)   --->   "%sext_ln102_14 = sext i8 %p_ZN18predecoder_weightsL13LAYER0_WEIGHTE_7_load" [predecoder_kernel.cpp:102]   --->   Operation 139 'sext' 'sext_ln102_14' <Predicate = true> <Delay = 0.00>
ST_3 : Operation 140 [3/3] (0.99ns) (grouped into DSP with root node add_ln112_4)   --->   "%partial_7 = mul i16 %sext_ln102_14, i16 %window_1_0_load_2_cast_cast" [predecoder_kernel.cpp:102]   --->   Operation 140 'mul' 'partial_7' <Predicate = true> <Delay = 0.99> <CoreInst = "DSP48">   --->   Core 127 'DSP48' <Latency = 3> <II = 1> <Delay = 0.53> <IPBlock> <Opcode : '' 'add' 'sub' 'mul' 'select'> <InPorts = 0> <OutPorts = 1> <Sync> <CReg>
ST_3 : Operation 141 [1/2] (0.66ns)   --->   "%p_ZN18predecoder_weightsL13LAYER0_WEIGHTE_8_load = load i4 %p_ZN18predecoder_weightsL13LAYER0_WEIGHTE_8_addr" [predecoder_kernel.cpp:102]   --->   Operation 141 'load' 'p_ZN18predecoder_weightsL13LAYER0_WEIGHTE_8_load' <Predicate = true> <Delay = 0.66> <CoreInst = "ROM">   --->   Core 101 'ROM' <Latency = 1> <II = 1> <Delay = 0.66> <Storage> <Opcode : 'load'> <Ports = 0> <Width = 8> <Depth = 12> <ROM>
ST_3 : Operation 142 [1/1] (0.00ns)   --->   "%sext_ln102_16 = sext i8 %p_ZN18predecoder_weightsL13LAYER0_WEIGHTE_8_load" [predecoder_kernel.cpp:102]   --->   Operation 142 'sext' 'sext_ln102_16' <Predicate = true> <Delay = 0.00>
ST_3 : Operation 143 [3/3] (0.99ns) (grouped into DSP with root node add_ln112_7)   --->   "%partial_8 = mul i16 %sext_ln102_16, i16 %window_2_0_load_2_cast_cast" [predecoder_kernel.cpp:102]   --->   Operation 143 'mul' 'partial_8' <Predicate = true> <Delay = 0.99> <CoreInst = "DSP48">   --->   Core 127 'DSP48' <Latency = 3> <II = 1> <Delay = 0.53> <IPBlock> <Opcode : '' 'add' 'sub' 'mul' 'select'> <InPorts = 0> <OutPorts = 1> <Sync> <CReg>
ST_3 : Operation 144 [1/2] (0.66ns)   --->   "%p_ZN18predecoder_weightsL13LAYER0_WEIGHTE_9_load = load i4 %p_ZN18predecoder_weightsL13LAYER0_WEIGHTE_9_addr" [predecoder_kernel.cpp:102]   --->   Operation 144 'load' 'p_ZN18predecoder_weightsL13LAYER0_WEIGHTE_9_load' <Predicate = true> <Delay = 0.66> <CoreInst = "ROM">   --->   Core 101 'ROM' <Latency = 1> <II = 1> <Delay = 0.66> <Storage> <Opcode : 'load'> <Ports = 0> <Width = 8> <Depth = 12> <ROM>
ST_3 : Operation 145 [1/1] (0.00ns)   --->   "%p_ZN18predecoder_weightsL13LAYER0_WEIGHTE_10_addr = getelementptr i8 %p_ZN18predecoder_weightsL13LAYER0_WEIGHTE_10, i64 0, i64 %zext_ln69_1" [predecoder_kernel.cpp:102]   --->   Operation 145 'getelementptr' 'p_ZN18predecoder_weightsL13LAYER0_WEIGHTE_10_addr' <Predicate = true> <Delay = 0.00>
ST_3 : Operation 146 [2/2] (0.66ns)   --->   "%p_ZN18predecoder_weightsL13LAYER0_WEIGHTE_10_load = load i4 %p_ZN18predecoder_weightsL13LAYER0_WEIGHTE_10_addr" [predecoder_kernel.cpp:102]   --->   Operation 146 'load' 'p_ZN18predecoder_weightsL13LAYER0_WEIGHTE_10_load' <Predicate = true> <Delay = 0.66> <CoreInst = "ROM">   --->   Core 101 'ROM' <Latency = 1> <II = 1> <Delay = 0.66> <Storage> <Opcode : 'load'> <Ports = 0> <Width = 8> <Depth = 12> <ROM>
ST_3 : Operation 147 [1/2] (0.66ns)   --->   "%p_ZN18predecoder_weightsL13LAYER0_WEIGHTE_11_load = load i4 %p_ZN18predecoder_weightsL13LAYER0_WEIGHTE_11_addr" [predecoder_kernel.cpp:102]   --->   Operation 147 'load' 'p_ZN18predecoder_weightsL13LAYER0_WEIGHTE_11_load' <Predicate = true> <Delay = 0.66> <CoreInst = "ROM">   --->   Core 101 'ROM' <Latency = 1> <II = 1> <Delay = 0.66> <Storage> <Opcode : 'load'> <Ports = 0> <Width = 8> <Depth = 12> <ROM>
ST_3 : Operation 148 [1/1] (0.00ns)   --->   "%sext_ln102_22 = sext i8 %p_ZN18predecoder_weightsL13LAYER0_WEIGHTE_11_load" [predecoder_kernel.cpp:102]   --->   Operation 148 'sext' 'sext_ln102_22' <Predicate = true> <Delay = 0.00>
ST_3 : Operation 149 [3/3] (0.99ns) (grouped into DSP with root node add_ln112_9)   --->   "%partial_11 = mul i16 %sext_ln102_22, i16 %window_2_0_load_3_cast_cast" [predecoder_kernel.cpp:102]   --->   Operation 149 'mul' 'partial_11' <Predicate = true> <Delay = 0.99> <CoreInst = "DSP48">   --->   Core 127 'DSP48' <Latency = 3> <II = 1> <Delay = 0.53> <IPBlock> <Opcode : '' 'add' 'sub' 'mul' 'select'> <InPorts = 0> <OutPorts = 1> <Sync> <CReg>
ST_3 : Operation 150 [1/1] (0.00ns)   --->   "%p_ZN18predecoder_weightsL13LAYER0_WEIGHTE_12_addr = getelementptr i8 %p_ZN18predecoder_weightsL13LAYER0_WEIGHTE_12, i64 0, i64 %zext_ln69_1" [predecoder_kernel.cpp:102]   --->   Operation 150 'getelementptr' 'p_ZN18predecoder_weightsL13LAYER0_WEIGHTE_12_addr' <Predicate = true> <Delay = 0.00>
ST_3 : Operation 151 [2/2] (0.66ns)   --->   "%p_ZN18predecoder_weightsL13LAYER0_WEIGHTE_12_load = load i4 %p_ZN18predecoder_weightsL13LAYER0_WEIGHTE_12_addr" [predecoder_kernel.cpp:102]   --->   Operation 151 'load' 'p_ZN18predecoder_weightsL13LAYER0_WEIGHTE_12_load' <Predicate = true> <Delay = 0.66> <CoreInst = "ROM">   --->   Core 101 'ROM' <Latency = 1> <II = 1> <Delay = 0.66> <Storage> <Opcode : 'load'> <Ports = 0> <Width = 8> <Depth = 12> <ROM>
ST_3 : Operation 152 [1/1] (0.00ns)   --->   "%p_ZN18predecoder_weightsL13LAYER0_WEIGHTE_13_addr = getelementptr i8 %p_ZN18predecoder_weightsL13LAYER0_WEIGHTE_13, i64 0, i64 %zext_ln69_1" [predecoder_kernel.cpp:102]   --->   Operation 152 'getelementptr' 'p_ZN18predecoder_weightsL13LAYER0_WEIGHTE_13_addr' <Predicate = true> <Delay = 0.00>
ST_3 : Operation 153 [2/2] (0.66ns)   --->   "%p_ZN18predecoder_weightsL13LAYER0_WEIGHTE_13_load = load i4 %p_ZN18predecoder_weightsL13LAYER0_WEIGHTE_13_addr" [predecoder_kernel.cpp:102]   --->   Operation 153 'load' 'p_ZN18predecoder_weightsL13LAYER0_WEIGHTE_13_load' <Predicate = true> <Delay = 0.66> <CoreInst = "ROM">   --->   Core 101 'ROM' <Latency = 1> <II = 1> <Delay = 0.66> <Storage> <Opcode : 'load'> <Ports = 0> <Width = 8> <Depth = 12> <ROM>
ST_3 : Operation 154 [1/2] (0.66ns)   --->   "%p_ZN18predecoder_weightsL13LAYER0_WEIGHTE_14_load = load i4 %p_ZN18predecoder_weightsL13LAYER0_WEIGHTE_14_addr" [predecoder_kernel.cpp:102]   --->   Operation 154 'load' 'p_ZN18predecoder_weightsL13LAYER0_WEIGHTE_14_load' <Predicate = true> <Delay = 0.66> <CoreInst = "ROM">   --->   Core 101 'ROM' <Latency = 1> <II = 1> <Delay = 0.66> <Storage> <Opcode : 'load'> <Ports = 0> <Width = 8> <Depth = 12> <ROM>
ST_3 : Operation 155 [1/1] (0.00ns)   --->   "%sext_ln102_28 = sext i8 %p_ZN18predecoder_weightsL13LAYER0_WEIGHTE_14_load" [predecoder_kernel.cpp:102]   --->   Operation 155 'sext' 'sext_ln102_28' <Predicate = true> <Delay = 0.00>
ST_3 : Operation 156 [3/3] (0.99ns) (grouped into DSP with root node add_ln112_11)   --->   "%partial_14 = mul i16 %sext_ln102_28, i16 %window_2_0_load_4_cast_cast" [predecoder_kernel.cpp:102]   --->   Operation 156 'mul' 'partial_14' <Predicate = true> <Delay = 0.99> <CoreInst = "DSP48">   --->   Core 127 'DSP48' <Latency = 3> <II = 1> <Delay = 0.53> <IPBlock> <Opcode : '' 'add' 'sub' 'mul' 'select'> <InPorts = 0> <OutPorts = 1> <Sync> <CReg>
ST_3 : Operation 157 [1/2] (0.66ns)   --->   "%p_ZN18predecoder_weightsL13LAYER0_WEIGHTE_15_load = load i4 %p_ZN18predecoder_weightsL13LAYER0_WEIGHTE_15_addr" [predecoder_kernel.cpp:102]   --->   Operation 157 'load' 'p_ZN18predecoder_weightsL13LAYER0_WEIGHTE_15_load' <Predicate = true> <Delay = 0.66> <CoreInst = "ROM">   --->   Core 101 'ROM' <Latency = 1> <II = 1> <Delay = 0.66> <Storage> <Opcode : 'load'> <Ports = 0> <Width = 8> <Depth = 12> <ROM>
ST_3 : Operation 158 [1/1] (0.00ns)   --->   "%sext_ln102_30 = sext i8 %p_ZN18predecoder_weightsL13LAYER0_WEIGHTE_15_load" [predecoder_kernel.cpp:102]   --->   Operation 158 'sext' 'sext_ln102_30' <Predicate = true> <Delay = 0.00>
ST_3 : Operation 159 [3/3] (0.99ns) (grouped into DSP with root node add_ln112_15)   --->   "%partial_15 = mul i16 %sext_ln102_30, i16 %window_0_load_5_cast_cast" [predecoder_kernel.cpp:102]   --->   Operation 159 'mul' 'partial_15' <Predicate = true> <Delay = 0.99> <CoreInst = "DSP48">   --->   Core 127 'DSP48' <Latency = 3> <II = 1> <Delay = 0.53> <IPBlock> <Opcode : '' 'add' 'sub' 'mul' 'select'> <InPorts = 0> <OutPorts = 1> <Sync> <CReg>
ST_3 : Operation 160 [1/2] (0.66ns)   --->   "%p_ZN18predecoder_weightsL13LAYER0_WEIGHTE_16_load = load i4 %p_ZN18predecoder_weightsL13LAYER0_WEIGHTE_16_addr" [predecoder_kernel.cpp:102]   --->   Operation 160 'load' 'p_ZN18predecoder_weightsL13LAYER0_WEIGHTE_16_load' <Predicate = true> <Delay = 0.66> <CoreInst = "ROM">   --->   Core 101 'ROM' <Latency = 1> <II = 1> <Delay = 0.66> <Storage> <Opcode : 'load'> <Ports = 0> <Width = 8> <Depth = 12> <ROM>
ST_3 : Operation 161 [2/3] (0.99ns) (grouped into DSP with root node add_ln112_14)   --->   "%partial_17 = mul i16 %sext_ln102_34, i16 %window_2_0_load_5_cast_cast" [predecoder_kernel.cpp:102]   --->   Operation 161 'mul' 'partial_17' <Predicate = true> <Delay = 0.99> <CoreInst = "DSP48">   --->   Core 127 'DSP48' <Latency = 3> <II = 1> <Delay = 0.53> <IPBlock> <Opcode : '' 'add' 'sub' 'mul' 'select'> <InPorts = 0> <OutPorts = 1> <Sync> <CReg>
ST_3 : Operation 162 [1/2] (0.66ns)   --->   "%p_ZN18predecoder_weightsL13LAYER0_WEIGHTE_18_load = load i4 %p_ZN18predecoder_weightsL13LAYER0_WEIGHTE_18_addr" [predecoder_kernel.cpp:102]   --->   Operation 162 'load' 'p_ZN18predecoder_weightsL13LAYER0_WEIGHTE_18_load' <Predicate = true> <Delay = 0.66> <CoreInst = "ROM">   --->   Core 101 'ROM' <Latency = 1> <II = 1> <Delay = 0.66> <Storage> <Opcode : 'load'> <Ports = 0> <Width = 8> <Depth = 12> <ROM>
ST_3 : Operation 163 [1/1] (0.00ns)   --->   "%sext_ln102_36 = sext i8 %p_ZN18predecoder_weightsL13LAYER0_WEIGHTE_18_load" [predecoder_kernel.cpp:102]   --->   Operation 163 'sext' 'sext_ln102_36' <Predicate = true> <Delay = 0.00>
ST_3 : Operation 164 [3/3] (0.99ns) (grouped into DSP with root node add_ln112_17)   --->   "%partial_18 = mul i16 %sext_ln102_36, i16 %window_0_load_6_cast_cast" [predecoder_kernel.cpp:102]   --->   Operation 164 'mul' 'partial_18' <Predicate = true> <Delay = 0.99> <CoreInst = "DSP48">   --->   Core 127 'DSP48' <Latency = 3> <II = 1> <Delay = 0.53> <IPBlock> <Opcode : '' 'add' 'sub' 'mul' 'select'> <InPorts = 0> <OutPorts = 1> <Sync> <CReg>
ST_3 : Operation 165 [1/2] (0.66ns)   --->   "%p_ZN18predecoder_weightsL13LAYER0_WEIGHTE_19_load = load i4 %p_ZN18predecoder_weightsL13LAYER0_WEIGHTE_19_addr" [predecoder_kernel.cpp:102]   --->   Operation 165 'load' 'p_ZN18predecoder_weightsL13LAYER0_WEIGHTE_19_load' <Predicate = true> <Delay = 0.66> <CoreInst = "ROM">   --->   Core 101 'ROM' <Latency = 1> <II = 1> <Delay = 0.66> <Storage> <Opcode : 'load'> <Ports = 0> <Width = 8> <Depth = 12> <ROM>
ST_3 : Operation 166 [2/3] (0.99ns) (grouped into DSP with root node add_ln112_16)   --->   "%partial_20 = mul i15 %window_2_0_load_6_cast_cast, i15 %sext_ln102_40" [predecoder_kernel.cpp:102]   --->   Operation 166 'mul' 'partial_20' <Predicate = true> <Delay = 0.99> <CoreInst = "DSP48">   --->   Core 127 'DSP48' <Latency = 3> <II = 1> <Delay = 0.53> <IPBlock> <Opcode : '' 'add' 'sub' 'mul' 'select'> <InPorts = 0> <OutPorts = 1> <Sync> <CReg>
ST_3 : Operation 167 [1/1] (0.00ns)   --->   "%p_ZN18predecoder_weightsL13LAYER0_WEIGHTE_25_addr = getelementptr i7 %p_ZN18predecoder_weightsL13LAYER0_WEIGHTE_25, i64 0, i64 %zext_ln69_1" [predecoder_kernel.cpp:102]   --->   Operation 167 'getelementptr' 'p_ZN18predecoder_weightsL13LAYER0_WEIGHTE_25_addr' <Predicate = true> <Delay = 0.00>
ST_3 : Operation 168 [2/2] (0.66ns)   --->   "%p_ZN18predecoder_weightsL13LAYER0_WEIGHTE_25_load = load i4 %p_ZN18predecoder_weightsL13LAYER0_WEIGHTE_25_addr" [predecoder_kernel.cpp:102]   --->   Operation 168 'load' 'p_ZN18predecoder_weightsL13LAYER0_WEIGHTE_25_load' <Predicate = true> <Delay = 0.66> <CoreInst = "ROM">   --->   Core 101 'ROM' <Latency = 1> <II = 1> <Delay = 0.66> <Storage> <Opcode : 'load'> <Ports = 0> <Width = 7> <Depth = 12> <ROM>
ST_3 : Operation 169 [1/1] (0.00ns)   --->   "%p_ZN18predecoder_weightsL13LAYER0_WEIGHTE_26_addr = getelementptr i7 %p_ZN18predecoder_weightsL13LAYER0_WEIGHTE_26, i64 0, i64 %zext_ln69_1" [predecoder_kernel.cpp:102]   --->   Operation 169 'getelementptr' 'p_ZN18predecoder_weightsL13LAYER0_WEIGHTE_26_addr' <Predicate = true> <Delay = 0.00>
ST_3 : Operation 170 [2/2] (0.66ns)   --->   "%p_ZN18predecoder_weightsL13LAYER0_WEIGHTE_26_load = load i4 %p_ZN18predecoder_weightsL13LAYER0_WEIGHTE_26_addr" [predecoder_kernel.cpp:102]   --->   Operation 170 'load' 'p_ZN18predecoder_weightsL13LAYER0_WEIGHTE_26_load' <Predicate = true> <Delay = 0.66> <CoreInst = "ROM">   --->   Core 101 'ROM' <Latency = 1> <II = 1> <Delay = 0.66> <Storage> <Opcode : 'load'> <Ports = 0> <Width = 7> <Depth = 12> <ROM>

State 4 <SV = 3> <Delay = 2.19>
ST_4 : Operation 171 [1/1] (0.00ns)   --->   "%sext_ln102 = sext i8 %p_ZN18predecoder_weightsL13LAYER0_WEIGHTE_0_load" [predecoder_kernel.cpp:102]   --->   Operation 171 'sext' 'sext_ln102' <Predicate = true> <Delay = 0.00>
ST_4 : Operation 172 [1/1] (1.55ns)   --->   "%partial = mul i16 %sext_ln102, i16 %window_0_load_cast_cast" [predecoder_kernel.cpp:102]   --->   Operation 172 'mul' 'partial' <Predicate = true> <Delay = 1.55> <CoreInst = "Multiplier">   --->   Core 3 'Multiplier' <Latency = 0> <II = 1> <Delay = 1.55> <FuncUnit> <Opcode : 'mul'> <InPorts = 2> <OutPorts = 1>
ST_4 : Operation 173 [1/1] (0.00ns)   --->   "%sext_ln102_1 = sext i16 %partial" [predecoder_kernel.cpp:102]   --->   Operation 173 'sext' 'sext_ln102_1' <Predicate = true> <Delay = 0.00>
ST_4 : Operation 174 [2/3] (0.99ns) (grouped into DSP with root node add_ln112_1)   --->   "%partial_1 = mul i16 %sext_ln102_2, i16 %window_1_0_load_cast_cast" [predecoder_kernel.cpp:102]   --->   Operation 174 'mul' 'partial_1' <Predicate = true> <Delay = 0.99> <CoreInst = "DSP48">   --->   Core 127 'DSP48' <Latency = 3> <II = 1> <Delay = 0.53> <IPBlock> <Opcode : '' 'add' 'sub' 'mul' 'select'> <InPorts = 0> <OutPorts = 1> <Sync> <CReg>
ST_4 : Operation 175 [1/3] (0.00ns) (grouped into DSP with root node add_ln112)   --->   "%partial_2 = mul i16 %sext_ln102_4, i16 %window_2_0_load_cast_cast" [predecoder_kernel.cpp:102]   --->   Operation 175 'mul' 'partial_2' <Predicate = true> <Delay = 0.00> <CoreInst = "DSP48">   --->   Core 127 'DSP48' <Latency = 3> <II = 1> <Delay = 0.53> <IPBlock> <Opcode : '' 'add' 'sub' 'mul' 'select'> <InPorts = 0> <OutPorts = 1> <Sync> <CReg>
ST_4 : Operation 176 [1/1] (0.00ns) (grouped into DSP with root node add_ln112)   --->   "%sext_ln102_5 = sext i16 %partial_2" [predecoder_kernel.cpp:102]   --->   Operation 176 'sext' 'sext_ln102_5' <Predicate = true> <Delay = 0.00>
ST_4 : Operation 177 [2/3] (0.99ns) (grouped into DSP with root node add_ln112_2)   --->   "%partial_3 = mul i15 %window_0_load_1_cast_cast, i15 %sext_ln102_6" [predecoder_kernel.cpp:102]   --->   Operation 177 'mul' 'partial_3' <Predicate = true> <Delay = 0.99> <CoreInst = "DSP48">   --->   Core 127 'DSP48' <Latency = 3> <II = 1> <Delay = 0.53> <IPBlock> <Opcode : '' 'add' 'sub' 'mul' 'select'> <InPorts = 0> <OutPorts = 1> <Sync> <CReg>
ST_4 : Operation 178 [1/2] (0.66ns)   --->   "%p_ZN18predecoder_weightsL13LAYER0_WEIGHTE_4_load = load i4 %p_ZN18predecoder_weightsL13LAYER0_WEIGHTE_4_addr" [predecoder_kernel.cpp:102]   --->   Operation 178 'load' 'p_ZN18predecoder_weightsL13LAYER0_WEIGHTE_4_load' <Predicate = true> <Delay = 0.66> <CoreInst = "ROM">   --->   Core 101 'ROM' <Latency = 1> <II = 1> <Delay = 0.66> <Storage> <Opcode : 'load'> <Ports = 0> <Width = 8> <Depth = 12> <ROM>
ST_4 : Operation 179 [1/2] (0.66ns)   --->   "%p_ZN18predecoder_weightsL13LAYER0_WEIGHTE_5_load = load i4 %p_ZN18predecoder_weightsL13LAYER0_WEIGHTE_5_addr" [predecoder_kernel.cpp:102]   --->   Operation 179 'load' 'p_ZN18predecoder_weightsL13LAYER0_WEIGHTE_5_load' <Predicate = true> <Delay = 0.66> <CoreInst = "ROM">   --->   Core 101 'ROM' <Latency = 1> <II = 1> <Delay = 0.66> <Storage> <Opcode : 'load'> <Ports = 0> <Width = 8> <Depth = 12> <ROM>
ST_4 : Operation 180 [1/3] (0.00ns) (grouped into DSP with root node add_ln112_6)   --->   "%partial_6 = mul i14 %window_0_load_2_cast_cast, i14 %sext_ln102_12" [predecoder_kernel.cpp:102]   --->   Operation 180 'mul' 'partial_6' <Predicate = true> <Delay = 0.00> <CoreInst = "DSP48">   --->   Core 127 'DSP48' <Latency = 3> <II = 1> <Delay = 0.53> <IPBlock> <Opcode : '' 'add' 'sub' 'mul' 'select'> <InPorts = 0> <OutPorts = 1> <Sync> <CReg>
ST_4 : Operation 181 [1/1] (0.00ns) (grouped into DSP with root node add_ln112_6)   --->   "%sext_ln102_13 = sext i14 %partial_6" [predecoder_kernel.cpp:102]   --->   Operation 181 'sext' 'sext_ln102_13' <Predicate = true> <Delay = 0.00>
ST_4 : Operation 182 [2/3] (0.99ns) (grouped into DSP with root node add_ln112_4)   --->   "%partial_7 = mul i16 %sext_ln102_14, i16 %window_1_0_load_2_cast_cast" [predecoder_kernel.cpp:102]   --->   Operation 182 'mul' 'partial_7' <Predicate = true> <Delay = 0.99> <CoreInst = "DSP48">   --->   Core 127 'DSP48' <Latency = 3> <II = 1> <Delay = 0.53> <IPBlock> <Opcode : '' 'add' 'sub' 'mul' 'select'> <InPorts = 0> <OutPorts = 1> <Sync> <CReg>
ST_4 : Operation 183 [2/3] (0.99ns) (grouped into DSP with root node add_ln112_7)   --->   "%partial_8 = mul i16 %sext_ln102_16, i16 %window_2_0_load_2_cast_cast" [predecoder_kernel.cpp:102]   --->   Operation 183 'mul' 'partial_8' <Predicate = true> <Delay = 0.99> <CoreInst = "DSP48">   --->   Core 127 'DSP48' <Latency = 3> <II = 1> <Delay = 0.53> <IPBlock> <Opcode : '' 'add' 'sub' 'mul' 'select'> <InPorts = 0> <OutPorts = 1> <Sync> <CReg>
ST_4 : Operation 184 [1/1] (0.00ns)   --->   "%sext_ln102_18 = sext i8 %p_ZN18predecoder_weightsL13LAYER0_WEIGHTE_9_load" [predecoder_kernel.cpp:102]   --->   Operation 184 'sext' 'sext_ln102_18' <Predicate = true> <Delay = 0.00>
ST_4 : Operation 185 [1/1] (1.55ns)   --->   "%partial_9 = mul i16 %sext_ln102_18, i16 %window_0_load_3_cast_cast" [predecoder_kernel.cpp:102]   --->   Operation 185 'mul' 'partial_9' <Predicate = true> <Delay = 1.55> <CoreInst = "Multiplier">   --->   Core 3 'Multiplier' <Latency = 0> <II = 1> <Delay = 1.55> <FuncUnit> <Opcode : 'mul'> <InPorts = 2> <OutPorts = 1>
ST_4 : Operation 186 [1/1] (0.00ns)   --->   "%sext_ln102_19 = sext i16 %partial_9" [predecoder_kernel.cpp:102]   --->   Operation 186 'sext' 'sext_ln102_19' <Predicate = true> <Delay = 0.00>
ST_4 : Operation 187 [1/2] (0.66ns)   --->   "%p_ZN18predecoder_weightsL13LAYER0_WEIGHTE_10_load = load i4 %p_ZN18predecoder_weightsL13LAYER0_WEIGHTE_10_addr" [predecoder_kernel.cpp:102]   --->   Operation 187 'load' 'p_ZN18predecoder_weightsL13LAYER0_WEIGHTE_10_load' <Predicate = true> <Delay = 0.66> <CoreInst = "ROM">   --->   Core 101 'ROM' <Latency = 1> <II = 1> <Delay = 0.66> <Storage> <Opcode : 'load'> <Ports = 0> <Width = 8> <Depth = 12> <ROM>
ST_4 : Operation 188 [2/3] (0.99ns) (grouped into DSP with root node add_ln112_9)   --->   "%partial_11 = mul i16 %sext_ln102_22, i16 %window_2_0_load_3_cast_cast" [predecoder_kernel.cpp:102]   --->   Operation 188 'mul' 'partial_11' <Predicate = true> <Delay = 0.99> <CoreInst = "DSP48">   --->   Core 127 'DSP48' <Latency = 3> <II = 1> <Delay = 0.53> <IPBlock> <Opcode : '' 'add' 'sub' 'mul' 'select'> <InPorts = 0> <OutPorts = 1> <Sync> <CReg>
ST_4 : Operation 189 [1/2] (0.66ns)   --->   "%p_ZN18predecoder_weightsL13LAYER0_WEIGHTE_12_load = load i4 %p_ZN18predecoder_weightsL13LAYER0_WEIGHTE_12_addr" [predecoder_kernel.cpp:102]   --->   Operation 189 'load' 'p_ZN18predecoder_weightsL13LAYER0_WEIGHTE_12_load' <Predicate = true> <Delay = 0.66> <CoreInst = "ROM">   --->   Core 101 'ROM' <Latency = 1> <II = 1> <Delay = 0.66> <Storage> <Opcode : 'load'> <Ports = 0> <Width = 8> <Depth = 12> <ROM>
ST_4 : Operation 190 [1/1] (0.00ns)   --->   "%sext_ln102_24 = sext i8 %p_ZN18predecoder_weightsL13LAYER0_WEIGHTE_12_load" [predecoder_kernel.cpp:102]   --->   Operation 190 'sext' 'sext_ln102_24' <Predicate = true> <Delay = 0.00>
ST_4 : Operation 191 [3/3] (0.99ns) (grouped into DSP with root node add_ln112_12)   --->   "%partial_12 = mul i16 %sext_ln102_24, i16 %window_0_load_4_cast_cast" [predecoder_kernel.cpp:102]   --->   Operation 191 'mul' 'partial_12' <Predicate = true> <Delay = 0.99> <CoreInst = "DSP48">   --->   Core 127 'DSP48' <Latency = 3> <II = 1> <Delay = 0.53> <IPBlock> <Opcode : '' 'add' 'sub' 'mul' 'select'> <InPorts = 0> <OutPorts = 1> <Sync> <CReg>
ST_4 : Operation 192 [1/2] (0.66ns)   --->   "%p_ZN18predecoder_weightsL13LAYER0_WEIGHTE_13_load = load i4 %p_ZN18predecoder_weightsL13LAYER0_WEIGHTE_13_addr" [predecoder_kernel.cpp:102]   --->   Operation 192 'load' 'p_ZN18predecoder_weightsL13LAYER0_WEIGHTE_13_load' <Predicate = true> <Delay = 0.66> <CoreInst = "ROM">   --->   Core 101 'ROM' <Latency = 1> <II = 1> <Delay = 0.66> <Storage> <Opcode : 'load'> <Ports = 0> <Width = 8> <Depth = 12> <ROM>
ST_4 : Operation 193 [2/3] (0.99ns) (grouped into DSP with root node add_ln112_11)   --->   "%partial_14 = mul i16 %sext_ln102_28, i16 %window_2_0_load_4_cast_cast" [predecoder_kernel.cpp:102]   --->   Operation 193 'mul' 'partial_14' <Predicate = true> <Delay = 0.99> <CoreInst = "DSP48">   --->   Core 127 'DSP48' <Latency = 3> <II = 1> <Delay = 0.53> <IPBlock> <Opcode : '' 'add' 'sub' 'mul' 'select'> <InPorts = 0> <OutPorts = 1> <Sync> <CReg>
ST_4 : Operation 194 [2/3] (0.99ns) (grouped into DSP with root node add_ln112_15)   --->   "%partial_15 = mul i16 %sext_ln102_30, i16 %window_0_load_5_cast_cast" [predecoder_kernel.cpp:102]   --->   Operation 194 'mul' 'partial_15' <Predicate = true> <Delay = 0.99> <CoreInst = "DSP48">   --->   Core 127 'DSP48' <Latency = 3> <II = 1> <Delay = 0.53> <IPBlock> <Opcode : '' 'add' 'sub' 'mul' 'select'> <InPorts = 0> <OutPorts = 1> <Sync> <CReg>
ST_4 : Operation 195 [1/1] (0.00ns)   --->   "%sext_ln102_32 = sext i8 %p_ZN18predecoder_weightsL13LAYER0_WEIGHTE_16_load" [predecoder_kernel.cpp:102]   --->   Operation 195 'sext' 'sext_ln102_32' <Predicate = true> <Delay = 0.00>
ST_4 : Operation 196 [1/1] (1.55ns)   --->   "%partial_16 = mul i16 %sext_ln102_32, i16 %window_1_0_load_5_cast_cast" [predecoder_kernel.cpp:102]   --->   Operation 196 'mul' 'partial_16' <Predicate = true> <Delay = 1.55> <CoreInst = "Multiplier">   --->   Core 3 'Multiplier' <Latency = 0> <II = 1> <Delay = 1.55> <FuncUnit> <Opcode : 'mul'> <InPorts = 2> <OutPorts = 1>
ST_4 : Operation 197 [1/1] (0.00ns)   --->   "%sext_ln102_33 = sext i16 %partial_16" [predecoder_kernel.cpp:102]   --->   Operation 197 'sext' 'sext_ln102_33' <Predicate = true> <Delay = 0.00>
ST_4 : Operation 198 [1/3] (0.00ns) (grouped into DSP with root node add_ln112_14)   --->   "%partial_17 = mul i16 %sext_ln102_34, i16 %window_2_0_load_5_cast_cast" [predecoder_kernel.cpp:102]   --->   Operation 198 'mul' 'partial_17' <Predicate = true> <Delay = 0.00> <CoreInst = "DSP48">   --->   Core 127 'DSP48' <Latency = 3> <II = 1> <Delay = 0.53> <IPBlock> <Opcode : '' 'add' 'sub' 'mul' 'select'> <InPorts = 0> <OutPorts = 1> <Sync> <CReg>
ST_4 : Operation 199 [1/1] (0.00ns) (grouped into DSP with root node add_ln112_14)   --->   "%sext_ln102_35 = sext i16 %partial_17" [predecoder_kernel.cpp:102]   --->   Operation 199 'sext' 'sext_ln102_35' <Predicate = true> <Delay = 0.00>
ST_4 : Operation 200 [2/3] (0.99ns) (grouped into DSP with root node add_ln112_17)   --->   "%partial_18 = mul i16 %sext_ln102_36, i16 %window_0_load_6_cast_cast" [predecoder_kernel.cpp:102]   --->   Operation 200 'mul' 'partial_18' <Predicate = true> <Delay = 0.99> <CoreInst = "DSP48">   --->   Core 127 'DSP48' <Latency = 3> <II = 1> <Delay = 0.53> <IPBlock> <Opcode : '' 'add' 'sub' 'mul' 'select'> <InPorts = 0> <OutPorts = 1> <Sync> <CReg>
ST_4 : Operation 201 [1/1] (0.00ns)   --->   "%sext_ln102_38 = sext i8 %p_ZN18predecoder_weightsL13LAYER0_WEIGHTE_19_load" [predecoder_kernel.cpp:102]   --->   Operation 201 'sext' 'sext_ln102_38' <Predicate = true> <Delay = 0.00>
ST_4 : Operation 202 [1/1] (1.55ns)   --->   "%partial_19 = mul i16 %sext_ln102_38, i16 %window_1_0_load_6_cast_cast" [predecoder_kernel.cpp:102]   --->   Operation 202 'mul' 'partial_19' <Predicate = true> <Delay = 1.55> <CoreInst = "Multiplier">   --->   Core 3 'Multiplier' <Latency = 0> <II = 1> <Delay = 1.55> <FuncUnit> <Opcode : 'mul'> <InPorts = 2> <OutPorts = 1>
ST_4 : Operation 203 [1/1] (0.00ns)   --->   "%sext_ln102_39 = sext i16 %partial_19" [predecoder_kernel.cpp:102]   --->   Operation 203 'sext' 'sext_ln102_39' <Predicate = true> <Delay = 0.00>
ST_4 : Operation 204 [1/3] (0.00ns) (grouped into DSP with root node add_ln112_16)   --->   "%partial_20 = mul i15 %window_2_0_load_6_cast_cast, i15 %sext_ln102_40" [predecoder_kernel.cpp:102]   --->   Operation 204 'mul' 'partial_20' <Predicate = true> <Delay = 0.00> <CoreInst = "DSP48">   --->   Core 127 'DSP48' <Latency = 3> <II = 1> <Delay = 0.53> <IPBlock> <Opcode : '' 'add' 'sub' 'mul' 'select'> <InPorts = 0> <OutPorts = 1> <Sync> <CReg>
ST_4 : Operation 205 [1/1] (0.00ns) (grouped into DSP with root node add_ln112_16)   --->   "%sext_ln102_41 = sext i15 %partial_20" [predecoder_kernel.cpp:102]   --->   Operation 205 'sext' 'sext_ln102_41' <Predicate = true> <Delay = 0.00>
ST_4 : Operation 206 [1/1] (0.00ns)   --->   "%p_ZN18predecoder_weightsL13LAYER0_WEIGHTE_21_addr = getelementptr i8 %p_ZN18predecoder_weightsL13LAYER0_WEIGHTE_21, i64 0, i64 %zext_ln69_1" [predecoder_kernel.cpp:102]   --->   Operation 206 'getelementptr' 'p_ZN18predecoder_weightsL13LAYER0_WEIGHTE_21_addr' <Predicate = true> <Delay = 0.00>
ST_4 : Operation 207 [2/2] (0.66ns)   --->   "%p_ZN18predecoder_weightsL13LAYER0_WEIGHTE_21_load = load i4 %p_ZN18predecoder_weightsL13LAYER0_WEIGHTE_21_addr" [predecoder_kernel.cpp:102]   --->   Operation 207 'load' 'p_ZN18predecoder_weightsL13LAYER0_WEIGHTE_21_load' <Predicate = true> <Delay = 0.66> <CoreInst = "ROM">   --->   Core 101 'ROM' <Latency = 1> <II = 1> <Delay = 0.66> <Storage> <Opcode : 'load'> <Ports = 0> <Width = 8> <Depth = 12> <ROM>
ST_4 : Operation 208 [1/1] (0.00ns)   --->   "%p_ZN18predecoder_weightsL13LAYER0_WEIGHTE_22_addr = getelementptr i8 %p_ZN18predecoder_weightsL13LAYER0_WEIGHTE_22, i64 0, i64 %zext_ln69_1" [predecoder_kernel.cpp:102]   --->   Operation 208 'getelementptr' 'p_ZN18predecoder_weightsL13LAYER0_WEIGHTE_22_addr' <Predicate = true> <Delay = 0.00>
ST_4 : Operation 209 [2/2] (0.66ns)   --->   "%p_ZN18predecoder_weightsL13LAYER0_WEIGHTE_22_load = load i4 %p_ZN18predecoder_weightsL13LAYER0_WEIGHTE_22_addr" [predecoder_kernel.cpp:102]   --->   Operation 209 'load' 'p_ZN18predecoder_weightsL13LAYER0_WEIGHTE_22_load' <Predicate = true> <Delay = 0.66> <CoreInst = "ROM">   --->   Core 101 'ROM' <Latency = 1> <II = 1> <Delay = 0.66> <Storage> <Opcode : 'load'> <Ports = 0> <Width = 8> <Depth = 12> <ROM>
ST_4 : Operation 210 [1/1] (0.00ns)   --->   "%p_ZN18predecoder_weightsL13LAYER0_WEIGHTE_24_addr = getelementptr i8 %p_ZN18predecoder_weightsL13LAYER0_WEIGHTE_24, i64 0, i64 %zext_ln69_1" [predecoder_kernel.cpp:102]   --->   Operation 210 'getelementptr' 'p_ZN18predecoder_weightsL13LAYER0_WEIGHTE_24_addr' <Predicate = true> <Delay = 0.00>
ST_4 : Operation 211 [2/2] (0.66ns)   --->   "%p_ZN18predecoder_weightsL13LAYER0_WEIGHTE_24_load = load i4 %p_ZN18predecoder_weightsL13LAYER0_WEIGHTE_24_addr" [predecoder_kernel.cpp:102]   --->   Operation 211 'load' 'p_ZN18predecoder_weightsL13LAYER0_WEIGHTE_24_load' <Predicate = true> <Delay = 0.66> <CoreInst = "ROM">   --->   Core 101 'ROM' <Latency = 1> <II = 1> <Delay = 0.66> <Storage> <Opcode : 'load'> <Ports = 0> <Width = 8> <Depth = 12> <ROM>
ST_4 : Operation 212 [1/2] (0.66ns)   --->   "%p_ZN18predecoder_weightsL13LAYER0_WEIGHTE_25_load = load i4 %p_ZN18predecoder_weightsL13LAYER0_WEIGHTE_25_addr" [predecoder_kernel.cpp:102]   --->   Operation 212 'load' 'p_ZN18predecoder_weightsL13LAYER0_WEIGHTE_25_load' <Predicate = true> <Delay = 0.66> <CoreInst = "ROM">   --->   Core 101 'ROM' <Latency = 1> <II = 1> <Delay = 0.66> <Storage> <Opcode : 'load'> <Ports = 0> <Width = 7> <Depth = 12> <ROM>
ST_4 : Operation 213 [1/1] (0.00ns)   --->   "%sext_ln102_50 = sext i7 %p_ZN18predecoder_weightsL13LAYER0_WEIGHTE_25_load" [predecoder_kernel.cpp:102]   --->   Operation 213 'sext' 'sext_ln102_50' <Predicate = true> <Delay = 0.00>
ST_4 : Operation 214 [3/3] (0.99ns) (grouped into DSP with root node add_ln112_23)   --->   "%partial_25 = mul i15 %window_1_0_load_8_cast_cast, i15 %sext_ln102_50" [predecoder_kernel.cpp:102]   --->   Operation 214 'mul' 'partial_25' <Predicate = true> <Delay = 0.99> <CoreInst = "DSP48">   --->   Core 127 'DSP48' <Latency = 3> <II = 1> <Delay = 0.53> <IPBlock> <Opcode : '' 'add' 'sub' 'mul' 'select'> <InPorts = 0> <OutPorts = 1> <Sync> <CReg>
ST_4 : Operation 215 [1/2] (0.66ns)   --->   "%p_ZN18predecoder_weightsL13LAYER0_WEIGHTE_26_load = load i4 %p_ZN18predecoder_weightsL13LAYER0_WEIGHTE_26_addr" [predecoder_kernel.cpp:102]   --->   Operation 215 'load' 'p_ZN18predecoder_weightsL13LAYER0_WEIGHTE_26_load' <Predicate = true> <Delay = 0.66> <CoreInst = "ROM">   --->   Core 101 'ROM' <Latency = 1> <II = 1> <Delay = 0.66> <Storage> <Opcode : 'load'> <Ports = 0> <Width = 7> <Depth = 12> <ROM>
ST_4 : Operation 216 [1/1] (0.00ns)   --->   "%sext_ln102_52 = sext i7 %p_ZN18predecoder_weightsL13LAYER0_WEIGHTE_26_load" [predecoder_kernel.cpp:102]   --->   Operation 216 'sext' 'sext_ln102_52' <Predicate = true> <Delay = 0.00>
ST_4 : Operation 217 [3/3] (0.99ns) (grouped into DSP with root node add_ln112_24)   --->   "%partial_26 = mul i15 %zext_ln69_cast, i15 %sext_ln102_52" [predecoder_kernel.cpp:102]   --->   Operation 217 'mul' 'partial_26' <Predicate = true> <Delay = 0.99> <CoreInst = "DSP48">   --->   Core 127 'DSP48' <Latency = 3> <II = 1> <Delay = 0.53> <IPBlock> <Opcode : '' 'add' 'sub' 'mul' 'select'> <InPorts = 0> <OutPorts = 1> <Sync> <CReg>
ST_4 : Operation 218 [2/2] (0.64ns) (root node of the DSP)   --->   "%add_ln112 = add i17 %sext_ln102_1, i17 %sext_ln102_5" [predecoder_kernel.cpp:112]   --->   Operation 218 'add' 'add_ln112' <Predicate = true> <Delay = 0.64> <CoreInst = "DSP48">   --->   Core 127 'DSP48' <Latency = 3> <II = 1> <Delay = 0.53> <IPBlock> <Opcode : '' 'add' 'sub' 'mul' 'select'> <InPorts = 0> <OutPorts = 1> <Sync> <CReg>
ST_4 : Operation 219 [2/2] (0.64ns) (root node of the DSP)   --->   "%add_ln112_6 = add i17 %sext_ln102_19, i17 %sext_ln102_13" [predecoder_kernel.cpp:112]   --->   Operation 219 'add' 'add_ln112_6' <Predicate = true> <Delay = 0.64> <CoreInst = "DSP48">   --->   Core 127 'DSP48' <Latency = 3> <II = 1> <Delay = 0.53> <IPBlock> <Opcode : '' 'add' 'sub' 'mul' 'select'> <InPorts = 0> <OutPorts = 1> <Sync> <CReg>
ST_4 : Operation 220 [2/2] (0.64ns) (root node of the DSP)   --->   "%add_ln112_14 = add i17 %sext_ln102_33, i17 %sext_ln102_35" [predecoder_kernel.cpp:112]   --->   Operation 220 'add' 'add_ln112_14' <Predicate = true> <Delay = 0.64> <CoreInst = "DSP48">   --->   Core 127 'DSP48' <Latency = 3> <II = 1> <Delay = 0.53> <IPBlock> <Opcode : '' 'add' 'sub' 'mul' 'select'> <InPorts = 0> <OutPorts = 1> <Sync> <CReg>
ST_4 : Operation 221 [2/2] (0.64ns) (root node of the DSP)   --->   "%add_ln112_16 = add i17 %sext_ln102_39, i17 %sext_ln102_41" [predecoder_kernel.cpp:112]   --->   Operation 221 'add' 'add_ln112_16' <Predicate = true> <Delay = 0.64> <CoreInst = "DSP48">   --->   Core 127 'DSP48' <Latency = 3> <II = 1> <Delay = 0.53> <IPBlock> <Opcode : '' 'add' 'sub' 'mul' 'select'> <InPorts = 0> <OutPorts = 1> <Sync> <CReg>

State 5 <SV = 4> <Delay = 2.19>
ST_5 : Operation 222 [1/3] (0.00ns) (grouped into DSP with root node add_ln112_1)   --->   "%partial_1 = mul i16 %sext_ln102_2, i16 %window_1_0_load_cast_cast" [predecoder_kernel.cpp:102]   --->   Operation 222 'mul' 'partial_1' <Predicate = true> <Delay = 0.00> <CoreInst = "DSP48">   --->   Core 127 'DSP48' <Latency = 3> <II = 1> <Delay = 0.53> <IPBlock> <Opcode : '' 'add' 'sub' 'mul' 'select'> <InPorts = 0> <OutPorts = 1> <Sync> <CReg>
ST_5 : Operation 223 [1/1] (0.00ns) (grouped into DSP with root node add_ln112_1)   --->   "%sext_ln102_3 = sext i16 %partial_1" [predecoder_kernel.cpp:102]   --->   Operation 223 'sext' 'sext_ln102_3' <Predicate = true> <Delay = 0.00>
ST_5 : Operation 224 [1/3] (0.00ns) (grouped into DSP with root node add_ln112_2)   --->   "%partial_3 = mul i15 %window_0_load_1_cast_cast, i15 %sext_ln102_6" [predecoder_kernel.cpp:102]   --->   Operation 224 'mul' 'partial_3' <Predicate = true> <Delay = 0.00> <CoreInst = "DSP48">   --->   Core 127 'DSP48' <Latency = 3> <II = 1> <Delay = 0.53> <IPBlock> <Opcode : '' 'add' 'sub' 'mul' 'select'> <InPorts = 0> <OutPorts = 1> <Sync> <CReg>
ST_5 : Operation 225 [1/1] (0.00ns) (grouped into DSP with root node add_ln112_2)   --->   "%sext_ln102_7 = sext i15 %partial_3" [predecoder_kernel.cpp:102]   --->   Operation 225 'sext' 'sext_ln102_7' <Predicate = true> <Delay = 0.00>
ST_5 : Operation 226 [1/1] (0.00ns)   --->   "%sext_ln102_8 = sext i8 %p_ZN18predecoder_weightsL13LAYER0_WEIGHTE_4_load" [predecoder_kernel.cpp:102]   --->   Operation 226 'sext' 'sext_ln102_8' <Predicate = true> <Delay = 0.00>
ST_5 : Operation 227 [1/1] (1.55ns)   --->   "%partial_4 = mul i16 %sext_ln102_8, i16 %window_1_0_load_1_cast_cast" [predecoder_kernel.cpp:102]   --->   Operation 227 'mul' 'partial_4' <Predicate = true> <Delay = 1.55> <CoreInst = "Multiplier">   --->   Core 3 'Multiplier' <Latency = 0> <II = 1> <Delay = 1.55> <FuncUnit> <Opcode : 'mul'> <InPorts = 2> <OutPorts = 1>
ST_5 : Operation 228 [1/1] (0.00ns)   --->   "%sext_ln102_9 = sext i16 %partial_4" [predecoder_kernel.cpp:102]   --->   Operation 228 'sext' 'sext_ln102_9' <Predicate = true> <Delay = 0.00>
ST_5 : Operation 229 [1/1] (0.00ns)   --->   "%sext_ln102_10 = sext i8 %p_ZN18predecoder_weightsL13LAYER0_WEIGHTE_5_load" [predecoder_kernel.cpp:102]   --->   Operation 229 'sext' 'sext_ln102_10' <Predicate = true> <Delay = 0.00>
ST_5 : Operation 230 [1/1] (1.55ns)   --->   "%partial_5 = mul i16 %sext_ln102_10, i16 %window_2_0_load_1_cast_cast" [predecoder_kernel.cpp:102]   --->   Operation 230 'mul' 'partial_5' <Predicate = true> <Delay = 1.55> <CoreInst = "Multiplier">   --->   Core 3 'Multiplier' <Latency = 0> <II = 1> <Delay = 1.55> <FuncUnit> <Opcode : 'mul'> <InPorts = 2> <OutPorts = 1>
ST_5 : Operation 231 [1/1] (0.00ns)   --->   "%sext_ln102_11 = sext i16 %partial_5" [predecoder_kernel.cpp:102]   --->   Operation 231 'sext' 'sext_ln102_11' <Predicate = true> <Delay = 0.00>
ST_5 : Operation 232 [1/3] (0.00ns) (grouped into DSP with root node add_ln112_4)   --->   "%partial_7 = mul i16 %sext_ln102_14, i16 %window_1_0_load_2_cast_cast" [predecoder_kernel.cpp:102]   --->   Operation 232 'mul' 'partial_7' <Predicate = true> <Delay = 0.00> <CoreInst = "DSP48">   --->   Core 127 'DSP48' <Latency = 3> <II = 1> <Delay = 0.53> <IPBlock> <Opcode : '' 'add' 'sub' 'mul' 'select'> <InPorts = 0> <OutPorts = 1> <Sync> <CReg>
ST_5 : Operation 233 [1/1] (0.00ns) (grouped into DSP with root node add_ln112_4)   --->   "%sext_ln102_15 = sext i16 %partial_7" [predecoder_kernel.cpp:102]   --->   Operation 233 'sext' 'sext_ln102_15' <Predicate = true> <Delay = 0.00>
ST_5 : Operation 234 [1/3] (0.00ns) (grouped into DSP with root node add_ln112_7)   --->   "%partial_8 = mul i16 %sext_ln102_16, i16 %window_2_0_load_2_cast_cast" [predecoder_kernel.cpp:102]   --->   Operation 234 'mul' 'partial_8' <Predicate = true> <Delay = 0.00> <CoreInst = "DSP48">   --->   Core 127 'DSP48' <Latency = 3> <II = 1> <Delay = 0.53> <IPBlock> <Opcode : '' 'add' 'sub' 'mul' 'select'> <InPorts = 0> <OutPorts = 1> <Sync> <CReg>
ST_5 : Operation 235 [1/1] (0.00ns) (grouped into DSP with root node add_ln112_7)   --->   "%sext_ln102_17 = sext i16 %partial_8" [predecoder_kernel.cpp:102]   --->   Operation 235 'sext' 'sext_ln102_17' <Predicate = true> <Delay = 0.00>
ST_5 : Operation 236 [1/1] (0.00ns)   --->   "%sext_ln102_20 = sext i8 %p_ZN18predecoder_weightsL13LAYER0_WEIGHTE_10_load" [predecoder_kernel.cpp:102]   --->   Operation 236 'sext' 'sext_ln102_20' <Predicate = true> <Delay = 0.00>
ST_5 : Operation 237 [1/1] (1.55ns)   --->   "%partial_10 = mul i16 %sext_ln102_20, i16 %window_1_0_load_3_cast_cast" [predecoder_kernel.cpp:102]   --->   Operation 237 'mul' 'partial_10' <Predicate = true> <Delay = 1.55> <CoreInst = "Multiplier">   --->   Core 3 'Multiplier' <Latency = 0> <II = 1> <Delay = 1.55> <FuncUnit> <Opcode : 'mul'> <InPorts = 2> <OutPorts = 1>
ST_5 : Operation 238 [1/1] (0.00ns)   --->   "%sext_ln102_21 = sext i16 %partial_10" [predecoder_kernel.cpp:102]   --->   Operation 238 'sext' 'sext_ln102_21' <Predicate = true> <Delay = 0.00>
ST_5 : Operation 239 [1/3] (0.00ns) (grouped into DSP with root node add_ln112_9)   --->   "%partial_11 = mul i16 %sext_ln102_22, i16 %window_2_0_load_3_cast_cast" [predecoder_kernel.cpp:102]   --->   Operation 239 'mul' 'partial_11' <Predicate = true> <Delay = 0.00> <CoreInst = "DSP48">   --->   Core 127 'DSP48' <Latency = 3> <II = 1> <Delay = 0.53> <IPBlock> <Opcode : '' 'add' 'sub' 'mul' 'select'> <InPorts = 0> <OutPorts = 1> <Sync> <CReg>
ST_5 : Operation 240 [1/1] (0.00ns) (grouped into DSP with root node add_ln112_9)   --->   "%sext_ln102_23 = sext i16 %partial_11" [predecoder_kernel.cpp:102]   --->   Operation 240 'sext' 'sext_ln102_23' <Predicate = true> <Delay = 0.00>
ST_5 : Operation 241 [2/3] (0.99ns) (grouped into DSP with root node add_ln112_12)   --->   "%partial_12 = mul i16 %sext_ln102_24, i16 %window_0_load_4_cast_cast" [predecoder_kernel.cpp:102]   --->   Operation 241 'mul' 'partial_12' <Predicate = true> <Delay = 0.99> <CoreInst = "DSP48">   --->   Core 127 'DSP48' <Latency = 3> <II = 1> <Delay = 0.53> <IPBlock> <Opcode : '' 'add' 'sub' 'mul' 'select'> <InPorts = 0> <OutPorts = 1> <Sync> <CReg>
ST_5 : Operation 242 [1/1] (0.00ns)   --->   "%sext_ln102_26 = sext i8 %p_ZN18predecoder_weightsL13LAYER0_WEIGHTE_13_load" [predecoder_kernel.cpp:102]   --->   Operation 242 'sext' 'sext_ln102_26' <Predicate = true> <Delay = 0.00>
ST_5 : Operation 243 [1/1] (1.55ns)   --->   "%partial_13 = mul i16 %sext_ln102_26, i16 %window_1_0_load_4_cast_cast" [predecoder_kernel.cpp:102]   --->   Operation 243 'mul' 'partial_13' <Predicate = true> <Delay = 1.55> <CoreInst = "Multiplier">   --->   Core 3 'Multiplier' <Latency = 0> <II = 1> <Delay = 1.55> <FuncUnit> <Opcode : 'mul'> <InPorts = 2> <OutPorts = 1>
ST_5 : Operation 244 [1/1] (0.00ns)   --->   "%sext_ln102_27 = sext i16 %partial_13" [predecoder_kernel.cpp:102]   --->   Operation 244 'sext' 'sext_ln102_27' <Predicate = true> <Delay = 0.00>
ST_5 : Operation 245 [1/3] (0.00ns) (grouped into DSP with root node add_ln112_11)   --->   "%partial_14 = mul i16 %sext_ln102_28, i16 %window_2_0_load_4_cast_cast" [predecoder_kernel.cpp:102]   --->   Operation 245 'mul' 'partial_14' <Predicate = true> <Delay = 0.00> <CoreInst = "DSP48">   --->   Core 127 'DSP48' <Latency = 3> <II = 1> <Delay = 0.53> <IPBlock> <Opcode : '' 'add' 'sub' 'mul' 'select'> <InPorts = 0> <OutPorts = 1> <Sync> <CReg>
ST_5 : Operation 246 [1/1] (0.00ns) (grouped into DSP with root node add_ln112_11)   --->   "%sext_ln102_29 = sext i16 %partial_14" [predecoder_kernel.cpp:102]   --->   Operation 246 'sext' 'sext_ln102_29' <Predicate = true> <Delay = 0.00>
ST_5 : Operation 247 [1/3] (0.00ns) (grouped into DSP with root node add_ln112_15)   --->   "%partial_15 = mul i16 %sext_ln102_30, i16 %window_0_load_5_cast_cast" [predecoder_kernel.cpp:102]   --->   Operation 247 'mul' 'partial_15' <Predicate = true> <Delay = 0.00> <CoreInst = "DSP48">   --->   Core 127 'DSP48' <Latency = 3> <II = 1> <Delay = 0.53> <IPBlock> <Opcode : '' 'add' 'sub' 'mul' 'select'> <InPorts = 0> <OutPorts = 1> <Sync> <CReg>
ST_5 : Operation 248 [1/1] (0.00ns) (grouped into DSP with root node add_ln112_15)   --->   "%sext_ln102_31 = sext i16 %partial_15" [predecoder_kernel.cpp:102]   --->   Operation 248 'sext' 'sext_ln102_31' <Predicate = true> <Delay = 0.00>
ST_5 : Operation 249 [1/3] (0.00ns) (grouped into DSP with root node add_ln112_17)   --->   "%partial_18 = mul i16 %sext_ln102_36, i16 %window_0_load_6_cast_cast" [predecoder_kernel.cpp:102]   --->   Operation 249 'mul' 'partial_18' <Predicate = true> <Delay = 0.00> <CoreInst = "DSP48">   --->   Core 127 'DSP48' <Latency = 3> <II = 1> <Delay = 0.53> <IPBlock> <Opcode : '' 'add' 'sub' 'mul' 'select'> <InPorts = 0> <OutPorts = 1> <Sync> <CReg>
ST_5 : Operation 250 [1/1] (0.00ns) (grouped into DSP with root node add_ln112_17)   --->   "%sext_ln102_37 = sext i16 %partial_18" [predecoder_kernel.cpp:102]   --->   Operation 250 'sext' 'sext_ln102_37' <Predicate = true> <Delay = 0.00>
ST_5 : Operation 251 [1/2] (0.66ns)   --->   "%p_ZN18predecoder_weightsL13LAYER0_WEIGHTE_21_load = load i4 %p_ZN18predecoder_weightsL13LAYER0_WEIGHTE_21_addr" [predecoder_kernel.cpp:102]   --->   Operation 251 'load' 'p_ZN18predecoder_weightsL13LAYER0_WEIGHTE_21_load' <Predicate = true> <Delay = 0.66> <CoreInst = "ROM">   --->   Core 101 'ROM' <Latency = 1> <II = 1> <Delay = 0.66> <Storage> <Opcode : 'load'> <Ports = 0> <Width = 8> <Depth = 12> <ROM>
ST_5 : Operation 252 [1/2] (0.66ns)   --->   "%p_ZN18predecoder_weightsL13LAYER0_WEIGHTE_22_load = load i4 %p_ZN18predecoder_weightsL13LAYER0_WEIGHTE_22_addr" [predecoder_kernel.cpp:102]   --->   Operation 252 'load' 'p_ZN18predecoder_weightsL13LAYER0_WEIGHTE_22_load' <Predicate = true> <Delay = 0.66> <CoreInst = "ROM">   --->   Core 101 'ROM' <Latency = 1> <II = 1> <Delay = 0.66> <Storage> <Opcode : 'load'> <Ports = 0> <Width = 8> <Depth = 12> <ROM>
ST_5 : Operation 253 [1/1] (0.00ns)   --->   "%sext_ln102_44 = sext i8 %p_ZN18predecoder_weightsL13LAYER0_WEIGHTE_22_load" [predecoder_kernel.cpp:102]   --->   Operation 253 'sext' 'sext_ln102_44' <Predicate = true> <Delay = 0.00>
ST_5 : Operation 254 [3/3] (0.99ns) (grouped into DSP with root node add_ln112_21)   --->   "%partial_22 = mul i16 %sext_ln102_44, i16 %window_1_0_load_7_cast_cast" [predecoder_kernel.cpp:102]   --->   Operation 254 'mul' 'partial_22' <Predicate = true> <Delay = 0.99> <CoreInst = "DSP48">   --->   Core 127 'DSP48' <Latency = 3> <II = 1> <Delay = 0.53> <IPBlock> <Opcode : '' 'add' 'sub' 'mul' 'select'> <InPorts = 0> <OutPorts = 1> <Sync> <CReg>
ST_5 : Operation 255 [1/1] (0.00ns)   --->   "%p_ZN18predecoder_weightsL13LAYER0_WEIGHTE_23_addr = getelementptr i8 %p_ZN18predecoder_weightsL13LAYER0_WEIGHTE_23, i64 0, i64 %zext_ln69_1" [predecoder_kernel.cpp:102]   --->   Operation 255 'getelementptr' 'p_ZN18predecoder_weightsL13LAYER0_WEIGHTE_23_addr' <Predicate = true> <Delay = 0.00>
ST_5 : Operation 256 [2/2] (0.66ns)   --->   "%p_ZN18predecoder_weightsL13LAYER0_WEIGHTE_23_load = load i4 %p_ZN18predecoder_weightsL13LAYER0_WEIGHTE_23_addr" [predecoder_kernel.cpp:102]   --->   Operation 256 'load' 'p_ZN18predecoder_weightsL13LAYER0_WEIGHTE_23_load' <Predicate = true> <Delay = 0.66> <CoreInst = "ROM">   --->   Core 101 'ROM' <Latency = 1> <II = 1> <Delay = 0.66> <Storage> <Opcode : 'load'> <Ports = 0> <Width = 8> <Depth = 12> <ROM>
ST_5 : Operation 257 [1/2] (0.66ns)   --->   "%p_ZN18predecoder_weightsL13LAYER0_WEIGHTE_24_load = load i4 %p_ZN18predecoder_weightsL13LAYER0_WEIGHTE_24_addr" [predecoder_kernel.cpp:102]   --->   Operation 257 'load' 'p_ZN18predecoder_weightsL13LAYER0_WEIGHTE_24_load' <Predicate = true> <Delay = 0.66> <CoreInst = "ROM">   --->   Core 101 'ROM' <Latency = 1> <II = 1> <Delay = 0.66> <Storage> <Opcode : 'load'> <Ports = 0> <Width = 8> <Depth = 12> <ROM>
ST_5 : Operation 258 [1/1] (0.00ns)   --->   "%sext_ln102_48 = sext i8 %p_ZN18predecoder_weightsL13LAYER0_WEIGHTE_24_load" [predecoder_kernel.cpp:102]   --->   Operation 258 'sext' 'sext_ln102_48' <Predicate = true> <Delay = 0.00>
ST_5 : Operation 259 [3/3] (0.99ns) (grouped into DSP with root node add_ln112_20)   --->   "%partial_24 = mul i16 %sext_ln102_48, i16 %window_0_load_8_cast_cast" [predecoder_kernel.cpp:102]   --->   Operation 259 'mul' 'partial_24' <Predicate = true> <Delay = 0.99> <CoreInst = "DSP48">   --->   Core 127 'DSP48' <Latency = 3> <II = 1> <Delay = 0.53> <IPBlock> <Opcode : '' 'add' 'sub' 'mul' 'select'> <InPorts = 0> <OutPorts = 1> <Sync> <CReg>
ST_5 : Operation 260 [2/3] (0.99ns) (grouped into DSP with root node add_ln112_23)   --->   "%partial_25 = mul i15 %window_1_0_load_8_cast_cast, i15 %sext_ln102_50" [predecoder_kernel.cpp:102]   --->   Operation 260 'mul' 'partial_25' <Predicate = true> <Delay = 0.99> <CoreInst = "DSP48">   --->   Core 127 'DSP48' <Latency = 3> <II = 1> <Delay = 0.53> <IPBlock> <Opcode : '' 'add' 'sub' 'mul' 'select'> <InPorts = 0> <OutPorts = 1> <Sync> <CReg>
ST_5 : Operation 261 [2/3] (0.99ns) (grouped into DSP with root node add_ln112_24)   --->   "%partial_26 = mul i15 %zext_ln69_cast, i15 %sext_ln102_52" [predecoder_kernel.cpp:102]   --->   Operation 261 'mul' 'partial_26' <Predicate = true> <Delay = 0.99> <CoreInst = "DSP48">   --->   Core 127 'DSP48' <Latency = 3> <II = 1> <Delay = 0.53> <IPBlock> <Opcode : '' 'add' 'sub' 'mul' 'select'> <InPorts = 0> <OutPorts = 1> <Sync> <CReg>
ST_5 : Operation 262 [1/1] (0.00ns)   --->   "%predecoder_weights_LAYER0_BIAS_addr = getelementptr i9 %predecoder_weights_LAYER0_BIAS, i64 0, i64 %zext_ln69_1" [predecoder_kernel.cpp:106]   --->   Operation 262 'getelementptr' 'predecoder_weights_LAYER0_BIAS_addr' <Predicate = true> <Delay = 0.00>
ST_5 : Operation 263 [2/2] (0.68ns)   --->   "%acc = load i4 %predecoder_weights_LAYER0_BIAS_addr" [predecoder_kernel.cpp:106]   --->   Operation 263 'load' 'acc' <Predicate = true> <Delay = 0.68> <CoreInst = "ROM">   --->   Core 101 'ROM' <Latency = 1> <II = 1> <Delay = 0.68> <Storage> <Opcode : 'load'> <Ports = 0> <Width = 9> <Depth = 12> <ROM>
ST_5 : Operation 264 [1/2] (0.64ns) (root node of the DSP)   --->   "%add_ln112 = add i17 %sext_ln102_1, i17 %sext_ln102_5" [predecoder_kernel.cpp:112]   --->   Operation 264 'add' 'add_ln112' <Predicate = true> <Delay = 0.64> <CoreInst = "DSP48">   --->   Core 127 'DSP48' <Latency = 3> <II = 1> <Delay = 0.53> <IPBlock> <Opcode : '' 'add' 'sub' 'mul' 'select'> <InPorts = 0> <OutPorts = 1> <Sync> <CReg>
ST_5 : Operation 265 [2/2] (0.64ns) (root node of the DSP)   --->   "%add_ln112_1 = add i17 %add_ln112, i17 %sext_ln102_3" [predecoder_kernel.cpp:112]   --->   Operation 265 'add' 'add_ln112_1' <Predicate = true> <Delay = 0.64> <CoreInst = "DSP48">   --->   Core 127 'DSP48' <Latency = 3> <II = 1> <Delay = 0.53> <IPBlock> <Opcode : '' 'add' 'sub' 'mul' 'select'> <InPorts = 0> <OutPorts = 1> <Sync> <CReg>
ST_5 : Operation 266 [2/2] (0.64ns) (root node of the DSP)   --->   "%add_ln112_2 = add i17 %sext_ln102_9, i17 %sext_ln102_7" [predecoder_kernel.cpp:112]   --->   Operation 266 'add' 'add_ln112_2' <Predicate = true> <Delay = 0.64> <CoreInst = "DSP48">   --->   Core 127 'DSP48' <Latency = 3> <II = 1> <Delay = 0.53> <IPBlock> <Opcode : '' 'add' 'sub' 'mul' 'select'> <InPorts = 0> <OutPorts = 1> <Sync> <CReg>
ST_5 : Operation 267 [2/2] (0.64ns) (root node of the DSP)   --->   "%add_ln112_4 = add i17 %sext_ln102_11, i17 %sext_ln102_15" [predecoder_kernel.cpp:112]   --->   Operation 267 'add' 'add_ln112_4' <Predicate = true> <Delay = 0.64> <CoreInst = "DSP48">   --->   Core 127 'DSP48' <Latency = 3> <II = 1> <Delay = 0.53> <IPBlock> <Opcode : '' 'add' 'sub' 'mul' 'select'> <InPorts = 0> <OutPorts = 1> <Sync> <CReg>
ST_5 : Operation 268 [1/2] (0.64ns) (root node of the DSP)   --->   "%add_ln112_6 = add i17 %sext_ln102_19, i17 %sext_ln102_13" [predecoder_kernel.cpp:112]   --->   Operation 268 'add' 'add_ln112_6' <Predicate = true> <Delay = 0.64> <CoreInst = "DSP48">   --->   Core 127 'DSP48' <Latency = 3> <II = 1> <Delay = 0.53> <IPBlock> <Opcode : '' 'add' 'sub' 'mul' 'select'> <InPorts = 0> <OutPorts = 1> <Sync> <CReg>
ST_5 : Operation 269 [2/2] (0.64ns) (root node of the DSP)   --->   "%add_ln112_7 = add i17 %add_ln112_6, i17 %sext_ln102_17" [predecoder_kernel.cpp:112]   --->   Operation 269 'add' 'add_ln112_7' <Predicate = true> <Delay = 0.64> <CoreInst = "DSP48">   --->   Core 127 'DSP48' <Latency = 3> <II = 1> <Delay = 0.53> <IPBlock> <Opcode : '' 'add' 'sub' 'mul' 'select'> <InPorts = 0> <OutPorts = 1> <Sync> <CReg>
ST_5 : Operation 270 [2/2] (0.64ns) (root node of the DSP)   --->   "%add_ln112_9 = add i17 %sext_ln102_21, i17 %sext_ln102_23" [predecoder_kernel.cpp:112]   --->   Operation 270 'add' 'add_ln112_9' <Predicate = true> <Delay = 0.64> <CoreInst = "DSP48">   --->   Core 127 'DSP48' <Latency = 3> <II = 1> <Delay = 0.53> <IPBlock> <Opcode : '' 'add' 'sub' 'mul' 'select'> <InPorts = 0> <OutPorts = 1> <Sync> <CReg>
ST_5 : Operation 271 [2/2] (0.64ns) (root node of the DSP)   --->   "%add_ln112_11 = add i17 %sext_ln102_27, i17 %sext_ln102_29" [predecoder_kernel.cpp:112]   --->   Operation 271 'add' 'add_ln112_11' <Predicate = true> <Delay = 0.64> <CoreInst = "DSP48">   --->   Core 127 'DSP48' <Latency = 3> <II = 1> <Delay = 0.53> <IPBlock> <Opcode : '' 'add' 'sub' 'mul' 'select'> <InPorts = 0> <OutPorts = 1> <Sync> <CReg>
ST_5 : Operation 272 [1/2] (0.64ns) (root node of the DSP)   --->   "%add_ln112_14 = add i17 %sext_ln102_33, i17 %sext_ln102_35" [predecoder_kernel.cpp:112]   --->   Operation 272 'add' 'add_ln112_14' <Predicate = true> <Delay = 0.64> <CoreInst = "DSP48">   --->   Core 127 'DSP48' <Latency = 3> <II = 1> <Delay = 0.53> <IPBlock> <Opcode : '' 'add' 'sub' 'mul' 'select'> <InPorts = 0> <OutPorts = 1> <Sync> <CReg>
ST_5 : Operation 273 [1/1] (0.00ns)   --->   "%sext_ln112_9 = sext i17 %add_ln112_14" [predecoder_kernel.cpp:112]   --->   Operation 273 'sext' 'sext_ln112_9' <Predicate = true> <Delay = 0.00>
ST_5 : Operation 274 [2/2] (0.64ns) (root node of the DSP)   --->   "%add_ln112_15 = add i18 %sext_ln112_9, i18 %sext_ln102_31" [predecoder_kernel.cpp:112]   --->   Operation 274 'add' 'add_ln112_15' <Predicate = true> <Delay = 0.64> <CoreInst = "DSP48">   --->   Core 127 'DSP48' <Latency = 3> <II = 1> <Delay = 0.53> <IPBlock> <Opcode : '' 'add' 'sub' 'mul' 'select'> <InPorts = 0> <OutPorts = 1> <Sync> <CReg>
ST_5 : Operation 275 [1/2] (0.64ns) (root node of the DSP)   --->   "%add_ln112_16 = add i17 %sext_ln102_39, i17 %sext_ln102_41" [predecoder_kernel.cpp:112]   --->   Operation 275 'add' 'add_ln112_16' <Predicate = true> <Delay = 0.64> <CoreInst = "DSP48">   --->   Core 127 'DSP48' <Latency = 3> <II = 1> <Delay = 0.53> <IPBlock> <Opcode : '' 'add' 'sub' 'mul' 'select'> <InPorts = 0> <OutPorts = 1> <Sync> <CReg>
ST_5 : Operation 276 [1/1] (0.00ns)   --->   "%sext_ln112_11 = sext i17 %add_ln112_16" [predecoder_kernel.cpp:112]   --->   Operation 276 'sext' 'sext_ln112_11' <Predicate = true> <Delay = 0.00>
ST_5 : Operation 277 [2/2] (0.64ns) (root node of the DSP)   --->   "%add_ln112_17 = add i18 %sext_ln112_11, i18 %sext_ln102_37" [predecoder_kernel.cpp:112]   --->   Operation 277 'add' 'add_ln112_17' <Predicate = true> <Delay = 0.64> <CoreInst = "DSP48">   --->   Core 127 'DSP48' <Latency = 3> <II = 1> <Delay = 0.53> <IPBlock> <Opcode : '' 'add' 'sub' 'mul' 'select'> <InPorts = 0> <OutPorts = 1> <Sync> <CReg>

State 6 <SV = 5> <Delay = 2.19>
ST_6 : Operation 278 [1/3] (0.00ns) (grouped into DSP with root node add_ln112_12)   --->   "%partial_12 = mul i16 %sext_ln102_24, i16 %window_0_load_4_cast_cast" [predecoder_kernel.cpp:102]   --->   Operation 278 'mul' 'partial_12' <Predicate = true> <Delay = 0.00> <CoreInst = "DSP48">   --->   Core 127 'DSP48' <Latency = 3> <II = 1> <Delay = 0.53> <IPBlock> <Opcode : '' 'add' 'sub' 'mul' 'select'> <InPorts = 0> <OutPorts = 1> <Sync> <CReg>
ST_6 : Operation 279 [1/1] (0.00ns) (grouped into DSP with root node add_ln112_12)   --->   "%sext_ln102_25 = sext i16 %partial_12" [predecoder_kernel.cpp:102]   --->   Operation 279 'sext' 'sext_ln102_25' <Predicate = true> <Delay = 0.00>
ST_6 : Operation 280 [1/1] (0.00ns)   --->   "%sext_ln102_42 = sext i8 %p_ZN18predecoder_weightsL13LAYER0_WEIGHTE_21_load" [predecoder_kernel.cpp:102]   --->   Operation 280 'sext' 'sext_ln102_42' <Predicate = true> <Delay = 0.00>
ST_6 : Operation 281 [1/1] (1.55ns)   --->   "%partial_21 = mul i16 %sext_ln102_42, i16 %window_0_load_7_cast_cast" [predecoder_kernel.cpp:102]   --->   Operation 281 'mul' 'partial_21' <Predicate = true> <Delay = 1.55> <CoreInst = "Multiplier">   --->   Core 3 'Multiplier' <Latency = 0> <II = 1> <Delay = 1.55> <FuncUnit> <Opcode : 'mul'> <InPorts = 2> <OutPorts = 1>
ST_6 : Operation 282 [1/1] (0.00ns)   --->   "%sext_ln102_43 = sext i16 %partial_21" [predecoder_kernel.cpp:102]   --->   Operation 282 'sext' 'sext_ln102_43' <Predicate = true> <Delay = 0.00>
ST_6 : Operation 283 [2/3] (0.99ns) (grouped into DSP with root node add_ln112_21)   --->   "%partial_22 = mul i16 %sext_ln102_44, i16 %window_1_0_load_7_cast_cast" [predecoder_kernel.cpp:102]   --->   Operation 283 'mul' 'partial_22' <Predicate = true> <Delay = 0.99> <CoreInst = "DSP48">   --->   Core 127 'DSP48' <Latency = 3> <II = 1> <Delay = 0.53> <IPBlock> <Opcode : '' 'add' 'sub' 'mul' 'select'> <InPorts = 0> <OutPorts = 1> <Sync> <CReg>
ST_6 : Operation 284 [1/2] (0.66ns)   --->   "%p_ZN18predecoder_weightsL13LAYER0_WEIGHTE_23_load = load i4 %p_ZN18predecoder_weightsL13LAYER0_WEIGHTE_23_addr" [predecoder_kernel.cpp:102]   --->   Operation 284 'load' 'p_ZN18predecoder_weightsL13LAYER0_WEIGHTE_23_load' <Predicate = true> <Delay = 0.66> <CoreInst = "ROM">   --->   Core 101 'ROM' <Latency = 1> <II = 1> <Delay = 0.66> <Storage> <Opcode : 'load'> <Ports = 0> <Width = 8> <Depth = 12> <ROM>
ST_6 : Operation 285 [2/3] (0.99ns) (grouped into DSP with root node add_ln112_20)   --->   "%partial_24 = mul i16 %sext_ln102_48, i16 %window_0_load_8_cast_cast" [predecoder_kernel.cpp:102]   --->   Operation 285 'mul' 'partial_24' <Predicate = true> <Delay = 0.99> <CoreInst = "DSP48">   --->   Core 127 'DSP48' <Latency = 3> <II = 1> <Delay = 0.53> <IPBlock> <Opcode : '' 'add' 'sub' 'mul' 'select'> <InPorts = 0> <OutPorts = 1> <Sync> <CReg>
ST_6 : Operation 286 [1/3] (0.00ns) (grouped into DSP with root node add_ln112_23)   --->   "%partial_25 = mul i15 %window_1_0_load_8_cast_cast, i15 %sext_ln102_50" [predecoder_kernel.cpp:102]   --->   Operation 286 'mul' 'partial_25' <Predicate = true> <Delay = 0.00> <CoreInst = "DSP48">   --->   Core 127 'DSP48' <Latency = 3> <II = 1> <Delay = 0.53> <IPBlock> <Opcode : '' 'add' 'sub' 'mul' 'select'> <InPorts = 0> <OutPorts = 1> <Sync> <CReg>
ST_6 : Operation 287 [1/1] (0.00ns) (grouped into DSP with root node add_ln112_23)   --->   "%sext_ln102_51 = sext i15 %partial_25" [predecoder_kernel.cpp:102]   --->   Operation 287 'sext' 'sext_ln102_51' <Predicate = true> <Delay = 0.00>
ST_6 : Operation 288 [1/3] (0.00ns) (grouped into DSP with root node add_ln112_24)   --->   "%partial_26 = mul i15 %zext_ln69_cast, i15 %sext_ln102_52" [predecoder_kernel.cpp:102]   --->   Operation 288 'mul' 'partial_26' <Predicate = true> <Delay = 0.00> <CoreInst = "DSP48">   --->   Core 127 'DSP48' <Latency = 3> <II = 1> <Delay = 0.53> <IPBlock> <Opcode : '' 'add' 'sub' 'mul' 'select'> <InPorts = 0> <OutPorts = 1> <Sync> <CReg>
ST_6 : Operation 289 [1/2] (0.68ns)   --->   "%acc = load i4 %predecoder_weights_LAYER0_BIAS_addr" [predecoder_kernel.cpp:106]   --->   Operation 289 'load' 'acc' <Predicate = true> <Delay = 0.68> <CoreInst = "ROM">   --->   Core 101 'ROM' <Latency = 1> <II = 1> <Delay = 0.68> <Storage> <Opcode : 'load'> <Ports = 0> <Width = 9> <Depth = 12> <ROM>
ST_6 : Operation 290 [1/1] (0.00ns)   --->   "%sext_ln106 = sext i9 %acc" [predecoder_kernel.cpp:106]   --->   Operation 290 'sext' 'sext_ln106' <Predicate = true> <Delay = 0.00>
ST_6 : Operation 291 [1/2] (0.64ns) (root node of the DSP)   --->   "%add_ln112_1 = add i17 %add_ln112, i17 %sext_ln102_3" [predecoder_kernel.cpp:112]   --->   Operation 291 'add' 'add_ln112_1' <Predicate = true> <Delay = 0.64> <CoreInst = "DSP48">   --->   Core 127 'DSP48' <Latency = 3> <II = 1> <Delay = 0.53> <IPBlock> <Opcode : '' 'add' 'sub' 'mul' 'select'> <InPorts = 0> <OutPorts = 1> <Sync> <CReg>
ST_6 : Operation 292 [1/1] (0.00ns)   --->   "%sext_ln112 = sext i17 %add_ln112_1" [predecoder_kernel.cpp:112]   --->   Operation 292 'sext' 'sext_ln112' <Predicate = true> <Delay = 0.00>
ST_6 : Operation 293 [1/2] (0.64ns) (root node of the DSP)   --->   "%add_ln112_2 = add i17 %sext_ln102_9, i17 %sext_ln102_7" [predecoder_kernel.cpp:112]   --->   Operation 293 'add' 'add_ln112_2' <Predicate = true> <Delay = 0.64> <CoreInst = "DSP48">   --->   Core 127 'DSP48' <Latency = 3> <II = 1> <Delay = 0.53> <IPBlock> <Opcode : '' 'add' 'sub' 'mul' 'select'> <InPorts = 0> <OutPorts = 1> <Sync> <CReg>
ST_6 : Operation 294 [1/1] (0.00ns)   --->   "%sext_ln112_3 = sext i17 %add_ln112_2" [predecoder_kernel.cpp:112]   --->   Operation 294 'sext' 'sext_ln112_3' <Predicate = true> <Delay = 0.00>
ST_6 : Operation 295 [1/1] (0.79ns)   --->   "%add_ln112_3 = add i18 %sext_ln112_3, i18 %sext_ln112" [predecoder_kernel.cpp:112]   --->   Operation 295 'add' 'add_ln112_3' <Predicate = true> <Delay = 0.79> <CoreInst = "Adder">   --->   Core 1 'Adder' <Latency = 0> <II = 1> <Delay = 0.79> <FuncUnit> <Opcode : 'add' 'sub'> <InPorts = 2> <OutPorts = 1>
ST_6 : Operation 296 [1/1] (0.00ns)   --->   "%sext_ln112_1 = sext i18 %add_ln112_3" [predecoder_kernel.cpp:112]   --->   Operation 296 'sext' 'sext_ln112_1' <Predicate = true> <Delay = 0.00>
ST_6 : Operation 297 [1/2] (0.64ns) (root node of the DSP)   --->   "%add_ln112_4 = add i17 %sext_ln102_11, i17 %sext_ln102_15" [predecoder_kernel.cpp:112]   --->   Operation 297 'add' 'add_ln112_4' <Predicate = true> <Delay = 0.64> <CoreInst = "DSP48">   --->   Core 127 'DSP48' <Latency = 3> <II = 1> <Delay = 0.53> <IPBlock> <Opcode : '' 'add' 'sub' 'mul' 'select'> <InPorts = 0> <OutPorts = 1> <Sync> <CReg>
ST_6 : Operation 298 [1/1] (0.00ns)   --->   "%sext_ln112_4 = sext i17 %add_ln112_4" [predecoder_kernel.cpp:112]   --->   Operation 298 'sext' 'sext_ln112_4' <Predicate = true> <Delay = 0.00>
ST_6 : Operation 299 [1/1] (0.00ns) (grouped into TernaryAdder)   --->   "%add_ln112_5 = add i19 %sext_ln112_4, i19 %sext_ln112_1" [predecoder_kernel.cpp:112]   --->   Operation 299 'add' 'add_ln112_5' <Predicate = true> <Delay = 0.00> <CoreInst = "TAddSub">   --->   Core 10 'TAddSub' <Latency = 0> <II = 1> <Delay = 0.34> <IPBlock> <Opcode : '' 'add' 'sub'> <InPorts = 3> <OutPorts = 1> <Sync> <CReg>
ST_6 : Operation 300 [1/2] (0.64ns) (root node of the DSP)   --->   "%add_ln112_7 = add i17 %add_ln112_6, i17 %sext_ln102_17" [predecoder_kernel.cpp:112]   --->   Operation 300 'add' 'add_ln112_7' <Predicate = true> <Delay = 0.64> <CoreInst = "DSP48">   --->   Core 127 'DSP48' <Latency = 3> <II = 1> <Delay = 0.53> <IPBlock> <Opcode : '' 'add' 'sub' 'mul' 'select'> <InPorts = 0> <OutPorts = 1> <Sync> <CReg>
ST_6 : Operation 301 [1/1] (0.00ns)   --->   "%sext_ln112_5 = sext i17 %add_ln112_7" [predecoder_kernel.cpp:112]   --->   Operation 301 'sext' 'sext_ln112_5' <Predicate = true> <Delay = 0.00>
ST_6 : Operation 302 [1/1] (0.68ns) (root node of TernaryAdder)   --->   "%add_ln112_8 = add i19 %sext_ln112_5, i19 %add_ln112_5" [predecoder_kernel.cpp:112]   --->   Operation 302 'add' 'add_ln112_8' <Predicate = true> <Delay = 0.68> <CoreInst = "TAddSub">   --->   Core 10 'TAddSub' <Latency = 0> <II = 1> <Delay = 0.34> <IPBlock> <Opcode : '' 'add' 'sub'> <InPorts = 3> <OutPorts = 1> <Sync> <CReg>
ST_6 : Operation 303 [1/2] (0.64ns) (root node of the DSP)   --->   "%add_ln112_9 = add i17 %sext_ln102_21, i17 %sext_ln102_23" [predecoder_kernel.cpp:112]   --->   Operation 303 'add' 'add_ln112_9' <Predicate = true> <Delay = 0.64> <CoreInst = "DSP48">   --->   Core 127 'DSP48' <Latency = 3> <II = 1> <Delay = 0.53> <IPBlock> <Opcode : '' 'add' 'sub' 'mul' 'select'> <InPorts = 0> <OutPorts = 1> <Sync> <CReg>
ST_6 : Operation 304 [1/2] (0.64ns) (root node of the DSP)   --->   "%add_ln112_11 = add i17 %sext_ln102_27, i17 %sext_ln102_29" [predecoder_kernel.cpp:112]   --->   Operation 304 'add' 'add_ln112_11' <Predicate = true> <Delay = 0.64> <CoreInst = "DSP48">   --->   Core 127 'DSP48' <Latency = 3> <II = 1> <Delay = 0.53> <IPBlock> <Opcode : '' 'add' 'sub' 'mul' 'select'> <InPorts = 0> <OutPorts = 1> <Sync> <CReg>
ST_6 : Operation 305 [1/1] (0.00ns)   --->   "%sext_ln112_7 = sext i17 %add_ln112_11" [predecoder_kernel.cpp:112]   --->   Operation 305 'sext' 'sext_ln112_7' <Predicate = true> <Delay = 0.00>
ST_6 : Operation 306 [2/2] (0.64ns) (root node of the DSP)   --->   "%add_ln112_12 = add i18 %sext_ln112_7, i18 %sext_ln102_25" [predecoder_kernel.cpp:112]   --->   Operation 306 'add' 'add_ln112_12' <Predicate = true> <Delay = 0.64> <CoreInst = "DSP48">   --->   Core 127 'DSP48' <Latency = 3> <II = 1> <Delay = 0.53> <IPBlock> <Opcode : '' 'add' 'sub' 'mul' 'select'> <InPorts = 0> <OutPorts = 1> <Sync> <CReg>
ST_6 : Operation 307 [1/2] (0.64ns) (root node of the DSP)   --->   "%add_ln112_15 = add i18 %sext_ln112_9, i18 %sext_ln102_31" [predecoder_kernel.cpp:112]   --->   Operation 307 'add' 'add_ln112_15' <Predicate = true> <Delay = 0.64> <CoreInst = "DSP48">   --->   Core 127 'DSP48' <Latency = 3> <II = 1> <Delay = 0.53> <IPBlock> <Opcode : '' 'add' 'sub' 'mul' 'select'> <InPorts = 0> <OutPorts = 1> <Sync> <CReg>
ST_6 : Operation 308 [1/1] (0.00ns)   --->   "%sext_ln112_10 = sext i18 %add_ln112_15" [predecoder_kernel.cpp:112]   --->   Operation 308 'sext' 'sext_ln112_10' <Predicate = true> <Delay = 0.00>
ST_6 : Operation 309 [1/2] (0.64ns) (root node of the DSP)   --->   "%add_ln112_17 = add i18 %sext_ln112_11, i18 %sext_ln102_37" [predecoder_kernel.cpp:112]   --->   Operation 309 'add' 'add_ln112_17' <Predicate = true> <Delay = 0.64> <CoreInst = "DSP48">   --->   Core 127 'DSP48' <Latency = 3> <II = 1> <Delay = 0.53> <IPBlock> <Opcode : '' 'add' 'sub' 'mul' 'select'> <InPorts = 0> <OutPorts = 1> <Sync> <CReg>
ST_6 : Operation 310 [1/1] (0.00ns)   --->   "%sext_ln112_12 = sext i18 %add_ln112_17" [predecoder_kernel.cpp:112]   --->   Operation 310 'sext' 'sext_ln112_12' <Predicate = true> <Delay = 0.00>
ST_6 : Operation 311 [1/1] (0.79ns)   --->   "%add_ln112_18 = add i19 %sext_ln112_12, i19 %sext_ln112_10" [predecoder_kernel.cpp:112]   --->   Operation 311 'add' 'add_ln112_18' <Predicate = true> <Delay = 0.79> <CoreInst = "Adder">   --->   Core 1 'Adder' <Latency = 0> <II = 1> <Delay = 0.79> <FuncUnit> <Opcode : 'add' 'sub'> <InPorts = 2> <OutPorts = 1>
ST_6 : Operation 312 [2/2] (0.64ns) (root node of the DSP)   --->   "%add_ln112_23 = add i17 %sext_ln102_43, i17 %sext_ln102_51" [predecoder_kernel.cpp:112]   --->   Operation 312 'add' 'add_ln112_23' <Predicate = true> <Delay = 0.64> <CoreInst = "DSP48">   --->   Core 127 'DSP48' <Latency = 3> <II = 1> <Delay = 0.53> <IPBlock> <Opcode : '' 'add' 'sub' 'mul' 'select'> <InPorts = 0> <OutPorts = 1> <Sync> <CReg>
ST_6 : Operation 313 [2/2] (0.64ns) (root node of the DSP)   --->   "%add_ln112_24 = add i15 %partial_26, i15 %sext_ln106" [predecoder_kernel.cpp:112]   --->   Operation 313 'add' 'add_ln112_24' <Predicate = true> <Delay = 0.64> <CoreInst = "DSP48">   --->   Core 127 'DSP48' <Latency = 3> <II = 1> <Delay = 0.53> <IPBlock> <Opcode : '' 'add' 'sub' 'mul' 'select'> <InPorts = 0> <OutPorts = 1> <Sync> <CReg>

State 7 <SV = 6> <Delay = 2.19>
ST_7 : Operation 314 [1/3] (0.00ns) (grouped into DSP with root node add_ln112_21)   --->   "%partial_22 = mul i16 %sext_ln102_44, i16 %window_1_0_load_7_cast_cast" [predecoder_kernel.cpp:102]   --->   Operation 314 'mul' 'partial_22' <Predicate = true> <Delay = 0.00> <CoreInst = "DSP48">   --->   Core 127 'DSP48' <Latency = 3> <II = 1> <Delay = 0.53> <IPBlock> <Opcode : '' 'add' 'sub' 'mul' 'select'> <InPorts = 0> <OutPorts = 1> <Sync> <CReg>
ST_7 : Operation 315 [1/1] (0.00ns) (grouped into DSP with root node add_ln112_21)   --->   "%sext_ln102_45 = sext i16 %partial_22" [predecoder_kernel.cpp:102]   --->   Operation 315 'sext' 'sext_ln102_45' <Predicate = true> <Delay = 0.00>
ST_7 : Operation 316 [1/1] (0.00ns)   --->   "%sext_ln102_46 = sext i8 %p_ZN18predecoder_weightsL13LAYER0_WEIGHTE_23_load" [predecoder_kernel.cpp:102]   --->   Operation 316 'sext' 'sext_ln102_46' <Predicate = true> <Delay = 0.00>
ST_7 : Operation 317 [1/1] (1.55ns)   --->   "%partial_23 = mul i16 %sext_ln102_46, i16 %window_2_0_load_7_cast_cast" [predecoder_kernel.cpp:102]   --->   Operation 317 'mul' 'partial_23' <Predicate = true> <Delay = 1.55> <CoreInst = "Multiplier">   --->   Core 3 'Multiplier' <Latency = 0> <II = 1> <Delay = 1.55> <FuncUnit> <Opcode : 'mul'> <InPorts = 2> <OutPorts = 1>
ST_7 : Operation 318 [1/1] (0.00ns)   --->   "%sext_ln102_47 = sext i16 %partial_23" [predecoder_kernel.cpp:102]   --->   Operation 318 'sext' 'sext_ln102_47' <Predicate = true> <Delay = 0.00>
ST_7 : Operation 319 [1/3] (0.00ns) (grouped into DSP with root node add_ln112_20)   --->   "%partial_24 = mul i16 %sext_ln102_48, i16 %window_0_load_8_cast_cast" [predecoder_kernel.cpp:102]   --->   Operation 319 'mul' 'partial_24' <Predicate = true> <Delay = 0.00> <CoreInst = "DSP48">   --->   Core 127 'DSP48' <Latency = 3> <II = 1> <Delay = 0.53> <IPBlock> <Opcode : '' 'add' 'sub' 'mul' 'select'> <InPorts = 0> <OutPorts = 1> <Sync> <CReg>
ST_7 : Operation 320 [1/1] (0.00ns) (grouped into DSP with root node add_ln112_20)   --->   "%sext_ln102_49 = sext i16 %partial_24" [predecoder_kernel.cpp:102]   --->   Operation 320 'sext' 'sext_ln102_49' <Predicate = true> <Delay = 0.00>
ST_7 : Operation 321 [1/1] (0.00ns)   --->   "%sext_ln112_2 = sext i19 %add_ln112_8" [predecoder_kernel.cpp:112]   --->   Operation 321 'sext' 'sext_ln112_2' <Predicate = true> <Delay = 0.00>
ST_7 : Operation 322 [1/1] (0.00ns)   --->   "%sext_ln112_6 = sext i17 %add_ln112_9" [predecoder_kernel.cpp:112]   --->   Operation 322 'sext' 'sext_ln112_6' <Predicate = true> <Delay = 0.00>
ST_7 : Operation 323 [1/1] (0.80ns)   --->   "%add_ln112_10 = add i20 %sext_ln112_6, i20 %sext_ln112_2" [predecoder_kernel.cpp:112]   --->   Operation 323 'add' 'add_ln112_10' <Predicate = true> <Delay = 0.80> <CoreInst = "Adder">   --->   Core 1 'Adder' <Latency = 0> <II = 1> <Delay = 0.80> <FuncUnit> <Opcode : 'add' 'sub'> <InPorts = 2> <OutPorts = 1>
ST_7 : Operation 324 [1/2] (0.64ns) (root node of the DSP)   --->   "%add_ln112_12 = add i18 %sext_ln112_7, i18 %sext_ln102_25" [predecoder_kernel.cpp:112]   --->   Operation 324 'add' 'add_ln112_12' <Predicate = true> <Delay = 0.64> <CoreInst = "DSP48">   --->   Core 127 'DSP48' <Latency = 3> <II = 1> <Delay = 0.53> <IPBlock> <Opcode : '' 'add' 'sub' 'mul' 'select'> <InPorts = 0> <OutPorts = 1> <Sync> <CReg>
ST_7 : Operation 325 [1/1] (0.00ns)   --->   "%sext_ln112_8 = sext i18 %add_ln112_12" [predecoder_kernel.cpp:112]   --->   Operation 325 'sext' 'sext_ln112_8' <Predicate = true> <Delay = 0.00>
ST_7 : Operation 326 [1/1] (0.00ns) (grouped into TernaryAdder)   --->   "%add_ln112_13 = add i20 %sext_ln112_8, i20 %add_ln112_10" [predecoder_kernel.cpp:112]   --->   Operation 326 'add' 'add_ln112_13' <Predicate = true> <Delay = 0.00> <CoreInst = "TAddSub">   --->   Core 10 'TAddSub' <Latency = 0> <II = 1> <Delay = 0.34> <IPBlock> <Opcode : '' 'add' 'sub'> <InPorts = 3> <OutPorts = 1> <Sync> <CReg>
ST_7 : Operation 327 [1/1] (0.00ns)   --->   "%sext_ln112_13 = sext i19 %add_ln112_18" [predecoder_kernel.cpp:112]   --->   Operation 327 'sext' 'sext_ln112_13' <Predicate = true> <Delay = 0.00>
ST_7 : Operation 328 [1/1] (0.68ns) (root node of TernaryAdder)   --->   "%add_ln112_19 = add i20 %sext_ln112_13, i20 %add_ln112_13" [predecoder_kernel.cpp:112]   --->   Operation 328 'add' 'add_ln112_19' <Predicate = true> <Delay = 0.68> <CoreInst = "TAddSub">   --->   Core 10 'TAddSub' <Latency = 0> <II = 1> <Delay = 0.34> <IPBlock> <Opcode : '' 'add' 'sub'> <InPorts = 3> <OutPorts = 1> <Sync> <CReg>
ST_7 : Operation 329 [2/2] (0.64ns) (root node of the DSP)   --->   "%add_ln112_20 = add i20 %add_ln112_19, i20 %sext_ln102_49" [predecoder_kernel.cpp:112]   --->   Operation 329 'add' 'add_ln112_20' <Predicate = true> <Delay = 0.64> <CoreInst = "DSP48">   --->   Core 127 'DSP48' <Latency = 3> <II = 1> <Delay = 0.53> <IPBlock> <Opcode : '' 'add' 'sub' 'mul' 'select'> <InPorts = 0> <OutPorts = 1> <Sync> <CReg>
ST_7 : Operation 330 [2/2] (0.64ns) (root node of the DSP)   --->   "%add_ln112_21 = add i17 %sext_ln102_47, i17 %sext_ln102_45" [predecoder_kernel.cpp:112]   --->   Operation 330 'add' 'add_ln112_21' <Predicate = true> <Delay = 0.64> <CoreInst = "DSP48">   --->   Core 127 'DSP48' <Latency = 3> <II = 1> <Delay = 0.53> <IPBlock> <Opcode : '' 'add' 'sub' 'mul' 'select'> <InPorts = 0> <OutPorts = 1> <Sync> <CReg>
ST_7 : Operation 331 [1/2] (0.64ns) (root node of the DSP)   --->   "%add_ln112_23 = add i17 %sext_ln102_43, i17 %sext_ln102_51" [predecoder_kernel.cpp:112]   --->   Operation 331 'add' 'add_ln112_23' <Predicate = true> <Delay = 0.64> <CoreInst = "DSP48">   --->   Core 127 'DSP48' <Latency = 3> <II = 1> <Delay = 0.53> <IPBlock> <Opcode : '' 'add' 'sub' 'mul' 'select'> <InPorts = 0> <OutPorts = 1> <Sync> <CReg>
ST_7 : Operation 332 [1/2] (0.64ns) (root node of the DSP)   --->   "%add_ln112_24 = add i15 %partial_26, i15 %sext_ln106" [predecoder_kernel.cpp:112]   --->   Operation 332 'add' 'add_ln112_24' <Predicate = true> <Delay = 0.64> <CoreInst = "DSP48">   --->   Core 127 'DSP48' <Latency = 3> <II = 1> <Delay = 0.53> <IPBlock> <Opcode : '' 'add' 'sub' 'mul' 'select'> <InPorts = 0> <OutPorts = 1> <Sync> <CReg>
ST_7 : Operation 333 [1/1] (0.00ns)   --->   "%sext_ln112_16 = sext i15 %add_ln112_24" [predecoder_kernel.cpp:112]   --->   Operation 333 'sext' 'sext_ln112_16' <Predicate = true> <Delay = 0.00>
ST_7 : Operation 334 [1/1] (0.79ns)   --->   "%add_ln112_25 = add i17 %sext_ln112_16, i17 %add_ln112_23" [predecoder_kernel.cpp:112]   --->   Operation 334 'add' 'add_ln112_25' <Predicate = true> <Delay = 0.79> <CoreInst = "Adder">   --->   Core 1 'Adder' <Latency = 0> <II = 1> <Delay = 0.79> <FuncUnit> <Opcode : 'add' 'sub'> <InPorts = 2> <OutPorts = 1>
ST_7 : Operation 335 [1/1] (0.00ns)   --->   "%layer0_mult_addr = getelementptr i41 %layer0_mult, i64 0, i64 %zext_ln69_1" [predecoder_kernel.cpp:116]   --->   Operation 335 'getelementptr' 'layer0_mult_addr' <Predicate = true> <Delay = 0.00>
ST_7 : Operation 336 [2/2] (0.71ns)   --->   "%layer0_mult_load = load i4 %layer0_mult_addr" [predecoder_kernel.cpp:116]   --->   Operation 336 'load' 'layer0_mult_load' <Predicate = true> <Delay = 0.71> <CoreInst = "ROM">   --->   Core 101 'ROM' <Latency = 1> <II = 1> <Delay = 0.71> <Storage> <Opcode : 'load'> <Ports = 0> <Width = 41> <Depth = 12> <ROM>

State 8 <SV = 7> <Delay = 1.68>
ST_8 : Operation 337 [1/2] (0.64ns) (root node of the DSP)   --->   "%add_ln112_20 = add i20 %add_ln112_19, i20 %sext_ln102_49" [predecoder_kernel.cpp:112]   --->   Operation 337 'add' 'add_ln112_20' <Predicate = true> <Delay = 0.64> <CoreInst = "DSP48">   --->   Core 127 'DSP48' <Latency = 3> <II = 1> <Delay = 0.53> <IPBlock> <Opcode : '' 'add' 'sub' 'mul' 'select'> <InPorts = 0> <OutPorts = 1> <Sync> <CReg>
ST_8 : Operation 338 [1/1] (0.00ns)   --->   "%sext_ln112_14 = sext i20 %add_ln112_20" [predecoder_kernel.cpp:112]   --->   Operation 338 'sext' 'sext_ln112_14' <Predicate = true> <Delay = 0.00>
ST_8 : Operation 339 [1/2] (0.64ns) (root node of the DSP)   --->   "%add_ln112_21 = add i17 %sext_ln102_47, i17 %sext_ln102_45" [predecoder_kernel.cpp:112]   --->   Operation 339 'add' 'add_ln112_21' <Predicate = true> <Delay = 0.64> <CoreInst = "DSP48">   --->   Core 127 'DSP48' <Latency = 3> <II = 1> <Delay = 0.53> <IPBlock> <Opcode : '' 'add' 'sub' 'mul' 'select'> <InPorts = 0> <OutPorts = 1> <Sync> <CReg>
ST_8 : Operation 340 [1/1] (0.00ns)   --->   "%sext_ln112_15 = sext i17 %add_ln112_21" [predecoder_kernel.cpp:112]   --->   Operation 340 'sext' 'sext_ln112_15' <Predicate = true> <Delay = 0.00>
ST_8 : Operation 341 [1/1] (0.00ns) (grouped into TernaryAdder)   --->   "%add_ln112_22 = add i21 %sext_ln112_15, i21 %sext_ln112_14" [predecoder_kernel.cpp:112]   --->   Operation 341 'add' 'add_ln112_22' <Predicate = true> <Delay = 0.00> <CoreInst = "TAddSub">   --->   Core 10 'TAddSub' <Latency = 0> <II = 1> <Delay = 0.34> <IPBlock> <Opcode : '' 'add' 'sub'> <InPorts = 3> <OutPorts = 1> <Sync> <CReg>
ST_8 : Operation 342 [1/1] (0.00ns)   --->   "%sext_ln112_17 = sext i17 %add_ln112_25" [predecoder_kernel.cpp:112]   --->   Operation 342 'sext' 'sext_ln112_17' <Predicate = true> <Delay = 0.00>
ST_8 : Operation 343 [1/1] (0.69ns) (root node of TernaryAdder)   --->   "%acc_1 = add i21 %sext_ln112_17, i21 %add_ln112_22" [predecoder_kernel.cpp:112]   --->   Operation 343 'add' 'acc_1' <Predicate = true> <Delay = 0.69> <CoreInst = "TAddSub">   --->   Core 10 'TAddSub' <Latency = 0> <II = 1> <Delay = 0.34> <IPBlock> <Opcode : '' 'add' 'sub'> <InPorts = 3> <OutPorts = 1> <Sync> <CReg>
ST_8 : Operation 344 [1/1] (0.00ns)   --->   "%tmp = bitselect i1 @_ssdm_op_BitSelect.i1.i21.i32, i21 %acc_1, i32 20" [predecoder_kernel.cpp:114]   --->   Operation 344 'bitselect' 'tmp' <Predicate = true> <Delay = 0.00>
ST_8 : Operation 345 [1/1] (0.00ns)   --->   "%trunc_ln116 = trunc i21 %acc_1" [predecoder_kernel.cpp:116]   --->   Operation 345 'trunc' 'trunc_ln116' <Predicate = true> <Delay = 0.00>
ST_8 : Operation 346 [1/1] (0.34ns)   --->   "%select_ln114 = select i1 %tmp, i20 0, i20 %trunc_ln116" [predecoder_kernel.cpp:114]   --->   Operation 346 'select' 'select_ln114' <Predicate = true> <Delay = 0.34> <CoreInst = "Sel">   --->   Core 73 'Sel' <Latency = 0> <II = 1> <Delay = 0.34> <FuncUnit> <Opcode : 'select'> <InPorts = 3> <OutPorts = 1>
ST_8 : Operation 347 [1/2] (0.71ns)   --->   "%layer0_mult_load = load i4 %layer0_mult_addr" [predecoder_kernel.cpp:116]   --->   Operation 347 'load' 'layer0_mult_load' <Predicate = true> <Delay = 0.71> <CoreInst = "ROM">   --->   Core 101 'ROM' <Latency = 1> <II = 1> <Delay = 0.71> <Storage> <Opcode : 'load'> <Ports = 0> <Width = 41> <Depth = 12> <ROM>

State 9 <SV = 8> <Delay = 2.15>
ST_9 : Operation 348 [1/1] (0.00ns)   --->   "%shl_ln = bitconcatenate i76 @_ssdm_op_BitConcatenate.i76.i20.i56, i20 %select_ln114, i56 0" [predecoder_kernel.cpp:116]   --->   Operation 348 'bitconcatenate' 'shl_ln' <Predicate = true> <Delay = 0.00>
ST_9 : Operation 349 [1/1] (0.00ns)   --->   "%shl_ln116_1 = bitconcatenate i57 @_ssdm_op_BitConcatenate.i57.i41.i16, i41 %layer0_mult_load, i16 0" [predecoder_kernel.cpp:116]   --->   Operation 349 'bitconcatenate' 'shl_ln116_1' <Predicate = true> <Delay = 0.00>
ST_9 : Operation 350 [1/1] (0.00ns)   --->   "%zext_ln116 = zext i76 %shl_ln" [predecoder_kernel.cpp:116]   --->   Operation 350 'zext' 'zext_ln116' <Predicate = true> <Delay = 0.00>
ST_9 : Operation 351 [1/1] (0.00ns)   --->   "%zext_ln116_1 = zext i57 %shl_ln116_1" [predecoder_kernel.cpp:116]   --->   Operation 351 'zext' 'zext_ln116_1' <Predicate = true> <Delay = 0.00>
ST_9 : Operation 352 [5/5] (2.15ns)   --->   "%mul_ln116 = mul i132 %zext_ln116, i132 %zext_ln116_1" [predecoder_kernel.cpp:116]   --->   Operation 352 'mul' 'mul_ln116' <Predicate = true> <Delay = 2.15> <CoreInst = "Multiplier">   --->   Core 3 'Multiplier' <Latency = 4> <II = 1> <Delay = 2.15> <FuncUnit> <Opcode : 'mul'> <InPorts = 2> <OutPorts = 1>

State 10 <SV = 9> <Delay = 2.15>
ST_10 : Operation 353 [4/5] (2.15ns)   --->   "%mul_ln116 = mul i132 %zext_ln116, i132 %zext_ln116_1" [predecoder_kernel.cpp:116]   --->   Operation 353 'mul' 'mul_ln116' <Predicate = true> <Delay = 2.15> <CoreInst = "Multiplier">   --->   Core 3 'Multiplier' <Latency = 4> <II = 1> <Delay = 2.15> <FuncUnit> <Opcode : 'mul'> <InPorts = 2> <OutPorts = 1>

State 11 <SV = 10> <Delay = 2.15>
ST_11 : Operation 354 [3/5] (2.15ns)   --->   "%mul_ln116 = mul i132 %zext_ln116, i132 %zext_ln116_1" [predecoder_kernel.cpp:116]   --->   Operation 354 'mul' 'mul_ln116' <Predicate = true> <Delay = 2.15> <CoreInst = "Multiplier">   --->   Core 3 'Multiplier' <Latency = 4> <II = 1> <Delay = 2.15> <FuncUnit> <Opcode : 'mul'> <InPorts = 2> <OutPorts = 1>

State 12 <SV = 11> <Delay = 2.15>
ST_12 : Operation 355 [2/5] (2.15ns)   --->   "%mul_ln116 = mul i132 %zext_ln116, i132 %zext_ln116_1" [predecoder_kernel.cpp:116]   --->   Operation 355 'mul' 'mul_ln116' <Predicate = true> <Delay = 2.15> <CoreInst = "Multiplier">   --->   Core 3 'Multiplier' <Latency = 4> <II = 1> <Delay = 2.15> <FuncUnit> <Opcode : 'mul'> <InPorts = 2> <OutPorts = 1>

State 13 <SV = 12> <Delay = 2.15>
ST_13 : Operation 356 [1/5] (2.15ns)   --->   "%mul_ln116 = mul i132 %zext_ln116, i132 %zext_ln116_1" [predecoder_kernel.cpp:116]   --->   Operation 356 'mul' 'mul_ln116' <Predicate = true> <Delay = 2.15> <CoreInst = "Multiplier">   --->   Core 3 'Multiplier' <Latency = 4> <II = 1> <Delay = 2.15> <FuncUnit> <Opcode : 'mul'> <InPorts = 2> <OutPorts = 1>
ST_13 : Operation 357 [1/1] (0.00ns)   --->   "%trunc_ln7 = partselect i76 @_ssdm_op_PartSelect.i76.i132.i32.i32, i132 %mul_ln116, i32 56, i32 131" [predecoder_kernel.cpp:116]   --->   Operation 357 'partselect' 'trunc_ln7' <Predicate = true> <Delay = 0.00>

State 14 <SV = 13> <Delay = 2.25>
ST_14 : Operation 358 [1/1] (1.21ns)   --->   "%rounded = add i76 %trunc_ln7, i76 36028797018963968" [predecoder_kernel.cpp:117]   --->   Operation 358 'add' 'rounded' <Predicate = true> <Delay = 1.21> <CoreInst = "Adder">   --->   Core 1 'Adder' <Latency = 0> <II = 1> <Delay = 1.21> <FuncUnit> <Opcode : 'add' 'sub'> <InPorts = 2> <OutPorts = 1>
ST_14 : Operation 359 [1/1] (0.00ns)   --->   "%tmp_360 = partselect i12 @_ssdm_op_PartSelect.i12.i76.i32.i32, i76 %rounded, i32 64, i32 75" [predecoder_kernel.cpp:120]   --->   Operation 359 'partselect' 'tmp_360' <Predicate = true> <Delay = 0.00>
ST_14 : Operation 360 [1/1] (0.74ns)   --->   "%icmp_ln120 = icmp_ne  i12 %tmp_360, i12 0" [predecoder_kernel.cpp:120]   --->   Operation 360 'icmp' 'icmp_ln120' <Predicate = true> <Delay = 0.74> <CoreInst = "Cmp">   --->   Core 9 'Cmp' <Latency = 0> <II = 1> <Delay = 0.74> <FuncUnit> <Opcode : 'icmp'> <InPorts = 2> <OutPorts = 1>
ST_14 : Operation 361 [1/1] (0.00ns)   --->   "%trunc_ln = partselect i8 @_ssdm_op_PartSelect.i8.i76.i32.i32, i76 %rounded, i32 56, i32 63" [predecoder_kernel.cpp:121]   --->   Operation 361 'partselect' 'trunc_ln' <Predicate = true> <Delay = 0.00>
ST_14 : Operation 362 [1/1] (0.30ns)   --->   "%select_ln121 = select i1 %icmp_ln120, i8 255, i8 %trunc_ln" [predecoder_kernel.cpp:121]   --->   Operation 362 'select' 'select_ln121' <Predicate = true> <Delay = 0.30> <CoreInst = "Sel">   --->   Core 73 'Sel' <Latency = 0> <II = 1> <Delay = 0.30> <FuncUnit> <Opcode : 'select'> <InPorts = 3> <OutPorts = 1>
ST_14 : Operation 369 [1/1] (0.00ns)   --->   "%ret_ln0 = ret"   --->   Operation 369 'ret' 'ret_ln0' <Predicate = (icmp_ln69)> <Delay = 0.00>

State 15 <SV = 14> <Delay = 0.66>
ST_15 : Operation 363 [1/1] (0.00ns)   --->   "%specpipeline_ln69 = specpipeline void @_ssdm_op_SpecPipeline, i32 4294967295, i32 0, i32 0, i32 0, void @empty_5" [predecoder_kernel.cpp:69]   --->   Operation 363 'specpipeline' 'specpipeline_ln69' <Predicate = true> <Delay = 0.00>
ST_15 : Operation 364 [1/1] (0.00ns)   --->   "%speclooptripcount_ln69 = speclooptripcount void @_ssdm_op_SpecLoopTripCount, i64 12, i64 12, i64 12" [predecoder_kernel.cpp:69]   --->   Operation 364 'speclooptripcount' 'speclooptripcount_ln69' <Predicate = true> <Delay = 0.00>
ST_15 : Operation 365 [1/1] (0.00ns)   --->   "%specloopname_ln69 = specloopname void @_ssdm_op_SpecLoopName, void @empty_11" [predecoder_kernel.cpp:69]   --->   Operation 365 'specloopname' 'specloopname_ln69' <Predicate = true> <Delay = 0.00>
ST_15 : Operation 366 [1/1] (0.00ns)   --->   "%out_addr = getelementptr i8 %out_r, i64 0, i64 %zext_ln69_1" [predecoder_kernel.cpp:121]   --->   Operation 366 'getelementptr' 'out_addr' <Predicate = true> <Delay = 0.00>
ST_15 : Operation 367 [1/1] (0.66ns)   --->   "%store_ln121 = store i8 %select_ln121, i4 %out_addr" [predecoder_kernel.cpp:121]   --->   Operation 367 'store' 'store_ln121' <Predicate = true> <Delay = 0.66> <CoreInst = "RAM">   --->   Core 83 'RAM' <Latency = 1> <II = 1> <Delay = 0.66> <Storage> <Opcode : 'load' 'store'> <Ports = 2> <Width = 8> <Depth = 12> <RAM>
ST_15 : Operation 368 [1/1] (0.00ns)   --->   "%br_ln69 = br void %PARTIAL_INIT" [predecoder_kernel.cpp:69]   --->   Operation 368 'br' 'br_ln69' <Predicate = true> <Delay = 0.00>


============================================================
+ Verbose Summary: Timing violations
============================================================
Target clock period: 3.330ns, clock uncertainty: 0.899ns.

 <State 1>: 1.482ns
The critical path consists of the following:
	'store' operation 0 bit ('store_ln69', predecoder_kernel.cpp:69) of constant 0 on local variable 'oc', predecoder_kernel.cpp:69 [113]  (0.387 ns)
	'load' operation 4 bit ('oc', predecoder_kernel.cpp:69) on local variable 'oc', predecoder_kernel.cpp:69 [116]  (0.000 ns)
	'icmp' operation 1 bit ('icmp_ln69', predecoder_kernel.cpp:69) [117]  (0.708 ns)
	'store' operation 0 bit ('store_ln69', predecoder_kernel.cpp:69) of variable 'add_ln69', predecoder_kernel.cpp:69 on local variable 'oc', predecoder_kernel.cpp:69 [325]  (0.387 ns)

 <State 2>: 1.663ns
The critical path consists of the following:
	'load' operation 8 bit ('p_ZN18predecoder_weightsL13LAYER0_WEIGHTE_2_load', predecoder_kernel.cpp:102) on array 'p_ZN18predecoder_weightsL13LAYER0_WEIGHTE_2' [136]  (0.667 ns)
	'mul' operation 16 bit of DSP[262] ('partial', predecoder_kernel.cpp:102) [138]  (0.996 ns)

 <State 3>: 1.663ns
The critical path consists of the following:
	'load' operation 8 bit ('p_ZN18predecoder_weightsL13LAYER0_WEIGHTE_1_load', predecoder_kernel.cpp:102) on array 'p_ZN18predecoder_weightsL13LAYER0_WEIGHTE_1' [131]  (0.667 ns)
	'mul' operation 16 bit of DSP[263] ('partial', predecoder_kernel.cpp:102) [133]  (0.996 ns)

 <State 4>: 2.195ns
The critical path consists of the following:
	'mul' operation 16 bit ('partial', predecoder_kernel.cpp:102) [128]  (1.550 ns)
	'add' operation 17 bit of DSP[262] ('add_ln112', predecoder_kernel.cpp:112) [262]  (0.645 ns)

 <State 5>: 2.195ns
The critical path consists of the following:
	'mul' operation 16 bit ('partial', predecoder_kernel.cpp:102) [148]  (1.550 ns)
	'add' operation 17 bit of DSP[265] ('add_ln112_2', predecoder_kernel.cpp:112) [265]  (0.645 ns)

 <State 6>: 2.195ns
The critical path consists of the following:
	'mul' operation 16 bit ('partial', predecoder_kernel.cpp:102) [233]  (1.550 ns)
	'add' operation 17 bit of DSP[301] ('add_ln112_23', predecoder_kernel.cpp:112) [301]  (0.645 ns)

 <State 7>: 2.195ns
The critical path consists of the following:
	'mul' operation 16 bit ('partial', predecoder_kernel.cpp:102) [243]  (1.550 ns)
	'add' operation 17 bit of DSP[298] ('add_ln112_21', predecoder_kernel.cpp:112) [298]  (0.645 ns)

 <State 8>: 1.681ns
The critical path consists of the following:
	'add' operation 20 bit of DSP[296] ('add_ln112_20', predecoder_kernel.cpp:112) [296]  (0.645 ns)
	'add' operation 21 bit ('add_ln112_22', predecoder_kernel.cpp:112) [300]  (0.000 ns)
	'add' operation 21 bit ('acc', predecoder_kernel.cpp:112) [306]  (0.693 ns)
	'select' operation 20 bit ('select_ln114', predecoder_kernel.cpp:114) [309]  (0.344 ns)

 <State 9>: 2.157ns
The critical path consists of the following:
	'mul' operation 132 bit ('mul_ln116', predecoder_kernel.cpp:116) [316]  (2.157 ns)

 <State 10>: 2.157ns
The critical path consists of the following:
	'mul' operation 132 bit ('mul_ln116', predecoder_kernel.cpp:116) [316]  (2.157 ns)

 <State 11>: 2.157ns
The critical path consists of the following:
	'mul' operation 132 bit ('mul_ln116', predecoder_kernel.cpp:116) [316]  (2.157 ns)

 <State 12>: 2.157ns
The critical path consists of the following:
	'mul' operation 132 bit ('mul_ln116', predecoder_kernel.cpp:116) [316]  (2.157 ns)

 <State 13>: 2.157ns
The critical path consists of the following:
	'mul' operation 132 bit ('mul_ln116', predecoder_kernel.cpp:116) [316]  (2.157 ns)

 <State 14>: 2.258ns
The critical path consists of the following:
	'add' operation 76 bit ('rounded', predecoder_kernel.cpp:117) [318]  (1.210 ns)
	'icmp' operation 1 bit ('icmp_ln120', predecoder_kernel.cpp:120) [320]  (0.745 ns)
	'select' operation 8 bit ('select_ln121', predecoder_kernel.cpp:121) [322]  (0.303 ns)

 <State 15>: 0.667ns
The critical path consists of the following:
	'getelementptr' operation 4 bit ('out_addr', predecoder_kernel.cpp:121) [323]  (0.000 ns)
	'store' operation 0 bit ('store_ln121', predecoder_kernel.cpp:121) of variable 'select_ln121', predecoder_kernel.cpp:121 on array 'out_r' [324]  (0.667 ns)


============================================================
+ Verbose Summary: Binding
============================================================
N/A
* FSMD analyzer results:
  - Output states:
 - Input state : 
  - Chain level:
	State 1
	State 2
	State 3
	State 4
	State 5
	State 6
	State 7
	State 8
	State 9
	State 10
	State 11
	State 12
	State 13
	State 14
	State 15


============================================================
+ Verbose Summary: Datapath Resource usage 
============================================================
N/A
