

================================================================
== Vitis HLS Report for 'edge_correction_Pipeline_INIT_VITIS_LOOP_167_1_VITIS_LOOP_168_2'
================================================================
* Date:           Thu Sep  3 17:06:13 2026

* Version:        2023.2 (Build 4023990 on Oct 11 2023)
* Project:        predecoder_csynth_proj
* Solution:       solution1 (Vitis Kernel Flow Target)
* Product family: virtexuplusHBM
* Target device:  xcu55c-fsvh2892-2L-e


================================================================
== Performance Estimates
================================================================
+ Timing: 
    * Summary: 
    +--------+---------+----------+------------+
    |  Clock |  Target | Estimated| Uncertainty|
    +--------+---------+----------+------------+
    |ap_clk  |  3.33 ns|  2.608 ns|     0.90 ns|
    +--------+---------+----------+------------+

+ Latency: 
    * Summary: 
    +---------+---------+----------+----------+-----+-----+---------+
    |  Latency (cycles) |  Latency (absolute) |  Interval | Pipeline|
    |   min   |   max   |    min   |    max   | min | max |   Type  |
    +---------+---------+----------+----------+-----+-----+---------+
    |      218|      218|  0.726 us|  0.726 us|  218|  218|       no|
    +---------+---------+----------+----------+-----+-----+---------+

    + Detail: 
        * Instance: 
        N/A

        * Loop: 
        +------------------------------------------+---------+---------+----------+-----------+-----------+------+----------+
        |                                          |  Latency (cycles) | Iteration|  Initiation Interval  | Trip |          |
        |                 Loop Name                |   min   |   max   |  Latency |  achieved |   target  | Count| Pipelined|
        +------------------------------------------+---------+---------+----------+-----------+-----------+------+----------+
        |- INIT_VITIS_LOOP_167_1_VITIS_LOOP_168_2  |      216|      216|         2|          1|          1|   216|       yes|
        +------------------------------------------+---------+---------+----------+-----------+-----------+------+----------+

============================================================
+ Verbose Summary: Synthesis Manager
============================================================
InlineROM: 1
ExposeGlobal: 0
============================================================
+ Verbose Summary: CDFG Model
============================================================
IsTopModel: 0
ResetActiveHigh: 1
IsCombinational: 0
IsDatapathOnly: 0
HasWiredReturn: 1
HasMFsm: 2
HasVarLatency: 1
IsPipeline: 0
IsRtlPipelined: 0
IsInstanceOverlapped: 0
IsDontTouch: 0
HasImplIP: 0
IsGatedGlobalClock: 0

+ Individual pipeline summary: 
  * Pipeline-0: initiation interval (II) = 1, depth = 2


============================================================
+ Verbose Summary: Schedule
============================================================
* Number of FSM states : 2
* Pipeline : 1
  Pipeline-0 : II = 1, D = 2, States = { 1 2 }
* Dataflow Pipeline: 0

* FSM state transitions: 
1 --> 2 
2 --> 

* FSM state operations: 

State 1 <SV = 0> <Delay = 2.60>
ST_1 : Operation 5 [1/1] (0.00ns)   --->   "%x = alloca i32 1" [predecoder_kernel.cpp:168]   --->   Operation 5 'alloca' 'x' <Predicate = true> <Delay = 0.00>
ST_1 : Operation 6 [1/1] (0.00ns)   --->   "%y = alloca i32 1" [predecoder_kernel.cpp:167]   --->   Operation 6 'alloca' 'y' <Predicate = true> <Delay = 0.00>
ST_1 : Operation 7 [1/1] (0.00ns)   --->   "%indvar_flatten = alloca i32 1"   --->   Operation 7 'alloca' 'indvar_flatten' <Predicate = true> <Delay = 0.00>
ST_1 : Operation 8 [1/1] (0.00ns)   --->   "%t = alloca i32 1" [predecoder_kernel.cpp:166]   --->   Operation 8 'alloca' 't' <Predicate = true> <Delay = 0.00>
ST_1 : Operation 9 [1/1] (0.00ns)   --->   "%indvar_flatten12 = alloca i32 1"   --->   Operation 9 'alloca' 'indvar_flatten12' <Predicate = true> <Delay = 0.00>
ST_1 : Operation 10 [1/1] (0.38ns)   --->   "%store_ln0 = store i8 0, i8 %indvar_flatten12"   --->   Operation 10 'store' 'store_ln0' <Predicate = true> <Delay = 0.38>
ST_1 : Operation 11 [1/1] (0.38ns)   --->   "%store_ln166 = store i3 0, i3 %t" [predecoder_kernel.cpp:166]   --->   Operation 11 'store' 'store_ln166' <Predicate = true> <Delay = 0.38>
ST_1 : Operation 12 [1/1] (0.38ns)   --->   "%store_ln0 = store i6 0, i6 %indvar_flatten"   --->   Operation 12 'store' 'store_ln0' <Predicate = true> <Delay = 0.38>
ST_1 : Operation 13 [1/1] (0.38ns)   --->   "%store_ln167 = store i3 0, i3 %y" [predecoder_kernel.cpp:167]   --->   Operation 13 'store' 'store_ln167' <Predicate = true> <Delay = 0.38>
ST_1 : Operation 14 [1/1] (0.38ns)   --->   "%store_ln168 = store i3 0, i3 %x" [predecoder_kernel.cpp:168]   --->   Operation 14 'store' 'store_ln168' <Predicate = true> <Delay = 0.38>
ST_1 : Operation 15 [1/1] (0.00ns)   --->   "%br_ln0 = br void %for.inc"   --->   Operation 15 'br' 'br_ln0' <Predicate = true> <Delay = 0.00>
ST_1 : Operation 16 [1/1] (0.00ns)   --->   "%indvar_flatten_load = load i6 %indvar_flatten" [predecoder_kernel.cpp:167]   --->   Operation 16 'load' 'indvar_flatten_load' <Predicate = true> <Delay = 0.00>
ST_1 : Operation 17 [1/1] (0.00ns)   --->   "%indvar_flatten12_load = load i8 %indvar_flatten12" [predecoder_kernel.cpp:166]   --->   Operation 17 'load' 'indvar_flatten12_load' <Predicate = true> <Delay = 0.00>
ST_1 : Operation 18 [1/1] (0.70ns)   --->   "%icmp_ln166 = icmp_eq  i8 %indvar_flatten12_load, i8 216" [predecoder_kernel.cpp:166]   --->   Operation 18 'icmp' 'icmp_ln166' <Predicate = true> <Delay = 0.70> <CoreInst = "Cmp">   --->   Core 9 'Cmp' <Latency = 0> <II = 1> <Delay = 0.70> <FuncUnit> <Opcode : 'icmp'> <InPorts = 2> <OutPorts = 1>
ST_1 : Operation 19 [1/1] (0.70ns)   --->   "%add_ln166_1 = add i8 %indvar_flatten12_load, i8 1" [predecoder_kernel.cpp:166]   --->   Operation 19 'add' 'add_ln166_1' <Predicate = true> <Delay = 0.70> <CoreInst = "Adder">   --->   Core 1 'Adder' <Latency = 0> <II = 1> <Delay = 0.70> <FuncUnit> <Opcode : 'add' 'sub'> <InPorts = 2> <OutPorts = 1>
ST_1 : Operation 20 [1/1] (0.00ns)   --->   "%br_ln166 = br i1 %icmp_ln166, void %for.inc16, void %for.body33.preheader.exitStub" [predecoder_kernel.cpp:166]   --->   Operation 20 'br' 'br_ln166' <Predicate = true> <Delay = 0.00>
ST_1 : Operation 21 [1/1] (0.00ns)   --->   "%x_load = load i3 %x" [predecoder_kernel.cpp:168]   --->   Operation 21 'load' 'x_load' <Predicate = (!icmp_ln166)> <Delay = 0.00>
ST_1 : Operation 22 [1/1] (0.00ns)   --->   "%y_load = load i3 %y" [predecoder_kernel.cpp:166]   --->   Operation 22 'load' 'y_load' <Predicate = (!icmp_ln166)> <Delay = 0.00>
ST_1 : Operation 23 [1/1] (0.00ns)   --->   "%t_load = load i3 %t" [predecoder_kernel.cpp:166]   --->   Operation 23 'load' 't_load' <Predicate = (!icmp_ln166)> <Delay = 0.00>
ST_1 : Operation 24 [1/1] (0.57ns)   --->   "%add_ln166 = add i3 %t_load, i3 1" [predecoder_kernel.cpp:166]   --->   Operation 24 'add' 'add_ln166' <Predicate = (!icmp_ln166)> <Delay = 0.57> <CoreInst = "Adder">   --->   Core 1 'Adder' <Latency = 0> <II = 1> <Delay = 0.57> <FuncUnit> <Opcode : 'add' 'sub'> <InPorts = 2> <OutPorts = 1>
ST_1 : Operation 25 [1/1] (0.70ns)   --->   "%icmp_ln167 = icmp_eq  i6 %indvar_flatten_load, i6 36" [predecoder_kernel.cpp:167]   --->   Operation 25 'icmp' 'icmp_ln167' <Predicate = (!icmp_ln166)> <Delay = 0.70> <CoreInst = "Cmp">   --->   Core 9 'Cmp' <Latency = 0> <II = 1> <Delay = 0.70> <FuncUnit> <Opcode : 'icmp'> <InPorts = 2> <OutPorts = 1>
ST_1 : Operation 26 [1/1] (0.27ns)   --->   "%select_ln166 = select i1 %icmp_ln167, i3 0, i3 %y_load" [predecoder_kernel.cpp:166]   --->   Operation 26 'select' 'select_ln166' <Predicate = (!icmp_ln166)> <Delay = 0.27> <CoreInst = "Sel">   --->   Core 73 'Sel' <Latency = 0> <II = 1> <Delay = 0.27> <FuncUnit> <Opcode : 'select'> <InPorts = 3> <OutPorts = 1>
ST_1 : Operation 27 [1/1] (0.00ns) (grouped into LUT with out node and_ln166)   --->   "%xor_ln166 = xor i1 %icmp_ln167, i1 1" [predecoder_kernel.cpp:166]   --->   Operation 27 'xor' 'xor_ln166' <Predicate = (!icmp_ln166)> <Delay = 0.00> <CoreInst = "LogicGate">   --->   Core 74 'LogicGate' <Latency = 0> <II = 1> <Delay = 0.12> <FuncUnit> <Opcode : 'and' 'or' 'xor'> <InPorts = 2> <OutPorts = 1>
ST_1 : Operation 28 [1/1] (0.57ns)   --->   "%icmp_ln168 = icmp_eq  i3 %x_load, i3 6" [predecoder_kernel.cpp:168]   --->   Operation 28 'icmp' 'icmp_ln168' <Predicate = (!icmp_ln166)> <Delay = 0.57> <CoreInst = "Cmp">   --->   Core 9 'Cmp' <Latency = 0> <II = 1> <Delay = 0.57> <FuncUnit> <Opcode : 'icmp'> <InPorts = 2> <OutPorts = 1>
ST_1 : Operation 29 [1/1] (0.12ns) (out node of the LUT)   --->   "%and_ln166 = and i1 %icmp_ln168, i1 %xor_ln166" [predecoder_kernel.cpp:166]   --->   Operation 29 'and' 'and_ln166' <Predicate = (!icmp_ln166)> <Delay = 0.12> <CoreInst = "LogicGate">   --->   Core 74 'LogicGate' <Latency = 0> <II = 1> <Delay = 0.12> <FuncUnit> <Opcode : 'and' 'or' 'xor'> <InPorts = 2> <OutPorts = 1>
ST_1 : Operation 30 [1/1] (0.27ns)   --->   "%select_ln166_1 = select i1 %icmp_ln167, i3 %add_ln166, i3 %t_load" [predecoder_kernel.cpp:166]   --->   Operation 30 'select' 'select_ln166_1' <Predicate = (!icmp_ln166)> <Delay = 0.27> <CoreInst = "Sel">   --->   Core 73 'Sel' <Latency = 0> <II = 1> <Delay = 0.27> <FuncUnit> <Opcode : 'select'> <InPorts = 3> <OutPorts = 1>
ST_1 : Operation 31 [1/1] (0.57ns)   --->   "%add_ln167 = add i3 %select_ln166, i3 1" [predecoder_kernel.cpp:167]   --->   Operation 31 'add' 'add_ln167' <Predicate = (!icmp_ln166)> <Delay = 0.57> <CoreInst = "Adder">   --->   Core 1 'Adder' <Latency = 0> <II = 1> <Delay = 0.57> <FuncUnit> <Opcode : 'add' 'sub'> <InPorts = 2> <OutPorts = 1>
ST_1 : Operation 32 [1/1] (0.00ns) (grouped into LUT with out node select_ln167)   --->   "%or_ln167 = or i1 %and_ln166, i1 %icmp_ln167" [predecoder_kernel.cpp:167]   --->   Operation 32 'or' 'or_ln167' <Predicate = (!icmp_ln166)> <Delay = 0.00> <CoreInst = "LogicGate">   --->   Core 74 'LogicGate' <Latency = 0> <II = 1> <Delay = 0.12> <FuncUnit> <Opcode : 'and' 'or' 'xor'> <InPorts = 2> <OutPorts = 1>
ST_1 : Operation 33 [1/1] (0.27ns) (out node of the LUT)   --->   "%select_ln167 = select i1 %or_ln167, i3 0, i3 %x_load" [predecoder_kernel.cpp:167]   --->   Operation 33 'select' 'select_ln167' <Predicate = (!icmp_ln166)> <Delay = 0.27> <CoreInst = "Sel">   --->   Core 73 'Sel' <Latency = 0> <II = 1> <Delay = 0.27> <FuncUnit> <Opcode : 'select'> <InPorts = 3> <OutPorts = 1>
ST_1 : Operation 34 [1/1] (0.27ns)   --->   "%select_ln167_1 = select i1 %and_ln166, i3 %add_ln167, i3 %select_ln166" [predecoder_kernel.cpp:167]   --->   Operation 34 'select' 'select_ln167_1' <Predicate = (!icmp_ln166)> <Delay = 0.27> <CoreInst = "Sel">   --->   Core 73 'Sel' <Latency = 0> <II = 1> <Delay = 0.27> <FuncUnit> <Opcode : 'select'> <InPorts = 3> <OutPorts = 1>
ST_1 : Operation 35 [1/1] (0.00ns)   --->   "%trunc_ln166 = trunc i3 %select_ln166_1" [predecoder_kernel.cpp:166]   --->   Operation 35 'trunc' 'trunc_ln166' <Predicate = (!icmp_ln166)> <Delay = 0.00>
ST_1 : Operation 36 [1/1] (0.00ns)   --->   "%lshr_ln = partselect i2 @_ssdm_op_PartSelect.i2.i3.i32.i32, i3 %select_ln166_1, i32 1, i32 2" [predecoder_kernel.cpp:166]   --->   Operation 36 'partselect' 'lshr_ln' <Predicate = (!icmp_ln166)> <Delay = 0.00>
ST_1 : Operation 37 [1/1] (0.00ns)   --->   "%br_ln169 = br i1 %trunc_ln166, void %arrayidx1215.case.0, void %arrayidx1215.case.1" [predecoder_kernel.cpp:169]   --->   Operation 37 'br' 'br_ln169' <Predicate = (!icmp_ln166)> <Delay = 0.00>
ST_1 : Operation 38 [1/1] (0.67ns)   --->   "%switch_ln169 = switch i3 %select_ln167, void %arrayidx1215.case.550, i3 0, void %arrayidx1215.case.045, i3 1, void %arrayidx1215.case.146, i3 2, void %arrayidx1215.case.247, i3 3, void %arrayidx1215.case.348, i3 4, void %arrayidx1215.case.449" [predecoder_kernel.cpp:169]   --->   Operation 38 'switch' 'switch_ln169' <Predicate = (!icmp_ln166 & !trunc_ln166 & select_ln167_1 == 4)> <Delay = 0.67>
ST_1 : Operation 39 [1/1] (0.00ns)   --->   "%br_ln169 = br void %arrayidx1215.exit8" [predecoder_kernel.cpp:169]   --->   Operation 39 'br' 'br_ln169' <Predicate = (!icmp_ln166 & !trunc_ln166 & select_ln167_1 == 4)> <Delay = 0.00>
ST_1 : Operation 40 [1/1] (0.67ns)   --->   "%switch_ln169 = switch i3 %select_ln167, void %arrayidx1215.case.542, i3 0, void %arrayidx1215.case.037, i3 1, void %arrayidx1215.case.138, i3 2, void %arrayidx1215.case.239, i3 3, void %arrayidx1215.case.340, i3 4, void %arrayidx1215.case.441" [predecoder_kernel.cpp:169]   --->   Operation 40 'switch' 'switch_ln169' <Predicate = (!icmp_ln166 & !trunc_ln166 & select_ln167_1 == 3)> <Delay = 0.67>
ST_1 : Operation 41 [1/1] (0.00ns)   --->   "%br_ln169 = br void %arrayidx1215.exit8" [predecoder_kernel.cpp:169]   --->   Operation 41 'br' 'br_ln169' <Predicate = (!icmp_ln166 & !trunc_ln166 & select_ln167_1 == 3)> <Delay = 0.00>
ST_1 : Operation 42 [1/1] (0.67ns)   --->   "%switch_ln169 = switch i3 %select_ln167, void %arrayidx1215.case.534, i3 0, void %arrayidx1215.case.029, i3 1, void %arrayidx1215.case.130, i3 2, void %arrayidx1215.case.231, i3 3, void %arrayidx1215.case.332, i3 4, void %arrayidx1215.case.433" [predecoder_kernel.cpp:169]   --->   Operation 42 'switch' 'switch_ln169' <Predicate = (!icmp_ln166 & !trunc_ln166 & select_ln167_1 == 2)> <Delay = 0.67>
ST_1 : Operation 43 [1/1] (0.00ns)   --->   "%br_ln169 = br void %arrayidx1215.exit8" [predecoder_kernel.cpp:169]   --->   Operation 43 'br' 'br_ln169' <Predicate = (!icmp_ln166 & !trunc_ln166 & select_ln167_1 == 2)> <Delay = 0.00>
ST_1 : Operation 44 [1/1] (0.67ns)   --->   "%switch_ln169 = switch i3 %select_ln167, void %arrayidx1215.case.526, i3 0, void %arrayidx1215.case.021, i3 1, void %arrayidx1215.case.122, i3 2, void %arrayidx1215.case.223, i3 3, void %arrayidx1215.case.324, i3 4, void %arrayidx1215.case.425" [predecoder_kernel.cpp:169]   --->   Operation 44 'switch' 'switch_ln169' <Predicate = (!icmp_ln166 & !trunc_ln166 & select_ln167_1 == 1)> <Delay = 0.67>
ST_1 : Operation 45 [1/1] (0.00ns)   --->   "%br_ln169 = br void %arrayidx1215.exit8" [predecoder_kernel.cpp:169]   --->   Operation 45 'br' 'br_ln169' <Predicate = (!icmp_ln166 & !trunc_ln166 & select_ln167_1 == 1)> <Delay = 0.00>
ST_1 : Operation 46 [1/1] (0.67ns)   --->   "%switch_ln169 = switch i3 %select_ln167, void %arrayidx1215.case.518, i3 0, void %arrayidx1215.case.013, i3 1, void %arrayidx1215.case.114, i3 2, void %arrayidx1215.case.215, i3 3, void %arrayidx1215.case.316, i3 4, void %arrayidx1215.case.417" [predecoder_kernel.cpp:169]   --->   Operation 46 'switch' 'switch_ln169' <Predicate = (!icmp_ln166 & !trunc_ln166 & select_ln167_1 == 0)> <Delay = 0.67>
ST_1 : Operation 47 [1/1] (0.00ns)   --->   "%br_ln169 = br void %arrayidx1215.exit8" [predecoder_kernel.cpp:169]   --->   Operation 47 'br' 'br_ln169' <Predicate = (!icmp_ln166 & !trunc_ln166 & select_ln167_1 == 0)> <Delay = 0.00>
ST_1 : Operation 48 [1/1] (0.67ns)   --->   "%switch_ln169 = switch i3 %select_ln167, void %arrayidx1215.case.558, i3 0, void %arrayidx1215.case.053, i3 1, void %arrayidx1215.case.154, i3 2, void %arrayidx1215.case.255, i3 3, void %arrayidx1215.case.356, i3 4, void %arrayidx1215.case.457" [predecoder_kernel.cpp:169]   --->   Operation 48 'switch' 'switch_ln169' <Predicate = (!icmp_ln166 & !trunc_ln166 & select_ln167_1 != 0 & select_ln167_1 != 1 & select_ln167_1 != 2 & select_ln167_1 != 3 & select_ln167_1 != 4)> <Delay = 0.67>
ST_1 : Operation 49 [1/1] (0.00ns)   --->   "%br_ln169 = br void %arrayidx1215.exit8" [predecoder_kernel.cpp:169]   --->   Operation 49 'br' 'br_ln169' <Predicate = (!icmp_ln166 & !trunc_ln166 & select_ln167_1 != 0 & select_ln167_1 != 1 & select_ln167_1 != 2 & select_ln167_1 != 3 & select_ln167_1 != 4)> <Delay = 0.00>
ST_1 : Operation 50 [1/1] (0.00ns)   --->   "%br_ln169 = br void %arrayidx1215.exit" [predecoder_kernel.cpp:169]   --->   Operation 50 'br' 'br_ln169' <Predicate = (!icmp_ln166 & !trunc_ln166)> <Delay = 0.00>
ST_1 : Operation 51 [1/1] (0.67ns)   --->   "%switch_ln169 = switch i3 %select_ln167, void %arrayidx1215.case.5106, i3 0, void %arrayidx1215.case.0101, i3 1, void %arrayidx1215.case.1102, i3 2, void %arrayidx1215.case.2103, i3 3, void %arrayidx1215.case.3104, i3 4, void %arrayidx1215.case.4105" [predecoder_kernel.cpp:169]   --->   Operation 51 'switch' 'switch_ln169' <Predicate = (!icmp_ln166 & trunc_ln166 & select_ln167_1 == 4)> <Delay = 0.67>
ST_1 : Operation 52 [1/1] (0.00ns)   --->   "%br_ln169 = br void %arrayidx1215.exit60" [predecoder_kernel.cpp:169]   --->   Operation 52 'br' 'br_ln169' <Predicate = (!icmp_ln166 & trunc_ln166 & select_ln167_1 == 4)> <Delay = 0.00>
ST_1 : Operation 53 [1/1] (0.67ns)   --->   "%switch_ln169 = switch i3 %select_ln167, void %arrayidx1215.case.598, i3 0, void %arrayidx1215.case.093, i3 1, void %arrayidx1215.case.194, i3 2, void %arrayidx1215.case.295, i3 3, void %arrayidx1215.case.396, i3 4, void %arrayidx1215.case.497" [predecoder_kernel.cpp:169]   --->   Operation 53 'switch' 'switch_ln169' <Predicate = (!icmp_ln166 & trunc_ln166 & select_ln167_1 == 3)> <Delay = 0.67>
ST_1 : Operation 54 [1/1] (0.00ns)   --->   "%br_ln169 = br void %arrayidx1215.exit60" [predecoder_kernel.cpp:169]   --->   Operation 54 'br' 'br_ln169' <Predicate = (!icmp_ln166 & trunc_ln166 & select_ln167_1 == 3)> <Delay = 0.00>
ST_1 : Operation 55 [1/1] (0.67ns)   --->   "%switch_ln169 = switch i3 %select_ln167, void %arrayidx1215.case.590, i3 0, void %arrayidx1215.case.085, i3 1, void %arrayidx1215.case.186, i3 2, void %arrayidx1215.case.287, i3 3, void %arrayidx1215.case.388, i3 4, void %arrayidx1215.case.489" [predecoder_kernel.cpp:169]   --->   Operation 55 'switch' 'switch_ln169' <Predicate = (!icmp_ln166 & trunc_ln166 & select_ln167_1 == 2)> <Delay = 0.67>
ST_1 : Operation 56 [1/1] (0.00ns)   --->   "%br_ln169 = br void %arrayidx1215.exit60" [predecoder_kernel.cpp:169]   --->   Operation 56 'br' 'br_ln169' <Predicate = (!icmp_ln166 & trunc_ln166 & select_ln167_1 == 2)> <Delay = 0.00>
ST_1 : Operation 57 [1/1] (0.67ns)   --->   "%switch_ln169 = switch i3 %select_ln167, void %arrayidx1215.case.582, i3 0, void %arrayidx1215.case.077, i3 1, void %arrayidx1215.case.178, i3 2, void %arrayidx1215.case.279, i3 3, void %arrayidx1215.case.380, i3 4, void %arrayidx1215.case.481" [predecoder_kernel.cpp:169]   --->   Operation 57 'switch' 'switch_ln169' <Predicate = (!icmp_ln166 & trunc_ln166 & select_ln167_1 == 1)> <Delay = 0.67>
ST_1 : Operation 58 [1/1] (0.00ns)   --->   "%br_ln169 = br void %arrayidx1215.exit60" [predecoder_kernel.cpp:169]   --->   Operation 58 'br' 'br_ln169' <Predicate = (!icmp_ln166 & trunc_ln166 & select_ln167_1 == 1)> <Delay = 0.00>
ST_1 : Operation 59 [1/1] (0.67ns)   --->   "%switch_ln169 = switch i3 %select_ln167, void %arrayidx1215.case.574, i3 0, void %arrayidx1215.case.069, i3 1, void %arrayidx1215.case.170, i3 2, void %arrayidx1215.case.271, i3 3, void %arrayidx1215.case.372, i3 4, void %arrayidx1215.case.473" [predecoder_kernel.cpp:169]   --->   Operation 59 'switch' 'switch_ln169' <Predicate = (!icmp_ln166 & trunc_ln166 & select_ln167_1 == 0)> <Delay = 0.67>
ST_1 : Operation 60 [1/1] (0.00ns)   --->   "%br_ln169 = br void %arrayidx1215.exit60" [predecoder_kernel.cpp:169]   --->   Operation 60 'br' 'br_ln169' <Predicate = (!icmp_ln166 & trunc_ln166 & select_ln167_1 == 0)> <Delay = 0.00>
ST_1 : Operation 61 [1/1] (0.67ns)   --->   "%switch_ln169 = switch i3 %select_ln167, void %arrayidx1215.case.5114, i3 0, void %arrayidx1215.case.0109, i3 1, void %arrayidx1215.case.1110, i3 2, void %arrayidx1215.case.2111, i3 3, void %arrayidx1215.case.3112, i3 4, void %arrayidx1215.case.4113" [predecoder_kernel.cpp:169]   --->   Operation 61 'switch' 'switch_ln169' <Predicate = (!icmp_ln166 & trunc_ln166 & select_ln167_1 != 0 & select_ln167_1 != 1 & select_ln167_1 != 2 & select_ln167_1 != 3 & select_ln167_1 != 4)> <Delay = 0.67>
ST_1 : Operation 62 [1/1] (0.00ns)   --->   "%br_ln169 = br void %arrayidx1215.exit60" [predecoder_kernel.cpp:169]   --->   Operation 62 'br' 'br_ln169' <Predicate = (!icmp_ln166 & trunc_ln166 & select_ln167_1 != 0 & select_ln167_1 != 1 & select_ln167_1 != 2 & select_ln167_1 != 3 & select_ln167_1 != 4)> <Delay = 0.00>
ST_1 : Operation 63 [1/1] (0.00ns)   --->   "%br_ln169 = br void %arrayidx1215.exit" [predecoder_kernel.cpp:169]   --->   Operation 63 'br' 'br_ln169' <Predicate = (!icmp_ln166 & trunc_ln166)> <Delay = 0.00>
ST_1 : Operation 64 [1/1] (0.57ns)   --->   "%add_ln168 = add i3 %select_ln167, i3 1" [predecoder_kernel.cpp:168]   --->   Operation 64 'add' 'add_ln168' <Predicate = (!icmp_ln166)> <Delay = 0.57> <CoreInst = "Adder">   --->   Core 1 'Adder' <Latency = 0> <II = 1> <Delay = 0.57> <FuncUnit> <Opcode : 'add' 'sub'> <InPorts = 2> <OutPorts = 1>
ST_1 : Operation 65 [1/1] (0.70ns)   --->   "%add_ln167_1 = add i6 %indvar_flatten_load, i6 1" [predecoder_kernel.cpp:167]   --->   Operation 65 'add' 'add_ln167_1' <Predicate = (!icmp_ln166)> <Delay = 0.70> <CoreInst = "Adder">   --->   Core 1 'Adder' <Latency = 0> <II = 1> <Delay = 0.70> <FuncUnit> <Opcode : 'add' 'sub'> <InPorts = 2> <OutPorts = 1>
ST_1 : Operation 66 [1/1] (0.29ns)   --->   "%select_ln167_2 = select i1 %icmp_ln167, i6 1, i6 %add_ln167_1" [predecoder_kernel.cpp:167]   --->   Operation 66 'select' 'select_ln167_2' <Predicate = (!icmp_ln166)> <Delay = 0.29> <CoreInst = "Sel">   --->   Core 73 'Sel' <Latency = 0> <II = 1> <Delay = 0.29> <FuncUnit> <Opcode : 'select'> <InPorts = 3> <OutPorts = 1>
ST_1 : Operation 67 [1/1] (0.38ns)   --->   "%store_ln166 = store i8 %add_ln166_1, i8 %indvar_flatten12" [predecoder_kernel.cpp:166]   --->   Operation 67 'store' 'store_ln166' <Predicate = (!icmp_ln166)> <Delay = 0.38>
ST_1 : Operation 68 [1/1] (0.38ns)   --->   "%store_ln166 = store i3 %select_ln166_1, i3 %t" [predecoder_kernel.cpp:166]   --->   Operation 68 'store' 'store_ln166' <Predicate = (!icmp_ln166)> <Delay = 0.38>
ST_1 : Operation 69 [1/1] (0.38ns)   --->   "%store_ln167 = store i6 %select_ln167_2, i6 %indvar_flatten" [predecoder_kernel.cpp:167]   --->   Operation 69 'store' 'store_ln167' <Predicate = (!icmp_ln166)> <Delay = 0.38>
ST_1 : Operation 70 [1/1] (0.38ns)   --->   "%store_ln167 = store i3 %select_ln167_1, i3 %y" [predecoder_kernel.cpp:167]   --->   Operation 70 'store' 'store_ln167' <Predicate = (!icmp_ln166)> <Delay = 0.38>
ST_1 : Operation 71 [1/1] (0.38ns)   --->   "%store_ln168 = store i3 %add_ln168, i3 %x" [predecoder_kernel.cpp:168]   --->   Operation 71 'store' 'store_ln168' <Predicate = (!icmp_ln166)> <Delay = 0.38>
ST_1 : Operation 72 [1/1] (0.00ns)   --->   "%br_ln168 = br void %for.inc" [predecoder_kernel.cpp:168]   --->   Operation 72 'br' 'br_ln168' <Predicate = (!icmp_ln166)> <Delay = 0.00>
ST_1 : Operation 295 [1/1] (0.00ns)   --->   "%ret_ln0 = ret"   --->   Operation 295 'ret' 'ret_ln0' <Predicate = (icmp_ln166)> <Delay = 0.00>

State 2 <SV = 1> <Delay = 0.67>
ST_2 : Operation 73 [1/1] (0.00ns)   --->   "%specloopname_ln0 = specloopname void @_ssdm_op_SpecLoopName, void @INIT_VITIS_LOOP_167_1_VITIS_LOOP_168_2_str"   --->   Operation 73 'specloopname' 'specloopname_ln0' <Predicate = true> <Delay = 0.00>
ST_2 : Operation 74 [1/1] (0.00ns)   --->   "%speclooptripcount_ln0 = speclooptripcount void @_ssdm_op_SpecLoopTripCount, i64 216, i64 216, i64 216"   --->   Operation 74 'speclooptripcount' 'speclooptripcount_ln0' <Predicate = true> <Delay = 0.00>
ST_2 : Operation 75 [1/1] (0.00ns)   --->   "%zext_ln166 = zext i2 %lshr_ln" [predecoder_kernel.cpp:166]   --->   Operation 75 'zext' 'zext_ln166' <Predicate = true> <Delay = 0.00>
ST_2 : Operation 76 [1/1] (0.00ns)   --->   "%correction_addr = getelementptr i1 %correction, i64 0, i64 %zext_ln166" [predecoder_kernel.cpp:169]   --->   Operation 76 'getelementptr' 'correction_addr' <Predicate = true> <Delay = 0.00>
ST_2 : Operation 77 [1/1] (0.00ns)   --->   "%correction_1_addr = getelementptr i1 %correction_1, i64 0, i64 %zext_ln166" [predecoder_kernel.cpp:169]   --->   Operation 77 'getelementptr' 'correction_1_addr' <Predicate = true> <Delay = 0.00>
ST_2 : Operation 78 [1/1] (0.00ns)   --->   "%correction_2_addr = getelementptr i1 %correction_2, i64 0, i64 %zext_ln166" [predecoder_kernel.cpp:169]   --->   Operation 78 'getelementptr' 'correction_2_addr' <Predicate = true> <Delay = 0.00>
ST_2 : Operation 79 [1/1] (0.00ns)   --->   "%correction_3_addr = getelementptr i1 %correction_3, i64 0, i64 %zext_ln166" [predecoder_kernel.cpp:169]   --->   Operation 79 'getelementptr' 'correction_3_addr' <Predicate = true> <Delay = 0.00>
ST_2 : Operation 80 [1/1] (0.00ns)   --->   "%correction_4_addr = getelementptr i1 %correction_4, i64 0, i64 %zext_ln166" [predecoder_kernel.cpp:169]   --->   Operation 80 'getelementptr' 'correction_4_addr' <Predicate = true> <Delay = 0.00>
ST_2 : Operation 81 [1/1] (0.00ns)   --->   "%correction_5_addr = getelementptr i1 %correction_5, i64 0, i64 %zext_ln166" [predecoder_kernel.cpp:169]   --->   Operation 81 'getelementptr' 'correction_5_addr' <Predicate = true> <Delay = 0.00>
ST_2 : Operation 82 [1/1] (0.00ns)   --->   "%correction_6_addr = getelementptr i1 %correction_6, i64 0, i64 %zext_ln166" [predecoder_kernel.cpp:169]   --->   Operation 82 'getelementptr' 'correction_6_addr' <Predicate = true> <Delay = 0.00>
ST_2 : Operation 83 [1/1] (0.00ns)   --->   "%correction_7_addr = getelementptr i1 %correction_7, i64 0, i64 %zext_ln166" [predecoder_kernel.cpp:169]   --->   Operation 83 'getelementptr' 'correction_7_addr' <Predicate = true> <Delay = 0.00>
ST_2 : Operation 84 [1/1] (0.00ns)   --->   "%correction_8_addr = getelementptr i1 %correction_8, i64 0, i64 %zext_ln166" [predecoder_kernel.cpp:169]   --->   Operation 84 'getelementptr' 'correction_8_addr' <Predicate = true> <Delay = 0.00>
ST_2 : Operation 85 [1/1] (0.00ns)   --->   "%correction_9_addr = getelementptr i1 %correction_9, i64 0, i64 %zext_ln166" [predecoder_kernel.cpp:169]   --->   Operation 85 'getelementptr' 'correction_9_addr' <Predicate = true> <Delay = 0.00>
ST_2 : Operation 86 [1/1] (0.00ns)   --->   "%correction_10_addr = getelementptr i1 %correction_10, i64 0, i64 %zext_ln166" [predecoder_kernel.cpp:169]   --->   Operation 86 'getelementptr' 'correction_10_addr' <Predicate = true> <Delay = 0.00>
ST_2 : Operation 87 [1/1] (0.00ns)   --->   "%correction_11_addr = getelementptr i1 %correction_11, i64 0, i64 %zext_ln166" [predecoder_kernel.cpp:169]   --->   Operation 87 'getelementptr' 'correction_11_addr' <Predicate = true> <Delay = 0.00>
ST_2 : Operation 88 [1/1] (0.00ns)   --->   "%correction_12_addr = getelementptr i1 %correction_12, i64 0, i64 %zext_ln166" [predecoder_kernel.cpp:169]   --->   Operation 88 'getelementptr' 'correction_12_addr' <Predicate = true> <Delay = 0.00>
ST_2 : Operation 89 [1/1] (0.00ns)   --->   "%correction_13_addr = getelementptr i1 %correction_13, i64 0, i64 %zext_ln166" [predecoder_kernel.cpp:169]   --->   Operation 89 'getelementptr' 'correction_13_addr' <Predicate = true> <Delay = 0.00>
ST_2 : Operation 90 [1/1] (0.00ns)   --->   "%correction_14_addr = getelementptr i1 %correction_14, i64 0, i64 %zext_ln166" [predecoder_kernel.cpp:169]   --->   Operation 90 'getelementptr' 'correction_14_addr' <Predicate = true> <Delay = 0.00>
ST_2 : Operation 91 [1/1] (0.00ns)   --->   "%correction_15_addr = getelementptr i1 %correction_15, i64 0, i64 %zext_ln166" [predecoder_kernel.cpp:169]   --->   Operation 91 'getelementptr' 'correction_15_addr' <Predicate = true> <Delay = 0.00>
ST_2 : Operation 92 [1/1] (0.00ns)   --->   "%correction_16_addr = getelementptr i1 %correction_16, i64 0, i64 %zext_ln166" [predecoder_kernel.cpp:169]   --->   Operation 92 'getelementptr' 'correction_16_addr' <Predicate = true> <Delay = 0.00>
ST_2 : Operation 93 [1/1] (0.00ns)   --->   "%correction_17_addr = getelementptr i1 %correction_17, i64 0, i64 %zext_ln166" [predecoder_kernel.cpp:169]   --->   Operation 93 'getelementptr' 'correction_17_addr' <Predicate = true> <Delay = 0.00>
ST_2 : Operation 94 [1/1] (0.00ns)   --->   "%correction_18_addr = getelementptr i1 %correction_18, i64 0, i64 %zext_ln166" [predecoder_kernel.cpp:169]   --->   Operation 94 'getelementptr' 'correction_18_addr' <Predicate = true> <Delay = 0.00>
ST_2 : Operation 95 [1/1] (0.00ns)   --->   "%correction_19_addr = getelementptr i1 %correction_19, i64 0, i64 %zext_ln166" [predecoder_kernel.cpp:169]   --->   Operation 95 'getelementptr' 'correction_19_addr' <Predicate = true> <Delay = 0.00>
ST_2 : Operation 96 [1/1] (0.00ns)   --->   "%correction_20_addr = getelementptr i1 %correction_20, i64 0, i64 %zext_ln166" [predecoder_kernel.cpp:169]   --->   Operation 96 'getelementptr' 'correction_20_addr' <Predicate = true> <Delay = 0.00>
ST_2 : Operation 97 [1/1] (0.00ns)   --->   "%correction_21_addr = getelementptr i1 %correction_21, i64 0, i64 %zext_ln166" [predecoder_kernel.cpp:169]   --->   Operation 97 'getelementptr' 'correction_21_addr' <Predicate = true> <Delay = 0.00>
ST_2 : Operation 98 [1/1] (0.00ns)   --->   "%correction_22_addr = getelementptr i1 %correction_22, i64 0, i64 %zext_ln166" [predecoder_kernel.cpp:169]   --->   Operation 98 'getelementptr' 'correction_22_addr' <Predicate = true> <Delay = 0.00>
ST_2 : Operation 99 [1/1] (0.00ns)   --->   "%correction_23_addr = getelementptr i1 %correction_23, i64 0, i64 %zext_ln166" [predecoder_kernel.cpp:169]   --->   Operation 99 'getelementptr' 'correction_23_addr' <Predicate = true> <Delay = 0.00>
ST_2 : Operation 100 [1/1] (0.00ns)   --->   "%correction_24_addr = getelementptr i1 %correction_24, i64 0, i64 %zext_ln166" [predecoder_kernel.cpp:169]   --->   Operation 100 'getelementptr' 'correction_24_addr' <Predicate = true> <Delay = 0.00>
ST_2 : Operation 101 [1/1] (0.00ns)   --->   "%correction_25_addr = getelementptr i1 %correction_25, i64 0, i64 %zext_ln166" [predecoder_kernel.cpp:169]   --->   Operation 101 'getelementptr' 'correction_25_addr' <Predicate = true> <Delay = 0.00>
ST_2 : Operation 102 [1/1] (0.00ns)   --->   "%correction_26_addr = getelementptr i1 %correction_26, i64 0, i64 %zext_ln166" [predecoder_kernel.cpp:169]   --->   Operation 102 'getelementptr' 'correction_26_addr' <Predicate = true> <Delay = 0.00>
ST_2 : Operation 103 [1/1] (0.00ns)   --->   "%correction_27_addr = getelementptr i1 %correction_27, i64 0, i64 %zext_ln166" [predecoder_kernel.cpp:169]   --->   Operation 103 'getelementptr' 'correction_27_addr' <Predicate = true> <Delay = 0.00>
ST_2 : Operation 104 [1/1] (0.00ns)   --->   "%correction_28_addr = getelementptr i1 %correction_28, i64 0, i64 %zext_ln166" [predecoder_kernel.cpp:169]   --->   Operation 104 'getelementptr' 'correction_28_addr' <Predicate = true> <Delay = 0.00>
ST_2 : Operation 105 [1/1] (0.00ns)   --->   "%correction_29_addr = getelementptr i1 %correction_29, i64 0, i64 %zext_ln166" [predecoder_kernel.cpp:169]   --->   Operation 105 'getelementptr' 'correction_29_addr' <Predicate = true> <Delay = 0.00>
ST_2 : Operation 106 [1/1] (0.00ns)   --->   "%correction_30_addr = getelementptr i1 %correction_30, i64 0, i64 %zext_ln166" [predecoder_kernel.cpp:169]   --->   Operation 106 'getelementptr' 'correction_30_addr' <Predicate = true> <Delay = 0.00>
ST_2 : Operation 107 [1/1] (0.00ns)   --->   "%correction_31_addr = getelementptr i1 %correction_31, i64 0, i64 %zext_ln166" [predecoder_kernel.cpp:169]   --->   Operation 107 'getelementptr' 'correction_31_addr' <Predicate = true> <Delay = 0.00>
ST_2 : Operation 108 [1/1] (0.00ns)   --->   "%correction_32_addr = getelementptr i1 %correction_32, i64 0, i64 %zext_ln166" [predecoder_kernel.cpp:169]   --->   Operation 108 'getelementptr' 'correction_32_addr' <Predicate = true> <Delay = 0.00>
ST_2 : Operation 109 [1/1] (0.00ns)   --->   "%correction_33_addr = getelementptr i1 %correction_33, i64 0, i64 %zext_ln166" [predecoder_kernel.cpp:169]   --->   Operation 109 'getelementptr' 'correction_33_addr' <Predicate = true> <Delay = 0.00>
ST_2 : Operation 110 [1/1] (0.00ns)   --->   "%correction_34_addr = getelementptr i1 %correction_34, i64 0, i64 %zext_ln166" [predecoder_kernel.cpp:169]   --->   Operation 110 'getelementptr' 'correction_34_addr' <Predicate = true> <Delay = 0.00>
ST_2 : Operation 111 [1/1] (0.00ns)   --->   "%correction_35_addr = getelementptr i1 %correction_35, i64 0, i64 %zext_ln166" [predecoder_kernel.cpp:169]   --->   Operation 111 'getelementptr' 'correction_35_addr' <Predicate = true> <Delay = 0.00>
ST_2 : Operation 112 [1/1] (0.00ns)   --->   "%correction_36_addr = getelementptr i1 %correction_36, i64 0, i64 %zext_ln166" [predecoder_kernel.cpp:169]   --->   Operation 112 'getelementptr' 'correction_36_addr' <Predicate = true> <Delay = 0.00>
ST_2 : Operation 113 [1/1] (0.00ns)   --->   "%correction_37_addr = getelementptr i1 %correction_37, i64 0, i64 %zext_ln166" [predecoder_kernel.cpp:169]   --->   Operation 113 'getelementptr' 'correction_37_addr' <Predicate = true> <Delay = 0.00>
ST_2 : Operation 114 [1/1] (0.00ns)   --->   "%correction_38_addr = getelementptr i1 %correction_38, i64 0, i64 %zext_ln166" [predecoder_kernel.cpp:169]   --->   Operation 114 'getelementptr' 'correction_38_addr' <Predicate = true> <Delay = 0.00>
ST_2 : Operation 115 [1/1] (0.00ns)   --->   "%correction_39_addr = getelementptr i1 %correction_39, i64 0, i64 %zext_ln166" [predecoder_kernel.cpp:169]   --->   Operation 115 'getelementptr' 'correction_39_addr' <Predicate = true> <Delay = 0.00>
ST_2 : Operation 116 [1/1] (0.00ns)   --->   "%correction_40_addr = getelementptr i1 %correction_40, i64 0, i64 %zext_ln166" [predecoder_kernel.cpp:169]   --->   Operation 116 'getelementptr' 'correction_40_addr' <Predicate = true> <Delay = 0.00>
ST_2 : Operation 117 [1/1] (0.00ns)   --->   "%correction_41_addr = getelementptr i1 %correction_41, i64 0, i64 %zext_ln166" [predecoder_kernel.cpp:169]   --->   Operation 117 'getelementptr' 'correction_41_addr' <Predicate = true> <Delay = 0.00>
ST_2 : Operation 118 [1/1] (0.00ns)   --->   "%correction_42_addr = getelementptr i1 %correction_42, i64 0, i64 %zext_ln166" [predecoder_kernel.cpp:169]   --->   Operation 118 'getelementptr' 'correction_42_addr' <Predicate = true> <Delay = 0.00>
ST_2 : Operation 119 [1/1] (0.00ns)   --->   "%correction_43_addr = getelementptr i1 %correction_43, i64 0, i64 %zext_ln166" [predecoder_kernel.cpp:169]   --->   Operation 119 'getelementptr' 'correction_43_addr' <Predicate = true> <Delay = 0.00>
ST_2 : Operation 120 [1/1] (0.00ns)   --->   "%correction_44_addr = getelementptr i1 %correction_44, i64 0, i64 %zext_ln166" [predecoder_kernel.cpp:169]   --->   Operation 120 'getelementptr' 'correction_44_addr' <Predicate = true> <Delay = 0.00>
ST_2 : Operation 121 [1/1] (0.00ns)   --->   "%correction_45_addr = getelementptr i1 %correction_45, i64 0, i64 %zext_ln166" [predecoder_kernel.cpp:169]   --->   Operation 121 'getelementptr' 'correction_45_addr' <Predicate = true> <Delay = 0.00>
ST_2 : Operation 122 [1/1] (0.00ns)   --->   "%correction_46_addr = getelementptr i1 %correction_46, i64 0, i64 %zext_ln166" [predecoder_kernel.cpp:169]   --->   Operation 122 'getelementptr' 'correction_46_addr' <Predicate = true> <Delay = 0.00>
ST_2 : Operation 123 [1/1] (0.00ns)   --->   "%correction_47_addr = getelementptr i1 %correction_47, i64 0, i64 %zext_ln166" [predecoder_kernel.cpp:169]   --->   Operation 123 'getelementptr' 'correction_47_addr' <Predicate = true> <Delay = 0.00>
ST_2 : Operation 124 [1/1] (0.00ns)   --->   "%correction_48_addr = getelementptr i1 %correction_48, i64 0, i64 %zext_ln166" [predecoder_kernel.cpp:169]   --->   Operation 124 'getelementptr' 'correction_48_addr' <Predicate = true> <Delay = 0.00>
ST_2 : Operation 125 [1/1] (0.00ns)   --->   "%correction_49_addr = getelementptr i1 %correction_49, i64 0, i64 %zext_ln166" [predecoder_kernel.cpp:169]   --->   Operation 125 'getelementptr' 'correction_49_addr' <Predicate = true> <Delay = 0.00>
ST_2 : Operation 126 [1/1] (0.00ns)   --->   "%correction_50_addr = getelementptr i1 %correction_50, i64 0, i64 %zext_ln166" [predecoder_kernel.cpp:169]   --->   Operation 126 'getelementptr' 'correction_50_addr' <Predicate = true> <Delay = 0.00>
ST_2 : Operation 127 [1/1] (0.00ns)   --->   "%correction_51_addr = getelementptr i1 %correction_51, i64 0, i64 %zext_ln166" [predecoder_kernel.cpp:169]   --->   Operation 127 'getelementptr' 'correction_51_addr' <Predicate = true> <Delay = 0.00>
ST_2 : Operation 128 [1/1] (0.00ns)   --->   "%correction_52_addr = getelementptr i1 %correction_52, i64 0, i64 %zext_ln166" [predecoder_kernel.cpp:169]   --->   Operation 128 'getelementptr' 'correction_52_addr' <Predicate = true> <Delay = 0.00>
ST_2 : Operation 129 [1/1] (0.00ns)   --->   "%correction_53_addr = getelementptr i1 %correction_53, i64 0, i64 %zext_ln166" [predecoder_kernel.cpp:169]   --->   Operation 129 'getelementptr' 'correction_53_addr' <Predicate = true> <Delay = 0.00>
ST_2 : Operation 130 [1/1] (0.00ns)   --->   "%correction_54_addr = getelementptr i1 %correction_54, i64 0, i64 %zext_ln166" [predecoder_kernel.cpp:169]   --->   Operation 130 'getelementptr' 'correction_54_addr' <Predicate = true> <Delay = 0.00>
ST_2 : Operation 131 [1/1] (0.00ns)   --->   "%correction_55_addr = getelementptr i1 %correction_55, i64 0, i64 %zext_ln166" [predecoder_kernel.cpp:169]   --->   Operation 131 'getelementptr' 'correction_55_addr' <Predicate = true> <Delay = 0.00>
ST_2 : Operation 132 [1/1] (0.00ns)   --->   "%correction_56_addr = getelementptr i1 %correction_56, i64 0, i64 %zext_ln166" [predecoder_kernel.cpp:169]   --->   Operation 132 'getelementptr' 'correction_56_addr' <Predicate = true> <Delay = 0.00>
ST_2 : Operation 133 [1/1] (0.00ns)   --->   "%correction_57_addr = getelementptr i1 %correction_57, i64 0, i64 %zext_ln166" [predecoder_kernel.cpp:169]   --->   Operation 133 'getelementptr' 'correction_57_addr' <Predicate = true> <Delay = 0.00>
ST_2 : Operation 134 [1/1] (0.00ns)   --->   "%correction_58_addr = getelementptr i1 %correction_58, i64 0, i64 %zext_ln166" [predecoder_kernel.cpp:169]   --->   Operation 134 'getelementptr' 'correction_58_addr' <Predicate = true> <Delay = 0.00>
ST_2 : Operation 135 [1/1] (0.00ns)   --->   "%correction_59_addr = getelementptr i1 %correction_59, i64 0, i64 %zext_ln166" [predecoder_kernel.cpp:169]   --->   Operation 135 'getelementptr' 'correction_59_addr' <Predicate = true> <Delay = 0.00>
ST_2 : Operation 136 [1/1] (0.00ns)   --->   "%correction_60_addr = getelementptr i1 %correction_60, i64 0, i64 %zext_ln166" [predecoder_kernel.cpp:169]   --->   Operation 136 'getelementptr' 'correction_60_addr' <Predicate = true> <Delay = 0.00>
ST_2 : Operation 137 [1/1] (0.00ns)   --->   "%correction_61_addr = getelementptr i1 %correction_61, i64 0, i64 %zext_ln166" [predecoder_kernel.cpp:169]   --->   Operation 137 'getelementptr' 'correction_61_addr' <Predicate = true> <Delay = 0.00>
ST_2 : Operation 138 [1/1] (0.00ns)   --->   "%correction_62_addr = getelementptr i1 %correction_62, i64 0, i64 %zext_ln166" [predecoder_kernel.cpp:169]   --->   Operation 138 'getelementptr' 'correction_62_addr' <Predicate = true> <Delay = 0.00>
ST_2 : Operation 139 [1/1] (0.00ns)   --->   "%correction_63_addr = getelementptr i1 %correction_63, i64 0, i64 %zext_ln166" [predecoder_kernel.cpp:169]   --->   Operation 139 'getelementptr' 'correction_63_addr' <Predicate = true> <Delay = 0.00>
ST_2 : Operation 140 [1/1] (0.00ns)   --->   "%correction_64_addr = getelementptr i1 %correction_64, i64 0, i64 %zext_ln166" [predecoder_kernel.cpp:169]   --->   Operation 140 'getelementptr' 'correction_64_addr' <Predicate = true> <Delay = 0.00>
ST_2 : Operation 141 [1/1] (0.00ns)   --->   "%correction_65_addr = getelementptr i1 %correction_65, i64 0, i64 %zext_ln166" [predecoder_kernel.cpp:169]   --->   Operation 141 'getelementptr' 'correction_65_addr' <Predicate = true> <Delay = 0.00>
ST_2 : Operation 142 [1/1] (0.00ns)   --->   "%correction_66_addr = getelementptr i1 %correction_66, i64 0, i64 %zext_ln166" [predecoder_kernel.cpp:169]   --->   Operation 142 'getelementptr' 'correction_66_addr' <Predicate = true> <Delay = 0.00>
ST_2 : Operation 143 [1/1] (0.00ns)   --->   "%correction_67_addr = getelementptr i1 %correction_67, i64 0, i64 %zext_ln166" [predecoder_kernel.cpp:169]   --->   Operation 143 'getelementptr' 'correction_67_addr' <Predicate = true> <Delay = 0.00>
ST_2 : Operation 144 [1/1] (0.00ns)   --->   "%correction_68_addr = getelementptr i1 %correction_68, i64 0, i64 %zext_ln166" [predecoder_kernel.cpp:169]   --->   Operation 144 'getelementptr' 'correction_68_addr' <Predicate = true> <Delay = 0.00>
ST_2 : Operation 145 [1/1] (0.00ns)   --->   "%correction_69_addr = getelementptr i1 %correction_69, i64 0, i64 %zext_ln166" [predecoder_kernel.cpp:169]   --->   Operation 145 'getelementptr' 'correction_69_addr' <Predicate = true> <Delay = 0.00>
ST_2 : Operation 146 [1/1] (0.00ns)   --->   "%correction_70_addr = getelementptr i1 %correction_70, i64 0, i64 %zext_ln166" [predecoder_kernel.cpp:169]   --->   Operation 146 'getelementptr' 'correction_70_addr' <Predicate = true> <Delay = 0.00>
ST_2 : Operation 147 [1/1] (0.00ns)   --->   "%correction_71_addr = getelementptr i1 %correction_71, i64 0, i64 %zext_ln166" [predecoder_kernel.cpp:169]   --->   Operation 147 'getelementptr' 'correction_71_addr' <Predicate = true> <Delay = 0.00>
ST_2 : Operation 148 [1/1] (0.00ns)   --->   "%specpipeline_ln168 = specpipeline void @_ssdm_op_SpecPipeline, i32 4294967295, i32 0, i32 0, i32 0, void @empty_5" [predecoder_kernel.cpp:168]   --->   Operation 148 'specpipeline' 'specpipeline_ln168' <Predicate = true> <Delay = 0.00>
ST_2 : Operation 149 [1/1] (0.67ns)   --->   "%switch_ln169 = switch i3 %select_ln167_1, void %arrayidx1215.case.5, i3 0, void %arrayidx1215.case.09, i3 1, void %arrayidx1215.case.110, i3 2, void %arrayidx1215.case.2, i3 3, void %arrayidx1215.case.3, i3 4, void %arrayidx1215.case.4" [predecoder_kernel.cpp:169]   --->   Operation 149 'switch' 'switch_ln169' <Predicate = (!trunc_ln166)> <Delay = 0.67>
ST_2 : Operation 150 [1/1] (0.63ns)   --->   "%store_ln169 = store i1 0, i2 %correction_28_addr" [predecoder_kernel.cpp:169]   --->   Operation 150 'store' 'store_ln169' <Predicate = (!trunc_ln166 & select_ln167_1 == 4 & select_ln167 == 4)> <Delay = 0.63> <CoreInst = "RAM">   --->   Core 83 'RAM' <Latency = 1> <II = 1> <Delay = 0.63> <Storage> <Opcode : 'load' 'store'> <Ports = 2> <Width = 1> <Depth = 3> <RAM>
ST_2 : Operation 151 [1/1] (0.00ns)   --->   "%br_ln169 = br void %arrayidx1215.exit44" [predecoder_kernel.cpp:169]   --->   Operation 151 'br' 'br_ln169' <Predicate = (!trunc_ln166 & select_ln167_1 == 4 & select_ln167 == 4)> <Delay = 0.00>
ST_2 : Operation 152 [1/1] (0.63ns)   --->   "%store_ln169 = store i1 0, i2 %correction_27_addr" [predecoder_kernel.cpp:169]   --->   Operation 152 'store' 'store_ln169' <Predicate = (!trunc_ln166 & select_ln167_1 == 4 & select_ln167 == 3)> <Delay = 0.63> <CoreInst = "RAM">   --->   Core 83 'RAM' <Latency = 1> <II = 1> <Delay = 0.63> <Storage> <Opcode : 'load' 'store'> <Ports = 2> <Width = 1> <Depth = 3> <RAM>
ST_2 : Operation 153 [1/1] (0.00ns)   --->   "%br_ln169 = br void %arrayidx1215.exit44" [predecoder_kernel.cpp:169]   --->   Operation 153 'br' 'br_ln169' <Predicate = (!trunc_ln166 & select_ln167_1 == 4 & select_ln167 == 3)> <Delay = 0.00>
ST_2 : Operation 154 [1/1] (0.63ns)   --->   "%store_ln169 = store i1 0, i2 %correction_26_addr" [predecoder_kernel.cpp:169]   --->   Operation 154 'store' 'store_ln169' <Predicate = (!trunc_ln166 & select_ln167_1 == 4 & select_ln167 == 2)> <Delay = 0.63> <CoreInst = "RAM">   --->   Core 83 'RAM' <Latency = 1> <II = 1> <Delay = 0.63> <Storage> <Opcode : 'load' 'store'> <Ports = 2> <Width = 1> <Depth = 3> <RAM>
ST_2 : Operation 155 [1/1] (0.00ns)   --->   "%br_ln169 = br void %arrayidx1215.exit44" [predecoder_kernel.cpp:169]   --->   Operation 155 'br' 'br_ln169' <Predicate = (!trunc_ln166 & select_ln167_1 == 4 & select_ln167 == 2)> <Delay = 0.00>
ST_2 : Operation 156 [1/1] (0.63ns)   --->   "%store_ln169 = store i1 0, i2 %correction_25_addr" [predecoder_kernel.cpp:169]   --->   Operation 156 'store' 'store_ln169' <Predicate = (!trunc_ln166 & select_ln167_1 == 4 & select_ln167 == 1)> <Delay = 0.63> <CoreInst = "RAM">   --->   Core 83 'RAM' <Latency = 1> <II = 1> <Delay = 0.63> <Storage> <Opcode : 'load' 'store'> <Ports = 2> <Width = 1> <Depth = 3> <RAM>
ST_2 : Operation 157 [1/1] (0.00ns)   --->   "%br_ln169 = br void %arrayidx1215.exit44" [predecoder_kernel.cpp:169]   --->   Operation 157 'br' 'br_ln169' <Predicate = (!trunc_ln166 & select_ln167_1 == 4 & select_ln167 == 1)> <Delay = 0.00>
ST_2 : Operation 158 [1/1] (0.63ns)   --->   "%store_ln169 = store i1 0, i2 %correction_24_addr" [predecoder_kernel.cpp:169]   --->   Operation 158 'store' 'store_ln169' <Predicate = (!trunc_ln166 & select_ln167_1 == 4 & select_ln167 == 0)> <Delay = 0.63> <CoreInst = "RAM">   --->   Core 83 'RAM' <Latency = 1> <II = 1> <Delay = 0.63> <Storage> <Opcode : 'load' 'store'> <Ports = 2> <Width = 1> <Depth = 3> <RAM>
ST_2 : Operation 159 [1/1] (0.00ns)   --->   "%br_ln169 = br void %arrayidx1215.exit44" [predecoder_kernel.cpp:169]   --->   Operation 159 'br' 'br_ln169' <Predicate = (!trunc_ln166 & select_ln167_1 == 4 & select_ln167 == 0)> <Delay = 0.00>
ST_2 : Operation 160 [1/1] (0.63ns)   --->   "%store_ln169 = store i1 0, i2 %correction_29_addr" [predecoder_kernel.cpp:169]   --->   Operation 160 'store' 'store_ln169' <Predicate = (!trunc_ln166 & select_ln167_1 == 4 & select_ln167 != 0 & select_ln167 != 1 & select_ln167 != 2 & select_ln167 != 3 & select_ln167 != 4)> <Delay = 0.63> <CoreInst = "RAM">   --->   Core 83 'RAM' <Latency = 1> <II = 1> <Delay = 0.63> <Storage> <Opcode : 'load' 'store'> <Ports = 2> <Width = 1> <Depth = 3> <RAM>
ST_2 : Operation 161 [1/1] (0.00ns)   --->   "%br_ln169 = br void %arrayidx1215.exit44" [predecoder_kernel.cpp:169]   --->   Operation 161 'br' 'br_ln169' <Predicate = (!trunc_ln166 & select_ln167_1 == 4 & select_ln167 != 0 & select_ln167 != 1 & select_ln167 != 2 & select_ln167 != 3 & select_ln167 != 4)> <Delay = 0.00>
ST_2 : Operation 162 [1/1] (0.63ns)   --->   "%store_ln169 = store i1 0, i2 %correction_22_addr" [predecoder_kernel.cpp:169]   --->   Operation 162 'store' 'store_ln169' <Predicate = (!trunc_ln166 & select_ln167_1 == 3 & select_ln167 == 4)> <Delay = 0.63> <CoreInst = "RAM">   --->   Core 83 'RAM' <Latency = 1> <II = 1> <Delay = 0.63> <Storage> <Opcode : 'load' 'store'> <Ports = 2> <Width = 1> <Depth = 3> <RAM>
ST_2 : Operation 163 [1/1] (0.00ns)   --->   "%br_ln169 = br void %arrayidx1215.exit36" [predecoder_kernel.cpp:169]   --->   Operation 163 'br' 'br_ln169' <Predicate = (!trunc_ln166 & select_ln167_1 == 3 & select_ln167 == 4)> <Delay = 0.00>
ST_2 : Operation 164 [1/1] (0.63ns)   --->   "%store_ln169 = store i1 0, i2 %correction_21_addr" [predecoder_kernel.cpp:169]   --->   Operation 164 'store' 'store_ln169' <Predicate = (!trunc_ln166 & select_ln167_1 == 3 & select_ln167 == 3)> <Delay = 0.63> <CoreInst = "RAM">   --->   Core 83 'RAM' <Latency = 1> <II = 1> <Delay = 0.63> <Storage> <Opcode : 'load' 'store'> <Ports = 2> <Width = 1> <Depth = 3> <RAM>
ST_2 : Operation 165 [1/1] (0.00ns)   --->   "%br_ln169 = br void %arrayidx1215.exit36" [predecoder_kernel.cpp:169]   --->   Operation 165 'br' 'br_ln169' <Predicate = (!trunc_ln166 & select_ln167_1 == 3 & select_ln167 == 3)> <Delay = 0.00>
ST_2 : Operation 166 [1/1] (0.63ns)   --->   "%store_ln169 = store i1 0, i2 %correction_20_addr" [predecoder_kernel.cpp:169]   --->   Operation 166 'store' 'store_ln169' <Predicate = (!trunc_ln166 & select_ln167_1 == 3 & select_ln167 == 2)> <Delay = 0.63> <CoreInst = "RAM">   --->   Core 83 'RAM' <Latency = 1> <II = 1> <Delay = 0.63> <Storage> <Opcode : 'load' 'store'> <Ports = 2> <Width = 1> <Depth = 3> <RAM>
ST_2 : Operation 167 [1/1] (0.00ns)   --->   "%br_ln169 = br void %arrayidx1215.exit36" [predecoder_kernel.cpp:169]   --->   Operation 167 'br' 'br_ln169' <Predicate = (!trunc_ln166 & select_ln167_1 == 3 & select_ln167 == 2)> <Delay = 0.00>
ST_2 : Operation 168 [1/1] (0.63ns)   --->   "%store_ln169 = store i1 0, i2 %correction_19_addr" [predecoder_kernel.cpp:169]   --->   Operation 168 'store' 'store_ln169' <Predicate = (!trunc_ln166 & select_ln167_1 == 3 & select_ln167 == 1)> <Delay = 0.63> <CoreInst = "RAM">   --->   Core 83 'RAM' <Latency = 1> <II = 1> <Delay = 0.63> <Storage> <Opcode : 'load' 'store'> <Ports = 2> <Width = 1> <Depth = 3> <RAM>
ST_2 : Operation 169 [1/1] (0.00ns)   --->   "%br_ln169 = br void %arrayidx1215.exit36" [predecoder_kernel.cpp:169]   --->   Operation 169 'br' 'br_ln169' <Predicate = (!trunc_ln166 & select_ln167_1 == 3 & select_ln167 == 1)> <Delay = 0.00>
ST_2 : Operation 170 [1/1] (0.63ns)   --->   "%store_ln169 = store i1 0, i2 %correction_18_addr" [predecoder_kernel.cpp:169]   --->   Operation 170 'store' 'store_ln169' <Predicate = (!trunc_ln166 & select_ln167_1 == 3 & select_ln167 == 0)> <Delay = 0.63> <CoreInst = "RAM">   --->   Core 83 'RAM' <Latency = 1> <II = 1> <Delay = 0.63> <Storage> <Opcode : 'load' 'store'> <Ports = 2> <Width = 1> <Depth = 3> <RAM>
ST_2 : Operation 171 [1/1] (0.00ns)   --->   "%br_ln169 = br void %arrayidx1215.exit36" [predecoder_kernel.cpp:169]   --->   Operation 171 'br' 'br_ln169' <Predicate = (!trunc_ln166 & select_ln167_1 == 3 & select_ln167 == 0)> <Delay = 0.00>
ST_2 : Operation 172 [1/1] (0.63ns)   --->   "%store_ln169 = store i1 0, i2 %correction_23_addr" [predecoder_kernel.cpp:169]   --->   Operation 172 'store' 'store_ln169' <Predicate = (!trunc_ln166 & select_ln167_1 == 3 & select_ln167 != 0 & select_ln167 != 1 & select_ln167 != 2 & select_ln167 != 3 & select_ln167 != 4)> <Delay = 0.63> <CoreInst = "RAM">   --->   Core 83 'RAM' <Latency = 1> <II = 1> <Delay = 0.63> <Storage> <Opcode : 'load' 'store'> <Ports = 2> <Width = 1> <Depth = 3> <RAM>
ST_2 : Operation 173 [1/1] (0.00ns)   --->   "%br_ln169 = br void %arrayidx1215.exit36" [predecoder_kernel.cpp:169]   --->   Operation 173 'br' 'br_ln169' <Predicate = (!trunc_ln166 & select_ln167_1 == 3 & select_ln167 != 0 & select_ln167 != 1 & select_ln167 != 2 & select_ln167 != 3 & select_ln167 != 4)> <Delay = 0.00>
ST_2 : Operation 174 [1/1] (0.63ns)   --->   "%store_ln169 = store i1 0, i2 %correction_16_addr" [predecoder_kernel.cpp:169]   --->   Operation 174 'store' 'store_ln169' <Predicate = (!trunc_ln166 & select_ln167_1 == 2 & select_ln167 == 4)> <Delay = 0.63> <CoreInst = "RAM">   --->   Core 83 'RAM' <Latency = 1> <II = 1> <Delay = 0.63> <Storage> <Opcode : 'load' 'store'> <Ports = 2> <Width = 1> <Depth = 3> <RAM>
ST_2 : Operation 175 [1/1] (0.00ns)   --->   "%br_ln169 = br void %arrayidx1215.exit28" [predecoder_kernel.cpp:169]   --->   Operation 175 'br' 'br_ln169' <Predicate = (!trunc_ln166 & select_ln167_1 == 2 & select_ln167 == 4)> <Delay = 0.00>
ST_2 : Operation 176 [1/1] (0.63ns)   --->   "%store_ln169 = store i1 0, i2 %correction_15_addr" [predecoder_kernel.cpp:169]   --->   Operation 176 'store' 'store_ln169' <Predicate = (!trunc_ln166 & select_ln167_1 == 2 & select_ln167 == 3)> <Delay = 0.63> <CoreInst = "RAM">   --->   Core 83 'RAM' <Latency = 1> <II = 1> <Delay = 0.63> <Storage> <Opcode : 'load' 'store'> <Ports = 2> <Width = 1> <Depth = 3> <RAM>
ST_2 : Operation 177 [1/1] (0.00ns)   --->   "%br_ln169 = br void %arrayidx1215.exit28" [predecoder_kernel.cpp:169]   --->   Operation 177 'br' 'br_ln169' <Predicate = (!trunc_ln166 & select_ln167_1 == 2 & select_ln167 == 3)> <Delay = 0.00>
ST_2 : Operation 178 [1/1] (0.63ns)   --->   "%store_ln169 = store i1 0, i2 %correction_14_addr" [predecoder_kernel.cpp:169]   --->   Operation 178 'store' 'store_ln169' <Predicate = (!trunc_ln166 & select_ln167_1 == 2 & select_ln167 == 2)> <Delay = 0.63> <CoreInst = "RAM">   --->   Core 83 'RAM' <Latency = 1> <II = 1> <Delay = 0.63> <Storage> <Opcode : 'load' 'store'> <Ports = 2> <Width = 1> <Depth = 3> <RAM>
ST_2 : Operation 179 [1/1] (0.00ns)   --->   "%br_ln169 = br void %arrayidx1215.exit28" [predecoder_kernel.cpp:169]   --->   Operation 179 'br' 'br_ln169' <Predicate = (!trunc_ln166 & select_ln167_1 == 2 & select_ln167 == 2)> <Delay = 0.00>
ST_2 : Operation 180 [1/1] (0.63ns)   --->   "%store_ln169 = store i1 0, i2 %correction_13_addr" [predecoder_kernel.cpp:169]   --->   Operation 180 'store' 'store_ln169' <Predicate = (!trunc_ln166 & select_ln167_1 == 2 & select_ln167 == 1)> <Delay = 0.63> <CoreInst = "RAM">   --->   Core 83 'RAM' <Latency = 1> <II = 1> <Delay = 0.63> <Storage> <Opcode : 'load' 'store'> <Ports = 2> <Width = 1> <Depth = 3> <RAM>
ST_2 : Operation 181 [1/1] (0.00ns)   --->   "%br_ln169 = br void %arrayidx1215.exit28" [predecoder_kernel.cpp:169]   --->   Operation 181 'br' 'br_ln169' <Predicate = (!trunc_ln166 & select_ln167_1 == 2 & select_ln167 == 1)> <Delay = 0.00>
ST_2 : Operation 182 [1/1] (0.63ns)   --->   "%store_ln169 = store i1 0, i2 %correction_12_addr" [predecoder_kernel.cpp:169]   --->   Operation 182 'store' 'store_ln169' <Predicate = (!trunc_ln166 & select_ln167_1 == 2 & select_ln167 == 0)> <Delay = 0.63> <CoreInst = "RAM">   --->   Core 83 'RAM' <Latency = 1> <II = 1> <Delay = 0.63> <Storage> <Opcode : 'load' 'store'> <Ports = 2> <Width = 1> <Depth = 3> <RAM>
ST_2 : Operation 183 [1/1] (0.00ns)   --->   "%br_ln169 = br void %arrayidx1215.exit28" [predecoder_kernel.cpp:169]   --->   Operation 183 'br' 'br_ln169' <Predicate = (!trunc_ln166 & select_ln167_1 == 2 & select_ln167 == 0)> <Delay = 0.00>
ST_2 : Operation 184 [1/1] (0.63ns)   --->   "%store_ln169 = store i1 0, i2 %correction_17_addr" [predecoder_kernel.cpp:169]   --->   Operation 184 'store' 'store_ln169' <Predicate = (!trunc_ln166 & select_ln167_1 == 2 & select_ln167 != 0 & select_ln167 != 1 & select_ln167 != 2 & select_ln167 != 3 & select_ln167 != 4)> <Delay = 0.63> <CoreInst = "RAM">   --->   Core 83 'RAM' <Latency = 1> <II = 1> <Delay = 0.63> <Storage> <Opcode : 'load' 'store'> <Ports = 2> <Width = 1> <Depth = 3> <RAM>
ST_2 : Operation 185 [1/1] (0.00ns)   --->   "%br_ln169 = br void %arrayidx1215.exit28" [predecoder_kernel.cpp:169]   --->   Operation 185 'br' 'br_ln169' <Predicate = (!trunc_ln166 & select_ln167_1 == 2 & select_ln167 != 0 & select_ln167 != 1 & select_ln167 != 2 & select_ln167 != 3 & select_ln167 != 4)> <Delay = 0.00>
ST_2 : Operation 186 [1/1] (0.63ns)   --->   "%store_ln169 = store i1 0, i2 %correction_10_addr" [predecoder_kernel.cpp:169]   --->   Operation 186 'store' 'store_ln169' <Predicate = (!trunc_ln166 & select_ln167_1 == 1 & select_ln167 == 4)> <Delay = 0.63> <CoreInst = "RAM">   --->   Core 83 'RAM' <Latency = 1> <II = 1> <Delay = 0.63> <Storage> <Opcode : 'load' 'store'> <Ports = 2> <Width = 1> <Depth = 3> <RAM>
ST_2 : Operation 187 [1/1] (0.00ns)   --->   "%br_ln169 = br void %arrayidx1215.exit20" [predecoder_kernel.cpp:169]   --->   Operation 187 'br' 'br_ln169' <Predicate = (!trunc_ln166 & select_ln167_1 == 1 & select_ln167 == 4)> <Delay = 0.00>
ST_2 : Operation 188 [1/1] (0.63ns)   --->   "%store_ln169 = store i1 0, i2 %correction_9_addr" [predecoder_kernel.cpp:169]   --->   Operation 188 'store' 'store_ln169' <Predicate = (!trunc_ln166 & select_ln167_1 == 1 & select_ln167 == 3)> <Delay = 0.63> <CoreInst = "RAM">   --->   Core 83 'RAM' <Latency = 1> <II = 1> <Delay = 0.63> <Storage> <Opcode : 'load' 'store'> <Ports = 2> <Width = 1> <Depth = 3> <RAM>
ST_2 : Operation 189 [1/1] (0.00ns)   --->   "%br_ln169 = br void %arrayidx1215.exit20" [predecoder_kernel.cpp:169]   --->   Operation 189 'br' 'br_ln169' <Predicate = (!trunc_ln166 & select_ln167_1 == 1 & select_ln167 == 3)> <Delay = 0.00>
ST_2 : Operation 190 [1/1] (0.63ns)   --->   "%store_ln169 = store i1 0, i2 %correction_8_addr" [predecoder_kernel.cpp:169]   --->   Operation 190 'store' 'store_ln169' <Predicate = (!trunc_ln166 & select_ln167_1 == 1 & select_ln167 == 2)> <Delay = 0.63> <CoreInst = "RAM">   --->   Core 83 'RAM' <Latency = 1> <II = 1> <Delay = 0.63> <Storage> <Opcode : 'load' 'store'> <Ports = 2> <Width = 1> <Depth = 3> <RAM>
ST_2 : Operation 191 [1/1] (0.00ns)   --->   "%br_ln169 = br void %arrayidx1215.exit20" [predecoder_kernel.cpp:169]   --->   Operation 191 'br' 'br_ln169' <Predicate = (!trunc_ln166 & select_ln167_1 == 1 & select_ln167 == 2)> <Delay = 0.00>
ST_2 : Operation 192 [1/1] (0.63ns)   --->   "%store_ln169 = store i1 0, i2 %correction_7_addr" [predecoder_kernel.cpp:169]   --->   Operation 192 'store' 'store_ln169' <Predicate = (!trunc_ln166 & select_ln167_1 == 1 & select_ln167 == 1)> <Delay = 0.63> <CoreInst = "RAM">   --->   Core 83 'RAM' <Latency = 1> <II = 1> <Delay = 0.63> <Storage> <Opcode : 'load' 'store'> <Ports = 2> <Width = 1> <Depth = 3> <RAM>
ST_2 : Operation 193 [1/1] (0.00ns)   --->   "%br_ln169 = br void %arrayidx1215.exit20" [predecoder_kernel.cpp:169]   --->   Operation 193 'br' 'br_ln169' <Predicate = (!trunc_ln166 & select_ln167_1 == 1 & select_ln167 == 1)> <Delay = 0.00>
ST_2 : Operation 194 [1/1] (0.63ns)   --->   "%store_ln169 = store i1 0, i2 %correction_6_addr" [predecoder_kernel.cpp:169]   --->   Operation 194 'store' 'store_ln169' <Predicate = (!trunc_ln166 & select_ln167_1 == 1 & select_ln167 == 0)> <Delay = 0.63> <CoreInst = "RAM">   --->   Core 83 'RAM' <Latency = 1> <II = 1> <Delay = 0.63> <Storage> <Opcode : 'load' 'store'> <Ports = 2> <Width = 1> <Depth = 3> <RAM>
ST_2 : Operation 195 [1/1] (0.00ns)   --->   "%br_ln169 = br void %arrayidx1215.exit20" [predecoder_kernel.cpp:169]   --->   Operation 195 'br' 'br_ln169' <Predicate = (!trunc_ln166 & select_ln167_1 == 1 & select_ln167 == 0)> <Delay = 0.00>
ST_2 : Operation 196 [1/1] (0.63ns)   --->   "%store_ln169 = store i1 0, i2 %correction_11_addr" [predecoder_kernel.cpp:169]   --->   Operation 196 'store' 'store_ln169' <Predicate = (!trunc_ln166 & select_ln167_1 == 1 & select_ln167 != 0 & select_ln167 != 1 & select_ln167 != 2 & select_ln167 != 3 & select_ln167 != 4)> <Delay = 0.63> <CoreInst = "RAM">   --->   Core 83 'RAM' <Latency = 1> <II = 1> <Delay = 0.63> <Storage> <Opcode : 'load' 'store'> <Ports = 2> <Width = 1> <Depth = 3> <RAM>
ST_2 : Operation 197 [1/1] (0.00ns)   --->   "%br_ln169 = br void %arrayidx1215.exit20" [predecoder_kernel.cpp:169]   --->   Operation 197 'br' 'br_ln169' <Predicate = (!trunc_ln166 & select_ln167_1 == 1 & select_ln167 != 0 & select_ln167 != 1 & select_ln167 != 2 & select_ln167 != 3 & select_ln167 != 4)> <Delay = 0.00>
ST_2 : Operation 198 [1/1] (0.63ns)   --->   "%store_ln169 = store i1 0, i2 %correction_4_addr" [predecoder_kernel.cpp:169]   --->   Operation 198 'store' 'store_ln169' <Predicate = (!trunc_ln166 & select_ln167_1 == 0 & select_ln167 == 4)> <Delay = 0.63> <CoreInst = "RAM">   --->   Core 83 'RAM' <Latency = 1> <II = 1> <Delay = 0.63> <Storage> <Opcode : 'load' 'store'> <Ports = 2> <Width = 1> <Depth = 3> <RAM>
ST_2 : Operation 199 [1/1] (0.00ns)   --->   "%br_ln169 = br void %arrayidx1215.exit12" [predecoder_kernel.cpp:169]   --->   Operation 199 'br' 'br_ln169' <Predicate = (!trunc_ln166 & select_ln167_1 == 0 & select_ln167 == 4)> <Delay = 0.00>
ST_2 : Operation 200 [1/1] (0.63ns)   --->   "%store_ln169 = store i1 0, i2 %correction_3_addr" [predecoder_kernel.cpp:169]   --->   Operation 200 'store' 'store_ln169' <Predicate = (!trunc_ln166 & select_ln167_1 == 0 & select_ln167 == 3)> <Delay = 0.63> <CoreInst = "RAM">   --->   Core 83 'RAM' <Latency = 1> <II = 1> <Delay = 0.63> <Storage> <Opcode : 'load' 'store'> <Ports = 2> <Width = 1> <Depth = 3> <RAM>
ST_2 : Operation 201 [1/1] (0.00ns)   --->   "%br_ln169 = br void %arrayidx1215.exit12" [predecoder_kernel.cpp:169]   --->   Operation 201 'br' 'br_ln169' <Predicate = (!trunc_ln166 & select_ln167_1 == 0 & select_ln167 == 3)> <Delay = 0.00>
ST_2 : Operation 202 [1/1] (0.63ns)   --->   "%store_ln169 = store i1 0, i2 %correction_2_addr" [predecoder_kernel.cpp:169]   --->   Operation 202 'store' 'store_ln169' <Predicate = (!trunc_ln166 & select_ln167_1 == 0 & select_ln167 == 2)> <Delay = 0.63> <CoreInst = "RAM">   --->   Core 83 'RAM' <Latency = 1> <II = 1> <Delay = 0.63> <Storage> <Opcode : 'load' 'store'> <Ports = 2> <Width = 1> <Depth = 3> <RAM>
ST_2 : Operation 203 [1/1] (0.00ns)   --->   "%br_ln169 = br void %arrayidx1215.exit12" [predecoder_kernel.cpp:169]   --->   Operation 203 'br' 'br_ln169' <Predicate = (!trunc_ln166 & select_ln167_1 == 0 & select_ln167 == 2)> <Delay = 0.00>
ST_2 : Operation 204 [1/1] (0.63ns)   --->   "%store_ln169 = store i1 0, i2 %correction_1_addr" [predecoder_kernel.cpp:169]   --->   Operation 204 'store' 'store_ln169' <Predicate = (!trunc_ln166 & select_ln167_1 == 0 & select_ln167 == 1)> <Delay = 0.63> <CoreInst = "RAM">   --->   Core 83 'RAM' <Latency = 1> <II = 1> <Delay = 0.63> <Storage> <Opcode : 'load' 'store'> <Ports = 2> <Width = 1> <Depth = 3> <RAM>
ST_2 : Operation 205 [1/1] (0.00ns)   --->   "%br_ln169 = br void %arrayidx1215.exit12" [predecoder_kernel.cpp:169]   --->   Operation 205 'br' 'br_ln169' <Predicate = (!trunc_ln166 & select_ln167_1 == 0 & select_ln167 == 1)> <Delay = 0.00>
ST_2 : Operation 206 [1/1] (0.63ns)   --->   "%store_ln169 = store i1 0, i2 %correction_addr" [predecoder_kernel.cpp:169]   --->   Operation 206 'store' 'store_ln169' <Predicate = (!trunc_ln166 & select_ln167_1 == 0 & select_ln167 == 0)> <Delay = 0.63> <CoreInst = "RAM">   --->   Core 83 'RAM' <Latency = 1> <II = 1> <Delay = 0.63> <Storage> <Opcode : 'load' 'store'> <Ports = 2> <Width = 1> <Depth = 3> <RAM>
ST_2 : Operation 207 [1/1] (0.00ns)   --->   "%br_ln169 = br void %arrayidx1215.exit12" [predecoder_kernel.cpp:169]   --->   Operation 207 'br' 'br_ln169' <Predicate = (!trunc_ln166 & select_ln167_1 == 0 & select_ln167 == 0)> <Delay = 0.00>
ST_2 : Operation 208 [1/1] (0.63ns)   --->   "%store_ln169 = store i1 0, i2 %correction_5_addr" [predecoder_kernel.cpp:169]   --->   Operation 208 'store' 'store_ln169' <Predicate = (!trunc_ln166 & select_ln167_1 == 0 & select_ln167 != 0 & select_ln167 != 1 & select_ln167 != 2 & select_ln167 != 3 & select_ln167 != 4)> <Delay = 0.63> <CoreInst = "RAM">   --->   Core 83 'RAM' <Latency = 1> <II = 1> <Delay = 0.63> <Storage> <Opcode : 'load' 'store'> <Ports = 2> <Width = 1> <Depth = 3> <RAM>
ST_2 : Operation 209 [1/1] (0.00ns)   --->   "%br_ln169 = br void %arrayidx1215.exit12" [predecoder_kernel.cpp:169]   --->   Operation 209 'br' 'br_ln169' <Predicate = (!trunc_ln166 & select_ln167_1 == 0 & select_ln167 != 0 & select_ln167 != 1 & select_ln167 != 2 & select_ln167 != 3 & select_ln167 != 4)> <Delay = 0.00>
ST_2 : Operation 210 [1/1] (0.63ns)   --->   "%store_ln169 = store i1 0, i2 %correction_34_addr" [predecoder_kernel.cpp:169]   --->   Operation 210 'store' 'store_ln169' <Predicate = (!trunc_ln166 & select_ln167_1 != 0 & select_ln167_1 != 1 & select_ln167_1 != 2 & select_ln167_1 != 3 & select_ln167_1 != 4 & select_ln167 == 4)> <Delay = 0.63> <CoreInst = "RAM">   --->   Core 83 'RAM' <Latency = 1> <II = 1> <Delay = 0.63> <Storage> <Opcode : 'load' 'store'> <Ports = 2> <Width = 1> <Depth = 3> <RAM>
ST_2 : Operation 211 [1/1] (0.00ns)   --->   "%br_ln169 = br void %arrayidx1215.exit52" [predecoder_kernel.cpp:169]   --->   Operation 211 'br' 'br_ln169' <Predicate = (!trunc_ln166 & select_ln167_1 != 0 & select_ln167_1 != 1 & select_ln167_1 != 2 & select_ln167_1 != 3 & select_ln167_1 != 4 & select_ln167 == 4)> <Delay = 0.00>
ST_2 : Operation 212 [1/1] (0.63ns)   --->   "%store_ln169 = store i1 0, i2 %correction_33_addr" [predecoder_kernel.cpp:169]   --->   Operation 212 'store' 'store_ln169' <Predicate = (!trunc_ln166 & select_ln167_1 != 0 & select_ln167_1 != 1 & select_ln167_1 != 2 & select_ln167_1 != 3 & select_ln167_1 != 4 & select_ln167 == 3)> <Delay = 0.63> <CoreInst = "RAM">   --->   Core 83 'RAM' <Latency = 1> <II = 1> <Delay = 0.63> <Storage> <Opcode : 'load' 'store'> <Ports = 2> <Width = 1> <Depth = 3> <RAM>
ST_2 : Operation 213 [1/1] (0.00ns)   --->   "%br_ln169 = br void %arrayidx1215.exit52" [predecoder_kernel.cpp:169]   --->   Operation 213 'br' 'br_ln169' <Predicate = (!trunc_ln166 & select_ln167_1 != 0 & select_ln167_1 != 1 & select_ln167_1 != 2 & select_ln167_1 != 3 & select_ln167_1 != 4 & select_ln167 == 3)> <Delay = 0.00>
ST_2 : Operation 214 [1/1] (0.63ns)   --->   "%store_ln169 = store i1 0, i2 %correction_32_addr" [predecoder_kernel.cpp:169]   --->   Operation 214 'store' 'store_ln169' <Predicate = (!trunc_ln166 & select_ln167_1 != 0 & select_ln167_1 != 1 & select_ln167_1 != 2 & select_ln167_1 != 3 & select_ln167_1 != 4 & select_ln167 == 2)> <Delay = 0.63> <CoreInst = "RAM">   --->   Core 83 'RAM' <Latency = 1> <II = 1> <Delay = 0.63> <Storage> <Opcode : 'load' 'store'> <Ports = 2> <Width = 1> <Depth = 3> <RAM>
ST_2 : Operation 215 [1/1] (0.00ns)   --->   "%br_ln169 = br void %arrayidx1215.exit52" [predecoder_kernel.cpp:169]   --->   Operation 215 'br' 'br_ln169' <Predicate = (!trunc_ln166 & select_ln167_1 != 0 & select_ln167_1 != 1 & select_ln167_1 != 2 & select_ln167_1 != 3 & select_ln167_1 != 4 & select_ln167 == 2)> <Delay = 0.00>
ST_2 : Operation 216 [1/1] (0.63ns)   --->   "%store_ln169 = store i1 0, i2 %correction_31_addr" [predecoder_kernel.cpp:169]   --->   Operation 216 'store' 'store_ln169' <Predicate = (!trunc_ln166 & select_ln167_1 != 0 & select_ln167_1 != 1 & select_ln167_1 != 2 & select_ln167_1 != 3 & select_ln167_1 != 4 & select_ln167 == 1)> <Delay = 0.63> <CoreInst = "RAM">   --->   Core 83 'RAM' <Latency = 1> <II = 1> <Delay = 0.63> <Storage> <Opcode : 'load' 'store'> <Ports = 2> <Width = 1> <Depth = 3> <RAM>
ST_2 : Operation 217 [1/1] (0.00ns)   --->   "%br_ln169 = br void %arrayidx1215.exit52" [predecoder_kernel.cpp:169]   --->   Operation 217 'br' 'br_ln169' <Predicate = (!trunc_ln166 & select_ln167_1 != 0 & select_ln167_1 != 1 & select_ln167_1 != 2 & select_ln167_1 != 3 & select_ln167_1 != 4 & select_ln167 == 1)> <Delay = 0.00>
ST_2 : Operation 218 [1/1] (0.63ns)   --->   "%store_ln169 = store i1 0, i2 %correction_30_addr" [predecoder_kernel.cpp:169]   --->   Operation 218 'store' 'store_ln169' <Predicate = (!trunc_ln166 & select_ln167_1 != 0 & select_ln167_1 != 1 & select_ln167_1 != 2 & select_ln167_1 != 3 & select_ln167_1 != 4 & select_ln167 == 0)> <Delay = 0.63> <CoreInst = "RAM">   --->   Core 83 'RAM' <Latency = 1> <II = 1> <Delay = 0.63> <Storage> <Opcode : 'load' 'store'> <Ports = 2> <Width = 1> <Depth = 3> <RAM>
ST_2 : Operation 219 [1/1] (0.00ns)   --->   "%br_ln169 = br void %arrayidx1215.exit52" [predecoder_kernel.cpp:169]   --->   Operation 219 'br' 'br_ln169' <Predicate = (!trunc_ln166 & select_ln167_1 != 0 & select_ln167_1 != 1 & select_ln167_1 != 2 & select_ln167_1 != 3 & select_ln167_1 != 4 & select_ln167 == 0)> <Delay = 0.00>
ST_2 : Operation 220 [1/1] (0.63ns)   --->   "%store_ln169 = store i1 0, i2 %correction_35_addr" [predecoder_kernel.cpp:169]   --->   Operation 220 'store' 'store_ln169' <Predicate = (!trunc_ln166 & select_ln167_1 != 0 & select_ln167_1 != 1 & select_ln167_1 != 2 & select_ln167_1 != 3 & select_ln167_1 != 4 & select_ln167 != 0 & select_ln167 != 1 & select_ln167 != 2 & select_ln167 != 3 & select_ln167 != 4)> <Delay = 0.63> <CoreInst = "RAM">   --->   Core 83 'RAM' <Latency = 1> <II = 1> <Delay = 0.63> <Storage> <Opcode : 'load' 'store'> <Ports = 2> <Width = 1> <Depth = 3> <RAM>
ST_2 : Operation 221 [1/1] (0.00ns)   --->   "%br_ln169 = br void %arrayidx1215.exit52" [predecoder_kernel.cpp:169]   --->   Operation 221 'br' 'br_ln169' <Predicate = (!trunc_ln166 & select_ln167_1 != 0 & select_ln167_1 != 1 & select_ln167_1 != 2 & select_ln167_1 != 3 & select_ln167_1 != 4 & select_ln167 != 0 & select_ln167 != 1 & select_ln167 != 2 & select_ln167 != 3 & select_ln167 != 4)> <Delay = 0.00>
ST_2 : Operation 222 [1/1] (0.67ns)   --->   "%switch_ln169 = switch i3 %select_ln167_1, void %arrayidx1215.case.566, i3 0, void %arrayidx1215.case.061, i3 1, void %arrayidx1215.case.162, i3 2, void %arrayidx1215.case.263, i3 3, void %arrayidx1215.case.364, i3 4, void %arrayidx1215.case.465" [predecoder_kernel.cpp:169]   --->   Operation 222 'switch' 'switch_ln169' <Predicate = (trunc_ln166)> <Delay = 0.67>
ST_2 : Operation 223 [1/1] (0.63ns)   --->   "%store_ln169 = store i1 0, i2 %correction_64_addr" [predecoder_kernel.cpp:169]   --->   Operation 223 'store' 'store_ln169' <Predicate = (trunc_ln166 & select_ln167_1 == 4 & select_ln167 == 4)> <Delay = 0.63> <CoreInst = "RAM">   --->   Core 83 'RAM' <Latency = 1> <II = 1> <Delay = 0.63> <Storage> <Opcode : 'load' 'store'> <Ports = 2> <Width = 1> <Depth = 3> <RAM>
ST_2 : Operation 224 [1/1] (0.00ns)   --->   "%br_ln169 = br void %arrayidx1215.exit100" [predecoder_kernel.cpp:169]   --->   Operation 224 'br' 'br_ln169' <Predicate = (trunc_ln166 & select_ln167_1 == 4 & select_ln167 == 4)> <Delay = 0.00>
ST_2 : Operation 225 [1/1] (0.63ns)   --->   "%store_ln169 = store i1 0, i2 %correction_63_addr" [predecoder_kernel.cpp:169]   --->   Operation 225 'store' 'store_ln169' <Predicate = (trunc_ln166 & select_ln167_1 == 4 & select_ln167 == 3)> <Delay = 0.63> <CoreInst = "RAM">   --->   Core 83 'RAM' <Latency = 1> <II = 1> <Delay = 0.63> <Storage> <Opcode : 'load' 'store'> <Ports = 2> <Width = 1> <Depth = 3> <RAM>
ST_2 : Operation 226 [1/1] (0.00ns)   --->   "%br_ln169 = br void %arrayidx1215.exit100" [predecoder_kernel.cpp:169]   --->   Operation 226 'br' 'br_ln169' <Predicate = (trunc_ln166 & select_ln167_1 == 4 & select_ln167 == 3)> <Delay = 0.00>
ST_2 : Operation 227 [1/1] (0.63ns)   --->   "%store_ln169 = store i1 0, i2 %correction_62_addr" [predecoder_kernel.cpp:169]   --->   Operation 227 'store' 'store_ln169' <Predicate = (trunc_ln166 & select_ln167_1 == 4 & select_ln167 == 2)> <Delay = 0.63> <CoreInst = "RAM">   --->   Core 83 'RAM' <Latency = 1> <II = 1> <Delay = 0.63> <Storage> <Opcode : 'load' 'store'> <Ports = 2> <Width = 1> <Depth = 3> <RAM>
ST_2 : Operation 228 [1/1] (0.00ns)   --->   "%br_ln169 = br void %arrayidx1215.exit100" [predecoder_kernel.cpp:169]   --->   Operation 228 'br' 'br_ln169' <Predicate = (trunc_ln166 & select_ln167_1 == 4 & select_ln167 == 2)> <Delay = 0.00>
ST_2 : Operation 229 [1/1] (0.63ns)   --->   "%store_ln169 = store i1 0, i2 %correction_61_addr" [predecoder_kernel.cpp:169]   --->   Operation 229 'store' 'store_ln169' <Predicate = (trunc_ln166 & select_ln167_1 == 4 & select_ln167 == 1)> <Delay = 0.63> <CoreInst = "RAM">   --->   Core 83 'RAM' <Latency = 1> <II = 1> <Delay = 0.63> <Storage> <Opcode : 'load' 'store'> <Ports = 2> <Width = 1> <Depth = 3> <RAM>
ST_2 : Operation 230 [1/1] (0.00ns)   --->   "%br_ln169 = br void %arrayidx1215.exit100" [predecoder_kernel.cpp:169]   --->   Operation 230 'br' 'br_ln169' <Predicate = (trunc_ln166 & select_ln167_1 == 4 & select_ln167 == 1)> <Delay = 0.00>
ST_2 : Operation 231 [1/1] (0.63ns)   --->   "%store_ln169 = store i1 0, i2 %correction_60_addr" [predecoder_kernel.cpp:169]   --->   Operation 231 'store' 'store_ln169' <Predicate = (trunc_ln166 & select_ln167_1 == 4 & select_ln167 == 0)> <Delay = 0.63> <CoreInst = "RAM">   --->   Core 83 'RAM' <Latency = 1> <II = 1> <Delay = 0.63> <Storage> <Opcode : 'load' 'store'> <Ports = 2> <Width = 1> <Depth = 3> <RAM>
ST_2 : Operation 232 [1/1] (0.00ns)   --->   "%br_ln169 = br void %arrayidx1215.exit100" [predecoder_kernel.cpp:169]   --->   Operation 232 'br' 'br_ln169' <Predicate = (trunc_ln166 & select_ln167_1 == 4 & select_ln167 == 0)> <Delay = 0.00>
ST_2 : Operation 233 [1/1] (0.63ns)   --->   "%store_ln169 = store i1 0, i2 %correction_65_addr" [predecoder_kernel.cpp:169]   --->   Operation 233 'store' 'store_ln169' <Predicate = (trunc_ln166 & select_ln167_1 == 4 & select_ln167 != 0 & select_ln167 != 1 & select_ln167 != 2 & select_ln167 != 3 & select_ln167 != 4)> <Delay = 0.63> <CoreInst = "RAM">   --->   Core 83 'RAM' <Latency = 1> <II = 1> <Delay = 0.63> <Storage> <Opcode : 'load' 'store'> <Ports = 2> <Width = 1> <Depth = 3> <RAM>
ST_2 : Operation 234 [1/1] (0.00ns)   --->   "%br_ln169 = br void %arrayidx1215.exit100" [predecoder_kernel.cpp:169]   --->   Operation 234 'br' 'br_ln169' <Predicate = (trunc_ln166 & select_ln167_1 == 4 & select_ln167 != 0 & select_ln167 != 1 & select_ln167 != 2 & select_ln167 != 3 & select_ln167 != 4)> <Delay = 0.00>
ST_2 : Operation 235 [1/1] (0.63ns)   --->   "%store_ln169 = store i1 0, i2 %correction_58_addr" [predecoder_kernel.cpp:169]   --->   Operation 235 'store' 'store_ln169' <Predicate = (trunc_ln166 & select_ln167_1 == 3 & select_ln167 == 4)> <Delay = 0.63> <CoreInst = "RAM">   --->   Core 83 'RAM' <Latency = 1> <II = 1> <Delay = 0.63> <Storage> <Opcode : 'load' 'store'> <Ports = 2> <Width = 1> <Depth = 3> <RAM>
ST_2 : Operation 236 [1/1] (0.00ns)   --->   "%br_ln169 = br void %arrayidx1215.exit92" [predecoder_kernel.cpp:169]   --->   Operation 236 'br' 'br_ln169' <Predicate = (trunc_ln166 & select_ln167_1 == 3 & select_ln167 == 4)> <Delay = 0.00>
ST_2 : Operation 237 [1/1] (0.63ns)   --->   "%store_ln169 = store i1 0, i2 %correction_57_addr" [predecoder_kernel.cpp:169]   --->   Operation 237 'store' 'store_ln169' <Predicate = (trunc_ln166 & select_ln167_1 == 3 & select_ln167 == 3)> <Delay = 0.63> <CoreInst = "RAM">   --->   Core 83 'RAM' <Latency = 1> <II = 1> <Delay = 0.63> <Storage> <Opcode : 'load' 'store'> <Ports = 2> <Width = 1> <Depth = 3> <RAM>
ST_2 : Operation 238 [1/1] (0.00ns)   --->   "%br_ln169 = br void %arrayidx1215.exit92" [predecoder_kernel.cpp:169]   --->   Operation 238 'br' 'br_ln169' <Predicate = (trunc_ln166 & select_ln167_1 == 3 & select_ln167 == 3)> <Delay = 0.00>
ST_2 : Operation 239 [1/1] (0.63ns)   --->   "%store_ln169 = store i1 0, i2 %correction_56_addr" [predecoder_kernel.cpp:169]   --->   Operation 239 'store' 'store_ln169' <Predicate = (trunc_ln166 & select_ln167_1 == 3 & select_ln167 == 2)> <Delay = 0.63> <CoreInst = "RAM">   --->   Core 83 'RAM' <Latency = 1> <II = 1> <Delay = 0.63> <Storage> <Opcode : 'load' 'store'> <Ports = 2> <Width = 1> <Depth = 3> <RAM>
ST_2 : Operation 240 [1/1] (0.00ns)   --->   "%br_ln169 = br void %arrayidx1215.exit92" [predecoder_kernel.cpp:169]   --->   Operation 240 'br' 'br_ln169' <Predicate = (trunc_ln166 & select_ln167_1 == 3 & select_ln167 == 2)> <Delay = 0.00>
ST_2 : Operation 241 [1/1] (0.63ns)   --->   "%store_ln169 = store i1 0, i2 %correction_55_addr" [predecoder_kernel.cpp:169]   --->   Operation 241 'store' 'store_ln169' <Predicate = (trunc_ln166 & select_ln167_1 == 3 & select_ln167 == 1)> <Delay = 0.63> <CoreInst = "RAM">   --->   Core 83 'RAM' <Latency = 1> <II = 1> <Delay = 0.63> <Storage> <Opcode : 'load' 'store'> <Ports = 2> <Width = 1> <Depth = 3> <RAM>
ST_2 : Operation 242 [1/1] (0.00ns)   --->   "%br_ln169 = br void %arrayidx1215.exit92" [predecoder_kernel.cpp:169]   --->   Operation 242 'br' 'br_ln169' <Predicate = (trunc_ln166 & select_ln167_1 == 3 & select_ln167 == 1)> <Delay = 0.00>
ST_2 : Operation 243 [1/1] (0.63ns)   --->   "%store_ln169 = store i1 0, i2 %correction_54_addr" [predecoder_kernel.cpp:169]   --->   Operation 243 'store' 'store_ln169' <Predicate = (trunc_ln166 & select_ln167_1 == 3 & select_ln167 == 0)> <Delay = 0.63> <CoreInst = "RAM">   --->   Core 83 'RAM' <Latency = 1> <II = 1> <Delay = 0.63> <Storage> <Opcode : 'load' 'store'> <Ports = 2> <Width = 1> <Depth = 3> <RAM>
ST_2 : Operation 244 [1/1] (0.00ns)   --->   "%br_ln169 = br void %arrayidx1215.exit92" [predecoder_kernel.cpp:169]   --->   Operation 244 'br' 'br_ln169' <Predicate = (trunc_ln166 & select_ln167_1 == 3 & select_ln167 == 0)> <Delay = 0.00>
ST_2 : Operation 245 [1/1] (0.63ns)   --->   "%store_ln169 = store i1 0, i2 %correction_59_addr" [predecoder_kernel.cpp:169]   --->   Operation 245 'store' 'store_ln169' <Predicate = (trunc_ln166 & select_ln167_1 == 3 & select_ln167 != 0 & select_ln167 != 1 & select_ln167 != 2 & select_ln167 != 3 & select_ln167 != 4)> <Delay = 0.63> <CoreInst = "RAM">   --->   Core 83 'RAM' <Latency = 1> <II = 1> <Delay = 0.63> <Storage> <Opcode : 'load' 'store'> <Ports = 2> <Width = 1> <Depth = 3> <RAM>
ST_2 : Operation 246 [1/1] (0.00ns)   --->   "%br_ln169 = br void %arrayidx1215.exit92" [predecoder_kernel.cpp:169]   --->   Operation 246 'br' 'br_ln169' <Predicate = (trunc_ln166 & select_ln167_1 == 3 & select_ln167 != 0 & select_ln167 != 1 & select_ln167 != 2 & select_ln167 != 3 & select_ln167 != 4)> <Delay = 0.00>
ST_2 : Operation 247 [1/1] (0.63ns)   --->   "%store_ln169 = store i1 0, i2 %correction_52_addr" [predecoder_kernel.cpp:169]   --->   Operation 247 'store' 'store_ln169' <Predicate = (trunc_ln166 & select_ln167_1 == 2 & select_ln167 == 4)> <Delay = 0.63> <CoreInst = "RAM">   --->   Core 83 'RAM' <Latency = 1> <II = 1> <Delay = 0.63> <Storage> <Opcode : 'load' 'store'> <Ports = 2> <Width = 1> <Depth = 3> <RAM>
ST_2 : Operation 248 [1/1] (0.00ns)   --->   "%br_ln169 = br void %arrayidx1215.exit84" [predecoder_kernel.cpp:169]   --->   Operation 248 'br' 'br_ln169' <Predicate = (trunc_ln166 & select_ln167_1 == 2 & select_ln167 == 4)> <Delay = 0.00>
ST_2 : Operation 249 [1/1] (0.63ns)   --->   "%store_ln169 = store i1 0, i2 %correction_51_addr" [predecoder_kernel.cpp:169]   --->   Operation 249 'store' 'store_ln169' <Predicate = (trunc_ln166 & select_ln167_1 == 2 & select_ln167 == 3)> <Delay = 0.63> <CoreInst = "RAM">   --->   Core 83 'RAM' <Latency = 1> <II = 1> <Delay = 0.63> <Storage> <Opcode : 'load' 'store'> <Ports = 2> <Width = 1> <Depth = 3> <RAM>
ST_2 : Operation 250 [1/1] (0.00ns)   --->   "%br_ln169 = br void %arrayidx1215.exit84" [predecoder_kernel.cpp:169]   --->   Operation 250 'br' 'br_ln169' <Predicate = (trunc_ln166 & select_ln167_1 == 2 & select_ln167 == 3)> <Delay = 0.00>
ST_2 : Operation 251 [1/1] (0.63ns)   --->   "%store_ln169 = store i1 0, i2 %correction_50_addr" [predecoder_kernel.cpp:169]   --->   Operation 251 'store' 'store_ln169' <Predicate = (trunc_ln166 & select_ln167_1 == 2 & select_ln167 == 2)> <Delay = 0.63> <CoreInst = "RAM">   --->   Core 83 'RAM' <Latency = 1> <II = 1> <Delay = 0.63> <Storage> <Opcode : 'load' 'store'> <Ports = 2> <Width = 1> <Depth = 3> <RAM>
ST_2 : Operation 252 [1/1] (0.00ns)   --->   "%br_ln169 = br void %arrayidx1215.exit84" [predecoder_kernel.cpp:169]   --->   Operation 252 'br' 'br_ln169' <Predicate = (trunc_ln166 & select_ln167_1 == 2 & select_ln167 == 2)> <Delay = 0.00>
ST_2 : Operation 253 [1/1] (0.63ns)   --->   "%store_ln169 = store i1 0, i2 %correction_49_addr" [predecoder_kernel.cpp:169]   --->   Operation 253 'store' 'store_ln169' <Predicate = (trunc_ln166 & select_ln167_1 == 2 & select_ln167 == 1)> <Delay = 0.63> <CoreInst = "RAM">   --->   Core 83 'RAM' <Latency = 1> <II = 1> <Delay = 0.63> <Storage> <Opcode : 'load' 'store'> <Ports = 2> <Width = 1> <Depth = 3> <RAM>
ST_2 : Operation 254 [1/1] (0.00ns)   --->   "%br_ln169 = br void %arrayidx1215.exit84" [predecoder_kernel.cpp:169]   --->   Operation 254 'br' 'br_ln169' <Predicate = (trunc_ln166 & select_ln167_1 == 2 & select_ln167 == 1)> <Delay = 0.00>
ST_2 : Operation 255 [1/1] (0.63ns)   --->   "%store_ln169 = store i1 0, i2 %correction_48_addr" [predecoder_kernel.cpp:169]   --->   Operation 255 'store' 'store_ln169' <Predicate = (trunc_ln166 & select_ln167_1 == 2 & select_ln167 == 0)> <Delay = 0.63> <CoreInst = "RAM">   --->   Core 83 'RAM' <Latency = 1> <II = 1> <Delay = 0.63> <Storage> <Opcode : 'load' 'store'> <Ports = 2> <Width = 1> <Depth = 3> <RAM>
ST_2 : Operation 256 [1/1] (0.00ns)   --->   "%br_ln169 = br void %arrayidx1215.exit84" [predecoder_kernel.cpp:169]   --->   Operation 256 'br' 'br_ln169' <Predicate = (trunc_ln166 & select_ln167_1 == 2 & select_ln167 == 0)> <Delay = 0.00>
ST_2 : Operation 257 [1/1] (0.63ns)   --->   "%store_ln169 = store i1 0, i2 %correction_53_addr" [predecoder_kernel.cpp:169]   --->   Operation 257 'store' 'store_ln169' <Predicate = (trunc_ln166 & select_ln167_1 == 2 & select_ln167 != 0 & select_ln167 != 1 & select_ln167 != 2 & select_ln167 != 3 & select_ln167 != 4)> <Delay = 0.63> <CoreInst = "RAM">   --->   Core 83 'RAM' <Latency = 1> <II = 1> <Delay = 0.63> <Storage> <Opcode : 'load' 'store'> <Ports = 2> <Width = 1> <Depth = 3> <RAM>
ST_2 : Operation 258 [1/1] (0.00ns)   --->   "%br_ln169 = br void %arrayidx1215.exit84" [predecoder_kernel.cpp:169]   --->   Operation 258 'br' 'br_ln169' <Predicate = (trunc_ln166 & select_ln167_1 == 2 & select_ln167 != 0 & select_ln167 != 1 & select_ln167 != 2 & select_ln167 != 3 & select_ln167 != 4)> <Delay = 0.00>
ST_2 : Operation 259 [1/1] (0.63ns)   --->   "%store_ln169 = store i1 0, i2 %correction_46_addr" [predecoder_kernel.cpp:169]   --->   Operation 259 'store' 'store_ln169' <Predicate = (trunc_ln166 & select_ln167_1 == 1 & select_ln167 == 4)> <Delay = 0.63> <CoreInst = "RAM">   --->   Core 83 'RAM' <Latency = 1> <II = 1> <Delay = 0.63> <Storage> <Opcode : 'load' 'store'> <Ports = 2> <Width = 1> <Depth = 3> <RAM>
ST_2 : Operation 260 [1/1] (0.00ns)   --->   "%br_ln169 = br void %arrayidx1215.exit76" [predecoder_kernel.cpp:169]   --->   Operation 260 'br' 'br_ln169' <Predicate = (trunc_ln166 & select_ln167_1 == 1 & select_ln167 == 4)> <Delay = 0.00>
ST_2 : Operation 261 [1/1] (0.63ns)   --->   "%store_ln169 = store i1 0, i2 %correction_45_addr" [predecoder_kernel.cpp:169]   --->   Operation 261 'store' 'store_ln169' <Predicate = (trunc_ln166 & select_ln167_1 == 1 & select_ln167 == 3)> <Delay = 0.63> <CoreInst = "RAM">   --->   Core 83 'RAM' <Latency = 1> <II = 1> <Delay = 0.63> <Storage> <Opcode : 'load' 'store'> <Ports = 2> <Width = 1> <Depth = 3> <RAM>
ST_2 : Operation 262 [1/1] (0.00ns)   --->   "%br_ln169 = br void %arrayidx1215.exit76" [predecoder_kernel.cpp:169]   --->   Operation 262 'br' 'br_ln169' <Predicate = (trunc_ln166 & select_ln167_1 == 1 & select_ln167 == 3)> <Delay = 0.00>
ST_2 : Operation 263 [1/1] (0.63ns)   --->   "%store_ln169 = store i1 0, i2 %correction_44_addr" [predecoder_kernel.cpp:169]   --->   Operation 263 'store' 'store_ln169' <Predicate = (trunc_ln166 & select_ln167_1 == 1 & select_ln167 == 2)> <Delay = 0.63> <CoreInst = "RAM">   --->   Core 83 'RAM' <Latency = 1> <II = 1> <Delay = 0.63> <Storage> <Opcode : 'load' 'store'> <Ports = 2> <Width = 1> <Depth = 3> <RAM>
ST_2 : Operation 264 [1/1] (0.00ns)   --->   "%br_ln169 = br void %arrayidx1215.exit76" [predecoder_kernel.cpp:169]   --->   Operation 264 'br' 'br_ln169' <Predicate = (trunc_ln166 & select_ln167_1 == 1 & select_ln167 == 2)> <Delay = 0.00>
ST_2 : Operation 265 [1/1] (0.63ns)   --->   "%store_ln169 = store i1 0, i2 %correction_43_addr" [predecoder_kernel.cpp:169]   --->   Operation 265 'store' 'store_ln169' <Predicate = (trunc_ln166 & select_ln167_1 == 1 & select_ln167 == 1)> <Delay = 0.63> <CoreInst = "RAM">   --->   Core 83 'RAM' <Latency = 1> <II = 1> <Delay = 0.63> <Storage> <Opcode : 'load' 'store'> <Ports = 2> <Width = 1> <Depth = 3> <RAM>
ST_2 : Operation 266 [1/1] (0.00ns)   --->   "%br_ln169 = br void %arrayidx1215.exit76" [predecoder_kernel.cpp:169]   --->   Operation 266 'br' 'br_ln169' <Predicate = (trunc_ln166 & select_ln167_1 == 1 & select_ln167 == 1)> <Delay = 0.00>
ST_2 : Operation 267 [1/1] (0.63ns)   --->   "%store_ln169 = store i1 0, i2 %correction_42_addr" [predecoder_kernel.cpp:169]   --->   Operation 267 'store' 'store_ln169' <Predicate = (trunc_ln166 & select_ln167_1 == 1 & select_ln167 == 0)> <Delay = 0.63> <CoreInst = "RAM">   --->   Core 83 'RAM' <Latency = 1> <II = 1> <Delay = 0.63> <Storage> <Opcode : 'load' 'store'> <Ports = 2> <Width = 1> <Depth = 3> <RAM>
ST_2 : Operation 268 [1/1] (0.00ns)   --->   "%br_ln169 = br void %arrayidx1215.exit76" [predecoder_kernel.cpp:169]   --->   Operation 268 'br' 'br_ln169' <Predicate = (trunc_ln166 & select_ln167_1 == 1 & select_ln167 == 0)> <Delay = 0.00>
ST_2 : Operation 269 [1/1] (0.63ns)   --->   "%store_ln169 = store i1 0, i2 %correction_47_addr" [predecoder_kernel.cpp:169]   --->   Operation 269 'store' 'store_ln169' <Predicate = (trunc_ln166 & select_ln167_1 == 1 & select_ln167 != 0 & select_ln167 != 1 & select_ln167 != 2 & select_ln167 != 3 & select_ln167 != 4)> <Delay = 0.63> <CoreInst = "RAM">   --->   Core 83 'RAM' <Latency = 1> <II = 1> <Delay = 0.63> <Storage> <Opcode : 'load' 'store'> <Ports = 2> <Width = 1> <Depth = 3> <RAM>
ST_2 : Operation 270 [1/1] (0.00ns)   --->   "%br_ln169 = br void %arrayidx1215.exit76" [predecoder_kernel.cpp:169]   --->   Operation 270 'br' 'br_ln169' <Predicate = (trunc_ln166 & select_ln167_1 == 1 & select_ln167 != 0 & select_ln167 != 1 & select_ln167 != 2 & select_ln167 != 3 & select_ln167 != 4)> <Delay = 0.00>
ST_2 : Operation 271 [1/1] (0.63ns)   --->   "%store_ln169 = store i1 0, i2 %correction_40_addr" [predecoder_kernel.cpp:169]   --->   Operation 271 'store' 'store_ln169' <Predicate = (trunc_ln166 & select_ln167_1 == 0 & select_ln167 == 4)> <Delay = 0.63> <CoreInst = "RAM">   --->   Core 83 'RAM' <Latency = 1> <II = 1> <Delay = 0.63> <Storage> <Opcode : 'load' 'store'> <Ports = 2> <Width = 1> <Depth = 3> <RAM>
ST_2 : Operation 272 [1/1] (0.00ns)   --->   "%br_ln169 = br void %arrayidx1215.exit68" [predecoder_kernel.cpp:169]   --->   Operation 272 'br' 'br_ln169' <Predicate = (trunc_ln166 & select_ln167_1 == 0 & select_ln167 == 4)> <Delay = 0.00>
ST_2 : Operation 273 [1/1] (0.63ns)   --->   "%store_ln169 = store i1 0, i2 %correction_39_addr" [predecoder_kernel.cpp:169]   --->   Operation 273 'store' 'store_ln169' <Predicate = (trunc_ln166 & select_ln167_1 == 0 & select_ln167 == 3)> <Delay = 0.63> <CoreInst = "RAM">   --->   Core 83 'RAM' <Latency = 1> <II = 1> <Delay = 0.63> <Storage> <Opcode : 'load' 'store'> <Ports = 2> <Width = 1> <Depth = 3> <RAM>
ST_2 : Operation 274 [1/1] (0.00ns)   --->   "%br_ln169 = br void %arrayidx1215.exit68" [predecoder_kernel.cpp:169]   --->   Operation 274 'br' 'br_ln169' <Predicate = (trunc_ln166 & select_ln167_1 == 0 & select_ln167 == 3)> <Delay = 0.00>
ST_2 : Operation 275 [1/1] (0.63ns)   --->   "%store_ln169 = store i1 0, i2 %correction_38_addr" [predecoder_kernel.cpp:169]   --->   Operation 275 'store' 'store_ln169' <Predicate = (trunc_ln166 & select_ln167_1 == 0 & select_ln167 == 2)> <Delay = 0.63> <CoreInst = "RAM">   --->   Core 83 'RAM' <Latency = 1> <II = 1> <Delay = 0.63> <Storage> <Opcode : 'load' 'store'> <Ports = 2> <Width = 1> <Depth = 3> <RAM>
ST_2 : Operation 276 [1/1] (0.00ns)   --->   "%br_ln169 = br void %arrayidx1215.exit68" [predecoder_kernel.cpp:169]   --->   Operation 276 'br' 'br_ln169' <Predicate = (trunc_ln166 & select_ln167_1 == 0 & select_ln167 == 2)> <Delay = 0.00>
ST_2 : Operation 277 [1/1] (0.63ns)   --->   "%store_ln169 = store i1 0, i2 %correction_37_addr" [predecoder_kernel.cpp:169]   --->   Operation 277 'store' 'store_ln169' <Predicate = (trunc_ln166 & select_ln167_1 == 0 & select_ln167 == 1)> <Delay = 0.63> <CoreInst = "RAM">   --->   Core 83 'RAM' <Latency = 1> <II = 1> <Delay = 0.63> <Storage> <Opcode : 'load' 'store'> <Ports = 2> <Width = 1> <Depth = 3> <RAM>
ST_2 : Operation 278 [1/1] (0.00ns)   --->   "%br_ln169 = br void %arrayidx1215.exit68" [predecoder_kernel.cpp:169]   --->   Operation 278 'br' 'br_ln169' <Predicate = (trunc_ln166 & select_ln167_1 == 0 & select_ln167 == 1)> <Delay = 0.00>
ST_2 : Operation 279 [1/1] (0.63ns)   --->   "%store_ln169 = store i1 0, i2 %correction_36_addr" [predecoder_kernel.cpp:169]   --->   Operation 279 'store' 'store_ln169' <Predicate = (trunc_ln166 & select_ln167_1 == 0 & select_ln167 == 0)> <Delay = 0.63> <CoreInst = "RAM">   --->   Core 83 'RAM' <Latency = 1> <II = 1> <Delay = 0.63> <Storage> <Opcode : 'load' 'store'> <Ports = 2> <Width = 1> <Depth = 3> <RAM>
ST_2 : Operation 280 [1/1] (0.00ns)   --->   "%br_ln169 = br void %arrayidx1215.exit68" [predecoder_kernel.cpp:169]   --->   Operation 280 'br' 'br_ln169' <Predicate = (trunc_ln166 & select_ln167_1 == 0 & select_ln167 == 0)> <Delay = 0.00>
ST_2 : Operation 281 [1/1] (0.63ns)   --->   "%store_ln169 = store i1 0, i2 %correction_41_addr" [predecoder_kernel.cpp:169]   --->   Operation 281 'store' 'store_ln169' <Predicate = (trunc_ln166 & select_ln167_1 == 0 & select_ln167 != 0 & select_ln167 != 1 & select_ln167 != 2 & select_ln167 != 3 & select_ln167 != 4)> <Delay = 0.63> <CoreInst = "RAM">   --->   Core 83 'RAM' <Latency = 1> <II = 1> <Delay = 0.63> <Storage> <Opcode : 'load' 'store'> <Ports = 2> <Width = 1> <Depth = 3> <RAM>
ST_2 : Operation 282 [1/1] (0.00ns)   --->   "%br_ln169 = br void %arrayidx1215.exit68" [predecoder_kernel.cpp:169]   --->   Operation 282 'br' 'br_ln169' <Predicate = (trunc_ln166 & select_ln167_1 == 0 & select_ln167 != 0 & select_ln167 != 1 & select_ln167 != 2 & select_ln167 != 3 & select_ln167 != 4)> <Delay = 0.00>
ST_2 : Operation 283 [1/1] (0.63ns)   --->   "%store_ln169 = store i1 0, i2 %correction_70_addr" [predecoder_kernel.cpp:169]   --->   Operation 283 'store' 'store_ln169' <Predicate = (trunc_ln166 & select_ln167_1 != 0 & select_ln167_1 != 1 & select_ln167_1 != 2 & select_ln167_1 != 3 & select_ln167_1 != 4 & select_ln167 == 4)> <Delay = 0.63> <CoreInst = "RAM">   --->   Core 83 'RAM' <Latency = 1> <II = 1> <Delay = 0.63> <Storage> <Opcode : 'load' 'store'> <Ports = 2> <Width = 1> <Depth = 3> <RAM>
ST_2 : Operation 284 [1/1] (0.00ns)   --->   "%br_ln169 = br void %arrayidx1215.exit108" [predecoder_kernel.cpp:169]   --->   Operation 284 'br' 'br_ln169' <Predicate = (trunc_ln166 & select_ln167_1 != 0 & select_ln167_1 != 1 & select_ln167_1 != 2 & select_ln167_1 != 3 & select_ln167_1 != 4 & select_ln167 == 4)> <Delay = 0.00>
ST_2 : Operation 285 [1/1] (0.63ns)   --->   "%store_ln169 = store i1 0, i2 %correction_69_addr" [predecoder_kernel.cpp:169]   --->   Operation 285 'store' 'store_ln169' <Predicate = (trunc_ln166 & select_ln167_1 != 0 & select_ln167_1 != 1 & select_ln167_1 != 2 & select_ln167_1 != 3 & select_ln167_1 != 4 & select_ln167 == 3)> <Delay = 0.63> <CoreInst = "RAM">   --->   Core 83 'RAM' <Latency = 1> <II = 1> <Delay = 0.63> <Storage> <Opcode : 'load' 'store'> <Ports = 2> <Width = 1> <Depth = 3> <RAM>
ST_2 : Operation 286 [1/1] (0.00ns)   --->   "%br_ln169 = br void %arrayidx1215.exit108" [predecoder_kernel.cpp:169]   --->   Operation 286 'br' 'br_ln169' <Predicate = (trunc_ln166 & select_ln167_1 != 0 & select_ln167_1 != 1 & select_ln167_1 != 2 & select_ln167_1 != 3 & select_ln167_1 != 4 & select_ln167 == 3)> <Delay = 0.00>
ST_2 : Operation 287 [1/1] (0.63ns)   --->   "%store_ln169 = store i1 0, i2 %correction_68_addr" [predecoder_kernel.cpp:169]   --->   Operation 287 'store' 'store_ln169' <Predicate = (trunc_ln166 & select_ln167_1 != 0 & select_ln167_1 != 1 & select_ln167_1 != 2 & select_ln167_1 != 3 & select_ln167_1 != 4 & select_ln167 == 2)> <Delay = 0.63> <CoreInst = "RAM">   --->   Core 83 'RAM' <Latency = 1> <II = 1> <Delay = 0.63> <Storage> <Opcode : 'load' 'store'> <Ports = 2> <Width = 1> <Depth = 3> <RAM>
ST_2 : Operation 288 [1/1] (0.00ns)   --->   "%br_ln169 = br void %arrayidx1215.exit108" [predecoder_kernel.cpp:169]   --->   Operation 288 'br' 'br_ln169' <Predicate = (trunc_ln166 & select_ln167_1 != 0 & select_ln167_1 != 1 & select_ln167_1 != 2 & select_ln167_1 != 3 & select_ln167_1 != 4 & select_ln167 == 2)> <Delay = 0.00>
ST_2 : Operation 289 [1/1] (0.63ns)   --->   "%store_ln169 = store i1 0, i2 %correction_67_addr" [predecoder_kernel.cpp:169]   --->   Operation 289 'store' 'store_ln169' <Predicate = (trunc_ln166 & select_ln167_1 != 0 & select_ln167_1 != 1 & select_ln167_1 != 2 & select_ln167_1 != 3 & select_ln167_1 != 4 & select_ln167 == 1)> <Delay = 0.63> <CoreInst = "RAM">   --->   Core 83 'RAM' <Latency = 1> <II = 1> <Delay = 0.63> <Storage> <Opcode : 'load' 'store'> <Ports = 2> <Width = 1> <Depth = 3> <RAM>
ST_2 : Operation 290 [1/1] (0.00ns)   --->   "%br_ln169 = br void %arrayidx1215.exit108" [predecoder_kernel.cpp:169]   --->   Operation 290 'br' 'br_ln169' <Predicate = (trunc_ln166 & select_ln167_1 != 0 & select_ln167_1 != 1 & select_ln167_1 != 2 & select_ln167_1 != 3 & select_ln167_1 != 4 & select_ln167 == 1)> <Delay = 0.00>
ST_2 : Operation 291 [1/1] (0.63ns)   --->   "%store_ln169 = store i1 0, i2 %correction_66_addr" [predecoder_kernel.cpp:169]   --->   Operation 291 'store' 'store_ln169' <Predicate = (trunc_ln166 & select_ln167_1 != 0 & select_ln167_1 != 1 & select_ln167_1 != 2 & select_ln167_1 != 3 & select_ln167_1 != 4 & select_ln167 == 0)> <Delay = 0.63> <CoreInst = "RAM">   --->   Core 83 'RAM' <Latency = 1> <II = 1> <Delay = 0.63> <Storage> <Opcode : 'load' 'store'> <Ports = 2> <Width = 1> <Depth = 3> <RAM>
ST_2 : Operation 292 [1/1] (0.00ns)   --->   "%br_ln169 = br void %arrayidx1215.exit108" [predecoder_kernel.cpp:169]   --->   Operation 292 'br' 'br_ln169' <Predicate = (trunc_ln166 & select_ln167_1 != 0 & select_ln167_1 != 1 & select_ln167_1 != 2 & select_ln167_1 != 3 & select_ln167_1 != 4 & select_ln167 == 0)> <Delay = 0.00>
ST_2 : Operation 293 [1/1] (0.63ns)   --->   "%store_ln169 = store i1 0, i2 %correction_71_addr" [predecoder_kernel.cpp:169]   --->   Operation 293 'store' 'store_ln169' <Predicate = (trunc_ln166 & select_ln167_1 != 0 & select_ln167_1 != 1 & select_ln167_1 != 2 & select_ln167_1 != 3 & select_ln167_1 != 4 & select_ln167 != 0 & select_ln167 != 1 & select_ln167 != 2 & select_ln167 != 3 & select_ln167 != 4)> <Delay = 0.63> <CoreInst = "RAM">   --->   Core 83 'RAM' <Latency = 1> <II = 1> <Delay = 0.63> <Storage> <Opcode : 'load' 'store'> <Ports = 2> <Width = 1> <Depth = 3> <RAM>
ST_2 : Operation 294 [1/1] (0.00ns)   --->   "%br_ln169 = br void %arrayidx1215.exit108" [predecoder_kernel.cpp:169]   --->   Operation 294 'br' 'br_ln169' <Predicate = (trunc_ln166 & select_ln167_1 != 0 & select_ln167_1 != 1 & select_ln167_1 != 2 & select_ln167_1 != 3 & select_ln167_1 != 4 & select_ln167 != 0 & select_ln167 != 1 & select_ln167 != 2 & select_ln167 != 3 & select_ln167 != 4)> <Delay = 0.00>


============================================================
+ Verbose Summary: Binding
============================================================
STG Binding: 
---------------- STG Properties BEGIN ----------------
- Is combinational: 0
- Is one-state seq: 0
- Is datapath-only: 0
- Is pipelined: 0
- Is top level: 0
Port [ Return ] is wired: 1; IO mode=ap_ctrl_hs:ce=0
Port [ correction]:  wired=1; compound=1; hidden=0; nouse=0; global=0; static=0; extern=0; dir=1; type=1; pingpong=0; private_global=0; MemPort=[03]; IO mode=ap_memory:ce=0
Port [ correction_1]:  wired=1; compound=1; hidden=0; nouse=0; global=0; static=0; extern=0; dir=1; type=1; pingpong=0; private_global=0; MemPort=[03]; IO mode=ap_memory:ce=0
Port [ correction_2]:  wired=1; compound=1; hidden=0; nouse=0; global=0; static=0; extern=0; dir=1; type=1; pingpong=0; private_global=0; MemPort=[03]; IO mode=ap_memory:ce=0
Port [ correction_3]:  wired=1; compound=1; hidden=0; nouse=0; global=0; static=0; extern=0; dir=1; type=1; pingpong=0; private_global=0; MemPort=[03]; IO mode=ap_memory:ce=0
Port [ correction_4]:  wired=1; compound=1; hidden=0; nouse=0; global=0; static=0; extern=0; dir=1; type=1; pingpong=0; private_global=0; MemPort=[03]; IO mode=ap_memory:ce=0
Port [ correction_5]:  wired=1; compound=1; hidden=0; nouse=0; global=0; static=0; extern=0; dir=1; type=1; pingpong=0; private_global=0; MemPort=[03]; IO mode=ap_memory:ce=0
Port [ correction_6]:  wired=1; compound=1; hidden=0; nouse=0; global=0; static=0; extern=0; dir=1; type=1; pingpong=0; private_global=0; MemPort=[03]; IO mode=ap_memory:ce=0
Port [ correction_7]:  wired=1; compound=1; hidden=0; nouse=0; global=0; static=0; extern=0; dir=1; type=1; pingpong=0; private_global=0; MemPort=[03]; IO mode=ap_memory:ce=0
Port [ correction_8]:  wired=1; compound=1; hidden=0; nouse=0; global=0; static=0; extern=0; dir=1; type=1; pingpong=0; private_global=0; MemPort=[03]; IO mode=ap_memory:ce=0
Port [ correction_9]:  wired=1; compound=1; hidden=0; nouse=0; global=0; static=0; extern=0; dir=1; type=1; pingpong=0; private_global=0; MemPort=[03]; IO mode=ap_memory:ce=0
Port [ correction_10]:  wired=1; compound=1; hidden=0; nouse=0; global=0; static=0; extern=0; dir=1; type=1; pingpong=0; private_global=0; MemPort=[03]; IO mode=ap_memory:ce=0
Port [ correction_11]:  wired=1; compound=1; hidden=0; nouse=0; global=0; static=0; extern=0; dir=1; type=1; pingpong=0; private_global=0; MemPort=[03]; IO mode=ap_memory:ce=0
Port [ correction_12]:  wired=1; compound=1; hidden=0; nouse=0; global=0; static=0; extern=0; dir=1; type=1; pingpong=0; private_global=0; MemPort=[03]; IO mode=ap_memory:ce=0
Port [ correction_13]:  wired=1; compound=1; hidden=0; nouse=0; global=0; static=0; extern=0; dir=1; type=1; pingpong=0; private_global=0; MemPort=[03]; IO mode=ap_memory:ce=0
Port [ correction_14]:  wired=1; compound=1; hidden=0; nouse=0; global=0; static=0; extern=0; dir=1; type=1; pingpong=0; private_global=0; MemPort=[03]; IO mode=ap_memory:ce=0
Port [ correction_15]:  wired=1; compound=1; hidden=0; nouse=0; global=0; static=0; extern=0; dir=1; type=1; pingpong=0; private_global=0; MemPort=[03]; IO mode=ap_memory:ce=0
Port [ correction_16]:  wired=1; compound=1; hidden=0; nouse=0; global=0; static=0; extern=0; dir=1; type=1; pingpong=0; private_global=0; MemPort=[03]; IO mode=ap_memory:ce=0
Port [ correction_17]:  wired=1; compound=1; hidden=0; nouse=0; global=0; static=0; extern=0; dir=1; type=1; pingpong=0; private_global=0; MemPort=[03]; IO mode=ap_memory:ce=0
Port [ correction_18]:  wired=1; compound=1; hidden=0; nouse=0; global=0; static=0; extern=0; dir=1; type=1; pingpong=0; private_global=0; MemPort=[03]; IO mode=ap_memory:ce=0
Port [ correction_19]:  wired=1; compound=1; hidden=0; nouse=0; global=0; static=0; extern=0; dir=1; type=1; pingpong=0; private_global=0; MemPort=[03]; IO mode=ap_memory:ce=0
Port [ correction_20]:  wired=1; compound=1; hidden=0; nouse=0; global=0; static=0; extern=0; dir=1; type=1; pingpong=0; private_global=0; MemPort=[03]; IO mode=ap_memory:ce=0
Port [ correction_21]:  wired=1; compound=1; hidden=0; nouse=0; global=0; static=0; extern=0; dir=1; type=1; pingpong=0; private_global=0; MemPort=[03]; IO mode=ap_memory:ce=0
Port [ correction_22]:  wired=1; compound=1; hidden=0; nouse=0; global=0; static=0; extern=0; dir=1; type=1; pingpong=0; private_global=0; MemPort=[03]; IO mode=ap_memory:ce=0
Port [ correction_23]:  wired=1; compound=1; hidden=0; nouse=0; global=0; static=0; extern=0; dir=1; type=1; pingpong=0; private_global=0; MemPort=[03]; IO mode=ap_memory:ce=0
Port [ correction_24]:  wired=1; compound=1; hidden=0; nouse=0; global=0; static=0; extern=0; dir=1; type=1; pingpong=0; private_global=0; MemPort=[03]; IO mode=ap_memory:ce=0
Port [ correction_25]:  wired=1; compound=1; hidden=0; nouse=0; global=0; static=0; extern=0; dir=1; type=1; pingpong=0; private_global=0; MemPort=[03]; IO mode=ap_memory:ce=0
Port [ correction_26]:  wired=1; compound=1; hidden=0; nouse=0; global=0; static=0; extern=0; dir=1; type=1; pingpong=0; private_global=0; MemPort=[03]; IO mode=ap_memory:ce=0
Port [ correction_27]:  wired=1; compound=1; hidden=0; nouse=0; global=0; static=0; extern=0; dir=1; type=1; pingpong=0; private_global=0; MemPort=[03]; IO mode=ap_memory:ce=0
Port [ correction_28]:  wired=1; compound=1; hidden=0; nouse=0; global=0; static=0; extern=0; dir=1; type=1; pingpong=0; private_global=0; MemPort=[03]; IO mode=ap_memory:ce=0
Port [ correction_29]:  wired=1; compound=1; hidden=0; nouse=0; global=0; static=0; extern=0; dir=1; type=1; pingpong=0; private_global=0; MemPort=[03]; IO mode=ap_memory:ce=0
Port [ correction_30]:  wired=1; compound=1; hidden=0; nouse=0; global=0; static=0; extern=0; dir=1; type=1; pingpong=0; private_global=0; MemPort=[03]; IO mode=ap_memory:ce=0
Port [ correction_31]:  wired=1; compound=1; hidden=0; nouse=0; global=0; static=0; extern=0; dir=1; type=1; pingpong=0; private_global=0; MemPort=[03]; IO mode=ap_memory:ce=0
Port [ correction_32]:  wired=1; compound=1; hidden=0; nouse=0; global=0; static=0; extern=0; dir=1; type=1; pingpong=0; private_global=0; MemPort=[03]; IO mode=ap_memory:ce=0
Port [ correction_33]:  wired=1; compound=1; hidden=0; nouse=0; global=0; static=0; extern=0; dir=1; type=1; pingpong=0; private_global=0; MemPort=[03]; IO mode=ap_memory:ce=0
Port [ correction_34]:  wired=1; compound=1; hidden=0; nouse=0; global=0; static=0; extern=0; dir=1; type=1; pingpong=0; private_global=0; MemPort=[03]; IO mode=ap_memory:ce=0
Port [ correction_35]:  wired=1; compound=1; hidden=0; nouse=0; global=0; static=0; extern=0; dir=1; type=1; pingpong=0; private_global=0; MemPort=[03]; IO mode=ap_memory:ce=0
Port [ correction_36]:  wired=1; compound=1; hidden=0; nouse=0; global=0; static=0; extern=0; dir=1; type=1; pingpong=0; private_global=0; MemPort=[03]; IO mode=ap_memory:ce=0
Port [ correction_37]:  wired=1; compound=1; hidden=0; nouse=0; global=0; static=0; extern=0; dir=1; type=1; pingpong=0; private_global=0; MemPort=[03]; IO mode=ap_memory:ce=0
Port [ correction_38]:  wired=1; compound=1; hidden=0; nouse=0; global=0; static=0; extern=0; dir=1; type=1; pingpong=0; private_global=0; MemPort=[03]; IO mode=ap_memory:ce=0
Port [ correction_39]:  wired=1; compound=1; hidden=0; nouse=0; global=0; static=0; extern=0; dir=1; type=1; pingpong=0; private_global=0; MemPort=[03]; IO mode=ap_memory:ce=0
Port [ correction_40]:  wired=1; compound=1; hidden=0; nouse=0; global=0; static=0; extern=0; dir=1; type=1; pingpong=0; private_global=0; MemPort=[03]; IO mode=ap_memory:ce=0
Port [ correction_41]:  wired=1; compound=1; hidden=0; nouse=0; global=0; static=0; extern=0; dir=1; type=1; pingpong=0; private_global=0; MemPort=[03]; IO mode=ap_memory:ce=0
Port [ correction_42]:  wired=1; compound=1; hidden=0; nouse=0; global=0; static=0; extern=0; dir=1; type=1; pingpong=0; private_global=0; MemPort=[03]; IO mode=ap_memory:ce=0
Port [ correction_43]:  wired=1; compound=1; hidden=0; nouse=0; global=0; static=0; extern=0; dir=1; type=1; pingpong=0; private_global=0; MemPort=[03]; IO mode=ap_memory:ce=0
Port [ correction_44]:  wired=1; compound=1; hidden=0; nouse=0; global=0; static=0; extern=0; dir=1; type=1; pingpong=0; private_global=0; MemPort=[03]; IO mode=ap_memory:ce=0
Port [ correction_45]:  wired=1; compound=1; hidden=0; nouse=0; global=0; static=0; extern=0; dir=1; type=1; pingpong=0; private_global=0; MemPort=[03]; IO mode=ap_memory:ce=0
Port [ correction_46]:  wired=1; compound=1; hidden=0; nouse=0; global=0; static=0; extern=0; dir=1; type=1; pingpong=0; private_global=0; MemPort=[03]; IO mode=ap_memory:ce=0
Port [ correction_47]:  wired=1; compound=1; hidden=0; nouse=0; global=0; static=0; extern=0; dir=1; type=1; pingpong=0; private_global=0; MemPort=[03]; IO mode=ap_memory:ce=0
Port [ correction_48]:  wired=1; compound=1; hidden=0; nouse=0; global=0; static=0; extern=0; dir=1; type=1; pingpong=0; private_global=0; MemPort=[03]; IO mode=ap_memory:ce=0
Port [ correction_49]:  wired=1; compound=1; hidden=0; nouse=0; global=0; static=0; extern=0; dir=1; type=1; pingpong=0; private_global=0; MemPort=[03]; IO mode=ap_memory:ce=0
Port [ correction_50]:  wired=1; compound=1; hidden=0; nouse=0; global=0; static=0; extern=0; dir=1; type=1; pingpong=0; private_global=0; MemPort=[03]; IO mode=ap_memory:ce=0
Port [ correction_51]:  wired=1; compound=1; hidden=0; nouse=0; global=0; static=0; extern=0; dir=1; type=1; pingpong=0; private_global=0; MemPort=[03]; IO mode=ap_memory:ce=0
Port [ correction_52]:  wired=1; compound=1; hidden=0; nouse=0; global=0; static=0; extern=0; dir=1; type=1; pingpong=0; private_global=0; MemPort=[03]; IO mode=ap_memory:ce=0
Port [ correction_53]:  wired=1; compound=1; hidden=0; nouse=0; global=0; static=0; extern=0; dir=1; type=1; pingpong=0; private_global=0; MemPort=[03]; IO mode=ap_memory:ce=0
Port [ correction_54]:  wired=1; compound=1; hidden=0; nouse=0; global=0; static=0; extern=0; dir=1; type=1; pingpong=0; private_global=0; MemPort=[03]; IO mode=ap_memory:ce=0
Port [ correction_55]:  wired=1; compound=1; hidden=0; nouse=0; global=0; static=0; extern=0; dir=1; type=1; pingpong=0; private_global=0; MemPort=[03]; IO mode=ap_memory:ce=0
Port [ correction_56]:  wired=1; compound=1; hidden=0; nouse=0; global=0; static=0; extern=0; dir=1; type=1; pingpong=0; private_global=0; MemPort=[03]; IO mode=ap_memory:ce=0
Port [ correction_57]:  wired=1; compound=1; hidden=0; nouse=0; global=0; static=0; extern=0; dir=1; type=1; pingpong=0; private_global=0; MemPort=[03]; IO mode=ap_memory:ce=0
Port [ correction_58]:  wired=1; compound=1; hidden=0; nouse=0; global=0; static=0; extern=0; dir=1; type=1; pingpong=0; private_global=0; MemPort=[03]; IO mode=ap_memory:ce=0
Port [ correction_59]:  wired=1; compound=1; hidden=0; nouse=0; global=0; static=0; extern=0; dir=1; type=1; pingpong=0; private_global=0; MemPort=[03]; IO mode=ap_memory:ce=0
Port [ correction_60]:  wired=1; compound=1; hidden=0; nouse=0; global=0; static=0; extern=0; dir=1; type=1; pingpong=0; private_global=0; MemPort=[03]; IO mode=ap_memory:ce=0
Port [ correction_61]:  wired=1; compound=1; hidden=0; nouse=0; global=0; static=0; extern=0; dir=1; type=1; pingpong=0; private_global=0; MemPort=[03]; IO mode=ap_memory:ce=0
Port [ correction_62]:  wired=1; compound=1; hidden=0; nouse=0; global=0; static=0; extern=0; dir=1; type=1; pingpong=0; private_global=0; MemPort=[03]; IO mode=ap_memory:ce=0
Port [ correction_63]:  wired=1; compound=1; hidden=0; nouse=0; global=0; static=0; extern=0; dir=1; type=1; pingpong=0; private_global=0; MemPort=[03]; IO mode=ap_memory:ce=0
Port [ correction_64]:  wired=1; compound=1; hidden=0; nouse=0; global=0; static=0; extern=0; dir=1; type=1; pingpong=0; private_global=0; MemPort=[03]; IO mode=ap_memory:ce=0
Port [ correction_65]:  wired=1; compound=1; hidden=0; nouse=0; global=0; static=0; extern=0; dir=1; type=1; pingpong=0; private_global=0; MemPort=[03]; IO mode=ap_memory:ce=0
Port [ correction_66]:  wired=1; compound=1; hidden=0; nouse=0; global=0; static=0; extern=0; dir=1; type=1; pingpong=0; private_global=0; MemPort=[03]; IO mode=ap_memory:ce=0
Port [ correction_67]:  wired=1; compound=1; hidden=0; nouse=0; global=0; static=0; extern=0; dir=1; type=1; pingpong=0; private_global=0; MemPort=[03]; IO mode=ap_memory:ce=0
Port [ correction_68]:  wired=1; compound=1; hidden=0; nouse=0; global=0; static=0; extern=0; dir=1; type=1; pingpong=0; private_global=0; MemPort=[03]; IO mode=ap_memory:ce=0
Port [ correction_69]:  wired=1; compound=1; hidden=0; nouse=0; global=0; static=0; extern=0; dir=1; type=1; pingpong=0; private_global=0; MemPort=[03]; IO mode=ap_memory:ce=0
Port [ correction_70]:  wired=1; compound=1; hidden=0; nouse=0; global=0; static=0; extern=0; dir=1; type=1; pingpong=0; private_global=0; MemPort=[03]; IO mode=ap_memory:ce=0
Port [ correction_71]:  wired=1; compound=1; hidden=0; nouse=0; global=0; static=0; extern=0; dir=1; type=1; pingpong=0; private_global=0; MemPort=[03]; IO mode=ap_memory:ce=0
---------------- STG Properties END ------------------

---------------- Datapath Model BEGIN ----------------

<LifeTime>
<method=bitvector/>
x                     (alloca           ) [ 010]
y                     (alloca           ) [ 010]
indvar_flatten        (alloca           ) [ 010]
t                     (alloca           ) [ 010]
indvar_flatten12      (alloca           ) [ 010]
store_ln0             (store            ) [ 000]
store_ln166           (store            ) [ 000]
store_ln0             (store            ) [ 000]
store_ln167           (store            ) [ 000]
store_ln168           (store            ) [ 000]
br_ln0                (br               ) [ 000]
indvar_flatten_load   (load             ) [ 000]
indvar_flatten12_load (load             ) [ 000]
icmp_ln166            (icmp             ) [ 010]
add_ln166_1           (add              ) [ 000]
br_ln166              (br               ) [ 000]
x_load                (load             ) [ 000]
y_load                (load             ) [ 000]
t_load                (load             ) [ 000]
add_ln166             (add              ) [ 000]
icmp_ln167            (icmp             ) [ 000]
select_ln166          (select           ) [ 000]
xor_ln166             (xor              ) [ 000]
icmp_ln168            (icmp             ) [ 000]
and_ln166             (and              ) [ 000]
select_ln166_1        (select           ) [ 000]
add_ln167             (add              ) [ 000]
or_ln167              (or               ) [ 000]
select_ln167          (select           ) [ 011]
select_ln167_1        (select           ) [ 011]
trunc_ln166           (trunc            ) [ 011]
lshr_ln               (partselect       ) [ 011]
br_ln169              (br               ) [ 000]
switch_ln169          (switch           ) [ 000]
br_ln169              (br               ) [ 000]
switch_ln169          (switch           ) [ 000]
br_ln169              (br               ) [ 000]
switch_ln169          (switch           ) [ 000]
br_ln169              (br               ) [ 000]
switch_ln169          (switch           ) [ 000]
br_ln169              (br               ) [ 000]
switch_ln169          (switch           ) [ 000]
br_ln169              (br               ) [ 000]
switch_ln169          (switch           ) [ 000]
br_ln169              (br               ) [ 000]
br_ln169              (br               ) [ 000]
switch_ln169          (switch           ) [ 000]
br_ln169              (br               ) [ 000]
switch_ln169          (switch           ) [ 000]
br_ln169              (br               ) [ 000]
switch_ln169          (switch           ) [ 000]
br_ln169              (br               ) [ 000]
switch_ln169          (switch           ) [ 000]
br_ln169              (br               ) [ 000]
switch_ln169          (switch           ) [ 000]
br_ln169              (br               ) [ 000]
switch_ln169          (switch           ) [ 000]
br_ln169              (br               ) [ 000]
br_ln169              (br               ) [ 000]
add_ln168             (add              ) [ 000]
add_ln167_1           (add              ) [ 000]
select_ln167_2        (select           ) [ 000]
store_ln166           (store            ) [ 000]
store_ln166           (store            ) [ 000]
store_ln167           (store            ) [ 000]
store_ln167           (store            ) [ 000]
store_ln168           (store            ) [ 000]
br_ln168              (br               ) [ 000]
specloopname_ln0      (specloopname     ) [ 000]
speclooptripcount_ln0 (speclooptripcount) [ 000]
zext_ln166            (zext             ) [ 000]
correction_addr       (getelementptr    ) [ 000]
correction_1_addr     (getelementptr    ) [ 000]
correction_2_addr     (getelementptr    ) [ 000]
correction_3_addr     (getelementptr    ) [ 000]
correction_4_addr     (getelementptr    ) [ 000]
correction_5_addr     (getelementptr    ) [ 000]
correction_6_addr     (getelementptr    ) [ 000]
correction_7_addr     (getelementptr    ) [ 000]
correction_8_addr     (getelementptr    ) [ 000]
correction_9_addr     (getelementptr    ) [ 000]
correction_10_addr    (getelementptr    ) [ 000]
correction_11_addr    (getelementptr    ) [ 000]
correction_12_addr    (getelementptr    ) [ 000]
correction_13_addr    (getelementptr    ) [ 000]
correction_14_addr    (getelementptr    ) [ 000]
correction_15_addr    (getelementptr    ) [ 000]
correction_16_addr    (getelementptr    ) [ 000]
correction_17_addr    (getelementptr    ) [ 000]
correction_18_addr    (getelementptr    ) [ 000]
correction_19_addr    (getelementptr    ) [ 000]
correction_20_addr    (getelementptr    ) [ 000]
correction_21_addr    (getelementptr    ) [ 000]
correction_22_addr    (getelementptr    ) [ 000]
correction_23_addr    (getelementptr    ) [ 000]
correction_24_addr    (getelementptr    ) [ 000]
correction_25_addr    (getelementptr    ) [ 000]
correction_26_addr    (getelementptr    ) [ 000]
correction_27_addr    (getelementptr    ) [ 000]
correction_28_addr    (getelementptr    ) [ 000]
correction_29_addr    (getelementptr    ) [ 000]
correction_30_addr    (getelementptr    ) [ 000]
correction_31_addr    (getelementptr    ) [ 000]
correction_32_addr    (getelementptr    ) [ 000]
correction_33_addr    (getelementptr    ) [ 000]
correction_34_addr    (getelementptr    ) [ 000]
correction_35_addr    (getelementptr    ) [ 000]
correction_36_addr    (getelementptr    ) [ 000]
correction_37_addr    (getelementptr    ) [ 000]
correction_38_addr    (getelementptr    ) [ 000]
correction_39_addr    (getelementptr    ) [ 000]
correction_40_addr    (getelementptr    ) [ 000]
correction_41_addr    (getelementptr    ) [ 000]
correction_42_addr    (getelementptr    ) [ 000]
correction_43_addr    (getelementptr    ) [ 000]
correction_44_addr    (getelementptr    ) [ 000]
correction_45_addr    (getelementptr    ) [ 000]
correction_46_addr    (getelementptr    ) [ 000]
correction_47_addr    (getelementptr    ) [ 000]
correction_48_addr    (getelementptr    ) [ 000]
correction_49_addr    (getelementptr    ) [ 000]
correction_50_addr    (getelementptr    ) [ 000]
correction_51_addr    (getelementptr    ) [ 000]
correction_52_addr    (getelementptr    ) [ 000]
correction_53_addr    (getelementptr    ) [ 000]
correction_54_addr    (getelementptr    ) [ 000]
correction_55_addr    (getelementptr    ) [ 000]
correction_56_addr    (getelementptr    ) [ 000]
correction_57_addr    (getelementptr    ) [ 000]
correction_58_addr    (getelementptr    ) [ 000]
correction_59_addr    (getelementptr    ) [ 000]
correction_60_addr    (getelementptr    ) [ 000]
correction_61_addr    (getelementptr    ) [ 000]
correction_62_addr    (getelementptr    ) [ 000]
correction_63_addr    (getelementptr    ) [ 000]
correction_64_addr    (getelementptr    ) [ 000]
correction_65_addr    (getelementptr    ) [ 000]
correction_66_addr    (getelementptr    ) [ 000]
correction_67_addr    (getelementptr    ) [ 000]
correction_68_addr    (getelementptr    ) [ 000]
correction_69_addr    (getelementptr    ) [ 000]
correction_70_addr    (getelementptr    ) [ 000]
correction_71_addr    (getelementptr    ) [ 000]
specpipeline_ln168    (specpipeline     ) [ 000]
switch_ln169          (switch           ) [ 000]
store_ln169           (store            ) [ 000]
br_ln169              (br               ) [ 000]
store_ln169           (store            ) [ 000]
br_ln169              (br               ) [ 000]
store_ln169           (store            ) [ 000]
br_ln169              (br               ) [ 000]
store_ln169           (store            ) [ 000]
br_ln169              (br               ) [ 000]
store_ln169           (store            ) [ 000]
br_ln169              (br               ) [ 000]
store_ln169           (store            ) [ 000]
br_ln169              (br               ) [ 000]
store_ln169           (store            ) [ 000]
br_ln169              (br               ) [ 000]
store_ln169           (store            ) [ 000]
br_ln169              (br               ) [ 000]
store_ln169           (store            ) [ 000]
br_ln169              (br               ) [ 000]
store_ln169           (store            ) [ 000]
br_ln169              (br               ) [ 000]
store_ln169           (store            ) [ 000]
br_ln169              (br               ) [ 000]
store_ln169           (store            ) [ 000]
br_ln169              (br               ) [ 000]
store_ln169           (store            ) [ 000]
br_ln169              (br               ) [ 000]
store_ln169           (store            ) [ 000]
br_ln169              (br               ) [ 000]
store_ln169           (store            ) [ 000]
br_ln169              (br               ) [ 000]
store_ln169           (store            ) [ 000]
br_ln169              (br               ) [ 000]
store_ln169           (store            ) [ 000]
br_ln169              (br               ) [ 000]
store_ln169           (store            ) [ 000]
br_ln169              (br               ) [ 000]
store_ln169           (store            ) [ 000]
br_ln169              (br               ) [ 000]
store_ln169           (store            ) [ 000]
br_ln169              (br               ) [ 000]
store_ln169           (store            ) [ 000]
br_ln169              (br               ) [ 000]
store_ln169           (store            ) [ 000]
br_ln169              (br               ) [ 000]
store_ln169           (store            ) [ 000]
br_ln169              (br               ) [ 000]
store_ln169           (store            ) [ 000]
br_ln169              (br               ) [ 000]
store_ln169           (store            ) [ 000]
br_ln169              (br               ) [ 000]
store_ln169           (store            ) [ 000]
br_ln169              (br               ) [ 000]
store_ln169           (store            ) [ 000]
br_ln169              (br               ) [ 000]
store_ln169           (store            ) [ 000]
br_ln169              (br               ) [ 000]
store_ln169           (store            ) [ 000]
br_ln169              (br               ) [ 000]
store_ln169           (store            ) [ 000]
br_ln169              (br               ) [ 000]
store_ln169           (store            ) [ 000]
br_ln169              (br               ) [ 000]
store_ln169           (store            ) [ 000]
br_ln169              (br               ) [ 000]
store_ln169           (store            ) [ 000]
br_ln169              (br               ) [ 000]
store_ln169           (store            ) [ 000]
br_ln169              (br               ) [ 000]
store_ln169           (store            ) [ 000]
br_ln169              (br               ) [ 000]
store_ln169           (store            ) [ 000]
br_ln169              (br               ) [ 000]
switch_ln169          (switch           ) [ 000]
store_ln169           (store            ) [ 000]
br_ln169              (br               ) [ 000]
store_ln169           (store            ) [ 000]
br_ln169              (br               ) [ 000]
store_ln169           (store            ) [ 000]
br_ln169              (br               ) [ 000]
store_ln169           (store            ) [ 000]
br_ln169              (br               ) [ 000]
store_ln169           (store            ) [ 000]
br_ln169              (br               ) [ 000]
store_ln169           (store            ) [ 000]
br_ln169              (br               ) [ 000]
store_ln169           (store            ) [ 000]
br_ln169              (br               ) [ 000]
store_ln169           (store            ) [ 000]
br_ln169              (br               ) [ 000]
store_ln169           (store            ) [ 000]
br_ln169              (br               ) [ 000]
store_ln169           (store            ) [ 000]
br_ln169              (br               ) [ 000]
store_ln169           (store            ) [ 000]
br_ln169              (br               ) [ 000]
store_ln169           (store            ) [ 000]
br_ln169              (br               ) [ 000]
store_ln169           (store            ) [ 000]
br_ln169              (br               ) [ 000]
store_ln169           (store            ) [ 000]
br_ln169              (br               ) [ 000]
store_ln169           (store            ) [ 000]
br_ln169              (br               ) [ 000]
store_ln169           (store            ) [ 000]
br_ln169              (br               ) [ 000]
store_ln169           (store            ) [ 000]
br_ln169              (br               ) [ 000]
store_ln169           (store            ) [ 000]
br_ln169              (br               ) [ 000]
store_ln169           (store            ) [ 000]
br_ln169              (br               ) [ 000]
store_ln169           (store            ) [ 000]
br_ln169              (br               ) [ 000]
store_ln169           (store            ) [ 000]
br_ln169              (br               ) [ 000]
store_ln169           (store            ) [ 000]
br_ln169              (br               ) [ 000]
store_ln169           (store            ) [ 000]
br_ln169              (br               ) [ 000]
store_ln169           (store            ) [ 000]
br_ln169              (br               ) [ 000]
store_ln169           (store            ) [ 000]
br_ln169              (br               ) [ 000]
store_ln169           (store            ) [ 000]
br_ln169              (br               ) [ 000]
store_ln169           (store            ) [ 000]
br_ln169              (br               ) [ 000]
store_ln169           (store            ) [ 000]
br_ln169              (br               ) [ 000]
store_ln169           (store            ) [ 000]
br_ln169              (br               ) [ 000]
store_ln169           (store            ) [ 000]
br_ln169              (br               ) [ 000]
store_ln169           (store            ) [ 000]
br_ln169              (br               ) [ 000]
store_ln169           (store            ) [ 000]
br_ln169              (br               ) [ 000]
store_ln169           (store            ) [ 000]
br_ln169              (br               ) [ 000]
store_ln169           (store            ) [ 000]
br_ln169              (br               ) [ 000]
store_ln169           (store            ) [ 000]
br_ln169              (br               ) [ 000]
store_ln169           (store            ) [ 000]
br_ln169              (br               ) [ 000]
ret_ln0               (ret              ) [ 000]
</LifeTime>

<model>

<comp_list>
<comp id="0" class="1000" name="correction">
<pin_list>
<pin id="1" dir="1" index="0" bw="1" slack="0"/>
</pin_list>
<bind>
<StgValue><ssdm name="correction"/><MemPortTyVec>0 3 </MemPortTyVec>
</StgValue>
</bind>
</comp>

<comp id="2" class="1000" name="correction_1">
<pin_list>
<pin id="3" dir="1" index="0" bw="1" slack="0"/>
</pin_list>
<bind>
<StgValue><ssdm name="correction_1"/><MemPortTyVec>0 3 </MemPortTyVec>
</StgValue>
</bind>
</comp>

<comp id="4" class="1000" name="correction_2">
<pin_list>
<pin id="5" dir="1" index="0" bw="1" slack="0"/>
</pin_list>
<bind>
<StgValue><ssdm name="correction_2"/><MemPortTyVec>0 3 </MemPortTyVec>
</StgValue>
</bind>
</comp>

<comp id="6" class="1000" name="correction_3">
<pin_list>
<pin id="7" dir="1" index="0" bw="1" slack="0"/>
</pin_list>
<bind>
<StgValue><ssdm name="correction_3"/><MemPortTyVec>0 3 </MemPortTyVec>
</StgValue>
</bind>
</comp>

<comp id="8" class="1000" name="correction_4">
<pin_list>
<pin id="9" dir="1" index="0" bw="1" slack="0"/>
</pin_list>
<bind>
<StgValue><ssdm name="correction_4"/><MemPortTyVec>0 3 </MemPortTyVec>
</StgValue>
</bind>
</comp>

<comp id="10" class="1000" name="correction_5">
<pin_list>
<pin id="11" dir="1" index="0" bw="1" slack="0"/>
</pin_list>
<bind>
<StgValue><ssdm name="correction_5"/><MemPortTyVec>0 3 </MemPortTyVec>
</StgValue>
</bind>
</comp>

<comp id="12" class="1000" name="correction_6">
<pin_list>
<pin id="13" dir="1" index="0" bw="1" slack="0"/>
</pin_list>
<bind>
<StgValue><ssdm name="correction_6"/><MemPortTyVec>0 3 </MemPortTyVec>
</StgValue>
</bind>
</comp>

<comp id="14" class="1000" name="correction_7">
<pin_list>
<pin id="15" dir="1" index="0" bw="1" slack="0"/>
</pin_list>
<bind>
<StgValue><ssdm name="correction_7"/><MemPortTyVec>0 3 </MemPortTyVec>
</StgValue>
</bind>
</comp>

<comp id="16" class="1000" name="correction_8">
<pin_list>
<pin id="17" dir="1" index="0" bw="1" slack="0"/>
</pin_list>
<bind>
<StgValue><ssdm name="correction_8"/><MemPortTyVec>0 3 </MemPortTyVec>
</StgValue>
</bind>
</comp>

<comp id="18" class="1000" name="correction_9">
<pin_list>
<pin id="19" dir="1" index="0" bw="1" slack="0"/>
</pin_list>
<bind>
<StgValue><ssdm name="correction_9"/><MemPortTyVec>0 3 </MemPortTyVec>
</StgValue>
</bind>
</comp>

<comp id="20" class="1000" name="correction_10">
<pin_list>
<pin id="21" dir="1" index="0" bw="1" slack="0"/>
</pin_list>
<bind>
<StgValue><ssdm name="correction_10"/><MemPortTyVec>0 3 </MemPortTyVec>
</StgValue>
</bind>
</comp>

<comp id="22" class="1000" name="correction_11">
<pin_list>
<pin id="23" dir="1" index="0" bw="1" slack="0"/>
</pin_list>
<bind>
<StgValue><ssdm name="correction_11"/><MemPortTyVec>0 3 </MemPortTyVec>
</StgValue>
</bind>
</comp>

<comp id="24" class="1000" name="correction_12">
<pin_list>
<pin id="25" dir="1" index="0" bw="1" slack="0"/>
</pin_list>
<bind>
<StgValue><ssdm name="correction_12"/><MemPortTyVec>0 3 </MemPortTyVec>
</StgValue>
</bind>
</comp>

<comp id="26" class="1000" name="correction_13">
<pin_list>
<pin id="27" dir="1" index="0" bw="1" slack="0"/>
</pin_list>
<bind>
<StgValue><ssdm name="correction_13"/><MemPortTyVec>0 3 </MemPortTyVec>
</StgValue>
</bind>
</comp>

<comp id="28" class="1000" name="correction_14">
<pin_list>
<pin id="29" dir="1" index="0" bw="1" slack="0"/>
</pin_list>
<bind>
<StgValue><ssdm name="correction_14"/><MemPortTyVec>0 3 </MemPortTyVec>
</StgValue>
</bind>
</comp>

<comp id="30" class="1000" name="correction_15">
<pin_list>
<pin id="31" dir="1" index="0" bw="1" slack="0"/>
</pin_list>
<bind>
<StgValue><ssdm name="correction_15"/><MemPortTyVec>0 3 </MemPortTyVec>
</StgValue>
</bind>
</comp>

<comp id="32" class="1000" name="correction_16">
<pin_list>
<pin id="33" dir="1" index="0" bw="1" slack="0"/>
</pin_list>
<bind>
<StgValue><ssdm name="correction_16"/><MemPortTyVec>0 3 </MemPortTyVec>
</StgValue>
</bind>
</comp>

<comp id="34" class="1000" name="correction_17">
<pin_list>
<pin id="35" dir="1" index="0" bw="1" slack="0"/>
</pin_list>
<bind>
<StgValue><ssdm name="correction_17"/><MemPortTyVec>0 3 </MemPortTyVec>
</StgValue>
</bind>
</comp>

<comp id="36" class="1000" name="correction_18">
<pin_list>
<pin id="37" dir="1" index="0" bw="1" slack="0"/>
</pin_list>
<bind>
<StgValue><ssdm name="correction_18"/><MemPortTyVec>0 3 </MemPortTyVec>
</StgValue>
</bind>
</comp>

<comp id="38" class="1000" name="correction_19">
<pin_list>
<pin id="39" dir="1" index="0" bw="1" slack="0"/>
</pin_list>
<bind>
<StgValue><ssdm name="correction_19"/><MemPortTyVec>0 3 </MemPortTyVec>
</StgValue>
</bind>
</comp>

<comp id="40" class="1000" name="correction_20">
<pin_list>
<pin id="41" dir="1" index="0" bw="1" slack="0"/>
</pin_list>
<bind>
<StgValue><ssdm name="correction_20"/><MemPortTyVec>0 3 </MemPortTyVec>
</StgValue>
</bind>
</comp>

<comp id="42" class="1000" name="correction_21">
<pin_list>
<pin id="43" dir="1" index="0" bw="1" slack="0"/>
</pin_list>
<bind>
<StgValue><ssdm name="correction_21"/><MemPortTyVec>0 3 </MemPortTyVec>
</StgValue>
</bind>
</comp>

<comp id="44" class="1000" name="correction_22">
<pin_list>
<pin id="45" dir="1" index="0" bw="1" slack="0"/>
</pin_list>
<bind>
<StgValue><ssdm name="correction_22"/><MemPortTyVec>0 3 </MemPortTyVec>
</StgValue>
</bind>
</comp>

<comp id="46" class="1000" name="correction_23">
<pin_list>
<pin id="47" dir="1" index="0" bw="1" slack="0"/>
</pin_list>
<bind>
<StgValue><ssdm name="correction_23"/><MemPortTyVec>0 3 </MemPortTyVec>
</StgValue>
</bind>
</comp>

<comp id="48" class="1000" name="correction_24">
<pin_list>
<pin id="49" dir="1" index="0" bw="1" slack="0"/>
</pin_list>
<bind>
<StgValue><ssdm name="correction_24"/><MemPortTyVec>0 3 </MemPortTyVec>
</StgValue>
</bind>
</comp>

<comp id="50" class="1000" name="correction_25">
<pin_list>
<pin id="51" dir="1" index="0" bw="1" slack="0"/>
</pin_list>
<bind>
<StgValue><ssdm name="correction_25"/><MemPortTyVec>0 3 </MemPortTyVec>
</StgValue>
</bind>
</comp>

<comp id="52" class="1000" name="correction_26">
<pin_list>
<pin id="53" dir="1" index="0" bw="1" slack="0"/>
</pin_list>
<bind>
<StgValue><ssdm name="correction_26"/><MemPortTyVec>0 3 </MemPortTyVec>
</StgValue>
</bind>
</comp>

<comp id="54" class="1000" name="correction_27">
<pin_list>
<pin id="55" dir="1" index="0" bw="1" slack="0"/>
</pin_list>
<bind>
<StgValue><ssdm name="correction_27"/><MemPortTyVec>0 3 </MemPortTyVec>
</StgValue>
</bind>
</comp>

<comp id="56" class="1000" name="correction_28">
<pin_list>
<pin id="57" dir="1" index="0" bw="1" slack="0"/>
</pin_list>
<bind>
<StgValue><ssdm name="correction_28"/><MemPortTyVec>0 3 </MemPortTyVec>
</StgValue>
</bind>
</comp>

<comp id="58" class="1000" name="correction_29">
<pin_list>
<pin id="59" dir="1" index="0" bw="1" slack="0"/>
</pin_list>
<bind>
<StgValue><ssdm name="correction_29"/><MemPortTyVec>0 3 </MemPortTyVec>
</StgValue>
</bind>
</comp>

<comp id="60" class="1000" name="correction_30">
<pin_list>
<pin id="61" dir="1" index="0" bw="1" slack="0"/>
</pin_list>
<bind>
<StgValue><ssdm name="correction_30"/><MemPortTyVec>0 3 </MemPortTyVec>
</StgValue>
</bind>
</comp>

<comp id="62" class="1000" name="correction_31">
<pin_list>
<pin id="63" dir="1" index="0" bw="1" slack="0"/>
</pin_list>
<bind>
<StgValue><ssdm name="correction_31"/><MemPortTyVec>0 3 </MemPortTyVec>
</StgValue>
</bind>
</comp>

<comp id="64" class="1000" name="correction_32">
<pin_list>
<pin id="65" dir="1" index="0" bw="1" slack="0"/>
</pin_list>
<bind>
<StgValue><ssdm name="correction_32"/><MemPortTyVec>0 3 </MemPortTyVec>
</StgValue>
</bind>
</comp>

<comp id="66" class="1000" name="correction_33">
<pin_list>
<pin id="67" dir="1" index="0" bw="1" slack="0"/>
</pin_list>
<bind>
<StgValue><ssdm name="correction_33"/><MemPortTyVec>0 3 </MemPortTyVec>
</StgValue>
</bind>
</comp>

<comp id="68" class="1000" name="correction_34">
<pin_list>
<pin id="69" dir="1" index="0" bw="1" slack="0"/>
</pin_list>
<bind>
<StgValue><ssdm name="correction_34"/><MemPortTyVec>0 3 </MemPortTyVec>
</StgValue>
</bind>
</comp>

<comp id="70" class="1000" name="correction_35">
<pin_list>
<pin id="71" dir="1" index="0" bw="1" slack="0"/>
</pin_list>
<bind>
<StgValue><ssdm name="correction_35"/><MemPortTyVec>0 3 </MemPortTyVec>
</StgValue>
</bind>
</comp>

<comp id="72" class="1000" name="correction_36">
<pin_list>
<pin id="73" dir="1" index="0" bw="1" slack="0"/>
</pin_list>
<bind>
<StgValue><ssdm name="correction_36"/><MemPortTyVec>0 3 </MemPortTyVec>
</StgValue>
</bind>
</comp>

<comp id="74" class="1000" name="correction_37">
<pin_list>
<pin id="75" dir="1" index="0" bw="1" slack="0"/>
</pin_list>
<bind>
<StgValue><ssdm name="correction_37"/><MemPortTyVec>0 3 </MemPortTyVec>
</StgValue>
</bind>
</comp>

<comp id="76" class="1000" name="correction_38">
<pin_list>
<pin id="77" dir="1" index="0" bw="1" slack="0"/>
</pin_list>
<bind>
<StgValue><ssdm name="correction_38"/><MemPortTyVec>0 3 </MemPortTyVec>
</StgValue>
</bind>
</comp>

<comp id="78" class="1000" name="correction_39">
<pin_list>
<pin id="79" dir="1" index="0" bw="1" slack="0"/>
</pin_list>
<bind>
<StgValue><ssdm name="correction_39"/><MemPortTyVec>0 3 </MemPortTyVec>
</StgValue>
</bind>
</comp>

<comp id="80" class="1000" name="correction_40">
<pin_list>
<pin id="81" dir="1" index="0" bw="1" slack="0"/>
</pin_list>
<bind>
<StgValue><ssdm name="correction_40"/><MemPortTyVec>0 3 </MemPortTyVec>
</StgValue>
</bind>
</comp>

<comp id="82" class="1000" name="correction_41">
<pin_list>
<pin id="83" dir="1" index="0" bw="1" slack="0"/>
</pin_list>
<bind>
<StgValue><ssdm name="correction_41"/><MemPortTyVec>0 3 </MemPortTyVec>
</StgValue>
</bind>
</comp>

<comp id="84" class="1000" name="correction_42">
<pin_list>
<pin id="85" dir="1" index="0" bw="1" slack="0"/>
</pin_list>
<bind>
<StgValue><ssdm name="correction_42"/><MemPortTyVec>0 3 </MemPortTyVec>
</StgValue>
</bind>
</comp>

<comp id="86" class="1000" name="correction_43">
<pin_list>
<pin id="87" dir="1" index="0" bw="1" slack="0"/>
</pin_list>
<bind>
<StgValue><ssdm name="correction_43"/><MemPortTyVec>0 3 </MemPortTyVec>
</StgValue>
</bind>
</comp>

<comp id="88" class="1000" name="correction_44">
<pin_list>
<pin id="89" dir="1" index="0" bw="1" slack="0"/>
</pin_list>
<bind>
<StgValue><ssdm name="correction_44"/><MemPortTyVec>0 3 </MemPortTyVec>
</StgValue>
</bind>
</comp>

<comp id="90" class="1000" name="correction_45">
<pin_list>
<pin id="91" dir="1" index="0" bw="1" slack="0"/>
</pin_list>
<bind>
<StgValue><ssdm name="correction_45"/><MemPortTyVec>0 3 </MemPortTyVec>
</StgValue>
</bind>
</comp>

<comp id="92" class="1000" name="correction_46">
<pin_list>
<pin id="93" dir="1" index="0" bw="1" slack="0"/>
</pin_list>
<bind>
<StgValue><ssdm name="correction_46"/><MemPortTyVec>0 3 </MemPortTyVec>
</StgValue>
</bind>
</comp>

<comp id="94" class="1000" name="correction_47">
<pin_list>
<pin id="95" dir="1" index="0" bw="1" slack="0"/>
</pin_list>
<bind>
<StgValue><ssdm name="correction_47"/><MemPortTyVec>0 3 </MemPortTyVec>
</StgValue>
</bind>
</comp>

<comp id="96" class="1000" name="correction_48">
<pin_list>
<pin id="97" dir="1" index="0" bw="1" slack="0"/>
</pin_list>
<bind>
<StgValue><ssdm name="correction_48"/><MemPortTyVec>0 3 </MemPortTyVec>
</StgValue>
</bind>
</comp>

<comp id="98" class="1000" name="correction_49">
<pin_list>
<pin id="99" dir="1" index="0" bw="1" slack="0"/>
</pin_list>
<bind>
<StgValue><ssdm name="correction_49"/><MemPortTyVec>0 3 </MemPortTyVec>
</StgValue>
</bind>
</comp>

<comp id="100" class="1000" name="correction_50">
<pin_list>
<pin id="101" dir="1" index="0" bw="1" slack="0"/>
</pin_list>
<bind>
<StgValue><ssdm name="correction_50"/><MemPortTyVec>0 3 </MemPortTyVec>
</StgValue>
</bind>
</comp>

<comp id="102" class="1000" name="correction_51">
<pin_list>
<pin id="103" dir="1" index="0" bw="1" slack="0"/>
</pin_list>
<bind>
<StgValue><ssdm name="correction_51"/><MemPortTyVec>0 3 </MemPortTyVec>
</StgValue>
</bind>
</comp>

<comp id="104" class="1000" name="correction_52">
<pin_list>
<pin id="105" dir="1" index="0" bw="1" slack="0"/>
</pin_list>
<bind>
<StgValue><ssdm name="correction_52"/><MemPortTyVec>0 3 </MemPortTyVec>
</StgValue>
</bind>
</comp>

<comp id="106" class="1000" name="correction_53">
<pin_list>
<pin id="107" dir="1" index="0" bw="1" slack="0"/>
</pin_list>
<bind>
<StgValue><ssdm name="correction_53"/><MemPortTyVec>0 3 </MemPortTyVec>
</StgValue>
</bind>
</comp>

<comp id="108" class="1000" name="correction_54">
<pin_list>
<pin id="109" dir="1" index="0" bw="1" slack="0"/>
</pin_list>
<bind>
<StgValue><ssdm name="correction_54"/><MemPortTyVec>0 3 </MemPortTyVec>
</StgValue>
</bind>
</comp>

<comp id="110" class="1000" name="correction_55">
<pin_list>
<pin id="111" dir="1" index="0" bw="1" slack="0"/>
</pin_list>
<bind>
<StgValue><ssdm name="correction_55"/><MemPortTyVec>0 3 </MemPortTyVec>
</StgValue>
</bind>
</comp>

<comp id="112" class="1000" name="correction_56">
<pin_list>
<pin id="113" dir="1" index="0" bw="1" slack="0"/>
</pin_list>
<bind>
<StgValue><ssdm name="correction_56"/><MemPortTyVec>0 3 </MemPortTyVec>
</StgValue>
</bind>
</comp>

<comp id="114" class="1000" name="correction_57">
<pin_list>
<pin id="115" dir="1" index="0" bw="1" slack="0"/>
</pin_list>
<bind>
<StgValue><ssdm name="correction_57"/><MemPortTyVec>0 3 </MemPortTyVec>
</StgValue>
</bind>
</comp>

<comp id="116" class="1000" name="correction_58">
<pin_list>
<pin id="117" dir="1" index="0" bw="1" slack="0"/>
</pin_list>
<bind>
<StgValue><ssdm name="correction_58"/><MemPortTyVec>0 3 </MemPortTyVec>
</StgValue>
</bind>
</comp>

<comp id="118" class="1000" name="correction_59">
<pin_list>
<pin id="119" dir="1" index="0" bw="1" slack="0"/>
</pin_list>
<bind>
<StgValue><ssdm name="correction_59"/><MemPortTyVec>0 3 </MemPortTyVec>
</StgValue>
</bind>
</comp>

<comp id="120" class="1000" name="correction_60">
<pin_list>
<pin id="121" dir="1" index="0" bw="1" slack="0"/>
</pin_list>
<bind>
<StgValue><ssdm name="correction_60"/><MemPortTyVec>0 3 </MemPortTyVec>
</StgValue>
</bind>
</comp>

<comp id="122" class="1000" name="correction_61">
<pin_list>
<pin id="123" dir="1" index="0" bw="1" slack="0"/>
</pin_list>
<bind>
<StgValue><ssdm name="correction_61"/><MemPortTyVec>0 3 </MemPortTyVec>
</StgValue>
</bind>
</comp>

<comp id="124" class="1000" name="correction_62">
<pin_list>
<pin id="125" dir="1" index="0" bw="1" slack="0"/>
</pin_list>
<bind>
<StgValue><ssdm name="correction_62"/><MemPortTyVec>0 3 </MemPortTyVec>
</StgValue>
</bind>
</comp>

<comp id="126" class="1000" name="correction_63">
<pin_list>
<pin id="127" dir="1" index="0" bw="1" slack="0"/>
</pin_list>
<bind>
<StgValue><ssdm name="correction_63"/><MemPortTyVec>0 3 </MemPortTyVec>
</StgValue>
</bind>
</comp>

<comp id="128" class="1000" name="correction_64">
<pin_list>
<pin id="129" dir="1" index="0" bw="1" slack="0"/>
</pin_list>
<bind>
<StgValue><ssdm name="correction_64"/><MemPortTyVec>0 3 </MemPortTyVec>
</StgValue>
</bind>
</comp>

<comp id="130" class="1000" name="correction_65">
<pin_list>
<pin id="131" dir="1" index="0" bw="1" slack="0"/>
</pin_list>
<bind>
<StgValue><ssdm name="correction_65"/><MemPortTyVec>0 3 </MemPortTyVec>
</StgValue>
</bind>
</comp>

<comp id="132" class="1000" name="correction_66">
<pin_list>
<pin id="133" dir="1" index="0" bw="1" slack="0"/>
</pin_list>
<bind>
<StgValue><ssdm name="correction_66"/><MemPortTyVec>0 3 </MemPortTyVec>
</StgValue>
</bind>
</comp>

<comp id="134" class="1000" name="correction_67">
<pin_list>
<pin id="135" dir="1" index="0" bw="1" slack="0"/>
</pin_list>
<bind>
<StgValue><ssdm name="correction_67"/><MemPortTyVec>0 3 </MemPortTyVec>
</StgValue>
</bind>
</comp>

<comp id="136" class="1000" name="correction_68">
<pin_list>
<pin id="137" dir="1" index="0" bw="1" slack="0"/>
</pin_list>
<bind>
<StgValue><ssdm name="correction_68"/><MemPortTyVec>0 3 </MemPortTyVec>
</StgValue>
</bind>
</comp>

<comp id="138" class="1000" name="correction_69">
<pin_list>
<pin id="139" dir="1" index="0" bw="1" slack="0"/>
</pin_list>
<bind>
<StgValue><ssdm name="correction_69"/><MemPortTyVec>0 3 </MemPortTyVec>
</StgValue>
</bind>
</comp>

<comp id="140" class="1000" name="correction_70">
<pin_list>
<pin id="141" dir="1" index="0" bw="1" slack="0"/>
</pin_list>
<bind>
<StgValue><ssdm name="correction_70"/><MemPortTyVec>0 3 </MemPortTyVec>
</StgValue>
</bind>
</comp>

<comp id="142" class="1000" name="correction_71">
<pin_list>
<pin id="143" dir="1" index="0" bw="1" slack="0"/>
</pin_list>
<bind>
<StgValue><ssdm name="correction_71"/><MemPortTyVec>0 3 </MemPortTyVec>
</StgValue>
</bind>
</comp>

<comp id="144" class="1001" name="const_144">
<pin_list>
<pin id="145" dir="1" index="0" bw="1" slack="0"/>
</pin_list>
<bind>
<StgValue><ssdm name=""/></StgValue>
</bind>
</comp>

<comp id="146" class="1001" name="const_146">
<pin_list>
<pin id="147" dir="1" index="0" bw="1" slack="0"/>
</pin_list>
<bind>
<StgValue><ssdm name=""/></StgValue>
</bind>
</comp>

<comp id="148" class="1001" name="const_148">
<pin_list>
<pin id="149" dir="1" index="0" bw="1" slack="0"/>
</pin_list>
<bind>
<StgValue><ssdm name=""/></StgValue>
</bind>
</comp>

<comp id="150" class="1001" name="const_150">
<pin_list>
<pin id="151" dir="1" index="0" bw="1" slack="0"/>
</pin_list>
<bind>
<StgValue><ssdm name=""/></StgValue>
</bind>
</comp>

<comp id="152" class="1001" name="const_152">
<pin_list>
<pin id="153" dir="1" index="0" bw="1" slack="0"/>
</pin_list>
<bind>
<StgValue><ssdm name=""/></StgValue>
</bind>
</comp>

<comp id="154" class="1001" name="const_154">
<pin_list>
<pin id="155" dir="1" index="0" bw="1" slack="0"/>
</pin_list>
<bind>
<StgValue><ssdm name=""/></StgValue>
</bind>
</comp>

<comp id="156" class="1001" name="const_156">
<pin_list>
<pin id="157" dir="1" index="0" bw="1" slack="0"/>
</pin_list>
<bind>
<StgValue><ssdm name=""/></StgValue>
</bind>
</comp>

<comp id="158" class="1001" name="const_158">
<pin_list>
<pin id="159" dir="1" index="0" bw="1" slack="0"/>
</pin_list>
<bind>
<StgValue><ssdm name=""/></StgValue>
</bind>
</comp>

<comp id="160" class="1001" name="const_160">
<pin_list>
<pin id="161" dir="1" index="0" bw="1" slack="0"/>
</pin_list>
<bind>
<StgValue><ssdm name=""/></StgValue>
</bind>
</comp>

<comp id="162" class="1001" name="const_162">
<pin_list>
<pin id="163" dir="1" index="0" bw="1" slack="0"/>
</pin_list>
<bind>
<StgValue><ssdm name=""/></StgValue>
</bind>
</comp>

<comp id="164" class="1001" name="const_164">
<pin_list>
<pin id="165" dir="1" index="0" bw="1" slack="0"/>
</pin_list>
<bind>
<StgValue><ssdm name="_ssdm_op_PartSelect.i2.i3.i32.i32"/></StgValue>
</bind>
</comp>

<comp id="166" class="1001" name="const_166">
<pin_list>
<pin id="167" dir="1" index="0" bw="1" slack="0"/>
</pin_list>
<bind>
<StgValue><ssdm name=""/></StgValue>
</bind>
</comp>

<comp id="168" class="1001" name="const_168">
<pin_list>
<pin id="169" dir="1" index="0" bw="1" slack="2147483647"/>
</pin_list>
<bind>
<StgValue><ssdm name=""/></StgValue>
</bind>
</comp>

<comp id="170" class="1001" name="const_170">
<pin_list>
<pin id="171" dir="1" index="0" bw="1" slack="2147483647"/>
</pin_list>
<bind>
<StgValue><ssdm name=""/></StgValue>
</bind>
</comp>

<comp id="172" class="1001" name="const_172">
<pin_list>
<pin id="173" dir="1" index="0" bw="1" slack="2147483647"/>
</pin_list>
<bind>
<StgValue><ssdm name=""/></StgValue>
</bind>
</comp>

<comp id="174" class="1001" name="const_174">
<pin_list>
<pin id="175" dir="1" index="0" bw="1" slack="0"/>
</pin_list>
<bind>
<StgValue><ssdm name=""/></StgValue>
</bind>
</comp>

<comp id="176" class="1001" name="const_176">
<pin_list>
<pin id="177" dir="1" index="0" bw="1" slack="2147483647"/>
</pin_list>
<bind>
<StgValue><ssdm name="_ssdm_op_SpecLoopName"/></StgValue>
</bind>
</comp>

<comp id="178" class="1001" name="const_178">
<pin_list>
<pin id="179" dir="1" index="0" bw="1" slack="2147483647"/>
</pin_list>
<bind>
<StgValue><ssdm name="INIT_VITIS_LOOP_167_1_VITIS_LOOP_168_2_str"/></StgValue>
</bind>
</comp>

<comp id="180" class="1001" name="const_180">
<pin_list>
<pin id="181" dir="1" index="0" bw="1" slack="2147483647"/>
</pin_list>
<bind>
<StgValue><ssdm name="_ssdm_op_SpecLoopTripCount"/></StgValue>
</bind>
</comp>

<comp id="182" class="1001" name="const_182">
<pin_list>
<pin id="183" dir="1" index="0" bw="1" slack="2147483647"/>
</pin_list>
<bind>
<StgValue><ssdm name=""/></StgValue>
</bind>
</comp>

<comp id="184" class="1001" name="const_184">
<pin_list>
<pin id="185" dir="1" index="0" bw="1" slack="0"/>
</pin_list>
<bind>
<StgValue><ssdm name=""/></StgValue>
</bind>
</comp>

<comp id="186" class="1001" name="const_186">
<pin_list>
<pin id="187" dir="1" index="0" bw="1" slack="2147483647"/>
</pin_list>
<bind>
<StgValue><ssdm name="_ssdm_op_SpecPipeline"/></StgValue>
</bind>
</comp>

<comp id="188" class="1001" name="const_188">
<pin_list>
<pin id="189" dir="1" index="0" bw="1" slack="2147483647"/>
</pin_list>
<bind>
<StgValue><ssdm name=""/></StgValue>
</bind>
</comp>

<comp id="190" class="1001" name="const_190">
<pin_list>
<pin id="191" dir="1" index="0" bw="1" slack="2147483647"/>
</pin_list>
<bind>
<StgValue><ssdm name=""/></StgValue>
</bind>
</comp>

<comp id="192" class="1001" name="const_192">
<pin_list>
<pin id="193" dir="1" index="0" bw="1" slack="2147483647"/>
</pin_list>
<bind>
<StgValue><ssdm name="empty_5"/></StgValue>
</bind>
</comp>

<comp id="194" class="1001" name="const_194">
<pin_list>
<pin id="195" dir="1" index="0" bw="1" slack="0"/>
</pin_list>
<bind>
<StgValue><ssdm name=""/></StgValue>
</bind>
</comp>

<comp id="196" class="1004" name="x_fu_196">
<pin_list>
<pin id="197" dir="0" index="0" bw="1" slack="0"/>
<pin id="198" dir="1" index="1" bw="3" slack="0"/>
</pin_list>
<bind>
<opcode="alloca(26) " fcode="alloca"/>
<opset="x/1 "/>
</bind>
</comp>

<comp id="200" class="1004" name="y_fu_200">
<pin_list>
<pin id="201" dir="0" index="0" bw="1" slack="0"/>
<pin id="202" dir="1" index="1" bw="3" slack="0"/>
</pin_list>
<bind>
<opcode="alloca(26) " fcode="alloca"/>
<opset="y/1 "/>
</bind>
</comp>

<comp id="204" class="1004" name="indvar_flatten_fu_204">
<pin_list>
<pin id="205" dir="0" index="0" bw="1" slack="0"/>
<pin id="206" dir="1" index="1" bw="6" slack="0"/>
</pin_list>
<bind>
<opcode="alloca(26) " fcode="alloca"/>
<opset="indvar_flatten/1 "/>
</bind>
</comp>

<comp id="208" class="1004" name="t_fu_208">
<pin_list>
<pin id="209" dir="0" index="0" bw="1" slack="0"/>
<pin id="210" dir="1" index="1" bw="3" slack="0"/>
</pin_list>
<bind>
<opcode="alloca(26) " fcode="alloca"/>
<opset="t/1 "/>
</bind>
</comp>

<comp id="212" class="1004" name="indvar_flatten12_fu_212">
<pin_list>
<pin id="213" dir="0" index="0" bw="1" slack="0"/>
<pin id="214" dir="1" index="1" bw="8" slack="0"/>
</pin_list>
<bind>
<opcode="alloca(26) " fcode="alloca"/>
<opset="indvar_flatten12/1 "/>
</bind>
</comp>

<comp id="216" class="1004" name="correction_addr_gep_fu_216">
<pin_list>
<pin id="217" dir="0" index="0" bw="1" slack="0"/>
<pin id="218" dir="0" index="1" bw="1" slack="0"/>
<pin id="219" dir="0" index="2" bw="2" slack="0"/>
<pin id="220" dir="1" index="3" bw="2" slack="0"/>
</pin_list>
<bind>
<opcode="getelementptr(29) " fcode="getelementptr"/>
<opset="correction_addr/2 "/>
</bind>
</comp>

<comp id="223" class="1004" name="correction_1_addr_gep_fu_223">
<pin_list>
<pin id="224" dir="0" index="0" bw="1" slack="0"/>
<pin id="225" dir="0" index="1" bw="1" slack="0"/>
<pin id="226" dir="0" index="2" bw="2" slack="0"/>
<pin id="227" dir="1" index="3" bw="2" slack="0"/>
</pin_list>
<bind>
<opcode="getelementptr(29) " fcode="getelementptr"/>
<opset="correction_1_addr/2 "/>
</bind>
</comp>

<comp id="230" class="1004" name="correction_2_addr_gep_fu_230">
<pin_list>
<pin id="231" dir="0" index="0" bw="1" slack="0"/>
<pin id="232" dir="0" index="1" bw="1" slack="0"/>
<pin id="233" dir="0" index="2" bw="2" slack="0"/>
<pin id="234" dir="1" index="3" bw="2" slack="0"/>
</pin_list>
<bind>
<opcode="getelementptr(29) " fcode="getelementptr"/>
<opset="correction_2_addr/2 "/>
</bind>
</comp>

<comp id="237" class="1004" name="correction_3_addr_gep_fu_237">
<pin_list>
<pin id="238" dir="0" index="0" bw="1" slack="0"/>
<pin id="239" dir="0" index="1" bw="1" slack="0"/>
<pin id="240" dir="0" index="2" bw="2" slack="0"/>
<pin id="241" dir="1" index="3" bw="2" slack="0"/>
</pin_list>
<bind>
<opcode="getelementptr(29) " fcode="getelementptr"/>
<opset="correction_3_addr/2 "/>
</bind>
</comp>

<comp id="244" class="1004" name="correction_4_addr_gep_fu_244">
<pin_list>
<pin id="245" dir="0" index="0" bw="1" slack="0"/>
<pin id="246" dir="0" index="1" bw="1" slack="0"/>
<pin id="247" dir="0" index="2" bw="2" slack="0"/>
<pin id="248" dir="1" index="3" bw="2" slack="0"/>
</pin_list>
<bind>
<opcode="getelementptr(29) " fcode="getelementptr"/>
<opset="correction_4_addr/2 "/>
</bind>
</comp>

<comp id="251" class="1004" name="correction_5_addr_gep_fu_251">
<pin_list>
<pin id="252" dir="0" index="0" bw="1" slack="0"/>
<pin id="253" dir="0" index="1" bw="1" slack="0"/>
<pin id="254" dir="0" index="2" bw="2" slack="0"/>
<pin id="255" dir="1" index="3" bw="2" slack="0"/>
</pin_list>
<bind>
<opcode="getelementptr(29) " fcode="getelementptr"/>
<opset="correction_5_addr/2 "/>
</bind>
</comp>

<comp id="258" class="1004" name="correction_6_addr_gep_fu_258">
<pin_list>
<pin id="259" dir="0" index="0" bw="1" slack="0"/>
<pin id="260" dir="0" index="1" bw="1" slack="0"/>
<pin id="261" dir="0" index="2" bw="2" slack="0"/>
<pin id="262" dir="1" index="3" bw="2" slack="0"/>
</pin_list>
<bind>
<opcode="getelementptr(29) " fcode="getelementptr"/>
<opset="correction_6_addr/2 "/>
</bind>
</comp>

<comp id="265" class="1004" name="correction_7_addr_gep_fu_265">
<pin_list>
<pin id="266" dir="0" index="0" bw="1" slack="0"/>
<pin id="267" dir="0" index="1" bw="1" slack="0"/>
<pin id="268" dir="0" index="2" bw="2" slack="0"/>
<pin id="269" dir="1" index="3" bw="2" slack="0"/>
</pin_list>
<bind>
<opcode="getelementptr(29) " fcode="getelementptr"/>
<opset="correction_7_addr/2 "/>
</bind>
</comp>

<comp id="272" class="1004" name="correction_8_addr_gep_fu_272">
<pin_list>
<pin id="273" dir="0" index="0" bw="1" slack="0"/>
<pin id="274" dir="0" index="1" bw="1" slack="0"/>
<pin id="275" dir="0" index="2" bw="2" slack="0"/>
<pin id="276" dir="1" index="3" bw="2" slack="0"/>
</pin_list>
<bind>
<opcode="getelementptr(29) " fcode="getelementptr"/>
<opset="correction_8_addr/2 "/>
</bind>
</comp>

<comp id="279" class="1004" name="correction_9_addr_gep_fu_279">
<pin_list>
<pin id="280" dir="0" index="0" bw="1" slack="0"/>
<pin id="281" dir="0" index="1" bw="1" slack="0"/>
<pin id="282" dir="0" index="2" bw="2" slack="0"/>
<pin id="283" dir="1" index="3" bw="2" slack="0"/>
</pin_list>
<bind>
<opcode="getelementptr(29) " fcode="getelementptr"/>
<opset="correction_9_addr/2 "/>
</bind>
</comp>

<comp id="286" class="1004" name="correction_10_addr_gep_fu_286">
<pin_list>
<pin id="287" dir="0" index="0" bw="1" slack="0"/>
<pin id="288" dir="0" index="1" bw="1" slack="0"/>
<pin id="289" dir="0" index="2" bw="2" slack="0"/>
<pin id="290" dir="1" index="3" bw="2" slack="0"/>
</pin_list>
<bind>
<opcode="getelementptr(29) " fcode="getelementptr"/>
<opset="correction_10_addr/2 "/>
</bind>
</comp>

<comp id="293" class="1004" name="correction_11_addr_gep_fu_293">
<pin_list>
<pin id="294" dir="0" index="0" bw="1" slack="0"/>
<pin id="295" dir="0" index="1" bw="1" slack="0"/>
<pin id="296" dir="0" index="2" bw="2" slack="0"/>
<pin id="297" dir="1" index="3" bw="2" slack="0"/>
</pin_list>
<bind>
<opcode="getelementptr(29) " fcode="getelementptr"/>
<opset="correction_11_addr/2 "/>
</bind>
</comp>

<comp id="300" class="1004" name="correction_12_addr_gep_fu_300">
<pin_list>
<pin id="301" dir="0" index="0" bw="1" slack="0"/>
<pin id="302" dir="0" index="1" bw="1" slack="0"/>
<pin id="303" dir="0" index="2" bw="2" slack="0"/>
<pin id="304" dir="1" index="3" bw="2" slack="0"/>
</pin_list>
<bind>
<opcode="getelementptr(29) " fcode="getelementptr"/>
<opset="correction_12_addr/2 "/>
</bind>
</comp>

<comp id="307" class="1004" name="correction_13_addr_gep_fu_307">
<pin_list>
<pin id="308" dir="0" index="0" bw="1" slack="0"/>
<pin id="309" dir="0" index="1" bw="1" slack="0"/>
<pin id="310" dir="0" index="2" bw="2" slack="0"/>
<pin id="311" dir="1" index="3" bw="2" slack="0"/>
</pin_list>
<bind>
<opcode="getelementptr(29) " fcode="getelementptr"/>
<opset="correction_13_addr/2 "/>
</bind>
</comp>

<comp id="314" class="1004" name="correction_14_addr_gep_fu_314">
<pin_list>
<pin id="315" dir="0" index="0" bw="1" slack="0"/>
<pin id="316" dir="0" index="1" bw="1" slack="0"/>
<pin id="317" dir="0" index="2" bw="2" slack="0"/>
<pin id="318" dir="1" index="3" bw="2" slack="0"/>
</pin_list>
<bind>
<opcode="getelementptr(29) " fcode="getelementptr"/>
<opset="correction_14_addr/2 "/>
</bind>
</comp>

<comp id="321" class="1004" name="correction_15_addr_gep_fu_321">
<pin_list>
<pin id="322" dir="0" index="0" bw="1" slack="0"/>
<pin id="323" dir="0" index="1" bw="1" slack="0"/>
<pin id="324" dir="0" index="2" bw="2" slack="0"/>
<pin id="325" dir="1" index="3" bw="2" slack="0"/>
</pin_list>
<bind>
<opcode="getelementptr(29) " fcode="getelementptr"/>
<opset="correction_15_addr/2 "/>
</bind>
</comp>

<comp id="328" class="1004" name="correction_16_addr_gep_fu_328">
<pin_list>
<pin id="329" dir="0" index="0" bw="1" slack="0"/>
<pin id="330" dir="0" index="1" bw="1" slack="0"/>
<pin id="331" dir="0" index="2" bw="2" slack="0"/>
<pin id="332" dir="1" index="3" bw="2" slack="0"/>
</pin_list>
<bind>
<opcode="getelementptr(29) " fcode="getelementptr"/>
<opset="correction_16_addr/2 "/>
</bind>
</comp>

<comp id="335" class="1004" name="correction_17_addr_gep_fu_335">
<pin_list>
<pin id="336" dir="0" index="0" bw="1" slack="0"/>
<pin id="337" dir="0" index="1" bw="1" slack="0"/>
<pin id="338" dir="0" index="2" bw="2" slack="0"/>
<pin id="339" dir="1" index="3" bw="2" slack="0"/>
</pin_list>
<bind>
<opcode="getelementptr(29) " fcode="getelementptr"/>
<opset="correction_17_addr/2 "/>
</bind>
</comp>

<comp id="342" class="1004" name="correction_18_addr_gep_fu_342">
<pin_list>
<pin id="343" dir="0" index="0" bw="1" slack="0"/>
<pin id="344" dir="0" index="1" bw="1" slack="0"/>
<pin id="345" dir="0" index="2" bw="2" slack="0"/>
<pin id="346" dir="1" index="3" bw="2" slack="0"/>
</pin_list>
<bind>
<opcode="getelementptr(29) " fcode="getelementptr"/>
<opset="correction_18_addr/2 "/>
</bind>
</comp>

<comp id="349" class="1004" name="correction_19_addr_gep_fu_349">
<pin_list>
<pin id="350" dir="0" index="0" bw="1" slack="0"/>
<pin id="351" dir="0" index="1" bw="1" slack="0"/>
<pin id="352" dir="0" index="2" bw="2" slack="0"/>
<pin id="353" dir="1" index="3" bw="2" slack="0"/>
</pin_list>
<bind>
<opcode="getelementptr(29) " fcode="getelementptr"/>
<opset="correction_19_addr/2 "/>
</bind>
</comp>

<comp id="356" class="1004" name="correction_20_addr_gep_fu_356">
<pin_list>
<pin id="357" dir="0" index="0" bw="1" slack="0"/>
<pin id="358" dir="0" index="1" bw="1" slack="0"/>
<pin id="359" dir="0" index="2" bw="2" slack="0"/>
<pin id="360" dir="1" index="3" bw="2" slack="0"/>
</pin_list>
<bind>
<opcode="getelementptr(29) " fcode="getelementptr"/>
<opset="correction_20_addr/2 "/>
</bind>
</comp>

<comp id="363" class="1004" name="correction_21_addr_gep_fu_363">
<pin_list>
<pin id="364" dir="0" index="0" bw="1" slack="0"/>
<pin id="365" dir="0" index="1" bw="1" slack="0"/>
<pin id="366" dir="0" index="2" bw="2" slack="0"/>
<pin id="367" dir="1" index="3" bw="2" slack="0"/>
</pin_list>
<bind>
<opcode="getelementptr(29) " fcode="getelementptr"/>
<opset="correction_21_addr/2 "/>
</bind>
</comp>

<comp id="370" class="1004" name="correction_22_addr_gep_fu_370">
<pin_list>
<pin id="371" dir="0" index="0" bw="1" slack="0"/>
<pin id="372" dir="0" index="1" bw="1" slack="0"/>
<pin id="373" dir="0" index="2" bw="2" slack="0"/>
<pin id="374" dir="1" index="3" bw="2" slack="0"/>
</pin_list>
<bind>
<opcode="getelementptr(29) " fcode="getelementptr"/>
<opset="correction_22_addr/2 "/>
</bind>
</comp>

<comp id="377" class="1004" name="correction_23_addr_gep_fu_377">
<pin_list>
<pin id="378" dir="0" index="0" bw="1" slack="0"/>
<pin id="379" dir="0" index="1" bw="1" slack="0"/>
<pin id="380" dir="0" index="2" bw="2" slack="0"/>
<pin id="381" dir="1" index="3" bw="2" slack="0"/>
</pin_list>
<bind>
<opcode="getelementptr(29) " fcode="getelementptr"/>
<opset="correction_23_addr/2 "/>
</bind>
</comp>

<comp id="384" class="1004" name="correction_24_addr_gep_fu_384">
<pin_list>
<pin id="385" dir="0" index="0" bw="1" slack="0"/>
<pin id="386" dir="0" index="1" bw="1" slack="0"/>
<pin id="387" dir="0" index="2" bw="2" slack="0"/>
<pin id="388" dir="1" index="3" bw="2" slack="0"/>
</pin_list>
<bind>
<opcode="getelementptr(29) " fcode="getelementptr"/>
<opset="correction_24_addr/2 "/>
</bind>
</comp>

<comp id="391" class="1004" name="correction_25_addr_gep_fu_391">
<pin_list>
<pin id="392" dir="0" index="0" bw="1" slack="0"/>
<pin id="393" dir="0" index="1" bw="1" slack="0"/>
<pin id="394" dir="0" index="2" bw="2" slack="0"/>
<pin id="395" dir="1" index="3" bw="2" slack="0"/>
</pin_list>
<bind>
<opcode="getelementptr(29) " fcode="getelementptr"/>
<opset="correction_25_addr/2 "/>
</bind>
</comp>

<comp id="398" class="1004" name="correction_26_addr_gep_fu_398">
<pin_list>
<pin id="399" dir="0" index="0" bw="1" slack="0"/>
<pin id="400" dir="0" index="1" bw="1" slack="0"/>
<pin id="401" dir="0" index="2" bw="2" slack="0"/>
<pin id="402" dir="1" index="3" bw="2" slack="0"/>
</pin_list>
<bind>
<opcode="getelementptr(29) " fcode="getelementptr"/>
<opset="correction_26_addr/2 "/>
</bind>
</comp>

<comp id="405" class="1004" name="correction_27_addr_gep_fu_405">
<pin_list>
<pin id="406" dir="0" index="0" bw="1" slack="0"/>
<pin id="407" dir="0" index="1" bw="1" slack="0"/>
<pin id="408" dir="0" index="2" bw="2" slack="0"/>
<pin id="409" dir="1" index="3" bw="2" slack="0"/>
</pin_list>
<bind>
<opcode="getelementptr(29) " fcode="getelementptr"/>
<opset="correction_27_addr/2 "/>
</bind>
</comp>

<comp id="412" class="1004" name="correction_28_addr_gep_fu_412">
<pin_list>
<pin id="413" dir="0" index="0" bw="1" slack="0"/>
<pin id="414" dir="0" index="1" bw="1" slack="0"/>
<pin id="415" dir="0" index="2" bw="2" slack="0"/>
<pin id="416" dir="1" index="3" bw="2" slack="0"/>
</pin_list>
<bind>
<opcode="getelementptr(29) " fcode="getelementptr"/>
<opset="correction_28_addr/2 "/>
</bind>
</comp>

<comp id="419" class="1004" name="correction_29_addr_gep_fu_419">
<pin_list>
<pin id="420" dir="0" index="0" bw="1" slack="0"/>
<pin id="421" dir="0" index="1" bw="1" slack="0"/>
<pin id="422" dir="0" index="2" bw="2" slack="0"/>
<pin id="423" dir="1" index="3" bw="2" slack="0"/>
</pin_list>
<bind>
<opcode="getelementptr(29) " fcode="getelementptr"/>
<opset="correction_29_addr/2 "/>
</bind>
</comp>

<comp id="426" class="1004" name="correction_30_addr_gep_fu_426">
<pin_list>
<pin id="427" dir="0" index="0" bw="1" slack="0"/>
<pin id="428" dir="0" index="1" bw="1" slack="0"/>
<pin id="429" dir="0" index="2" bw="2" slack="0"/>
<pin id="430" dir="1" index="3" bw="2" slack="0"/>
</pin_list>
<bind>
<opcode="getelementptr(29) " fcode="getelementptr"/>
<opset="correction_30_addr/2 "/>
</bind>
</comp>

<comp id="433" class="1004" name="correction_31_addr_gep_fu_433">
<pin_list>
<pin id="434" dir="0" index="0" bw="1" slack="0"/>
<pin id="435" dir="0" index="1" bw="1" slack="0"/>
<pin id="436" dir="0" index="2" bw="2" slack="0"/>
<pin id="437" dir="1" index="3" bw="2" slack="0"/>
</pin_list>
<bind>
<opcode="getelementptr(29) " fcode="getelementptr"/>
<opset="correction_31_addr/2 "/>
</bind>
</comp>

<comp id="440" class="1004" name="correction_32_addr_gep_fu_440">
<pin_list>
<pin id="441" dir="0" index="0" bw="1" slack="0"/>
<pin id="442" dir="0" index="1" bw="1" slack="0"/>
<pin id="443" dir="0" index="2" bw="2" slack="0"/>
<pin id="444" dir="1" index="3" bw="2" slack="0"/>
</pin_list>
<bind>
<opcode="getelementptr(29) " fcode="getelementptr"/>
<opset="correction_32_addr/2 "/>
</bind>
</comp>

<comp id="447" class="1004" name="correction_33_addr_gep_fu_447">
<pin_list>
<pin id="448" dir="0" index="0" bw="1" slack="0"/>
<pin id="449" dir="0" index="1" bw="1" slack="0"/>
<pin id="450" dir="0" index="2" bw="2" slack="0"/>
<pin id="451" dir="1" index="3" bw="2" slack="0"/>
</pin_list>
<bind>
<opcode="getelementptr(29) " fcode="getelementptr"/>
<opset="correction_33_addr/2 "/>
</bind>
</comp>

<comp id="454" class="1004" name="correction_34_addr_gep_fu_454">
<pin_list>
<pin id="455" dir="0" index="0" bw="1" slack="0"/>
<pin id="456" dir="0" index="1" bw="1" slack="0"/>
<pin id="457" dir="0" index="2" bw="2" slack="0"/>
<pin id="458" dir="1" index="3" bw="2" slack="0"/>
</pin_list>
<bind>
<opcode="getelementptr(29) " fcode="getelementptr"/>
<opset="correction_34_addr/2 "/>
</bind>
</comp>

<comp id="461" class="1004" name="correction_35_addr_gep_fu_461">
<pin_list>
<pin id="462" dir="0" index="0" bw="1" slack="0"/>
<pin id="463" dir="0" index="1" bw="1" slack="0"/>
<pin id="464" dir="0" index="2" bw="2" slack="0"/>
<pin id="465" dir="1" index="3" bw="2" slack="0"/>
</pin_list>
<bind>
<opcode="getelementptr(29) " fcode="getelementptr"/>
<opset="correction_35_addr/2 "/>
</bind>
</comp>

<comp id="468" class="1004" name="correction_36_addr_gep_fu_468">
<pin_list>
<pin id="469" dir="0" index="0" bw="1" slack="0"/>
<pin id="470" dir="0" index="1" bw="1" slack="0"/>
<pin id="471" dir="0" index="2" bw="2" slack="0"/>
<pin id="472" dir="1" index="3" bw="2" slack="0"/>
</pin_list>
<bind>
<opcode="getelementptr(29) " fcode="getelementptr"/>
<opset="correction_36_addr/2 "/>
</bind>
</comp>

<comp id="475" class="1004" name="correction_37_addr_gep_fu_475">
<pin_list>
<pin id="476" dir="0" index="0" bw="1" slack="0"/>
<pin id="477" dir="0" index="1" bw="1" slack="0"/>
<pin id="478" dir="0" index="2" bw="2" slack="0"/>
<pin id="479" dir="1" index="3" bw="2" slack="0"/>
</pin_list>
<bind>
<opcode="getelementptr(29) " fcode="getelementptr"/>
<opset="correction_37_addr/2 "/>
</bind>
</comp>

<comp id="482" class="1004" name="correction_38_addr_gep_fu_482">
<pin_list>
<pin id="483" dir="0" index="0" bw="1" slack="0"/>
<pin id="484" dir="0" index="1" bw="1" slack="0"/>
<pin id="485" dir="0" index="2" bw="2" slack="0"/>
<pin id="486" dir="1" index="3" bw="2" slack="0"/>
</pin_list>
<bind>
<opcode="getelementptr(29) " fcode="getelementptr"/>
<opset="correction_38_addr/2 "/>
</bind>
</comp>

<comp id="489" class="1004" name="correction_39_addr_gep_fu_489">
<pin_list>
<pin id="490" dir="0" index="0" bw="1" slack="0"/>
<pin id="491" dir="0" index="1" bw="1" slack="0"/>
<pin id="492" dir="0" index="2" bw="2" slack="0"/>
<pin id="493" dir="1" index="3" bw="2" slack="0"/>
</pin_list>
<bind>
<opcode="getelementptr(29) " fcode="getelementptr"/>
<opset="correction_39_addr/2 "/>
</bind>
</comp>

<comp id="496" class="1004" name="correction_40_addr_gep_fu_496">
<pin_list>
<pin id="497" dir="0" index="0" bw="1" slack="0"/>
<pin id="498" dir="0" index="1" bw="1" slack="0"/>
<pin id="499" dir="0" index="2" bw="2" slack="0"/>
<pin id="500" dir="1" index="3" bw="2" slack="0"/>
</pin_list>
<bind>
<opcode="getelementptr(29) " fcode="getelementptr"/>
<opset="correction_40_addr/2 "/>
</bind>
</comp>

<comp id="503" class="1004" name="correction_41_addr_gep_fu_503">
<pin_list>
<pin id="504" dir="0" index="0" bw="1" slack="0"/>
<pin id="505" dir="0" index="1" bw="1" slack="0"/>
<pin id="506" dir="0" index="2" bw="2" slack="0"/>
<pin id="507" dir="1" index="3" bw="2" slack="0"/>
</pin_list>
<bind>
<opcode="getelementptr(29) " fcode="getelementptr"/>
<opset="correction_41_addr/2 "/>
</bind>
</comp>

<comp id="510" class="1004" name="correction_42_addr_gep_fu_510">
<pin_list>
<pin id="511" dir="0" index="0" bw="1" slack="0"/>
<pin id="512" dir="0" index="1" bw="1" slack="0"/>
<pin id="513" dir="0" index="2" bw="2" slack="0"/>
<pin id="514" dir="1" index="3" bw="2" slack="0"/>
</pin_list>
<bind>
<opcode="getelementptr(29) " fcode="getelementptr"/>
<opset="correction_42_addr/2 "/>
</bind>
</comp>

<comp id="517" class="1004" name="correction_43_addr_gep_fu_517">
<pin_list>
<pin id="518" dir="0" index="0" bw="1" slack="0"/>
<pin id="519" dir="0" index="1" bw="1" slack="0"/>
<pin id="520" dir="0" index="2" bw="2" slack="0"/>
<pin id="521" dir="1" index="3" bw="2" slack="0"/>
</pin_list>
<bind>
<opcode="getelementptr(29) " fcode="getelementptr"/>
<opset="correction_43_addr/2 "/>
</bind>
</comp>

<comp id="524" class="1004" name="correction_44_addr_gep_fu_524">
<pin_list>
<pin id="525" dir="0" index="0" bw="1" slack="0"/>
<pin id="526" dir="0" index="1" bw="1" slack="0"/>
<pin id="527" dir="0" index="2" bw="2" slack="0"/>
<pin id="528" dir="1" index="3" bw="2" slack="0"/>
</pin_list>
<bind>
<opcode="getelementptr(29) " fcode="getelementptr"/>
<opset="correction_44_addr/2 "/>
</bind>
</comp>

<comp id="531" class="1004" name="correction_45_addr_gep_fu_531">
<pin_list>
<pin id="532" dir="0" index="0" bw="1" slack="0"/>
<pin id="533" dir="0" index="1" bw="1" slack="0"/>
<pin id="534" dir="0" index="2" bw="2" slack="0"/>
<pin id="535" dir="1" index="3" bw="2" slack="0"/>
</pin_list>
<bind>
<opcode="getelementptr(29) " fcode="getelementptr"/>
<opset="correction_45_addr/2 "/>
</bind>
</comp>

<comp id="538" class="1004" name="correction_46_addr_gep_fu_538">
<pin_list>
<pin id="539" dir="0" index="0" bw="1" slack="0"/>
<pin id="540" dir="0" index="1" bw="1" slack="0"/>
<pin id="541" dir="0" index="2" bw="2" slack="0"/>
<pin id="542" dir="1" index="3" bw="2" slack="0"/>
</pin_list>
<bind>
<opcode="getelementptr(29) " fcode="getelementptr"/>
<opset="correction_46_addr/2 "/>
</bind>
</comp>

<comp id="545" class="1004" name="correction_47_addr_gep_fu_545">
<pin_list>
<pin id="546" dir="0" index="0" bw="1" slack="0"/>
<pin id="547" dir="0" index="1" bw="1" slack="0"/>
<pin id="548" dir="0" index="2" bw="2" slack="0"/>
<pin id="549" dir="1" index="3" bw="2" slack="0"/>
</pin_list>
<bind>
<opcode="getelementptr(29) " fcode="getelementptr"/>
<opset="correction_47_addr/2 "/>
</bind>
</comp>

<comp id="552" class="1004" name="correction_48_addr_gep_fu_552">
<pin_list>
<pin id="553" dir="0" index="0" bw="1" slack="0"/>
<pin id="554" dir="0" index="1" bw="1" slack="0"/>
<pin id="555" dir="0" index="2" bw="2" slack="0"/>
<pin id="556" dir="1" index="3" bw="2" slack="0"/>
</pin_list>
<bind>
<opcode="getelementptr(29) " fcode="getelementptr"/>
<opset="correction_48_addr/2 "/>
</bind>
</comp>

<comp id="559" class="1004" name="correction_49_addr_gep_fu_559">
<pin_list>
<pin id="560" dir="0" index="0" bw="1" slack="0"/>
<pin id="561" dir="0" index="1" bw="1" slack="0"/>
<pin id="562" dir="0" index="2" bw="2" slack="0"/>
<pin id="563" dir="1" index="3" bw="2" slack="0"/>
</pin_list>
<bind>
<opcode="getelementptr(29) " fcode="getelementptr"/>
<opset="correction_49_addr/2 "/>
</bind>
</comp>

<comp id="566" class="1004" name="correction_50_addr_gep_fu_566">
<pin_list>
<pin id="567" dir="0" index="0" bw="1" slack="0"/>
<pin id="568" dir="0" index="1" bw="1" slack="0"/>
<pin id="569" dir="0" index="2" bw="2" slack="0"/>
<pin id="570" dir="1" index="3" bw="2" slack="0"/>
</pin_list>
<bind>
<opcode="getelementptr(29) " fcode="getelementptr"/>
<opset="correction_50_addr/2 "/>
</bind>
</comp>

<comp id="573" class="1004" name="correction_51_addr_gep_fu_573">
<pin_list>
<pin id="574" dir="0" index="0" bw="1" slack="0"/>
<pin id="575" dir="0" index="1" bw="1" slack="0"/>
<pin id="576" dir="0" index="2" bw="2" slack="0"/>
<pin id="577" dir="1" index="3" bw="2" slack="0"/>
</pin_list>
<bind>
<opcode="getelementptr(29) " fcode="getelementptr"/>
<opset="correction_51_addr/2 "/>
</bind>
</comp>

<comp id="580" class="1004" name="correction_52_addr_gep_fu_580">
<pin_list>
<pin id="581" dir="0" index="0" bw="1" slack="0"/>
<pin id="582" dir="0" index="1" bw="1" slack="0"/>
<pin id="583" dir="0" index="2" bw="2" slack="0"/>
<pin id="584" dir="1" index="3" bw="2" slack="0"/>
</pin_list>
<bind>
<opcode="getelementptr(29) " fcode="getelementptr"/>
<opset="correction_52_addr/2 "/>
</bind>
</comp>

<comp id="587" class="1004" name="correction_53_addr_gep_fu_587">
<pin_list>
<pin id="588" dir="0" index="0" bw="1" slack="0"/>
<pin id="589" dir="0" index="1" bw="1" slack="0"/>
<pin id="590" dir="0" index="2" bw="2" slack="0"/>
<pin id="591" dir="1" index="3" bw="2" slack="0"/>
</pin_list>
<bind>
<opcode="getelementptr(29) " fcode="getelementptr"/>
<opset="correction_53_addr/2 "/>
</bind>
</comp>

<comp id="594" class="1004" name="correction_54_addr_gep_fu_594">
<pin_list>
<pin id="595" dir="0" index="0" bw="1" slack="0"/>
<pin id="596" dir="0" index="1" bw="1" slack="0"/>
<pin id="597" dir="0" index="2" bw="2" slack="0"/>
<pin id="598" dir="1" index="3" bw="2" slack="0"/>
</pin_list>
<bind>
<opcode="getelementptr(29) " fcode="getelementptr"/>
<opset="correction_54_addr/2 "/>
</bind>
</comp>

<comp id="601" class="1004" name="correction_55_addr_gep_fu_601">
<pin_list>
<pin id="602" dir="0" index="0" bw="1" slack="0"/>
<pin id="603" dir="0" index="1" bw="1" slack="0"/>
<pin id="604" dir="0" index="2" bw="2" slack="0"/>
<pin id="605" dir="1" index="3" bw="2" slack="0"/>
</pin_list>
<bind>
<opcode="getelementptr(29) " fcode="getelementptr"/>
<opset="correction_55_addr/2 "/>
</bind>
</comp>

<comp id="608" class="1004" name="correction_56_addr_gep_fu_608">
<pin_list>
<pin id="609" dir="0" index="0" bw="1" slack="0"/>
<pin id="610" dir="0" index="1" bw="1" slack="0"/>
<pin id="611" dir="0" index="2" bw="2" slack="0"/>
<pin id="612" dir="1" index="3" bw="2" slack="0"/>
</pin_list>
<bind>
<opcode="getelementptr(29) " fcode="getelementptr"/>
<opset="correction_56_addr/2 "/>
</bind>
</comp>

<comp id="615" class="1004" name="correction_57_addr_gep_fu_615">
<pin_list>
<pin id="616" dir="0" index="0" bw="1" slack="0"/>
<pin id="617" dir="0" index="1" bw="1" slack="0"/>
<pin id="618" dir="0" index="2" bw="2" slack="0"/>
<pin id="619" dir="1" index="3" bw="2" slack="0"/>
</pin_list>
<bind>
<opcode="getelementptr(29) " fcode="getelementptr"/>
<opset="correction_57_addr/2 "/>
</bind>
</comp>

<comp id="622" class="1004" name="correction_58_addr_gep_fu_622">
<pin_list>
<pin id="623" dir="0" index="0" bw="1" slack="0"/>
<pin id="624" dir="0" index="1" bw="1" slack="0"/>
<pin id="625" dir="0" index="2" bw="2" slack="0"/>
<pin id="626" dir="1" index="3" bw="2" slack="0"/>
</pin_list>
<bind>
<opcode="getelementptr(29) " fcode="getelementptr"/>
<opset="correction_58_addr/2 "/>
</bind>
</comp>

<comp id="629" class="1004" name="correction_59_addr_gep_fu_629">
<pin_list>
<pin id="630" dir="0" index="0" bw="1" slack="0"/>
<pin id="631" dir="0" index="1" bw="1" slack="0"/>
<pin id="632" dir="0" index="2" bw="2" slack="0"/>
<pin id="633" dir="1" index="3" bw="2" slack="0"/>
</pin_list>
<bind>
<opcode="getelementptr(29) " fcode="getelementptr"/>
<opset="correction_59_addr/2 "/>
</bind>
</comp>

<comp id="636" class="1004" name="correction_60_addr_gep_fu_636">
<pin_list>
<pin id="637" dir="0" index="0" bw="1" slack="0"/>
<pin id="638" dir="0" index="1" bw="1" slack="0"/>
<pin id="639" dir="0" index="2" bw="2" slack="0"/>
<pin id="640" dir="1" index="3" bw="2" slack="0"/>
</pin_list>
<bind>
<opcode="getelementptr(29) " fcode="getelementptr"/>
<opset="correction_60_addr/2 "/>
</bind>
</comp>

<comp id="643" class="1004" name="correction_61_addr_gep_fu_643">
<pin_list>
<pin id="644" dir="0" index="0" bw="1" slack="0"/>
<pin id="645" dir="0" index="1" bw="1" slack="0"/>
<pin id="646" dir="0" index="2" bw="2" slack="0"/>
<pin id="647" dir="1" index="3" bw="2" slack="0"/>
</pin_list>
<bind>
<opcode="getelementptr(29) " fcode="getelementptr"/>
<opset="correction_61_addr/2 "/>
</bind>
</comp>

<comp id="650" class="1004" name="correction_62_addr_gep_fu_650">
<pin_list>
<pin id="651" dir="0" index="0" bw="1" slack="0"/>
<pin id="652" dir="0" index="1" bw="1" slack="0"/>
<pin id="653" dir="0" index="2" bw="2" slack="0"/>
<pin id="654" dir="1" index="3" bw="2" slack="0"/>
</pin_list>
<bind>
<opcode="getelementptr(29) " fcode="getelementptr"/>
<opset="correction_62_addr/2 "/>
</bind>
</comp>

<comp id="657" class="1004" name="correction_63_addr_gep_fu_657">
<pin_list>
<pin id="658" dir="0" index="0" bw="1" slack="0"/>
<pin id="659" dir="0" index="1" bw="1" slack="0"/>
<pin id="660" dir="0" index="2" bw="2" slack="0"/>
<pin id="661" dir="1" index="3" bw="2" slack="0"/>
</pin_list>
<bind>
<opcode="getelementptr(29) " fcode="getelementptr"/>
<opset="correction_63_addr/2 "/>
</bind>
</comp>

<comp id="664" class="1004" name="correction_64_addr_gep_fu_664">
<pin_list>
<pin id="665" dir="0" index="0" bw="1" slack="0"/>
<pin id="666" dir="0" index="1" bw="1" slack="0"/>
<pin id="667" dir="0" index="2" bw="2" slack="0"/>
<pin id="668" dir="1" index="3" bw="2" slack="0"/>
</pin_list>
<bind>
<opcode="getelementptr(29) " fcode="getelementptr"/>
<opset="correction_64_addr/2 "/>
</bind>
</comp>

<comp id="671" class="1004" name="correction_65_addr_gep_fu_671">
<pin_list>
<pin id="672" dir="0" index="0" bw="1" slack="0"/>
<pin id="673" dir="0" index="1" bw="1" slack="0"/>
<pin id="674" dir="0" index="2" bw="2" slack="0"/>
<pin id="675" dir="1" index="3" bw="2" slack="0"/>
</pin_list>
<bind>
<opcode="getelementptr(29) " fcode="getelementptr"/>
<opset="correction_65_addr/2 "/>
</bind>
</comp>

<comp id="678" class="1004" name="correction_66_addr_gep_fu_678">
<pin_list>
<pin id="679" dir="0" index="0" bw="1" slack="0"/>
<pin id="680" dir="0" index="1" bw="1" slack="0"/>
<pin id="681" dir="0" index="2" bw="2" slack="0"/>
<pin id="682" dir="1" index="3" bw="2" slack="0"/>
</pin_list>
<bind>
<opcode="getelementptr(29) " fcode="getelementptr"/>
<opset="correction_66_addr/2 "/>
</bind>
</comp>

<comp id="685" class="1004" name="correction_67_addr_gep_fu_685">
<pin_list>
<pin id="686" dir="0" index="0" bw="1" slack="0"/>
<pin id="687" dir="0" index="1" bw="1" slack="0"/>
<pin id="688" dir="0" index="2" bw="2" slack="0"/>
<pin id="689" dir="1" index="3" bw="2" slack="0"/>
</pin_list>
<bind>
<opcode="getelementptr(29) " fcode="getelementptr"/>
<opset="correction_67_addr/2 "/>
</bind>
</comp>

<comp id="692" class="1004" name="correction_68_addr_gep_fu_692">
<pin_list>
<pin id="693" dir="0" index="0" bw="1" slack="0"/>
<pin id="694" dir="0" index="1" bw="1" slack="0"/>
<pin id="695" dir="0" index="2" bw="2" slack="0"/>
<pin id="696" dir="1" index="3" bw="2" slack="0"/>
</pin_list>
<bind>
<opcode="getelementptr(29) " fcode="getelementptr"/>
<opset="correction_68_addr/2 "/>
</bind>
</comp>

<comp id="699" class="1004" name="correction_69_addr_gep_fu_699">
<pin_list>
<pin id="700" dir="0" index="0" bw="1" slack="0"/>
<pin id="701" dir="0" index="1" bw="1" slack="0"/>
<pin id="702" dir="0" index="2" bw="2" slack="0"/>
<pin id="703" dir="1" index="3" bw="2" slack="0"/>
</pin_list>
<bind>
<opcode="getelementptr(29) " fcode="getelementptr"/>
<opset="correction_69_addr/2 "/>
</bind>
</comp>

<comp id="706" class="1004" name="correction_70_addr_gep_fu_706">
<pin_list>
<pin id="707" dir="0" index="0" bw="1" slack="0"/>
<pin id="708" dir="0" index="1" bw="1" slack="0"/>
<pin id="709" dir="0" index="2" bw="2" slack="0"/>
<pin id="710" dir="1" index="3" bw="2" slack="0"/>
</pin_list>
<bind>
<opcode="getelementptr(29) " fcode="getelementptr"/>
<opset="correction_70_addr/2 "/>
</bind>
</comp>

<comp id="713" class="1004" name="correction_71_addr_gep_fu_713">
<pin_list>
<pin id="714" dir="0" index="0" bw="1" slack="0"/>
<pin id="715" dir="0" index="1" bw="1" slack="0"/>
<pin id="716" dir="0" index="2" bw="2" slack="0"/>
<pin id="717" dir="1" index="3" bw="2" slack="0"/>
</pin_list>
<bind>
<opcode="getelementptr(29) " fcode="getelementptr"/>
<opset="correction_71_addr/2 "/>
</bind>
</comp>

<comp id="720" class="1004" name="store_ln169_access_fu_720">
<pin_list>
<pin id="721" dir="0" index="0" bw="2" slack="0"/>
<pin id="722" dir="0" index="1" bw="1" slack="0"/>
<pin id="723" dir="0" index="2" bw="0" slack="2147483647"/>
<pin id="724" dir="1" index="3" bw="1" slack="2147483647"/>
</pin_list>
<bind>
<opcode="store(28) " fcode="store"/>
<opset="store_ln169/2 "/>
</bind>
</comp>

<comp id="727" class="1004" name="store_ln169_access_fu_727">
<pin_list>
<pin id="728" dir="0" index="0" bw="2" slack="0"/>
<pin id="729" dir="0" index="1" bw="1" slack="0"/>
<pin id="730" dir="0" index="2" bw="0" slack="2147483647"/>
<pin id="731" dir="1" index="3" bw="1" slack="2147483647"/>
</pin_list>
<bind>
<opcode="store(28) " fcode="store"/>
<opset="store_ln169/2 "/>
</bind>
</comp>

<comp id="734" class="1004" name="store_ln169_access_fu_734">
<pin_list>
<pin id="735" dir="0" index="0" bw="2" slack="0"/>
<pin id="736" dir="0" index="1" bw="1" slack="0"/>
<pin id="737" dir="0" index="2" bw="0" slack="2147483647"/>
<pin id="738" dir="1" index="3" bw="1" slack="2147483647"/>
</pin_list>
<bind>
<opcode="store(28) " fcode="store"/>
<opset="store_ln169/2 "/>
</bind>
</comp>

<comp id="741" class="1004" name="store_ln169_access_fu_741">
<pin_list>
<pin id="742" dir="0" index="0" bw="2" slack="0"/>
<pin id="743" dir="0" index="1" bw="1" slack="0"/>
<pin id="744" dir="0" index="2" bw="0" slack="2147483647"/>
<pin id="745" dir="1" index="3" bw="1" slack="2147483647"/>
</pin_list>
<bind>
<opcode="store(28) " fcode="store"/>
<opset="store_ln169/2 "/>
</bind>
</comp>

<comp id="748" class="1004" name="store_ln169_access_fu_748">
<pin_list>
<pin id="749" dir="0" index="0" bw="2" slack="0"/>
<pin id="750" dir="0" index="1" bw="1" slack="0"/>
<pin id="751" dir="0" index="2" bw="0" slack="2147483647"/>
<pin id="752" dir="1" index="3" bw="1" slack="2147483647"/>
</pin_list>
<bind>
<opcode="store(28) " fcode="store"/>
<opset="store_ln169/2 "/>
</bind>
</comp>

<comp id="755" class="1004" name="store_ln169_access_fu_755">
<pin_list>
<pin id="756" dir="0" index="0" bw="2" slack="0"/>
<pin id="757" dir="0" index="1" bw="1" slack="0"/>
<pin id="758" dir="0" index="2" bw="0" slack="2147483647"/>
<pin id="759" dir="1" index="3" bw="1" slack="2147483647"/>
</pin_list>
<bind>
<opcode="store(28) " fcode="store"/>
<opset="store_ln169/2 "/>
</bind>
</comp>

<comp id="762" class="1004" name="store_ln169_access_fu_762">
<pin_list>
<pin id="763" dir="0" index="0" bw="2" slack="0"/>
<pin id="764" dir="0" index="1" bw="1" slack="0"/>
<pin id="765" dir="0" index="2" bw="0" slack="2147483647"/>
<pin id="766" dir="1" index="3" bw="1" slack="2147483647"/>
</pin_list>
<bind>
<opcode="store(28) " fcode="store"/>
<opset="store_ln169/2 "/>
</bind>
</comp>

<comp id="769" class="1004" name="store_ln169_access_fu_769">
<pin_list>
<pin id="770" dir="0" index="0" bw="2" slack="0"/>
<pin id="771" dir="0" index="1" bw="1" slack="0"/>
<pin id="772" dir="0" index="2" bw="0" slack="2147483647"/>
<pin id="773" dir="1" index="3" bw="1" slack="2147483647"/>
</pin_list>
<bind>
<opcode="store(28) " fcode="store"/>
<opset="store_ln169/2 "/>
</bind>
</comp>

<comp id="776" class="1004" name="store_ln169_access_fu_776">
<pin_list>
<pin id="777" dir="0" index="0" bw="2" slack="0"/>
<pin id="778" dir="0" index="1" bw="1" slack="0"/>
<pin id="779" dir="0" index="2" bw="0" slack="2147483647"/>
<pin id="780" dir="1" index="3" bw="1" slack="2147483647"/>
</pin_list>
<bind>
<opcode="store(28) " fcode="store"/>
<opset="store_ln169/2 "/>
</bind>
</comp>

<comp id="783" class="1004" name="store_ln169_access_fu_783">
<pin_list>
<pin id="784" dir="0" index="0" bw="2" slack="0"/>
<pin id="785" dir="0" index="1" bw="1" slack="0"/>
<pin id="786" dir="0" index="2" bw="0" slack="2147483647"/>
<pin id="787" dir="1" index="3" bw="1" slack="2147483647"/>
</pin_list>
<bind>
<opcode="store(28) " fcode="store"/>
<opset="store_ln169/2 "/>
</bind>
</comp>

<comp id="790" class="1004" name="store_ln169_access_fu_790">
<pin_list>
<pin id="791" dir="0" index="0" bw="2" slack="0"/>
<pin id="792" dir="0" index="1" bw="1" slack="0"/>
<pin id="793" dir="0" index="2" bw="0" slack="2147483647"/>
<pin id="794" dir="1" index="3" bw="1" slack="2147483647"/>
</pin_list>
<bind>
<opcode="store(28) " fcode="store"/>
<opset="store_ln169/2 "/>
</bind>
</comp>

<comp id="797" class="1004" name="store_ln169_access_fu_797">
<pin_list>
<pin id="798" dir="0" index="0" bw="2" slack="0"/>
<pin id="799" dir="0" index="1" bw="1" slack="0"/>
<pin id="800" dir="0" index="2" bw="0" slack="2147483647"/>
<pin id="801" dir="1" index="3" bw="1" slack="2147483647"/>
</pin_list>
<bind>
<opcode="store(28) " fcode="store"/>
<opset="store_ln169/2 "/>
</bind>
</comp>

<comp id="804" class="1004" name="store_ln169_access_fu_804">
<pin_list>
<pin id="805" dir="0" index="0" bw="2" slack="0"/>
<pin id="806" dir="0" index="1" bw="1" slack="0"/>
<pin id="807" dir="0" index="2" bw="0" slack="2147483647"/>
<pin id="808" dir="1" index="3" bw="1" slack="2147483647"/>
</pin_list>
<bind>
<opcode="store(28) " fcode="store"/>
<opset="store_ln169/2 "/>
</bind>
</comp>

<comp id="811" class="1004" name="store_ln169_access_fu_811">
<pin_list>
<pin id="812" dir="0" index="0" bw="2" slack="0"/>
<pin id="813" dir="0" index="1" bw="1" slack="0"/>
<pin id="814" dir="0" index="2" bw="0" slack="2147483647"/>
<pin id="815" dir="1" index="3" bw="1" slack="2147483647"/>
</pin_list>
<bind>
<opcode="store(28) " fcode="store"/>
<opset="store_ln169/2 "/>
</bind>
</comp>

<comp id="818" class="1004" name="store_ln169_access_fu_818">
<pin_list>
<pin id="819" dir="0" index="0" bw="2" slack="0"/>
<pin id="820" dir="0" index="1" bw="1" slack="0"/>
<pin id="821" dir="0" index="2" bw="0" slack="2147483647"/>
<pin id="822" dir="1" index="3" bw="1" slack="2147483647"/>
</pin_list>
<bind>
<opcode="store(28) " fcode="store"/>
<opset="store_ln169/2 "/>
</bind>
</comp>

<comp id="825" class="1004" name="store_ln169_access_fu_825">
<pin_list>
<pin id="826" dir="0" index="0" bw="2" slack="0"/>
<pin id="827" dir="0" index="1" bw="1" slack="0"/>
<pin id="828" dir="0" index="2" bw="0" slack="2147483647"/>
<pin id="829" dir="1" index="3" bw="1" slack="2147483647"/>
</pin_list>
<bind>
<opcode="store(28) " fcode="store"/>
<opset="store_ln169/2 "/>
</bind>
</comp>

<comp id="832" class="1004" name="store_ln169_access_fu_832">
<pin_list>
<pin id="833" dir="0" index="0" bw="2" slack="0"/>
<pin id="834" dir="0" index="1" bw="1" slack="0"/>
<pin id="835" dir="0" index="2" bw="0" slack="2147483647"/>
<pin id="836" dir="1" index="3" bw="1" slack="2147483647"/>
</pin_list>
<bind>
<opcode="store(28) " fcode="store"/>
<opset="store_ln169/2 "/>
</bind>
</comp>

<comp id="839" class="1004" name="store_ln169_access_fu_839">
<pin_list>
<pin id="840" dir="0" index="0" bw="2" slack="0"/>
<pin id="841" dir="0" index="1" bw="1" slack="0"/>
<pin id="842" dir="0" index="2" bw="0" slack="2147483647"/>
<pin id="843" dir="1" index="3" bw="1" slack="2147483647"/>
</pin_list>
<bind>
<opcode="store(28) " fcode="store"/>
<opset="store_ln169/2 "/>
</bind>
</comp>

<comp id="846" class="1004" name="store_ln169_access_fu_846">
<pin_list>
<pin id="847" dir="0" index="0" bw="2" slack="0"/>
<pin id="848" dir="0" index="1" bw="1" slack="0"/>
<pin id="849" dir="0" index="2" bw="0" slack="2147483647"/>
<pin id="850" dir="1" index="3" bw="1" slack="2147483647"/>
</pin_list>
<bind>
<opcode="store(28) " fcode="store"/>
<opset="store_ln169/2 "/>
</bind>
</comp>

<comp id="853" class="1004" name="store_ln169_access_fu_853">
<pin_list>
<pin id="854" dir="0" index="0" bw="2" slack="0"/>
<pin id="855" dir="0" index="1" bw="1" slack="0"/>
<pin id="856" dir="0" index="2" bw="0" slack="2147483647"/>
<pin id="857" dir="1" index="3" bw="1" slack="2147483647"/>
</pin_list>
<bind>
<opcode="store(28) " fcode="store"/>
<opset="store_ln169/2 "/>
</bind>
</comp>

<comp id="860" class="1004" name="store_ln169_access_fu_860">
<pin_list>
<pin id="861" dir="0" index="0" bw="2" slack="0"/>
<pin id="862" dir="0" index="1" bw="1" slack="0"/>
<pin id="863" dir="0" index="2" bw="0" slack="2147483647"/>
<pin id="864" dir="1" index="3" bw="1" slack="2147483647"/>
</pin_list>
<bind>
<opcode="store(28) " fcode="store"/>
<opset="store_ln169/2 "/>
</bind>
</comp>

<comp id="867" class="1004" name="store_ln169_access_fu_867">
<pin_list>
<pin id="868" dir="0" index="0" bw="2" slack="0"/>
<pin id="869" dir="0" index="1" bw="1" slack="0"/>
<pin id="870" dir="0" index="2" bw="0" slack="2147483647"/>
<pin id="871" dir="1" index="3" bw="1" slack="2147483647"/>
</pin_list>
<bind>
<opcode="store(28) " fcode="store"/>
<opset="store_ln169/2 "/>
</bind>
</comp>

<comp id="874" class="1004" name="store_ln169_access_fu_874">
<pin_list>
<pin id="875" dir="0" index="0" bw="2" slack="0"/>
<pin id="876" dir="0" index="1" bw="1" slack="0"/>
<pin id="877" dir="0" index="2" bw="0" slack="2147483647"/>
<pin id="878" dir="1" index="3" bw="1" slack="2147483647"/>
</pin_list>
<bind>
<opcode="store(28) " fcode="store"/>
<opset="store_ln169/2 "/>
</bind>
</comp>

<comp id="881" class="1004" name="store_ln169_access_fu_881">
<pin_list>
<pin id="882" dir="0" index="0" bw="2" slack="0"/>
<pin id="883" dir="0" index="1" bw="1" slack="0"/>
<pin id="884" dir="0" index="2" bw="0" slack="2147483647"/>
<pin id="885" dir="1" index="3" bw="1" slack="2147483647"/>
</pin_list>
<bind>
<opcode="store(28) " fcode="store"/>
<opset="store_ln169/2 "/>
</bind>
</comp>

<comp id="888" class="1004" name="store_ln169_access_fu_888">
<pin_list>
<pin id="889" dir="0" index="0" bw="2" slack="0"/>
<pin id="890" dir="0" index="1" bw="1" slack="0"/>
<pin id="891" dir="0" index="2" bw="0" slack="2147483647"/>
<pin id="892" dir="1" index="3" bw="1" slack="2147483647"/>
</pin_list>
<bind>
<opcode="store(28) " fcode="store"/>
<opset="store_ln169/2 "/>
</bind>
</comp>

<comp id="895" class="1004" name="store_ln169_access_fu_895">
<pin_list>
<pin id="896" dir="0" index="0" bw="2" slack="0"/>
<pin id="897" dir="0" index="1" bw="1" slack="0"/>
<pin id="898" dir="0" index="2" bw="0" slack="2147483647"/>
<pin id="899" dir="1" index="3" bw="1" slack="2147483647"/>
</pin_list>
<bind>
<opcode="store(28) " fcode="store"/>
<opset="store_ln169/2 "/>
</bind>
</comp>

<comp id="902" class="1004" name="store_ln169_access_fu_902">
<pin_list>
<pin id="903" dir="0" index="0" bw="2" slack="0"/>
<pin id="904" dir="0" index="1" bw="1" slack="0"/>
<pin id="905" dir="0" index="2" bw="0" slack="2147483647"/>
<pin id="906" dir="1" index="3" bw="1" slack="2147483647"/>
</pin_list>
<bind>
<opcode="store(28) " fcode="store"/>
<opset="store_ln169/2 "/>
</bind>
</comp>

<comp id="909" class="1004" name="store_ln169_access_fu_909">
<pin_list>
<pin id="910" dir="0" index="0" bw="2" slack="0"/>
<pin id="911" dir="0" index="1" bw="1" slack="0"/>
<pin id="912" dir="0" index="2" bw="0" slack="2147483647"/>
<pin id="913" dir="1" index="3" bw="1" slack="2147483647"/>
</pin_list>
<bind>
<opcode="store(28) " fcode="store"/>
<opset="store_ln169/2 "/>
</bind>
</comp>

<comp id="916" class="1004" name="store_ln169_access_fu_916">
<pin_list>
<pin id="917" dir="0" index="0" bw="2" slack="0"/>
<pin id="918" dir="0" index="1" bw="1" slack="0"/>
<pin id="919" dir="0" index="2" bw="0" slack="2147483647"/>
<pin id="920" dir="1" index="3" bw="1" slack="2147483647"/>
</pin_list>
<bind>
<opcode="store(28) " fcode="store"/>
<opset="store_ln169/2 "/>
</bind>
</comp>

<comp id="923" class="1004" name="store_ln169_access_fu_923">
<pin_list>
<pin id="924" dir="0" index="0" bw="2" slack="0"/>
<pin id="925" dir="0" index="1" bw="1" slack="0"/>
<pin id="926" dir="0" index="2" bw="0" slack="2147483647"/>
<pin id="927" dir="1" index="3" bw="1" slack="2147483647"/>
</pin_list>
<bind>
<opcode="store(28) " fcode="store"/>
<opset="store_ln169/2 "/>
</bind>
</comp>

<comp id="930" class="1004" name="store_ln169_access_fu_930">
<pin_list>
<pin id="931" dir="0" index="0" bw="2" slack="0"/>
<pin id="932" dir="0" index="1" bw="1" slack="0"/>
<pin id="933" dir="0" index="2" bw="0" slack="2147483647"/>
<pin id="934" dir="1" index="3" bw="1" slack="2147483647"/>
</pin_list>
<bind>
<opcode="store(28) " fcode="store"/>
<opset="store_ln169/2 "/>
</bind>
</comp>

<comp id="937" class="1004" name="store_ln169_access_fu_937">
<pin_list>
<pin id="938" dir="0" index="0" bw="2" slack="0"/>
<pin id="939" dir="0" index="1" bw="1" slack="0"/>
<pin id="940" dir="0" index="2" bw="0" slack="2147483647"/>
<pin id="941" dir="1" index="3" bw="1" slack="2147483647"/>
</pin_list>
<bind>
<opcode="store(28) " fcode="store"/>
<opset="store_ln169/2 "/>
</bind>
</comp>

<comp id="944" class="1004" name="store_ln169_access_fu_944">
<pin_list>
<pin id="945" dir="0" index="0" bw="2" slack="0"/>
<pin id="946" dir="0" index="1" bw="1" slack="0"/>
<pin id="947" dir="0" index="2" bw="0" slack="2147483647"/>
<pin id="948" dir="1" index="3" bw="1" slack="2147483647"/>
</pin_list>
<bind>
<opcode="store(28) " fcode="store"/>
<opset="store_ln169/2 "/>
</bind>
</comp>

<comp id="951" class="1004" name="store_ln169_access_fu_951">
<pin_list>
<pin id="952" dir="0" index="0" bw="2" slack="0"/>
<pin id="953" dir="0" index="1" bw="1" slack="0"/>
<pin id="954" dir="0" index="2" bw="0" slack="2147483647"/>
<pin id="955" dir="1" index="3" bw="1" slack="2147483647"/>
</pin_list>
<bind>
<opcode="store(28) " fcode="store"/>
<opset="store_ln169/2 "/>
</bind>
</comp>

<comp id="958" class="1004" name="store_ln169_access_fu_958">
<pin_list>
<pin id="959" dir="0" index="0" bw="2" slack="0"/>
<pin id="960" dir="0" index="1" bw="1" slack="0"/>
<pin id="961" dir="0" index="2" bw="0" slack="2147483647"/>
<pin id="962" dir="1" index="3" bw="1" slack="2147483647"/>
</pin_list>
<bind>
<opcode="store(28) " fcode="store"/>
<opset="store_ln169/2 "/>
</bind>
</comp>

<comp id="965" class="1004" name="store_ln169_access_fu_965">
<pin_list>
<pin id="966" dir="0" index="0" bw="2" slack="0"/>
<pin id="967" dir="0" index="1" bw="1" slack="0"/>
<pin id="968" dir="0" index="2" bw="0" slack="2147483647"/>
<pin id="969" dir="1" index="3" bw="1" slack="2147483647"/>
</pin_list>
<bind>
<opcode="store(28) " fcode="store"/>
<opset="store_ln169/2 "/>
</bind>
</comp>

<comp id="972" class="1004" name="store_ln169_access_fu_972">
<pin_list>
<pin id="973" dir="0" index="0" bw="2" slack="0"/>
<pin id="974" dir="0" index="1" bw="1" slack="0"/>
<pin id="975" dir="0" index="2" bw="0" slack="2147483647"/>
<pin id="976" dir="1" index="3" bw="1" slack="2147483647"/>
</pin_list>
<bind>
<opcode="store(28) " fcode="store"/>
<opset="store_ln169/2 "/>
</bind>
</comp>

<comp id="979" class="1004" name="store_ln169_access_fu_979">
<pin_list>
<pin id="980" dir="0" index="0" bw="2" slack="0"/>
<pin id="981" dir="0" index="1" bw="1" slack="0"/>
<pin id="982" dir="0" index="2" bw="0" slack="2147483647"/>
<pin id="983" dir="1" index="3" bw="1" slack="2147483647"/>
</pin_list>
<bind>
<opcode="store(28) " fcode="store"/>
<opset="store_ln169/2 "/>
</bind>
</comp>

<comp id="986" class="1004" name="store_ln169_access_fu_986">
<pin_list>
<pin id="987" dir="0" index="0" bw="2" slack="0"/>
<pin id="988" dir="0" index="1" bw="1" slack="0"/>
<pin id="989" dir="0" index="2" bw="0" slack="2147483647"/>
<pin id="990" dir="1" index="3" bw="1" slack="2147483647"/>
</pin_list>
<bind>
<opcode="store(28) " fcode="store"/>
<opset="store_ln169/2 "/>
</bind>
</comp>

<comp id="993" class="1004" name="store_ln169_access_fu_993">
<pin_list>
<pin id="994" dir="0" index="0" bw="2" slack="0"/>
<pin id="995" dir="0" index="1" bw="1" slack="0"/>
<pin id="996" dir="0" index="2" bw="0" slack="2147483647"/>
<pin id="997" dir="1" index="3" bw="1" slack="2147483647"/>
</pin_list>
<bind>
<opcode="store(28) " fcode="store"/>
<opset="store_ln169/2 "/>
</bind>
</comp>

<comp id="1000" class="1004" name="store_ln169_access_fu_1000">
<pin_list>
<pin id="1001" dir="0" index="0" bw="2" slack="0"/>
<pin id="1002" dir="0" index="1" bw="1" slack="0"/>
<pin id="1003" dir="0" index="2" bw="0" slack="2147483647"/>
<pin id="1004" dir="1" index="3" bw="1" slack="2147483647"/>
</pin_list>
<bind>
<opcode="store(28) " fcode="store"/>
<opset="store_ln169/2 "/>
</bind>
</comp>

<comp id="1007" class="1004" name="store_ln169_access_fu_1007">
<pin_list>
<pin id="1008" dir="0" index="0" bw="2" slack="0"/>
<pin id="1009" dir="0" index="1" bw="1" slack="0"/>
<pin id="1010" dir="0" index="2" bw="0" slack="2147483647"/>
<pin id="1011" dir="1" index="3" bw="1" slack="2147483647"/>
</pin_list>
<bind>
<opcode="store(28) " fcode="store"/>
<opset="store_ln169/2 "/>
</bind>
</comp>

<comp id="1014" class="1004" name="store_ln169_access_fu_1014">
<pin_list>
<pin id="1015" dir="0" index="0" bw="2" slack="0"/>
<pin id="1016" dir="0" index="1" bw="1" slack="0"/>
<pin id="1017" dir="0" index="2" bw="0" slack="2147483647"/>
<pin id="1018" dir="1" index="3" bw="1" slack="2147483647"/>
</pin_list>
<bind>
<opcode="store(28) " fcode="store"/>
<opset="store_ln169/2 "/>
</bind>
</comp>

<comp id="1021" class="1004" name="store_ln169_access_fu_1021">
<pin_list>
<pin id="1022" dir="0" index="0" bw="2" slack="0"/>
<pin id="1023" dir="0" index="1" bw="1" slack="0"/>
<pin id="1024" dir="0" index="2" bw="0" slack="2147483647"/>
<pin id="1025" dir="1" index="3" bw="1" slack="2147483647"/>
</pin_list>
<bind>
<opcode="store(28) " fcode="store"/>
<opset="store_ln169/2 "/>
</bind>
</comp>

<comp id="1028" class="1004" name="store_ln169_access_fu_1028">
<pin_list>
<pin id="1029" dir="0" index="0" bw="2" slack="0"/>
<pin id="1030" dir="0" index="1" bw="1" slack="0"/>
<pin id="1031" dir="0" index="2" bw="0" slack="2147483647"/>
<pin id="1032" dir="1" index="3" bw="1" slack="2147483647"/>
</pin_list>
<bind>
<opcode="store(28) " fcode="store"/>
<opset="store_ln169/2 "/>
</bind>
</comp>

<comp id="1035" class="1004" name="store_ln169_access_fu_1035">
<pin_list>
<pin id="1036" dir="0" index="0" bw="2" slack="0"/>
<pin id="1037" dir="0" index="1" bw="1" slack="0"/>
<pin id="1038" dir="0" index="2" bw="0" slack="2147483647"/>
<pin id="1039" dir="1" index="3" bw="1" slack="2147483647"/>
</pin_list>
<bind>
<opcode="store(28) " fcode="store"/>
<opset="store_ln169/2 "/>
</bind>
</comp>

<comp id="1042" class="1004" name="store_ln169_access_fu_1042">
<pin_list>
<pin id="1043" dir="0" index="0" bw="2" slack="0"/>
<pin id="1044" dir="0" index="1" bw="1" slack="0"/>
<pin id="1045" dir="0" index="2" bw="0" slack="2147483647"/>
<pin id="1046" dir="1" index="3" bw="1" slack="2147483647"/>
</pin_list>
<bind>
<opcode="store(28) " fcode="store"/>
<opset="store_ln169/2 "/>
</bind>
</comp>

<comp id="1049" class="1004" name="store_ln169_access_fu_1049">
<pin_list>
<pin id="1050" dir="0" index="0" bw="2" slack="0"/>
<pin id="1051" dir="0" index="1" bw="1" slack="0"/>
<pin id="1052" dir="0" index="2" bw="0" slack="2147483647"/>
<pin id="1053" dir="1" index="3" bw="1" slack="2147483647"/>
</pin_list>
<bind>
<opcode="store(28) " fcode="store"/>
<opset="store_ln169/2 "/>
</bind>
</comp>

<comp id="1056" class="1004" name="store_ln169_access_fu_1056">
<pin_list>
<pin id="1057" dir="0" index="0" bw="2" slack="0"/>
<pin id="1058" dir="0" index="1" bw="1" slack="0"/>
<pin id="1059" dir="0" index="2" bw="0" slack="2147483647"/>
<pin id="1060" dir="1" index="3" bw="1" slack="2147483647"/>
</pin_list>
<bind>
<opcode="store(28) " fcode="store"/>
<opset="store_ln169/2 "/>
</bind>
</comp>

<comp id="1063" class="1004" name="store_ln169_access_fu_1063">
<pin_list>
<pin id="1064" dir="0" index="0" bw="2" slack="0"/>
<pin id="1065" dir="0" index="1" bw="1" slack="0"/>
<pin id="1066" dir="0" index="2" bw="0" slack="2147483647"/>
<pin id="1067" dir="1" index="3" bw="1" slack="2147483647"/>
</pin_list>
<bind>
<opcode="store(28) " fcode="store"/>
<opset="store_ln169/2 "/>
</bind>
</comp>

<comp id="1070" class="1004" name="store_ln169_access_fu_1070">
<pin_list>
<pin id="1071" dir="0" index="0" bw="2" slack="0"/>
<pin id="1072" dir="0" index="1" bw="1" slack="0"/>
<pin id="1073" dir="0" index="2" bw="0" slack="2147483647"/>
<pin id="1074" dir="1" index="3" bw="1" slack="2147483647"/>
</pin_list>
<bind>
<opcode="store(28) " fcode="store"/>
<opset="store_ln169/2 "/>
</bind>
</comp>

<comp id="1077" class="1004" name="store_ln169_access_fu_1077">
<pin_list>
<pin id="1078" dir="0" index="0" bw="2" slack="0"/>
<pin id="1079" dir="0" index="1" bw="1" slack="0"/>
<pin id="1080" dir="0" index="2" bw="0" slack="2147483647"/>
<pin id="1081" dir="1" index="3" bw="1" slack="2147483647"/>
</pin_list>
<bind>
<opcode="store(28) " fcode="store"/>
<opset="store_ln169/2 "/>
</bind>
</comp>

<comp id="1084" class="1004" name="store_ln169_access_fu_1084">
<pin_list>
<pin id="1085" dir="0" index="0" bw="2" slack="0"/>
<pin id="1086" dir="0" index="1" bw="1" slack="0"/>
<pin id="1087" dir="0" index="2" bw="0" slack="2147483647"/>
<pin id="1088" dir="1" index="3" bw="1" slack="2147483647"/>
</pin_list>
<bind>
<opcode="store(28) " fcode="store"/>
<opset="store_ln169/2 "/>
</bind>
</comp>

<comp id="1091" class="1004" name="store_ln169_access_fu_1091">
<pin_list>
<pin id="1092" dir="0" index="0" bw="2" slack="0"/>
<pin id="1093" dir="0" index="1" bw="1" slack="0"/>
<pin id="1094" dir="0" index="2" bw="0" slack="2147483647"/>
<pin id="1095" dir="1" index="3" bw="1" slack="2147483647"/>
</pin_list>
<bind>
<opcode="store(28) " fcode="store"/>
<opset="store_ln169/2 "/>
</bind>
</comp>

<comp id="1098" class="1004" name="store_ln169_access_fu_1098">
<pin_list>
<pin id="1099" dir="0" index="0" bw="2" slack="0"/>
<pin id="1100" dir="0" index="1" bw="1" slack="0"/>
<pin id="1101" dir="0" index="2" bw="0" slack="2147483647"/>
<pin id="1102" dir="1" index="3" bw="1" slack="2147483647"/>
</pin_list>
<bind>
<opcode="store(28) " fcode="store"/>
<opset="store_ln169/2 "/>
</bind>
</comp>

<comp id="1105" class="1004" name="store_ln169_access_fu_1105">
<pin_list>
<pin id="1106" dir="0" index="0" bw="2" slack="0"/>
<pin id="1107" dir="0" index="1" bw="1" slack="0"/>
<pin id="1108" dir="0" index="2" bw="0" slack="2147483647"/>
<pin id="1109" dir="1" index="3" bw="1" slack="2147483647"/>
</pin_list>
<bind>
<opcode="store(28) " fcode="store"/>
<opset="store_ln169/2 "/>
</bind>
</comp>

<comp id="1112" class="1004" name="store_ln169_access_fu_1112">
<pin_list>
<pin id="1113" dir="0" index="0" bw="2" slack="0"/>
<pin id="1114" dir="0" index="1" bw="1" slack="0"/>
<pin id="1115" dir="0" index="2" bw="0" slack="2147483647"/>
<pin id="1116" dir="1" index="3" bw="1" slack="2147483647"/>
</pin_list>
<bind>
<opcode="store(28) " fcode="store"/>
<opset="store_ln169/2 "/>
</bind>
</comp>

<comp id="1119" class="1004" name="store_ln169_access_fu_1119">
<pin_list>
<pin id="1120" dir="0" index="0" bw="2" slack="0"/>
<pin id="1121" dir="0" index="1" bw="1" slack="0"/>
<pin id="1122" dir="0" index="2" bw="0" slack="2147483647"/>
<pin id="1123" dir="1" index="3" bw="1" slack="2147483647"/>
</pin_list>
<bind>
<opcode="store(28) " fcode="store"/>
<opset="store_ln169/2 "/>
</bind>
</comp>

<comp id="1126" class="1004" name="store_ln169_access_fu_1126">
<pin_list>
<pin id="1127" dir="0" index="0" bw="2" slack="0"/>
<pin id="1128" dir="0" index="1" bw="1" slack="0"/>
<pin id="1129" dir="0" index="2" bw="0" slack="2147483647"/>
<pin id="1130" dir="1" index="3" bw="1" slack="2147483647"/>
</pin_list>
<bind>
<opcode="store(28) " fcode="store"/>
<opset="store_ln169/2 "/>
</bind>
</comp>

<comp id="1133" class="1004" name="store_ln169_access_fu_1133">
<pin_list>
<pin id="1134" dir="0" index="0" bw="2" slack="0"/>
<pin id="1135" dir="0" index="1" bw="1" slack="0"/>
<pin id="1136" dir="0" index="2" bw="0" slack="2147483647"/>
<pin id="1137" dir="1" index="3" bw="1" slack="2147483647"/>
</pin_list>
<bind>
<opcode="store(28) " fcode="store"/>
<opset="store_ln169/2 "/>
</bind>
</comp>

<comp id="1140" class="1004" name="store_ln169_access_fu_1140">
<pin_list>
<pin id="1141" dir="0" index="0" bw="2" slack="0"/>
<pin id="1142" dir="0" index="1" bw="1" slack="0"/>
<pin id="1143" dir="0" index="2" bw="0" slack="2147483647"/>
<pin id="1144" dir="1" index="3" bw="1" slack="2147483647"/>
</pin_list>
<bind>
<opcode="store(28) " fcode="store"/>
<opset="store_ln169/2 "/>
</bind>
</comp>

<comp id="1147" class="1004" name="store_ln169_access_fu_1147">
<pin_list>
<pin id="1148" dir="0" index="0" bw="2" slack="0"/>
<pin id="1149" dir="0" index="1" bw="1" slack="0"/>
<pin id="1150" dir="0" index="2" bw="0" slack="2147483647"/>
<pin id="1151" dir="1" index="3" bw="1" slack="2147483647"/>
</pin_list>
<bind>
<opcode="store(28) " fcode="store"/>
<opset="store_ln169/2 "/>
</bind>
</comp>

<comp id="1154" class="1004" name="store_ln169_access_fu_1154">
<pin_list>
<pin id="1155" dir="0" index="0" bw="2" slack="0"/>
<pin id="1156" dir="0" index="1" bw="1" slack="0"/>
<pin id="1157" dir="0" index="2" bw="0" slack="2147483647"/>
<pin id="1158" dir="1" index="3" bw="1" slack="2147483647"/>
</pin_list>
<bind>
<opcode="store(28) " fcode="store"/>
<opset="store_ln169/2 "/>
</bind>
</comp>

<comp id="1161" class="1004" name="store_ln169_access_fu_1161">
<pin_list>
<pin id="1162" dir="0" index="0" bw="2" slack="0"/>
<pin id="1163" dir="0" index="1" bw="1" slack="0"/>
<pin id="1164" dir="0" index="2" bw="0" slack="2147483647"/>
<pin id="1165" dir="1" index="3" bw="1" slack="2147483647"/>
</pin_list>
<bind>
<opcode="store(28) " fcode="store"/>
<opset="store_ln169/2 "/>
</bind>
</comp>

<comp id="1168" class="1004" name="store_ln169_access_fu_1168">
<pin_list>
<pin id="1169" dir="0" index="0" bw="2" slack="0"/>
<pin id="1170" dir="0" index="1" bw="1" slack="0"/>
<pin id="1171" dir="0" index="2" bw="0" slack="2147483647"/>
<pin id="1172" dir="1" index="3" bw="1" slack="2147483647"/>
</pin_list>
<bind>
<opcode="store(28) " fcode="store"/>
<opset="store_ln169/2 "/>
</bind>
</comp>

<comp id="1175" class="1004" name="store_ln169_access_fu_1175">
<pin_list>
<pin id="1176" dir="0" index="0" bw="2" slack="0"/>
<pin id="1177" dir="0" index="1" bw="1" slack="0"/>
<pin id="1178" dir="0" index="2" bw="0" slack="2147483647"/>
<pin id="1179" dir="1" index="3" bw="1" slack="2147483647"/>
</pin_list>
<bind>
<opcode="store(28) " fcode="store"/>
<opset="store_ln169/2 "/>
</bind>
</comp>

<comp id="1182" class="1004" name="store_ln169_access_fu_1182">
<pin_list>
<pin id="1183" dir="0" index="0" bw="2" slack="0"/>
<pin id="1184" dir="0" index="1" bw="1" slack="0"/>
<pin id="1185" dir="0" index="2" bw="0" slack="2147483647"/>
<pin id="1186" dir="1" index="3" bw="1" slack="2147483647"/>
</pin_list>
<bind>
<opcode="store(28) " fcode="store"/>
<opset="store_ln169/2 "/>
</bind>
</comp>

<comp id="1189" class="1004" name="store_ln169_access_fu_1189">
<pin_list>
<pin id="1190" dir="0" index="0" bw="2" slack="0"/>
<pin id="1191" dir="0" index="1" bw="1" slack="0"/>
<pin id="1192" dir="0" index="2" bw="0" slack="2147483647"/>
<pin id="1193" dir="1" index="3" bw="1" slack="2147483647"/>
</pin_list>
<bind>
<opcode="store(28) " fcode="store"/>
<opset="store_ln169/2 "/>
</bind>
</comp>

<comp id="1196" class="1004" name="store_ln169_access_fu_1196">
<pin_list>
<pin id="1197" dir="0" index="0" bw="2" slack="0"/>
<pin id="1198" dir="0" index="1" bw="1" slack="0"/>
<pin id="1199" dir="0" index="2" bw="0" slack="2147483647"/>
<pin id="1200" dir="1" index="3" bw="1" slack="2147483647"/>
</pin_list>
<bind>
<opcode="store(28) " fcode="store"/>
<opset="store_ln169/2 "/>
</bind>
</comp>

<comp id="1203" class="1004" name="store_ln169_access_fu_1203">
<pin_list>
<pin id="1204" dir="0" index="0" bw="2" slack="0"/>
<pin id="1205" dir="0" index="1" bw="1" slack="0"/>
<pin id="1206" dir="0" index="2" bw="0" slack="2147483647"/>
<pin id="1207" dir="1" index="3" bw="1" slack="2147483647"/>
</pin_list>
<bind>
<opcode="store(28) " fcode="store"/>
<opset="store_ln169/2 "/>
</bind>
</comp>

<comp id="1210" class="1004" name="store_ln169_access_fu_1210">
<pin_list>
<pin id="1211" dir="0" index="0" bw="2" slack="0"/>
<pin id="1212" dir="0" index="1" bw="1" slack="0"/>
<pin id="1213" dir="0" index="2" bw="0" slack="2147483647"/>
<pin id="1214" dir="1" index="3" bw="1" slack="2147483647"/>
</pin_list>
<bind>
<opcode="store(28) " fcode="store"/>
<opset="store_ln169/2 "/>
</bind>
</comp>

<comp id="1217" class="1004" name="store_ln169_access_fu_1217">
<pin_list>
<pin id="1218" dir="0" index="0" bw="2" slack="0"/>
<pin id="1219" dir="0" index="1" bw="1" slack="0"/>
<pin id="1220" dir="0" index="2" bw="0" slack="2147483647"/>
<pin id="1221" dir="1" index="3" bw="1" slack="2147483647"/>
</pin_list>
<bind>
<opcode="store(28) " fcode="store"/>
<opset="store_ln169/2 "/>
</bind>
</comp>

<comp id="1224" class="1004" name="store_ln0_store_fu_1224">
<pin_list>
<pin id="1225" dir="0" index="0" bw="1" slack="0"/>
<pin id="1226" dir="0" index="1" bw="8" slack="0"/>
<pin id="1227" dir="1" index="2" bw="0" slack="2147483647"/>
</pin_list>
<bind>
<opcode="store(28) " fcode="store"/>
<opset="store_ln0/1 "/>
</bind>
</comp>

<comp id="1229" class="1004" name="store_ln166_store_fu_1229">
<pin_list>
<pin id="1230" dir="0" index="0" bw="1" slack="0"/>
<pin id="1231" dir="0" index="1" bw="3" slack="0"/>
<pin id="1232" dir="1" index="2" bw="0" slack="2147483647"/>
</pin_list>
<bind>
<opcode="store(28) " fcode="store"/>
<opset="store_ln166/1 "/>
</bind>
</comp>

<comp id="1234" class="1004" name="store_ln0_store_fu_1234">
<pin_list>
<pin id="1235" dir="0" index="0" bw="1" slack="0"/>
<pin id="1236" dir="0" index="1" bw="6" slack="0"/>
<pin id="1237" dir="1" index="2" bw="0" slack="2147483647"/>
</pin_list>
<bind>
<opcode="store(28) " fcode="store"/>
<opset="store_ln0/1 "/>
</bind>
</comp>

<comp id="1239" class="1004" name="store_ln167_store_fu_1239">
<pin_list>
<pin id="1240" dir="0" index="0" bw="1" slack="0"/>
<pin id="1241" dir="0" index="1" bw="3" slack="0"/>
<pin id="1242" dir="1" index="2" bw="0" slack="2147483647"/>
</pin_list>
<bind>
<opcode="store(28) " fcode="store"/>
<opset="store_ln167/1 "/>
</bind>
</comp>

<comp id="1244" class="1004" name="store_ln168_store_fu_1244">
<pin_list>
<pin id="1245" dir="0" index="0" bw="1" slack="0"/>
<pin id="1246" dir="0" index="1" bw="3" slack="0"/>
<pin id="1247" dir="1" index="2" bw="0" slack="2147483647"/>
</pin_list>
<bind>
<opcode="store(28) " fcode="store"/>
<opset="store_ln168/1 "/>
</bind>
</comp>

<comp id="1249" class="1004" name="indvar_flatten_load_load_fu_1249">
<pin_list>
<pin id="1250" dir="0" index="0" bw="6" slack="0"/>
<pin id="1251" dir="1" index="1" bw="6" slack="0"/>
</pin_list>
<bind>
<opcode="load(27) " fcode="load"/>
<opset="indvar_flatten_load/1 "/>
</bind>
</comp>

<comp id="1252" class="1004" name="indvar_flatten12_load_load_fu_1252">
<pin_list>
<pin id="1253" dir="0" index="0" bw="8" slack="0"/>
<pin id="1254" dir="1" index="1" bw="8" slack="0"/>
</pin_list>
<bind>
<opcode="load(27) " fcode="load"/>
<opset="indvar_flatten12_load/1 "/>
</bind>
</comp>

<comp id="1255" class="1004" name="icmp_ln166_fu_1255">
<pin_list>
<pin id="1256" dir="0" index="0" bw="8" slack="0"/>
<pin id="1257" dir="0" index="1" bw="7" slack="0"/>
<pin id="1258" dir="1" index="2" bw="1" slack="2147483647"/>
</pin_list>
<bind>
<opcode="icmp(45) " fcode="icmp"/>
<opset="icmp_ln166/1 "/>
</bind>
</comp>

<comp id="1261" class="1004" name="add_ln166_1_fu_1261">
<pin_list>
<pin id="1262" dir="0" index="0" bw="8" slack="0"/>
<pin id="1263" dir="0" index="1" bw="1" slack="0"/>
<pin id="1264" dir="1" index="2" bw="8" slack="0"/>
</pin_list>
<bind>
<opcode="add(8) " fcode="add"/>
<opset="add_ln166_1/1 "/>
</bind>
</comp>

<comp id="1267" class="1004" name="x_load_load_fu_1267">
<pin_list>
<pin id="1268" dir="0" index="0" bw="3" slack="0"/>
<pin id="1269" dir="1" index="1" bw="3" slack="0"/>
</pin_list>
<bind>
<opcode="load(27) " fcode="load"/>
<opset="x_load/1 "/>
</bind>
</comp>

<comp id="1270" class="1004" name="y_load_load_fu_1270">
<pin_list>
<pin id="1271" dir="0" index="0" bw="3" slack="0"/>
<pin id="1272" dir="1" index="1" bw="3" slack="0"/>
</pin_list>
<bind>
<opcode="load(27) " fcode="load"/>
<opset="y_load/1 "/>
</bind>
</comp>

<comp id="1273" class="1004" name="t_load_load_fu_1273">
<pin_list>
<pin id="1274" dir="0" index="0" bw="3" slack="0"/>
<pin id="1275" dir="1" index="1" bw="3" slack="0"/>
</pin_list>
<bind>
<opcode="load(27) " fcode="load"/>
<opset="t_load/1 "/>
</bind>
</comp>

<comp id="1276" class="1004" name="add_ln166_fu_1276">
<pin_list>
<pin id="1277" dir="0" index="0" bw="3" slack="0"/>
<pin id="1278" dir="0" index="1" bw="1" slack="0"/>
<pin id="1279" dir="1" index="2" bw="3" slack="0"/>
</pin_list>
<bind>
<opcode="add(8) " fcode="add"/>
<opset="add_ln166/1 "/>
</bind>
</comp>

<comp id="1282" class="1004" name="icmp_ln167_fu_1282">
<pin_list>
<pin id="1283" dir="0" index="0" bw="6" slack="0"/>
<pin id="1284" dir="0" index="1" bw="6" slack="0"/>
<pin id="1285" dir="1" index="2" bw="1" slack="0"/>
</pin_list>
<bind>
<opcode="icmp(45) " fcode="icmp"/>
<opset="icmp_ln167/1 "/>
</bind>
</comp>

<comp id="1288" class="1004" name="select_ln166_fu_1288">
<pin_list>
<pin id="1289" dir="0" index="0" bw="1" slack="0"/>
<pin id="1290" dir="0" index="1" bw="1" slack="0"/>
<pin id="1291" dir="0" index="2" bw="3" slack="0"/>
<pin id="1292" dir="1" index="3" bw="3" slack="0"/>
</pin_list>
<bind>
<opcode="select(49) " fcode="select"/>
<opset="select_ln166/1 "/>
</bind>
</comp>

<comp id="1296" class="1004" name="xor_ln166_fu_1296">
<pin_list>
<pin id="1297" dir="0" index="0" bw="1" slack="0"/>
<pin id="1298" dir="0" index="1" bw="1" slack="0"/>
<pin id="1299" dir="1" index="2" bw="1" slack="0"/>
</pin_list>
<bind>
<opcode="xor(25) " fcode="xor"/>
<opset="xor_ln166/1 "/>
</bind>
</comp>

<comp id="1302" class="1004" name="icmp_ln168_fu_1302">
<pin_list>
<pin id="1303" dir="0" index="0" bw="3" slack="0"/>
<pin id="1304" dir="0" index="1" bw="2" slack="0"/>
<pin id="1305" dir="1" index="2" bw="1" slack="0"/>
</pin_list>
<bind>
<opcode="icmp(45) " fcode="icmp"/>
<opset="icmp_ln168/1 "/>
</bind>
</comp>

<comp id="1308" class="1004" name="and_ln166_fu_1308">
<pin_list>
<pin id="1309" dir="0" index="0" bw="1" slack="0"/>
<pin id="1310" dir="0" index="1" bw="1" slack="0"/>
<pin id="1311" dir="1" index="2" bw="1" slack="0"/>
</pin_list>
<bind>
<opcode="and(23) " fcode="and"/>
<opset="and_ln166/1 "/>
</bind>
</comp>

<comp id="1314" class="1004" name="select_ln166_1_fu_1314">
<pin_list>
<pin id="1315" dir="0" index="0" bw="1" slack="0"/>
<pin id="1316" dir="0" index="1" bw="3" slack="0"/>
<pin id="1317" dir="0" index="2" bw="3" slack="0"/>
<pin id="1318" dir="1" index="3" bw="3" slack="0"/>
</pin_list>
<bind>
<opcode="select(49) " fcode="select"/>
<opset="select_ln166_1/1 "/>
</bind>
</comp>

<comp id="1322" class="1004" name="add_ln167_fu_1322">
<pin_list>
<pin id="1323" dir="0" index="0" bw="3" slack="0"/>
<pin id="1324" dir="0" index="1" bw="1" slack="0"/>
<pin id="1325" dir="1" index="2" bw="3" slack="0"/>
</pin_list>
<bind>
<opcode="add(8) " fcode="add"/>
<opset="add_ln167/1 "/>
</bind>
</comp>

<comp id="1328" class="1004" name="or_ln167_fu_1328">
<pin_list>
<pin id="1329" dir="0" index="0" bw="1" slack="0"/>
<pin id="1330" dir="0" index="1" bw="1" slack="0"/>
<pin id="1331" dir="1" index="2" bw="1" slack="0"/>
</pin_list>
<bind>
<opcode="or(24) " fcode="or"/>
<opset="or_ln167/1 "/>
</bind>
</comp>

<comp id="1334" class="1004" name="select_ln167_fu_1334">
<pin_list>
<pin id="1335" dir="0" index="0" bw="1" slack="0"/>
<pin id="1336" dir="0" index="1" bw="1" slack="0"/>
<pin id="1337" dir="0" index="2" bw="3" slack="0"/>
<pin id="1338" dir="1" index="3" bw="3" slack="0"/>
</pin_list>
<bind>
<opcode="select(49) " fcode="select"/>
<opset="select_ln167/1 "/>
</bind>
</comp>

<comp id="1342" class="1004" name="select_ln167_1_fu_1342">
<pin_list>
<pin id="1343" dir="0" index="0" bw="1" slack="0"/>
<pin id="1344" dir="0" index="1" bw="3" slack="0"/>
<pin id="1345" dir="0" index="2" bw="3" slack="0"/>
<pin id="1346" dir="1" index="3" bw="3" slack="0"/>
</pin_list>
<bind>
<opcode="select(49) " fcode="select"/>
<opset="select_ln167_1/1 "/>
</bind>
</comp>

<comp id="1350" class="1004" name="trunc_ln166_fu_1350">
<pin_list>
<pin id="1351" dir="0" index="0" bw="3" slack="0"/>
<pin id="1352" dir="1" index="1" bw="1" slack="1"/>
</pin_list>
<bind>
<opcode="trunc(33) " fcode="trunc"/>
<opset="trunc_ln166/1 "/>
</bind>
</comp>

<comp id="1354" class="1004" name="lshr_ln_fu_1354">
<pin_list>
<pin id="1355" dir="0" index="0" bw="2" slack="0"/>
<pin id="1356" dir="0" index="1" bw="3" slack="0"/>
<pin id="1357" dir="0" index="2" bw="1" slack="0"/>
<pin id="1358" dir="0" index="3" bw="3" slack="0"/>
<pin id="1359" dir="1" index="4" bw="2" slack="1"/>
</pin_list>
<bind>
<opcode="partselect(1002) " fcode="partselect"/>
<opset="lshr_ln/1 "/>
</bind>
</comp>

<comp id="1364" class="1004" name="add_ln168_fu_1364">
<pin_list>
<pin id="1365" dir="0" index="0" bw="3" slack="0"/>
<pin id="1366" dir="0" index="1" bw="1" slack="0"/>
<pin id="1367" dir="1" index="2" bw="3" slack="0"/>
</pin_list>
<bind>
<opcode="add(8) " fcode="add"/>
<opset="add_ln168/1 "/>
</bind>
</comp>

<comp id="1370" class="1004" name="add_ln167_1_fu_1370">
<pin_list>
<pin id="1371" dir="0" index="0" bw="6" slack="0"/>
<pin id="1372" dir="0" index="1" bw="1" slack="0"/>
<pin id="1373" dir="1" index="2" bw="6" slack="0"/>
</pin_list>
<bind>
<opcode="add(8) " fcode="add"/>
<opset="add_ln167_1/1 "/>
</bind>
</comp>

<comp id="1376" class="1004" name="select_ln167_2_fu_1376">
<pin_list>
<pin id="1377" dir="0" index="0" bw="1" slack="0"/>
<pin id="1378" dir="0" index="1" bw="1" slack="0"/>
<pin id="1379" dir="0" index="2" bw="6" slack="0"/>
<pin id="1380" dir="1" index="3" bw="6" slack="0"/>
</pin_list>
<bind>
<opcode="select(49) " fcode="select"/>
<opset="select_ln167_2/1 "/>
</bind>
</comp>

<comp id="1384" class="1004" name="store_ln166_store_fu_1384">
<pin_list>
<pin id="1385" dir="0" index="0" bw="8" slack="0"/>
<pin id="1386" dir="0" index="1" bw="8" slack="0"/>
<pin id="1387" dir="1" index="2" bw="0" slack="2147483647"/>
</pin_list>
<bind>
<opcode="store(28) " fcode="store"/>
<opset="store_ln166/1 "/>
</bind>
</comp>

<comp id="1389" class="1004" name="store_ln166_store_fu_1389">
<pin_list>
<pin id="1390" dir="0" index="0" bw="3" slack="0"/>
<pin id="1391" dir="0" index="1" bw="3" slack="0"/>
<pin id="1392" dir="1" index="2" bw="0" slack="2147483647"/>
</pin_list>
<bind>
<opcode="store(28) " fcode="store"/>
<opset="store_ln166/1 "/>
</bind>
</comp>

<comp id="1394" class="1004" name="store_ln167_store_fu_1394">
<pin_list>
<pin id="1395" dir="0" index="0" bw="6" slack="0"/>
<pin id="1396" dir="0" index="1" bw="6" slack="0"/>
<pin id="1397" dir="1" index="2" bw="0" slack="2147483647"/>
</pin_list>
<bind>
<opcode="store(28) " fcode="store"/>
<opset="store_ln167/1 "/>
</bind>
</comp>

<comp id="1399" class="1004" name="store_ln167_store_fu_1399">
<pin_list>
<pin id="1400" dir="0" index="0" bw="3" slack="0"/>
<pin id="1401" dir="0" index="1" bw="3" slack="0"/>
<pin id="1402" dir="1" index="2" bw="0" slack="2147483647"/>
</pin_list>
<bind>
<opcode="store(28) " fcode="store"/>
<opset="store_ln167/1 "/>
</bind>
</comp>

<comp id="1404" class="1004" name="store_ln168_store_fu_1404">
<pin_list>
<pin id="1405" dir="0" index="0" bw="3" slack="0"/>
<pin id="1406" dir="0" index="1" bw="3" slack="0"/>
<pin id="1407" dir="1" index="2" bw="0" slack="2147483647"/>
</pin_list>
<bind>
<opcode="store(28) " fcode="store"/>
<opset="store_ln168/1 "/>
</bind>
</comp>

<comp id="1409" class="1004" name="zext_ln166_fu_1409">
<pin_list>
<pin id="1410" dir="0" index="0" bw="2" slack="1"/>
<pin id="1411" dir="1" index="1" bw="64" slack="0"/>
</pin_list>
<bind>
<opcode="zext(34) " fcode="zext"/>
<opset="zext_ln166/2 "/>
</bind>
</comp>

<comp id="1484" class="1005" name="x_reg_1484">
<pin_list>
<pin id="1485" dir="0" index="0" bw="3" slack="0"/>
<pin id="1486" dir="1" index="1" bw="3" slack="0"/>
</pin_list>
<bind>
<opset="x "/>
</bind>
</comp>

<comp id="1491" class="1005" name="y_reg_1491">
<pin_list>
<pin id="1492" dir="0" index="0" bw="3" slack="0"/>
<pin id="1493" dir="1" index="1" bw="3" slack="0"/>
</pin_list>
<bind>
<opset="y "/>
</bind>
</comp>

<comp id="1498" class="1005" name="indvar_flatten_reg_1498">
<pin_list>
<pin id="1499" dir="0" index="0" bw="6" slack="0"/>
<pin id="1500" dir="1" index="1" bw="6" slack="0"/>
</pin_list>
<bind>
<opset="indvar_flatten "/>
</bind>
</comp>

<comp id="1505" class="1005" name="t_reg_1505">
<pin_list>
<pin id="1506" dir="0" index="0" bw="3" slack="0"/>
<pin id="1507" dir="1" index="1" bw="3" slack="0"/>
</pin_list>
<bind>
<opset="t "/>
</bind>
</comp>

<comp id="1512" class="1005" name="indvar_flatten12_reg_1512">
<pin_list>
<pin id="1513" dir="0" index="0" bw="8" slack="0"/>
<pin id="1514" dir="1" index="1" bw="8" slack="0"/>
</pin_list>
<bind>
<opset="indvar_flatten12 "/>
</bind>
</comp>

<comp id="1522" class="1005" name="select_ln167_reg_1522">
<pin_list>
<pin id="1523" dir="0" index="0" bw="3" slack="1"/>
<pin id="1524" dir="1" index="1" bw="3" slack="2147483647"/>
</pin_list>
<bind>
<opset="select_ln167 "/>
</bind>
</comp>

<comp id="1526" class="1005" name="select_ln167_1_reg_1526">
<pin_list>
<pin id="1527" dir="0" index="0" bw="3" slack="1"/>
<pin id="1528" dir="1" index="1" bw="3" slack="2147483647"/>
</pin_list>
<bind>
<opset="select_ln167_1 "/>
</bind>
</comp>

<comp id="1530" class="1005" name="trunc_ln166_reg_1530">
<pin_list>
<pin id="1531" dir="0" index="0" bw="1" slack="1"/>
<pin id="1532" dir="1" index="1" bw="1" slack="2147483647"/>
</pin_list>
<bind>
<opset="trunc_ln166 "/>
</bind>
</comp>

<comp id="1534" class="1005" name="lshr_ln_reg_1534">
<pin_list>
<pin id="1535" dir="0" index="0" bw="2" slack="1"/>
<pin id="1536" dir="1" index="1" bw="2" slack="1"/>
</pin_list>
<bind>
<opset="lshr_ln "/>
</bind>
</comp>

</comp_list>

<net_list>
<net id="199"><net_src comp="144" pin="0"/><net_sink comp="196" pin=0"/></net>

<net id="203"><net_src comp="144" pin="0"/><net_sink comp="200" pin=0"/></net>

<net id="207"><net_src comp="144" pin="0"/><net_sink comp="204" pin=0"/></net>

<net id="211"><net_src comp="144" pin="0"/><net_sink comp="208" pin=0"/></net>

<net id="215"><net_src comp="144" pin="0"/><net_sink comp="212" pin=0"/></net>

<net id="221"><net_src comp="0" pin="0"/><net_sink comp="216" pin=0"/></net>

<net id="222"><net_src comp="184" pin="0"/><net_sink comp="216" pin=1"/></net>

<net id="228"><net_src comp="2" pin="0"/><net_sink comp="223" pin=0"/></net>

<net id="229"><net_src comp="184" pin="0"/><net_sink comp="223" pin=1"/></net>

<net id="235"><net_src comp="4" pin="0"/><net_sink comp="230" pin=0"/></net>

<net id="236"><net_src comp="184" pin="0"/><net_sink comp="230" pin=1"/></net>

<net id="242"><net_src comp="6" pin="0"/><net_sink comp="237" pin=0"/></net>

<net id="243"><net_src comp="184" pin="0"/><net_sink comp="237" pin=1"/></net>

<net id="249"><net_src comp="8" pin="0"/><net_sink comp="244" pin=0"/></net>

<net id="250"><net_src comp="184" pin="0"/><net_sink comp="244" pin=1"/></net>

<net id="256"><net_src comp="10" pin="0"/><net_sink comp="251" pin=0"/></net>

<net id="257"><net_src comp="184" pin="0"/><net_sink comp="251" pin=1"/></net>

<net id="263"><net_src comp="12" pin="0"/><net_sink comp="258" pin=0"/></net>

<net id="264"><net_src comp="184" pin="0"/><net_sink comp="258" pin=1"/></net>

<net id="270"><net_src comp="14" pin="0"/><net_sink comp="265" pin=0"/></net>

<net id="271"><net_src comp="184" pin="0"/><net_sink comp="265" pin=1"/></net>

<net id="277"><net_src comp="16" pin="0"/><net_sink comp="272" pin=0"/></net>

<net id="278"><net_src comp="184" pin="0"/><net_sink comp="272" pin=1"/></net>

<net id="284"><net_src comp="18" pin="0"/><net_sink comp="279" pin=0"/></net>

<net id="285"><net_src comp="184" pin="0"/><net_sink comp="279" pin=1"/></net>

<net id="291"><net_src comp="20" pin="0"/><net_sink comp="286" pin=0"/></net>

<net id="292"><net_src comp="184" pin="0"/><net_sink comp="286" pin=1"/></net>

<net id="298"><net_src comp="22" pin="0"/><net_sink comp="293" pin=0"/></net>

<net id="299"><net_src comp="184" pin="0"/><net_sink comp="293" pin=1"/></net>

<net id="305"><net_src comp="24" pin="0"/><net_sink comp="300" pin=0"/></net>

<net id="306"><net_src comp="184" pin="0"/><net_sink comp="300" pin=1"/></net>

<net id="312"><net_src comp="26" pin="0"/><net_sink comp="307" pin=0"/></net>

<net id="313"><net_src comp="184" pin="0"/><net_sink comp="307" pin=1"/></net>

<net id="319"><net_src comp="28" pin="0"/><net_sink comp="314" pin=0"/></net>

<net id="320"><net_src comp="184" pin="0"/><net_sink comp="314" pin=1"/></net>

<net id="326"><net_src comp="30" pin="0"/><net_sink comp="321" pin=0"/></net>

<net id="327"><net_src comp="184" pin="0"/><net_sink comp="321" pin=1"/></net>

<net id="333"><net_src comp="32" pin="0"/><net_sink comp="328" pin=0"/></net>

<net id="334"><net_src comp="184" pin="0"/><net_sink comp="328" pin=1"/></net>

<net id="340"><net_src comp="34" pin="0"/><net_sink comp="335" pin=0"/></net>

<net id="341"><net_src comp="184" pin="0"/><net_sink comp="335" pin=1"/></net>

<net id="347"><net_src comp="36" pin="0"/><net_sink comp="342" pin=0"/></net>

<net id="348"><net_src comp="184" pin="0"/><net_sink comp="342" pin=1"/></net>

<net id="354"><net_src comp="38" pin="0"/><net_sink comp="349" pin=0"/></net>

<net id="355"><net_src comp="184" pin="0"/><net_sink comp="349" pin=1"/></net>

<net id="361"><net_src comp="40" pin="0"/><net_sink comp="356" pin=0"/></net>

<net id="362"><net_src comp="184" pin="0"/><net_sink comp="356" pin=1"/></net>

<net id="368"><net_src comp="42" pin="0"/><net_sink comp="363" pin=0"/></net>

<net id="369"><net_src comp="184" pin="0"/><net_sink comp="363" pin=1"/></net>

<net id="375"><net_src comp="44" pin="0"/><net_sink comp="370" pin=0"/></net>

<net id="376"><net_src comp="184" pin="0"/><net_sink comp="370" pin=1"/></net>

<net id="382"><net_src comp="46" pin="0"/><net_sink comp="377" pin=0"/></net>

<net id="383"><net_src comp="184" pin="0"/><net_sink comp="377" pin=1"/></net>

<net id="389"><net_src comp="48" pin="0"/><net_sink comp="384" pin=0"/></net>

<net id="390"><net_src comp="184" pin="0"/><net_sink comp="384" pin=1"/></net>

<net id="396"><net_src comp="50" pin="0"/><net_sink comp="391" pin=0"/></net>

<net id="397"><net_src comp="184" pin="0"/><net_sink comp="391" pin=1"/></net>

<net id="403"><net_src comp="52" pin="0"/><net_sink comp="398" pin=0"/></net>

<net id="404"><net_src comp="184" pin="0"/><net_sink comp="398" pin=1"/></net>

<net id="410"><net_src comp="54" pin="0"/><net_sink comp="405" pin=0"/></net>

<net id="411"><net_src comp="184" pin="0"/><net_sink comp="405" pin=1"/></net>

<net id="417"><net_src comp="56" pin="0"/><net_sink comp="412" pin=0"/></net>

<net id="418"><net_src comp="184" pin="0"/><net_sink comp="412" pin=1"/></net>

<net id="424"><net_src comp="58" pin="0"/><net_sink comp="419" pin=0"/></net>

<net id="425"><net_src comp="184" pin="0"/><net_sink comp="419" pin=1"/></net>

<net id="431"><net_src comp="60" pin="0"/><net_sink comp="426" pin=0"/></net>

<net id="432"><net_src comp="184" pin="0"/><net_sink comp="426" pin=1"/></net>

<net id="438"><net_src comp="62" pin="0"/><net_sink comp="433" pin=0"/></net>

<net id="439"><net_src comp="184" pin="0"/><net_sink comp="433" pin=1"/></net>

<net id="445"><net_src comp="64" pin="0"/><net_sink comp="440" pin=0"/></net>

<net id="446"><net_src comp="184" pin="0"/><net_sink comp="440" pin=1"/></net>

<net id="452"><net_src comp="66" pin="0"/><net_sink comp="447" pin=0"/></net>

<net id="453"><net_src comp="184" pin="0"/><net_sink comp="447" pin=1"/></net>

<net id="459"><net_src comp="68" pin="0"/><net_sink comp="454" pin=0"/></net>

<net id="460"><net_src comp="184" pin="0"/><net_sink comp="454" pin=1"/></net>

<net id="466"><net_src comp="70" pin="0"/><net_sink comp="461" pin=0"/></net>

<net id="467"><net_src comp="184" pin="0"/><net_sink comp="461" pin=1"/></net>

<net id="473"><net_src comp="72" pin="0"/><net_sink comp="468" pin=0"/></net>

<net id="474"><net_src comp="184" pin="0"/><net_sink comp="468" pin=1"/></net>

<net id="480"><net_src comp="74" pin="0"/><net_sink comp="475" pin=0"/></net>

<net id="481"><net_src comp="184" pin="0"/><net_sink comp="475" pin=1"/></net>

<net id="487"><net_src comp="76" pin="0"/><net_sink comp="482" pin=0"/></net>

<net id="488"><net_src comp="184" pin="0"/><net_sink comp="482" pin=1"/></net>

<net id="494"><net_src comp="78" pin="0"/><net_sink comp="489" pin=0"/></net>

<net id="495"><net_src comp="184" pin="0"/><net_sink comp="489" pin=1"/></net>

<net id="501"><net_src comp="80" pin="0"/><net_sink comp="496" pin=0"/></net>

<net id="502"><net_src comp="184" pin="0"/><net_sink comp="496" pin=1"/></net>

<net id="508"><net_src comp="82" pin="0"/><net_sink comp="503" pin=0"/></net>

<net id="509"><net_src comp="184" pin="0"/><net_sink comp="503" pin=1"/></net>

<net id="515"><net_src comp="84" pin="0"/><net_sink comp="510" pin=0"/></net>

<net id="516"><net_src comp="184" pin="0"/><net_sink comp="510" pin=1"/></net>

<net id="522"><net_src comp="86" pin="0"/><net_sink comp="517" pin=0"/></net>

<net id="523"><net_src comp="184" pin="0"/><net_sink comp="517" pin=1"/></net>

<net id="529"><net_src comp="88" pin="0"/><net_sink comp="524" pin=0"/></net>

<net id="530"><net_src comp="184" pin="0"/><net_sink comp="524" pin=1"/></net>

<net id="536"><net_src comp="90" pin="0"/><net_sink comp="531" pin=0"/></net>

<net id="537"><net_src comp="184" pin="0"/><net_sink comp="531" pin=1"/></net>

<net id="543"><net_src comp="92" pin="0"/><net_sink comp="538" pin=0"/></net>

<net id="544"><net_src comp="184" pin="0"/><net_sink comp="538" pin=1"/></net>

<net id="550"><net_src comp="94" pin="0"/><net_sink comp="545" pin=0"/></net>

<net id="551"><net_src comp="184" pin="0"/><net_sink comp="545" pin=1"/></net>

<net id="557"><net_src comp="96" pin="0"/><net_sink comp="552" pin=0"/></net>

<net id="558"><net_src comp="184" pin="0"/><net_sink comp="552" pin=1"/></net>

<net id="564"><net_src comp="98" pin="0"/><net_sink comp="559" pin=0"/></net>

<net id="565"><net_src comp="184" pin="0"/><net_sink comp="559" pin=1"/></net>

<net id="571"><net_src comp="100" pin="0"/><net_sink comp="566" pin=0"/></net>

<net id="572"><net_src comp="184" pin="0"/><net_sink comp="566" pin=1"/></net>

<net id="578"><net_src comp="102" pin="0"/><net_sink comp="573" pin=0"/></net>

<net id="579"><net_src comp="184" pin="0"/><net_sink comp="573" pin=1"/></net>

<net id="585"><net_src comp="104" pin="0"/><net_sink comp="580" pin=0"/></net>

<net id="586"><net_src comp="184" pin="0"/><net_sink comp="580" pin=1"/></net>

<net id="592"><net_src comp="106" pin="0"/><net_sink comp="587" pin=0"/></net>

<net id="593"><net_src comp="184" pin="0"/><net_sink comp="587" pin=1"/></net>

<net id="599"><net_src comp="108" pin="0"/><net_sink comp="594" pin=0"/></net>

<net id="600"><net_src comp="184" pin="0"/><net_sink comp="594" pin=1"/></net>

<net id="606"><net_src comp="110" pin="0"/><net_sink comp="601" pin=0"/></net>

<net id="607"><net_src comp="184" pin="0"/><net_sink comp="601" pin=1"/></net>

<net id="613"><net_src comp="112" pin="0"/><net_sink comp="608" pin=0"/></net>

<net id="614"><net_src comp="184" pin="0"/><net_sink comp="608" pin=1"/></net>

<net id="620"><net_src comp="114" pin="0"/><net_sink comp="615" pin=0"/></net>

<net id="621"><net_src comp="184" pin="0"/><net_sink comp="615" pin=1"/></net>

<net id="627"><net_src comp="116" pin="0"/><net_sink comp="622" pin=0"/></net>

<net id="628"><net_src comp="184" pin="0"/><net_sink comp="622" pin=1"/></net>

<net id="634"><net_src comp="118" pin="0"/><net_sink comp="629" pin=0"/></net>

<net id="635"><net_src comp="184" pin="0"/><net_sink comp="629" pin=1"/></net>

<net id="641"><net_src comp="120" pin="0"/><net_sink comp="636" pin=0"/></net>

<net id="642"><net_src comp="184" pin="0"/><net_sink comp="636" pin=1"/></net>

<net id="648"><net_src comp="122" pin="0"/><net_sink comp="643" pin=0"/></net>

<net id="649"><net_src comp="184" pin="0"/><net_sink comp="643" pin=1"/></net>

<net id="655"><net_src comp="124" pin="0"/><net_sink comp="650" pin=0"/></net>

<net id="656"><net_src comp="184" pin="0"/><net_sink comp="650" pin=1"/></net>

<net id="662"><net_src comp="126" pin="0"/><net_sink comp="657" pin=0"/></net>

<net id="663"><net_src comp="184" pin="0"/><net_sink comp="657" pin=1"/></net>

<net id="669"><net_src comp="128" pin="0"/><net_sink comp="664" pin=0"/></net>

<net id="670"><net_src comp="184" pin="0"/><net_sink comp="664" pin=1"/></net>

<net id="676"><net_src comp="130" pin="0"/><net_sink comp="671" pin=0"/></net>

<net id="677"><net_src comp="184" pin="0"/><net_sink comp="671" pin=1"/></net>

<net id="683"><net_src comp="132" pin="0"/><net_sink comp="678" pin=0"/></net>

<net id="684"><net_src comp="184" pin="0"/><net_sink comp="678" pin=1"/></net>

<net id="690"><net_src comp="134" pin="0"/><net_sink comp="685" pin=0"/></net>

<net id="691"><net_src comp="184" pin="0"/><net_sink comp="685" pin=1"/></net>

<net id="697"><net_src comp="136" pin="0"/><net_sink comp="692" pin=0"/></net>

<net id="698"><net_src comp="184" pin="0"/><net_sink comp="692" pin=1"/></net>

<net id="704"><net_src comp="138" pin="0"/><net_sink comp="699" pin=0"/></net>

<net id="705"><net_src comp="184" pin="0"/><net_sink comp="699" pin=1"/></net>

<net id="711"><net_src comp="140" pin="0"/><net_sink comp="706" pin=0"/></net>

<net id="712"><net_src comp="184" pin="0"/><net_sink comp="706" pin=1"/></net>

<net id="718"><net_src comp="142" pin="0"/><net_sink comp="713" pin=0"/></net>

<net id="719"><net_src comp="184" pin="0"/><net_sink comp="713" pin=1"/></net>

<net id="725"><net_src comp="194" pin="0"/><net_sink comp="720" pin=1"/></net>

<net id="726"><net_src comp="412" pin="3"/><net_sink comp="720" pin=0"/></net>

<net id="732"><net_src comp="194" pin="0"/><net_sink comp="727" pin=1"/></net>

<net id="733"><net_src comp="405" pin="3"/><net_sink comp="727" pin=0"/></net>

<net id="739"><net_src comp="194" pin="0"/><net_sink comp="734" pin=1"/></net>

<net id="740"><net_src comp="398" pin="3"/><net_sink comp="734" pin=0"/></net>

<net id="746"><net_src comp="194" pin="0"/><net_sink comp="741" pin=1"/></net>

<net id="747"><net_src comp="391" pin="3"/><net_sink comp="741" pin=0"/></net>

<net id="753"><net_src comp="194" pin="0"/><net_sink comp="748" pin=1"/></net>

<net id="754"><net_src comp="384" pin="3"/><net_sink comp="748" pin=0"/></net>

<net id="760"><net_src comp="194" pin="0"/><net_sink comp="755" pin=1"/></net>

<net id="761"><net_src comp="419" pin="3"/><net_sink comp="755" pin=0"/></net>

<net id="767"><net_src comp="194" pin="0"/><net_sink comp="762" pin=1"/></net>

<net id="768"><net_src comp="370" pin="3"/><net_sink comp="762" pin=0"/></net>

<net id="774"><net_src comp="194" pin="0"/><net_sink comp="769" pin=1"/></net>

<net id="775"><net_src comp="363" pin="3"/><net_sink comp="769" pin=0"/></net>

<net id="781"><net_src comp="194" pin="0"/><net_sink comp="776" pin=1"/></net>

<net id="782"><net_src comp="356" pin="3"/><net_sink comp="776" pin=0"/></net>

<net id="788"><net_src comp="194" pin="0"/><net_sink comp="783" pin=1"/></net>

<net id="789"><net_src comp="349" pin="3"/><net_sink comp="783" pin=0"/></net>

<net id="795"><net_src comp="194" pin="0"/><net_sink comp="790" pin=1"/></net>

<net id="796"><net_src comp="342" pin="3"/><net_sink comp="790" pin=0"/></net>

<net id="802"><net_src comp="194" pin="0"/><net_sink comp="797" pin=1"/></net>

<net id="803"><net_src comp="377" pin="3"/><net_sink comp="797" pin=0"/></net>

<net id="809"><net_src comp="194" pin="0"/><net_sink comp="804" pin=1"/></net>

<net id="810"><net_src comp="328" pin="3"/><net_sink comp="804" pin=0"/></net>

<net id="816"><net_src comp="194" pin="0"/><net_sink comp="811" pin=1"/></net>

<net id="817"><net_src comp="321" pin="3"/><net_sink comp="811" pin=0"/></net>

<net id="823"><net_src comp="194" pin="0"/><net_sink comp="818" pin=1"/></net>

<net id="824"><net_src comp="314" pin="3"/><net_sink comp="818" pin=0"/></net>

<net id="830"><net_src comp="194" pin="0"/><net_sink comp="825" pin=1"/></net>

<net id="831"><net_src comp="307" pin="3"/><net_sink comp="825" pin=0"/></net>

<net id="837"><net_src comp="194" pin="0"/><net_sink comp="832" pin=1"/></net>

<net id="838"><net_src comp="300" pin="3"/><net_sink comp="832" pin=0"/></net>

<net id="844"><net_src comp="194" pin="0"/><net_sink comp="839" pin=1"/></net>

<net id="845"><net_src comp="335" pin="3"/><net_sink comp="839" pin=0"/></net>

<net id="851"><net_src comp="194" pin="0"/><net_sink comp="846" pin=1"/></net>

<net id="852"><net_src comp="286" pin="3"/><net_sink comp="846" pin=0"/></net>

<net id="858"><net_src comp="194" pin="0"/><net_sink comp="853" pin=1"/></net>

<net id="859"><net_src comp="279" pin="3"/><net_sink comp="853" pin=0"/></net>

<net id="865"><net_src comp="194" pin="0"/><net_sink comp="860" pin=1"/></net>

<net id="866"><net_src comp="272" pin="3"/><net_sink comp="860" pin=0"/></net>

<net id="872"><net_src comp="194" pin="0"/><net_sink comp="867" pin=1"/></net>

<net id="873"><net_src comp="265" pin="3"/><net_sink comp="867" pin=0"/></net>

<net id="879"><net_src comp="194" pin="0"/><net_sink comp="874" pin=1"/></net>

<net id="880"><net_src comp="258" pin="3"/><net_sink comp="874" pin=0"/></net>

<net id="886"><net_src comp="194" pin="0"/><net_sink comp="881" pin=1"/></net>

<net id="887"><net_src comp="293" pin="3"/><net_sink comp="881" pin=0"/></net>

<net id="893"><net_src comp="194" pin="0"/><net_sink comp="888" pin=1"/></net>

<net id="894"><net_src comp="244" pin="3"/><net_sink comp="888" pin=0"/></net>

<net id="900"><net_src comp="194" pin="0"/><net_sink comp="895" pin=1"/></net>

<net id="901"><net_src comp="237" pin="3"/><net_sink comp="895" pin=0"/></net>

<net id="907"><net_src comp="194" pin="0"/><net_sink comp="902" pin=1"/></net>

<net id="908"><net_src comp="230" pin="3"/><net_sink comp="902" pin=0"/></net>

<net id="914"><net_src comp="194" pin="0"/><net_sink comp="909" pin=1"/></net>

<net id="915"><net_src comp="223" pin="3"/><net_sink comp="909" pin=0"/></net>

<net id="921"><net_src comp="194" pin="0"/><net_sink comp="916" pin=1"/></net>

<net id="922"><net_src comp="216" pin="3"/><net_sink comp="916" pin=0"/></net>

<net id="928"><net_src comp="194" pin="0"/><net_sink comp="923" pin=1"/></net>

<net id="929"><net_src comp="251" pin="3"/><net_sink comp="923" pin=0"/></net>

<net id="935"><net_src comp="194" pin="0"/><net_sink comp="930" pin=1"/></net>

<net id="936"><net_src comp="454" pin="3"/><net_sink comp="930" pin=0"/></net>

<net id="942"><net_src comp="194" pin="0"/><net_sink comp="937" pin=1"/></net>

<net id="943"><net_src comp="447" pin="3"/><net_sink comp="937" pin=0"/></net>

<net id="949"><net_src comp="194" pin="0"/><net_sink comp="944" pin=1"/></net>

<net id="950"><net_src comp="440" pin="3"/><net_sink comp="944" pin=0"/></net>

<net id="956"><net_src comp="194" pin="0"/><net_sink comp="951" pin=1"/></net>

<net id="957"><net_src comp="433" pin="3"/><net_sink comp="951" pin=0"/></net>

<net id="963"><net_src comp="194" pin="0"/><net_sink comp="958" pin=1"/></net>

<net id="964"><net_src comp="426" pin="3"/><net_sink comp="958" pin=0"/></net>

<net id="970"><net_src comp="194" pin="0"/><net_sink comp="965" pin=1"/></net>

<net id="971"><net_src comp="461" pin="3"/><net_sink comp="965" pin=0"/></net>

<net id="977"><net_src comp="194" pin="0"/><net_sink comp="972" pin=1"/></net>

<net id="978"><net_src comp="664" pin="3"/><net_sink comp="972" pin=0"/></net>

<net id="984"><net_src comp="194" pin="0"/><net_sink comp="979" pin=1"/></net>

<net id="985"><net_src comp="657" pin="3"/><net_sink comp="979" pin=0"/></net>

<net id="991"><net_src comp="194" pin="0"/><net_sink comp="986" pin=1"/></net>

<net id="992"><net_src comp="650" pin="3"/><net_sink comp="986" pin=0"/></net>

<net id="998"><net_src comp="194" pin="0"/><net_sink comp="993" pin=1"/></net>

<net id="999"><net_src comp="643" pin="3"/><net_sink comp="993" pin=0"/></net>

<net id="1005"><net_src comp="194" pin="0"/><net_sink comp="1000" pin=1"/></net>

<net id="1006"><net_src comp="636" pin="3"/><net_sink comp="1000" pin=0"/></net>

<net id="1012"><net_src comp="194" pin="0"/><net_sink comp="1007" pin=1"/></net>

<net id="1013"><net_src comp="671" pin="3"/><net_sink comp="1007" pin=0"/></net>

<net id="1019"><net_src comp="194" pin="0"/><net_sink comp="1014" pin=1"/></net>

<net id="1020"><net_src comp="622" pin="3"/><net_sink comp="1014" pin=0"/></net>

<net id="1026"><net_src comp="194" pin="0"/><net_sink comp="1021" pin=1"/></net>

<net id="1027"><net_src comp="615" pin="3"/><net_sink comp="1021" pin=0"/></net>

<net id="1033"><net_src comp="194" pin="0"/><net_sink comp="1028" pin=1"/></net>

<net id="1034"><net_src comp="608" pin="3"/><net_sink comp="1028" pin=0"/></net>

<net id="1040"><net_src comp="194" pin="0"/><net_sink comp="1035" pin=1"/></net>

<net id="1041"><net_src comp="601" pin="3"/><net_sink comp="1035" pin=0"/></net>

<net id="1047"><net_src comp="194" pin="0"/><net_sink comp="1042" pin=1"/></net>

<net id="1048"><net_src comp="594" pin="3"/><net_sink comp="1042" pin=0"/></net>

<net id="1054"><net_src comp="194" pin="0"/><net_sink comp="1049" pin=1"/></net>

<net id="1055"><net_src comp="629" pin="3"/><net_sink comp="1049" pin=0"/></net>

<net id="1061"><net_src comp="194" pin="0"/><net_sink comp="1056" pin=1"/></net>

<net id="1062"><net_src comp="580" pin="3"/><net_sink comp="1056" pin=0"/></net>

<net id="1068"><net_src comp="194" pin="0"/><net_sink comp="1063" pin=1"/></net>

<net id="1069"><net_src comp="573" pin="3"/><net_sink comp="1063" pin=0"/></net>

<net id="1075"><net_src comp="194" pin="0"/><net_sink comp="1070" pin=1"/></net>

<net id="1076"><net_src comp="566" pin="3"/><net_sink comp="1070" pin=0"/></net>

<net id="1082"><net_src comp="194" pin="0"/><net_sink comp="1077" pin=1"/></net>

<net id="1083"><net_src comp="559" pin="3"/><net_sink comp="1077" pin=0"/></net>

<net id="1089"><net_src comp="194" pin="0"/><net_sink comp="1084" pin=1"/></net>

<net id="1090"><net_src comp="552" pin="3"/><net_sink comp="1084" pin=0"/></net>

<net id="1096"><net_src comp="194" pin="0"/><net_sink comp="1091" pin=1"/></net>

<net id="1097"><net_src comp="587" pin="3"/><net_sink comp="1091" pin=0"/></net>

<net id="1103"><net_src comp="194" pin="0"/><net_sink comp="1098" pin=1"/></net>

<net id="1104"><net_src comp="538" pin="3"/><net_sink comp="1098" pin=0"/></net>

<net id="1110"><net_src comp="194" pin="0"/><net_sink comp="1105" pin=1"/></net>

<net id="1111"><net_src comp="531" pin="3"/><net_sink comp="1105" pin=0"/></net>

<net id="1117"><net_src comp="194" pin="0"/><net_sink comp="1112" pin=1"/></net>

<net id="1118"><net_src comp="524" pin="3"/><net_sink comp="1112" pin=0"/></net>

<net id="1124"><net_src comp="194" pin="0"/><net_sink comp="1119" pin=1"/></net>

<net id="1125"><net_src comp="517" pin="3"/><net_sink comp="1119" pin=0"/></net>

<net id="1131"><net_src comp="194" pin="0"/><net_sink comp="1126" pin=1"/></net>

<net id="1132"><net_src comp="510" pin="3"/><net_sink comp="1126" pin=0"/></net>

<net id="1138"><net_src comp="194" pin="0"/><net_sink comp="1133" pin=1"/></net>

<net id="1139"><net_src comp="545" pin="3"/><net_sink comp="1133" pin=0"/></net>

<net id="1145"><net_src comp="194" pin="0"/><net_sink comp="1140" pin=1"/></net>

<net id="1146"><net_src comp="496" pin="3"/><net_sink comp="1140" pin=0"/></net>

<net id="1152"><net_src comp="194" pin="0"/><net_sink comp="1147" pin=1"/></net>

<net id="1153"><net_src comp="489" pin="3"/><net_sink comp="1147" pin=0"/></net>

<net id="1159"><net_src comp="194" pin="0"/><net_sink comp="1154" pin=1"/></net>

<net id="1160"><net_src comp="482" pin="3"/><net_sink comp="1154" pin=0"/></net>

<net id="1166"><net_src comp="194" pin="0"/><net_sink comp="1161" pin=1"/></net>

<net id="1167"><net_src comp="475" pin="3"/><net_sink comp="1161" pin=0"/></net>

<net id="1173"><net_src comp="194" pin="0"/><net_sink comp="1168" pin=1"/></net>

<net id="1174"><net_src comp="468" pin="3"/><net_sink comp="1168" pin=0"/></net>

<net id="1180"><net_src comp="194" pin="0"/><net_sink comp="1175" pin=1"/></net>

<net id="1181"><net_src comp="503" pin="3"/><net_sink comp="1175" pin=0"/></net>

<net id="1187"><net_src comp="194" pin="0"/><net_sink comp="1182" pin=1"/></net>

<net id="1188"><net_src comp="706" pin="3"/><net_sink comp="1182" pin=0"/></net>

<net id="1194"><net_src comp="194" pin="0"/><net_sink comp="1189" pin=1"/></net>

<net id="1195"><net_src comp="699" pin="3"/><net_sink comp="1189" pin=0"/></net>

<net id="1201"><net_src comp="194" pin="0"/><net_sink comp="1196" pin=1"/></net>

<net id="1202"><net_src comp="692" pin="3"/><net_sink comp="1196" pin=0"/></net>

<net id="1208"><net_src comp="194" pin="0"/><net_sink comp="1203" pin=1"/></net>

<net id="1209"><net_src comp="685" pin="3"/><net_sink comp="1203" pin=0"/></net>

<net id="1215"><net_src comp="194" pin="0"/><net_sink comp="1210" pin=1"/></net>

<net id="1216"><net_src comp="678" pin="3"/><net_sink comp="1210" pin=0"/></net>

<net id="1222"><net_src comp="194" pin="0"/><net_sink comp="1217" pin=1"/></net>

<net id="1223"><net_src comp="713" pin="3"/><net_sink comp="1217" pin=0"/></net>

<net id="1228"><net_src comp="146" pin="0"/><net_sink comp="1224" pin=0"/></net>

<net id="1233"><net_src comp="148" pin="0"/><net_sink comp="1229" pin=0"/></net>

<net id="1238"><net_src comp="150" pin="0"/><net_sink comp="1234" pin=0"/></net>

<net id="1243"><net_src comp="148" pin="0"/><net_sink comp="1239" pin=0"/></net>

<net id="1248"><net_src comp="148" pin="0"/><net_sink comp="1244" pin=0"/></net>

<net id="1259"><net_src comp="1252" pin="1"/><net_sink comp="1255" pin=0"/></net>

<net id="1260"><net_src comp="152" pin="0"/><net_sink comp="1255" pin=1"/></net>

<net id="1265"><net_src comp="1252" pin="1"/><net_sink comp="1261" pin=0"/></net>

<net id="1266"><net_src comp="154" pin="0"/><net_sink comp="1261" pin=1"/></net>

<net id="1280"><net_src comp="1273" pin="1"/><net_sink comp="1276" pin=0"/></net>

<net id="1281"><net_src comp="156" pin="0"/><net_sink comp="1276" pin=1"/></net>

<net id="1286"><net_src comp="1249" pin="1"/><net_sink comp="1282" pin=0"/></net>

<net id="1287"><net_src comp="158" pin="0"/><net_sink comp="1282" pin=1"/></net>

<net id="1293"><net_src comp="1282" pin="2"/><net_sink comp="1288" pin=0"/></net>

<net id="1294"><net_src comp="148" pin="0"/><net_sink comp="1288" pin=1"/></net>

<net id="1295"><net_src comp="1270" pin="1"/><net_sink comp="1288" pin=2"/></net>

<net id="1300"><net_src comp="1282" pin="2"/><net_sink comp="1296" pin=0"/></net>

<net id="1301"><net_src comp="160" pin="0"/><net_sink comp="1296" pin=1"/></net>

<net id="1306"><net_src comp="1267" pin="1"/><net_sink comp="1302" pin=0"/></net>

<net id="1307"><net_src comp="162" pin="0"/><net_sink comp="1302" pin=1"/></net>

<net id="1312"><net_src comp="1302" pin="2"/><net_sink comp="1308" pin=0"/></net>

<net id="1313"><net_src comp="1296" pin="2"/><net_sink comp="1308" pin=1"/></net>

<net id="1319"><net_src comp="1282" pin="2"/><net_sink comp="1314" pin=0"/></net>

<net id="1320"><net_src comp="1276" pin="2"/><net_sink comp="1314" pin=1"/></net>

<net id="1321"><net_src comp="1273" pin="1"/><net_sink comp="1314" pin=2"/></net>

<net id="1326"><net_src comp="1288" pin="3"/><net_sink comp="1322" pin=0"/></net>

<net id="1327"><net_src comp="156" pin="0"/><net_sink comp="1322" pin=1"/></net>

<net id="1332"><net_src comp="1308" pin="2"/><net_sink comp="1328" pin=0"/></net>

<net id="1333"><net_src comp="1282" pin="2"/><net_sink comp="1328" pin=1"/></net>

<net id="1339"><net_src comp="1328" pin="2"/><net_sink comp="1334" pin=0"/></net>

<net id="1340"><net_src comp="148" pin="0"/><net_sink comp="1334" pin=1"/></net>

<net id="1341"><net_src comp="1267" pin="1"/><net_sink comp="1334" pin=2"/></net>

<net id="1347"><net_src comp="1308" pin="2"/><net_sink comp="1342" pin=0"/></net>

<net id="1348"><net_src comp="1322" pin="2"/><net_sink comp="1342" pin=1"/></net>

<net id="1349"><net_src comp="1288" pin="3"/><net_sink comp="1342" pin=2"/></net>

<net id="1353"><net_src comp="1314" pin="3"/><net_sink comp="1350" pin=0"/></net>

<net id="1360"><net_src comp="164" pin="0"/><net_sink comp="1354" pin=0"/></net>

<net id="1361"><net_src comp="1314" pin="3"/><net_sink comp="1354" pin=1"/></net>

<net id="1362"><net_src comp="144" pin="0"/><net_sink comp="1354" pin=2"/></net>

<net id="1363"><net_src comp="166" pin="0"/><net_sink comp="1354" pin=3"/></net>

<net id="1368"><net_src comp="1334" pin="3"/><net_sink comp="1364" pin=0"/></net>

<net id="1369"><net_src comp="156" pin="0"/><net_sink comp="1364" pin=1"/></net>

<net id="1374"><net_src comp="1249" pin="1"/><net_sink comp="1370" pin=0"/></net>

<net id="1375"><net_src comp="174" pin="0"/><net_sink comp="1370" pin=1"/></net>

<net id="1381"><net_src comp="1282" pin="2"/><net_sink comp="1376" pin=0"/></net>

<net id="1382"><net_src comp="174" pin="0"/><net_sink comp="1376" pin=1"/></net>

<net id="1383"><net_src comp="1370" pin="2"/><net_sink comp="1376" pin=2"/></net>

<net id="1388"><net_src comp="1261" pin="2"/><net_sink comp="1384" pin=0"/></net>

<net id="1393"><net_src comp="1314" pin="3"/><net_sink comp="1389" pin=0"/></net>

<net id="1398"><net_src comp="1376" pin="3"/><net_sink comp="1394" pin=0"/></net>

<net id="1403"><net_src comp="1342" pin="3"/><net_sink comp="1399" pin=0"/></net>

<net id="1408"><net_src comp="1364" pin="2"/><net_sink comp="1404" pin=0"/></net>

<net id="1412"><net_src comp="1409" pin="1"/><net_sink comp="216" pin=2"/></net>

<net id="1413"><net_src comp="1409" pin="1"/><net_sink comp="223" pin=2"/></net>

<net id="1414"><net_src comp="1409" pin="1"/><net_sink comp="230" pin=2"/></net>

<net id="1415"><net_src comp="1409" pin="1"/><net_sink comp="237" pin=2"/></net>

<net id="1416"><net_src comp="1409" pin="1"/><net_sink comp="244" pin=2"/></net>

<net id="1417"><net_src comp="1409" pin="1"/><net_sink comp="251" pin=2"/></net>

<net id="1418"><net_src comp="1409" pin="1"/><net_sink comp="258" pin=2"/></net>

<net id="1419"><net_src comp="1409" pin="1"/><net_sink comp="265" pin=2"/></net>

<net id="1420"><net_src comp="1409" pin="1"/><net_sink comp="272" pin=2"/></net>

<net id="1421"><net_src comp="1409" pin="1"/><net_sink comp="279" pin=2"/></net>

<net id="1422"><net_src comp="1409" pin="1"/><net_sink comp="286" pin=2"/></net>

<net id="1423"><net_src comp="1409" pin="1"/><net_sink comp="293" pin=2"/></net>

<net id="1424"><net_src comp="1409" pin="1"/><net_sink comp="300" pin=2"/></net>

<net id="1425"><net_src comp="1409" pin="1"/><net_sink comp="307" pin=2"/></net>

<net id="1426"><net_src comp="1409" pin="1"/><net_sink comp="314" pin=2"/></net>

<net id="1427"><net_src comp="1409" pin="1"/><net_sink comp="321" pin=2"/></net>

<net id="1428"><net_src comp="1409" pin="1"/><net_sink comp="328" pin=2"/></net>

<net id="1429"><net_src comp="1409" pin="1"/><net_sink comp="335" pin=2"/></net>

<net id="1430"><net_src comp="1409" pin="1"/><net_sink comp="342" pin=2"/></net>

<net id="1431"><net_src comp="1409" pin="1"/><net_sink comp="349" pin=2"/></net>

<net id="1432"><net_src comp="1409" pin="1"/><net_sink comp="356" pin=2"/></net>

<net id="1433"><net_src comp="1409" pin="1"/><net_sink comp="363" pin=2"/></net>

<net id="1434"><net_src comp="1409" pin="1"/><net_sink comp="370" pin=2"/></net>

<net id="1435"><net_src comp="1409" pin="1"/><net_sink comp="377" pin=2"/></net>

<net id="1436"><net_src comp="1409" pin="1"/><net_sink comp="384" pin=2"/></net>

<net id="1437"><net_src comp="1409" pin="1"/><net_sink comp="391" pin=2"/></net>

<net id="1438"><net_src comp="1409" pin="1"/><net_sink comp="398" pin=2"/></net>

<net id="1439"><net_src comp="1409" pin="1"/><net_sink comp="405" pin=2"/></net>

<net id="1440"><net_src comp="1409" pin="1"/><net_sink comp="412" pin=2"/></net>

<net id="1441"><net_src comp="1409" pin="1"/><net_sink comp="419" pin=2"/></net>

<net id="1442"><net_src comp="1409" pin="1"/><net_sink comp="426" pin=2"/></net>

<net id="1443"><net_src comp="1409" pin="1"/><net_sink comp="433" pin=2"/></net>

<net id="1444"><net_src comp="1409" pin="1"/><net_sink comp="440" pin=2"/></net>

<net id="1445"><net_src comp="1409" pin="1"/><net_sink comp="447" pin=2"/></net>

<net id="1446"><net_src comp="1409" pin="1"/><net_sink comp="454" pin=2"/></net>

<net id="1447"><net_src comp="1409" pin="1"/><net_sink comp="461" pin=2"/></net>

<net id="1448"><net_src comp="1409" pin="1"/><net_sink comp="468" pin=2"/></net>

<net id="1449"><net_src comp="1409" pin="1"/><net_sink comp="475" pin=2"/></net>

<net id="1450"><net_src comp="1409" pin="1"/><net_sink comp="482" pin=2"/></net>

<net id="1451"><net_src comp="1409" pin="1"/><net_sink comp="489" pin=2"/></net>

<net id="1452"><net_src comp="1409" pin="1"/><net_sink comp="496" pin=2"/></net>

<net id="1453"><net_src comp="1409" pin="1"/><net_sink comp="503" pin=2"/></net>

<net id="1454"><net_src comp="1409" pin="1"/><net_sink comp="510" pin=2"/></net>

<net id="1455"><net_src comp="1409" pin="1"/><net_sink comp="517" pin=2"/></net>

<net id="1456"><net_src comp="1409" pin="1"/><net_sink comp="524" pin=2"/></net>

<net id="1457"><net_src comp="1409" pin="1"/><net_sink comp="531" pin=2"/></net>

<net id="1458"><net_src comp="1409" pin="1"/><net_sink comp="538" pin=2"/></net>

<net id="1459"><net_src comp="1409" pin="1"/><net_sink comp="545" pin=2"/></net>

<net id="1460"><net_src comp="1409" pin="1"/><net_sink comp="552" pin=2"/></net>

<net id="1461"><net_src comp="1409" pin="1"/><net_sink comp="559" pin=2"/></net>

<net id="1462"><net_src comp="1409" pin="1"/><net_sink comp="566" pin=2"/></net>

<net id="1463"><net_src comp="1409" pin="1"/><net_sink comp="573" pin=2"/></net>

<net id="1464"><net_src comp="1409" pin="1"/><net_sink comp="580" pin=2"/></net>

<net id="1465"><net_src comp="1409" pin="1"/><net_sink comp="587" pin=2"/></net>

<net id="1466"><net_src comp="1409" pin="1"/><net_sink comp="594" pin=2"/></net>

<net id="1467"><net_src comp="1409" pin="1"/><net_sink comp="601" pin=2"/></net>

<net id="1468"><net_src comp="1409" pin="1"/><net_sink comp="608" pin=2"/></net>

<net id="1469"><net_src comp="1409" pin="1"/><net_sink comp="615" pin=2"/></net>

<net id="1470"><net_src comp="1409" pin="1"/><net_sink comp="622" pin=2"/></net>

<net id="1471"><net_src comp="1409" pin="1"/><net_sink comp="629" pin=2"/></net>

<net id="1472"><net_src comp="1409" pin="1"/><net_sink comp="636" pin=2"/></net>

<net id="1473"><net_src comp="1409" pin="1"/><net_sink comp="643" pin=2"/></net>

<net id="1474"><net_src comp="1409" pin="1"/><net_sink comp="650" pin=2"/></net>

<net id="1475"><net_src comp="1409" pin="1"/><net_sink comp="657" pin=2"/></net>

<net id="1476"><net_src comp="1409" pin="1"/><net_sink comp="664" pin=2"/></net>

<net id="1477"><net_src comp="1409" pin="1"/><net_sink comp="671" pin=2"/></net>

<net id="1478"><net_src comp="1409" pin="1"/><net_sink comp="678" pin=2"/></net>

<net id="1479"><net_src comp="1409" pin="1"/><net_sink comp="685" pin=2"/></net>

<net id="1480"><net_src comp="1409" pin="1"/><net_sink comp="692" pin=2"/></net>

<net id="1481"><net_src comp="1409" pin="1"/><net_sink comp="699" pin=2"/></net>

<net id="1482"><net_src comp="1409" pin="1"/><net_sink comp="706" pin=2"/></net>

<net id="1483"><net_src comp="1409" pin="1"/><net_sink comp="713" pin=2"/></net>

<net id="1487"><net_src comp="196" pin="1"/><net_sink comp="1484" pin=0"/></net>

<net id="1488"><net_src comp="1484" pin="1"/><net_sink comp="1244" pin=1"/></net>

<net id="1489"><net_src comp="1484" pin="1"/><net_sink comp="1267" pin=0"/></net>

<net id="1490"><net_src comp="1484" pin="1"/><net_sink comp="1404" pin=1"/></net>

<net id="1494"><net_src comp="200" pin="1"/><net_sink comp="1491" pin=0"/></net>

<net id="1495"><net_src comp="1491" pin="1"/><net_sink comp="1239" pin=1"/></net>

<net id="1496"><net_src comp="1491" pin="1"/><net_sink comp="1270" pin=0"/></net>

<net id="1497"><net_src comp="1491" pin="1"/><net_sink comp="1399" pin=1"/></net>

<net id="1501"><net_src comp="204" pin="1"/><net_sink comp="1498" pin=0"/></net>

<net id="1502"><net_src comp="1498" pin="1"/><net_sink comp="1234" pin=1"/></net>

<net id="1503"><net_src comp="1498" pin="1"/><net_sink comp="1249" pin=0"/></net>

<net id="1504"><net_src comp="1498" pin="1"/><net_sink comp="1394" pin=1"/></net>

<net id="1508"><net_src comp="208" pin="1"/><net_sink comp="1505" pin=0"/></net>

<net id="1509"><net_src comp="1505" pin="1"/><net_sink comp="1229" pin=1"/></net>

<net id="1510"><net_src comp="1505" pin="1"/><net_sink comp="1273" pin=0"/></net>

<net id="1511"><net_src comp="1505" pin="1"/><net_sink comp="1389" pin=1"/></net>

<net id="1515"><net_src comp="212" pin="1"/><net_sink comp="1512" pin=0"/></net>

<net id="1516"><net_src comp="1512" pin="1"/><net_sink comp="1224" pin=1"/></net>

<net id="1517"><net_src comp="1512" pin="1"/><net_sink comp="1252" pin=0"/></net>

<net id="1518"><net_src comp="1512" pin="1"/><net_sink comp="1384" pin=1"/></net>

<net id="1525"><net_src comp="1334" pin="3"/><net_sink comp="1522" pin=0"/></net>

<net id="1529"><net_src comp="1342" pin="3"/><net_sink comp="1526" pin=0"/></net>

<net id="1533"><net_src comp="1350" pin="1"/><net_sink comp="1530" pin=0"/></net>

<net id="1537"><net_src comp="1354" pin="4"/><net_sink comp="1534" pin=0"/></net>

<net id="1538"><net_src comp="1534" pin="1"/><net_sink comp="1409" pin=0"/></net>

</net_list>

</model> 
---------------- Datapath Model END ------------------

* FSMD analyzer results:
  - Output states:
	Port: correction | {2 }
	Port: correction_1 | {2 }
	Port: correction_2 | {2 }
	Port: correction_3 | {2 }
	Port: correction_4 | {2 }
	Port: correction_5 | {2 }
	Port: correction_6 | {2 }
	Port: correction_7 | {2 }
	Port: correction_8 | {2 }
	Port: correction_9 | {2 }
	Port: correction_10 | {2 }
	Port: correction_11 | {2 }
	Port: correction_12 | {2 }
	Port: correction_13 | {2 }
	Port: correction_14 | {2 }
	Port: correction_15 | {2 }
	Port: correction_16 | {2 }
	Port: correction_17 | {2 }
	Port: correction_18 | {2 }
	Port: correction_19 | {2 }
	Port: correction_20 | {2 }
	Port: correction_21 | {2 }
	Port: correction_22 | {2 }
	Port: correction_23 | {2 }
	Port: correction_24 | {2 }
	Port: correction_25 | {2 }
	Port: correction_26 | {2 }
	Port: correction_27 | {2 }
	Port: correction_28 | {2 }
	Port: correction_29 | {2 }
	Port: correction_30 | {2 }
	Port: correction_31 | {2 }
	Port: correction_32 | {2 }
	Port: correction_33 | {2 }
	Port: correction_34 | {2 }
	Port: correction_35 | {2 }
	Port: correction_36 | {2 }
	Port: correction_37 | {2 }
	Port: correction_38 | {2 }
	Port: correction_39 | {2 }
	Port: correction_40 | {2 }
	Port: correction_41 | {2 }
	Port: correction_42 | {2 }
	Port: correction_43 | {2 }
	Port: correction_44 | {2 }
	Port: correction_45 | {2 }
	Port: correction_46 | {2 }
	Port: correction_47 | {2 }
	Port: correction_48 | {2 }
	Port: correction_49 | {2 }
	Port: correction_50 | {2 }
	Port: correction_51 | {2 }
	Port: correction_52 | {2 }
	Port: correction_53 | {2 }
	Port: correction_54 | {2 }
	Port: correction_55 | {2 }
	Port: correction_56 | {2 }
	Port: correction_57 | {2 }
	Port: correction_58 | {2 }
	Port: correction_59 | {2 }
	Port: correction_60 | {2 }
	Port: correction_61 | {2 }
	Port: correction_62 | {2 }
	Port: correction_63 | {2 }
	Port: correction_64 | {2 }
	Port: correction_65 | {2 }
	Port: correction_66 | {2 }
	Port: correction_67 | {2 }
	Port: correction_68 | {2 }
	Port: correction_69 | {2 }
	Port: correction_70 | {2 }
	Port: correction_71 | {2 }
 - Input state : 
  - Chain level:
	State 1
		store_ln0 : 1
		store_ln166 : 1
		store_ln0 : 1
		store_ln167 : 1
		store_ln168 : 1
		indvar_flatten_load : 1
		indvar_flatten12_load : 1
		icmp_ln166 : 2
		add_ln166_1 : 2
		br_ln166 : 3
		x_load : 1
		y_load : 1
		t_load : 1
		add_ln166 : 2
		icmp_ln167 : 2
		select_ln166 : 3
		xor_ln166 : 3
		icmp_ln168 : 2
		and_ln166 : 3
		select_ln166_1 : 3
		add_ln167 : 4
		or_ln167 : 3
		select_ln167 : 3
		select_ln167_1 : 3
		trunc_ln166 : 4
		lshr_ln : 4
		br_ln169 : 5
		switch_ln169 : 4
		switch_ln169 : 4
		switch_ln169 : 4
		switch_ln169 : 4
		switch_ln169 : 4
		switch_ln169 : 4
		switch_ln169 : 4
		switch_ln169 : 4
		switch_ln169 : 4
		switch_ln169 : 4
		switch_ln169 : 4
		switch_ln169 : 4
		add_ln168 : 4
		add_ln167_1 : 2
		select_ln167_2 : 3
		store_ln166 : 3
		store_ln166 : 4
		store_ln167 : 4
		store_ln167 : 4
		store_ln168 : 5
	State 2
		correction_addr : 1
		correction_1_addr : 1
		correction_2_addr : 1
		correction_3_addr : 1
		correction_4_addr : 1
		correction_5_addr : 1
		correction_6_addr : 1
		correction_7_addr : 1
		correction_8_addr : 1
		correction_9_addr : 1
		correction_10_addr : 1
		correction_11_addr : 1
		correction_12_addr : 1
		correction_13_addr : 1
		correction_14_addr : 1
		correction_15_addr : 1
		correction_16_addr : 1
		correction_17_addr : 1
		correction_18_addr : 1
		correction_19_addr : 1
		correction_20_addr : 1
		correction_21_addr : 1
		correction_22_addr : 1
		correction_23_addr : 1
		correction_24_addr : 1
		correction_25_addr : 1
		correction_26_addr : 1
		correction_27_addr : 1
		correction_28_addr : 1
		correction_29_addr : 1
		correction_30_addr : 1
		correction_31_addr : 1
		correction_32_addr : 1
		correction_33_addr : 1
		correction_34_addr : 1
		correction_35_addr : 1
		correction_36_addr : 1
		correction_37_addr : 1
		correction_38_addr : 1
		correction_39_addr : 1
		correction_40_addr : 1
		correction_41_addr : 1
		correction_42_addr : 1
		correction_43_addr : 1
		correction_44_addr : 1
		correction_45_addr : 1
		correction_46_addr : 1
		correction_47_addr : 1
		correction_48_addr : 1
		correction_49_addr : 1
		correction_50_addr : 1
		correction_51_addr : 1
		correction_52_addr : 1
		correction_53_addr : 1
		correction_54_addr : 1
		correction_55_addr : 1
		correction_56_addr : 1
		correction_57_addr : 1
		correction_58_addr : 1
		correction_59_addr : 1
		correction_60_addr : 1
		correction_61_addr : 1
		correction_62_addr : 1
		correction_63_addr : 1
		correction_64_addr : 1
		correction_65_addr : 1
		correction_66_addr : 1
		correction_67_addr : 1
		correction_68_addr : 1
		correction_69_addr : 1
		correction_70_addr : 1
		correction_71_addr : 1
		store_ln169 : 2
		store_ln169 : 2
		store_ln169 : 2
		store_ln169 : 2
		store_ln169 : 2
		store_ln169 : 2
		store_ln169 : 2
		store_ln169 : 2
		store_ln169 : 2
		store_ln169 : 2
		store_ln169 : 2
		store_ln169 : 2
		store_ln169 : 2
		store_ln169 : 2
		store_ln169 : 2
		store_ln169 : 2
		store_ln169 : 2
		store_ln169 : 2
		store_ln169 : 2
		store_ln169 : 2
		store_ln169 : 2
		store_ln169 : 2
		store_ln169 : 2
		store_ln169 : 2
		store_ln169 : 2
		store_ln169 : 2
		store_ln169 : 2
		store_ln169 : 2
		store_ln169 : 2
		store_ln169 : 2
		store_ln169 : 2
		store_ln169 : 2
		store_ln169 : 2
		store_ln169 : 2
		store_ln169 : 2
		store_ln169 : 2
		store_ln169 : 2
		store_ln169 : 2
		store_ln169 : 2
		store_ln169 : 2
		store_ln169 : 2
		store_ln169 : 2
		store_ln169 : 2
		store_ln169 : 2
		store_ln169 : 2
		store_ln169 : 2
		store_ln169 : 2
		store_ln169 : 2
		store_ln169 : 2
		store_ln169 : 2
		store_ln169 : 2
		store_ln169 : 2
		store_ln169 : 2
		store_ln169 : 2
		store_ln169 : 2
		store_ln169 : 2
		store_ln169 : 2
		store_ln169 : 2
		store_ln169 : 2
		store_ln169 : 2
		store_ln169 : 2
		store_ln169 : 2
		store_ln169 : 2
		store_ln169 : 2
		store_ln169 : 2
		store_ln169 : 2
		store_ln169 : 2
		store_ln169 : 2
		store_ln169 : 2
		store_ln169 : 2
		store_ln169 : 2
		store_ln169 : 2


============================================================
+ Verbose Summary: Datapath Resource usage 
============================================================

* Functional unit list:
|----------|------------------------|---------|---------|
| Operation|     Functional Unit    |    FF   |   LUT   |
|----------|------------------------|---------|---------|
|          |   add_ln166_1_fu_1261  |    0    |    15   |
|          |    add_ln166_fu_1276   |    0    |    10   |
|    add   |    add_ln167_fu_1322   |    0    |    10   |
|          |    add_ln168_fu_1364   |    0    |    10   |
|          |   add_ln167_1_fu_1370  |    0    |    13   |
|----------|------------------------|---------|---------|
|          |   icmp_ln166_fu_1255   |    0    |    15   |
|   icmp   |   icmp_ln167_fu_1282   |    0    |    13   |
|          |   icmp_ln168_fu_1302   |    0    |    10   |
|----------|------------------------|---------|---------|
|          |  select_ln166_fu_1288  |    0    |    3    |
|          | select_ln166_1_fu_1314 |    0    |    3    |
|  select  |  select_ln167_fu_1334  |    0    |    3    |
|          | select_ln167_1_fu_1342 |    0    |    3    |
|          | select_ln167_2_fu_1376 |    0    |    6    |
|----------|------------------------|---------|---------|
|    xor   |    xor_ln166_fu_1296   |    0    |    2    |
|----------|------------------------|---------|---------|
|    and   |    and_ln166_fu_1308   |    0    |    2    |
|----------|------------------------|---------|---------|
|    or    |    or_ln167_fu_1328    |    0    |    2    |
|----------|------------------------|---------|---------|
|   trunc  |   trunc_ln166_fu_1350  |    0    |    0    |
|----------|------------------------|---------|---------|
|partselect|     lshr_ln_fu_1354    |    0    |    0    |
|----------|------------------------|---------|---------|
|   zext   |   zext_ln166_fu_1409   |    0    |    0    |
|----------|------------------------|---------|---------|
|   Total  |                        |    0    |   120   |
|----------|------------------------|---------|---------|

Memories:
N/A

* Register list:
+-------------------------+--------+
|                         |   FF   |
+-------------------------+--------+
|indvar_flatten12_reg_1512|    8   |
| indvar_flatten_reg_1498 |    6   |
|     lshr_ln_reg_1534    |    2   |
| select_ln167_1_reg_1526 |    3   |
|  select_ln167_reg_1522  |    3   |
|        t_reg_1505       |    3   |
|   trunc_ln166_reg_1530  |    1   |
|        x_reg_1484       |    3   |
|        y_reg_1491       |    3   |
+-------------------------+--------+
|          Total          |   32   |
+-------------------------+--------+

* Multiplexer (MUX) list: 
|--------|------|------|------|--------|
|  Comp  |  Pin | Size |  BW  | S x BW |
|--------|------|------|------|--------|
|  Total |      |      |      |    0   |
|--------|------|------|------|--------|



* Summary:
+-----------+--------+--------+
|           |   FF   |   LUT  |
+-----------+--------+--------+
|  Function |    0   |   120  |
|   Memory  |    -   |    -   |
|Multiplexer|    -   |    -   |
|  Register |   32   |    -   |
+-----------+--------+--------+
|   Total   |   32   |   120  |
+-----------+--------+--------+
