

================================================================
== Vitis HLS Report for 'edge_correction_Pipeline_VITIS_LOOP_213_5_VITIS_LOOP_214_6_VITIS_LOOP_215_7'
================================================================
* Date:           Thu Sep  3 17:11:07 2026

* Version:        2023.2 (Build 4023990 on Oct 11 2023)
* Project:        predecoder_csynth_proj
* Solution:       solution1 (Vitis Kernel Flow Target)
* Product family: virtexuplusHBM
* Target device:  xcu55c-fsvh2892-2L-e


================================================================
== Performance Estimates
================================================================
+ Timing: 
    * Summary: 
    +--------+---------+----------+------------+
    |  Clock |  Target | Estimated| Uncertainty|
    +--------+---------+----------+------------+
    |ap_clk  |  3.33 ns|  2.608 ns|     0.90 ns|
    +--------+---------+----------+------------+

+ Latency: 
    * Summary: 
    +---------+---------+----------+----------+-----+-----+---------+
    |  Latency (cycles) |  Latency (absolute) |  Interval | Pipeline|
    |   min   |   max   |    min   |    max   | min | max |   Type  |
    +---------+---------+----------+----------+-----+-----+---------+
    |      218|      218|  0.726 us|  0.726 us|  218|  218|       no|
    +---------+---------+----------+----------+-----+-----+---------+

    + Detail: 
        * Instance: 
        N/A

        * Loop: 
        +------------------------------------------------------+---------+---------+----------+-----------+-----------+------+----------+
        |                                                      |  Latency (cycles) | Iteration|  Initiation Interval  | Trip |          |
        |                       Loop Name                      |   min   |   max   |  Latency |  achieved |   target  | Count| Pipelined|
        +------------------------------------------------------+---------+---------+----------+-----------+-----------+------+----------+
        |- VITIS_LOOP_213_5_VITIS_LOOP_214_6_VITIS_LOOP_215_7  |      216|      216|         2|          1|          1|   216|       yes|
        +------------------------------------------------------+---------+---------+----------+-----------+-----------+------+----------+



================================================================
== Utilization Estimates
================================================================
* Summary: 
+---------------------+---------+------+---------+---------+-----+
|         Name        | BRAM_18K|  DSP |    FF   |   LUT   | URAM|
+---------------------+---------+------+---------+---------+-----+
|DSP                  |        -|     -|        -|        -|    -|
|Expression           |        -|     -|        0|      192|    -|
|FIFO                 |        -|     -|        -|        -|    -|
|Instance             |        -|     -|        0|      434|    -|
|Memory               |        -|     -|        -|        -|    -|
|Multiplexer          |        -|     -|        -|      117|    -|
|Register             |        -|     -|      548|        -|    -|
+---------------------+---------+------+---------+---------+-----+
|Total                |        0|     0|      548|      743|    0|
+---------------------+---------+------+---------+---------+-----+
|Available SLR        |     1344|  3008|   869120|   434560|  320|
+---------------------+---------+------+---------+---------+-----+
|Utilization SLR (%)  |        0|     0|       ~0|       ~0|    0|
+---------------------+---------+------+---------+---------+-----+
|Available            |     4032|  9024|  2607360|  1303680|  960|
+---------------------+---------+------+---------+---------+-----+
|Utilization (%)      |        0|     0|       ~0|       ~0|    0|
+---------------------+---------+------+---------+---------+-----+

+ Detail: 
    * Instance: 
    +----------------------------+----------------------+---------+----+---+----+-----+
    |          Instance          |        Module        | BRAM_18K| DSP| FF| LUT| URAM|
    +----------------------------+----------------------+---------+----+---+----+-----+
    |sparsemux_13_3_1_1_1_U2733  |sparsemux_13_3_1_1_1  |        0|   0|  0|  31|    0|
    |sparsemux_13_3_1_1_1_U2734  |sparsemux_13_3_1_1_1  |        0|   0|  0|  31|    0|
    |sparsemux_13_3_1_1_1_U2735  |sparsemux_13_3_1_1_1  |        0|   0|  0|  31|    0|
    |sparsemux_13_3_1_1_1_U2736  |sparsemux_13_3_1_1_1  |        0|   0|  0|  31|    0|
    |sparsemux_13_3_1_1_1_U2737  |sparsemux_13_3_1_1_1  |        0|   0|  0|  31|    0|
    |sparsemux_13_3_1_1_1_U2738  |sparsemux_13_3_1_1_1  |        0|   0|  0|  31|    0|
    |sparsemux_13_3_1_1_1_U2739  |sparsemux_13_3_1_1_1  |        0|   0|  0|  31|    0|
    |sparsemux_13_3_1_1_1_U2740  |sparsemux_13_3_1_1_1  |        0|   0|  0|  31|    0|
    |sparsemux_13_3_1_1_1_U2741  |sparsemux_13_3_1_1_1  |        0|   0|  0|  31|    0|
    |sparsemux_13_3_1_1_1_U2742  |sparsemux_13_3_1_1_1  |        0|   0|  0|  31|    0|
    |sparsemux_13_3_1_1_1_U2743  |sparsemux_13_3_1_1_1  |        0|   0|  0|  31|    0|
    |sparsemux_13_3_1_1_1_U2744  |sparsemux_13_3_1_1_1  |        0|   0|  0|  31|    0|
    |sparsemux_13_3_1_1_1_U2745  |sparsemux_13_3_1_1_1  |        0|   0|  0|  31|    0|
    |sparsemux_13_3_1_1_1_U2746  |sparsemux_13_3_1_1_1  |        0|   0|  0|  31|    0|
    +----------------------------+----------------------+---------+----+---+----+-----+
    |Total                       |                      |        0|   0|  0| 434|    0|
    +----------------------------+----------------------+---------+----+---+----+-----+

    * DSP: 
    N/A

    * Memory: 
    N/A

    * FIFO: 
    N/A

    * Expression: 
    +---------------------------+----------+----+---+----+------------+------------+
    |       Variable Name       | Operation| DSP| FF| LUT| Bitwidth P0| Bitwidth P1|
    +---------------------------+----------+----+---+----+------------+------------+
    |add_ln213_1_fu_1224_p2     |         +|   0|  0|  15|           8|           1|
    |add_ln213_fu_1242_p2       |         +|   0|  0|  10|           3|           1|
    |add_ln214_1_fu_1412_p2     |         +|   0|  0|  13|           6|           1|
    |add_ln214_fu_1288_p2       |         +|   0|  0|  10|           3|           1|
    |add_ln215_fu_1406_p2       |         +|   0|  0|  10|           3|           1|
    |add_ln217_fu_1961_p2       |         +|   0|  0|  18|          10|          10|
    |empty_55_fu_1485_p2        |         +|   0|  0|  16|           7|           7|
    |empty_56_fu_1511_p2        |         -|   0|  0|  18|          10|          10|
    |empty_fu_1476_p2           |         -|   0|  0|  16|           7|           7|
    |and_ln212_fu_1274_p2       |       and|   0|  0|   2|           1|           1|
    |icmp_ln213_fu_1218_p2      |      icmp|   0|  0|  15|           8|           7|
    |icmp_ln214_fu_1248_p2      |      icmp|   0|  0|  13|           6|           6|
    |icmp_ln215_fu_1268_p2      |      icmp|   0|  0|  10|           3|           3|
    |or_ln212_fu_1294_p2        |        or|   0|  0|   2|           1|           1|
    |select_ln212_1_fu_1300_p3  |    select|   0|  0|   3|           1|           1|
    |select_ln212_fu_1254_p3    |    select|   0|  0|   3|           1|           1|
    |select_ln213_fu_1280_p3    |    select|   0|  0|   3|           1|           3|
    |select_ln214_1_fu_1418_p3  |    select|   0|  0|   6|           1|           1|
    |select_ln214_fu_1308_p3    |    select|   0|  0|   3|           1|           3|
    |select_ln217_fu_1954_p3    |    select|   0|  0|   2|           1|           1|
    |ap_enable_pp0              |       xor|   0|  0|   2|           1|           2|
    |xor_ln212_fu_1262_p2       |       xor|   0|  0|   2|           1|           2|
    +---------------------------+----------+----+---+----+------------+------------+
    |Total                      |          |   0|  0| 192|          84|          71|
    +---------------------------+----------+----+---+----+------------+------------+

    * Multiplexer: 
    +----------------------------------------+----+-----------+-----+-----------+
    |                  Name                  | LUT| Input Size| Bits| Total Bits|
    +----------------------------------------+----+-----------+-----+-----------+
    |ap_done_int                             |   9|          2|    1|          2|
    |ap_enable_reg_pp0_iter1                 |   9|          2|    1|          2|
    |ap_sig_allocacmp_indvar_flatten43_load  |   9|          2|    6|         12|
    |ap_sig_allocacmp_indvar_flatten58_load  |   9|          2|    8|         16|
    |ap_sig_allocacmp_t_load                 |   9|          2|    3|          6|
    |ap_sig_allocacmp_x_load                 |   9|          2|    3|          6|
    |ap_sig_allocacmp_y_load                 |   9|          2|    3|          6|
    |beat_fu_218                             |   9|          2|  512|       1024|
    |indvar_flatten43_fu_230                 |   9|          2|    6|         12|
    |indvar_flatten58_fu_238                 |   9|          2|    8|         16|
    |t_fu_234                                |   9|          2|    3|          6|
    |x_fu_222                                |   9|          2|    3|          6|
    |y_fu_226                                |   9|          2|    3|          6|
    +----------------------------------------+----+-----------+-----+-----------+
    |Total                                   | 117|         26|  560|       1120|
    +----------------------------------------+----+-----------+-----+-----------+

    * Register: 
    +-------------------------+-----+----+-----+-----------+
    |           Name          |  FF | LUT| Bits| Const Bits|
    +-------------------------+-----+----+-----+-----------+
    |ap_CS_fsm                |    1|   0|    1|          0|
    |ap_done_reg              |    1|   0|    1|          0|
    |ap_enable_reg_pp0_iter1  |    1|   0|    1|          0|
    |beat_fu_218              |  512|   0|  512|          0|
    |indvar_flatten43_fu_230  |    6|   0|    6|          0|
    |indvar_flatten58_fu_238  |    8|   0|    8|          0|
    |select_ln212_1_reg_2042  |    3|   0|    3|          0|
    |select_ln213_reg_2036    |    3|   0|    3|          0|
    |select_ln214_reg_2059    |    3|   0|    3|          0|
    |t_fu_234                 |    3|   0|    3|          0|
    |trunc_ln213_reg_2066     |    1|   0|    1|          0|
    |x_fu_222                 |    3|   0|    3|          0|
    |y_fu_226                 |    3|   0|    3|          0|
    +-------------------------+-----+----+-----+-----------+
    |Total                    |  548|   0|  548|          0|
    +-------------------------+-----+----+-----+-----------+



================================================================
== Interface
================================================================
* Summary: 
+------------------------+-----+-----+------------+-----------------------------------------------------------------------------+--------------+
|        RTL Ports       | Dir | Bits|  Protocol  |                                Source Object                                |    C Type    |
+------------------------+-----+-----+------------+-----------------------------------------------------------------------------+--------------+
|ap_clk                  |   in|    1|  ap_ctrl_hs|  edge_correction_Pipeline_VITIS_LOOP_213_5_VITIS_LOOP_214_6_VITIS_LOOP_215_7|  return value|
|ap_rst                  |   in|    1|  ap_ctrl_hs|  edge_correction_Pipeline_VITIS_LOOP_213_5_VITIS_LOOP_214_6_VITIS_LOOP_215_7|  return value|
|ap_start                |   in|    1|  ap_ctrl_hs|  edge_correction_Pipeline_VITIS_LOOP_213_5_VITIS_LOOP_214_6_VITIS_LOOP_215_7|  return value|
|ap_done                 |  out|    1|  ap_ctrl_hs|  edge_correction_Pipeline_VITIS_LOOP_213_5_VITIS_LOOP_214_6_VITIS_LOOP_215_7|  return value|
|ap_idle                 |  out|    1|  ap_ctrl_hs|  edge_correction_Pipeline_VITIS_LOOP_213_5_VITIS_LOOP_214_6_VITIS_LOOP_215_7|  return value|
|ap_ready                |  out|    1|  ap_ctrl_hs|  edge_correction_Pipeline_VITIS_LOOP_213_5_VITIS_LOOP_214_6_VITIS_LOOP_215_7|  return value|
|correction_address0     |  out|    2|   ap_memory|                                                                   correction|         array|
|correction_ce0          |  out|    1|   ap_memory|                                                                   correction|         array|
|correction_q0           |   in|    1|   ap_memory|                                                                   correction|         array|
|correction_1_address0   |  out|    2|   ap_memory|                                                                 correction_1|         array|
|correction_1_ce0        |  out|    1|   ap_memory|                                                                 correction_1|         array|
|correction_1_q0         |   in|    1|   ap_memory|                                                                 correction_1|         array|
|correction_2_address0   |  out|    2|   ap_memory|                                                                 correction_2|         array|
|correction_2_ce0        |  out|    1|   ap_memory|                                                                 correction_2|         array|
|correction_2_q0         |   in|    1|   ap_memory|                                                                 correction_2|         array|
|correction_3_address0   |  out|    2|   ap_memory|                                                                 correction_3|         array|
|correction_3_ce0        |  out|    1|   ap_memory|                                                                 correction_3|         array|
|correction_3_q0         |   in|    1|   ap_memory|                                                                 correction_3|         array|
|correction_4_address0   |  out|    2|   ap_memory|                                                                 correction_4|         array|
|correction_4_ce0        |  out|    1|   ap_memory|                                                                 correction_4|         array|
|correction_4_q0         |   in|    1|   ap_memory|                                                                 correction_4|         array|
|correction_5_address0   |  out|    2|   ap_memory|                                                                 correction_5|         array|
|correction_5_ce0        |  out|    1|   ap_memory|                                                                 correction_5|         array|
|correction_5_q0         |   in|    1|   ap_memory|                                                                 correction_5|         array|
|correction_6_address0   |  out|    2|   ap_memory|                                                                 correction_6|         array|
|correction_6_ce0        |  out|    1|   ap_memory|                                                                 correction_6|         array|
|correction_6_q0         |   in|    1|   ap_memory|                                                                 correction_6|         array|
|correction_7_address0   |  out|    2|   ap_memory|                                                                 correction_7|         array|
|correction_7_ce0        |  out|    1|   ap_memory|                                                                 correction_7|         array|
|correction_7_q0         |   in|    1|   ap_memory|                                                                 correction_7|         array|
|correction_8_address0   |  out|    2|   ap_memory|                                                                 correction_8|         array|
|correction_8_ce0        |  out|    1|   ap_memory|                                                                 correction_8|         array|
|correction_8_q0         |   in|    1|   ap_memory|                                                                 correction_8|         array|
|correction_9_address0   |  out|    2|   ap_memory|                                                                 correction_9|         array|
|correction_9_ce0        |  out|    1|   ap_memory|                                                                 correction_9|         array|
|correction_9_q0         |   in|    1|   ap_memory|                                                                 correction_9|         array|
|correction_10_address0  |  out|    2|   ap_memory|                                                                correction_10|         array|
|correction_10_ce0       |  out|    1|   ap_memory|                                                                correction_10|         array|
|correction_10_q0        |   in|    1|   ap_memory|                                                                correction_10|         array|
|correction_11_address0  |  out|    2|   ap_memory|                                                                correction_11|         array|
|correction_11_ce0       |  out|    1|   ap_memory|                                                                correction_11|         array|
|correction_11_q0        |   in|    1|   ap_memory|                                                                correction_11|         array|
|correction_12_address0  |  out|    2|   ap_memory|                                                                correction_12|         array|
|correction_12_ce0       |  out|    1|   ap_memory|                                                                correction_12|         array|
|correction_12_q0        |   in|    1|   ap_memory|                                                                correction_12|         array|
|correction_13_address0  |  out|    2|   ap_memory|                                                                correction_13|         array|
|correction_13_ce0       |  out|    1|   ap_memory|                                                                correction_13|         array|
|correction_13_q0        |   in|    1|   ap_memory|                                                                correction_13|         array|
|correction_14_address0  |  out|    2|   ap_memory|                                                                correction_14|         array|
|correction_14_ce0       |  out|    1|   ap_memory|                                                                correction_14|         array|
|correction_14_q0        |   in|    1|   ap_memory|                                                                correction_14|         array|
|correction_15_address0  |  out|    2|   ap_memory|                                                                correction_15|         array|
|correction_15_ce0       |  out|    1|   ap_memory|                                                                correction_15|         array|
|correction_15_q0        |   in|    1|   ap_memory|                                                                correction_15|         array|
|correction_16_address0  |  out|    2|   ap_memory|                                                                correction_16|         array|
|correction_16_ce0       |  out|    1|   ap_memory|                                                                correction_16|         array|
|correction_16_q0        |   in|    1|   ap_memory|                                                                correction_16|         array|
|correction_17_address0  |  out|    2|   ap_memory|                                                                correction_17|         array|
|correction_17_ce0       |  out|    1|   ap_memory|                                                                correction_17|         array|
|correction_17_q0        |   in|    1|   ap_memory|                                                                correction_17|         array|
|correction_18_address0  |  out|    2|   ap_memory|                                                                correction_18|         array|
|correction_18_ce0       |  out|    1|   ap_memory|                                                                correction_18|         array|
|correction_18_q0        |   in|    1|   ap_memory|                                                                correction_18|         array|
|correction_19_address0  |  out|    2|   ap_memory|                                                                correction_19|         array|
|correction_19_ce0       |  out|    1|   ap_memory|                                                                correction_19|         array|
|correction_19_q0        |   in|    1|   ap_memory|                                                                correction_19|         array|
|correction_20_address0  |  out|    2|   ap_memory|                                                                correction_20|         array|
|correction_20_ce0       |  out|    1|   ap_memory|                                                                correction_20|         array|
|correction_20_q0        |   in|    1|   ap_memory|                                                                correction_20|         array|
|correction_21_address0  |  out|    2|   ap_memory|                                                                correction_21|         array|
|correction_21_ce0       |  out|    1|   ap_memory|                                                                correction_21|         array|
|correction_21_q0        |   in|    1|   ap_memory|                                                                correction_21|         array|
|correction_22_address0  |  out|    2|   ap_memory|                                                                correction_22|         array|
|correction_22_ce0       |  out|    1|   ap_memory|                                                                correction_22|         array|
|correction_22_q0        |   in|    1|   ap_memory|                                                                correction_22|         array|
|correction_23_address0  |  out|    2|   ap_memory|                                                                correction_23|         array|
|correction_23_ce0       |  out|    1|   ap_memory|                                                                correction_23|         array|
|correction_23_q0        |   in|    1|   ap_memory|                                                                correction_23|         array|
|correction_24_address0  |  out|    2|   ap_memory|                                                                correction_24|         array|
|correction_24_ce0       |  out|    1|   ap_memory|                                                                correction_24|         array|
|correction_24_q0        |   in|    1|   ap_memory|                                                                correction_24|         array|
|correction_25_address0  |  out|    2|   ap_memory|                                                                correction_25|         array|
|correction_25_ce0       |  out|    1|   ap_memory|                                                                correction_25|         array|
|correction_25_q0        |   in|    1|   ap_memory|                                                                correction_25|         array|
|correction_26_address0  |  out|    2|   ap_memory|                                                                correction_26|         array|
|correction_26_ce0       |  out|    1|   ap_memory|                                                                correction_26|         array|
|correction_26_q0        |   in|    1|   ap_memory|                                                                correction_26|         array|
|correction_27_address0  |  out|    2|   ap_memory|                                                                correction_27|         array|
|correction_27_ce0       |  out|    1|   ap_memory|                                                                correction_27|         array|
|correction_27_q0        |   in|    1|   ap_memory|                                                                correction_27|         array|
|correction_28_address0  |  out|    2|   ap_memory|                                                                correction_28|         array|
|correction_28_ce0       |  out|    1|   ap_memory|                                                                correction_28|         array|
|correction_28_q0        |   in|    1|   ap_memory|                                                                correction_28|         array|
|correction_29_address0  |  out|    2|   ap_memory|                                                                correction_29|         array|
|correction_29_ce0       |  out|    1|   ap_memory|                                                                correction_29|         array|
|correction_29_q0        |   in|    1|   ap_memory|                                                                correction_29|         array|
|correction_30_address0  |  out|    2|   ap_memory|                                                                correction_30|         array|
|correction_30_ce0       |  out|    1|   ap_memory|                                                                correction_30|         array|
|correction_30_q0        |   in|    1|   ap_memory|                                                                correction_30|         array|
|correction_31_address0  |  out|    2|   ap_memory|                                                                correction_31|         array|
|correction_31_ce0       |  out|    1|   ap_memory|                                                                correction_31|         array|
|correction_31_q0        |   in|    1|   ap_memory|                                                                correction_31|         array|
|correction_32_address0  |  out|    2|   ap_memory|                                                                correction_32|         array|
|correction_32_ce0       |  out|    1|   ap_memory|                                                                correction_32|         array|
|correction_32_q0        |   in|    1|   ap_memory|                                                                correction_32|         array|
|correction_33_address0  |  out|    2|   ap_memory|                                                                correction_33|         array|
|correction_33_ce0       |  out|    1|   ap_memory|                                                                correction_33|         array|
|correction_33_q0        |   in|    1|   ap_memory|                                                                correction_33|         array|
|correction_34_address0  |  out|    2|   ap_memory|                                                                correction_34|         array|
|correction_34_ce0       |  out|    1|   ap_memory|                                                                correction_34|         array|
|correction_34_q0        |   in|    1|   ap_memory|                                                                correction_34|         array|
|correction_35_address0  |  out|    2|   ap_memory|                                                                correction_35|         array|
|correction_35_ce0       |  out|    1|   ap_memory|                                                                correction_35|         array|
|correction_35_q0        |   in|    1|   ap_memory|                                                                correction_35|         array|
|correction_36_address0  |  out|    2|   ap_memory|                                                                correction_36|         array|
|correction_36_ce0       |  out|    1|   ap_memory|                                                                correction_36|         array|
|correction_36_q0        |   in|    1|   ap_memory|                                                                correction_36|         array|
|correction_37_address0  |  out|    2|   ap_memory|                                                                correction_37|         array|
|correction_37_ce0       |  out|    1|   ap_memory|                                                                correction_37|         array|
|correction_37_q0        |   in|    1|   ap_memory|                                                                correction_37|         array|
|correction_38_address0  |  out|    2|   ap_memory|                                                                correction_38|         array|
|correction_38_ce0       |  out|    1|   ap_memory|                                                                correction_38|         array|
|correction_38_q0        |   in|    1|   ap_memory|                                                                correction_38|         array|
|correction_39_address0  |  out|    2|   ap_memory|                                                                correction_39|         array|
|correction_39_ce0       |  out|    1|   ap_memory|                                                                correction_39|         array|
|correction_39_q0        |   in|    1|   ap_memory|                                                                correction_39|         array|
|correction_40_address0  |  out|    2|   ap_memory|                                                                correction_40|         array|
|correction_40_ce0       |  out|    1|   ap_memory|                                                                correction_40|         array|
|correction_40_q0        |   in|    1|   ap_memory|                                                                correction_40|         array|
|correction_41_address0  |  out|    2|   ap_memory|                                                                correction_41|         array|
|correction_41_ce0       |  out|    1|   ap_memory|                                                                correction_41|         array|
|correction_41_q0        |   in|    1|   ap_memory|                                                                correction_41|         array|
|correction_42_address0  |  out|    2|   ap_memory|                                                                correction_42|         array|
|correction_42_ce0       |  out|    1|   ap_memory|                                                                correction_42|         array|
|correction_42_q0        |   in|    1|   ap_memory|                                                                correction_42|         array|
|correction_43_address0  |  out|    2|   ap_memory|                                                                correction_43|         array|
|correction_43_ce0       |  out|    1|   ap_memory|                                                                correction_43|         array|
|correction_43_q0        |   in|    1|   ap_memory|                                                                correction_43|         array|
|correction_44_address0  |  out|    2|   ap_memory|                                                                correction_44|         array|
|correction_44_ce0       |  out|    1|   ap_memory|                                                                correction_44|         array|
|correction_44_q0        |   in|    1|   ap_memory|                                                                correction_44|         array|
|correction_45_address0  |  out|    2|   ap_memory|                                                                correction_45|         array|
|correction_45_ce0       |  out|    1|   ap_memory|                                                                correction_45|         array|
|correction_45_q0        |   in|    1|   ap_memory|                                                                correction_45|         array|
|correction_46_address0  |  out|    2|   ap_memory|                                                                correction_46|         array|
|correction_46_ce0       |  out|    1|   ap_memory|                                                                correction_46|         array|
|correction_46_q0        |   in|    1|   ap_memory|                                                                correction_46|         array|
|correction_47_address0  |  out|    2|   ap_memory|                                                                correction_47|         array|
|correction_47_ce0       |  out|    1|   ap_memory|                                                                correction_47|         array|
|correction_47_q0        |   in|    1|   ap_memory|                                                                correction_47|         array|
|correction_48_address0  |  out|    2|   ap_memory|                                                                correction_48|         array|
|correction_48_ce0       |  out|    1|   ap_memory|                                                                correction_48|         array|
|correction_48_q0        |   in|    1|   ap_memory|                                                                correction_48|         array|
|correction_49_address0  |  out|    2|   ap_memory|                                                                correction_49|         array|
|correction_49_ce0       |  out|    1|   ap_memory|                                                                correction_49|         array|
|correction_49_q0        |   in|    1|   ap_memory|                                                                correction_49|         array|
|correction_50_address0  |  out|    2|   ap_memory|                                                                correction_50|         array|
|correction_50_ce0       |  out|    1|   ap_memory|                                                                correction_50|         array|
|correction_50_q0        |   in|    1|   ap_memory|                                                                correction_50|         array|
|correction_51_address0  |  out|    2|   ap_memory|                                                                correction_51|         array|
|correction_51_ce0       |  out|    1|   ap_memory|                                                                correction_51|         array|
|correction_51_q0        |   in|    1|   ap_memory|                                                                correction_51|         array|
|correction_52_address0  |  out|    2|   ap_memory|                                                                correction_52|         array|
|correction_52_ce0       |  out|    1|   ap_memory|                                                                correction_52|         array|
|correction_52_q0        |   in|    1|   ap_memory|                                                                correction_52|         array|
|correction_53_address0  |  out|    2|   ap_memory|                                                                correction_53|         array|
|correction_53_ce0       |  out|    1|   ap_memory|                                                                correction_53|         array|
|correction_53_q0        |   in|    1|   ap_memory|                                                                correction_53|         array|
|correction_54_address0  |  out|    2|   ap_memory|                                                                correction_54|         array|
|correction_54_ce0       |  out|    1|   ap_memory|                                                                correction_54|         array|
|correction_54_q0        |   in|    1|   ap_memory|                                                                correction_54|         array|
|correction_55_address0  |  out|    2|   ap_memory|                                                                correction_55|         array|
|correction_55_ce0       |  out|    1|   ap_memory|                                                                correction_55|         array|
|correction_55_q0        |   in|    1|   ap_memory|                                                                correction_55|         array|
|correction_56_address0  |  out|    2|   ap_memory|                                                                correction_56|         array|
|correction_56_ce0       |  out|    1|   ap_memory|                                                                correction_56|         array|
|correction_56_q0        |   in|    1|   ap_memory|                                                                correction_56|         array|
|correction_57_address0  |  out|    2|   ap_memory|                                                                correction_57|         array|
|correction_57_ce0       |  out|    1|   ap_memory|                                                                correction_57|         array|
|correction_57_q0        |   in|    1|   ap_memory|                                                                correction_57|         array|
|correction_58_address0  |  out|    2|   ap_memory|                                                                correction_58|         array|
|correction_58_ce0       |  out|    1|   ap_memory|                                                                correction_58|         array|
|correction_58_q0        |   in|    1|   ap_memory|                                                                correction_58|         array|
|correction_59_address0  |  out|    2|   ap_memory|                                                                correction_59|         array|
|correction_59_ce0       |  out|    1|   ap_memory|                                                                correction_59|         array|
|correction_59_q0        |   in|    1|   ap_memory|                                                                correction_59|         array|
|correction_60_address0  |  out|    2|   ap_memory|                                                                correction_60|         array|
|correction_60_ce0       |  out|    1|   ap_memory|                                                                correction_60|         array|
|correction_60_q0        |   in|    1|   ap_memory|                                                                correction_60|         array|
|correction_61_address0  |  out|    2|   ap_memory|                                                                correction_61|         array|
|correction_61_ce0       |  out|    1|   ap_memory|                                                                correction_61|         array|
|correction_61_q0        |   in|    1|   ap_memory|                                                                correction_61|         array|
|correction_62_address0  |  out|    2|   ap_memory|                                                                correction_62|         array|
|correction_62_ce0       |  out|    1|   ap_memory|                                                                correction_62|         array|
|correction_62_q0        |   in|    1|   ap_memory|                                                                correction_62|         array|
|correction_63_address0  |  out|    2|   ap_memory|                                                                correction_63|         array|
|correction_63_ce0       |  out|    1|   ap_memory|                                                                correction_63|         array|
|correction_63_q0        |   in|    1|   ap_memory|                                                                correction_63|         array|
|correction_64_address0  |  out|    2|   ap_memory|                                                                correction_64|         array|
|correction_64_ce0       |  out|    1|   ap_memory|                                                                correction_64|         array|
|correction_64_q0        |   in|    1|   ap_memory|                                                                correction_64|         array|
|correction_65_address0  |  out|    2|   ap_memory|                                                                correction_65|         array|
|correction_65_ce0       |  out|    1|   ap_memory|                                                                correction_65|         array|
|correction_65_q0        |   in|    1|   ap_memory|                                                                correction_65|         array|
|correction_66_address0  |  out|    2|   ap_memory|                                                                correction_66|         array|
|correction_66_ce0       |  out|    1|   ap_memory|                                                                correction_66|         array|
|correction_66_q0        |   in|    1|   ap_memory|                                                                correction_66|         array|
|correction_67_address0  |  out|    2|   ap_memory|                                                                correction_67|         array|
|correction_67_ce0       |  out|    1|   ap_memory|                                                                correction_67|         array|
|correction_67_q0        |   in|    1|   ap_memory|                                                                correction_67|         array|
|correction_68_address0  |  out|    2|   ap_memory|                                                                correction_68|         array|
|correction_68_ce0       |  out|    1|   ap_memory|                                                                correction_68|         array|
|correction_68_q0        |   in|    1|   ap_memory|                                                                correction_68|         array|
|correction_69_address0  |  out|    2|   ap_memory|                                                                correction_69|         array|
|correction_69_ce0       |  out|    1|   ap_memory|                                                                correction_69|         array|
|correction_69_q0        |   in|    1|   ap_memory|                                                                correction_69|         array|
|correction_70_address0  |  out|    2|   ap_memory|                                                                correction_70|         array|
|correction_70_ce0       |  out|    1|   ap_memory|                                                                correction_70|         array|
|correction_70_q0        |   in|    1|   ap_memory|                                                                correction_70|         array|
|correction_71_address0  |  out|    2|   ap_memory|                                                                correction_71|         array|
|correction_71_ce0       |  out|    1|   ap_memory|                                                                correction_71|         array|
|correction_71_q0        |   in|    1|   ap_memory|                                                                correction_71|         array|
|beat_2_out              |  out|  512|      ap_vld|                                                                   beat_2_out|       pointer|
|beat_2_out_ap_vld       |  out|    1|      ap_vld|                                                                   beat_2_out|       pointer|
+------------------------+-----+-----+------------+-----------------------------------------------------------------------------+--------------+

============================================================
+ Verbose Summary: Synthesis Manager
============================================================
InlineROM: 1
ExposeGlobal: 0
============================================================
+ Verbose Summary: CDFG Model
============================================================
IsTopModel: 0
ResetActiveHigh: 1
IsCombinational: 2
IsDatapathOnly: 2
HasWiredReturn: 1
HasMFsm: 2
HasVarLatency: 1
IsPipeline: 0
IsRtlPipelined: 0
IsInstanceOverlapped: 0
IsDontTouch: 0
HasImplIP: 0
IsGatedGlobalClock: 0

+ Individual pipeline summary: 
  * Pipeline-0: initiation interval (II) = 1, depth = 2


============================================================
+ Verbose Summary: Schedule
============================================================
* Number of FSM states : 2
* Pipeline : 1
  Pipeline-0 : II = 1, D = 2, States = { 1 2 }
* Dataflow Pipeline: 0

* FSM state transitions: 
1 --> 2 
2 --> 

* FSM state operations: 

State 1 <SV = 0> <Delay = 2.60>
ST_1 : Operation 5 [1/1] (0.00ns)   --->   "%beat = alloca i32 1" [predecoder_kernel.cpp:212]   --->   Operation 5 'alloca' 'beat' <Predicate = true> <Delay = 0.00>
ST_1 : Operation 6 [1/1] (0.00ns)   --->   "%x = alloca i32 1" [predecoder_kernel.cpp:215]   --->   Operation 6 'alloca' 'x' <Predicate = true> <Delay = 0.00>
ST_1 : Operation 7 [1/1] (0.00ns)   --->   "%y = alloca i32 1" [predecoder_kernel.cpp:214]   --->   Operation 7 'alloca' 'y' <Predicate = true> <Delay = 0.00>
ST_1 : Operation 8 [1/1] (0.00ns)   --->   "%indvar_flatten43 = alloca i32 1"   --->   Operation 8 'alloca' 'indvar_flatten43' <Predicate = true> <Delay = 0.00>
ST_1 : Operation 9 [1/1] (0.00ns)   --->   "%t = alloca i32 1" [predecoder_kernel.cpp:213]   --->   Operation 9 'alloca' 't' <Predicate = true> <Delay = 0.00>
ST_1 : Operation 10 [1/1] (0.00ns)   --->   "%indvar_flatten58 = alloca i32 1"   --->   Operation 10 'alloca' 'indvar_flatten58' <Predicate = true> <Delay = 0.00>
ST_1 : Operation 11 [1/1] (0.38ns)   --->   "%store_ln0 = store i8 0, i8 %indvar_flatten58"   --->   Operation 11 'store' 'store_ln0' <Predicate = true> <Delay = 0.38>
ST_1 : Operation 12 [1/1] (0.38ns)   --->   "%store_ln213 = store i3 0, i3 %t" [predecoder_kernel.cpp:213]   --->   Operation 12 'store' 'store_ln213' <Predicate = true> <Delay = 0.38>
ST_1 : Operation 13 [1/1] (0.38ns)   --->   "%store_ln0 = store i6 0, i6 %indvar_flatten43"   --->   Operation 13 'store' 'store_ln0' <Predicate = true> <Delay = 0.38>
ST_1 : Operation 14 [1/1] (0.38ns)   --->   "%store_ln214 = store i3 0, i3 %y" [predecoder_kernel.cpp:214]   --->   Operation 14 'store' 'store_ln214' <Predicate = true> <Delay = 0.38>
ST_1 : Operation 15 [1/1] (0.38ns)   --->   "%store_ln215 = store i3 0, i3 %x" [predecoder_kernel.cpp:215]   --->   Operation 15 'store' 'store_ln215' <Predicate = true> <Delay = 0.38>
ST_1 : Operation 16 [1/1] (0.38ns)   --->   "%store_ln212 = store i512 0, i512 %beat" [predecoder_kernel.cpp:212]   --->   Operation 16 'store' 'store_ln212' <Predicate = true> <Delay = 0.38>
ST_1 : Operation 17 [1/1] (0.00ns)   --->   "%br_ln0 = br void %for.inc160"   --->   Operation 17 'br' 'br_ln0' <Predicate = true> <Delay = 0.00>
ST_1 : Operation 18 [1/1] (0.00ns)   --->   "%indvar_flatten58_load = load i8 %indvar_flatten58" [predecoder_kernel.cpp:213]   --->   Operation 18 'load' 'indvar_flatten58_load' <Predicate = true> <Delay = 0.00>
ST_1 : Operation 19 [1/1] (0.70ns)   --->   "%icmp_ln213 = icmp_eq  i8 %indvar_flatten58_load, i8 216" [predecoder_kernel.cpp:213]   --->   Operation 19 'icmp' 'icmp_ln213' <Predicate = true> <Delay = 0.70> <CoreInst = "Cmp">   --->   Core 9 'Cmp' <Latency = 0> <II = 1> <Delay = 0.70> <FuncUnit> <Opcode : 'icmp'> <InPorts = 2> <OutPorts = 1>
ST_1 : Operation 20 [1/1] (0.70ns)   --->   "%add_ln213_1 = add i8 %indvar_flatten58_load, i8 1" [predecoder_kernel.cpp:213]   --->   Operation 20 'add' 'add_ln213_1' <Predicate = true> <Delay = 0.70> <CoreInst = "Adder">   --->   Core 1 'Adder' <Latency = 0> <II = 1> <Delay = 0.70> <FuncUnit> <Opcode : 'add' 'sub'> <InPorts = 2> <OutPorts = 1>
ST_1 : Operation 21 [1/1] (0.00ns)   --->   "%br_ln213 = br i1 %icmp_ln213, void %for.inc168, void %for.end171.exitStub" [predecoder_kernel.cpp:213]   --->   Operation 21 'br' 'br_ln213' <Predicate = true> <Delay = 0.00>
ST_1 : Operation 22 [1/1] (0.00ns)   --->   "%x_load = load i3 %x" [predecoder_kernel.cpp:215]   --->   Operation 22 'load' 'x_load' <Predicate = (!icmp_ln213)> <Delay = 0.00>
ST_1 : Operation 23 [1/1] (0.00ns)   --->   "%y_load = load i3 %y" [predecoder_kernel.cpp:212]   --->   Operation 23 'load' 'y_load' <Predicate = (!icmp_ln213)> <Delay = 0.00>
ST_1 : Operation 24 [1/1] (0.00ns)   --->   "%indvar_flatten43_load = load i6 %indvar_flatten43" [predecoder_kernel.cpp:214]   --->   Operation 24 'load' 'indvar_flatten43_load' <Predicate = (!icmp_ln213)> <Delay = 0.00>
ST_1 : Operation 25 [1/1] (0.00ns)   --->   "%t_load = load i3 %t" [predecoder_kernel.cpp:213]   --->   Operation 25 'load' 't_load' <Predicate = (!icmp_ln213)> <Delay = 0.00>
ST_1 : Operation 26 [1/1] (0.57ns)   --->   "%add_ln213 = add i3 %t_load, i3 1" [predecoder_kernel.cpp:213]   --->   Operation 26 'add' 'add_ln213' <Predicate = (!icmp_ln213)> <Delay = 0.57> <CoreInst = "Adder">   --->   Core 1 'Adder' <Latency = 0> <II = 1> <Delay = 0.57> <FuncUnit> <Opcode : 'add' 'sub'> <InPorts = 2> <OutPorts = 1>
ST_1 : Operation 27 [1/1] (0.70ns)   --->   "%icmp_ln214 = icmp_eq  i6 %indvar_flatten43_load, i6 36" [predecoder_kernel.cpp:214]   --->   Operation 27 'icmp' 'icmp_ln214' <Predicate = (!icmp_ln213)> <Delay = 0.70> <CoreInst = "Cmp">   --->   Core 9 'Cmp' <Latency = 0> <II = 1> <Delay = 0.70> <FuncUnit> <Opcode : 'icmp'> <InPorts = 2> <OutPorts = 1>
ST_1 : Operation 28 [1/1] (0.27ns)   --->   "%select_ln212 = select i1 %icmp_ln214, i3 0, i3 %y_load" [predecoder_kernel.cpp:212]   --->   Operation 28 'select' 'select_ln212' <Predicate = (!icmp_ln213)> <Delay = 0.27> <CoreInst = "Sel">   --->   Core 73 'Sel' <Latency = 0> <II = 1> <Delay = 0.27> <FuncUnit> <Opcode : 'select'> <InPorts = 3> <OutPorts = 1>
ST_1 : Operation 29 [1/1] (0.00ns) (grouped into LUT with out node and_ln212)   --->   "%xor_ln212 = xor i1 %icmp_ln214, i1 1" [predecoder_kernel.cpp:212]   --->   Operation 29 'xor' 'xor_ln212' <Predicate = (!icmp_ln213)> <Delay = 0.00> <CoreInst = "LogicGate">   --->   Core 74 'LogicGate' <Latency = 0> <II = 1> <Delay = 0.12> <FuncUnit> <Opcode : 'and' 'or' 'xor'> <InPorts = 2> <OutPorts = 1>
ST_1 : Operation 30 [1/1] (0.57ns)   --->   "%icmp_ln215 = icmp_eq  i3 %x_load, i3 6" [predecoder_kernel.cpp:215]   --->   Operation 30 'icmp' 'icmp_ln215' <Predicate = (!icmp_ln213)> <Delay = 0.57> <CoreInst = "Cmp">   --->   Core 9 'Cmp' <Latency = 0> <II = 1> <Delay = 0.57> <FuncUnit> <Opcode : 'icmp'> <InPorts = 2> <OutPorts = 1>
ST_1 : Operation 31 [1/1] (0.12ns) (out node of the LUT)   --->   "%and_ln212 = and i1 %icmp_ln215, i1 %xor_ln212" [predecoder_kernel.cpp:212]   --->   Operation 31 'and' 'and_ln212' <Predicate = (!icmp_ln213)> <Delay = 0.12> <CoreInst = "LogicGate">   --->   Core 74 'LogicGate' <Latency = 0> <II = 1> <Delay = 0.12> <FuncUnit> <Opcode : 'and' 'or' 'xor'> <InPorts = 2> <OutPorts = 1>
ST_1 : Operation 32 [1/1] (0.27ns)   --->   "%select_ln213 = select i1 %icmp_ln214, i3 %add_ln213, i3 %t_load" [predecoder_kernel.cpp:213]   --->   Operation 32 'select' 'select_ln213' <Predicate = (!icmp_ln213)> <Delay = 0.27> <CoreInst = "Sel">   --->   Core 73 'Sel' <Latency = 0> <II = 1> <Delay = 0.27> <FuncUnit> <Opcode : 'select'> <InPorts = 3> <OutPorts = 1>
ST_1 : Operation 33 [1/1] (0.57ns)   --->   "%add_ln214 = add i3 %select_ln212, i3 1" [predecoder_kernel.cpp:214]   --->   Operation 33 'add' 'add_ln214' <Predicate = (!icmp_ln213)> <Delay = 0.57> <CoreInst = "Adder">   --->   Core 1 'Adder' <Latency = 0> <II = 1> <Delay = 0.57> <FuncUnit> <Opcode : 'add' 'sub'> <InPorts = 2> <OutPorts = 1>
ST_1 : Operation 34 [1/1] (0.00ns) (grouped into LUT with out node select_ln212_1)   --->   "%or_ln212 = or i1 %and_ln212, i1 %icmp_ln214" [predecoder_kernel.cpp:212]   --->   Operation 34 'or' 'or_ln212' <Predicate = (!icmp_ln213)> <Delay = 0.00> <CoreInst = "LogicGate">   --->   Core 74 'LogicGate' <Latency = 0> <II = 1> <Delay = 0.12> <FuncUnit> <Opcode : 'and' 'or' 'xor'> <InPorts = 2> <OutPorts = 1>
ST_1 : Operation 35 [1/1] (0.27ns) (out node of the LUT)   --->   "%select_ln212_1 = select i1 %or_ln212, i3 0, i3 %x_load" [predecoder_kernel.cpp:212]   --->   Operation 35 'select' 'select_ln212_1' <Predicate = (!icmp_ln213)> <Delay = 0.27> <CoreInst = "Sel">   --->   Core 73 'Sel' <Latency = 0> <II = 1> <Delay = 0.27> <FuncUnit> <Opcode : 'select'> <InPorts = 3> <OutPorts = 1>
ST_1 : Operation 36 [1/1] (0.27ns)   --->   "%select_ln214 = select i1 %and_ln212, i3 %add_ln214, i3 %select_ln212" [predecoder_kernel.cpp:214]   --->   Operation 36 'select' 'select_ln214' <Predicate = (!icmp_ln213)> <Delay = 0.27> <CoreInst = "Sel">   --->   Core 73 'Sel' <Latency = 0> <II = 1> <Delay = 0.27> <FuncUnit> <Opcode : 'select'> <InPorts = 3> <OutPorts = 1>
ST_1 : Operation 37 [1/1] (0.00ns)   --->   "%trunc_ln213 = trunc i3 %select_ln213" [predecoder_kernel.cpp:213]   --->   Operation 37 'trunc' 'trunc_ln213' <Predicate = (!icmp_ln213)> <Delay = 0.00>
ST_1 : Operation 38 [1/1] (0.00ns)   --->   "%lshr_ln2 = partselect i2 @_ssdm_op_PartSelect.i2.i3.i32.i32, i3 %select_ln213, i32 1, i32 2" [predecoder_kernel.cpp:212]   --->   Operation 38 'partselect' 'lshr_ln2' <Predicate = (!icmp_ln213)> <Delay = 0.00>
ST_1 : Operation 39 [1/1] (0.00ns)   --->   "%zext_ln212 = zext i2 %lshr_ln2" [predecoder_kernel.cpp:212]   --->   Operation 39 'zext' 'zext_ln212' <Predicate = (!icmp_ln213)> <Delay = 0.00>
ST_1 : Operation 40 [1/1] (0.00ns)   --->   "%correction_addr = getelementptr i1 %correction, i64 0, i64 %zext_ln212" [predecoder_kernel.cpp:217]   --->   Operation 40 'getelementptr' 'correction_addr' <Predicate = (!icmp_ln213)> <Delay = 0.00>
ST_1 : Operation 41 [1/1] (0.00ns)   --->   "%correction_1_addr = getelementptr i1 %correction_1, i64 0, i64 %zext_ln212" [predecoder_kernel.cpp:217]   --->   Operation 41 'getelementptr' 'correction_1_addr' <Predicate = (!icmp_ln213)> <Delay = 0.00>
ST_1 : Operation 42 [1/1] (0.00ns)   --->   "%correction_2_addr = getelementptr i1 %correction_2, i64 0, i64 %zext_ln212" [predecoder_kernel.cpp:217]   --->   Operation 42 'getelementptr' 'correction_2_addr' <Predicate = (!icmp_ln213)> <Delay = 0.00>
ST_1 : Operation 43 [1/1] (0.00ns)   --->   "%correction_3_addr = getelementptr i1 %correction_3, i64 0, i64 %zext_ln212" [predecoder_kernel.cpp:217]   --->   Operation 43 'getelementptr' 'correction_3_addr' <Predicate = (!icmp_ln213)> <Delay = 0.00>
ST_1 : Operation 44 [1/1] (0.00ns)   --->   "%correction_4_addr = getelementptr i1 %correction_4, i64 0, i64 %zext_ln212" [predecoder_kernel.cpp:217]   --->   Operation 44 'getelementptr' 'correction_4_addr' <Predicate = (!icmp_ln213)> <Delay = 0.00>
ST_1 : Operation 45 [1/1] (0.00ns)   --->   "%correction_5_addr = getelementptr i1 %correction_5, i64 0, i64 %zext_ln212" [predecoder_kernel.cpp:217]   --->   Operation 45 'getelementptr' 'correction_5_addr' <Predicate = (!icmp_ln213)> <Delay = 0.00>
ST_1 : Operation 46 [1/1] (0.00ns)   --->   "%correction_6_addr = getelementptr i1 %correction_6, i64 0, i64 %zext_ln212" [predecoder_kernel.cpp:217]   --->   Operation 46 'getelementptr' 'correction_6_addr' <Predicate = (!icmp_ln213)> <Delay = 0.00>
ST_1 : Operation 47 [1/1] (0.00ns)   --->   "%correction_7_addr = getelementptr i1 %correction_7, i64 0, i64 %zext_ln212" [predecoder_kernel.cpp:217]   --->   Operation 47 'getelementptr' 'correction_7_addr' <Predicate = (!icmp_ln213)> <Delay = 0.00>
ST_1 : Operation 48 [1/1] (0.00ns)   --->   "%correction_8_addr = getelementptr i1 %correction_8, i64 0, i64 %zext_ln212" [predecoder_kernel.cpp:217]   --->   Operation 48 'getelementptr' 'correction_8_addr' <Predicate = (!icmp_ln213)> <Delay = 0.00>
ST_1 : Operation 49 [1/1] (0.00ns)   --->   "%correction_9_addr = getelementptr i1 %correction_9, i64 0, i64 %zext_ln212" [predecoder_kernel.cpp:217]   --->   Operation 49 'getelementptr' 'correction_9_addr' <Predicate = (!icmp_ln213)> <Delay = 0.00>
ST_1 : Operation 50 [1/1] (0.00ns)   --->   "%correction_10_addr = getelementptr i1 %correction_10, i64 0, i64 %zext_ln212" [predecoder_kernel.cpp:217]   --->   Operation 50 'getelementptr' 'correction_10_addr' <Predicate = (!icmp_ln213)> <Delay = 0.00>
ST_1 : Operation 51 [1/1] (0.00ns)   --->   "%correction_11_addr = getelementptr i1 %correction_11, i64 0, i64 %zext_ln212" [predecoder_kernel.cpp:217]   --->   Operation 51 'getelementptr' 'correction_11_addr' <Predicate = (!icmp_ln213)> <Delay = 0.00>
ST_1 : Operation 52 [1/1] (0.00ns)   --->   "%correction_12_addr = getelementptr i1 %correction_12, i64 0, i64 %zext_ln212" [predecoder_kernel.cpp:217]   --->   Operation 52 'getelementptr' 'correction_12_addr' <Predicate = (!icmp_ln213)> <Delay = 0.00>
ST_1 : Operation 53 [1/1] (0.00ns)   --->   "%correction_13_addr = getelementptr i1 %correction_13, i64 0, i64 %zext_ln212" [predecoder_kernel.cpp:217]   --->   Operation 53 'getelementptr' 'correction_13_addr' <Predicate = (!icmp_ln213)> <Delay = 0.00>
ST_1 : Operation 54 [1/1] (0.00ns)   --->   "%correction_14_addr = getelementptr i1 %correction_14, i64 0, i64 %zext_ln212" [predecoder_kernel.cpp:217]   --->   Operation 54 'getelementptr' 'correction_14_addr' <Predicate = (!icmp_ln213)> <Delay = 0.00>
ST_1 : Operation 55 [1/1] (0.00ns)   --->   "%correction_15_addr = getelementptr i1 %correction_15, i64 0, i64 %zext_ln212" [predecoder_kernel.cpp:217]   --->   Operation 55 'getelementptr' 'correction_15_addr' <Predicate = (!icmp_ln213)> <Delay = 0.00>
ST_1 : Operation 56 [1/1] (0.00ns)   --->   "%correction_16_addr = getelementptr i1 %correction_16, i64 0, i64 %zext_ln212" [predecoder_kernel.cpp:217]   --->   Operation 56 'getelementptr' 'correction_16_addr' <Predicate = (!icmp_ln213)> <Delay = 0.00>
ST_1 : Operation 57 [1/1] (0.00ns)   --->   "%correction_17_addr = getelementptr i1 %correction_17, i64 0, i64 %zext_ln212" [predecoder_kernel.cpp:217]   --->   Operation 57 'getelementptr' 'correction_17_addr' <Predicate = (!icmp_ln213)> <Delay = 0.00>
ST_1 : Operation 58 [1/1] (0.00ns)   --->   "%correction_18_addr = getelementptr i1 %correction_18, i64 0, i64 %zext_ln212" [predecoder_kernel.cpp:217]   --->   Operation 58 'getelementptr' 'correction_18_addr' <Predicate = (!icmp_ln213)> <Delay = 0.00>
ST_1 : Operation 59 [1/1] (0.00ns)   --->   "%correction_19_addr = getelementptr i1 %correction_19, i64 0, i64 %zext_ln212" [predecoder_kernel.cpp:217]   --->   Operation 59 'getelementptr' 'correction_19_addr' <Predicate = (!icmp_ln213)> <Delay = 0.00>
ST_1 : Operation 60 [1/1] (0.00ns)   --->   "%correction_20_addr = getelementptr i1 %correction_20, i64 0, i64 %zext_ln212" [predecoder_kernel.cpp:217]   --->   Operation 60 'getelementptr' 'correction_20_addr' <Predicate = (!icmp_ln213)> <Delay = 0.00>
ST_1 : Operation 61 [1/1] (0.00ns)   --->   "%correction_21_addr = getelementptr i1 %correction_21, i64 0, i64 %zext_ln212" [predecoder_kernel.cpp:217]   --->   Operation 61 'getelementptr' 'correction_21_addr' <Predicate = (!icmp_ln213)> <Delay = 0.00>
ST_1 : Operation 62 [1/1] (0.00ns)   --->   "%correction_22_addr = getelementptr i1 %correction_22, i64 0, i64 %zext_ln212" [predecoder_kernel.cpp:217]   --->   Operation 62 'getelementptr' 'correction_22_addr' <Predicate = (!icmp_ln213)> <Delay = 0.00>
ST_1 : Operation 63 [1/1] (0.00ns)   --->   "%correction_23_addr = getelementptr i1 %correction_23, i64 0, i64 %zext_ln212" [predecoder_kernel.cpp:217]   --->   Operation 63 'getelementptr' 'correction_23_addr' <Predicate = (!icmp_ln213)> <Delay = 0.00>
ST_1 : Operation 64 [1/1] (0.00ns)   --->   "%correction_24_addr = getelementptr i1 %correction_24, i64 0, i64 %zext_ln212" [predecoder_kernel.cpp:217]   --->   Operation 64 'getelementptr' 'correction_24_addr' <Predicate = (!icmp_ln213)> <Delay = 0.00>
ST_1 : Operation 65 [1/1] (0.00ns)   --->   "%correction_25_addr = getelementptr i1 %correction_25, i64 0, i64 %zext_ln212" [predecoder_kernel.cpp:217]   --->   Operation 65 'getelementptr' 'correction_25_addr' <Predicate = (!icmp_ln213)> <Delay = 0.00>
ST_1 : Operation 66 [1/1] (0.00ns)   --->   "%correction_26_addr = getelementptr i1 %correction_26, i64 0, i64 %zext_ln212" [predecoder_kernel.cpp:217]   --->   Operation 66 'getelementptr' 'correction_26_addr' <Predicate = (!icmp_ln213)> <Delay = 0.00>
ST_1 : Operation 67 [1/1] (0.00ns)   --->   "%correction_27_addr = getelementptr i1 %correction_27, i64 0, i64 %zext_ln212" [predecoder_kernel.cpp:217]   --->   Operation 67 'getelementptr' 'correction_27_addr' <Predicate = (!icmp_ln213)> <Delay = 0.00>
ST_1 : Operation 68 [1/1] (0.00ns)   --->   "%correction_28_addr = getelementptr i1 %correction_28, i64 0, i64 %zext_ln212" [predecoder_kernel.cpp:217]   --->   Operation 68 'getelementptr' 'correction_28_addr' <Predicate = (!icmp_ln213)> <Delay = 0.00>
ST_1 : Operation 69 [1/1] (0.00ns)   --->   "%correction_29_addr = getelementptr i1 %correction_29, i64 0, i64 %zext_ln212" [predecoder_kernel.cpp:217]   --->   Operation 69 'getelementptr' 'correction_29_addr' <Predicate = (!icmp_ln213)> <Delay = 0.00>
ST_1 : Operation 70 [1/1] (0.00ns)   --->   "%correction_30_addr = getelementptr i1 %correction_30, i64 0, i64 %zext_ln212" [predecoder_kernel.cpp:217]   --->   Operation 70 'getelementptr' 'correction_30_addr' <Predicate = (!icmp_ln213)> <Delay = 0.00>
ST_1 : Operation 71 [1/1] (0.00ns)   --->   "%correction_31_addr = getelementptr i1 %correction_31, i64 0, i64 %zext_ln212" [predecoder_kernel.cpp:217]   --->   Operation 71 'getelementptr' 'correction_31_addr' <Predicate = (!icmp_ln213)> <Delay = 0.00>
ST_1 : Operation 72 [1/1] (0.00ns)   --->   "%correction_32_addr = getelementptr i1 %correction_32, i64 0, i64 %zext_ln212" [predecoder_kernel.cpp:217]   --->   Operation 72 'getelementptr' 'correction_32_addr' <Predicate = (!icmp_ln213)> <Delay = 0.00>
ST_1 : Operation 73 [1/1] (0.00ns)   --->   "%correction_33_addr = getelementptr i1 %correction_33, i64 0, i64 %zext_ln212" [predecoder_kernel.cpp:217]   --->   Operation 73 'getelementptr' 'correction_33_addr' <Predicate = (!icmp_ln213)> <Delay = 0.00>
ST_1 : Operation 74 [1/1] (0.00ns)   --->   "%correction_34_addr = getelementptr i1 %correction_34, i64 0, i64 %zext_ln212" [predecoder_kernel.cpp:217]   --->   Operation 74 'getelementptr' 'correction_34_addr' <Predicate = (!icmp_ln213)> <Delay = 0.00>
ST_1 : Operation 75 [1/1] (0.00ns)   --->   "%correction_35_addr = getelementptr i1 %correction_35, i64 0, i64 %zext_ln212" [predecoder_kernel.cpp:217]   --->   Operation 75 'getelementptr' 'correction_35_addr' <Predicate = (!icmp_ln213)> <Delay = 0.00>
ST_1 : Operation 76 [1/1] (0.00ns)   --->   "%correction_36_addr = getelementptr i1 %correction_36, i64 0, i64 %zext_ln212" [predecoder_kernel.cpp:217]   --->   Operation 76 'getelementptr' 'correction_36_addr' <Predicate = (!icmp_ln213)> <Delay = 0.00>
ST_1 : Operation 77 [1/1] (0.00ns)   --->   "%correction_37_addr = getelementptr i1 %correction_37, i64 0, i64 %zext_ln212" [predecoder_kernel.cpp:217]   --->   Operation 77 'getelementptr' 'correction_37_addr' <Predicate = (!icmp_ln213)> <Delay = 0.00>
ST_1 : Operation 78 [1/1] (0.00ns)   --->   "%correction_38_addr = getelementptr i1 %correction_38, i64 0, i64 %zext_ln212" [predecoder_kernel.cpp:217]   --->   Operation 78 'getelementptr' 'correction_38_addr' <Predicate = (!icmp_ln213)> <Delay = 0.00>
ST_1 : Operation 79 [1/1] (0.00ns)   --->   "%correction_39_addr = getelementptr i1 %correction_39, i64 0, i64 %zext_ln212" [predecoder_kernel.cpp:217]   --->   Operation 79 'getelementptr' 'correction_39_addr' <Predicate = (!icmp_ln213)> <Delay = 0.00>
ST_1 : Operation 80 [1/1] (0.00ns)   --->   "%correction_40_addr = getelementptr i1 %correction_40, i64 0, i64 %zext_ln212" [predecoder_kernel.cpp:217]   --->   Operation 80 'getelementptr' 'correction_40_addr' <Predicate = (!icmp_ln213)> <Delay = 0.00>
ST_1 : Operation 81 [1/1] (0.00ns)   --->   "%correction_41_addr = getelementptr i1 %correction_41, i64 0, i64 %zext_ln212" [predecoder_kernel.cpp:217]   --->   Operation 81 'getelementptr' 'correction_41_addr' <Predicate = (!icmp_ln213)> <Delay = 0.00>
ST_1 : Operation 82 [1/1] (0.00ns)   --->   "%correction_42_addr = getelementptr i1 %correction_42, i64 0, i64 %zext_ln212" [predecoder_kernel.cpp:217]   --->   Operation 82 'getelementptr' 'correction_42_addr' <Predicate = (!icmp_ln213)> <Delay = 0.00>
ST_1 : Operation 83 [1/1] (0.00ns)   --->   "%correction_43_addr = getelementptr i1 %correction_43, i64 0, i64 %zext_ln212" [predecoder_kernel.cpp:217]   --->   Operation 83 'getelementptr' 'correction_43_addr' <Predicate = (!icmp_ln213)> <Delay = 0.00>
ST_1 : Operation 84 [1/1] (0.00ns)   --->   "%correction_44_addr = getelementptr i1 %correction_44, i64 0, i64 %zext_ln212" [predecoder_kernel.cpp:217]   --->   Operation 84 'getelementptr' 'correction_44_addr' <Predicate = (!icmp_ln213)> <Delay = 0.00>
ST_1 : Operation 85 [1/1] (0.00ns)   --->   "%correction_45_addr = getelementptr i1 %correction_45, i64 0, i64 %zext_ln212" [predecoder_kernel.cpp:217]   --->   Operation 85 'getelementptr' 'correction_45_addr' <Predicate = (!icmp_ln213)> <Delay = 0.00>
ST_1 : Operation 86 [1/1] (0.00ns)   --->   "%correction_46_addr = getelementptr i1 %correction_46, i64 0, i64 %zext_ln212" [predecoder_kernel.cpp:217]   --->   Operation 86 'getelementptr' 'correction_46_addr' <Predicate = (!icmp_ln213)> <Delay = 0.00>
ST_1 : Operation 87 [1/1] (0.00ns)   --->   "%correction_47_addr = getelementptr i1 %correction_47, i64 0, i64 %zext_ln212" [predecoder_kernel.cpp:217]   --->   Operation 87 'getelementptr' 'correction_47_addr' <Predicate = (!icmp_ln213)> <Delay = 0.00>
ST_1 : Operation 88 [1/1] (0.00ns)   --->   "%correction_48_addr = getelementptr i1 %correction_48, i64 0, i64 %zext_ln212" [predecoder_kernel.cpp:217]   --->   Operation 88 'getelementptr' 'correction_48_addr' <Predicate = (!icmp_ln213)> <Delay = 0.00>
ST_1 : Operation 89 [1/1] (0.00ns)   --->   "%correction_49_addr = getelementptr i1 %correction_49, i64 0, i64 %zext_ln212" [predecoder_kernel.cpp:217]   --->   Operation 89 'getelementptr' 'correction_49_addr' <Predicate = (!icmp_ln213)> <Delay = 0.00>
ST_1 : Operation 90 [1/1] (0.00ns)   --->   "%correction_50_addr = getelementptr i1 %correction_50, i64 0, i64 %zext_ln212" [predecoder_kernel.cpp:217]   --->   Operation 90 'getelementptr' 'correction_50_addr' <Predicate = (!icmp_ln213)> <Delay = 0.00>
ST_1 : Operation 91 [1/1] (0.00ns)   --->   "%correction_51_addr = getelementptr i1 %correction_51, i64 0, i64 %zext_ln212" [predecoder_kernel.cpp:217]   --->   Operation 91 'getelementptr' 'correction_51_addr' <Predicate = (!icmp_ln213)> <Delay = 0.00>
ST_1 : Operation 92 [1/1] (0.00ns)   --->   "%correction_52_addr = getelementptr i1 %correction_52, i64 0, i64 %zext_ln212" [predecoder_kernel.cpp:217]   --->   Operation 92 'getelementptr' 'correction_52_addr' <Predicate = (!icmp_ln213)> <Delay = 0.00>
ST_1 : Operation 93 [1/1] (0.00ns)   --->   "%correction_53_addr = getelementptr i1 %correction_53, i64 0, i64 %zext_ln212" [predecoder_kernel.cpp:217]   --->   Operation 93 'getelementptr' 'correction_53_addr' <Predicate = (!icmp_ln213)> <Delay = 0.00>
ST_1 : Operation 94 [1/1] (0.00ns)   --->   "%correction_54_addr = getelementptr i1 %correction_54, i64 0, i64 %zext_ln212" [predecoder_kernel.cpp:217]   --->   Operation 94 'getelementptr' 'correction_54_addr' <Predicate = (!icmp_ln213)> <Delay = 0.00>
ST_1 : Operation 95 [1/1] (0.00ns)   --->   "%correction_55_addr = getelementptr i1 %correction_55, i64 0, i64 %zext_ln212" [predecoder_kernel.cpp:217]   --->   Operation 95 'getelementptr' 'correction_55_addr' <Predicate = (!icmp_ln213)> <Delay = 0.00>
ST_1 : Operation 96 [1/1] (0.00ns)   --->   "%correction_56_addr = getelementptr i1 %correction_56, i64 0, i64 %zext_ln212" [predecoder_kernel.cpp:217]   --->   Operation 96 'getelementptr' 'correction_56_addr' <Predicate = (!icmp_ln213)> <Delay = 0.00>
ST_1 : Operation 97 [1/1] (0.00ns)   --->   "%correction_57_addr = getelementptr i1 %correction_57, i64 0, i64 %zext_ln212" [predecoder_kernel.cpp:217]   --->   Operation 97 'getelementptr' 'correction_57_addr' <Predicate = (!icmp_ln213)> <Delay = 0.00>
ST_1 : Operation 98 [1/1] (0.00ns)   --->   "%correction_58_addr = getelementptr i1 %correction_58, i64 0, i64 %zext_ln212" [predecoder_kernel.cpp:217]   --->   Operation 98 'getelementptr' 'correction_58_addr' <Predicate = (!icmp_ln213)> <Delay = 0.00>
ST_1 : Operation 99 [1/1] (0.00ns)   --->   "%correction_59_addr = getelementptr i1 %correction_59, i64 0, i64 %zext_ln212" [predecoder_kernel.cpp:217]   --->   Operation 99 'getelementptr' 'correction_59_addr' <Predicate = (!icmp_ln213)> <Delay = 0.00>
ST_1 : Operation 100 [1/1] (0.00ns)   --->   "%correction_60_addr = getelementptr i1 %correction_60, i64 0, i64 %zext_ln212" [predecoder_kernel.cpp:217]   --->   Operation 100 'getelementptr' 'correction_60_addr' <Predicate = (!icmp_ln213)> <Delay = 0.00>
ST_1 : Operation 101 [1/1] (0.00ns)   --->   "%correction_61_addr = getelementptr i1 %correction_61, i64 0, i64 %zext_ln212" [predecoder_kernel.cpp:217]   --->   Operation 101 'getelementptr' 'correction_61_addr' <Predicate = (!icmp_ln213)> <Delay = 0.00>
ST_1 : Operation 102 [1/1] (0.00ns)   --->   "%correction_62_addr = getelementptr i1 %correction_62, i64 0, i64 %zext_ln212" [predecoder_kernel.cpp:217]   --->   Operation 102 'getelementptr' 'correction_62_addr' <Predicate = (!icmp_ln213)> <Delay = 0.00>
ST_1 : Operation 103 [1/1] (0.00ns)   --->   "%correction_63_addr = getelementptr i1 %correction_63, i64 0, i64 %zext_ln212" [predecoder_kernel.cpp:217]   --->   Operation 103 'getelementptr' 'correction_63_addr' <Predicate = (!icmp_ln213)> <Delay = 0.00>
ST_1 : Operation 104 [1/1] (0.00ns)   --->   "%correction_64_addr = getelementptr i1 %correction_64, i64 0, i64 %zext_ln212" [predecoder_kernel.cpp:217]   --->   Operation 104 'getelementptr' 'correction_64_addr' <Predicate = (!icmp_ln213)> <Delay = 0.00>
ST_1 : Operation 105 [1/1] (0.00ns)   --->   "%correction_65_addr = getelementptr i1 %correction_65, i64 0, i64 %zext_ln212" [predecoder_kernel.cpp:217]   --->   Operation 105 'getelementptr' 'correction_65_addr' <Predicate = (!icmp_ln213)> <Delay = 0.00>
ST_1 : Operation 106 [1/1] (0.00ns)   --->   "%correction_66_addr = getelementptr i1 %correction_66, i64 0, i64 %zext_ln212" [predecoder_kernel.cpp:217]   --->   Operation 106 'getelementptr' 'correction_66_addr' <Predicate = (!icmp_ln213)> <Delay = 0.00>
ST_1 : Operation 107 [1/1] (0.00ns)   --->   "%correction_67_addr = getelementptr i1 %correction_67, i64 0, i64 %zext_ln212" [predecoder_kernel.cpp:217]   --->   Operation 107 'getelementptr' 'correction_67_addr' <Predicate = (!icmp_ln213)> <Delay = 0.00>
ST_1 : Operation 108 [1/1] (0.00ns)   --->   "%correction_68_addr = getelementptr i1 %correction_68, i64 0, i64 %zext_ln212" [predecoder_kernel.cpp:217]   --->   Operation 108 'getelementptr' 'correction_68_addr' <Predicate = (!icmp_ln213)> <Delay = 0.00>
ST_1 : Operation 109 [1/1] (0.00ns)   --->   "%correction_69_addr = getelementptr i1 %correction_69, i64 0, i64 %zext_ln212" [predecoder_kernel.cpp:217]   --->   Operation 109 'getelementptr' 'correction_69_addr' <Predicate = (!icmp_ln213)> <Delay = 0.00>
ST_1 : Operation 110 [1/1] (0.00ns)   --->   "%correction_70_addr = getelementptr i1 %correction_70, i64 0, i64 %zext_ln212" [predecoder_kernel.cpp:217]   --->   Operation 110 'getelementptr' 'correction_70_addr' <Predicate = (!icmp_ln213)> <Delay = 0.00>
ST_1 : Operation 111 [1/1] (0.00ns)   --->   "%correction_71_addr = getelementptr i1 %correction_71, i64 0, i64 %zext_ln212" [predecoder_kernel.cpp:217]   --->   Operation 111 'getelementptr' 'correction_71_addr' <Predicate = (!icmp_ln213)> <Delay = 0.00>
ST_1 : Operation 112 [2/2] (0.63ns)   --->   "%correction_load = load i2 %correction_addr" [predecoder_kernel.cpp:217]   --->   Operation 112 'load' 'correction_load' <Predicate = (!icmp_ln213)> <Delay = 0.63> <CoreInst = "RAM">   --->   Core 83 'RAM' <Latency = 1> <II = 1> <Delay = 0.63> <Storage> <Opcode : 'load' 'store'> <Ports = 2> <Width = 1> <Depth = 3> <RAM>
ST_1 : Operation 113 [2/2] (0.63ns)   --->   "%correction_1_load = load i2 %correction_1_addr" [predecoder_kernel.cpp:217]   --->   Operation 113 'load' 'correction_1_load' <Predicate = (!icmp_ln213)> <Delay = 0.63> <CoreInst = "RAM">   --->   Core 83 'RAM' <Latency = 1> <II = 1> <Delay = 0.63> <Storage> <Opcode : 'load' 'store'> <Ports = 2> <Width = 1> <Depth = 3> <RAM>
ST_1 : Operation 114 [2/2] (0.63ns)   --->   "%correction_2_load = load i2 %correction_2_addr" [predecoder_kernel.cpp:217]   --->   Operation 114 'load' 'correction_2_load' <Predicate = (!icmp_ln213)> <Delay = 0.63> <CoreInst = "RAM">   --->   Core 83 'RAM' <Latency = 1> <II = 1> <Delay = 0.63> <Storage> <Opcode : 'load' 'store'> <Ports = 2> <Width = 1> <Depth = 3> <RAM>
ST_1 : Operation 115 [2/2] (0.63ns)   --->   "%correction_3_load = load i2 %correction_3_addr" [predecoder_kernel.cpp:217]   --->   Operation 115 'load' 'correction_3_load' <Predicate = (!icmp_ln213)> <Delay = 0.63> <CoreInst = "RAM">   --->   Core 83 'RAM' <Latency = 1> <II = 1> <Delay = 0.63> <Storage> <Opcode : 'load' 'store'> <Ports = 2> <Width = 1> <Depth = 3> <RAM>
ST_1 : Operation 116 [2/2] (0.63ns)   --->   "%correction_4_load = load i2 %correction_4_addr" [predecoder_kernel.cpp:217]   --->   Operation 116 'load' 'correction_4_load' <Predicate = (!icmp_ln213)> <Delay = 0.63> <CoreInst = "RAM">   --->   Core 83 'RAM' <Latency = 1> <II = 1> <Delay = 0.63> <Storage> <Opcode : 'load' 'store'> <Ports = 2> <Width = 1> <Depth = 3> <RAM>
ST_1 : Operation 117 [2/2] (0.63ns)   --->   "%correction_5_load = load i2 %correction_5_addr" [predecoder_kernel.cpp:217]   --->   Operation 117 'load' 'correction_5_load' <Predicate = (!icmp_ln213)> <Delay = 0.63> <CoreInst = "RAM">   --->   Core 83 'RAM' <Latency = 1> <II = 1> <Delay = 0.63> <Storage> <Opcode : 'load' 'store'> <Ports = 2> <Width = 1> <Depth = 3> <RAM>
ST_1 : Operation 118 [2/2] (0.63ns)   --->   "%correction_6_load = load i2 %correction_6_addr" [predecoder_kernel.cpp:217]   --->   Operation 118 'load' 'correction_6_load' <Predicate = (!icmp_ln213)> <Delay = 0.63> <CoreInst = "RAM">   --->   Core 83 'RAM' <Latency = 1> <II = 1> <Delay = 0.63> <Storage> <Opcode : 'load' 'store'> <Ports = 2> <Width = 1> <Depth = 3> <RAM>
ST_1 : Operation 119 [2/2] (0.63ns)   --->   "%correction_7_load = load i2 %correction_7_addr" [predecoder_kernel.cpp:217]   --->   Operation 119 'load' 'correction_7_load' <Predicate = (!icmp_ln213)> <Delay = 0.63> <CoreInst = "RAM">   --->   Core 83 'RAM' <Latency = 1> <II = 1> <Delay = 0.63> <Storage> <Opcode : 'load' 'store'> <Ports = 2> <Width = 1> <Depth = 3> <RAM>
ST_1 : Operation 120 [2/2] (0.63ns)   --->   "%correction_8_load = load i2 %correction_8_addr" [predecoder_kernel.cpp:217]   --->   Operation 120 'load' 'correction_8_load' <Predicate = (!icmp_ln213)> <Delay = 0.63> <CoreInst = "RAM">   --->   Core 83 'RAM' <Latency = 1> <II = 1> <Delay = 0.63> <Storage> <Opcode : 'load' 'store'> <Ports = 2> <Width = 1> <Depth = 3> <RAM>
ST_1 : Operation 121 [2/2] (0.63ns)   --->   "%correction_9_load = load i2 %correction_9_addr" [predecoder_kernel.cpp:217]   --->   Operation 121 'load' 'correction_9_load' <Predicate = (!icmp_ln213)> <Delay = 0.63> <CoreInst = "RAM">   --->   Core 83 'RAM' <Latency = 1> <II = 1> <Delay = 0.63> <Storage> <Opcode : 'load' 'store'> <Ports = 2> <Width = 1> <Depth = 3> <RAM>
ST_1 : Operation 122 [2/2] (0.63ns)   --->   "%correction_10_load = load i2 %correction_10_addr" [predecoder_kernel.cpp:217]   --->   Operation 122 'load' 'correction_10_load' <Predicate = (!icmp_ln213)> <Delay = 0.63> <CoreInst = "RAM">   --->   Core 83 'RAM' <Latency = 1> <II = 1> <Delay = 0.63> <Storage> <Opcode : 'load' 'store'> <Ports = 2> <Width = 1> <Depth = 3> <RAM>
ST_1 : Operation 123 [2/2] (0.63ns)   --->   "%correction_11_load = load i2 %correction_11_addr" [predecoder_kernel.cpp:217]   --->   Operation 123 'load' 'correction_11_load' <Predicate = (!icmp_ln213)> <Delay = 0.63> <CoreInst = "RAM">   --->   Core 83 'RAM' <Latency = 1> <II = 1> <Delay = 0.63> <Storage> <Opcode : 'load' 'store'> <Ports = 2> <Width = 1> <Depth = 3> <RAM>
ST_1 : Operation 124 [2/2] (0.63ns)   --->   "%correction_12_load = load i2 %correction_12_addr" [predecoder_kernel.cpp:217]   --->   Operation 124 'load' 'correction_12_load' <Predicate = (!icmp_ln213)> <Delay = 0.63> <CoreInst = "RAM">   --->   Core 83 'RAM' <Latency = 1> <II = 1> <Delay = 0.63> <Storage> <Opcode : 'load' 'store'> <Ports = 2> <Width = 1> <Depth = 3> <RAM>
ST_1 : Operation 125 [2/2] (0.63ns)   --->   "%correction_13_load = load i2 %correction_13_addr" [predecoder_kernel.cpp:217]   --->   Operation 125 'load' 'correction_13_load' <Predicate = (!icmp_ln213)> <Delay = 0.63> <CoreInst = "RAM">   --->   Core 83 'RAM' <Latency = 1> <II = 1> <Delay = 0.63> <Storage> <Opcode : 'load' 'store'> <Ports = 2> <Width = 1> <Depth = 3> <RAM>
ST_1 : Operation 126 [2/2] (0.63ns)   --->   "%correction_14_load = load i2 %correction_14_addr" [predecoder_kernel.cpp:217]   --->   Operation 126 'load' 'correction_14_load' <Predicate = (!icmp_ln213)> <Delay = 0.63> <CoreInst = "RAM">   --->   Core 83 'RAM' <Latency = 1> <II = 1> <Delay = 0.63> <Storage> <Opcode : 'load' 'store'> <Ports = 2> <Width = 1> <Depth = 3> <RAM>
ST_1 : Operation 127 [2/2] (0.63ns)   --->   "%correction_15_load = load i2 %correction_15_addr" [predecoder_kernel.cpp:217]   --->   Operation 127 'load' 'correction_15_load' <Predicate = (!icmp_ln213)> <Delay = 0.63> <CoreInst = "RAM">   --->   Core 83 'RAM' <Latency = 1> <II = 1> <Delay = 0.63> <Storage> <Opcode : 'load' 'store'> <Ports = 2> <Width = 1> <Depth = 3> <RAM>
ST_1 : Operation 128 [2/2] (0.63ns)   --->   "%correction_16_load = load i2 %correction_16_addr" [predecoder_kernel.cpp:217]   --->   Operation 128 'load' 'correction_16_load' <Predicate = (!icmp_ln213)> <Delay = 0.63> <CoreInst = "RAM">   --->   Core 83 'RAM' <Latency = 1> <II = 1> <Delay = 0.63> <Storage> <Opcode : 'load' 'store'> <Ports = 2> <Width = 1> <Depth = 3> <RAM>
ST_1 : Operation 129 [2/2] (0.63ns)   --->   "%correction_17_load = load i2 %correction_17_addr" [predecoder_kernel.cpp:217]   --->   Operation 129 'load' 'correction_17_load' <Predicate = (!icmp_ln213)> <Delay = 0.63> <CoreInst = "RAM">   --->   Core 83 'RAM' <Latency = 1> <II = 1> <Delay = 0.63> <Storage> <Opcode : 'load' 'store'> <Ports = 2> <Width = 1> <Depth = 3> <RAM>
ST_1 : Operation 130 [2/2] (0.63ns)   --->   "%correction_18_load = load i2 %correction_18_addr" [predecoder_kernel.cpp:217]   --->   Operation 130 'load' 'correction_18_load' <Predicate = (!icmp_ln213)> <Delay = 0.63> <CoreInst = "RAM">   --->   Core 83 'RAM' <Latency = 1> <II = 1> <Delay = 0.63> <Storage> <Opcode : 'load' 'store'> <Ports = 2> <Width = 1> <Depth = 3> <RAM>
ST_1 : Operation 131 [2/2] (0.63ns)   --->   "%correction_19_load = load i2 %correction_19_addr" [predecoder_kernel.cpp:217]   --->   Operation 131 'load' 'correction_19_load' <Predicate = (!icmp_ln213)> <Delay = 0.63> <CoreInst = "RAM">   --->   Core 83 'RAM' <Latency = 1> <II = 1> <Delay = 0.63> <Storage> <Opcode : 'load' 'store'> <Ports = 2> <Width = 1> <Depth = 3> <RAM>
ST_1 : Operation 132 [2/2] (0.63ns)   --->   "%correction_20_load = load i2 %correction_20_addr" [predecoder_kernel.cpp:217]   --->   Operation 132 'load' 'correction_20_load' <Predicate = (!icmp_ln213)> <Delay = 0.63> <CoreInst = "RAM">   --->   Core 83 'RAM' <Latency = 1> <II = 1> <Delay = 0.63> <Storage> <Opcode : 'load' 'store'> <Ports = 2> <Width = 1> <Depth = 3> <RAM>
ST_1 : Operation 133 [2/2] (0.63ns)   --->   "%correction_21_load = load i2 %correction_21_addr" [predecoder_kernel.cpp:217]   --->   Operation 133 'load' 'correction_21_load' <Predicate = (!icmp_ln213)> <Delay = 0.63> <CoreInst = "RAM">   --->   Core 83 'RAM' <Latency = 1> <II = 1> <Delay = 0.63> <Storage> <Opcode : 'load' 'store'> <Ports = 2> <Width = 1> <Depth = 3> <RAM>
ST_1 : Operation 134 [2/2] (0.63ns)   --->   "%correction_22_load = load i2 %correction_22_addr" [predecoder_kernel.cpp:217]   --->   Operation 134 'load' 'correction_22_load' <Predicate = (!icmp_ln213)> <Delay = 0.63> <CoreInst = "RAM">   --->   Core 83 'RAM' <Latency = 1> <II = 1> <Delay = 0.63> <Storage> <Opcode : 'load' 'store'> <Ports = 2> <Width = 1> <Depth = 3> <RAM>
ST_1 : Operation 135 [2/2] (0.63ns)   --->   "%correction_23_load = load i2 %correction_23_addr" [predecoder_kernel.cpp:217]   --->   Operation 135 'load' 'correction_23_load' <Predicate = (!icmp_ln213)> <Delay = 0.63> <CoreInst = "RAM">   --->   Core 83 'RAM' <Latency = 1> <II = 1> <Delay = 0.63> <Storage> <Opcode : 'load' 'store'> <Ports = 2> <Width = 1> <Depth = 3> <RAM>
ST_1 : Operation 136 [2/2] (0.63ns)   --->   "%correction_24_load = load i2 %correction_24_addr" [predecoder_kernel.cpp:217]   --->   Operation 136 'load' 'correction_24_load' <Predicate = (!icmp_ln213)> <Delay = 0.63> <CoreInst = "RAM">   --->   Core 83 'RAM' <Latency = 1> <II = 1> <Delay = 0.63> <Storage> <Opcode : 'load' 'store'> <Ports = 2> <Width = 1> <Depth = 3> <RAM>
ST_1 : Operation 137 [2/2] (0.63ns)   --->   "%correction_25_load = load i2 %correction_25_addr" [predecoder_kernel.cpp:217]   --->   Operation 137 'load' 'correction_25_load' <Predicate = (!icmp_ln213)> <Delay = 0.63> <CoreInst = "RAM">   --->   Core 83 'RAM' <Latency = 1> <II = 1> <Delay = 0.63> <Storage> <Opcode : 'load' 'store'> <Ports = 2> <Width = 1> <Depth = 3> <RAM>
ST_1 : Operation 138 [2/2] (0.63ns)   --->   "%correction_26_load = load i2 %correction_26_addr" [predecoder_kernel.cpp:217]   --->   Operation 138 'load' 'correction_26_load' <Predicate = (!icmp_ln213)> <Delay = 0.63> <CoreInst = "RAM">   --->   Core 83 'RAM' <Latency = 1> <II = 1> <Delay = 0.63> <Storage> <Opcode : 'load' 'store'> <Ports = 2> <Width = 1> <Depth = 3> <RAM>
ST_1 : Operation 139 [2/2] (0.63ns)   --->   "%correction_27_load = load i2 %correction_27_addr" [predecoder_kernel.cpp:217]   --->   Operation 139 'load' 'correction_27_load' <Predicate = (!icmp_ln213)> <Delay = 0.63> <CoreInst = "RAM">   --->   Core 83 'RAM' <Latency = 1> <II = 1> <Delay = 0.63> <Storage> <Opcode : 'load' 'store'> <Ports = 2> <Width = 1> <Depth = 3> <RAM>
ST_1 : Operation 140 [2/2] (0.63ns)   --->   "%correction_28_load = load i2 %correction_28_addr" [predecoder_kernel.cpp:217]   --->   Operation 140 'load' 'correction_28_load' <Predicate = (!icmp_ln213)> <Delay = 0.63> <CoreInst = "RAM">   --->   Core 83 'RAM' <Latency = 1> <II = 1> <Delay = 0.63> <Storage> <Opcode : 'load' 'store'> <Ports = 2> <Width = 1> <Depth = 3> <RAM>
ST_1 : Operation 141 [2/2] (0.63ns)   --->   "%correction_29_load = load i2 %correction_29_addr" [predecoder_kernel.cpp:217]   --->   Operation 141 'load' 'correction_29_load' <Predicate = (!icmp_ln213)> <Delay = 0.63> <CoreInst = "RAM">   --->   Core 83 'RAM' <Latency = 1> <II = 1> <Delay = 0.63> <Storage> <Opcode : 'load' 'store'> <Ports = 2> <Width = 1> <Depth = 3> <RAM>
ST_1 : Operation 142 [2/2] (0.63ns)   --->   "%correction_30_load = load i2 %correction_30_addr" [predecoder_kernel.cpp:217]   --->   Operation 142 'load' 'correction_30_load' <Predicate = (!icmp_ln213)> <Delay = 0.63> <CoreInst = "RAM">   --->   Core 83 'RAM' <Latency = 1> <II = 1> <Delay = 0.63> <Storage> <Opcode : 'load' 'store'> <Ports = 2> <Width = 1> <Depth = 3> <RAM>
ST_1 : Operation 143 [2/2] (0.63ns)   --->   "%correction_31_load = load i2 %correction_31_addr" [predecoder_kernel.cpp:217]   --->   Operation 143 'load' 'correction_31_load' <Predicate = (!icmp_ln213)> <Delay = 0.63> <CoreInst = "RAM">   --->   Core 83 'RAM' <Latency = 1> <II = 1> <Delay = 0.63> <Storage> <Opcode : 'load' 'store'> <Ports = 2> <Width = 1> <Depth = 3> <RAM>
ST_1 : Operation 144 [2/2] (0.63ns)   --->   "%correction_32_load = load i2 %correction_32_addr" [predecoder_kernel.cpp:217]   --->   Operation 144 'load' 'correction_32_load' <Predicate = (!icmp_ln213)> <Delay = 0.63> <CoreInst = "RAM">   --->   Core 83 'RAM' <Latency = 1> <II = 1> <Delay = 0.63> <Storage> <Opcode : 'load' 'store'> <Ports = 2> <Width = 1> <Depth = 3> <RAM>
ST_1 : Operation 145 [2/2] (0.63ns)   --->   "%correction_33_load = load i2 %correction_33_addr" [predecoder_kernel.cpp:217]   --->   Operation 145 'load' 'correction_33_load' <Predicate = (!icmp_ln213)> <Delay = 0.63> <CoreInst = "RAM">   --->   Core 83 'RAM' <Latency = 1> <II = 1> <Delay = 0.63> <Storage> <Opcode : 'load' 'store'> <Ports = 2> <Width = 1> <Depth = 3> <RAM>
ST_1 : Operation 146 [2/2] (0.63ns)   --->   "%correction_34_load = load i2 %correction_34_addr" [predecoder_kernel.cpp:217]   --->   Operation 146 'load' 'correction_34_load' <Predicate = (!icmp_ln213)> <Delay = 0.63> <CoreInst = "RAM">   --->   Core 83 'RAM' <Latency = 1> <II = 1> <Delay = 0.63> <Storage> <Opcode : 'load' 'store'> <Ports = 2> <Width = 1> <Depth = 3> <RAM>
ST_1 : Operation 147 [2/2] (0.63ns)   --->   "%correction_35_load = load i2 %correction_35_addr" [predecoder_kernel.cpp:217]   --->   Operation 147 'load' 'correction_35_load' <Predicate = (!icmp_ln213)> <Delay = 0.63> <CoreInst = "RAM">   --->   Core 83 'RAM' <Latency = 1> <II = 1> <Delay = 0.63> <Storage> <Opcode : 'load' 'store'> <Ports = 2> <Width = 1> <Depth = 3> <RAM>
ST_1 : Operation 148 [2/2] (0.63ns)   --->   "%correction_36_load = load i2 %correction_36_addr" [predecoder_kernel.cpp:217]   --->   Operation 148 'load' 'correction_36_load' <Predicate = (!icmp_ln213)> <Delay = 0.63> <CoreInst = "RAM">   --->   Core 83 'RAM' <Latency = 1> <II = 1> <Delay = 0.63> <Storage> <Opcode : 'load' 'store'> <Ports = 2> <Width = 1> <Depth = 3> <RAM>
ST_1 : Operation 149 [2/2] (0.63ns)   --->   "%correction_37_load = load i2 %correction_37_addr" [predecoder_kernel.cpp:217]   --->   Operation 149 'load' 'correction_37_load' <Predicate = (!icmp_ln213)> <Delay = 0.63> <CoreInst = "RAM">   --->   Core 83 'RAM' <Latency = 1> <II = 1> <Delay = 0.63> <Storage> <Opcode : 'load' 'store'> <Ports = 2> <Width = 1> <Depth = 3> <RAM>
ST_1 : Operation 150 [2/2] (0.63ns)   --->   "%correction_38_load = load i2 %correction_38_addr" [predecoder_kernel.cpp:217]   --->   Operation 150 'load' 'correction_38_load' <Predicate = (!icmp_ln213)> <Delay = 0.63> <CoreInst = "RAM">   --->   Core 83 'RAM' <Latency = 1> <II = 1> <Delay = 0.63> <Storage> <Opcode : 'load' 'store'> <Ports = 2> <Width = 1> <Depth = 3> <RAM>
ST_1 : Operation 151 [2/2] (0.63ns)   --->   "%correction_39_load = load i2 %correction_39_addr" [predecoder_kernel.cpp:217]   --->   Operation 151 'load' 'correction_39_load' <Predicate = (!icmp_ln213)> <Delay = 0.63> <CoreInst = "RAM">   --->   Core 83 'RAM' <Latency = 1> <II = 1> <Delay = 0.63> <Storage> <Opcode : 'load' 'store'> <Ports = 2> <Width = 1> <Depth = 3> <RAM>
ST_1 : Operation 152 [2/2] (0.63ns)   --->   "%correction_40_load = load i2 %correction_40_addr" [predecoder_kernel.cpp:217]   --->   Operation 152 'load' 'correction_40_load' <Predicate = (!icmp_ln213)> <Delay = 0.63> <CoreInst = "RAM">   --->   Core 83 'RAM' <Latency = 1> <II = 1> <Delay = 0.63> <Storage> <Opcode : 'load' 'store'> <Ports = 2> <Width = 1> <Depth = 3> <RAM>
ST_1 : Operation 153 [2/2] (0.63ns)   --->   "%correction_41_load = load i2 %correction_41_addr" [predecoder_kernel.cpp:217]   --->   Operation 153 'load' 'correction_41_load' <Predicate = (!icmp_ln213)> <Delay = 0.63> <CoreInst = "RAM">   --->   Core 83 'RAM' <Latency = 1> <II = 1> <Delay = 0.63> <Storage> <Opcode : 'load' 'store'> <Ports = 2> <Width = 1> <Depth = 3> <RAM>
ST_1 : Operation 154 [2/2] (0.63ns)   --->   "%correction_42_load = load i2 %correction_42_addr" [predecoder_kernel.cpp:217]   --->   Operation 154 'load' 'correction_42_load' <Predicate = (!icmp_ln213)> <Delay = 0.63> <CoreInst = "RAM">   --->   Core 83 'RAM' <Latency = 1> <II = 1> <Delay = 0.63> <Storage> <Opcode : 'load' 'store'> <Ports = 2> <Width = 1> <Depth = 3> <RAM>
ST_1 : Operation 155 [2/2] (0.63ns)   --->   "%correction_43_load = load i2 %correction_43_addr" [predecoder_kernel.cpp:217]   --->   Operation 155 'load' 'correction_43_load' <Predicate = (!icmp_ln213)> <Delay = 0.63> <CoreInst = "RAM">   --->   Core 83 'RAM' <Latency = 1> <II = 1> <Delay = 0.63> <Storage> <Opcode : 'load' 'store'> <Ports = 2> <Width = 1> <Depth = 3> <RAM>
ST_1 : Operation 156 [2/2] (0.63ns)   --->   "%correction_44_load = load i2 %correction_44_addr" [predecoder_kernel.cpp:217]   --->   Operation 156 'load' 'correction_44_load' <Predicate = (!icmp_ln213)> <Delay = 0.63> <CoreInst = "RAM">   --->   Core 83 'RAM' <Latency = 1> <II = 1> <Delay = 0.63> <Storage> <Opcode : 'load' 'store'> <Ports = 2> <Width = 1> <Depth = 3> <RAM>
ST_1 : Operation 157 [2/2] (0.63ns)   --->   "%correction_45_load = load i2 %correction_45_addr" [predecoder_kernel.cpp:217]   --->   Operation 157 'load' 'correction_45_load' <Predicate = (!icmp_ln213)> <Delay = 0.63> <CoreInst = "RAM">   --->   Core 83 'RAM' <Latency = 1> <II = 1> <Delay = 0.63> <Storage> <Opcode : 'load' 'store'> <Ports = 2> <Width = 1> <Depth = 3> <RAM>
ST_1 : Operation 158 [2/2] (0.63ns)   --->   "%correction_46_load = load i2 %correction_46_addr" [predecoder_kernel.cpp:217]   --->   Operation 158 'load' 'correction_46_load' <Predicate = (!icmp_ln213)> <Delay = 0.63> <CoreInst = "RAM">   --->   Core 83 'RAM' <Latency = 1> <II = 1> <Delay = 0.63> <Storage> <Opcode : 'load' 'store'> <Ports = 2> <Width = 1> <Depth = 3> <RAM>
ST_1 : Operation 159 [2/2] (0.63ns)   --->   "%correction_47_load = load i2 %correction_47_addr" [predecoder_kernel.cpp:217]   --->   Operation 159 'load' 'correction_47_load' <Predicate = (!icmp_ln213)> <Delay = 0.63> <CoreInst = "RAM">   --->   Core 83 'RAM' <Latency = 1> <II = 1> <Delay = 0.63> <Storage> <Opcode : 'load' 'store'> <Ports = 2> <Width = 1> <Depth = 3> <RAM>
ST_1 : Operation 160 [2/2] (0.63ns)   --->   "%correction_48_load = load i2 %correction_48_addr" [predecoder_kernel.cpp:217]   --->   Operation 160 'load' 'correction_48_load' <Predicate = (!icmp_ln213)> <Delay = 0.63> <CoreInst = "RAM">   --->   Core 83 'RAM' <Latency = 1> <II = 1> <Delay = 0.63> <Storage> <Opcode : 'load' 'store'> <Ports = 2> <Width = 1> <Depth = 3> <RAM>
ST_1 : Operation 161 [2/2] (0.63ns)   --->   "%correction_49_load = load i2 %correction_49_addr" [predecoder_kernel.cpp:217]   --->   Operation 161 'load' 'correction_49_load' <Predicate = (!icmp_ln213)> <Delay = 0.63> <CoreInst = "RAM">   --->   Core 83 'RAM' <Latency = 1> <II = 1> <Delay = 0.63> <Storage> <Opcode : 'load' 'store'> <Ports = 2> <Width = 1> <Depth = 3> <RAM>
ST_1 : Operation 162 [2/2] (0.63ns)   --->   "%correction_50_load = load i2 %correction_50_addr" [predecoder_kernel.cpp:217]   --->   Operation 162 'load' 'correction_50_load' <Predicate = (!icmp_ln213)> <Delay = 0.63> <CoreInst = "RAM">   --->   Core 83 'RAM' <Latency = 1> <II = 1> <Delay = 0.63> <Storage> <Opcode : 'load' 'store'> <Ports = 2> <Width = 1> <Depth = 3> <RAM>
ST_1 : Operation 163 [2/2] (0.63ns)   --->   "%correction_51_load = load i2 %correction_51_addr" [predecoder_kernel.cpp:217]   --->   Operation 163 'load' 'correction_51_load' <Predicate = (!icmp_ln213)> <Delay = 0.63> <CoreInst = "RAM">   --->   Core 83 'RAM' <Latency = 1> <II = 1> <Delay = 0.63> <Storage> <Opcode : 'load' 'store'> <Ports = 2> <Width = 1> <Depth = 3> <RAM>
ST_1 : Operation 164 [2/2] (0.63ns)   --->   "%correction_52_load = load i2 %correction_52_addr" [predecoder_kernel.cpp:217]   --->   Operation 164 'load' 'correction_52_load' <Predicate = (!icmp_ln213)> <Delay = 0.63> <CoreInst = "RAM">   --->   Core 83 'RAM' <Latency = 1> <II = 1> <Delay = 0.63> <Storage> <Opcode : 'load' 'store'> <Ports = 2> <Width = 1> <Depth = 3> <RAM>
ST_1 : Operation 165 [2/2] (0.63ns)   --->   "%correction_53_load = load i2 %correction_53_addr" [predecoder_kernel.cpp:217]   --->   Operation 165 'load' 'correction_53_load' <Predicate = (!icmp_ln213)> <Delay = 0.63> <CoreInst = "RAM">   --->   Core 83 'RAM' <Latency = 1> <II = 1> <Delay = 0.63> <Storage> <Opcode : 'load' 'store'> <Ports = 2> <Width = 1> <Depth = 3> <RAM>
ST_1 : Operation 166 [2/2] (0.63ns)   --->   "%correction_54_load = load i2 %correction_54_addr" [predecoder_kernel.cpp:217]   --->   Operation 166 'load' 'correction_54_load' <Predicate = (!icmp_ln213)> <Delay = 0.63> <CoreInst = "RAM">   --->   Core 83 'RAM' <Latency = 1> <II = 1> <Delay = 0.63> <Storage> <Opcode : 'load' 'store'> <Ports = 2> <Width = 1> <Depth = 3> <RAM>
ST_1 : Operation 167 [2/2] (0.63ns)   --->   "%correction_55_load = load i2 %correction_55_addr" [predecoder_kernel.cpp:217]   --->   Operation 167 'load' 'correction_55_load' <Predicate = (!icmp_ln213)> <Delay = 0.63> <CoreInst = "RAM">   --->   Core 83 'RAM' <Latency = 1> <II = 1> <Delay = 0.63> <Storage> <Opcode : 'load' 'store'> <Ports = 2> <Width = 1> <Depth = 3> <RAM>
ST_1 : Operation 168 [2/2] (0.63ns)   --->   "%correction_56_load = load i2 %correction_56_addr" [predecoder_kernel.cpp:217]   --->   Operation 168 'load' 'correction_56_load' <Predicate = (!icmp_ln213)> <Delay = 0.63> <CoreInst = "RAM">   --->   Core 83 'RAM' <Latency = 1> <II = 1> <Delay = 0.63> <Storage> <Opcode : 'load' 'store'> <Ports = 2> <Width = 1> <Depth = 3> <RAM>
ST_1 : Operation 169 [2/2] (0.63ns)   --->   "%correction_57_load = load i2 %correction_57_addr" [predecoder_kernel.cpp:217]   --->   Operation 169 'load' 'correction_57_load' <Predicate = (!icmp_ln213)> <Delay = 0.63> <CoreInst = "RAM">   --->   Core 83 'RAM' <Latency = 1> <II = 1> <Delay = 0.63> <Storage> <Opcode : 'load' 'store'> <Ports = 2> <Width = 1> <Depth = 3> <RAM>
ST_1 : Operation 170 [2/2] (0.63ns)   --->   "%correction_58_load = load i2 %correction_58_addr" [predecoder_kernel.cpp:217]   --->   Operation 170 'load' 'correction_58_load' <Predicate = (!icmp_ln213)> <Delay = 0.63> <CoreInst = "RAM">   --->   Core 83 'RAM' <Latency = 1> <II = 1> <Delay = 0.63> <Storage> <Opcode : 'load' 'store'> <Ports = 2> <Width = 1> <Depth = 3> <RAM>
ST_1 : Operation 171 [2/2] (0.63ns)   --->   "%correction_59_load = load i2 %correction_59_addr" [predecoder_kernel.cpp:217]   --->   Operation 171 'load' 'correction_59_load' <Predicate = (!icmp_ln213)> <Delay = 0.63> <CoreInst = "RAM">   --->   Core 83 'RAM' <Latency = 1> <II = 1> <Delay = 0.63> <Storage> <Opcode : 'load' 'store'> <Ports = 2> <Width = 1> <Depth = 3> <RAM>
ST_1 : Operation 172 [2/2] (0.63ns)   --->   "%correction_60_load = load i2 %correction_60_addr" [predecoder_kernel.cpp:217]   --->   Operation 172 'load' 'correction_60_load' <Predicate = (!icmp_ln213)> <Delay = 0.63> <CoreInst = "RAM">   --->   Core 83 'RAM' <Latency = 1> <II = 1> <Delay = 0.63> <Storage> <Opcode : 'load' 'store'> <Ports = 2> <Width = 1> <Depth = 3> <RAM>
ST_1 : Operation 173 [2/2] (0.63ns)   --->   "%correction_61_load = load i2 %correction_61_addr" [predecoder_kernel.cpp:217]   --->   Operation 173 'load' 'correction_61_load' <Predicate = (!icmp_ln213)> <Delay = 0.63> <CoreInst = "RAM">   --->   Core 83 'RAM' <Latency = 1> <II = 1> <Delay = 0.63> <Storage> <Opcode : 'load' 'store'> <Ports = 2> <Width = 1> <Depth = 3> <RAM>
ST_1 : Operation 174 [2/2] (0.63ns)   --->   "%correction_62_load = load i2 %correction_62_addr" [predecoder_kernel.cpp:217]   --->   Operation 174 'load' 'correction_62_load' <Predicate = (!icmp_ln213)> <Delay = 0.63> <CoreInst = "RAM">   --->   Core 83 'RAM' <Latency = 1> <II = 1> <Delay = 0.63> <Storage> <Opcode : 'load' 'store'> <Ports = 2> <Width = 1> <Depth = 3> <RAM>
ST_1 : Operation 175 [2/2] (0.63ns)   --->   "%correction_63_load = load i2 %correction_63_addr" [predecoder_kernel.cpp:217]   --->   Operation 175 'load' 'correction_63_load' <Predicate = (!icmp_ln213)> <Delay = 0.63> <CoreInst = "RAM">   --->   Core 83 'RAM' <Latency = 1> <II = 1> <Delay = 0.63> <Storage> <Opcode : 'load' 'store'> <Ports = 2> <Width = 1> <Depth = 3> <RAM>
ST_1 : Operation 176 [2/2] (0.63ns)   --->   "%correction_64_load = load i2 %correction_64_addr" [predecoder_kernel.cpp:217]   --->   Operation 176 'load' 'correction_64_load' <Predicate = (!icmp_ln213)> <Delay = 0.63> <CoreInst = "RAM">   --->   Core 83 'RAM' <Latency = 1> <II = 1> <Delay = 0.63> <Storage> <Opcode : 'load' 'store'> <Ports = 2> <Width = 1> <Depth = 3> <RAM>
ST_1 : Operation 177 [2/2] (0.63ns)   --->   "%correction_65_load = load i2 %correction_65_addr" [predecoder_kernel.cpp:217]   --->   Operation 177 'load' 'correction_65_load' <Predicate = (!icmp_ln213)> <Delay = 0.63> <CoreInst = "RAM">   --->   Core 83 'RAM' <Latency = 1> <II = 1> <Delay = 0.63> <Storage> <Opcode : 'load' 'store'> <Ports = 2> <Width = 1> <Depth = 3> <RAM>
ST_1 : Operation 178 [2/2] (0.63ns)   --->   "%correction_66_load = load i2 %correction_66_addr" [predecoder_kernel.cpp:217]   --->   Operation 178 'load' 'correction_66_load' <Predicate = (!icmp_ln213)> <Delay = 0.63> <CoreInst = "RAM">   --->   Core 83 'RAM' <Latency = 1> <II = 1> <Delay = 0.63> <Storage> <Opcode : 'load' 'store'> <Ports = 2> <Width = 1> <Depth = 3> <RAM>
ST_1 : Operation 179 [2/2] (0.63ns)   --->   "%correction_67_load = load i2 %correction_67_addr" [predecoder_kernel.cpp:217]   --->   Operation 179 'load' 'correction_67_load' <Predicate = (!icmp_ln213)> <Delay = 0.63> <CoreInst = "RAM">   --->   Core 83 'RAM' <Latency = 1> <II = 1> <Delay = 0.63> <Storage> <Opcode : 'load' 'store'> <Ports = 2> <Width = 1> <Depth = 3> <RAM>
ST_1 : Operation 180 [2/2] (0.63ns)   --->   "%correction_68_load = load i2 %correction_68_addr" [predecoder_kernel.cpp:217]   --->   Operation 180 'load' 'correction_68_load' <Predicate = (!icmp_ln213)> <Delay = 0.63> <CoreInst = "RAM">   --->   Core 83 'RAM' <Latency = 1> <II = 1> <Delay = 0.63> <Storage> <Opcode : 'load' 'store'> <Ports = 2> <Width = 1> <Depth = 3> <RAM>
ST_1 : Operation 181 [2/2] (0.63ns)   --->   "%correction_69_load = load i2 %correction_69_addr" [predecoder_kernel.cpp:217]   --->   Operation 181 'load' 'correction_69_load' <Predicate = (!icmp_ln213)> <Delay = 0.63> <CoreInst = "RAM">   --->   Core 83 'RAM' <Latency = 1> <II = 1> <Delay = 0.63> <Storage> <Opcode : 'load' 'store'> <Ports = 2> <Width = 1> <Depth = 3> <RAM>
ST_1 : Operation 182 [2/2] (0.63ns)   --->   "%correction_70_load = load i2 %correction_70_addr" [predecoder_kernel.cpp:217]   --->   Operation 182 'load' 'correction_70_load' <Predicate = (!icmp_ln213)> <Delay = 0.63> <CoreInst = "RAM">   --->   Core 83 'RAM' <Latency = 1> <II = 1> <Delay = 0.63> <Storage> <Opcode : 'load' 'store'> <Ports = 2> <Width = 1> <Depth = 3> <RAM>
ST_1 : Operation 183 [2/2] (0.63ns)   --->   "%correction_71_load = load i2 %correction_71_addr" [predecoder_kernel.cpp:217]   --->   Operation 183 'load' 'correction_71_load' <Predicate = (!icmp_ln213)> <Delay = 0.63> <CoreInst = "RAM">   --->   Core 83 'RAM' <Latency = 1> <II = 1> <Delay = 0.63> <Storage> <Opcode : 'load' 'store'> <Ports = 2> <Width = 1> <Depth = 3> <RAM>
ST_1 : Operation 184 [1/1] (0.57ns)   --->   "%add_ln215 = add i3 %select_ln212_1, i3 1" [predecoder_kernel.cpp:215]   --->   Operation 184 'add' 'add_ln215' <Predicate = (!icmp_ln213)> <Delay = 0.57> <CoreInst = "Adder">   --->   Core 1 'Adder' <Latency = 0> <II = 1> <Delay = 0.57> <FuncUnit> <Opcode : 'add' 'sub'> <InPorts = 2> <OutPorts = 1>
ST_1 : Operation 185 [1/1] (0.70ns)   --->   "%add_ln214_1 = add i6 %indvar_flatten43_load, i6 1" [predecoder_kernel.cpp:214]   --->   Operation 185 'add' 'add_ln214_1' <Predicate = (!icmp_ln213)> <Delay = 0.70> <CoreInst = "Adder">   --->   Core 1 'Adder' <Latency = 0> <II = 1> <Delay = 0.70> <FuncUnit> <Opcode : 'add' 'sub'> <InPorts = 2> <OutPorts = 1>
ST_1 : Operation 186 [1/1] (0.29ns)   --->   "%select_ln214_1 = select i1 %icmp_ln214, i6 1, i6 %add_ln214_1" [predecoder_kernel.cpp:214]   --->   Operation 186 'select' 'select_ln214_1' <Predicate = (!icmp_ln213)> <Delay = 0.29> <CoreInst = "Sel">   --->   Core 73 'Sel' <Latency = 0> <II = 1> <Delay = 0.29> <FuncUnit> <Opcode : 'select'> <InPorts = 3> <OutPorts = 1>
ST_1 : Operation 187 [1/1] (0.38ns)   --->   "%store_ln213 = store i8 %add_ln213_1, i8 %indvar_flatten58" [predecoder_kernel.cpp:213]   --->   Operation 187 'store' 'store_ln213' <Predicate = (!icmp_ln213)> <Delay = 0.38>
ST_1 : Operation 188 [1/1] (0.38ns)   --->   "%store_ln213 = store i3 %select_ln213, i3 %t" [predecoder_kernel.cpp:213]   --->   Operation 188 'store' 'store_ln213' <Predicate = (!icmp_ln213)> <Delay = 0.38>
ST_1 : Operation 189 [1/1] (0.38ns)   --->   "%store_ln214 = store i6 %select_ln214_1, i6 %indvar_flatten43" [predecoder_kernel.cpp:214]   --->   Operation 189 'store' 'store_ln214' <Predicate = (!icmp_ln213)> <Delay = 0.38>
ST_1 : Operation 190 [1/1] (0.38ns)   --->   "%store_ln214 = store i3 %select_ln214, i3 %y" [predecoder_kernel.cpp:214]   --->   Operation 190 'store' 'store_ln214' <Predicate = (!icmp_ln213)> <Delay = 0.38>
ST_1 : Operation 191 [1/1] (0.38ns)   --->   "%store_ln215 = store i3 %add_ln215, i3 %x" [predecoder_kernel.cpp:215]   --->   Operation 191 'store' 'store_ln215' <Predicate = (!icmp_ln213)> <Delay = 0.38>
ST_1 : Operation 300 [1/1] (0.00ns)   --->   "%beat_load = load i512 %beat"   --->   Operation 300 'load' 'beat_load' <Predicate = (icmp_ln213)> <Delay = 0.00>
ST_1 : Operation 301 [1/1] (0.00ns)   --->   "%write_ln0 = write void @_ssdm_op_Write.ap_auto.i512P0A, i512 %beat_2_out, i512 %beat_load"   --->   Operation 301 'write' 'write_ln0' <Predicate = (icmp_ln213)> <Delay = 0.00>
ST_1 : Operation 302 [1/1] (0.00ns)   --->   "%ret_ln0 = ret"   --->   Operation 302 'ret' 'ret_ln0' <Predicate = (icmp_ln213)> <Delay = 0.00>

State 2 <SV = 1> <Delay = 2.34>
ST_2 : Operation 192 [1/1] (0.00ns)   --->   "%beat_load_1 = load i512 %beat" [predecoder_kernel.cpp:217]   --->   Operation 192 'load' 'beat_load_1' <Predicate = true> <Delay = 0.00>
ST_2 : Operation 193 [1/1] (0.00ns)   --->   "%specloopname_ln0 = specloopname void @_ssdm_op_SpecLoopName, void @VITIS_LOOP_213_5_VITIS_LOOP_214_6_VITIS_LOOP_215_7_str"   --->   Operation 193 'specloopname' 'specloopname_ln0' <Predicate = true> <Delay = 0.00>
ST_2 : Operation 194 [1/1] (0.00ns)   --->   "%speclooptripcount_ln0 = speclooptripcount void @_ssdm_op_SpecLoopTripCount, i64 216, i64 216, i64 216"   --->   Operation 194 'speclooptripcount' 'speclooptripcount_ln0' <Predicate = true> <Delay = 0.00>
ST_2 : Operation 195 [1/1] (0.00ns)   --->   "%p_shl4 = bitconcatenate i6 @_ssdm_op_BitConcatenate.i6.i3.i3, i3 %select_ln213, i3 0" [predecoder_kernel.cpp:213]   --->   Operation 195 'bitconcatenate' 'p_shl4' <Predicate = true> <Delay = 0.00>
ST_2 : Operation 196 [1/1] (0.00ns)   --->   "%p_shl4_cast = zext i6 %p_shl4" [predecoder_kernel.cpp:213]   --->   Operation 196 'zext' 'p_shl4_cast' <Predicate = true> <Delay = 0.00>
ST_2 : Operation 197 [1/1] (0.00ns)   --->   "%p_shl5 = bitconcatenate i4 @_ssdm_op_BitConcatenate.i4.i3.i1, i3 %select_ln213, i1 0" [predecoder_kernel.cpp:213]   --->   Operation 197 'bitconcatenate' 'p_shl5' <Predicate = true> <Delay = 0.00>
ST_2 : Operation 198 [1/1] (0.00ns)   --->   "%p_shl5_cast = zext i4 %p_shl5" [predecoder_kernel.cpp:213]   --->   Operation 198 'zext' 'p_shl5_cast' <Predicate = true> <Delay = 0.00>
ST_2 : Operation 199 [1/1] (0.00ns) (grouped into TernaryAdder)   --->   "%empty = sub i7 %p_shl4_cast, i7 %p_shl5_cast" [predecoder_kernel.cpp:213]   --->   Operation 199 'sub' 'empty' <Predicate = true> <Delay = 0.00> <CoreInst = "TAddSub">   --->   Core 10 'TAddSub' <Latency = 0> <II = 1> <Delay = 0.36> <IPBlock> <Opcode : '' 'add' 'sub'> <InPorts = 3> <OutPorts = 1> <Sync> <CReg>
ST_2 : Operation 200 [1/2] (0.63ns)   --->   "%correction_load = load i2 %correction_addr" [predecoder_kernel.cpp:217]   --->   Operation 200 'load' 'correction_load' <Predicate = true> <Delay = 0.63> <CoreInst = "RAM">   --->   Core 83 'RAM' <Latency = 1> <II = 1> <Delay = 0.63> <Storage> <Opcode : 'load' 'store'> <Ports = 2> <Width = 1> <Depth = 3> <RAM>
ST_2 : Operation 201 [1/2] (0.63ns)   --->   "%correction_1_load = load i2 %correction_1_addr" [predecoder_kernel.cpp:217]   --->   Operation 201 'load' 'correction_1_load' <Predicate = true> <Delay = 0.63> <CoreInst = "RAM">   --->   Core 83 'RAM' <Latency = 1> <II = 1> <Delay = 0.63> <Storage> <Opcode : 'load' 'store'> <Ports = 2> <Width = 1> <Depth = 3> <RAM>
ST_2 : Operation 202 [1/2] (0.63ns)   --->   "%correction_2_load = load i2 %correction_2_addr" [predecoder_kernel.cpp:217]   --->   Operation 202 'load' 'correction_2_load' <Predicate = true> <Delay = 0.63> <CoreInst = "RAM">   --->   Core 83 'RAM' <Latency = 1> <II = 1> <Delay = 0.63> <Storage> <Opcode : 'load' 'store'> <Ports = 2> <Width = 1> <Depth = 3> <RAM>
ST_2 : Operation 203 [1/2] (0.63ns)   --->   "%correction_3_load = load i2 %correction_3_addr" [predecoder_kernel.cpp:217]   --->   Operation 203 'load' 'correction_3_load' <Predicate = true> <Delay = 0.63> <CoreInst = "RAM">   --->   Core 83 'RAM' <Latency = 1> <II = 1> <Delay = 0.63> <Storage> <Opcode : 'load' 'store'> <Ports = 2> <Width = 1> <Depth = 3> <RAM>
ST_2 : Operation 204 [1/2] (0.63ns)   --->   "%correction_4_load = load i2 %correction_4_addr" [predecoder_kernel.cpp:217]   --->   Operation 204 'load' 'correction_4_load' <Predicate = true> <Delay = 0.63> <CoreInst = "RAM">   --->   Core 83 'RAM' <Latency = 1> <II = 1> <Delay = 0.63> <Storage> <Opcode : 'load' 'store'> <Ports = 2> <Width = 1> <Depth = 3> <RAM>
ST_2 : Operation 205 [1/2] (0.63ns)   --->   "%correction_5_load = load i2 %correction_5_addr" [predecoder_kernel.cpp:217]   --->   Operation 205 'load' 'correction_5_load' <Predicate = true> <Delay = 0.63> <CoreInst = "RAM">   --->   Core 83 'RAM' <Latency = 1> <II = 1> <Delay = 0.63> <Storage> <Opcode : 'load' 'store'> <Ports = 2> <Width = 1> <Depth = 3> <RAM>
ST_2 : Operation 206 [1/2] (0.63ns)   --->   "%correction_6_load = load i2 %correction_6_addr" [predecoder_kernel.cpp:217]   --->   Operation 206 'load' 'correction_6_load' <Predicate = true> <Delay = 0.63> <CoreInst = "RAM">   --->   Core 83 'RAM' <Latency = 1> <II = 1> <Delay = 0.63> <Storage> <Opcode : 'load' 'store'> <Ports = 2> <Width = 1> <Depth = 3> <RAM>
ST_2 : Operation 207 [1/2] (0.63ns)   --->   "%correction_7_load = load i2 %correction_7_addr" [predecoder_kernel.cpp:217]   --->   Operation 207 'load' 'correction_7_load' <Predicate = true> <Delay = 0.63> <CoreInst = "RAM">   --->   Core 83 'RAM' <Latency = 1> <II = 1> <Delay = 0.63> <Storage> <Opcode : 'load' 'store'> <Ports = 2> <Width = 1> <Depth = 3> <RAM>
ST_2 : Operation 208 [1/2] (0.63ns)   --->   "%correction_8_load = load i2 %correction_8_addr" [predecoder_kernel.cpp:217]   --->   Operation 208 'load' 'correction_8_load' <Predicate = true> <Delay = 0.63> <CoreInst = "RAM">   --->   Core 83 'RAM' <Latency = 1> <II = 1> <Delay = 0.63> <Storage> <Opcode : 'load' 'store'> <Ports = 2> <Width = 1> <Depth = 3> <RAM>
ST_2 : Operation 209 [1/2] (0.63ns)   --->   "%correction_9_load = load i2 %correction_9_addr" [predecoder_kernel.cpp:217]   --->   Operation 209 'load' 'correction_9_load' <Predicate = true> <Delay = 0.63> <CoreInst = "RAM">   --->   Core 83 'RAM' <Latency = 1> <II = 1> <Delay = 0.63> <Storage> <Opcode : 'load' 'store'> <Ports = 2> <Width = 1> <Depth = 3> <RAM>
ST_2 : Operation 210 [1/2] (0.63ns)   --->   "%correction_10_load = load i2 %correction_10_addr" [predecoder_kernel.cpp:217]   --->   Operation 210 'load' 'correction_10_load' <Predicate = true> <Delay = 0.63> <CoreInst = "RAM">   --->   Core 83 'RAM' <Latency = 1> <II = 1> <Delay = 0.63> <Storage> <Opcode : 'load' 'store'> <Ports = 2> <Width = 1> <Depth = 3> <RAM>
ST_2 : Operation 211 [1/2] (0.63ns)   --->   "%correction_11_load = load i2 %correction_11_addr" [predecoder_kernel.cpp:217]   --->   Operation 211 'load' 'correction_11_load' <Predicate = true> <Delay = 0.63> <CoreInst = "RAM">   --->   Core 83 'RAM' <Latency = 1> <II = 1> <Delay = 0.63> <Storage> <Opcode : 'load' 'store'> <Ports = 2> <Width = 1> <Depth = 3> <RAM>
ST_2 : Operation 212 [1/2] (0.63ns)   --->   "%correction_12_load = load i2 %correction_12_addr" [predecoder_kernel.cpp:217]   --->   Operation 212 'load' 'correction_12_load' <Predicate = true> <Delay = 0.63> <CoreInst = "RAM">   --->   Core 83 'RAM' <Latency = 1> <II = 1> <Delay = 0.63> <Storage> <Opcode : 'load' 'store'> <Ports = 2> <Width = 1> <Depth = 3> <RAM>
ST_2 : Operation 213 [1/2] (0.63ns)   --->   "%correction_13_load = load i2 %correction_13_addr" [predecoder_kernel.cpp:217]   --->   Operation 213 'load' 'correction_13_load' <Predicate = true> <Delay = 0.63> <CoreInst = "RAM">   --->   Core 83 'RAM' <Latency = 1> <II = 1> <Delay = 0.63> <Storage> <Opcode : 'load' 'store'> <Ports = 2> <Width = 1> <Depth = 3> <RAM>
ST_2 : Operation 214 [1/2] (0.63ns)   --->   "%correction_14_load = load i2 %correction_14_addr" [predecoder_kernel.cpp:217]   --->   Operation 214 'load' 'correction_14_load' <Predicate = true> <Delay = 0.63> <CoreInst = "RAM">   --->   Core 83 'RAM' <Latency = 1> <II = 1> <Delay = 0.63> <Storage> <Opcode : 'load' 'store'> <Ports = 2> <Width = 1> <Depth = 3> <RAM>
ST_2 : Operation 215 [1/2] (0.63ns)   --->   "%correction_15_load = load i2 %correction_15_addr" [predecoder_kernel.cpp:217]   --->   Operation 215 'load' 'correction_15_load' <Predicate = true> <Delay = 0.63> <CoreInst = "RAM">   --->   Core 83 'RAM' <Latency = 1> <II = 1> <Delay = 0.63> <Storage> <Opcode : 'load' 'store'> <Ports = 2> <Width = 1> <Depth = 3> <RAM>
ST_2 : Operation 216 [1/2] (0.63ns)   --->   "%correction_16_load = load i2 %correction_16_addr" [predecoder_kernel.cpp:217]   --->   Operation 216 'load' 'correction_16_load' <Predicate = true> <Delay = 0.63> <CoreInst = "RAM">   --->   Core 83 'RAM' <Latency = 1> <II = 1> <Delay = 0.63> <Storage> <Opcode : 'load' 'store'> <Ports = 2> <Width = 1> <Depth = 3> <RAM>
ST_2 : Operation 217 [1/2] (0.63ns)   --->   "%correction_17_load = load i2 %correction_17_addr" [predecoder_kernel.cpp:217]   --->   Operation 217 'load' 'correction_17_load' <Predicate = true> <Delay = 0.63> <CoreInst = "RAM">   --->   Core 83 'RAM' <Latency = 1> <II = 1> <Delay = 0.63> <Storage> <Opcode : 'load' 'store'> <Ports = 2> <Width = 1> <Depth = 3> <RAM>
ST_2 : Operation 218 [1/2] (0.63ns)   --->   "%correction_18_load = load i2 %correction_18_addr" [predecoder_kernel.cpp:217]   --->   Operation 218 'load' 'correction_18_load' <Predicate = true> <Delay = 0.63> <CoreInst = "RAM">   --->   Core 83 'RAM' <Latency = 1> <II = 1> <Delay = 0.63> <Storage> <Opcode : 'load' 'store'> <Ports = 2> <Width = 1> <Depth = 3> <RAM>
ST_2 : Operation 219 [1/2] (0.63ns)   --->   "%correction_19_load = load i2 %correction_19_addr" [predecoder_kernel.cpp:217]   --->   Operation 219 'load' 'correction_19_load' <Predicate = true> <Delay = 0.63> <CoreInst = "RAM">   --->   Core 83 'RAM' <Latency = 1> <II = 1> <Delay = 0.63> <Storage> <Opcode : 'load' 'store'> <Ports = 2> <Width = 1> <Depth = 3> <RAM>
ST_2 : Operation 220 [1/2] (0.63ns)   --->   "%correction_20_load = load i2 %correction_20_addr" [predecoder_kernel.cpp:217]   --->   Operation 220 'load' 'correction_20_load' <Predicate = true> <Delay = 0.63> <CoreInst = "RAM">   --->   Core 83 'RAM' <Latency = 1> <II = 1> <Delay = 0.63> <Storage> <Opcode : 'load' 'store'> <Ports = 2> <Width = 1> <Depth = 3> <RAM>
ST_2 : Operation 221 [1/2] (0.63ns)   --->   "%correction_21_load = load i2 %correction_21_addr" [predecoder_kernel.cpp:217]   --->   Operation 221 'load' 'correction_21_load' <Predicate = true> <Delay = 0.63> <CoreInst = "RAM">   --->   Core 83 'RAM' <Latency = 1> <II = 1> <Delay = 0.63> <Storage> <Opcode : 'load' 'store'> <Ports = 2> <Width = 1> <Depth = 3> <RAM>
ST_2 : Operation 222 [1/2] (0.63ns)   --->   "%correction_22_load = load i2 %correction_22_addr" [predecoder_kernel.cpp:217]   --->   Operation 222 'load' 'correction_22_load' <Predicate = true> <Delay = 0.63> <CoreInst = "RAM">   --->   Core 83 'RAM' <Latency = 1> <II = 1> <Delay = 0.63> <Storage> <Opcode : 'load' 'store'> <Ports = 2> <Width = 1> <Depth = 3> <RAM>
ST_2 : Operation 223 [1/2] (0.63ns)   --->   "%correction_23_load = load i2 %correction_23_addr" [predecoder_kernel.cpp:217]   --->   Operation 223 'load' 'correction_23_load' <Predicate = true> <Delay = 0.63> <CoreInst = "RAM">   --->   Core 83 'RAM' <Latency = 1> <II = 1> <Delay = 0.63> <Storage> <Opcode : 'load' 'store'> <Ports = 2> <Width = 1> <Depth = 3> <RAM>
ST_2 : Operation 224 [1/2] (0.63ns)   --->   "%correction_24_load = load i2 %correction_24_addr" [predecoder_kernel.cpp:217]   --->   Operation 224 'load' 'correction_24_load' <Predicate = true> <Delay = 0.63> <CoreInst = "RAM">   --->   Core 83 'RAM' <Latency = 1> <II = 1> <Delay = 0.63> <Storage> <Opcode : 'load' 'store'> <Ports = 2> <Width = 1> <Depth = 3> <RAM>
ST_2 : Operation 225 [1/2] (0.63ns)   --->   "%correction_25_load = load i2 %correction_25_addr" [predecoder_kernel.cpp:217]   --->   Operation 225 'load' 'correction_25_load' <Predicate = true> <Delay = 0.63> <CoreInst = "RAM">   --->   Core 83 'RAM' <Latency = 1> <II = 1> <Delay = 0.63> <Storage> <Opcode : 'load' 'store'> <Ports = 2> <Width = 1> <Depth = 3> <RAM>
ST_2 : Operation 226 [1/2] (0.63ns)   --->   "%correction_26_load = load i2 %correction_26_addr" [predecoder_kernel.cpp:217]   --->   Operation 226 'load' 'correction_26_load' <Predicate = true> <Delay = 0.63> <CoreInst = "RAM">   --->   Core 83 'RAM' <Latency = 1> <II = 1> <Delay = 0.63> <Storage> <Opcode : 'load' 'store'> <Ports = 2> <Width = 1> <Depth = 3> <RAM>
ST_2 : Operation 227 [1/2] (0.63ns)   --->   "%correction_27_load = load i2 %correction_27_addr" [predecoder_kernel.cpp:217]   --->   Operation 227 'load' 'correction_27_load' <Predicate = true> <Delay = 0.63> <CoreInst = "RAM">   --->   Core 83 'RAM' <Latency = 1> <II = 1> <Delay = 0.63> <Storage> <Opcode : 'load' 'store'> <Ports = 2> <Width = 1> <Depth = 3> <RAM>
ST_2 : Operation 228 [1/2] (0.63ns)   --->   "%correction_28_load = load i2 %correction_28_addr" [predecoder_kernel.cpp:217]   --->   Operation 228 'load' 'correction_28_load' <Predicate = true> <Delay = 0.63> <CoreInst = "RAM">   --->   Core 83 'RAM' <Latency = 1> <II = 1> <Delay = 0.63> <Storage> <Opcode : 'load' 'store'> <Ports = 2> <Width = 1> <Depth = 3> <RAM>
ST_2 : Operation 229 [1/2] (0.63ns)   --->   "%correction_29_load = load i2 %correction_29_addr" [predecoder_kernel.cpp:217]   --->   Operation 229 'load' 'correction_29_load' <Predicate = true> <Delay = 0.63> <CoreInst = "RAM">   --->   Core 83 'RAM' <Latency = 1> <II = 1> <Delay = 0.63> <Storage> <Opcode : 'load' 'store'> <Ports = 2> <Width = 1> <Depth = 3> <RAM>
ST_2 : Operation 230 [1/2] (0.63ns)   --->   "%correction_30_load = load i2 %correction_30_addr" [predecoder_kernel.cpp:217]   --->   Operation 230 'load' 'correction_30_load' <Predicate = true> <Delay = 0.63> <CoreInst = "RAM">   --->   Core 83 'RAM' <Latency = 1> <II = 1> <Delay = 0.63> <Storage> <Opcode : 'load' 'store'> <Ports = 2> <Width = 1> <Depth = 3> <RAM>
ST_2 : Operation 231 [1/2] (0.63ns)   --->   "%correction_31_load = load i2 %correction_31_addr" [predecoder_kernel.cpp:217]   --->   Operation 231 'load' 'correction_31_load' <Predicate = true> <Delay = 0.63> <CoreInst = "RAM">   --->   Core 83 'RAM' <Latency = 1> <II = 1> <Delay = 0.63> <Storage> <Opcode : 'load' 'store'> <Ports = 2> <Width = 1> <Depth = 3> <RAM>
ST_2 : Operation 232 [1/2] (0.63ns)   --->   "%correction_32_load = load i2 %correction_32_addr" [predecoder_kernel.cpp:217]   --->   Operation 232 'load' 'correction_32_load' <Predicate = true> <Delay = 0.63> <CoreInst = "RAM">   --->   Core 83 'RAM' <Latency = 1> <II = 1> <Delay = 0.63> <Storage> <Opcode : 'load' 'store'> <Ports = 2> <Width = 1> <Depth = 3> <RAM>
ST_2 : Operation 233 [1/2] (0.63ns)   --->   "%correction_33_load = load i2 %correction_33_addr" [predecoder_kernel.cpp:217]   --->   Operation 233 'load' 'correction_33_load' <Predicate = true> <Delay = 0.63> <CoreInst = "RAM">   --->   Core 83 'RAM' <Latency = 1> <II = 1> <Delay = 0.63> <Storage> <Opcode : 'load' 'store'> <Ports = 2> <Width = 1> <Depth = 3> <RAM>
ST_2 : Operation 234 [1/2] (0.63ns)   --->   "%correction_34_load = load i2 %correction_34_addr" [predecoder_kernel.cpp:217]   --->   Operation 234 'load' 'correction_34_load' <Predicate = true> <Delay = 0.63> <CoreInst = "RAM">   --->   Core 83 'RAM' <Latency = 1> <II = 1> <Delay = 0.63> <Storage> <Opcode : 'load' 'store'> <Ports = 2> <Width = 1> <Depth = 3> <RAM>
ST_2 : Operation 235 [1/2] (0.63ns)   --->   "%correction_35_load = load i2 %correction_35_addr" [predecoder_kernel.cpp:217]   --->   Operation 235 'load' 'correction_35_load' <Predicate = true> <Delay = 0.63> <CoreInst = "RAM">   --->   Core 83 'RAM' <Latency = 1> <II = 1> <Delay = 0.63> <Storage> <Opcode : 'load' 'store'> <Ports = 2> <Width = 1> <Depth = 3> <RAM>
ST_2 : Operation 236 [1/2] (0.63ns)   --->   "%correction_36_load = load i2 %correction_36_addr" [predecoder_kernel.cpp:217]   --->   Operation 236 'load' 'correction_36_load' <Predicate = true> <Delay = 0.63> <CoreInst = "RAM">   --->   Core 83 'RAM' <Latency = 1> <II = 1> <Delay = 0.63> <Storage> <Opcode : 'load' 'store'> <Ports = 2> <Width = 1> <Depth = 3> <RAM>
ST_2 : Operation 237 [1/2] (0.63ns)   --->   "%correction_37_load = load i2 %correction_37_addr" [predecoder_kernel.cpp:217]   --->   Operation 237 'load' 'correction_37_load' <Predicate = true> <Delay = 0.63> <CoreInst = "RAM">   --->   Core 83 'RAM' <Latency = 1> <II = 1> <Delay = 0.63> <Storage> <Opcode : 'load' 'store'> <Ports = 2> <Width = 1> <Depth = 3> <RAM>
ST_2 : Operation 238 [1/2] (0.63ns)   --->   "%correction_38_load = load i2 %correction_38_addr" [predecoder_kernel.cpp:217]   --->   Operation 238 'load' 'correction_38_load' <Predicate = true> <Delay = 0.63> <CoreInst = "RAM">   --->   Core 83 'RAM' <Latency = 1> <II = 1> <Delay = 0.63> <Storage> <Opcode : 'load' 'store'> <Ports = 2> <Width = 1> <Depth = 3> <RAM>
ST_2 : Operation 239 [1/2] (0.63ns)   --->   "%correction_39_load = load i2 %correction_39_addr" [predecoder_kernel.cpp:217]   --->   Operation 239 'load' 'correction_39_load' <Predicate = true> <Delay = 0.63> <CoreInst = "RAM">   --->   Core 83 'RAM' <Latency = 1> <II = 1> <Delay = 0.63> <Storage> <Opcode : 'load' 'store'> <Ports = 2> <Width = 1> <Depth = 3> <RAM>
ST_2 : Operation 240 [1/2] (0.63ns)   --->   "%correction_40_load = load i2 %correction_40_addr" [predecoder_kernel.cpp:217]   --->   Operation 240 'load' 'correction_40_load' <Predicate = true> <Delay = 0.63> <CoreInst = "RAM">   --->   Core 83 'RAM' <Latency = 1> <II = 1> <Delay = 0.63> <Storage> <Opcode : 'load' 'store'> <Ports = 2> <Width = 1> <Depth = 3> <RAM>
ST_2 : Operation 241 [1/2] (0.63ns)   --->   "%correction_41_load = load i2 %correction_41_addr" [predecoder_kernel.cpp:217]   --->   Operation 241 'load' 'correction_41_load' <Predicate = true> <Delay = 0.63> <CoreInst = "RAM">   --->   Core 83 'RAM' <Latency = 1> <II = 1> <Delay = 0.63> <Storage> <Opcode : 'load' 'store'> <Ports = 2> <Width = 1> <Depth = 3> <RAM>
ST_2 : Operation 242 [1/2] (0.63ns)   --->   "%correction_42_load = load i2 %correction_42_addr" [predecoder_kernel.cpp:217]   --->   Operation 242 'load' 'correction_42_load' <Predicate = true> <Delay = 0.63> <CoreInst = "RAM">   --->   Core 83 'RAM' <Latency = 1> <II = 1> <Delay = 0.63> <Storage> <Opcode : 'load' 'store'> <Ports = 2> <Width = 1> <Depth = 3> <RAM>
ST_2 : Operation 243 [1/2] (0.63ns)   --->   "%correction_43_load = load i2 %correction_43_addr" [predecoder_kernel.cpp:217]   --->   Operation 243 'load' 'correction_43_load' <Predicate = true> <Delay = 0.63> <CoreInst = "RAM">   --->   Core 83 'RAM' <Latency = 1> <II = 1> <Delay = 0.63> <Storage> <Opcode : 'load' 'store'> <Ports = 2> <Width = 1> <Depth = 3> <RAM>
ST_2 : Operation 244 [1/2] (0.63ns)   --->   "%correction_44_load = load i2 %correction_44_addr" [predecoder_kernel.cpp:217]   --->   Operation 244 'load' 'correction_44_load' <Predicate = true> <Delay = 0.63> <CoreInst = "RAM">   --->   Core 83 'RAM' <Latency = 1> <II = 1> <Delay = 0.63> <Storage> <Opcode : 'load' 'store'> <Ports = 2> <Width = 1> <Depth = 3> <RAM>
ST_2 : Operation 245 [1/2] (0.63ns)   --->   "%correction_45_load = load i2 %correction_45_addr" [predecoder_kernel.cpp:217]   --->   Operation 245 'load' 'correction_45_load' <Predicate = true> <Delay = 0.63> <CoreInst = "RAM">   --->   Core 83 'RAM' <Latency = 1> <II = 1> <Delay = 0.63> <Storage> <Opcode : 'load' 'store'> <Ports = 2> <Width = 1> <Depth = 3> <RAM>
ST_2 : Operation 246 [1/2] (0.63ns)   --->   "%correction_46_load = load i2 %correction_46_addr" [predecoder_kernel.cpp:217]   --->   Operation 246 'load' 'correction_46_load' <Predicate = true> <Delay = 0.63> <CoreInst = "RAM">   --->   Core 83 'RAM' <Latency = 1> <II = 1> <Delay = 0.63> <Storage> <Opcode : 'load' 'store'> <Ports = 2> <Width = 1> <Depth = 3> <RAM>
ST_2 : Operation 247 [1/2] (0.63ns)   --->   "%correction_47_load = load i2 %correction_47_addr" [predecoder_kernel.cpp:217]   --->   Operation 247 'load' 'correction_47_load' <Predicate = true> <Delay = 0.63> <CoreInst = "RAM">   --->   Core 83 'RAM' <Latency = 1> <II = 1> <Delay = 0.63> <Storage> <Opcode : 'load' 'store'> <Ports = 2> <Width = 1> <Depth = 3> <RAM>
ST_2 : Operation 248 [1/2] (0.63ns)   --->   "%correction_48_load = load i2 %correction_48_addr" [predecoder_kernel.cpp:217]   --->   Operation 248 'load' 'correction_48_load' <Predicate = true> <Delay = 0.63> <CoreInst = "RAM">   --->   Core 83 'RAM' <Latency = 1> <II = 1> <Delay = 0.63> <Storage> <Opcode : 'load' 'store'> <Ports = 2> <Width = 1> <Depth = 3> <RAM>
ST_2 : Operation 249 [1/2] (0.63ns)   --->   "%correction_49_load = load i2 %correction_49_addr" [predecoder_kernel.cpp:217]   --->   Operation 249 'load' 'correction_49_load' <Predicate = true> <Delay = 0.63> <CoreInst = "RAM">   --->   Core 83 'RAM' <Latency = 1> <II = 1> <Delay = 0.63> <Storage> <Opcode : 'load' 'store'> <Ports = 2> <Width = 1> <Depth = 3> <RAM>
ST_2 : Operation 250 [1/2] (0.63ns)   --->   "%correction_50_load = load i2 %correction_50_addr" [predecoder_kernel.cpp:217]   --->   Operation 250 'load' 'correction_50_load' <Predicate = true> <Delay = 0.63> <CoreInst = "RAM">   --->   Core 83 'RAM' <Latency = 1> <II = 1> <Delay = 0.63> <Storage> <Opcode : 'load' 'store'> <Ports = 2> <Width = 1> <Depth = 3> <RAM>
ST_2 : Operation 251 [1/2] (0.63ns)   --->   "%correction_51_load = load i2 %correction_51_addr" [predecoder_kernel.cpp:217]   --->   Operation 251 'load' 'correction_51_load' <Predicate = true> <Delay = 0.63> <CoreInst = "RAM">   --->   Core 83 'RAM' <Latency = 1> <II = 1> <Delay = 0.63> <Storage> <Opcode : 'load' 'store'> <Ports = 2> <Width = 1> <Depth = 3> <RAM>
ST_2 : Operation 252 [1/2] (0.63ns)   --->   "%correction_52_load = load i2 %correction_52_addr" [predecoder_kernel.cpp:217]   --->   Operation 252 'load' 'correction_52_load' <Predicate = true> <Delay = 0.63> <CoreInst = "RAM">   --->   Core 83 'RAM' <Latency = 1> <II = 1> <Delay = 0.63> <Storage> <Opcode : 'load' 'store'> <Ports = 2> <Width = 1> <Depth = 3> <RAM>
ST_2 : Operation 253 [1/2] (0.63ns)   --->   "%correction_53_load = load i2 %correction_53_addr" [predecoder_kernel.cpp:217]   --->   Operation 253 'load' 'correction_53_load' <Predicate = true> <Delay = 0.63> <CoreInst = "RAM">   --->   Core 83 'RAM' <Latency = 1> <II = 1> <Delay = 0.63> <Storage> <Opcode : 'load' 'store'> <Ports = 2> <Width = 1> <Depth = 3> <RAM>
ST_2 : Operation 254 [1/2] (0.63ns)   --->   "%correction_54_load = load i2 %correction_54_addr" [predecoder_kernel.cpp:217]   --->   Operation 254 'load' 'correction_54_load' <Predicate = true> <Delay = 0.63> <CoreInst = "RAM">   --->   Core 83 'RAM' <Latency = 1> <II = 1> <Delay = 0.63> <Storage> <Opcode : 'load' 'store'> <Ports = 2> <Width = 1> <Depth = 3> <RAM>
ST_2 : Operation 255 [1/2] (0.63ns)   --->   "%correction_55_load = load i2 %correction_55_addr" [predecoder_kernel.cpp:217]   --->   Operation 255 'load' 'correction_55_load' <Predicate = true> <Delay = 0.63> <CoreInst = "RAM">   --->   Core 83 'RAM' <Latency = 1> <II = 1> <Delay = 0.63> <Storage> <Opcode : 'load' 'store'> <Ports = 2> <Width = 1> <Depth = 3> <RAM>
ST_2 : Operation 256 [1/2] (0.63ns)   --->   "%correction_56_load = load i2 %correction_56_addr" [predecoder_kernel.cpp:217]   --->   Operation 256 'load' 'correction_56_load' <Predicate = true> <Delay = 0.63> <CoreInst = "RAM">   --->   Core 83 'RAM' <Latency = 1> <II = 1> <Delay = 0.63> <Storage> <Opcode : 'load' 'store'> <Ports = 2> <Width = 1> <Depth = 3> <RAM>
ST_2 : Operation 257 [1/2] (0.63ns)   --->   "%correction_57_load = load i2 %correction_57_addr" [predecoder_kernel.cpp:217]   --->   Operation 257 'load' 'correction_57_load' <Predicate = true> <Delay = 0.63> <CoreInst = "RAM">   --->   Core 83 'RAM' <Latency = 1> <II = 1> <Delay = 0.63> <Storage> <Opcode : 'load' 'store'> <Ports = 2> <Width = 1> <Depth = 3> <RAM>
ST_2 : Operation 258 [1/2] (0.63ns)   --->   "%correction_58_load = load i2 %correction_58_addr" [predecoder_kernel.cpp:217]   --->   Operation 258 'load' 'correction_58_load' <Predicate = true> <Delay = 0.63> <CoreInst = "RAM">   --->   Core 83 'RAM' <Latency = 1> <II = 1> <Delay = 0.63> <Storage> <Opcode : 'load' 'store'> <Ports = 2> <Width = 1> <Depth = 3> <RAM>
ST_2 : Operation 259 [1/2] (0.63ns)   --->   "%correction_59_load = load i2 %correction_59_addr" [predecoder_kernel.cpp:217]   --->   Operation 259 'load' 'correction_59_load' <Predicate = true> <Delay = 0.63> <CoreInst = "RAM">   --->   Core 83 'RAM' <Latency = 1> <II = 1> <Delay = 0.63> <Storage> <Opcode : 'load' 'store'> <Ports = 2> <Width = 1> <Depth = 3> <RAM>
ST_2 : Operation 260 [1/2] (0.63ns)   --->   "%correction_60_load = load i2 %correction_60_addr" [predecoder_kernel.cpp:217]   --->   Operation 260 'load' 'correction_60_load' <Predicate = true> <Delay = 0.63> <CoreInst = "RAM">   --->   Core 83 'RAM' <Latency = 1> <II = 1> <Delay = 0.63> <Storage> <Opcode : 'load' 'store'> <Ports = 2> <Width = 1> <Depth = 3> <RAM>
ST_2 : Operation 261 [1/2] (0.63ns)   --->   "%correction_61_load = load i2 %correction_61_addr" [predecoder_kernel.cpp:217]   --->   Operation 261 'load' 'correction_61_load' <Predicate = true> <Delay = 0.63> <CoreInst = "RAM">   --->   Core 83 'RAM' <Latency = 1> <II = 1> <Delay = 0.63> <Storage> <Opcode : 'load' 'store'> <Ports = 2> <Width = 1> <Depth = 3> <RAM>
ST_2 : Operation 262 [1/2] (0.63ns)   --->   "%correction_62_load = load i2 %correction_62_addr" [predecoder_kernel.cpp:217]   --->   Operation 262 'load' 'correction_62_load' <Predicate = true> <Delay = 0.63> <CoreInst = "RAM">   --->   Core 83 'RAM' <Latency = 1> <II = 1> <Delay = 0.63> <Storage> <Opcode : 'load' 'store'> <Ports = 2> <Width = 1> <Depth = 3> <RAM>
ST_2 : Operation 263 [1/2] (0.63ns)   --->   "%correction_63_load = load i2 %correction_63_addr" [predecoder_kernel.cpp:217]   --->   Operation 263 'load' 'correction_63_load' <Predicate = true> <Delay = 0.63> <CoreInst = "RAM">   --->   Core 83 'RAM' <Latency = 1> <II = 1> <Delay = 0.63> <Storage> <Opcode : 'load' 'store'> <Ports = 2> <Width = 1> <Depth = 3> <RAM>
ST_2 : Operation 264 [1/2] (0.63ns)   --->   "%correction_64_load = load i2 %correction_64_addr" [predecoder_kernel.cpp:217]   --->   Operation 264 'load' 'correction_64_load' <Predicate = true> <Delay = 0.63> <CoreInst = "RAM">   --->   Core 83 'RAM' <Latency = 1> <II = 1> <Delay = 0.63> <Storage> <Opcode : 'load' 'store'> <Ports = 2> <Width = 1> <Depth = 3> <RAM>
ST_2 : Operation 265 [1/2] (0.63ns)   --->   "%correction_65_load = load i2 %correction_65_addr" [predecoder_kernel.cpp:217]   --->   Operation 265 'load' 'correction_65_load' <Predicate = true> <Delay = 0.63> <CoreInst = "RAM">   --->   Core 83 'RAM' <Latency = 1> <II = 1> <Delay = 0.63> <Storage> <Opcode : 'load' 'store'> <Ports = 2> <Width = 1> <Depth = 3> <RAM>
ST_2 : Operation 266 [1/2] (0.63ns)   --->   "%correction_66_load = load i2 %correction_66_addr" [predecoder_kernel.cpp:217]   --->   Operation 266 'load' 'correction_66_load' <Predicate = true> <Delay = 0.63> <CoreInst = "RAM">   --->   Core 83 'RAM' <Latency = 1> <II = 1> <Delay = 0.63> <Storage> <Opcode : 'load' 'store'> <Ports = 2> <Width = 1> <Depth = 3> <RAM>
ST_2 : Operation 267 [1/2] (0.63ns)   --->   "%correction_67_load = load i2 %correction_67_addr" [predecoder_kernel.cpp:217]   --->   Operation 267 'load' 'correction_67_load' <Predicate = true> <Delay = 0.63> <CoreInst = "RAM">   --->   Core 83 'RAM' <Latency = 1> <II = 1> <Delay = 0.63> <Storage> <Opcode : 'load' 'store'> <Ports = 2> <Width = 1> <Depth = 3> <RAM>
ST_2 : Operation 268 [1/2] (0.63ns)   --->   "%correction_68_load = load i2 %correction_68_addr" [predecoder_kernel.cpp:217]   --->   Operation 268 'load' 'correction_68_load' <Predicate = true> <Delay = 0.63> <CoreInst = "RAM">   --->   Core 83 'RAM' <Latency = 1> <II = 1> <Delay = 0.63> <Storage> <Opcode : 'load' 'store'> <Ports = 2> <Width = 1> <Depth = 3> <RAM>
ST_2 : Operation 269 [1/2] (0.63ns)   --->   "%correction_69_load = load i2 %correction_69_addr" [predecoder_kernel.cpp:217]   --->   Operation 269 'load' 'correction_69_load' <Predicate = true> <Delay = 0.63> <CoreInst = "RAM">   --->   Core 83 'RAM' <Latency = 1> <II = 1> <Delay = 0.63> <Storage> <Opcode : 'load' 'store'> <Ports = 2> <Width = 1> <Depth = 3> <RAM>
ST_2 : Operation 270 [1/2] (0.63ns)   --->   "%correction_70_load = load i2 %correction_70_addr" [predecoder_kernel.cpp:217]   --->   Operation 270 'load' 'correction_70_load' <Predicate = true> <Delay = 0.63> <CoreInst = "RAM">   --->   Core 83 'RAM' <Latency = 1> <II = 1> <Delay = 0.63> <Storage> <Opcode : 'load' 'store'> <Ports = 2> <Width = 1> <Depth = 3> <RAM>
ST_2 : Operation 271 [1/2] (0.63ns)   --->   "%correction_71_load = load i2 %correction_71_addr" [predecoder_kernel.cpp:217]   --->   Operation 271 'load' 'correction_71_load' <Predicate = true> <Delay = 0.63> <CoreInst = "RAM">   --->   Core 83 'RAM' <Latency = 1> <II = 1> <Delay = 0.63> <Storage> <Opcode : 'load' 'store'> <Ports = 2> <Width = 1> <Depth = 3> <RAM>
ST_2 : Operation 272 [1/1] (0.00ns)   --->   "%zext_ln214 = zext i3 %select_ln214" [predecoder_kernel.cpp:214]   --->   Operation 272 'zext' 'zext_ln214' <Predicate = true> <Delay = 0.00>
ST_2 : Operation 273 [1/1] (0.72ns) (root node of TernaryAdder)   --->   "%empty_55 = add i7 %empty, i7 %zext_ln214" [predecoder_kernel.cpp:213]   --->   Operation 273 'add' 'empty_55' <Predicate = true> <Delay = 0.72> <CoreInst = "TAddSub">   --->   Core 10 'TAddSub' <Latency = 0> <II = 1> <Delay = 0.36> <IPBlock> <Opcode : '' 'add' 'sub'> <InPorts = 3> <OutPorts = 1> <Sync> <CReg>
ST_2 : Operation 274 [1/1] (0.00ns)   --->   "%p_shl6 = bitconcatenate i10 @_ssdm_op_BitConcatenate.i10.i7.i3, i7 %empty_55, i3 0" [predecoder_kernel.cpp:213]   --->   Operation 274 'bitconcatenate' 'p_shl6' <Predicate = true> <Delay = 0.00>
ST_2 : Operation 275 [1/1] (0.00ns)   --->   "%p_shl7 = bitconcatenate i8 @_ssdm_op_BitConcatenate.i8.i7.i1, i7 %empty_55, i1 0" [predecoder_kernel.cpp:213]   --->   Operation 275 'bitconcatenate' 'p_shl7' <Predicate = true> <Delay = 0.00>
ST_2 : Operation 276 [1/1] (0.00ns)   --->   "%p_shl7_cast = sext i8 %p_shl7" [predecoder_kernel.cpp:213]   --->   Operation 276 'sext' 'p_shl7_cast' <Predicate = true> <Delay = 0.00>
ST_2 : Operation 277 [1/1] (0.00ns) (grouped into TernaryAdder)   --->   "%empty_56 = sub i10 %p_shl6, i10 %p_shl7_cast" [predecoder_kernel.cpp:213]   --->   Operation 277 'sub' 'empty_56' <Predicate = true> <Delay = 0.00> <CoreInst = "TAddSub">   --->   Core 10 'TAddSub' <Latency = 0> <II = 1> <Delay = 0.36> <IPBlock> <Opcode : '' 'add' 'sub'> <InPorts = 3> <OutPorts = 1> <Sync> <CReg>
ST_2 : Operation 278 [1/1] (0.00ns)   --->   "%specpipeline_ln212 = specpipeline void @_ssdm_op_SpecPipeline, i32 4294967295, i32 0, i32 0, i32 0, void @empty_5" [predecoder_kernel.cpp:212]   --->   Operation 278 'specpipeline' 'specpipeline_ln212' <Predicate = true> <Delay = 0.00>
ST_2 : Operation 279 [1/1] (0.00ns)   --->   "%trunc_ln212_1_cast = zext i3 %select_ln212_1" [predecoder_kernel.cpp:212]   --->   Operation 279 'zext' 'trunc_ln212_1_cast' <Predicate = true> <Delay = 0.00>
ST_2 : Operation 280 [1/1] (0.51ns)   --->   "%tmp_s = sparsemux i1 @_ssdm_op_SparseMux.ap_auto.6i1.i1.i3, i3 0, i1 %correction_load, i3 1, i1 %correction_1_load, i3 2, i1 %correction_2_load, i3 3, i1 %correction_3_load, i3 4, i1 %correction_4_load, i3 5, i1 %correction_5_load, i1 0, i3 %select_ln212_1" [predecoder_kernel.cpp:217]   --->   Operation 280 'sparsemux' 'tmp_s' <Predicate = (select_ln214 == 0)> <Delay = 0.51> <CoreInst = "SparseMux">   --->   Core 147 'SparseMux' <Latency = 0> <II = 1> <Delay = 0.51> <FuncUnit> <Opcode : 'sparsemux'> <InPorts = 2> <OutPorts = 1>
ST_2 : Operation 281 [1/1] (0.51ns)   --->   "%tmp_1 = sparsemux i1 @_ssdm_op_SparseMux.ap_auto.6i1.i1.i3, i3 0, i1 %correction_6_load, i3 1, i1 %correction_7_load, i3 2, i1 %correction_8_load, i3 3, i1 %correction_9_load, i3 4, i1 %correction_10_load, i3 5, i1 %correction_11_load, i1 0, i3 %select_ln212_1" [predecoder_kernel.cpp:217]   --->   Operation 281 'sparsemux' 'tmp_1' <Predicate = (select_ln214 == 1)> <Delay = 0.51> <CoreInst = "SparseMux">   --->   Core 147 'SparseMux' <Latency = 0> <II = 1> <Delay = 0.51> <FuncUnit> <Opcode : 'sparsemux'> <InPorts = 2> <OutPorts = 1>
ST_2 : Operation 282 [1/1] (0.51ns)   --->   "%tmp_2 = sparsemux i1 @_ssdm_op_SparseMux.ap_auto.6i1.i1.i3, i3 0, i1 %correction_12_load, i3 1, i1 %correction_13_load, i3 2, i1 %correction_14_load, i3 3, i1 %correction_15_load, i3 4, i1 %correction_16_load, i3 5, i1 %correction_17_load, i1 0, i3 %select_ln212_1" [predecoder_kernel.cpp:217]   --->   Operation 282 'sparsemux' 'tmp_2' <Predicate = (select_ln214 == 2)> <Delay = 0.51> <CoreInst = "SparseMux">   --->   Core 147 'SparseMux' <Latency = 0> <II = 1> <Delay = 0.51> <FuncUnit> <Opcode : 'sparsemux'> <InPorts = 2> <OutPorts = 1>
ST_2 : Operation 283 [1/1] (0.51ns)   --->   "%tmp_3 = sparsemux i1 @_ssdm_op_SparseMux.ap_auto.6i1.i1.i3, i3 0, i1 %correction_18_load, i3 1, i1 %correction_19_load, i3 2, i1 %correction_20_load, i3 3, i1 %correction_21_load, i3 4, i1 %correction_22_load, i3 5, i1 %correction_23_load, i1 0, i3 %select_ln212_1" [predecoder_kernel.cpp:217]   --->   Operation 283 'sparsemux' 'tmp_3' <Predicate = (select_ln214 == 3)> <Delay = 0.51> <CoreInst = "SparseMux">   --->   Core 147 'SparseMux' <Latency = 0> <II = 1> <Delay = 0.51> <FuncUnit> <Opcode : 'sparsemux'> <InPorts = 2> <OutPorts = 1>
ST_2 : Operation 284 [1/1] (0.51ns)   --->   "%tmp_4 = sparsemux i1 @_ssdm_op_SparseMux.ap_auto.6i1.i1.i3, i3 0, i1 %correction_24_load, i3 1, i1 %correction_25_load, i3 2, i1 %correction_26_load, i3 3, i1 %correction_27_load, i3 4, i1 %correction_28_load, i3 5, i1 %correction_29_load, i1 0, i3 %select_ln212_1" [predecoder_kernel.cpp:217]   --->   Operation 284 'sparsemux' 'tmp_4' <Predicate = (select_ln214 == 4)> <Delay = 0.51> <CoreInst = "SparseMux">   --->   Core 147 'SparseMux' <Latency = 0> <II = 1> <Delay = 0.51> <FuncUnit> <Opcode : 'sparsemux'> <InPorts = 2> <OutPorts = 1>
ST_2 : Operation 285 [1/1] (0.51ns)   --->   "%tmp_5 = sparsemux i1 @_ssdm_op_SparseMux.ap_auto.6i1.i1.i3, i3 0, i1 %correction_30_load, i3 1, i1 %correction_31_load, i3 2, i1 %correction_32_load, i3 3, i1 %correction_33_load, i3 4, i1 %correction_34_load, i3 5, i1 %correction_35_load, i1 0, i3 %select_ln212_1" [predecoder_kernel.cpp:217]   --->   Operation 285 'sparsemux' 'tmp_5' <Predicate = (select_ln214 == 5)> <Delay = 0.51> <CoreInst = "SparseMux">   --->   Core 147 'SparseMux' <Latency = 0> <II = 1> <Delay = 0.51> <FuncUnit> <Opcode : 'sparsemux'> <InPorts = 2> <OutPorts = 1>
ST_2 : Operation 286 [1/1] (0.51ns)   --->   "%tmp_6 = sparsemux i1 @_ssdm_op_SparseMux.ap_auto.6i1.i1.i3, i3 0, i1 %tmp_s, i3 1, i1 %tmp_1, i3 2, i1 %tmp_2, i3 3, i1 %tmp_3, i3 4, i1 %tmp_4, i3 5, i1 %tmp_5, i1 0, i3 %select_ln214" [predecoder_kernel.cpp:217]   --->   Operation 286 'sparsemux' 'tmp_6' <Predicate = true> <Delay = 0.51> <CoreInst = "SparseMux">   --->   Core 147 'SparseMux' <Latency = 0> <II = 1> <Delay = 0.51> <FuncUnit> <Opcode : 'sparsemux'> <InPorts = 2> <OutPorts = 1>
ST_2 : Operation 287 [1/1] (0.51ns)   --->   "%tmp_7 = sparsemux i1 @_ssdm_op_SparseMux.ap_auto.6i1.i1.i3, i3 0, i1 %correction_36_load, i3 1, i1 %correction_37_load, i3 2, i1 %correction_38_load, i3 3, i1 %correction_39_load, i3 4, i1 %correction_40_load, i3 5, i1 %correction_41_load, i1 0, i3 %select_ln212_1" [predecoder_kernel.cpp:217]   --->   Operation 287 'sparsemux' 'tmp_7' <Predicate = (select_ln214 == 0)> <Delay = 0.51> <CoreInst = "SparseMux">   --->   Core 147 'SparseMux' <Latency = 0> <II = 1> <Delay = 0.51> <FuncUnit> <Opcode : 'sparsemux'> <InPorts = 2> <OutPorts = 1>
ST_2 : Operation 288 [1/1] (0.51ns)   --->   "%tmp_8 = sparsemux i1 @_ssdm_op_SparseMux.ap_auto.6i1.i1.i3, i3 0, i1 %correction_42_load, i3 1, i1 %correction_43_load, i3 2, i1 %correction_44_load, i3 3, i1 %correction_45_load, i3 4, i1 %correction_46_load, i3 5, i1 %correction_47_load, i1 0, i3 %select_ln212_1" [predecoder_kernel.cpp:217]   --->   Operation 288 'sparsemux' 'tmp_8' <Predicate = (select_ln214 == 1)> <Delay = 0.51> <CoreInst = "SparseMux">   --->   Core 147 'SparseMux' <Latency = 0> <II = 1> <Delay = 0.51> <FuncUnit> <Opcode : 'sparsemux'> <InPorts = 2> <OutPorts = 1>
ST_2 : Operation 289 [1/1] (0.51ns)   --->   "%tmp_9 = sparsemux i1 @_ssdm_op_SparseMux.ap_auto.6i1.i1.i3, i3 0, i1 %correction_48_load, i3 1, i1 %correction_49_load, i3 2, i1 %correction_50_load, i3 3, i1 %correction_51_load, i3 4, i1 %correction_52_load, i3 5, i1 %correction_53_load, i1 0, i3 %select_ln212_1" [predecoder_kernel.cpp:217]   --->   Operation 289 'sparsemux' 'tmp_9' <Predicate = (select_ln214 == 2)> <Delay = 0.51> <CoreInst = "SparseMux">   --->   Core 147 'SparseMux' <Latency = 0> <II = 1> <Delay = 0.51> <FuncUnit> <Opcode : 'sparsemux'> <InPorts = 2> <OutPorts = 1>
ST_2 : Operation 290 [1/1] (0.51ns)   --->   "%tmp_10 = sparsemux i1 @_ssdm_op_SparseMux.ap_auto.6i1.i1.i3, i3 0, i1 %correction_54_load, i3 1, i1 %correction_55_load, i3 2, i1 %correction_56_load, i3 3, i1 %correction_57_load, i3 4, i1 %correction_58_load, i3 5, i1 %correction_59_load, i1 0, i3 %select_ln212_1" [predecoder_kernel.cpp:217]   --->   Operation 290 'sparsemux' 'tmp_10' <Predicate = (select_ln214 == 3)> <Delay = 0.51> <CoreInst = "SparseMux">   --->   Core 147 'SparseMux' <Latency = 0> <II = 1> <Delay = 0.51> <FuncUnit> <Opcode : 'sparsemux'> <InPorts = 2> <OutPorts = 1>
ST_2 : Operation 291 [1/1] (0.51ns)   --->   "%tmp_11 = sparsemux i1 @_ssdm_op_SparseMux.ap_auto.6i1.i1.i3, i3 0, i1 %correction_60_load, i3 1, i1 %correction_61_load, i3 2, i1 %correction_62_load, i3 3, i1 %correction_63_load, i3 4, i1 %correction_64_load, i3 5, i1 %correction_65_load, i1 0, i3 %select_ln212_1" [predecoder_kernel.cpp:217]   --->   Operation 291 'sparsemux' 'tmp_11' <Predicate = (select_ln214 == 4)> <Delay = 0.51> <CoreInst = "SparseMux">   --->   Core 147 'SparseMux' <Latency = 0> <II = 1> <Delay = 0.51> <FuncUnit> <Opcode : 'sparsemux'> <InPorts = 2> <OutPorts = 1>
ST_2 : Operation 292 [1/1] (0.51ns)   --->   "%tmp_12 = sparsemux i1 @_ssdm_op_SparseMux.ap_auto.6i1.i1.i3, i3 0, i1 %correction_66_load, i3 1, i1 %correction_67_load, i3 2, i1 %correction_68_load, i3 3, i1 %correction_69_load, i3 4, i1 %correction_70_load, i3 5, i1 %correction_71_load, i1 0, i3 %select_ln212_1" [predecoder_kernel.cpp:217]   --->   Operation 292 'sparsemux' 'tmp_12' <Predicate = (select_ln214 == 5)> <Delay = 0.51> <CoreInst = "SparseMux">   --->   Core 147 'SparseMux' <Latency = 0> <II = 1> <Delay = 0.51> <FuncUnit> <Opcode : 'sparsemux'> <InPorts = 2> <OutPorts = 1>
ST_2 : Operation 293 [1/1] (0.51ns)   --->   "%tmp_13 = sparsemux i1 @_ssdm_op_SparseMux.ap_auto.6i1.i1.i3, i3 0, i1 %tmp_7, i3 1, i1 %tmp_8, i3 2, i1 %tmp_9, i3 3, i1 %tmp_10, i3 4, i1 %tmp_11, i3 5, i1 %tmp_12, i1 0, i3 %select_ln214" [predecoder_kernel.cpp:217]   --->   Operation 293 'sparsemux' 'tmp_13' <Predicate = true> <Delay = 0.51> <CoreInst = "SparseMux">   --->   Core 147 'SparseMux' <Latency = 0> <II = 1> <Delay = 0.51> <FuncUnit> <Opcode : 'sparsemux'> <InPorts = 2> <OutPorts = 1>
ST_2 : Operation 294 [1/1] (0.27ns)   --->   "%select_ln217 = select i1 %trunc_ln213, i1 %tmp_13, i1 %tmp_6" [predecoder_kernel.cpp:217]   --->   Operation 294 'select' 'select_ln217' <Predicate = true> <Delay = 0.27> <CoreInst = "Sel">   --->   Core 73 'Sel' <Latency = 0> <II = 1> <Delay = 0.27> <FuncUnit> <Opcode : 'select'> <InPorts = 3> <OutPorts = 1>
ST_2 : Operation 295 [1/1] (0.79ns) (root node of TernaryAdder)   --->   "%add_ln217 = add i10 %empty_56, i10 %trunc_ln212_1_cast" [predecoder_kernel.cpp:217]   --->   Operation 295 'add' 'add_ln217' <Predicate = true> <Delay = 0.79> <CoreInst = "TAddSub">   --->   Core 10 'TAddSub' <Latency = 0> <II = 1> <Delay = 0.36> <IPBlock> <Opcode : '' 'add' 'sub'> <InPorts = 3> <OutPorts = 1> <Sync> <CReg>
ST_2 : Operation 296 [1/1] (0.00ns)   --->   "%sext_ln217 = sext i10 %add_ln217" [predecoder_kernel.cpp:217]   --->   Operation 296 'sext' 'sext_ln217' <Predicate = true> <Delay = 0.00>
ST_2 : Operation 297 [1/1] (0.00ns)   --->   "%beat_1 = bitset i512 @_ssdm_op_BitSet.i512.i512.i32.i1, i512 %beat_load_1, i32 %sext_ln217, i1 %select_ln217" [predecoder_kernel.cpp:217]   --->   Operation 297 'bitset' 'beat_1' <Predicate = true> <Delay = 0.00>
ST_2 : Operation 298 [1/1] (0.38ns)   --->   "%store_ln212 = store i512 %beat_1, i512 %beat" [predecoder_kernel.cpp:212]   --->   Operation 298 'store' 'store_ln212' <Predicate = true> <Delay = 0.38>
ST_2 : Operation 299 [1/1] (0.00ns)   --->   "%br_ln215 = br void %for.inc160" [predecoder_kernel.cpp:215]   --->   Operation 299 'br' 'br_ln215' <Predicate = true> <Delay = 0.00>


============================================================
+ Verbose Summary: Binding
============================================================
STG Binding: 
---------------- STG Properties BEGIN ----------------
- Is combinational: 0
- Is one-state seq: 0
- Is datapath-only: 0
- Is pipelined: 0
- Is top level: 0
Port [ Return ] is wired: 1; IO mode=ap_ctrl_hs:ce=0
Port [ correction]:  wired=1; compound=1; hidden=0; nouse=0; global=0; static=0; extern=0; dir=0; type=1; pingpong=0; private_global=0; MemPort=[13]; IO mode=ap_memory:ce=0
Port [ correction_1]:  wired=1; compound=1; hidden=0; nouse=0; global=0; static=0; extern=0; dir=0; type=1; pingpong=0; private_global=0; MemPort=[13]; IO mode=ap_memory:ce=0
Port [ correction_2]:  wired=1; compound=1; hidden=0; nouse=0; global=0; static=0; extern=0; dir=0; type=1; pingpong=0; private_global=0; MemPort=[13]; IO mode=ap_memory:ce=0
Port [ correction_3]:  wired=1; compound=1; hidden=0; nouse=0; global=0; static=0; extern=0; dir=0; type=1; pingpong=0; private_global=0; MemPort=[13]; IO mode=ap_memory:ce=0
Port [ correction_4]:  wired=1; compound=1; hidden=0; nouse=0; global=0; static=0; extern=0; dir=0; type=1; pingpong=0; private_global=0; MemPort=[13]; IO mode=ap_memory:ce=0
Port [ correction_5]:  wired=1; compound=1; hidden=0; nouse=0; global=0; static=0; extern=0; dir=0; type=1; pingpong=0; private_global=0; MemPort=[13]; IO mode=ap_memory:ce=0
Port [ correction_6]:  wired=1; compound=1; hidden=0; nouse=0; global=0; static=0; extern=0; dir=0; type=1; pingpong=0; private_global=0; MemPort=[13]; IO mode=ap_memory:ce=0
Port [ correction_7]:  wired=1; compound=1; hidden=0; nouse=0; global=0; static=0; extern=0; dir=0; type=1; pingpong=0; private_global=0; MemPort=[13]; IO mode=ap_memory:ce=0
Port [ correction_8]:  wired=1; compound=1; hidden=0; nouse=0; global=0; static=0; extern=0; dir=0; type=1; pingpong=0; private_global=0; MemPort=[13]; IO mode=ap_memory:ce=0
Port [ correction_9]:  wired=1; compound=1; hidden=0; nouse=0; global=0; static=0; extern=0; dir=0; type=1; pingpong=0; private_global=0; MemPort=[13]; IO mode=ap_memory:ce=0
Port [ correction_10]:  wired=1; compound=1; hidden=0; nouse=0; global=0; static=0; extern=0; dir=0; type=1; pingpong=0; private_global=0; MemPort=[13]; IO mode=ap_memory:ce=0
Port [ correction_11]:  wired=1; compound=1; hidden=0; nouse=0; global=0; static=0; extern=0; dir=0; type=1; pingpong=0; private_global=0; MemPort=[13]; IO mode=ap_memory:ce=0
Port [ correction_12]:  wired=1; compound=1; hidden=0; nouse=0; global=0; static=0; extern=0; dir=0; type=1; pingpong=0; private_global=0; MemPort=[13]; IO mode=ap_memory:ce=0
Port [ correction_13]:  wired=1; compound=1; hidden=0; nouse=0; global=0; static=0; extern=0; dir=0; type=1; pingpong=0; private_global=0; MemPort=[13]; IO mode=ap_memory:ce=0
Port [ correction_14]:  wired=1; compound=1; hidden=0; nouse=0; global=0; static=0; extern=0; dir=0; type=1; pingpong=0; private_global=0; MemPort=[13]; IO mode=ap_memory:ce=0
Port [ correction_15]:  wired=1; compound=1; hidden=0; nouse=0; global=0; static=0; extern=0; dir=0; type=1; pingpong=0; private_global=0; MemPort=[13]; IO mode=ap_memory:ce=0
Port [ correction_16]:  wired=1; compound=1; hidden=0; nouse=0; global=0; static=0; extern=0; dir=0; type=1; pingpong=0; private_global=0; MemPort=[13]; IO mode=ap_memory:ce=0
Port [ correction_17]:  wired=1; compound=1; hidden=0; nouse=0; global=0; static=0; extern=0; dir=0; type=1; pingpong=0; private_global=0; MemPort=[13]; IO mode=ap_memory:ce=0
Port [ correction_18]:  wired=1; compound=1; hidden=0; nouse=0; global=0; static=0; extern=0; dir=0; type=1; pingpong=0; private_global=0; MemPort=[13]; IO mode=ap_memory:ce=0
Port [ correction_19]:  wired=1; compound=1; hidden=0; nouse=0; global=0; static=0; extern=0; dir=0; type=1; pingpong=0; private_global=0; MemPort=[13]; IO mode=ap_memory:ce=0
Port [ correction_20]:  wired=1; compound=1; hidden=0; nouse=0; global=0; static=0; extern=0; dir=0; type=1; pingpong=0; private_global=0; MemPort=[13]; IO mode=ap_memory:ce=0
Port [ correction_21]:  wired=1; compound=1; hidden=0; nouse=0; global=0; static=0; extern=0; dir=0; type=1; pingpong=0; private_global=0; MemPort=[13]; IO mode=ap_memory:ce=0
Port [ correction_22]:  wired=1; compound=1; hidden=0; nouse=0; global=0; static=0; extern=0; dir=0; type=1; pingpong=0; private_global=0; MemPort=[13]; IO mode=ap_memory:ce=0
Port [ correction_23]:  wired=1; compound=1; hidden=0; nouse=0; global=0; static=0; extern=0; dir=0; type=1; pingpong=0; private_global=0; MemPort=[13]; IO mode=ap_memory:ce=0
Port [ correction_24]:  wired=1; compound=1; hidden=0; nouse=0; global=0; static=0; extern=0; dir=0; type=1; pingpong=0; private_global=0; MemPort=[13]; IO mode=ap_memory:ce=0
Port [ correction_25]:  wired=1; compound=1; hidden=0; nouse=0; global=0; static=0; extern=0; dir=0; type=1; pingpong=0; private_global=0; MemPort=[13]; IO mode=ap_memory:ce=0
Port [ correction_26]:  wired=1; compound=1; hidden=0; nouse=0; global=0; static=0; extern=0; dir=0; type=1; pingpong=0; private_global=0; MemPort=[13]; IO mode=ap_memory:ce=0
Port [ correction_27]:  wired=1; compound=1; hidden=0; nouse=0; global=0; static=0; extern=0; dir=0; type=1; pingpong=0; private_global=0; MemPort=[13]; IO mode=ap_memory:ce=0
Port [ correction_28]:  wired=1; compound=1; hidden=0; nouse=0; global=0; static=0; extern=0; dir=0; type=1; pingpong=0; private_global=0; MemPort=[13]; IO mode=ap_memory:ce=0
Port [ correction_29]:  wired=1; compound=1; hidden=0; nouse=0; global=0; static=0; extern=0; dir=0; type=1; pingpong=0; private_global=0; MemPort=[13]; IO mode=ap_memory:ce=0
Port [ correction_30]:  wired=1; compound=1; hidden=0; nouse=0; global=0; static=0; extern=0; dir=0; type=1; pingpong=0; private_global=0; MemPort=[13]; IO mode=ap_memory:ce=0
Port [ correction_31]:  wired=1; compound=1; hidden=0; nouse=0; global=0; static=0; extern=0; dir=0; type=1; pingpong=0; private_global=0; MemPort=[13]; IO mode=ap_memory:ce=0
Port [ correction_32]:  wired=1; compound=1; hidden=0; nouse=0; global=0; static=0; extern=0; dir=0; type=1; pingpong=0; private_global=0; MemPort=[13]; IO mode=ap_memory:ce=0
Port [ correction_33]:  wired=1; compound=1; hidden=0; nouse=0; global=0; static=0; extern=0; dir=0; type=1; pingpong=0; private_global=0; MemPort=[13]; IO mode=ap_memory:ce=0
Port [ correction_34]:  wired=1; compound=1; hidden=0; nouse=0; global=0; static=0; extern=0; dir=0; type=1; pingpong=0; private_global=0; MemPort=[13]; IO mode=ap_memory:ce=0
Port [ correction_35]:  wired=1; compound=1; hidden=0; nouse=0; global=0; static=0; extern=0; dir=0; type=1; pingpong=0; private_global=0; MemPort=[13]; IO mode=ap_memory:ce=0
Port [ correction_36]:  wired=1; compound=1; hidden=0; nouse=0; global=0; static=0; extern=0; dir=0; type=1; pingpong=0; private_global=0; MemPort=[13]; IO mode=ap_memory:ce=0
Port [ correction_37]:  wired=1; compound=1; hidden=0; nouse=0; global=0; static=0; extern=0; dir=0; type=1; pingpong=0; private_global=0; MemPort=[13]; IO mode=ap_memory:ce=0
Port [ correction_38]:  wired=1; compound=1; hidden=0; nouse=0; global=0; static=0; extern=0; dir=0; type=1; pingpong=0; private_global=0; MemPort=[13]; IO mode=ap_memory:ce=0
Port [ correction_39]:  wired=1; compound=1; hidden=0; nouse=0; global=0; static=0; extern=0; dir=0; type=1; pingpong=0; private_global=0; MemPort=[13]; IO mode=ap_memory:ce=0
Port [ correction_40]:  wired=1; compound=1; hidden=0; nouse=0; global=0; static=0; extern=0; dir=0; type=1; pingpong=0; private_global=0; MemPort=[13]; IO mode=ap_memory:ce=0
Port [ correction_41]:  wired=1; compound=1; hidden=0; nouse=0; global=0; static=0; extern=0; dir=0; type=1; pingpong=0; private_global=0; MemPort=[13]; IO mode=ap_memory:ce=0
Port [ correction_42]:  wired=1; compound=1; hidden=0; nouse=0; global=0; static=0; extern=0; dir=0; type=1; pingpong=0; private_global=0; MemPort=[13]; IO mode=ap_memory:ce=0
Port [ correction_43]:  wired=1; compound=1; hidden=0; nouse=0; global=0; static=0; extern=0; dir=0; type=1; pingpong=0; private_global=0; MemPort=[13]; IO mode=ap_memory:ce=0
Port [ correction_44]:  wired=1; compound=1; hidden=0; nouse=0; global=0; static=0; extern=0; dir=0; type=1; pingpong=0; private_global=0; MemPort=[13]; IO mode=ap_memory:ce=0
Port [ correction_45]:  wired=1; compound=1; hidden=0; nouse=0; global=0; static=0; extern=0; dir=0; type=1; pingpong=0; private_global=0; MemPort=[13]; IO mode=ap_memory:ce=0
Port [ correction_46]:  wired=1; compound=1; hidden=0; nouse=0; global=0; static=0; extern=0; dir=0; type=1; pingpong=0; private_global=0; MemPort=[13]; IO mode=ap_memory:ce=0
Port [ correction_47]:  wired=1; compound=1; hidden=0; nouse=0; global=0; static=0; extern=0; dir=0; type=1; pingpong=0; private_global=0; MemPort=[13]; IO mode=ap_memory:ce=0
Port [ correction_48]:  wired=1; compound=1; hidden=0; nouse=0; global=0; static=0; extern=0; dir=0; type=1; pingpong=0; private_global=0; MemPort=[13]; IO mode=ap_memory:ce=0
Port [ correction_49]:  wired=1; compound=1; hidden=0; nouse=0; global=0; static=0; extern=0; dir=0; type=1; pingpong=0; private_global=0; MemPort=[13]; IO mode=ap_memory:ce=0
Port [ correction_50]:  wired=1; compound=1; hidden=0; nouse=0; global=0; static=0; extern=0; dir=0; type=1; pingpong=0; private_global=0; MemPort=[13]; IO mode=ap_memory:ce=0
Port [ correction_51]:  wired=1; compound=1; hidden=0; nouse=0; global=0; static=0; extern=0; dir=0; type=1; pingpong=0; private_global=0; MemPort=[13]; IO mode=ap_memory:ce=0
Port [ correction_52]:  wired=1; compound=1; hidden=0; nouse=0; global=0; static=0; extern=0; dir=0; type=1; pingpong=0; private_global=0; MemPort=[13]; IO mode=ap_memory:ce=0
Port [ correction_53]:  wired=1; compound=1; hidden=0; nouse=0; global=0; static=0; extern=0; dir=0; type=1; pingpong=0; private_global=0; MemPort=[13]; IO mode=ap_memory:ce=0
Port [ correction_54]:  wired=1; compound=1; hidden=0; nouse=0; global=0; static=0; extern=0; dir=0; type=1; pingpong=0; private_global=0; MemPort=[13]; IO mode=ap_memory:ce=0
Port [ correction_55]:  wired=1; compound=1; hidden=0; nouse=0; global=0; static=0; extern=0; dir=0; type=1; pingpong=0; private_global=0; MemPort=[13]; IO mode=ap_memory:ce=0
Port [ correction_56]:  wired=1; compound=1; hidden=0; nouse=0; global=0; static=0; extern=0; dir=0; type=1; pingpong=0; private_global=0; MemPort=[13]; IO mode=ap_memory:ce=0
Port [ correction_57]:  wired=1; compound=1; hidden=0; nouse=0; global=0; static=0; extern=0; dir=0; type=1; pingpong=0; private_global=0; MemPort=[13]; IO mode=ap_memory:ce=0
Port [ correction_58]:  wired=1; compound=1; hidden=0; nouse=0; global=0; static=0; extern=0; dir=0; type=1; pingpong=0; private_global=0; MemPort=[13]; IO mode=ap_memory:ce=0
Port [ correction_59]:  wired=1; compound=1; hidden=0; nouse=0; global=0; static=0; extern=0; dir=0; type=1; pingpong=0; private_global=0; MemPort=[13]; IO mode=ap_memory:ce=0
Port [ correction_60]:  wired=1; compound=1; hidden=0; nouse=0; global=0; static=0; extern=0; dir=0; type=1; pingpong=0; private_global=0; MemPort=[13]; IO mode=ap_memory:ce=0
Port [ correction_61]:  wired=1; compound=1; hidden=0; nouse=0; global=0; static=0; extern=0; dir=0; type=1; pingpong=0; private_global=0; MemPort=[13]; IO mode=ap_memory:ce=0
Port [ correction_62]:  wired=1; compound=1; hidden=0; nouse=0; global=0; static=0; extern=0; dir=0; type=1; pingpong=0; private_global=0; MemPort=[13]; IO mode=ap_memory:ce=0
Port [ correction_63]:  wired=1; compound=1; hidden=0; nouse=0; global=0; static=0; extern=0; dir=0; type=1; pingpong=0; private_global=0; MemPort=[13]; IO mode=ap_memory:ce=0
Port [ correction_64]:  wired=1; compound=1; hidden=0; nouse=0; global=0; static=0; extern=0; dir=0; type=1; pingpong=0; private_global=0; MemPort=[13]; IO mode=ap_memory:ce=0
Port [ correction_65]:  wired=1; compound=1; hidden=0; nouse=0; global=0; static=0; extern=0; dir=0; type=1; pingpong=0; private_global=0; MemPort=[13]; IO mode=ap_memory:ce=0
Port [ correction_66]:  wired=1; compound=1; hidden=0; nouse=0; global=0; static=0; extern=0; dir=0; type=1; pingpong=0; private_global=0; MemPort=[13]; IO mode=ap_memory:ce=0
Port [ correction_67]:  wired=1; compound=1; hidden=0; nouse=0; global=0; static=0; extern=0; dir=0; type=1; pingpong=0; private_global=0; MemPort=[13]; IO mode=ap_memory:ce=0
Port [ correction_68]:  wired=1; compound=1; hidden=0; nouse=0; global=0; static=0; extern=0; dir=0; type=1; pingpong=0; private_global=0; MemPort=[13]; IO mode=ap_memory:ce=0
Port [ correction_69]:  wired=1; compound=1; hidden=0; nouse=0; global=0; static=0; extern=0; dir=0; type=1; pingpong=0; private_global=0; MemPort=[13]; IO mode=ap_memory:ce=0
Port [ correction_70]:  wired=1; compound=1; hidden=0; nouse=0; global=0; static=0; extern=0; dir=0; type=1; pingpong=0; private_global=0; MemPort=[13]; IO mode=ap_memory:ce=0
Port [ correction_71]:  wired=1; compound=1; hidden=0; nouse=0; global=0; static=0; extern=0; dir=0; type=1; pingpong=0; private_global=0; MemPort=[13]; IO mode=ap_memory:ce=0
Port [ beat_2_out]:  wired=1; compound=0; hidden=0; nouse=0; global=0; static=0; extern=0; dir=1; type=0; pingpong=0; private_global=0; IO mode=ap_vld:ce=0
---------------- STG Properties END ------------------

---------------- Datapath Model BEGIN ----------------

<LifeTime>
<method=bitvector/>
beat                  (alloca           ) [ 011]
x                     (alloca           ) [ 010]
y                     (alloca           ) [ 010]
indvar_flatten43      (alloca           ) [ 010]
t                     (alloca           ) [ 010]
indvar_flatten58      (alloca           ) [ 010]
store_ln0             (store            ) [ 000]
store_ln213           (store            ) [ 000]
store_ln0             (store            ) [ 000]
store_ln214           (store            ) [ 000]
store_ln215           (store            ) [ 000]
store_ln212           (store            ) [ 000]
br_ln0                (br               ) [ 000]
indvar_flatten58_load (load             ) [ 000]
icmp_ln213            (icmp             ) [ 010]
add_ln213_1           (add              ) [ 000]
br_ln213              (br               ) [ 000]
x_load                (load             ) [ 000]
y_load                (load             ) [ 000]
indvar_flatten43_load (load             ) [ 000]
t_load                (load             ) [ 000]
add_ln213             (add              ) [ 000]
icmp_ln214            (icmp             ) [ 000]
select_ln212          (select           ) [ 000]
xor_ln212             (xor              ) [ 000]
icmp_ln215            (icmp             ) [ 000]
and_ln212             (and              ) [ 000]
select_ln213          (select           ) [ 011]
add_ln214             (add              ) [ 000]
or_ln212              (or               ) [ 000]
select_ln212_1        (select           ) [ 011]
select_ln214          (select           ) [ 011]
trunc_ln213           (trunc            ) [ 011]
lshr_ln2              (partselect       ) [ 000]
zext_ln212            (zext             ) [ 000]
correction_addr       (getelementptr    ) [ 011]
correction_1_addr     (getelementptr    ) [ 011]
correction_2_addr     (getelementptr    ) [ 011]
correction_3_addr     (getelementptr    ) [ 011]
correction_4_addr     (getelementptr    ) [ 011]
correction_5_addr     (getelementptr    ) [ 011]
correction_6_addr     (getelementptr    ) [ 011]
correction_7_addr     (getelementptr    ) [ 011]
correction_8_addr     (getelementptr    ) [ 011]
correction_9_addr     (getelementptr    ) [ 011]
correction_10_addr    (getelementptr    ) [ 011]
correction_11_addr    (getelementptr    ) [ 011]
correction_12_addr    (getelementptr    ) [ 011]
correction_13_addr    (getelementptr    ) [ 011]
correction_14_addr    (getelementptr    ) [ 011]
correction_15_addr    (getelementptr    ) [ 011]
correction_16_addr    (getelementptr    ) [ 011]
correction_17_addr    (getelementptr    ) [ 011]
correction_18_addr    (getelementptr    ) [ 011]
correction_19_addr    (getelementptr    ) [ 011]
correction_20_addr    (getelementptr    ) [ 011]
correction_21_addr    (getelementptr    ) [ 011]
correction_22_addr    (getelementptr    ) [ 011]
correction_23_addr    (getelementptr    ) [ 011]
correction_24_addr    (getelementptr    ) [ 011]
correction_25_addr    (getelementptr    ) [ 011]
correction_26_addr    (getelementptr    ) [ 011]
correction_27_addr    (getelementptr    ) [ 011]
correction_28_addr    (getelementptr    ) [ 011]
correction_29_addr    (getelementptr    ) [ 011]
correction_30_addr    (getelementptr    ) [ 011]
correction_31_addr    (getelementptr    ) [ 011]
correction_32_addr    (getelementptr    ) [ 011]
correction_33_addr    (getelementptr    ) [ 011]
correction_34_addr    (getelementptr    ) [ 011]
correction_35_addr    (getelementptr    ) [ 011]
correction_36_addr    (getelementptr    ) [ 011]
correction_37_addr    (getelementptr    ) [ 011]
correction_38_addr    (getelementptr    ) [ 011]
correction_39_addr    (getelementptr    ) [ 011]
correction_40_addr    (getelementptr    ) [ 011]
correction_41_addr    (getelementptr    ) [ 011]
correction_42_addr    (getelementptr    ) [ 011]
correction_43_addr    (getelementptr    ) [ 011]
correction_44_addr    (getelementptr    ) [ 011]
correction_45_addr    (getelementptr    ) [ 011]
correction_46_addr    (getelementptr    ) [ 011]
correction_47_addr    (getelementptr    ) [ 011]
correction_48_addr    (getelementptr    ) [ 011]
correction_49_addr    (getelementptr    ) [ 011]
correction_50_addr    (getelementptr    ) [ 011]
correction_51_addr    (getelementptr    ) [ 011]
correction_52_addr    (getelementptr    ) [ 011]
correction_53_addr    (getelementptr    ) [ 011]
correction_54_addr    (getelementptr    ) [ 011]
correction_55_addr    (getelementptr    ) [ 011]
correction_56_addr    (getelementptr    ) [ 011]
correction_57_addr    (getelementptr    ) [ 011]
correction_58_addr    (getelementptr    ) [ 011]
correction_59_addr    (getelementptr    ) [ 011]
correction_60_addr    (getelementptr    ) [ 011]
correction_61_addr    (getelementptr    ) [ 011]
correction_62_addr    (getelementptr    ) [ 011]
correction_63_addr    (getelementptr    ) [ 011]
correction_64_addr    (getelementptr    ) [ 011]
correction_65_addr    (getelementptr    ) [ 011]
correction_66_addr    (getelementptr    ) [ 011]
correction_67_addr    (getelementptr    ) [ 011]
correction_68_addr    (getelementptr    ) [ 011]
correction_69_addr    (getelementptr    ) [ 011]
correction_70_addr    (getelementptr    ) [ 011]
correction_71_addr    (getelementptr    ) [ 011]
add_ln215             (add              ) [ 000]
add_ln214_1           (add              ) [ 000]
select_ln214_1        (select           ) [ 000]
store_ln213           (store            ) [ 000]
store_ln213           (store            ) [ 000]
store_ln214           (store            ) [ 000]
store_ln214           (store            ) [ 000]
store_ln215           (store            ) [ 000]
beat_load_1           (load             ) [ 000]
specloopname_ln0      (specloopname     ) [ 000]
speclooptripcount_ln0 (speclooptripcount) [ 000]
p_shl4                (bitconcatenate   ) [ 000]
p_shl4_cast           (zext             ) [ 000]
p_shl5                (bitconcatenate   ) [ 000]
p_shl5_cast           (zext             ) [ 000]
empty                 (sub              ) [ 000]
correction_load       (load             ) [ 000]
correction_1_load     (load             ) [ 000]
correction_2_load     (load             ) [ 000]
correction_3_load     (load             ) [ 000]
correction_4_load     (load             ) [ 000]
correction_5_load     (load             ) [ 000]
correction_6_load     (load             ) [ 000]
correction_7_load     (load             ) [ 000]
correction_8_load     (load             ) [ 000]
correction_9_load     (load             ) [ 000]
correction_10_load    (load             ) [ 000]
correction_11_load    (load             ) [ 000]
correction_12_load    (load             ) [ 000]
correction_13_load    (load             ) [ 000]
correction_14_load    (load             ) [ 000]
correction_15_load    (load             ) [ 000]
correction_16_load    (load             ) [ 000]
correction_17_load    (load             ) [ 000]
correction_18_load    (load             ) [ 000]
correction_19_load    (load             ) [ 000]
correction_20_load    (load             ) [ 000]
correction_21_load    (load             ) [ 000]
correction_22_load    (load             ) [ 000]
correction_23_load    (load             ) [ 000]
correction_24_load    (load             ) [ 000]
correction_25_load    (load             ) [ 000]
correction_26_load    (load             ) [ 000]
correction_27_load    (load             ) [ 000]
correction_28_load    (load             ) [ 000]
correction_29_load    (load             ) [ 000]
correction_30_load    (load             ) [ 000]
correction_31_load    (load             ) [ 000]
correction_32_load    (load             ) [ 000]
correction_33_load    (load             ) [ 000]
correction_34_load    (load             ) [ 000]
correction_35_load    (load             ) [ 000]
correction_36_load    (load             ) [ 000]
correction_37_load    (load             ) [ 000]
correction_38_load    (load             ) [ 000]
correction_39_load    (load             ) [ 000]
correction_40_load    (load             ) [ 000]
correction_41_load    (load             ) [ 000]
correction_42_load    (load             ) [ 000]
correction_43_load    (load             ) [ 000]
correction_44_load    (load             ) [ 000]
correction_45_load    (load             ) [ 000]
correction_46_load    (load             ) [ 000]
correction_47_load    (load             ) [ 000]
correction_48_load    (load             ) [ 000]
correction_49_load    (load             ) [ 000]
correction_50_load    (load             ) [ 000]
correction_51_load    (load             ) [ 000]
correction_52_load    (load             ) [ 000]
correction_53_load    (load             ) [ 000]
correction_54_load    (load             ) [ 000]
correction_55_load    (load             ) [ 000]
correction_56_load    (load             ) [ 000]
correction_57_load    (load             ) [ 000]
correction_58_load    (load             ) [ 000]
correction_59_load    (load             ) [ 000]
correction_60_load    (load             ) [ 000]
correction_61_load    (load             ) [ 000]
correction_62_load    (load             ) [ 000]
correction_63_load    (load             ) [ 000]
correction_64_load    (load             ) [ 000]
correction_65_load    (load             ) [ 000]
correction_66_load    (load             ) [ 000]
correction_67_load    (load             ) [ 000]
correction_68_load    (load             ) [ 000]
correction_69_load    (load             ) [ 000]
correction_70_load    (load             ) [ 000]
correction_71_load    (load             ) [ 000]
zext_ln214            (zext             ) [ 000]
empty_55              (add              ) [ 000]
p_shl6                (bitconcatenate   ) [ 000]
p_shl7                (bitconcatenate   ) [ 000]
p_shl7_cast           (sext             ) [ 000]
empty_56              (sub              ) [ 000]
specpipeline_ln212    (specpipeline     ) [ 000]
trunc_ln212_1_cast    (zext             ) [ 000]
tmp_s                 (sparsemux        ) [ 000]
tmp_1                 (sparsemux        ) [ 000]
tmp_2                 (sparsemux        ) [ 000]
tmp_3                 (sparsemux        ) [ 000]
tmp_4                 (sparsemux        ) [ 000]
tmp_5                 (sparsemux        ) [ 000]
tmp_6                 (sparsemux        ) [ 000]
tmp_7                 (sparsemux        ) [ 000]
tmp_8                 (sparsemux        ) [ 000]
tmp_9                 (sparsemux        ) [ 000]
tmp_10                (sparsemux        ) [ 000]
tmp_11                (sparsemux        ) [ 000]
tmp_12                (sparsemux        ) [ 000]
tmp_13                (sparsemux        ) [ 000]
select_ln217          (select           ) [ 000]
add_ln217             (add              ) [ 000]
sext_ln217            (sext             ) [ 000]
beat_1                (bitset           ) [ 000]
store_ln212           (store            ) [ 000]
br_ln215              (br               ) [ 000]
beat_load             (load             ) [ 000]
write_ln0             (write            ) [ 000]
ret_ln0               (ret              ) [ 000]
</LifeTime>

<model>

<comp_list>
<comp id="0" class="1000" name="correction">
<pin_list>
<pin id="1" dir="1" index="0" bw="1" slack="0"/>
</pin_list>
<bind>
<StgValue><ssdm name="correction"/><MemPortTyVec>1 3 </MemPortTyVec>
</StgValue>
</bind>
</comp>

<comp id="2" class="1000" name="correction_1">
<pin_list>
<pin id="3" dir="1" index="0" bw="1" slack="0"/>
</pin_list>
<bind>
<StgValue><ssdm name="correction_1"/><MemPortTyVec>1 3 </MemPortTyVec>
</StgValue>
</bind>
</comp>

<comp id="4" class="1000" name="correction_2">
<pin_list>
<pin id="5" dir="1" index="0" bw="1" slack="0"/>
</pin_list>
<bind>
<StgValue><ssdm name="correction_2"/><MemPortTyVec>1 3 </MemPortTyVec>
</StgValue>
</bind>
</comp>

<comp id="6" class="1000" name="correction_3">
<pin_list>
<pin id="7" dir="1" index="0" bw="1" slack="0"/>
</pin_list>
<bind>
<StgValue><ssdm name="correction_3"/><MemPortTyVec>1 3 </MemPortTyVec>
</StgValue>
</bind>
</comp>

<comp id="8" class="1000" name="correction_4">
<pin_list>
<pin id="9" dir="1" index="0" bw="1" slack="0"/>
</pin_list>
<bind>
<StgValue><ssdm name="correction_4"/><MemPortTyVec>1 3 </MemPortTyVec>
</StgValue>
</bind>
</comp>

<comp id="10" class="1000" name="correction_5">
<pin_list>
<pin id="11" dir="1" index="0" bw="1" slack="0"/>
</pin_list>
<bind>
<StgValue><ssdm name="correction_5"/><MemPortTyVec>1 3 </MemPortTyVec>
</StgValue>
</bind>
</comp>

<comp id="12" class="1000" name="correction_6">
<pin_list>
<pin id="13" dir="1" index="0" bw="1" slack="0"/>
</pin_list>
<bind>
<StgValue><ssdm name="correction_6"/><MemPortTyVec>1 3 </MemPortTyVec>
</StgValue>
</bind>
</comp>

<comp id="14" class="1000" name="correction_7">
<pin_list>
<pin id="15" dir="1" index="0" bw="1" slack="0"/>
</pin_list>
<bind>
<StgValue><ssdm name="correction_7"/><MemPortTyVec>1 3 </MemPortTyVec>
</StgValue>
</bind>
</comp>

<comp id="16" class="1000" name="correction_8">
<pin_list>
<pin id="17" dir="1" index="0" bw="1" slack="0"/>
</pin_list>
<bind>
<StgValue><ssdm name="correction_8"/><MemPortTyVec>1 3 </MemPortTyVec>
</StgValue>
</bind>
</comp>

<comp id="18" class="1000" name="correction_9">
<pin_list>
<pin id="19" dir="1" index="0" bw="1" slack="0"/>
</pin_list>
<bind>
<StgValue><ssdm name="correction_9"/><MemPortTyVec>1 3 </MemPortTyVec>
</StgValue>
</bind>
</comp>

<comp id="20" class="1000" name="correction_10">
<pin_list>
<pin id="21" dir="1" index="0" bw="1" slack="0"/>
</pin_list>
<bind>
<StgValue><ssdm name="correction_10"/><MemPortTyVec>1 3 </MemPortTyVec>
</StgValue>
</bind>
</comp>

<comp id="22" class="1000" name="correction_11">
<pin_list>
<pin id="23" dir="1" index="0" bw="1" slack="0"/>
</pin_list>
<bind>
<StgValue><ssdm name="correction_11"/><MemPortTyVec>1 3 </MemPortTyVec>
</StgValue>
</bind>
</comp>

<comp id="24" class="1000" name="correction_12">
<pin_list>
<pin id="25" dir="1" index="0" bw="1" slack="0"/>
</pin_list>
<bind>
<StgValue><ssdm name="correction_12"/><MemPortTyVec>1 3 </MemPortTyVec>
</StgValue>
</bind>
</comp>

<comp id="26" class="1000" name="correction_13">
<pin_list>
<pin id="27" dir="1" index="0" bw="1" slack="0"/>
</pin_list>
<bind>
<StgValue><ssdm name="correction_13"/><MemPortTyVec>1 3 </MemPortTyVec>
</StgValue>
</bind>
</comp>

<comp id="28" class="1000" name="correction_14">
<pin_list>
<pin id="29" dir="1" index="0" bw="1" slack="0"/>
</pin_list>
<bind>
<StgValue><ssdm name="correction_14"/><MemPortTyVec>1 3 </MemPortTyVec>
</StgValue>
</bind>
</comp>

<comp id="30" class="1000" name="correction_15">
<pin_list>
<pin id="31" dir="1" index="0" bw="1" slack="0"/>
</pin_list>
<bind>
<StgValue><ssdm name="correction_15"/><MemPortTyVec>1 3 </MemPortTyVec>
</StgValue>
</bind>
</comp>

<comp id="32" class="1000" name="correction_16">
<pin_list>
<pin id="33" dir="1" index="0" bw="1" slack="0"/>
</pin_list>
<bind>
<StgValue><ssdm name="correction_16"/><MemPortTyVec>1 3 </MemPortTyVec>
</StgValue>
</bind>
</comp>

<comp id="34" class="1000" name="correction_17">
<pin_list>
<pin id="35" dir="1" index="0" bw="1" slack="0"/>
</pin_list>
<bind>
<StgValue><ssdm name="correction_17"/><MemPortTyVec>1 3 </MemPortTyVec>
</StgValue>
</bind>
</comp>

<comp id="36" class="1000" name="correction_18">
<pin_list>
<pin id="37" dir="1" index="0" bw="1" slack="0"/>
</pin_list>
<bind>
<StgValue><ssdm name="correction_18"/><MemPortTyVec>1 3 </MemPortTyVec>
</StgValue>
</bind>
</comp>

<comp id="38" class="1000" name="correction_19">
<pin_list>
<pin id="39" dir="1" index="0" bw="1" slack="0"/>
</pin_list>
<bind>
<StgValue><ssdm name="correction_19"/><MemPortTyVec>1 3 </MemPortTyVec>
</StgValue>
</bind>
</comp>

<comp id="40" class="1000" name="correction_20">
<pin_list>
<pin id="41" dir="1" index="0" bw="1" slack="0"/>
</pin_list>
<bind>
<StgValue><ssdm name="correction_20"/><MemPortTyVec>1 3 </MemPortTyVec>
</StgValue>
</bind>
</comp>

<comp id="42" class="1000" name="correction_21">
<pin_list>
<pin id="43" dir="1" index="0" bw="1" slack="0"/>
</pin_list>
<bind>
<StgValue><ssdm name="correction_21"/><MemPortTyVec>1 3 </MemPortTyVec>
</StgValue>
</bind>
</comp>

<comp id="44" class="1000" name="correction_22">
<pin_list>
<pin id="45" dir="1" index="0" bw="1" slack="0"/>
</pin_list>
<bind>
<StgValue><ssdm name="correction_22"/><MemPortTyVec>1 3 </MemPortTyVec>
</StgValue>
</bind>
</comp>

<comp id="46" class="1000" name="correction_23">
<pin_list>
<pin id="47" dir="1" index="0" bw="1" slack="0"/>
</pin_list>
<bind>
<StgValue><ssdm name="correction_23"/><MemPortTyVec>1 3 </MemPortTyVec>
</StgValue>
</bind>
</comp>

<comp id="48" class="1000" name="correction_24">
<pin_list>
<pin id="49" dir="1" index="0" bw="1" slack="0"/>
</pin_list>
<bind>
<StgValue><ssdm name="correction_24"/><MemPortTyVec>1 3 </MemPortTyVec>
</StgValue>
</bind>
</comp>

<comp id="50" class="1000" name="correction_25">
<pin_list>
<pin id="51" dir="1" index="0" bw="1" slack="0"/>
</pin_list>
<bind>
<StgValue><ssdm name="correction_25"/><MemPortTyVec>1 3 </MemPortTyVec>
</StgValue>
</bind>
</comp>

<comp id="52" class="1000" name="correction_26">
<pin_list>
<pin id="53" dir="1" index="0" bw="1" slack="0"/>
</pin_list>
<bind>
<StgValue><ssdm name="correction_26"/><MemPortTyVec>1 3 </MemPortTyVec>
</StgValue>
</bind>
</comp>

<comp id="54" class="1000" name="correction_27">
<pin_list>
<pin id="55" dir="1" index="0" bw="1" slack="0"/>
</pin_list>
<bind>
<StgValue><ssdm name="correction_27"/><MemPortTyVec>1 3 </MemPortTyVec>
</StgValue>
</bind>
</comp>

<comp id="56" class="1000" name="correction_28">
<pin_list>
<pin id="57" dir="1" index="0" bw="1" slack="0"/>
</pin_list>
<bind>
<StgValue><ssdm name="correction_28"/><MemPortTyVec>1 3 </MemPortTyVec>
</StgValue>
</bind>
</comp>

<comp id="58" class="1000" name="correction_29">
<pin_list>
<pin id="59" dir="1" index="0" bw="1" slack="0"/>
</pin_list>
<bind>
<StgValue><ssdm name="correction_29"/><MemPortTyVec>1 3 </MemPortTyVec>
</StgValue>
</bind>
</comp>

<comp id="60" class="1000" name="correction_30">
<pin_list>
<pin id="61" dir="1" index="0" bw="1" slack="0"/>
</pin_list>
<bind>
<StgValue><ssdm name="correction_30"/><MemPortTyVec>1 3 </MemPortTyVec>
</StgValue>
</bind>
</comp>

<comp id="62" class="1000" name="correction_31">
<pin_list>
<pin id="63" dir="1" index="0" bw="1" slack="0"/>
</pin_list>
<bind>
<StgValue><ssdm name="correction_31"/><MemPortTyVec>1 3 </MemPortTyVec>
</StgValue>
</bind>
</comp>

<comp id="64" class="1000" name="correction_32">
<pin_list>
<pin id="65" dir="1" index="0" bw="1" slack="0"/>
</pin_list>
<bind>
<StgValue><ssdm name="correction_32"/><MemPortTyVec>1 3 </MemPortTyVec>
</StgValue>
</bind>
</comp>

<comp id="66" class="1000" name="correction_33">
<pin_list>
<pin id="67" dir="1" index="0" bw="1" slack="0"/>
</pin_list>
<bind>
<StgValue><ssdm name="correction_33"/><MemPortTyVec>1 3 </MemPortTyVec>
</StgValue>
</bind>
</comp>

<comp id="68" class="1000" name="correction_34">
<pin_list>
<pin id="69" dir="1" index="0" bw="1" slack="0"/>
</pin_list>
<bind>
<StgValue><ssdm name="correction_34"/><MemPortTyVec>1 3 </MemPortTyVec>
</StgValue>
</bind>
</comp>

<comp id="70" class="1000" name="correction_35">
<pin_list>
<pin id="71" dir="1" index="0" bw="1" slack="0"/>
</pin_list>
<bind>
<StgValue><ssdm name="correction_35"/><MemPortTyVec>1 3 </MemPortTyVec>
</StgValue>
</bind>
</comp>

<comp id="72" class="1000" name="correction_36">
<pin_list>
<pin id="73" dir="1" index="0" bw="1" slack="0"/>
</pin_list>
<bind>
<StgValue><ssdm name="correction_36"/><MemPortTyVec>1 3 </MemPortTyVec>
</StgValue>
</bind>
</comp>

<comp id="74" class="1000" name="correction_37">
<pin_list>
<pin id="75" dir="1" index="0" bw="1" slack="0"/>
</pin_list>
<bind>
<StgValue><ssdm name="correction_37"/><MemPortTyVec>1 3 </MemPortTyVec>
</StgValue>
</bind>
</comp>

<comp id="76" class="1000" name="correction_38">
<pin_list>
<pin id="77" dir="1" index="0" bw="1" slack="0"/>
</pin_list>
<bind>
<StgValue><ssdm name="correction_38"/><MemPortTyVec>1 3 </MemPortTyVec>
</StgValue>
</bind>
</comp>

<comp id="78" class="1000" name="correction_39">
<pin_list>
<pin id="79" dir="1" index="0" bw="1" slack="0"/>
</pin_list>
<bind>
<StgValue><ssdm name="correction_39"/><MemPortTyVec>1 3 </MemPortTyVec>
</StgValue>
</bind>
</comp>

<comp id="80" class="1000" name="correction_40">
<pin_list>
<pin id="81" dir="1" index="0" bw="1" slack="0"/>
</pin_list>
<bind>
<StgValue><ssdm name="correction_40"/><MemPortTyVec>1 3 </MemPortTyVec>
</StgValue>
</bind>
</comp>

<comp id="82" class="1000" name="correction_41">
<pin_list>
<pin id="83" dir="1" index="0" bw="1" slack="0"/>
</pin_list>
<bind>
<StgValue><ssdm name="correction_41"/><MemPortTyVec>1 3 </MemPortTyVec>
</StgValue>
</bind>
</comp>

<comp id="84" class="1000" name="correction_42">
<pin_list>
<pin id="85" dir="1" index="0" bw="1" slack="0"/>
</pin_list>
<bind>
<StgValue><ssdm name="correction_42"/><MemPortTyVec>1 3 </MemPortTyVec>
</StgValue>
</bind>
</comp>

<comp id="86" class="1000" name="correction_43">
<pin_list>
<pin id="87" dir="1" index="0" bw="1" slack="0"/>
</pin_list>
<bind>
<StgValue><ssdm name="correction_43"/><MemPortTyVec>1 3 </MemPortTyVec>
</StgValue>
</bind>
</comp>

<comp id="88" class="1000" name="correction_44">
<pin_list>
<pin id="89" dir="1" index="0" bw="1" slack="0"/>
</pin_list>
<bind>
<StgValue><ssdm name="correction_44"/><MemPortTyVec>1 3 </MemPortTyVec>
</StgValue>
</bind>
</comp>

<comp id="90" class="1000" name="correction_45">
<pin_list>
<pin id="91" dir="1" index="0" bw="1" slack="0"/>
</pin_list>
<bind>
<StgValue><ssdm name="correction_45"/><MemPortTyVec>1 3 </MemPortTyVec>
</StgValue>
</bind>
</comp>

<comp id="92" class="1000" name="correction_46">
<pin_list>
<pin id="93" dir="1" index="0" bw="1" slack="0"/>
</pin_list>
<bind>
<StgValue><ssdm name="correction_46"/><MemPortTyVec>1 3 </MemPortTyVec>
</StgValue>
</bind>
</comp>

<comp id="94" class="1000" name="correction_47">
<pin_list>
<pin id="95" dir="1" index="0" bw="1" slack="0"/>
</pin_list>
<bind>
<StgValue><ssdm name="correction_47"/><MemPortTyVec>1 3 </MemPortTyVec>
</StgValue>
</bind>
</comp>

<comp id="96" class="1000" name="correction_48">
<pin_list>
<pin id="97" dir="1" index="0" bw="1" slack="0"/>
</pin_list>
<bind>
<StgValue><ssdm name="correction_48"/><MemPortTyVec>1 3 </MemPortTyVec>
</StgValue>
</bind>
</comp>

<comp id="98" class="1000" name="correction_49">
<pin_list>
<pin id="99" dir="1" index="0" bw="1" slack="0"/>
</pin_list>
<bind>
<StgValue><ssdm name="correction_49"/><MemPortTyVec>1 3 </MemPortTyVec>
</StgValue>
</bind>
</comp>

<comp id="100" class="1000" name="correction_50">
<pin_list>
<pin id="101" dir="1" index="0" bw="1" slack="0"/>
</pin_list>
<bind>
<StgValue><ssdm name="correction_50"/><MemPortTyVec>1 3 </MemPortTyVec>
</StgValue>
</bind>
</comp>

<comp id="102" class="1000" name="correction_51">
<pin_list>
<pin id="103" dir="1" index="0" bw="1" slack="0"/>
</pin_list>
<bind>
<StgValue><ssdm name="correction_51"/><MemPortTyVec>1 3 </MemPortTyVec>
</StgValue>
</bind>
</comp>

<comp id="104" class="1000" name="correction_52">
<pin_list>
<pin id="105" dir="1" index="0" bw="1" slack="0"/>
</pin_list>
<bind>
<StgValue><ssdm name="correction_52"/><MemPortTyVec>1 3 </MemPortTyVec>
</StgValue>
</bind>
</comp>

<comp id="106" class="1000" name="correction_53">
<pin_list>
<pin id="107" dir="1" index="0" bw="1" slack="0"/>
</pin_list>
<bind>
<StgValue><ssdm name="correction_53"/><MemPortTyVec>1 3 </MemPortTyVec>
</StgValue>
</bind>
</comp>

<comp id="108" class="1000" name="correction_54">
<pin_list>
<pin id="109" dir="1" index="0" bw="1" slack="0"/>
</pin_list>
<bind>
<StgValue><ssdm name="correction_54"/><MemPortTyVec>1 3 </MemPortTyVec>
</StgValue>
</bind>
</comp>

<comp id="110" class="1000" name="correction_55">
<pin_list>
<pin id="111" dir="1" index="0" bw="1" slack="0"/>
</pin_list>
<bind>
<StgValue><ssdm name="correction_55"/><MemPortTyVec>1 3 </MemPortTyVec>
</StgValue>
</bind>
</comp>

<comp id="112" class="1000" name="correction_56">
<pin_list>
<pin id="113" dir="1" index="0" bw="1" slack="0"/>
</pin_list>
<bind>
<StgValue><ssdm name="correction_56"/><MemPortTyVec>1 3 </MemPortTyVec>
</StgValue>
</bind>
</comp>

<comp id="114" class="1000" name="correction_57">
<pin_list>
<pin id="115" dir="1" index="0" bw="1" slack="0"/>
</pin_list>
<bind>
<StgValue><ssdm name="correction_57"/><MemPortTyVec>1 3 </MemPortTyVec>
</StgValue>
</bind>
</comp>

<comp id="116" class="1000" name="correction_58">
<pin_list>
<pin id="117" dir="1" index="0" bw="1" slack="0"/>
</pin_list>
<bind>
<StgValue><ssdm name="correction_58"/><MemPortTyVec>1 3 </MemPortTyVec>
</StgValue>
</bind>
</comp>

<comp id="118" class="1000" name="correction_59">
<pin_list>
<pin id="119" dir="1" index="0" bw="1" slack="0"/>
</pin_list>
<bind>
<StgValue><ssdm name="correction_59"/><MemPortTyVec>1 3 </MemPortTyVec>
</StgValue>
</bind>
</comp>

<comp id="120" class="1000" name="correction_60">
<pin_list>
<pin id="121" dir="1" index="0" bw="1" slack="0"/>
</pin_list>
<bind>
<StgValue><ssdm name="correction_60"/><MemPortTyVec>1 3 </MemPortTyVec>
</StgValue>
</bind>
</comp>

<comp id="122" class="1000" name="correction_61">
<pin_list>
<pin id="123" dir="1" index="0" bw="1" slack="0"/>
</pin_list>
<bind>
<StgValue><ssdm name="correction_61"/><MemPortTyVec>1 3 </MemPortTyVec>
</StgValue>
</bind>
</comp>

<comp id="124" class="1000" name="correction_62">
<pin_list>
<pin id="125" dir="1" index="0" bw="1" slack="0"/>
</pin_list>
<bind>
<StgValue><ssdm name="correction_62"/><MemPortTyVec>1 3 </MemPortTyVec>
</StgValue>
</bind>
</comp>

<comp id="126" class="1000" name="correction_63">
<pin_list>
<pin id="127" dir="1" index="0" bw="1" slack="0"/>
</pin_list>
<bind>
<StgValue><ssdm name="correction_63"/><MemPortTyVec>1 3 </MemPortTyVec>
</StgValue>
</bind>
</comp>

<comp id="128" class="1000" name="correction_64">
<pin_list>
<pin id="129" dir="1" index="0" bw="1" slack="0"/>
</pin_list>
<bind>
<StgValue><ssdm name="correction_64"/><MemPortTyVec>1 3 </MemPortTyVec>
</StgValue>
</bind>
</comp>

<comp id="130" class="1000" name="correction_65">
<pin_list>
<pin id="131" dir="1" index="0" bw="1" slack="0"/>
</pin_list>
<bind>
<StgValue><ssdm name="correction_65"/><MemPortTyVec>1 3 </MemPortTyVec>
</StgValue>
</bind>
</comp>

<comp id="132" class="1000" name="correction_66">
<pin_list>
<pin id="133" dir="1" index="0" bw="1" slack="0"/>
</pin_list>
<bind>
<StgValue><ssdm name="correction_66"/><MemPortTyVec>1 3 </MemPortTyVec>
</StgValue>
</bind>
</comp>

<comp id="134" class="1000" name="correction_67">
<pin_list>
<pin id="135" dir="1" index="0" bw="1" slack="0"/>
</pin_list>
<bind>
<StgValue><ssdm name="correction_67"/><MemPortTyVec>1 3 </MemPortTyVec>
</StgValue>
</bind>
</comp>

<comp id="136" class="1000" name="correction_68">
<pin_list>
<pin id="137" dir="1" index="0" bw="1" slack="0"/>
</pin_list>
<bind>
<StgValue><ssdm name="correction_68"/><MemPortTyVec>1 3 </MemPortTyVec>
</StgValue>
</bind>
</comp>

<comp id="138" class="1000" name="correction_69">
<pin_list>
<pin id="139" dir="1" index="0" bw="1" slack="0"/>
</pin_list>
<bind>
<StgValue><ssdm name="correction_69"/><MemPortTyVec>1 3 </MemPortTyVec>
</StgValue>
</bind>
</comp>

<comp id="140" class="1000" name="correction_70">
<pin_list>
<pin id="141" dir="1" index="0" bw="1" slack="0"/>
</pin_list>
<bind>
<StgValue><ssdm name="correction_70"/><MemPortTyVec>1 3 </MemPortTyVec>
</StgValue>
</bind>
</comp>

<comp id="142" class="1000" name="correction_71">
<pin_list>
<pin id="143" dir="1" index="0" bw="1" slack="0"/>
</pin_list>
<bind>
<StgValue><ssdm name="correction_71"/><MemPortTyVec>1 3 </MemPortTyVec>
</StgValue>
</bind>
</comp>

<comp id="144" class="1000" name="beat_2_out">
<pin_list>
<pin id="145" dir="1" index="0" bw="1" slack="0"/>
</pin_list>
<bind>
<StgValue><ssdm name="beat_2_out"/></StgValue>
</bind>
</comp>

<comp id="146" class="1001" name="const_146">
<pin_list>
<pin id="147" dir="1" index="0" bw="1" slack="0"/>
</pin_list>
<bind>
<StgValue><ssdm name=""/></StgValue>
</bind>
</comp>

<comp id="148" class="1001" name="const_148">
<pin_list>
<pin id="149" dir="1" index="0" bw="1" slack="0"/>
</pin_list>
<bind>
<StgValue><ssdm name=""/></StgValue>
</bind>
</comp>

<comp id="150" class="1001" name="const_150">
<pin_list>
<pin id="151" dir="1" index="0" bw="1" slack="0"/>
</pin_list>
<bind>
<StgValue><ssdm name=""/></StgValue>
</bind>
</comp>

<comp id="152" class="1001" name="const_152">
<pin_list>
<pin id="153" dir="1" index="0" bw="1" slack="0"/>
</pin_list>
<bind>
<StgValue><ssdm name=""/></StgValue>
</bind>
</comp>

<comp id="154" class="1001" name="const_154">
<pin_list>
<pin id="155" dir="1" index="0" bw="1" slack="0"/>
</pin_list>
<bind>
<StgValue><ssdm name=""/></StgValue>
</bind>
</comp>

<comp id="156" class="1001" name="const_156">
<pin_list>
<pin id="157" dir="1" index="0" bw="1" slack="0"/>
</pin_list>
<bind>
<StgValue><ssdm name=""/></StgValue>
</bind>
</comp>

<comp id="158" class="1001" name="const_158">
<pin_list>
<pin id="159" dir="1" index="0" bw="1" slack="0"/>
</pin_list>
<bind>
<StgValue><ssdm name=""/></StgValue>
</bind>
</comp>

<comp id="160" class="1001" name="const_160">
<pin_list>
<pin id="161" dir="1" index="0" bw="1" slack="0"/>
</pin_list>
<bind>
<StgValue><ssdm name=""/></StgValue>
</bind>
</comp>

<comp id="162" class="1001" name="const_162">
<pin_list>
<pin id="163" dir="1" index="0" bw="1" slack="0"/>
</pin_list>
<bind>
<StgValue><ssdm name=""/></StgValue>
</bind>
</comp>

<comp id="164" class="1001" name="const_164">
<pin_list>
<pin id="165" dir="1" index="0" bw="1" slack="0"/>
</pin_list>
<bind>
<StgValue><ssdm name=""/></StgValue>
</bind>
</comp>

<comp id="166" class="1001" name="const_166">
<pin_list>
<pin id="167" dir="1" index="0" bw="1" slack="0"/>
</pin_list>
<bind>
<StgValue><ssdm name=""/></StgValue>
</bind>
</comp>

<comp id="168" class="1001" name="const_168">
<pin_list>
<pin id="169" dir="1" index="0" bw="1" slack="0"/>
</pin_list>
<bind>
<StgValue><ssdm name="_ssdm_op_PartSelect.i2.i3.i32.i32"/></StgValue>
</bind>
</comp>

<comp id="170" class="1001" name="const_170">
<pin_list>
<pin id="171" dir="1" index="0" bw="1" slack="0"/>
</pin_list>
<bind>
<StgValue><ssdm name=""/></StgValue>
</bind>
</comp>

<comp id="172" class="1001" name="const_172">
<pin_list>
<pin id="173" dir="1" index="0" bw="1" slack="0"/>
</pin_list>
<bind>
<StgValue><ssdm name=""/></StgValue>
</bind>
</comp>

<comp id="174" class="1001" name="const_174">
<pin_list>
<pin id="175" dir="1" index="0" bw="1" slack="0"/>
</pin_list>
<bind>
<StgValue><ssdm name=""/></StgValue>
</bind>
</comp>

<comp id="176" class="1001" name="const_176">
<pin_list>
<pin id="177" dir="1" index="0" bw="1" slack="2147483647"/>
</pin_list>
<bind>
<StgValue><ssdm name="_ssdm_op_SpecLoopName"/></StgValue>
</bind>
</comp>

<comp id="178" class="1001" name="const_178">
<pin_list>
<pin id="179" dir="1" index="0" bw="1" slack="2147483647"/>
</pin_list>
<bind>
<StgValue><ssdm name="VITIS_LOOP_213_5_VITIS_LOOP_214_6_VITIS_LOOP_215_7_str"/></StgValue>
</bind>
</comp>

<comp id="180" class="1001" name="const_180">
<pin_list>
<pin id="181" dir="1" index="0" bw="1" slack="2147483647"/>
</pin_list>
<bind>
<StgValue><ssdm name="_ssdm_op_SpecLoopTripCount"/></StgValue>
</bind>
</comp>

<comp id="182" class="1001" name="const_182">
<pin_list>
<pin id="183" dir="1" index="0" bw="1" slack="2147483647"/>
</pin_list>
<bind>
<StgValue><ssdm name=""/></StgValue>
</bind>
</comp>

<comp id="184" class="1001" name="const_184">
<pin_list>
<pin id="185" dir="1" index="0" bw="1" slack="0"/>
</pin_list>
<bind>
<StgValue><ssdm name="_ssdm_op_BitConcatenate.i6.i3.i3"/></StgValue>
</bind>
</comp>

<comp id="186" class="1001" name="const_186">
<pin_list>
<pin id="187" dir="1" index="0" bw="1" slack="0"/>
</pin_list>
<bind>
<StgValue><ssdm name="_ssdm_op_BitConcatenate.i4.i3.i1"/></StgValue>
</bind>
</comp>

<comp id="188" class="1001" name="const_188">
<pin_list>
<pin id="189" dir="1" index="0" bw="1" slack="0"/>
</pin_list>
<bind>
<StgValue><ssdm name=""/></StgValue>
</bind>
</comp>

<comp id="190" class="1001" name="const_190">
<pin_list>
<pin id="191" dir="1" index="0" bw="1" slack="0"/>
</pin_list>
<bind>
<StgValue><ssdm name="_ssdm_op_BitConcatenate.i10.i7.i3"/></StgValue>
</bind>
</comp>

<comp id="192" class="1001" name="const_192">
<pin_list>
<pin id="193" dir="1" index="0" bw="1" slack="0"/>
</pin_list>
<bind>
<StgValue><ssdm name="_ssdm_op_BitConcatenate.i8.i7.i1"/></StgValue>
</bind>
</comp>

<comp id="194" class="1001" name="const_194">
<pin_list>
<pin id="195" dir="1" index="0" bw="1" slack="2147483647"/>
</pin_list>
<bind>
<StgValue><ssdm name="_ssdm_op_SpecPipeline"/></StgValue>
</bind>
</comp>

<comp id="196" class="1001" name="const_196">
<pin_list>
<pin id="197" dir="1" index="0" bw="1" slack="2147483647"/>
</pin_list>
<bind>
<StgValue><ssdm name=""/></StgValue>
</bind>
</comp>

<comp id="198" class="1001" name="const_198">
<pin_list>
<pin id="199" dir="1" index="0" bw="1" slack="2147483647"/>
</pin_list>
<bind>
<StgValue><ssdm name=""/></StgValue>
</bind>
</comp>

<comp id="200" class="1001" name="const_200">
<pin_list>
<pin id="201" dir="1" index="0" bw="1" slack="2147483647"/>
</pin_list>
<bind>
<StgValue><ssdm name="empty_5"/></StgValue>
</bind>
</comp>

<comp id="202" class="1001" name="const_202">
<pin_list>
<pin id="203" dir="1" index="0" bw="1" slack="0"/>
</pin_list>
<bind>
<StgValue><ssdm name="_ssdm_op_SparseMux.ap_auto.6i1.i1.i3"/></StgValue>
</bind>
</comp>

<comp id="204" class="1001" name="const_204">
<pin_list>
<pin id="205" dir="1" index="0" bw="1" slack="0"/>
</pin_list>
<bind>
<StgValue><ssdm name=""/></StgValue>
</bind>
</comp>

<comp id="206" class="1001" name="const_206">
<pin_list>
<pin id="207" dir="1" index="0" bw="1" slack="0"/>
</pin_list>
<bind>
<StgValue><ssdm name=""/></StgValue>
</bind>
</comp>

<comp id="208" class="1001" name="const_208">
<pin_list>
<pin id="209" dir="1" index="0" bw="1" slack="0"/>
</pin_list>
<bind>
<StgValue><ssdm name=""/></StgValue>
</bind>
</comp>

<comp id="210" class="1001" name="const_210">
<pin_list>
<pin id="211" dir="1" index="0" bw="1" slack="0"/>
</pin_list>
<bind>
<StgValue><ssdm name=""/></StgValue>
</bind>
</comp>

<comp id="212" class="1001" name="const_212">
<pin_list>
<pin id="213" dir="1" index="0" bw="1" slack="0"/>
</pin_list>
<bind>
<StgValue><ssdm name=""/></StgValue>
</bind>
</comp>

<comp id="214" class="1001" name="const_214">
<pin_list>
<pin id="215" dir="1" index="0" bw="1" slack="0"/>
</pin_list>
<bind>
<StgValue><ssdm name="_ssdm_op_BitSet.i512.i512.i32.i1"/></StgValue>
</bind>
</comp>

<comp id="216" class="1001" name="const_216">
<pin_list>
<pin id="217" dir="1" index="0" bw="1" slack="0"/>
</pin_list>
<bind>
<StgValue><ssdm name="_ssdm_op_Write.ap_auto.i512P0A"/></StgValue>
</bind>
</comp>

<comp id="218" class="1004" name="beat_fu_218">
<pin_list>
<pin id="219" dir="0" index="0" bw="1" slack="0"/>
<pin id="220" dir="1" index="1" bw="512" slack="0"/>
</pin_list>
<bind>
<opcode="alloca(26) " fcode="alloca"/>
<opset="beat/1 "/>
</bind>
</comp>

<comp id="222" class="1004" name="x_fu_222">
<pin_list>
<pin id="223" dir="0" index="0" bw="1" slack="0"/>
<pin id="224" dir="1" index="1" bw="3" slack="0"/>
</pin_list>
<bind>
<opcode="alloca(26) " fcode="alloca"/>
<opset="x/1 "/>
</bind>
</comp>

<comp id="226" class="1004" name="y_fu_226">
<pin_list>
<pin id="227" dir="0" index="0" bw="1" slack="0"/>
<pin id="228" dir="1" index="1" bw="3" slack="0"/>
</pin_list>
<bind>
<opcode="alloca(26) " fcode="alloca"/>
<opset="y/1 "/>
</bind>
</comp>

<comp id="230" class="1004" name="indvar_flatten43_fu_230">
<pin_list>
<pin id="231" dir="0" index="0" bw="1" slack="0"/>
<pin id="232" dir="1" index="1" bw="6" slack="0"/>
</pin_list>
<bind>
<opcode="alloca(26) " fcode="alloca"/>
<opset="indvar_flatten43/1 "/>
</bind>
</comp>

<comp id="234" class="1004" name="t_fu_234">
<pin_list>
<pin id="235" dir="0" index="0" bw="1" slack="0"/>
<pin id="236" dir="1" index="1" bw="3" slack="0"/>
</pin_list>
<bind>
<opcode="alloca(26) " fcode="alloca"/>
<opset="t/1 "/>
</bind>
</comp>

<comp id="238" class="1004" name="indvar_flatten58_fu_238">
<pin_list>
<pin id="239" dir="0" index="0" bw="1" slack="0"/>
<pin id="240" dir="1" index="1" bw="8" slack="0"/>
</pin_list>
<bind>
<opcode="alloca(26) " fcode="alloca"/>
<opset="indvar_flatten58/1 "/>
</bind>
</comp>

<comp id="242" class="1004" name="write_ln0_write_fu_242">
<pin_list>
<pin id="243" dir="0" index="0" bw="0" slack="0"/>
<pin id="244" dir="0" index="1" bw="512" slack="0"/>
<pin id="245" dir="0" index="2" bw="512" slack="0"/>
<pin id="246" dir="1" index="3" bw="0" slack="2147483647"/>
</pin_list>
<bind>
<opcode="write(1151) " fcode="write"/>
<opset="write_ln0/1 "/>
</bind>
</comp>

<comp id="249" class="1004" name="correction_addr_gep_fu_249">
<pin_list>
<pin id="250" dir="0" index="0" bw="1" slack="0"/>
<pin id="251" dir="0" index="1" bw="1" slack="0"/>
<pin id="252" dir="0" index="2" bw="2" slack="0"/>
<pin id="253" dir="1" index="3" bw="2" slack="0"/>
</pin_list>
<bind>
<opcode="getelementptr(29) " fcode="getelementptr"/>
<opset="correction_addr/1 "/>
</bind>
</comp>

<comp id="256" class="1004" name="correction_1_addr_gep_fu_256">
<pin_list>
<pin id="257" dir="0" index="0" bw="1" slack="0"/>
<pin id="258" dir="0" index="1" bw="1" slack="0"/>
<pin id="259" dir="0" index="2" bw="2" slack="0"/>
<pin id="260" dir="1" index="3" bw="2" slack="0"/>
</pin_list>
<bind>
<opcode="getelementptr(29) " fcode="getelementptr"/>
<opset="correction_1_addr/1 "/>
</bind>
</comp>

<comp id="263" class="1004" name="correction_2_addr_gep_fu_263">
<pin_list>
<pin id="264" dir="0" index="0" bw="1" slack="0"/>
<pin id="265" dir="0" index="1" bw="1" slack="0"/>
<pin id="266" dir="0" index="2" bw="2" slack="0"/>
<pin id="267" dir="1" index="3" bw="2" slack="0"/>
</pin_list>
<bind>
<opcode="getelementptr(29) " fcode="getelementptr"/>
<opset="correction_2_addr/1 "/>
</bind>
</comp>

<comp id="270" class="1004" name="correction_3_addr_gep_fu_270">
<pin_list>
<pin id="271" dir="0" index="0" bw="1" slack="0"/>
<pin id="272" dir="0" index="1" bw="1" slack="0"/>
<pin id="273" dir="0" index="2" bw="2" slack="0"/>
<pin id="274" dir="1" index="3" bw="2" slack="0"/>
</pin_list>
<bind>
<opcode="getelementptr(29) " fcode="getelementptr"/>
<opset="correction_3_addr/1 "/>
</bind>
</comp>

<comp id="277" class="1004" name="correction_4_addr_gep_fu_277">
<pin_list>
<pin id="278" dir="0" index="0" bw="1" slack="0"/>
<pin id="279" dir="0" index="1" bw="1" slack="0"/>
<pin id="280" dir="0" index="2" bw="2" slack="0"/>
<pin id="281" dir="1" index="3" bw="2" slack="0"/>
</pin_list>
<bind>
<opcode="getelementptr(29) " fcode="getelementptr"/>
<opset="correction_4_addr/1 "/>
</bind>
</comp>

<comp id="284" class="1004" name="correction_5_addr_gep_fu_284">
<pin_list>
<pin id="285" dir="0" index="0" bw="1" slack="0"/>
<pin id="286" dir="0" index="1" bw="1" slack="0"/>
<pin id="287" dir="0" index="2" bw="2" slack="0"/>
<pin id="288" dir="1" index="3" bw="2" slack="0"/>
</pin_list>
<bind>
<opcode="getelementptr(29) " fcode="getelementptr"/>
<opset="correction_5_addr/1 "/>
</bind>
</comp>

<comp id="291" class="1004" name="correction_6_addr_gep_fu_291">
<pin_list>
<pin id="292" dir="0" index="0" bw="1" slack="0"/>
<pin id="293" dir="0" index="1" bw="1" slack="0"/>
<pin id="294" dir="0" index="2" bw="2" slack="0"/>
<pin id="295" dir="1" index="3" bw="2" slack="0"/>
</pin_list>
<bind>
<opcode="getelementptr(29) " fcode="getelementptr"/>
<opset="correction_6_addr/1 "/>
</bind>
</comp>

<comp id="298" class="1004" name="correction_7_addr_gep_fu_298">
<pin_list>
<pin id="299" dir="0" index="0" bw="1" slack="0"/>
<pin id="300" dir="0" index="1" bw="1" slack="0"/>
<pin id="301" dir="0" index="2" bw="2" slack="0"/>
<pin id="302" dir="1" index="3" bw="2" slack="0"/>
</pin_list>
<bind>
<opcode="getelementptr(29) " fcode="getelementptr"/>
<opset="correction_7_addr/1 "/>
</bind>
</comp>

<comp id="305" class="1004" name="correction_8_addr_gep_fu_305">
<pin_list>
<pin id="306" dir="0" index="0" bw="1" slack="0"/>
<pin id="307" dir="0" index="1" bw="1" slack="0"/>
<pin id="308" dir="0" index="2" bw="2" slack="0"/>
<pin id="309" dir="1" index="3" bw="2" slack="0"/>
</pin_list>
<bind>
<opcode="getelementptr(29) " fcode="getelementptr"/>
<opset="correction_8_addr/1 "/>
</bind>
</comp>

<comp id="312" class="1004" name="correction_9_addr_gep_fu_312">
<pin_list>
<pin id="313" dir="0" index="0" bw="1" slack="0"/>
<pin id="314" dir="0" index="1" bw="1" slack="0"/>
<pin id="315" dir="0" index="2" bw="2" slack="0"/>
<pin id="316" dir="1" index="3" bw="2" slack="0"/>
</pin_list>
<bind>
<opcode="getelementptr(29) " fcode="getelementptr"/>
<opset="correction_9_addr/1 "/>
</bind>
</comp>

<comp id="319" class="1004" name="correction_10_addr_gep_fu_319">
<pin_list>
<pin id="320" dir="0" index="0" bw="1" slack="0"/>
<pin id="321" dir="0" index="1" bw="1" slack="0"/>
<pin id="322" dir="0" index="2" bw="2" slack="0"/>
<pin id="323" dir="1" index="3" bw="2" slack="0"/>
</pin_list>
<bind>
<opcode="getelementptr(29) " fcode="getelementptr"/>
<opset="correction_10_addr/1 "/>
</bind>
</comp>

<comp id="326" class="1004" name="correction_11_addr_gep_fu_326">
<pin_list>
<pin id="327" dir="0" index="0" bw="1" slack="0"/>
<pin id="328" dir="0" index="1" bw="1" slack="0"/>
<pin id="329" dir="0" index="2" bw="2" slack="0"/>
<pin id="330" dir="1" index="3" bw="2" slack="0"/>
</pin_list>
<bind>
<opcode="getelementptr(29) " fcode="getelementptr"/>
<opset="correction_11_addr/1 "/>
</bind>
</comp>

<comp id="333" class="1004" name="correction_12_addr_gep_fu_333">
<pin_list>
<pin id="334" dir="0" index="0" bw="1" slack="0"/>
<pin id="335" dir="0" index="1" bw="1" slack="0"/>
<pin id="336" dir="0" index="2" bw="2" slack="0"/>
<pin id="337" dir="1" index="3" bw="2" slack="0"/>
</pin_list>
<bind>
<opcode="getelementptr(29) " fcode="getelementptr"/>
<opset="correction_12_addr/1 "/>
</bind>
</comp>

<comp id="340" class="1004" name="correction_13_addr_gep_fu_340">
<pin_list>
<pin id="341" dir="0" index="0" bw="1" slack="0"/>
<pin id="342" dir="0" index="1" bw="1" slack="0"/>
<pin id="343" dir="0" index="2" bw="2" slack="0"/>
<pin id="344" dir="1" index="3" bw="2" slack="0"/>
</pin_list>
<bind>
<opcode="getelementptr(29) " fcode="getelementptr"/>
<opset="correction_13_addr/1 "/>
</bind>
</comp>

<comp id="347" class="1004" name="correction_14_addr_gep_fu_347">
<pin_list>
<pin id="348" dir="0" index="0" bw="1" slack="0"/>
<pin id="349" dir="0" index="1" bw="1" slack="0"/>
<pin id="350" dir="0" index="2" bw="2" slack="0"/>
<pin id="351" dir="1" index="3" bw="2" slack="0"/>
</pin_list>
<bind>
<opcode="getelementptr(29) " fcode="getelementptr"/>
<opset="correction_14_addr/1 "/>
</bind>
</comp>

<comp id="354" class="1004" name="correction_15_addr_gep_fu_354">
<pin_list>
<pin id="355" dir="0" index="0" bw="1" slack="0"/>
<pin id="356" dir="0" index="1" bw="1" slack="0"/>
<pin id="357" dir="0" index="2" bw="2" slack="0"/>
<pin id="358" dir="1" index="3" bw="2" slack="0"/>
</pin_list>
<bind>
<opcode="getelementptr(29) " fcode="getelementptr"/>
<opset="correction_15_addr/1 "/>
</bind>
</comp>

<comp id="361" class="1004" name="correction_16_addr_gep_fu_361">
<pin_list>
<pin id="362" dir="0" index="0" bw="1" slack="0"/>
<pin id="363" dir="0" index="1" bw="1" slack="0"/>
<pin id="364" dir="0" index="2" bw="2" slack="0"/>
<pin id="365" dir="1" index="3" bw="2" slack="0"/>
</pin_list>
<bind>
<opcode="getelementptr(29) " fcode="getelementptr"/>
<opset="correction_16_addr/1 "/>
</bind>
</comp>

<comp id="368" class="1004" name="correction_17_addr_gep_fu_368">
<pin_list>
<pin id="369" dir="0" index="0" bw="1" slack="0"/>
<pin id="370" dir="0" index="1" bw="1" slack="0"/>
<pin id="371" dir="0" index="2" bw="2" slack="0"/>
<pin id="372" dir="1" index="3" bw="2" slack="0"/>
</pin_list>
<bind>
<opcode="getelementptr(29) " fcode="getelementptr"/>
<opset="correction_17_addr/1 "/>
</bind>
</comp>

<comp id="375" class="1004" name="correction_18_addr_gep_fu_375">
<pin_list>
<pin id="376" dir="0" index="0" bw="1" slack="0"/>
<pin id="377" dir="0" index="1" bw="1" slack="0"/>
<pin id="378" dir="0" index="2" bw="2" slack="0"/>
<pin id="379" dir="1" index="3" bw="2" slack="0"/>
</pin_list>
<bind>
<opcode="getelementptr(29) " fcode="getelementptr"/>
<opset="correction_18_addr/1 "/>
</bind>
</comp>

<comp id="382" class="1004" name="correction_19_addr_gep_fu_382">
<pin_list>
<pin id="383" dir="0" index="0" bw="1" slack="0"/>
<pin id="384" dir="0" index="1" bw="1" slack="0"/>
<pin id="385" dir="0" index="2" bw="2" slack="0"/>
<pin id="386" dir="1" index="3" bw="2" slack="0"/>
</pin_list>
<bind>
<opcode="getelementptr(29) " fcode="getelementptr"/>
<opset="correction_19_addr/1 "/>
</bind>
</comp>

<comp id="389" class="1004" name="correction_20_addr_gep_fu_389">
<pin_list>
<pin id="390" dir="0" index="0" bw="1" slack="0"/>
<pin id="391" dir="0" index="1" bw="1" slack="0"/>
<pin id="392" dir="0" index="2" bw="2" slack="0"/>
<pin id="393" dir="1" index="3" bw="2" slack="0"/>
</pin_list>
<bind>
<opcode="getelementptr(29) " fcode="getelementptr"/>
<opset="correction_20_addr/1 "/>
</bind>
</comp>

<comp id="396" class="1004" name="correction_21_addr_gep_fu_396">
<pin_list>
<pin id="397" dir="0" index="0" bw="1" slack="0"/>
<pin id="398" dir="0" index="1" bw="1" slack="0"/>
<pin id="399" dir="0" index="2" bw="2" slack="0"/>
<pin id="400" dir="1" index="3" bw="2" slack="0"/>
</pin_list>
<bind>
<opcode="getelementptr(29) " fcode="getelementptr"/>
<opset="correction_21_addr/1 "/>
</bind>
</comp>

<comp id="403" class="1004" name="correction_22_addr_gep_fu_403">
<pin_list>
<pin id="404" dir="0" index="0" bw="1" slack="0"/>
<pin id="405" dir="0" index="1" bw="1" slack="0"/>
<pin id="406" dir="0" index="2" bw="2" slack="0"/>
<pin id="407" dir="1" index="3" bw="2" slack="0"/>
</pin_list>
<bind>
<opcode="getelementptr(29) " fcode="getelementptr"/>
<opset="correction_22_addr/1 "/>
</bind>
</comp>

<comp id="410" class="1004" name="correction_23_addr_gep_fu_410">
<pin_list>
<pin id="411" dir="0" index="0" bw="1" slack="0"/>
<pin id="412" dir="0" index="1" bw="1" slack="0"/>
<pin id="413" dir="0" index="2" bw="2" slack="0"/>
<pin id="414" dir="1" index="3" bw="2" slack="0"/>
</pin_list>
<bind>
<opcode="getelementptr(29) " fcode="getelementptr"/>
<opset="correction_23_addr/1 "/>
</bind>
</comp>

<comp id="417" class="1004" name="correction_24_addr_gep_fu_417">
<pin_list>
<pin id="418" dir="0" index="0" bw="1" slack="0"/>
<pin id="419" dir="0" index="1" bw="1" slack="0"/>
<pin id="420" dir="0" index="2" bw="2" slack="0"/>
<pin id="421" dir="1" index="3" bw="2" slack="0"/>
</pin_list>
<bind>
<opcode="getelementptr(29) " fcode="getelementptr"/>
<opset="correction_24_addr/1 "/>
</bind>
</comp>

<comp id="424" class="1004" name="correction_25_addr_gep_fu_424">
<pin_list>
<pin id="425" dir="0" index="0" bw="1" slack="0"/>
<pin id="426" dir="0" index="1" bw="1" slack="0"/>
<pin id="427" dir="0" index="2" bw="2" slack="0"/>
<pin id="428" dir="1" index="3" bw="2" slack="0"/>
</pin_list>
<bind>
<opcode="getelementptr(29) " fcode="getelementptr"/>
<opset="correction_25_addr/1 "/>
</bind>
</comp>

<comp id="431" class="1004" name="correction_26_addr_gep_fu_431">
<pin_list>
<pin id="432" dir="0" index="0" bw="1" slack="0"/>
<pin id="433" dir="0" index="1" bw="1" slack="0"/>
<pin id="434" dir="0" index="2" bw="2" slack="0"/>
<pin id="435" dir="1" index="3" bw="2" slack="0"/>
</pin_list>
<bind>
<opcode="getelementptr(29) " fcode="getelementptr"/>
<opset="correction_26_addr/1 "/>
</bind>
</comp>

<comp id="438" class="1004" name="correction_27_addr_gep_fu_438">
<pin_list>
<pin id="439" dir="0" index="0" bw="1" slack="0"/>
<pin id="440" dir="0" index="1" bw="1" slack="0"/>
<pin id="441" dir="0" index="2" bw="2" slack="0"/>
<pin id="442" dir="1" index="3" bw="2" slack="0"/>
</pin_list>
<bind>
<opcode="getelementptr(29) " fcode="getelementptr"/>
<opset="correction_27_addr/1 "/>
</bind>
</comp>

<comp id="445" class="1004" name="correction_28_addr_gep_fu_445">
<pin_list>
<pin id="446" dir="0" index="0" bw="1" slack="0"/>
<pin id="447" dir="0" index="1" bw="1" slack="0"/>
<pin id="448" dir="0" index="2" bw="2" slack="0"/>
<pin id="449" dir="1" index="3" bw="2" slack="0"/>
</pin_list>
<bind>
<opcode="getelementptr(29) " fcode="getelementptr"/>
<opset="correction_28_addr/1 "/>
</bind>
</comp>

<comp id="452" class="1004" name="correction_29_addr_gep_fu_452">
<pin_list>
<pin id="453" dir="0" index="0" bw="1" slack="0"/>
<pin id="454" dir="0" index="1" bw="1" slack="0"/>
<pin id="455" dir="0" index="2" bw="2" slack="0"/>
<pin id="456" dir="1" index="3" bw="2" slack="0"/>
</pin_list>
<bind>
<opcode="getelementptr(29) " fcode="getelementptr"/>
<opset="correction_29_addr/1 "/>
</bind>
</comp>

<comp id="459" class="1004" name="correction_30_addr_gep_fu_459">
<pin_list>
<pin id="460" dir="0" index="0" bw="1" slack="0"/>
<pin id="461" dir="0" index="1" bw="1" slack="0"/>
<pin id="462" dir="0" index="2" bw="2" slack="0"/>
<pin id="463" dir="1" index="3" bw="2" slack="0"/>
</pin_list>
<bind>
<opcode="getelementptr(29) " fcode="getelementptr"/>
<opset="correction_30_addr/1 "/>
</bind>
</comp>

<comp id="466" class="1004" name="correction_31_addr_gep_fu_466">
<pin_list>
<pin id="467" dir="0" index="0" bw="1" slack="0"/>
<pin id="468" dir="0" index="1" bw="1" slack="0"/>
<pin id="469" dir="0" index="2" bw="2" slack="0"/>
<pin id="470" dir="1" index="3" bw="2" slack="0"/>
</pin_list>
<bind>
<opcode="getelementptr(29) " fcode="getelementptr"/>
<opset="correction_31_addr/1 "/>
</bind>
</comp>

<comp id="473" class="1004" name="correction_32_addr_gep_fu_473">
<pin_list>
<pin id="474" dir="0" index="0" bw="1" slack="0"/>
<pin id="475" dir="0" index="1" bw="1" slack="0"/>
<pin id="476" dir="0" index="2" bw="2" slack="0"/>
<pin id="477" dir="1" index="3" bw="2" slack="0"/>
</pin_list>
<bind>
<opcode="getelementptr(29) " fcode="getelementptr"/>
<opset="correction_32_addr/1 "/>
</bind>
</comp>

<comp id="480" class="1004" name="correction_33_addr_gep_fu_480">
<pin_list>
<pin id="481" dir="0" index="0" bw="1" slack="0"/>
<pin id="482" dir="0" index="1" bw="1" slack="0"/>
<pin id="483" dir="0" index="2" bw="2" slack="0"/>
<pin id="484" dir="1" index="3" bw="2" slack="0"/>
</pin_list>
<bind>
<opcode="getelementptr(29) " fcode="getelementptr"/>
<opset="correction_33_addr/1 "/>
</bind>
</comp>

<comp id="487" class="1004" name="correction_34_addr_gep_fu_487">
<pin_list>
<pin id="488" dir="0" index="0" bw="1" slack="0"/>
<pin id="489" dir="0" index="1" bw="1" slack="0"/>
<pin id="490" dir="0" index="2" bw="2" slack="0"/>
<pin id="491" dir="1" index="3" bw="2" slack="0"/>
</pin_list>
<bind>
<opcode="getelementptr(29) " fcode="getelementptr"/>
<opset="correction_34_addr/1 "/>
</bind>
</comp>

<comp id="494" class="1004" name="correction_35_addr_gep_fu_494">
<pin_list>
<pin id="495" dir="0" index="0" bw="1" slack="0"/>
<pin id="496" dir="0" index="1" bw="1" slack="0"/>
<pin id="497" dir="0" index="2" bw="2" slack="0"/>
<pin id="498" dir="1" index="3" bw="2" slack="0"/>
</pin_list>
<bind>
<opcode="getelementptr(29) " fcode="getelementptr"/>
<opset="correction_35_addr/1 "/>
</bind>
</comp>

<comp id="501" class="1004" name="correction_36_addr_gep_fu_501">
<pin_list>
<pin id="502" dir="0" index="0" bw="1" slack="0"/>
<pin id="503" dir="0" index="1" bw="1" slack="0"/>
<pin id="504" dir="0" index="2" bw="2" slack="0"/>
<pin id="505" dir="1" index="3" bw="2" slack="0"/>
</pin_list>
<bind>
<opcode="getelementptr(29) " fcode="getelementptr"/>
<opset="correction_36_addr/1 "/>
</bind>
</comp>

<comp id="508" class="1004" name="correction_37_addr_gep_fu_508">
<pin_list>
<pin id="509" dir="0" index="0" bw="1" slack="0"/>
<pin id="510" dir="0" index="1" bw="1" slack="0"/>
<pin id="511" dir="0" index="2" bw="2" slack="0"/>
<pin id="512" dir="1" index="3" bw="2" slack="0"/>
</pin_list>
<bind>
<opcode="getelementptr(29) " fcode="getelementptr"/>
<opset="correction_37_addr/1 "/>
</bind>
</comp>

<comp id="515" class="1004" name="correction_38_addr_gep_fu_515">
<pin_list>
<pin id="516" dir="0" index="0" bw="1" slack="0"/>
<pin id="517" dir="0" index="1" bw="1" slack="0"/>
<pin id="518" dir="0" index="2" bw="2" slack="0"/>
<pin id="519" dir="1" index="3" bw="2" slack="0"/>
</pin_list>
<bind>
<opcode="getelementptr(29) " fcode="getelementptr"/>
<opset="correction_38_addr/1 "/>
</bind>
</comp>

<comp id="522" class="1004" name="correction_39_addr_gep_fu_522">
<pin_list>
<pin id="523" dir="0" index="0" bw="1" slack="0"/>
<pin id="524" dir="0" index="1" bw="1" slack="0"/>
<pin id="525" dir="0" index="2" bw="2" slack="0"/>
<pin id="526" dir="1" index="3" bw="2" slack="0"/>
</pin_list>
<bind>
<opcode="getelementptr(29) " fcode="getelementptr"/>
<opset="correction_39_addr/1 "/>
</bind>
</comp>

<comp id="529" class="1004" name="correction_40_addr_gep_fu_529">
<pin_list>
<pin id="530" dir="0" index="0" bw="1" slack="0"/>
<pin id="531" dir="0" index="1" bw="1" slack="0"/>
<pin id="532" dir="0" index="2" bw="2" slack="0"/>
<pin id="533" dir="1" index="3" bw="2" slack="0"/>
</pin_list>
<bind>
<opcode="getelementptr(29) " fcode="getelementptr"/>
<opset="correction_40_addr/1 "/>
</bind>
</comp>

<comp id="536" class="1004" name="correction_41_addr_gep_fu_536">
<pin_list>
<pin id="537" dir="0" index="0" bw="1" slack="0"/>
<pin id="538" dir="0" index="1" bw="1" slack="0"/>
<pin id="539" dir="0" index="2" bw="2" slack="0"/>
<pin id="540" dir="1" index="3" bw="2" slack="0"/>
</pin_list>
<bind>
<opcode="getelementptr(29) " fcode="getelementptr"/>
<opset="correction_41_addr/1 "/>
</bind>
</comp>

<comp id="543" class="1004" name="correction_42_addr_gep_fu_543">
<pin_list>
<pin id="544" dir="0" index="0" bw="1" slack="0"/>
<pin id="545" dir="0" index="1" bw="1" slack="0"/>
<pin id="546" dir="0" index="2" bw="2" slack="0"/>
<pin id="547" dir="1" index="3" bw="2" slack="0"/>
</pin_list>
<bind>
<opcode="getelementptr(29) " fcode="getelementptr"/>
<opset="correction_42_addr/1 "/>
</bind>
</comp>

<comp id="550" class="1004" name="correction_43_addr_gep_fu_550">
<pin_list>
<pin id="551" dir="0" index="0" bw="1" slack="0"/>
<pin id="552" dir="0" index="1" bw="1" slack="0"/>
<pin id="553" dir="0" index="2" bw="2" slack="0"/>
<pin id="554" dir="1" index="3" bw="2" slack="0"/>
</pin_list>
<bind>
<opcode="getelementptr(29) " fcode="getelementptr"/>
<opset="correction_43_addr/1 "/>
</bind>
</comp>

<comp id="557" class="1004" name="correction_44_addr_gep_fu_557">
<pin_list>
<pin id="558" dir="0" index="0" bw="1" slack="0"/>
<pin id="559" dir="0" index="1" bw="1" slack="0"/>
<pin id="560" dir="0" index="2" bw="2" slack="0"/>
<pin id="561" dir="1" index="3" bw="2" slack="0"/>
</pin_list>
<bind>
<opcode="getelementptr(29) " fcode="getelementptr"/>
<opset="correction_44_addr/1 "/>
</bind>
</comp>

<comp id="564" class="1004" name="correction_45_addr_gep_fu_564">
<pin_list>
<pin id="565" dir="0" index="0" bw="1" slack="0"/>
<pin id="566" dir="0" index="1" bw="1" slack="0"/>
<pin id="567" dir="0" index="2" bw="2" slack="0"/>
<pin id="568" dir="1" index="3" bw="2" slack="0"/>
</pin_list>
<bind>
<opcode="getelementptr(29) " fcode="getelementptr"/>
<opset="correction_45_addr/1 "/>
</bind>
</comp>

<comp id="571" class="1004" name="correction_46_addr_gep_fu_571">
<pin_list>
<pin id="572" dir="0" index="0" bw="1" slack="0"/>
<pin id="573" dir="0" index="1" bw="1" slack="0"/>
<pin id="574" dir="0" index="2" bw="2" slack="0"/>
<pin id="575" dir="1" index="3" bw="2" slack="0"/>
</pin_list>
<bind>
<opcode="getelementptr(29) " fcode="getelementptr"/>
<opset="correction_46_addr/1 "/>
</bind>
</comp>

<comp id="578" class="1004" name="correction_47_addr_gep_fu_578">
<pin_list>
<pin id="579" dir="0" index="0" bw="1" slack="0"/>
<pin id="580" dir="0" index="1" bw="1" slack="0"/>
<pin id="581" dir="0" index="2" bw="2" slack="0"/>
<pin id="582" dir="1" index="3" bw="2" slack="0"/>
</pin_list>
<bind>
<opcode="getelementptr(29) " fcode="getelementptr"/>
<opset="correction_47_addr/1 "/>
</bind>
</comp>

<comp id="585" class="1004" name="correction_48_addr_gep_fu_585">
<pin_list>
<pin id="586" dir="0" index="0" bw="1" slack="0"/>
<pin id="587" dir="0" index="1" bw="1" slack="0"/>
<pin id="588" dir="0" index="2" bw="2" slack="0"/>
<pin id="589" dir="1" index="3" bw="2" slack="0"/>
</pin_list>
<bind>
<opcode="getelementptr(29) " fcode="getelementptr"/>
<opset="correction_48_addr/1 "/>
</bind>
</comp>

<comp id="592" class="1004" name="correction_49_addr_gep_fu_592">
<pin_list>
<pin id="593" dir="0" index="0" bw="1" slack="0"/>
<pin id="594" dir="0" index="1" bw="1" slack="0"/>
<pin id="595" dir="0" index="2" bw="2" slack="0"/>
<pin id="596" dir="1" index="3" bw="2" slack="0"/>
</pin_list>
<bind>
<opcode="getelementptr(29) " fcode="getelementptr"/>
<opset="correction_49_addr/1 "/>
</bind>
</comp>

<comp id="599" class="1004" name="correction_50_addr_gep_fu_599">
<pin_list>
<pin id="600" dir="0" index="0" bw="1" slack="0"/>
<pin id="601" dir="0" index="1" bw="1" slack="0"/>
<pin id="602" dir="0" index="2" bw="2" slack="0"/>
<pin id="603" dir="1" index="3" bw="2" slack="0"/>
</pin_list>
<bind>
<opcode="getelementptr(29) " fcode="getelementptr"/>
<opset="correction_50_addr/1 "/>
</bind>
</comp>

<comp id="606" class="1004" name="correction_51_addr_gep_fu_606">
<pin_list>
<pin id="607" dir="0" index="0" bw="1" slack="0"/>
<pin id="608" dir="0" index="1" bw="1" slack="0"/>
<pin id="609" dir="0" index="2" bw="2" slack="0"/>
<pin id="610" dir="1" index="3" bw="2" slack="0"/>
</pin_list>
<bind>
<opcode="getelementptr(29) " fcode="getelementptr"/>
<opset="correction_51_addr/1 "/>
</bind>
</comp>

<comp id="613" class="1004" name="correction_52_addr_gep_fu_613">
<pin_list>
<pin id="614" dir="0" index="0" bw="1" slack="0"/>
<pin id="615" dir="0" index="1" bw="1" slack="0"/>
<pin id="616" dir="0" index="2" bw="2" slack="0"/>
<pin id="617" dir="1" index="3" bw="2" slack="0"/>
</pin_list>
<bind>
<opcode="getelementptr(29) " fcode="getelementptr"/>
<opset="correction_52_addr/1 "/>
</bind>
</comp>

<comp id="620" class="1004" name="correction_53_addr_gep_fu_620">
<pin_list>
<pin id="621" dir="0" index="0" bw="1" slack="0"/>
<pin id="622" dir="0" index="1" bw="1" slack="0"/>
<pin id="623" dir="0" index="2" bw="2" slack="0"/>
<pin id="624" dir="1" index="3" bw="2" slack="0"/>
</pin_list>
<bind>
<opcode="getelementptr(29) " fcode="getelementptr"/>
<opset="correction_53_addr/1 "/>
</bind>
</comp>

<comp id="627" class="1004" name="correction_54_addr_gep_fu_627">
<pin_list>
<pin id="628" dir="0" index="0" bw="1" slack="0"/>
<pin id="629" dir="0" index="1" bw="1" slack="0"/>
<pin id="630" dir="0" index="2" bw="2" slack="0"/>
<pin id="631" dir="1" index="3" bw="2" slack="0"/>
</pin_list>
<bind>
<opcode="getelementptr(29) " fcode="getelementptr"/>
<opset="correction_54_addr/1 "/>
</bind>
</comp>

<comp id="634" class="1004" name="correction_55_addr_gep_fu_634">
<pin_list>
<pin id="635" dir="0" index="0" bw="1" slack="0"/>
<pin id="636" dir="0" index="1" bw="1" slack="0"/>
<pin id="637" dir="0" index="2" bw="2" slack="0"/>
<pin id="638" dir="1" index="3" bw="2" slack="0"/>
</pin_list>
<bind>
<opcode="getelementptr(29) " fcode="getelementptr"/>
<opset="correction_55_addr/1 "/>
</bind>
</comp>

<comp id="641" class="1004" name="correction_56_addr_gep_fu_641">
<pin_list>
<pin id="642" dir="0" index="0" bw="1" slack="0"/>
<pin id="643" dir="0" index="1" bw="1" slack="0"/>
<pin id="644" dir="0" index="2" bw="2" slack="0"/>
<pin id="645" dir="1" index="3" bw="2" slack="0"/>
</pin_list>
<bind>
<opcode="getelementptr(29) " fcode="getelementptr"/>
<opset="correction_56_addr/1 "/>
</bind>
</comp>

<comp id="648" class="1004" name="correction_57_addr_gep_fu_648">
<pin_list>
<pin id="649" dir="0" index="0" bw="1" slack="0"/>
<pin id="650" dir="0" index="1" bw="1" slack="0"/>
<pin id="651" dir="0" index="2" bw="2" slack="0"/>
<pin id="652" dir="1" index="3" bw="2" slack="0"/>
</pin_list>
<bind>
<opcode="getelementptr(29) " fcode="getelementptr"/>
<opset="correction_57_addr/1 "/>
</bind>
</comp>

<comp id="655" class="1004" name="correction_58_addr_gep_fu_655">
<pin_list>
<pin id="656" dir="0" index="0" bw="1" slack="0"/>
<pin id="657" dir="0" index="1" bw="1" slack="0"/>
<pin id="658" dir="0" index="2" bw="2" slack="0"/>
<pin id="659" dir="1" index="3" bw="2" slack="0"/>
</pin_list>
<bind>
<opcode="getelementptr(29) " fcode="getelementptr"/>
<opset="correction_58_addr/1 "/>
</bind>
</comp>

<comp id="662" class="1004" name="correction_59_addr_gep_fu_662">
<pin_list>
<pin id="663" dir="0" index="0" bw="1" slack="0"/>
<pin id="664" dir="0" index="1" bw="1" slack="0"/>
<pin id="665" dir="0" index="2" bw="2" slack="0"/>
<pin id="666" dir="1" index="3" bw="2" slack="0"/>
</pin_list>
<bind>
<opcode="getelementptr(29) " fcode="getelementptr"/>
<opset="correction_59_addr/1 "/>
</bind>
</comp>

<comp id="669" class="1004" name="correction_60_addr_gep_fu_669">
<pin_list>
<pin id="670" dir="0" index="0" bw="1" slack="0"/>
<pin id="671" dir="0" index="1" bw="1" slack="0"/>
<pin id="672" dir="0" index="2" bw="2" slack="0"/>
<pin id="673" dir="1" index="3" bw="2" slack="0"/>
</pin_list>
<bind>
<opcode="getelementptr(29) " fcode="getelementptr"/>
<opset="correction_60_addr/1 "/>
</bind>
</comp>

<comp id="676" class="1004" name="correction_61_addr_gep_fu_676">
<pin_list>
<pin id="677" dir="0" index="0" bw="1" slack="0"/>
<pin id="678" dir="0" index="1" bw="1" slack="0"/>
<pin id="679" dir="0" index="2" bw="2" slack="0"/>
<pin id="680" dir="1" index="3" bw="2" slack="0"/>
</pin_list>
<bind>
<opcode="getelementptr(29) " fcode="getelementptr"/>
<opset="correction_61_addr/1 "/>
</bind>
</comp>

<comp id="683" class="1004" name="correction_62_addr_gep_fu_683">
<pin_list>
<pin id="684" dir="0" index="0" bw="1" slack="0"/>
<pin id="685" dir="0" index="1" bw="1" slack="0"/>
<pin id="686" dir="0" index="2" bw="2" slack="0"/>
<pin id="687" dir="1" index="3" bw="2" slack="0"/>
</pin_list>
<bind>
<opcode="getelementptr(29) " fcode="getelementptr"/>
<opset="correction_62_addr/1 "/>
</bind>
</comp>

<comp id="690" class="1004" name="correction_63_addr_gep_fu_690">
<pin_list>
<pin id="691" dir="0" index="0" bw="1" slack="0"/>
<pin id="692" dir="0" index="1" bw="1" slack="0"/>
<pin id="693" dir="0" index="2" bw="2" slack="0"/>
<pin id="694" dir="1" index="3" bw="2" slack="0"/>
</pin_list>
<bind>
<opcode="getelementptr(29) " fcode="getelementptr"/>
<opset="correction_63_addr/1 "/>
</bind>
</comp>

<comp id="697" class="1004" name="correction_64_addr_gep_fu_697">
<pin_list>
<pin id="698" dir="0" index="0" bw="1" slack="0"/>
<pin id="699" dir="0" index="1" bw="1" slack="0"/>
<pin id="700" dir="0" index="2" bw="2" slack="0"/>
<pin id="701" dir="1" index="3" bw="2" slack="0"/>
</pin_list>
<bind>
<opcode="getelementptr(29) " fcode="getelementptr"/>
<opset="correction_64_addr/1 "/>
</bind>
</comp>

<comp id="704" class="1004" name="correction_65_addr_gep_fu_704">
<pin_list>
<pin id="705" dir="0" index="0" bw="1" slack="0"/>
<pin id="706" dir="0" index="1" bw="1" slack="0"/>
<pin id="707" dir="0" index="2" bw="2" slack="0"/>
<pin id="708" dir="1" index="3" bw="2" slack="0"/>
</pin_list>
<bind>
<opcode="getelementptr(29) " fcode="getelementptr"/>
<opset="correction_65_addr/1 "/>
</bind>
</comp>

<comp id="711" class="1004" name="correction_66_addr_gep_fu_711">
<pin_list>
<pin id="712" dir="0" index="0" bw="1" slack="0"/>
<pin id="713" dir="0" index="1" bw="1" slack="0"/>
<pin id="714" dir="0" index="2" bw="2" slack="0"/>
<pin id="715" dir="1" index="3" bw="2" slack="0"/>
</pin_list>
<bind>
<opcode="getelementptr(29) " fcode="getelementptr"/>
<opset="correction_66_addr/1 "/>
</bind>
</comp>

<comp id="718" class="1004" name="correction_67_addr_gep_fu_718">
<pin_list>
<pin id="719" dir="0" index="0" bw="1" slack="0"/>
<pin id="720" dir="0" index="1" bw="1" slack="0"/>
<pin id="721" dir="0" index="2" bw="2" slack="0"/>
<pin id="722" dir="1" index="3" bw="2" slack="0"/>
</pin_list>
<bind>
<opcode="getelementptr(29) " fcode="getelementptr"/>
<opset="correction_67_addr/1 "/>
</bind>
</comp>

<comp id="725" class="1004" name="correction_68_addr_gep_fu_725">
<pin_list>
<pin id="726" dir="0" index="0" bw="1" slack="0"/>
<pin id="727" dir="0" index="1" bw="1" slack="0"/>
<pin id="728" dir="0" index="2" bw="2" slack="0"/>
<pin id="729" dir="1" index="3" bw="2" slack="0"/>
</pin_list>
<bind>
<opcode="getelementptr(29) " fcode="getelementptr"/>
<opset="correction_68_addr/1 "/>
</bind>
</comp>

<comp id="732" class="1004" name="correction_69_addr_gep_fu_732">
<pin_list>
<pin id="733" dir="0" index="0" bw="1" slack="0"/>
<pin id="734" dir="0" index="1" bw="1" slack="0"/>
<pin id="735" dir="0" index="2" bw="2" slack="0"/>
<pin id="736" dir="1" index="3" bw="2" slack="0"/>
</pin_list>
<bind>
<opcode="getelementptr(29) " fcode="getelementptr"/>
<opset="correction_69_addr/1 "/>
</bind>
</comp>

<comp id="739" class="1004" name="correction_70_addr_gep_fu_739">
<pin_list>
<pin id="740" dir="0" index="0" bw="1" slack="0"/>
<pin id="741" dir="0" index="1" bw="1" slack="0"/>
<pin id="742" dir="0" index="2" bw="2" slack="0"/>
<pin id="743" dir="1" index="3" bw="2" slack="0"/>
</pin_list>
<bind>
<opcode="getelementptr(29) " fcode="getelementptr"/>
<opset="correction_70_addr/1 "/>
</bind>
</comp>

<comp id="746" class="1004" name="correction_71_addr_gep_fu_746">
<pin_list>
<pin id="747" dir="0" index="0" bw="1" slack="0"/>
<pin id="748" dir="0" index="1" bw="1" slack="0"/>
<pin id="749" dir="0" index="2" bw="2" slack="0"/>
<pin id="750" dir="1" index="3" bw="2" slack="0"/>
</pin_list>
<bind>
<opcode="getelementptr(29) " fcode="getelementptr"/>
<opset="correction_71_addr/1 "/>
</bind>
</comp>

<comp id="753" class="1004" name="grp_access_fu_753">
<pin_list>
<pin id="754" dir="0" index="0" bw="2" slack="0"/>
<pin id="755" dir="0" index="1" bw="1" slack="2147483647"/>
<pin id="756" dir="0" index="2" bw="0" slack="2147483647"/>
<pin id="757" dir="1" index="3" bw="1" slack="0"/>
</pin_list>
<bind>
<opcode="load(27) " fcode="load"/>
<opset="correction_load/1 "/>
</bind>
</comp>

<comp id="759" class="1004" name="grp_access_fu_759">
<pin_list>
<pin id="760" dir="0" index="0" bw="2" slack="0"/>
<pin id="761" dir="0" index="1" bw="1" slack="2147483647"/>
<pin id="762" dir="0" index="2" bw="0" slack="2147483647"/>
<pin id="763" dir="1" index="3" bw="1" slack="0"/>
</pin_list>
<bind>
<opcode="load(27) " fcode="load"/>
<opset="correction_1_load/1 "/>
</bind>
</comp>

<comp id="765" class="1004" name="grp_access_fu_765">
<pin_list>
<pin id="766" dir="0" index="0" bw="2" slack="0"/>
<pin id="767" dir="0" index="1" bw="1" slack="2147483647"/>
<pin id="768" dir="0" index="2" bw="0" slack="2147483647"/>
<pin id="769" dir="1" index="3" bw="1" slack="0"/>
</pin_list>
<bind>
<opcode="load(27) " fcode="load"/>
<opset="correction_2_load/1 "/>
</bind>
</comp>

<comp id="771" class="1004" name="grp_access_fu_771">
<pin_list>
<pin id="772" dir="0" index="0" bw="2" slack="0"/>
<pin id="773" dir="0" index="1" bw="1" slack="2147483647"/>
<pin id="774" dir="0" index="2" bw="0" slack="2147483647"/>
<pin id="775" dir="1" index="3" bw="1" slack="0"/>
</pin_list>
<bind>
<opcode="load(27) " fcode="load"/>
<opset="correction_3_load/1 "/>
</bind>
</comp>

<comp id="777" class="1004" name="grp_access_fu_777">
<pin_list>
<pin id="778" dir="0" index="0" bw="2" slack="0"/>
<pin id="779" dir="0" index="1" bw="1" slack="2147483647"/>
<pin id="780" dir="0" index="2" bw="0" slack="2147483647"/>
<pin id="781" dir="1" index="3" bw="1" slack="0"/>
</pin_list>
<bind>
<opcode="load(27) " fcode="load"/>
<opset="correction_4_load/1 "/>
</bind>
</comp>

<comp id="783" class="1004" name="grp_access_fu_783">
<pin_list>
<pin id="784" dir="0" index="0" bw="2" slack="0"/>
<pin id="785" dir="0" index="1" bw="1" slack="2147483647"/>
<pin id="786" dir="0" index="2" bw="0" slack="2147483647"/>
<pin id="787" dir="1" index="3" bw="1" slack="0"/>
</pin_list>
<bind>
<opcode="load(27) " fcode="load"/>
<opset="correction_5_load/1 "/>
</bind>
</comp>

<comp id="789" class="1004" name="grp_access_fu_789">
<pin_list>
<pin id="790" dir="0" index="0" bw="2" slack="0"/>
<pin id="791" dir="0" index="1" bw="1" slack="2147483647"/>
<pin id="792" dir="0" index="2" bw="0" slack="2147483647"/>
<pin id="793" dir="1" index="3" bw="1" slack="0"/>
</pin_list>
<bind>
<opcode="load(27) " fcode="load"/>
<opset="correction_6_load/1 "/>
</bind>
</comp>

<comp id="795" class="1004" name="grp_access_fu_795">
<pin_list>
<pin id="796" dir="0" index="0" bw="2" slack="0"/>
<pin id="797" dir="0" index="1" bw="1" slack="2147483647"/>
<pin id="798" dir="0" index="2" bw="0" slack="2147483647"/>
<pin id="799" dir="1" index="3" bw="1" slack="0"/>
</pin_list>
<bind>
<opcode="load(27) " fcode="load"/>
<opset="correction_7_load/1 "/>
</bind>
</comp>

<comp id="801" class="1004" name="grp_access_fu_801">
<pin_list>
<pin id="802" dir="0" index="0" bw="2" slack="0"/>
<pin id="803" dir="0" index="1" bw="1" slack="2147483647"/>
<pin id="804" dir="0" index="2" bw="0" slack="2147483647"/>
<pin id="805" dir="1" index="3" bw="1" slack="0"/>
</pin_list>
<bind>
<opcode="load(27) " fcode="load"/>
<opset="correction_8_load/1 "/>
</bind>
</comp>

<comp id="807" class="1004" name="grp_access_fu_807">
<pin_list>
<pin id="808" dir="0" index="0" bw="2" slack="0"/>
<pin id="809" dir="0" index="1" bw="1" slack="2147483647"/>
<pin id="810" dir="0" index="2" bw="0" slack="2147483647"/>
<pin id="811" dir="1" index="3" bw="1" slack="0"/>
</pin_list>
<bind>
<opcode="load(27) " fcode="load"/>
<opset="correction_9_load/1 "/>
</bind>
</comp>

<comp id="813" class="1004" name="grp_access_fu_813">
<pin_list>
<pin id="814" dir="0" index="0" bw="2" slack="0"/>
<pin id="815" dir="0" index="1" bw="1" slack="2147483647"/>
<pin id="816" dir="0" index="2" bw="0" slack="2147483647"/>
<pin id="817" dir="1" index="3" bw="1" slack="0"/>
</pin_list>
<bind>
<opcode="load(27) " fcode="load"/>
<opset="correction_10_load/1 "/>
</bind>
</comp>

<comp id="819" class="1004" name="grp_access_fu_819">
<pin_list>
<pin id="820" dir="0" index="0" bw="2" slack="0"/>
<pin id="821" dir="0" index="1" bw="1" slack="2147483647"/>
<pin id="822" dir="0" index="2" bw="0" slack="2147483647"/>
<pin id="823" dir="1" index="3" bw="1" slack="0"/>
</pin_list>
<bind>
<opcode="load(27) " fcode="load"/>
<opset="correction_11_load/1 "/>
</bind>
</comp>

<comp id="825" class="1004" name="grp_access_fu_825">
<pin_list>
<pin id="826" dir="0" index="0" bw="2" slack="0"/>
<pin id="827" dir="0" index="1" bw="1" slack="2147483647"/>
<pin id="828" dir="0" index="2" bw="0" slack="2147483647"/>
<pin id="829" dir="1" index="3" bw="1" slack="0"/>
</pin_list>
<bind>
<opcode="load(27) " fcode="load"/>
<opset="correction_12_load/1 "/>
</bind>
</comp>

<comp id="831" class="1004" name="grp_access_fu_831">
<pin_list>
<pin id="832" dir="0" index="0" bw="2" slack="0"/>
<pin id="833" dir="0" index="1" bw="1" slack="2147483647"/>
<pin id="834" dir="0" index="2" bw="0" slack="2147483647"/>
<pin id="835" dir="1" index="3" bw="1" slack="0"/>
</pin_list>
<bind>
<opcode="load(27) " fcode="load"/>
<opset="correction_13_load/1 "/>
</bind>
</comp>

<comp id="837" class="1004" name="grp_access_fu_837">
<pin_list>
<pin id="838" dir="0" index="0" bw="2" slack="0"/>
<pin id="839" dir="0" index="1" bw="1" slack="2147483647"/>
<pin id="840" dir="0" index="2" bw="0" slack="2147483647"/>
<pin id="841" dir="1" index="3" bw="1" slack="0"/>
</pin_list>
<bind>
<opcode="load(27) " fcode="load"/>
<opset="correction_14_load/1 "/>
</bind>
</comp>

<comp id="843" class="1004" name="grp_access_fu_843">
<pin_list>
<pin id="844" dir="0" index="0" bw="2" slack="0"/>
<pin id="845" dir="0" index="1" bw="1" slack="2147483647"/>
<pin id="846" dir="0" index="2" bw="0" slack="2147483647"/>
<pin id="847" dir="1" index="3" bw="1" slack="0"/>
</pin_list>
<bind>
<opcode="load(27) " fcode="load"/>
<opset="correction_15_load/1 "/>
</bind>
</comp>

<comp id="849" class="1004" name="grp_access_fu_849">
<pin_list>
<pin id="850" dir="0" index="0" bw="2" slack="0"/>
<pin id="851" dir="0" index="1" bw="1" slack="2147483647"/>
<pin id="852" dir="0" index="2" bw="0" slack="2147483647"/>
<pin id="853" dir="1" index="3" bw="1" slack="0"/>
</pin_list>
<bind>
<opcode="load(27) " fcode="load"/>
<opset="correction_16_load/1 "/>
</bind>
</comp>

<comp id="855" class="1004" name="grp_access_fu_855">
<pin_list>
<pin id="856" dir="0" index="0" bw="2" slack="0"/>
<pin id="857" dir="0" index="1" bw="1" slack="2147483647"/>
<pin id="858" dir="0" index="2" bw="0" slack="2147483647"/>
<pin id="859" dir="1" index="3" bw="1" slack="0"/>
</pin_list>
<bind>
<opcode="load(27) " fcode="load"/>
<opset="correction_17_load/1 "/>
</bind>
</comp>

<comp id="861" class="1004" name="grp_access_fu_861">
<pin_list>
<pin id="862" dir="0" index="0" bw="2" slack="0"/>
<pin id="863" dir="0" index="1" bw="1" slack="2147483647"/>
<pin id="864" dir="0" index="2" bw="0" slack="2147483647"/>
<pin id="865" dir="1" index="3" bw="1" slack="0"/>
</pin_list>
<bind>
<opcode="load(27) " fcode="load"/>
<opset="correction_18_load/1 "/>
</bind>
</comp>

<comp id="867" class="1004" name="grp_access_fu_867">
<pin_list>
<pin id="868" dir="0" index="0" bw="2" slack="0"/>
<pin id="869" dir="0" index="1" bw="1" slack="2147483647"/>
<pin id="870" dir="0" index="2" bw="0" slack="2147483647"/>
<pin id="871" dir="1" index="3" bw="1" slack="0"/>
</pin_list>
<bind>
<opcode="load(27) " fcode="load"/>
<opset="correction_19_load/1 "/>
</bind>
</comp>

<comp id="873" class="1004" name="grp_access_fu_873">
<pin_list>
<pin id="874" dir="0" index="0" bw="2" slack="0"/>
<pin id="875" dir="0" index="1" bw="1" slack="2147483647"/>
<pin id="876" dir="0" index="2" bw="0" slack="2147483647"/>
<pin id="877" dir="1" index="3" bw="1" slack="0"/>
</pin_list>
<bind>
<opcode="load(27) " fcode="load"/>
<opset="correction_20_load/1 "/>
</bind>
</comp>

<comp id="879" class="1004" name="grp_access_fu_879">
<pin_list>
<pin id="880" dir="0" index="0" bw="2" slack="0"/>
<pin id="881" dir="0" index="1" bw="1" slack="2147483647"/>
<pin id="882" dir="0" index="2" bw="0" slack="2147483647"/>
<pin id="883" dir="1" index="3" bw="1" slack="0"/>
</pin_list>
<bind>
<opcode="load(27) " fcode="load"/>
<opset="correction_21_load/1 "/>
</bind>
</comp>

<comp id="885" class="1004" name="grp_access_fu_885">
<pin_list>
<pin id="886" dir="0" index="0" bw="2" slack="0"/>
<pin id="887" dir="0" index="1" bw="1" slack="2147483647"/>
<pin id="888" dir="0" index="2" bw="0" slack="2147483647"/>
<pin id="889" dir="1" index="3" bw="1" slack="0"/>
</pin_list>
<bind>
<opcode="load(27) " fcode="load"/>
<opset="correction_22_load/1 "/>
</bind>
</comp>

<comp id="891" class="1004" name="grp_access_fu_891">
<pin_list>
<pin id="892" dir="0" index="0" bw="2" slack="0"/>
<pin id="893" dir="0" index="1" bw="1" slack="2147483647"/>
<pin id="894" dir="0" index="2" bw="0" slack="2147483647"/>
<pin id="895" dir="1" index="3" bw="1" slack="0"/>
</pin_list>
<bind>
<opcode="load(27) " fcode="load"/>
<opset="correction_23_load/1 "/>
</bind>
</comp>

<comp id="897" class="1004" name="grp_access_fu_897">
<pin_list>
<pin id="898" dir="0" index="0" bw="2" slack="0"/>
<pin id="899" dir="0" index="1" bw="1" slack="2147483647"/>
<pin id="900" dir="0" index="2" bw="0" slack="2147483647"/>
<pin id="901" dir="1" index="3" bw="1" slack="0"/>
</pin_list>
<bind>
<opcode="load(27) " fcode="load"/>
<opset="correction_24_load/1 "/>
</bind>
</comp>

<comp id="903" class="1004" name="grp_access_fu_903">
<pin_list>
<pin id="904" dir="0" index="0" bw="2" slack="0"/>
<pin id="905" dir="0" index="1" bw="1" slack="2147483647"/>
<pin id="906" dir="0" index="2" bw="0" slack="2147483647"/>
<pin id="907" dir="1" index="3" bw="1" slack="0"/>
</pin_list>
<bind>
<opcode="load(27) " fcode="load"/>
<opset="correction_25_load/1 "/>
</bind>
</comp>

<comp id="909" class="1004" name="grp_access_fu_909">
<pin_list>
<pin id="910" dir="0" index="0" bw="2" slack="0"/>
<pin id="911" dir="0" index="1" bw="1" slack="2147483647"/>
<pin id="912" dir="0" index="2" bw="0" slack="2147483647"/>
<pin id="913" dir="1" index="3" bw="1" slack="0"/>
</pin_list>
<bind>
<opcode="load(27) " fcode="load"/>
<opset="correction_26_load/1 "/>
</bind>
</comp>

<comp id="915" class="1004" name="grp_access_fu_915">
<pin_list>
<pin id="916" dir="0" index="0" bw="2" slack="0"/>
<pin id="917" dir="0" index="1" bw="1" slack="2147483647"/>
<pin id="918" dir="0" index="2" bw="0" slack="2147483647"/>
<pin id="919" dir="1" index="3" bw="1" slack="0"/>
</pin_list>
<bind>
<opcode="load(27) " fcode="load"/>
<opset="correction_27_load/1 "/>
</bind>
</comp>

<comp id="921" class="1004" name="grp_access_fu_921">
<pin_list>
<pin id="922" dir="0" index="0" bw="2" slack="0"/>
<pin id="923" dir="0" index="1" bw="1" slack="2147483647"/>
<pin id="924" dir="0" index="2" bw="0" slack="2147483647"/>
<pin id="925" dir="1" index="3" bw="1" slack="0"/>
</pin_list>
<bind>
<opcode="load(27) " fcode="load"/>
<opset="correction_28_load/1 "/>
</bind>
</comp>

<comp id="927" class="1004" name="grp_access_fu_927">
<pin_list>
<pin id="928" dir="0" index="0" bw="2" slack="0"/>
<pin id="929" dir="0" index="1" bw="1" slack="2147483647"/>
<pin id="930" dir="0" index="2" bw="0" slack="2147483647"/>
<pin id="931" dir="1" index="3" bw="1" slack="0"/>
</pin_list>
<bind>
<opcode="load(27) " fcode="load"/>
<opset="correction_29_load/1 "/>
</bind>
</comp>

<comp id="933" class="1004" name="grp_access_fu_933">
<pin_list>
<pin id="934" dir="0" index="0" bw="2" slack="0"/>
<pin id="935" dir="0" index="1" bw="1" slack="2147483647"/>
<pin id="936" dir="0" index="2" bw="0" slack="2147483647"/>
<pin id="937" dir="1" index="3" bw="1" slack="0"/>
</pin_list>
<bind>
<opcode="load(27) " fcode="load"/>
<opset="correction_30_load/1 "/>
</bind>
</comp>

<comp id="939" class="1004" name="grp_access_fu_939">
<pin_list>
<pin id="940" dir="0" index="0" bw="2" slack="0"/>
<pin id="941" dir="0" index="1" bw="1" slack="2147483647"/>
<pin id="942" dir="0" index="2" bw="0" slack="2147483647"/>
<pin id="943" dir="1" index="3" bw="1" slack="0"/>
</pin_list>
<bind>
<opcode="load(27) " fcode="load"/>
<opset="correction_31_load/1 "/>
</bind>
</comp>

<comp id="945" class="1004" name="grp_access_fu_945">
<pin_list>
<pin id="946" dir="0" index="0" bw="2" slack="0"/>
<pin id="947" dir="0" index="1" bw="1" slack="2147483647"/>
<pin id="948" dir="0" index="2" bw="0" slack="2147483647"/>
<pin id="949" dir="1" index="3" bw="1" slack="0"/>
</pin_list>
<bind>
<opcode="load(27) " fcode="load"/>
<opset="correction_32_load/1 "/>
</bind>
</comp>

<comp id="951" class="1004" name="grp_access_fu_951">
<pin_list>
<pin id="952" dir="0" index="0" bw="2" slack="0"/>
<pin id="953" dir="0" index="1" bw="1" slack="2147483647"/>
<pin id="954" dir="0" index="2" bw="0" slack="2147483647"/>
<pin id="955" dir="1" index="3" bw="1" slack="0"/>
</pin_list>
<bind>
<opcode="load(27) " fcode="load"/>
<opset="correction_33_load/1 "/>
</bind>
</comp>

<comp id="957" class="1004" name="grp_access_fu_957">
<pin_list>
<pin id="958" dir="0" index="0" bw="2" slack="0"/>
<pin id="959" dir="0" index="1" bw="1" slack="2147483647"/>
<pin id="960" dir="0" index="2" bw="0" slack="2147483647"/>
<pin id="961" dir="1" index="3" bw="1" slack="0"/>
</pin_list>
<bind>
<opcode="load(27) " fcode="load"/>
<opset="correction_34_load/1 "/>
</bind>
</comp>

<comp id="963" class="1004" name="grp_access_fu_963">
<pin_list>
<pin id="964" dir="0" index="0" bw="2" slack="0"/>
<pin id="965" dir="0" index="1" bw="1" slack="2147483647"/>
<pin id="966" dir="0" index="2" bw="0" slack="2147483647"/>
<pin id="967" dir="1" index="3" bw="1" slack="0"/>
</pin_list>
<bind>
<opcode="load(27) " fcode="load"/>
<opset="correction_35_load/1 "/>
</bind>
</comp>

<comp id="969" class="1004" name="grp_access_fu_969">
<pin_list>
<pin id="970" dir="0" index="0" bw="2" slack="0"/>
<pin id="971" dir="0" index="1" bw="1" slack="2147483647"/>
<pin id="972" dir="0" index="2" bw="0" slack="2147483647"/>
<pin id="973" dir="1" index="3" bw="1" slack="0"/>
</pin_list>
<bind>
<opcode="load(27) " fcode="load"/>
<opset="correction_36_load/1 "/>
</bind>
</comp>

<comp id="975" class="1004" name="grp_access_fu_975">
<pin_list>
<pin id="976" dir="0" index="0" bw="2" slack="0"/>
<pin id="977" dir="0" index="1" bw="1" slack="2147483647"/>
<pin id="978" dir="0" index="2" bw="0" slack="2147483647"/>
<pin id="979" dir="1" index="3" bw="1" slack="0"/>
</pin_list>
<bind>
<opcode="load(27) " fcode="load"/>
<opset="correction_37_load/1 "/>
</bind>
</comp>

<comp id="981" class="1004" name="grp_access_fu_981">
<pin_list>
<pin id="982" dir="0" index="0" bw="2" slack="0"/>
<pin id="983" dir="0" index="1" bw="1" slack="2147483647"/>
<pin id="984" dir="0" index="2" bw="0" slack="2147483647"/>
<pin id="985" dir="1" index="3" bw="1" slack="0"/>
</pin_list>
<bind>
<opcode="load(27) " fcode="load"/>
<opset="correction_38_load/1 "/>
</bind>
</comp>

<comp id="987" class="1004" name="grp_access_fu_987">
<pin_list>
<pin id="988" dir="0" index="0" bw="2" slack="0"/>
<pin id="989" dir="0" index="1" bw="1" slack="2147483647"/>
<pin id="990" dir="0" index="2" bw="0" slack="2147483647"/>
<pin id="991" dir="1" index="3" bw="1" slack="0"/>
</pin_list>
<bind>
<opcode="load(27) " fcode="load"/>
<opset="correction_39_load/1 "/>
</bind>
</comp>

<comp id="993" class="1004" name="grp_access_fu_993">
<pin_list>
<pin id="994" dir="0" index="0" bw="2" slack="0"/>
<pin id="995" dir="0" index="1" bw="1" slack="2147483647"/>
<pin id="996" dir="0" index="2" bw="0" slack="2147483647"/>
<pin id="997" dir="1" index="3" bw="1" slack="0"/>
</pin_list>
<bind>
<opcode="load(27) " fcode="load"/>
<opset="correction_40_load/1 "/>
</bind>
</comp>

<comp id="999" class="1004" name="grp_access_fu_999">
<pin_list>
<pin id="1000" dir="0" index="0" bw="2" slack="0"/>
<pin id="1001" dir="0" index="1" bw="1" slack="2147483647"/>
<pin id="1002" dir="0" index="2" bw="0" slack="2147483647"/>
<pin id="1003" dir="1" index="3" bw="1" slack="0"/>
</pin_list>
<bind>
<opcode="load(27) " fcode="load"/>
<opset="correction_41_load/1 "/>
</bind>
</comp>

<comp id="1005" class="1004" name="grp_access_fu_1005">
<pin_list>
<pin id="1006" dir="0" index="0" bw="2" slack="0"/>
<pin id="1007" dir="0" index="1" bw="1" slack="2147483647"/>
<pin id="1008" dir="0" index="2" bw="0" slack="2147483647"/>
<pin id="1009" dir="1" index="3" bw="1" slack="0"/>
</pin_list>
<bind>
<opcode="load(27) " fcode="load"/>
<opset="correction_42_load/1 "/>
</bind>
</comp>

<comp id="1011" class="1004" name="grp_access_fu_1011">
<pin_list>
<pin id="1012" dir="0" index="0" bw="2" slack="0"/>
<pin id="1013" dir="0" index="1" bw="1" slack="2147483647"/>
<pin id="1014" dir="0" index="2" bw="0" slack="2147483647"/>
<pin id="1015" dir="1" index="3" bw="1" slack="0"/>
</pin_list>
<bind>
<opcode="load(27) " fcode="load"/>
<opset="correction_43_load/1 "/>
</bind>
</comp>

<comp id="1017" class="1004" name="grp_access_fu_1017">
<pin_list>
<pin id="1018" dir="0" index="0" bw="2" slack="0"/>
<pin id="1019" dir="0" index="1" bw="1" slack="2147483647"/>
<pin id="1020" dir="0" index="2" bw="0" slack="2147483647"/>
<pin id="1021" dir="1" index="3" bw="1" slack="0"/>
</pin_list>
<bind>
<opcode="load(27) " fcode="load"/>
<opset="correction_44_load/1 "/>
</bind>
</comp>

<comp id="1023" class="1004" name="grp_access_fu_1023">
<pin_list>
<pin id="1024" dir="0" index="0" bw="2" slack="0"/>
<pin id="1025" dir="0" index="1" bw="1" slack="2147483647"/>
<pin id="1026" dir="0" index="2" bw="0" slack="2147483647"/>
<pin id="1027" dir="1" index="3" bw="1" slack="0"/>
</pin_list>
<bind>
<opcode="load(27) " fcode="load"/>
<opset="correction_45_load/1 "/>
</bind>
</comp>

<comp id="1029" class="1004" name="grp_access_fu_1029">
<pin_list>
<pin id="1030" dir="0" index="0" bw="2" slack="0"/>
<pin id="1031" dir="0" index="1" bw="1" slack="2147483647"/>
<pin id="1032" dir="0" index="2" bw="0" slack="2147483647"/>
<pin id="1033" dir="1" index="3" bw="1" slack="0"/>
</pin_list>
<bind>
<opcode="load(27) " fcode="load"/>
<opset="correction_46_load/1 "/>
</bind>
</comp>

<comp id="1035" class="1004" name="grp_access_fu_1035">
<pin_list>
<pin id="1036" dir="0" index="0" bw="2" slack="0"/>
<pin id="1037" dir="0" index="1" bw="1" slack="2147483647"/>
<pin id="1038" dir="0" index="2" bw="0" slack="2147483647"/>
<pin id="1039" dir="1" index="3" bw="1" slack="0"/>
</pin_list>
<bind>
<opcode="load(27) " fcode="load"/>
<opset="correction_47_load/1 "/>
</bind>
</comp>

<comp id="1041" class="1004" name="grp_access_fu_1041">
<pin_list>
<pin id="1042" dir="0" index="0" bw="2" slack="0"/>
<pin id="1043" dir="0" index="1" bw="1" slack="2147483647"/>
<pin id="1044" dir="0" index="2" bw="0" slack="2147483647"/>
<pin id="1045" dir="1" index="3" bw="1" slack="0"/>
</pin_list>
<bind>
<opcode="load(27) " fcode="load"/>
<opset="correction_48_load/1 "/>
</bind>
</comp>

<comp id="1047" class="1004" name="grp_access_fu_1047">
<pin_list>
<pin id="1048" dir="0" index="0" bw="2" slack="0"/>
<pin id="1049" dir="0" index="1" bw="1" slack="2147483647"/>
<pin id="1050" dir="0" index="2" bw="0" slack="2147483647"/>
<pin id="1051" dir="1" index="3" bw="1" slack="0"/>
</pin_list>
<bind>
<opcode="load(27) " fcode="load"/>
<opset="correction_49_load/1 "/>
</bind>
</comp>

<comp id="1053" class="1004" name="grp_access_fu_1053">
<pin_list>
<pin id="1054" dir="0" index="0" bw="2" slack="0"/>
<pin id="1055" dir="0" index="1" bw="1" slack="2147483647"/>
<pin id="1056" dir="0" index="2" bw="0" slack="2147483647"/>
<pin id="1057" dir="1" index="3" bw="1" slack="0"/>
</pin_list>
<bind>
<opcode="load(27) " fcode="load"/>
<opset="correction_50_load/1 "/>
</bind>
</comp>

<comp id="1059" class="1004" name="grp_access_fu_1059">
<pin_list>
<pin id="1060" dir="0" index="0" bw="2" slack="0"/>
<pin id="1061" dir="0" index="1" bw="1" slack="2147483647"/>
<pin id="1062" dir="0" index="2" bw="0" slack="2147483647"/>
<pin id="1063" dir="1" index="3" bw="1" slack="0"/>
</pin_list>
<bind>
<opcode="load(27) " fcode="load"/>
<opset="correction_51_load/1 "/>
</bind>
</comp>

<comp id="1065" class="1004" name="grp_access_fu_1065">
<pin_list>
<pin id="1066" dir="0" index="0" bw="2" slack="0"/>
<pin id="1067" dir="0" index="1" bw="1" slack="2147483647"/>
<pin id="1068" dir="0" index="2" bw="0" slack="2147483647"/>
<pin id="1069" dir="1" index="3" bw="1" slack="0"/>
</pin_list>
<bind>
<opcode="load(27) " fcode="load"/>
<opset="correction_52_load/1 "/>
</bind>
</comp>

<comp id="1071" class="1004" name="grp_access_fu_1071">
<pin_list>
<pin id="1072" dir="0" index="0" bw="2" slack="0"/>
<pin id="1073" dir="0" index="1" bw="1" slack="2147483647"/>
<pin id="1074" dir="0" index="2" bw="0" slack="2147483647"/>
<pin id="1075" dir="1" index="3" bw="1" slack="0"/>
</pin_list>
<bind>
<opcode="load(27) " fcode="load"/>
<opset="correction_53_load/1 "/>
</bind>
</comp>

<comp id="1077" class="1004" name="grp_access_fu_1077">
<pin_list>
<pin id="1078" dir="0" index="0" bw="2" slack="0"/>
<pin id="1079" dir="0" index="1" bw="1" slack="2147483647"/>
<pin id="1080" dir="0" index="2" bw="0" slack="2147483647"/>
<pin id="1081" dir="1" index="3" bw="1" slack="0"/>
</pin_list>
<bind>
<opcode="load(27) " fcode="load"/>
<opset="correction_54_load/1 "/>
</bind>
</comp>

<comp id="1083" class="1004" name="grp_access_fu_1083">
<pin_list>
<pin id="1084" dir="0" index="0" bw="2" slack="0"/>
<pin id="1085" dir="0" index="1" bw="1" slack="2147483647"/>
<pin id="1086" dir="0" index="2" bw="0" slack="2147483647"/>
<pin id="1087" dir="1" index="3" bw="1" slack="0"/>
</pin_list>
<bind>
<opcode="load(27) " fcode="load"/>
<opset="correction_55_load/1 "/>
</bind>
</comp>

<comp id="1089" class="1004" name="grp_access_fu_1089">
<pin_list>
<pin id="1090" dir="0" index="0" bw="2" slack="0"/>
<pin id="1091" dir="0" index="1" bw="1" slack="2147483647"/>
<pin id="1092" dir="0" index="2" bw="0" slack="2147483647"/>
<pin id="1093" dir="1" index="3" bw="1" slack="0"/>
</pin_list>
<bind>
<opcode="load(27) " fcode="load"/>
<opset="correction_56_load/1 "/>
</bind>
</comp>

<comp id="1095" class="1004" name="grp_access_fu_1095">
<pin_list>
<pin id="1096" dir="0" index="0" bw="2" slack="0"/>
<pin id="1097" dir="0" index="1" bw="1" slack="2147483647"/>
<pin id="1098" dir="0" index="2" bw="0" slack="2147483647"/>
<pin id="1099" dir="1" index="3" bw="1" slack="0"/>
</pin_list>
<bind>
<opcode="load(27) " fcode="load"/>
<opset="correction_57_load/1 "/>
</bind>
</comp>

<comp id="1101" class="1004" name="grp_access_fu_1101">
<pin_list>
<pin id="1102" dir="0" index="0" bw="2" slack="0"/>
<pin id="1103" dir="0" index="1" bw="1" slack="2147483647"/>
<pin id="1104" dir="0" index="2" bw="0" slack="2147483647"/>
<pin id="1105" dir="1" index="3" bw="1" slack="0"/>
</pin_list>
<bind>
<opcode="load(27) " fcode="load"/>
<opset="correction_58_load/1 "/>
</bind>
</comp>

<comp id="1107" class="1004" name="grp_access_fu_1107">
<pin_list>
<pin id="1108" dir="0" index="0" bw="2" slack="0"/>
<pin id="1109" dir="0" index="1" bw="1" slack="2147483647"/>
<pin id="1110" dir="0" index="2" bw="0" slack="2147483647"/>
<pin id="1111" dir="1" index="3" bw="1" slack="0"/>
</pin_list>
<bind>
<opcode="load(27) " fcode="load"/>
<opset="correction_59_load/1 "/>
</bind>
</comp>

<comp id="1113" class="1004" name="grp_access_fu_1113">
<pin_list>
<pin id="1114" dir="0" index="0" bw="2" slack="0"/>
<pin id="1115" dir="0" index="1" bw="1" slack="2147483647"/>
<pin id="1116" dir="0" index="2" bw="0" slack="2147483647"/>
<pin id="1117" dir="1" index="3" bw="1" slack="0"/>
</pin_list>
<bind>
<opcode="load(27) " fcode="load"/>
<opset="correction_60_load/1 "/>
</bind>
</comp>

<comp id="1119" class="1004" name="grp_access_fu_1119">
<pin_list>
<pin id="1120" dir="0" index="0" bw="2" slack="0"/>
<pin id="1121" dir="0" index="1" bw="1" slack="2147483647"/>
<pin id="1122" dir="0" index="2" bw="0" slack="2147483647"/>
<pin id="1123" dir="1" index="3" bw="1" slack="0"/>
</pin_list>
<bind>
<opcode="load(27) " fcode="load"/>
<opset="correction_61_load/1 "/>
</bind>
</comp>

<comp id="1125" class="1004" name="grp_access_fu_1125">
<pin_list>
<pin id="1126" dir="0" index="0" bw="2" slack="0"/>
<pin id="1127" dir="0" index="1" bw="1" slack="2147483647"/>
<pin id="1128" dir="0" index="2" bw="0" slack="2147483647"/>
<pin id="1129" dir="1" index="3" bw="1" slack="0"/>
</pin_list>
<bind>
<opcode="load(27) " fcode="load"/>
<opset="correction_62_load/1 "/>
</bind>
</comp>

<comp id="1131" class="1004" name="grp_access_fu_1131">
<pin_list>
<pin id="1132" dir="0" index="0" bw="2" slack="0"/>
<pin id="1133" dir="0" index="1" bw="1" slack="2147483647"/>
<pin id="1134" dir="0" index="2" bw="0" slack="2147483647"/>
<pin id="1135" dir="1" index="3" bw="1" slack="0"/>
</pin_list>
<bind>
<opcode="load(27) " fcode="load"/>
<opset="correction_63_load/1 "/>
</bind>
</comp>

<comp id="1137" class="1004" name="grp_access_fu_1137">
<pin_list>
<pin id="1138" dir="0" index="0" bw="2" slack="0"/>
<pin id="1139" dir="0" index="1" bw="1" slack="2147483647"/>
<pin id="1140" dir="0" index="2" bw="0" slack="2147483647"/>
<pin id="1141" dir="1" index="3" bw="1" slack="0"/>
</pin_list>
<bind>
<opcode="load(27) " fcode="load"/>
<opset="correction_64_load/1 "/>
</bind>
</comp>

<comp id="1143" class="1004" name="grp_access_fu_1143">
<pin_list>
<pin id="1144" dir="0" index="0" bw="2" slack="0"/>
<pin id="1145" dir="0" index="1" bw="1" slack="2147483647"/>
<pin id="1146" dir="0" index="2" bw="0" slack="2147483647"/>
<pin id="1147" dir="1" index="3" bw="1" slack="0"/>
</pin_list>
<bind>
<opcode="load(27) " fcode="load"/>
<opset="correction_65_load/1 "/>
</bind>
</comp>

<comp id="1149" class="1004" name="grp_access_fu_1149">
<pin_list>
<pin id="1150" dir="0" index="0" bw="2" slack="0"/>
<pin id="1151" dir="0" index="1" bw="1" slack="2147483647"/>
<pin id="1152" dir="0" index="2" bw="0" slack="2147483647"/>
<pin id="1153" dir="1" index="3" bw="1" slack="0"/>
</pin_list>
<bind>
<opcode="load(27) " fcode="load"/>
<opset="correction_66_load/1 "/>
</bind>
</comp>

<comp id="1155" class="1004" name="grp_access_fu_1155">
<pin_list>
<pin id="1156" dir="0" index="0" bw="2" slack="0"/>
<pin id="1157" dir="0" index="1" bw="1" slack="2147483647"/>
<pin id="1158" dir="0" index="2" bw="0" slack="2147483647"/>
<pin id="1159" dir="1" index="3" bw="1" slack="0"/>
</pin_list>
<bind>
<opcode="load(27) " fcode="load"/>
<opset="correction_67_load/1 "/>
</bind>
</comp>

<comp id="1161" class="1004" name="grp_access_fu_1161">
<pin_list>
<pin id="1162" dir="0" index="0" bw="2" slack="0"/>
<pin id="1163" dir="0" index="1" bw="1" slack="2147483647"/>
<pin id="1164" dir="0" index="2" bw="0" slack="2147483647"/>
<pin id="1165" dir="1" index="3" bw="1" slack="0"/>
</pin_list>
<bind>
<opcode="load(27) " fcode="load"/>
<opset="correction_68_load/1 "/>
</bind>
</comp>

<comp id="1167" class="1004" name="grp_access_fu_1167">
<pin_list>
<pin id="1168" dir="0" index="0" bw="2" slack="0"/>
<pin id="1169" dir="0" index="1" bw="1" slack="2147483647"/>
<pin id="1170" dir="0" index="2" bw="0" slack="2147483647"/>
<pin id="1171" dir="1" index="3" bw="1" slack="0"/>
</pin_list>
<bind>
<opcode="load(27) " fcode="load"/>
<opset="correction_69_load/1 "/>
</bind>
</comp>

<comp id="1173" class="1004" name="grp_access_fu_1173">
<pin_list>
<pin id="1174" dir="0" index="0" bw="2" slack="0"/>
<pin id="1175" dir="0" index="1" bw="1" slack="2147483647"/>
<pin id="1176" dir="0" index="2" bw="0" slack="2147483647"/>
<pin id="1177" dir="1" index="3" bw="1" slack="0"/>
</pin_list>
<bind>
<opcode="load(27) " fcode="load"/>
<opset="correction_70_load/1 "/>
</bind>
</comp>

<comp id="1179" class="1004" name="grp_access_fu_1179">
<pin_list>
<pin id="1180" dir="0" index="0" bw="2" slack="0"/>
<pin id="1181" dir="0" index="1" bw="1" slack="2147483647"/>
<pin id="1182" dir="0" index="2" bw="0" slack="2147483647"/>
<pin id="1183" dir="1" index="3" bw="1" slack="0"/>
</pin_list>
<bind>
<opcode="load(27) " fcode="load"/>
<opset="correction_71_load/1 "/>
</bind>
</comp>

<comp id="1185" class="1004" name="store_ln0_store_fu_1185">
<pin_list>
<pin id="1186" dir="0" index="0" bw="1" slack="0"/>
<pin id="1187" dir="0" index="1" bw="8" slack="0"/>
<pin id="1188" dir="1" index="2" bw="0" slack="2147483647"/>
</pin_list>
<bind>
<opcode="store(28) " fcode="store"/>
<opset="store_ln0/1 "/>
</bind>
</comp>

<comp id="1190" class="1004" name="store_ln213_store_fu_1190">
<pin_list>
<pin id="1191" dir="0" index="0" bw="1" slack="0"/>
<pin id="1192" dir="0" index="1" bw="3" slack="0"/>
<pin id="1193" dir="1" index="2" bw="0" slack="2147483647"/>
</pin_list>
<bind>
<opcode="store(28) " fcode="store"/>
<opset="store_ln213/1 "/>
</bind>
</comp>

<comp id="1195" class="1004" name="store_ln0_store_fu_1195">
<pin_list>
<pin id="1196" dir="0" index="0" bw="1" slack="0"/>
<pin id="1197" dir="0" index="1" bw="6" slack="0"/>
<pin id="1198" dir="1" index="2" bw="0" slack="2147483647"/>
</pin_list>
<bind>
<opcode="store(28) " fcode="store"/>
<opset="store_ln0/1 "/>
</bind>
</comp>

<comp id="1200" class="1004" name="store_ln214_store_fu_1200">
<pin_list>
<pin id="1201" dir="0" index="0" bw="1" slack="0"/>
<pin id="1202" dir="0" index="1" bw="3" slack="0"/>
<pin id="1203" dir="1" index="2" bw="0" slack="2147483647"/>
</pin_list>
<bind>
<opcode="store(28) " fcode="store"/>
<opset="store_ln214/1 "/>
</bind>
</comp>

<comp id="1205" class="1004" name="store_ln215_store_fu_1205">
<pin_list>
<pin id="1206" dir="0" index="0" bw="1" slack="0"/>
<pin id="1207" dir="0" index="1" bw="3" slack="0"/>
<pin id="1208" dir="1" index="2" bw="0" slack="2147483647"/>
</pin_list>
<bind>
<opcode="store(28) " fcode="store"/>
<opset="store_ln215/1 "/>
</bind>
</comp>

<comp id="1210" class="1004" name="store_ln212_store_fu_1210">
<pin_list>
<pin id="1211" dir="0" index="0" bw="1" slack="0"/>
<pin id="1212" dir="0" index="1" bw="512" slack="0"/>
<pin id="1213" dir="1" index="2" bw="0" slack="2147483647"/>
</pin_list>
<bind>
<opcode="store(28) " fcode="store"/>
<opset="store_ln212/1 "/>
</bind>
</comp>

<comp id="1215" class="1004" name="indvar_flatten58_load_load_fu_1215">
<pin_list>
<pin id="1216" dir="0" index="0" bw="8" slack="0"/>
<pin id="1217" dir="1" index="1" bw="8" slack="0"/>
</pin_list>
<bind>
<opcode="load(27) " fcode="load"/>
<opset="indvar_flatten58_load/1 "/>
</bind>
</comp>

<comp id="1218" class="1004" name="icmp_ln213_fu_1218">
<pin_list>
<pin id="1219" dir="0" index="0" bw="8" slack="0"/>
<pin id="1220" dir="0" index="1" bw="8" slack="0"/>
<pin id="1221" dir="1" index="2" bw="1" slack="2147483647"/>
</pin_list>
<bind>
<opcode="icmp(45) " fcode="icmp"/>
<opset="icmp_ln213/1 "/>
</bind>
</comp>

<comp id="1224" class="1004" name="add_ln213_1_fu_1224">
<pin_list>
<pin id="1225" dir="0" index="0" bw="8" slack="0"/>
<pin id="1226" dir="0" index="1" bw="1" slack="0"/>
<pin id="1227" dir="1" index="2" bw="8" slack="0"/>
</pin_list>
<bind>
<opcode="add(8) " fcode="add"/>
<opset="add_ln213_1/1 "/>
</bind>
</comp>

<comp id="1230" class="1004" name="x_load_load_fu_1230">
<pin_list>
<pin id="1231" dir="0" index="0" bw="3" slack="0"/>
<pin id="1232" dir="1" index="1" bw="3" slack="0"/>
</pin_list>
<bind>
<opcode="load(27) " fcode="load"/>
<opset="x_load/1 "/>
</bind>
</comp>

<comp id="1233" class="1004" name="y_load_load_fu_1233">
<pin_list>
<pin id="1234" dir="0" index="0" bw="3" slack="0"/>
<pin id="1235" dir="1" index="1" bw="3" slack="0"/>
</pin_list>
<bind>
<opcode="load(27) " fcode="load"/>
<opset="y_load/1 "/>
</bind>
</comp>

<comp id="1236" class="1004" name="indvar_flatten43_load_load_fu_1236">
<pin_list>
<pin id="1237" dir="0" index="0" bw="6" slack="0"/>
<pin id="1238" dir="1" index="1" bw="6" slack="0"/>
</pin_list>
<bind>
<opcode="load(27) " fcode="load"/>
<opset="indvar_flatten43_load/1 "/>
</bind>
</comp>

<comp id="1239" class="1004" name="t_load_load_fu_1239">
<pin_list>
<pin id="1240" dir="0" index="0" bw="3" slack="0"/>
<pin id="1241" dir="1" index="1" bw="3" slack="0"/>
</pin_list>
<bind>
<opcode="load(27) " fcode="load"/>
<opset="t_load/1 "/>
</bind>
</comp>

<comp id="1242" class="1004" name="add_ln213_fu_1242">
<pin_list>
<pin id="1243" dir="0" index="0" bw="3" slack="0"/>
<pin id="1244" dir="0" index="1" bw="1" slack="0"/>
<pin id="1245" dir="1" index="2" bw="3" slack="0"/>
</pin_list>
<bind>
<opcode="add(8) " fcode="add"/>
<opset="add_ln213/1 "/>
</bind>
</comp>

<comp id="1248" class="1004" name="icmp_ln214_fu_1248">
<pin_list>
<pin id="1249" dir="0" index="0" bw="6" slack="0"/>
<pin id="1250" dir="0" index="1" bw="6" slack="0"/>
<pin id="1251" dir="1" index="2" bw="1" slack="0"/>
</pin_list>
<bind>
<opcode="icmp(45) " fcode="icmp"/>
<opset="icmp_ln214/1 "/>
</bind>
</comp>

<comp id="1254" class="1004" name="select_ln212_fu_1254">
<pin_list>
<pin id="1255" dir="0" index="0" bw="1" slack="0"/>
<pin id="1256" dir="0" index="1" bw="3" slack="0"/>
<pin id="1257" dir="0" index="2" bw="3" slack="0"/>
<pin id="1258" dir="1" index="3" bw="3" slack="0"/>
</pin_list>
<bind>
<opcode="select(49) " fcode="select"/>
<opset="select_ln212/1 "/>
</bind>
</comp>

<comp id="1262" class="1004" name="xor_ln212_fu_1262">
<pin_list>
<pin id="1263" dir="0" index="0" bw="1" slack="0"/>
<pin id="1264" dir="0" index="1" bw="1" slack="0"/>
<pin id="1265" dir="1" index="2" bw="1" slack="0"/>
</pin_list>
<bind>
<opcode="xor(25) " fcode="xor"/>
<opset="xor_ln212/1 "/>
</bind>
</comp>

<comp id="1268" class="1004" name="icmp_ln215_fu_1268">
<pin_list>
<pin id="1269" dir="0" index="0" bw="3" slack="0"/>
<pin id="1270" dir="0" index="1" bw="3" slack="0"/>
<pin id="1271" dir="1" index="2" bw="1" slack="0"/>
</pin_list>
<bind>
<opcode="icmp(45) " fcode="icmp"/>
<opset="icmp_ln215/1 "/>
</bind>
</comp>

<comp id="1274" class="1004" name="and_ln212_fu_1274">
<pin_list>
<pin id="1275" dir="0" index="0" bw="1" slack="0"/>
<pin id="1276" dir="0" index="1" bw="1" slack="0"/>
<pin id="1277" dir="1" index="2" bw="1" slack="0"/>
</pin_list>
<bind>
<opcode="and(23) " fcode="and"/>
<opset="and_ln212/1 "/>
</bind>
</comp>

<comp id="1280" class="1004" name="select_ln213_fu_1280">
<pin_list>
<pin id="1281" dir="0" index="0" bw="1" slack="0"/>
<pin id="1282" dir="0" index="1" bw="3" slack="0"/>
<pin id="1283" dir="0" index="2" bw="3" slack="0"/>
<pin id="1284" dir="1" index="3" bw="3" slack="0"/>
</pin_list>
<bind>
<opcode="select(49) " fcode="select"/>
<opset="select_ln213/1 "/>
</bind>
</comp>

<comp id="1288" class="1004" name="add_ln214_fu_1288">
<pin_list>
<pin id="1289" dir="0" index="0" bw="3" slack="0"/>
<pin id="1290" dir="0" index="1" bw="1" slack="0"/>
<pin id="1291" dir="1" index="2" bw="3" slack="0"/>
</pin_list>
<bind>
<opcode="add(8) " fcode="add"/>
<opset="add_ln214/1 "/>
</bind>
</comp>

<comp id="1294" class="1004" name="or_ln212_fu_1294">
<pin_list>
<pin id="1295" dir="0" index="0" bw="1" slack="0"/>
<pin id="1296" dir="0" index="1" bw="1" slack="0"/>
<pin id="1297" dir="1" index="2" bw="1" slack="0"/>
</pin_list>
<bind>
<opcode="or(24) " fcode="or"/>
<opset="or_ln212/1 "/>
</bind>
</comp>

<comp id="1300" class="1004" name="select_ln212_1_fu_1300">
<pin_list>
<pin id="1301" dir="0" index="0" bw="1" slack="0"/>
<pin id="1302" dir="0" index="1" bw="3" slack="0"/>
<pin id="1303" dir="0" index="2" bw="3" slack="0"/>
<pin id="1304" dir="1" index="3" bw="3" slack="0"/>
</pin_list>
<bind>
<opcode="select(49) " fcode="select"/>
<opset="select_ln212_1/1 "/>
</bind>
</comp>

<comp id="1308" class="1004" name="select_ln214_fu_1308">
<pin_list>
<pin id="1309" dir="0" index="0" bw="1" slack="0"/>
<pin id="1310" dir="0" index="1" bw="3" slack="0"/>
<pin id="1311" dir="0" index="2" bw="3" slack="0"/>
<pin id="1312" dir="1" index="3" bw="3" slack="0"/>
</pin_list>
<bind>
<opcode="select(49) " fcode="select"/>
<opset="select_ln214/1 "/>
</bind>
</comp>

<comp id="1316" class="1004" name="trunc_ln213_fu_1316">
<pin_list>
<pin id="1317" dir="0" index="0" bw="3" slack="0"/>
<pin id="1318" dir="1" index="1" bw="1" slack="1"/>
</pin_list>
<bind>
<opcode="trunc(33) " fcode="trunc"/>
<opset="trunc_ln213/1 "/>
</bind>
</comp>

<comp id="1320" class="1004" name="lshr_ln2_fu_1320">
<pin_list>
<pin id="1321" dir="0" index="0" bw="2" slack="0"/>
<pin id="1322" dir="0" index="1" bw="3" slack="0"/>
<pin id="1323" dir="0" index="2" bw="1" slack="0"/>
<pin id="1324" dir="0" index="3" bw="3" slack="0"/>
<pin id="1325" dir="1" index="4" bw="2" slack="0"/>
</pin_list>
<bind>
<opcode="partselect(1002) " fcode="partselect"/>
<opset="lshr_ln2/1 "/>
</bind>
</comp>

<comp id="1330" class="1004" name="zext_ln212_fu_1330">
<pin_list>
<pin id="1331" dir="0" index="0" bw="2" slack="0"/>
<pin id="1332" dir="1" index="1" bw="64" slack="0"/>
</pin_list>
<bind>
<opcode="zext(34) " fcode="zext"/>
<opset="zext_ln212/1 "/>
</bind>
</comp>

<comp id="1406" class="1004" name="add_ln215_fu_1406">
<pin_list>
<pin id="1407" dir="0" index="0" bw="3" slack="0"/>
<pin id="1408" dir="0" index="1" bw="1" slack="0"/>
<pin id="1409" dir="1" index="2" bw="3" slack="0"/>
</pin_list>
<bind>
<opcode="add(8) " fcode="add"/>
<opset="add_ln215/1 "/>
</bind>
</comp>

<comp id="1412" class="1004" name="add_ln214_1_fu_1412">
<pin_list>
<pin id="1413" dir="0" index="0" bw="6" slack="0"/>
<pin id="1414" dir="0" index="1" bw="1" slack="0"/>
<pin id="1415" dir="1" index="2" bw="6" slack="0"/>
</pin_list>
<bind>
<opcode="add(8) " fcode="add"/>
<opset="add_ln214_1/1 "/>
</bind>
</comp>

<comp id="1418" class="1004" name="select_ln214_1_fu_1418">
<pin_list>
<pin id="1419" dir="0" index="0" bw="1" slack="0"/>
<pin id="1420" dir="0" index="1" bw="6" slack="0"/>
<pin id="1421" dir="0" index="2" bw="6" slack="0"/>
<pin id="1422" dir="1" index="3" bw="6" slack="0"/>
</pin_list>
<bind>
<opcode="select(49) " fcode="select"/>
<opset="select_ln214_1/1 "/>
</bind>
</comp>

<comp id="1426" class="1004" name="store_ln213_store_fu_1426">
<pin_list>
<pin id="1427" dir="0" index="0" bw="8" slack="0"/>
<pin id="1428" dir="0" index="1" bw="8" slack="0"/>
<pin id="1429" dir="1" index="2" bw="0" slack="2147483647"/>
</pin_list>
<bind>
<opcode="store(28) " fcode="store"/>
<opset="store_ln213/1 "/>
</bind>
</comp>

<comp id="1431" class="1004" name="store_ln213_store_fu_1431">
<pin_list>
<pin id="1432" dir="0" index="0" bw="3" slack="0"/>
<pin id="1433" dir="0" index="1" bw="3" slack="0"/>
<pin id="1434" dir="1" index="2" bw="0" slack="2147483647"/>
</pin_list>
<bind>
<opcode="store(28) " fcode="store"/>
<opset="store_ln213/1 "/>
</bind>
</comp>

<comp id="1436" class="1004" name="store_ln214_store_fu_1436">
<pin_list>
<pin id="1437" dir="0" index="0" bw="6" slack="0"/>
<pin id="1438" dir="0" index="1" bw="6" slack="0"/>
<pin id="1439" dir="1" index="2" bw="0" slack="2147483647"/>
</pin_list>
<bind>
<opcode="store(28) " fcode="store"/>
<opset="store_ln214/1 "/>
</bind>
</comp>

<comp id="1441" class="1004" name="store_ln214_store_fu_1441">
<pin_list>
<pin id="1442" dir="0" index="0" bw="3" slack="0"/>
<pin id="1443" dir="0" index="1" bw="3" slack="0"/>
<pin id="1444" dir="1" index="2" bw="0" slack="2147483647"/>
</pin_list>
<bind>
<opcode="store(28) " fcode="store"/>
<opset="store_ln214/1 "/>
</bind>
</comp>

<comp id="1446" class="1004" name="store_ln215_store_fu_1446">
<pin_list>
<pin id="1447" dir="0" index="0" bw="3" slack="0"/>
<pin id="1448" dir="0" index="1" bw="3" slack="0"/>
<pin id="1449" dir="1" index="2" bw="0" slack="2147483647"/>
</pin_list>
<bind>
<opcode="store(28) " fcode="store"/>
<opset="store_ln215/1 "/>
</bind>
</comp>

<comp id="1451" class="1004" name="beat_load_1_load_fu_1451">
<pin_list>
<pin id="1452" dir="0" index="0" bw="512" slack="1"/>
<pin id="1453" dir="1" index="1" bw="512" slack="0"/>
</pin_list>
<bind>
<opcode="load(27) " fcode="load"/>
<opset="beat_load_1/2 "/>
</bind>
</comp>

<comp id="1454" class="1004" name="p_shl4_fu_1454">
<pin_list>
<pin id="1455" dir="0" index="0" bw="6" slack="0"/>
<pin id="1456" dir="0" index="1" bw="3" slack="1"/>
<pin id="1457" dir="0" index="2" bw="1" slack="0"/>
<pin id="1458" dir="1" index="3" bw="6" slack="0"/>
</pin_list>
<bind>
<opcode="bitconcatenate(1004) " fcode="bitconcatenate"/>
<opset="p_shl4/2 "/>
</bind>
</comp>

<comp id="1461" class="1004" name="p_shl4_cast_fu_1461">
<pin_list>
<pin id="1462" dir="0" index="0" bw="6" slack="0"/>
<pin id="1463" dir="1" index="1" bw="7" slack="0"/>
</pin_list>
<bind>
<opcode="zext(34) " fcode="zext"/>
<opset="p_shl4_cast/2 "/>
</bind>
</comp>

<comp id="1465" class="1004" name="p_shl5_fu_1465">
<pin_list>
<pin id="1466" dir="0" index="0" bw="4" slack="0"/>
<pin id="1467" dir="0" index="1" bw="3" slack="1"/>
<pin id="1468" dir="0" index="2" bw="1" slack="0"/>
<pin id="1469" dir="1" index="3" bw="4" slack="0"/>
</pin_list>
<bind>
<opcode="bitconcatenate(1004) " fcode="bitconcatenate"/>
<opset="p_shl5/2 "/>
</bind>
</comp>

<comp id="1472" class="1004" name="p_shl5_cast_fu_1472">
<pin_list>
<pin id="1473" dir="0" index="0" bw="4" slack="0"/>
<pin id="1474" dir="1" index="1" bw="7" slack="0"/>
</pin_list>
<bind>
<opcode="zext(34) " fcode="zext"/>
<opset="p_shl5_cast/2 "/>
</bind>
</comp>

<comp id="1476" class="1004" name="empty_fu_1476">
<pin_list>
<pin id="1477" dir="0" index="0" bw="6" slack="0"/>
<pin id="1478" dir="0" index="1" bw="4" slack="0"/>
<pin id="1479" dir="1" index="2" bw="7" slack="0"/>
</pin_list>
<bind>
<opcode="sub(10) " fcode="sub"/>
<opset="empty/2 "/>
</bind>
</comp>

<comp id="1482" class="1004" name="zext_ln214_fu_1482">
<pin_list>
<pin id="1483" dir="0" index="0" bw="3" slack="1"/>
<pin id="1484" dir="1" index="1" bw="7" slack="0"/>
</pin_list>
<bind>
<opcode="zext(34) " fcode="zext"/>
<opset="zext_ln214/2 "/>
</bind>
</comp>

<comp id="1485" class="1004" name="empty_55_fu_1485">
<pin_list>
<pin id="1486" dir="0" index="0" bw="7" slack="0"/>
<pin id="1487" dir="0" index="1" bw="3" slack="0"/>
<pin id="1488" dir="1" index="2" bw="7" slack="0"/>
</pin_list>
<bind>
<opcode="add(8) " fcode="add"/>
<opset="empty_55/2 "/>
</bind>
</comp>

<comp id="1491" class="1004" name="p_shl6_fu_1491">
<pin_list>
<pin id="1492" dir="0" index="0" bw="10" slack="0"/>
<pin id="1493" dir="0" index="1" bw="7" slack="0"/>
<pin id="1494" dir="0" index="2" bw="1" slack="0"/>
<pin id="1495" dir="1" index="3" bw="10" slack="0"/>
</pin_list>
<bind>
<opcode="bitconcatenate(1004) " fcode="bitconcatenate"/>
<opset="p_shl6/2 "/>
</bind>
</comp>

<comp id="1499" class="1004" name="p_shl7_fu_1499">
<pin_list>
<pin id="1500" dir="0" index="0" bw="8" slack="0"/>
<pin id="1501" dir="0" index="1" bw="7" slack="0"/>
<pin id="1502" dir="0" index="2" bw="1" slack="0"/>
<pin id="1503" dir="1" index="3" bw="8" slack="0"/>
</pin_list>
<bind>
<opcode="bitconcatenate(1004) " fcode="bitconcatenate"/>
<opset="p_shl7/2 "/>
</bind>
</comp>

<comp id="1507" class="1004" name="p_shl7_cast_fu_1507">
<pin_list>
<pin id="1508" dir="0" index="0" bw="8" slack="0"/>
<pin id="1509" dir="1" index="1" bw="10" slack="0"/>
</pin_list>
<bind>
<opcode="sext(35) " fcode="sext"/>
<opset="p_shl7_cast/2 "/>
</bind>
</comp>

<comp id="1511" class="1004" name="empty_56_fu_1511">
<pin_list>
<pin id="1512" dir="0" index="0" bw="10" slack="0"/>
<pin id="1513" dir="0" index="1" bw="8" slack="0"/>
<pin id="1514" dir="1" index="2" bw="10" slack="0"/>
</pin_list>
<bind>
<opcode="sub(10) " fcode="sub"/>
<opset="empty_56/2 "/>
</bind>
</comp>

<comp id="1517" class="1004" name="trunc_ln212_1_cast_fu_1517">
<pin_list>
<pin id="1518" dir="0" index="0" bw="3" slack="1"/>
<pin id="1519" dir="1" index="1" bw="10" slack="0"/>
</pin_list>
<bind>
<opcode="zext(34) " fcode="zext"/>
<opset="trunc_ln212_1_cast/2 "/>
</bind>
</comp>

<comp id="1520" class="1004" name="tmp_s_fu_1520">
<pin_list>
<pin id="1521" dir="0" index="0" bw="1" slack="0"/>
<pin id="1522" dir="0" index="1" bw="1" slack="0"/>
<pin id="1523" dir="0" index="2" bw="1" slack="0"/>
<pin id="1524" dir="0" index="3" bw="1" slack="0"/>
<pin id="1525" dir="0" index="4" bw="1" slack="0"/>
<pin id="1526" dir="0" index="5" bw="3" slack="0"/>
<pin id="1527" dir="0" index="6" bw="1" slack="0"/>
<pin id="1528" dir="0" index="7" bw="3" slack="0"/>
<pin id="1529" dir="0" index="8" bw="1" slack="0"/>
<pin id="1530" dir="0" index="9" bw="3" slack="0"/>
<pin id="1531" dir="0" index="10" bw="1" slack="0"/>
<pin id="1532" dir="0" index="11" bw="3" slack="0"/>
<pin id="1533" dir="0" index="12" bw="1" slack="0"/>
<pin id="1534" dir="0" index="13" bw="1" slack="0"/>
<pin id="1535" dir="0" index="14" bw="3" slack="1"/>
<pin id="1536" dir="1" index="15" bw="1" slack="0"/>
</pin_list>
<bind>
<opcode="sparsemux(1197) " fcode="sparsemux"/>
<opset="tmp_s/2 "/>
</bind>
</comp>

<comp id="1551" class="1004" name="tmp_1_fu_1551">
<pin_list>
<pin id="1552" dir="0" index="0" bw="1" slack="0"/>
<pin id="1553" dir="0" index="1" bw="1" slack="0"/>
<pin id="1554" dir="0" index="2" bw="1" slack="0"/>
<pin id="1555" dir="0" index="3" bw="1" slack="0"/>
<pin id="1556" dir="0" index="4" bw="1" slack="0"/>
<pin id="1557" dir="0" index="5" bw="3" slack="0"/>
<pin id="1558" dir="0" index="6" bw="1" slack="0"/>
<pin id="1559" dir="0" index="7" bw="3" slack="0"/>
<pin id="1560" dir="0" index="8" bw="1" slack="0"/>
<pin id="1561" dir="0" index="9" bw="3" slack="0"/>
<pin id="1562" dir="0" index="10" bw="1" slack="0"/>
<pin id="1563" dir="0" index="11" bw="3" slack="0"/>
<pin id="1564" dir="0" index="12" bw="1" slack="0"/>
<pin id="1565" dir="0" index="13" bw="1" slack="0"/>
<pin id="1566" dir="0" index="14" bw="3" slack="1"/>
<pin id="1567" dir="1" index="15" bw="1" slack="0"/>
</pin_list>
<bind>
<opcode="sparsemux(1197) " fcode="sparsemux"/>
<opset="tmp_1/2 "/>
</bind>
</comp>

<comp id="1582" class="1004" name="tmp_2_fu_1582">
<pin_list>
<pin id="1583" dir="0" index="0" bw="1" slack="0"/>
<pin id="1584" dir="0" index="1" bw="1" slack="0"/>
<pin id="1585" dir="0" index="2" bw="1" slack="0"/>
<pin id="1586" dir="0" index="3" bw="1" slack="0"/>
<pin id="1587" dir="0" index="4" bw="1" slack="0"/>
<pin id="1588" dir="0" index="5" bw="3" slack="0"/>
<pin id="1589" dir="0" index="6" bw="1" slack="0"/>
<pin id="1590" dir="0" index="7" bw="3" slack="0"/>
<pin id="1591" dir="0" index="8" bw="1" slack="0"/>
<pin id="1592" dir="0" index="9" bw="3" slack="0"/>
<pin id="1593" dir="0" index="10" bw="1" slack="0"/>
<pin id="1594" dir="0" index="11" bw="3" slack="0"/>
<pin id="1595" dir="0" index="12" bw="1" slack="0"/>
<pin id="1596" dir="0" index="13" bw="1" slack="0"/>
<pin id="1597" dir="0" index="14" bw="3" slack="1"/>
<pin id="1598" dir="1" index="15" bw="1" slack="0"/>
</pin_list>
<bind>
<opcode="sparsemux(1197) " fcode="sparsemux"/>
<opset="tmp_2/2 "/>
</bind>
</comp>

<comp id="1613" class="1004" name="tmp_3_fu_1613">
<pin_list>
<pin id="1614" dir="0" index="0" bw="1" slack="0"/>
<pin id="1615" dir="0" index="1" bw="1" slack="0"/>
<pin id="1616" dir="0" index="2" bw="1" slack="0"/>
<pin id="1617" dir="0" index="3" bw="1" slack="0"/>
<pin id="1618" dir="0" index="4" bw="1" slack="0"/>
<pin id="1619" dir="0" index="5" bw="3" slack="0"/>
<pin id="1620" dir="0" index="6" bw="1" slack="0"/>
<pin id="1621" dir="0" index="7" bw="3" slack="0"/>
<pin id="1622" dir="0" index="8" bw="1" slack="0"/>
<pin id="1623" dir="0" index="9" bw="3" slack="0"/>
<pin id="1624" dir="0" index="10" bw="1" slack="0"/>
<pin id="1625" dir="0" index="11" bw="3" slack="0"/>
<pin id="1626" dir="0" index="12" bw="1" slack="0"/>
<pin id="1627" dir="0" index="13" bw="1" slack="0"/>
<pin id="1628" dir="0" index="14" bw="3" slack="1"/>
<pin id="1629" dir="1" index="15" bw="1" slack="0"/>
</pin_list>
<bind>
<opcode="sparsemux(1197) " fcode="sparsemux"/>
<opset="tmp_3/2 "/>
</bind>
</comp>

<comp id="1644" class="1004" name="tmp_4_fu_1644">
<pin_list>
<pin id="1645" dir="0" index="0" bw="1" slack="0"/>
<pin id="1646" dir="0" index="1" bw="1" slack="0"/>
<pin id="1647" dir="0" index="2" bw="1" slack="0"/>
<pin id="1648" dir="0" index="3" bw="1" slack="0"/>
<pin id="1649" dir="0" index="4" bw="1" slack="0"/>
<pin id="1650" dir="0" index="5" bw="3" slack="0"/>
<pin id="1651" dir="0" index="6" bw="1" slack="0"/>
<pin id="1652" dir="0" index="7" bw="3" slack="0"/>
<pin id="1653" dir="0" index="8" bw="1" slack="0"/>
<pin id="1654" dir="0" index="9" bw="3" slack="0"/>
<pin id="1655" dir="0" index="10" bw="1" slack="0"/>
<pin id="1656" dir="0" index="11" bw="3" slack="0"/>
<pin id="1657" dir="0" index="12" bw="1" slack="0"/>
<pin id="1658" dir="0" index="13" bw="1" slack="0"/>
<pin id="1659" dir="0" index="14" bw="3" slack="1"/>
<pin id="1660" dir="1" index="15" bw="1" slack="0"/>
</pin_list>
<bind>
<opcode="sparsemux(1197) " fcode="sparsemux"/>
<opset="tmp_4/2 "/>
</bind>
</comp>

<comp id="1675" class="1004" name="tmp_5_fu_1675">
<pin_list>
<pin id="1676" dir="0" index="0" bw="1" slack="0"/>
<pin id="1677" dir="0" index="1" bw="1" slack="0"/>
<pin id="1678" dir="0" index="2" bw="1" slack="0"/>
<pin id="1679" dir="0" index="3" bw="1" slack="0"/>
<pin id="1680" dir="0" index="4" bw="1" slack="0"/>
<pin id="1681" dir="0" index="5" bw="3" slack="0"/>
<pin id="1682" dir="0" index="6" bw="1" slack="0"/>
<pin id="1683" dir="0" index="7" bw="3" slack="0"/>
<pin id="1684" dir="0" index="8" bw="1" slack="0"/>
<pin id="1685" dir="0" index="9" bw="3" slack="0"/>
<pin id="1686" dir="0" index="10" bw="1" slack="0"/>
<pin id="1687" dir="0" index="11" bw="3" slack="0"/>
<pin id="1688" dir="0" index="12" bw="1" slack="0"/>
<pin id="1689" dir="0" index="13" bw="1" slack="0"/>
<pin id="1690" dir="0" index="14" bw="3" slack="1"/>
<pin id="1691" dir="1" index="15" bw="1" slack="0"/>
</pin_list>
<bind>
<opcode="sparsemux(1197) " fcode="sparsemux"/>
<opset="tmp_5/2 "/>
</bind>
</comp>

<comp id="1706" class="1004" name="tmp_6_fu_1706">
<pin_list>
<pin id="1707" dir="0" index="0" bw="1" slack="0"/>
<pin id="1708" dir="0" index="1" bw="1" slack="0"/>
<pin id="1709" dir="0" index="2" bw="1" slack="0"/>
<pin id="1710" dir="0" index="3" bw="1" slack="0"/>
<pin id="1711" dir="0" index="4" bw="1" slack="0"/>
<pin id="1712" dir="0" index="5" bw="3" slack="0"/>
<pin id="1713" dir="0" index="6" bw="1" slack="0"/>
<pin id="1714" dir="0" index="7" bw="3" slack="0"/>
<pin id="1715" dir="0" index="8" bw="1" slack="0"/>
<pin id="1716" dir="0" index="9" bw="3" slack="0"/>
<pin id="1717" dir="0" index="10" bw="1" slack="0"/>
<pin id="1718" dir="0" index="11" bw="3" slack="0"/>
<pin id="1719" dir="0" index="12" bw="1" slack="0"/>
<pin id="1720" dir="0" index="13" bw="1" slack="0"/>
<pin id="1721" dir="0" index="14" bw="3" slack="1"/>
<pin id="1722" dir="1" index="15" bw="1" slack="0"/>
</pin_list>
<bind>
<opcode="sparsemux(1197) " fcode="sparsemux"/>
<opset="tmp_6/2 "/>
</bind>
</comp>

<comp id="1737" class="1004" name="tmp_7_fu_1737">
<pin_list>
<pin id="1738" dir="0" index="0" bw="1" slack="0"/>
<pin id="1739" dir="0" index="1" bw="1" slack="0"/>
<pin id="1740" dir="0" index="2" bw="1" slack="0"/>
<pin id="1741" dir="0" index="3" bw="1" slack="0"/>
<pin id="1742" dir="0" index="4" bw="1" slack="0"/>
<pin id="1743" dir="0" index="5" bw="3" slack="0"/>
<pin id="1744" dir="0" index="6" bw="1" slack="0"/>
<pin id="1745" dir="0" index="7" bw="3" slack="0"/>
<pin id="1746" dir="0" index="8" bw="1" slack="0"/>
<pin id="1747" dir="0" index="9" bw="3" slack="0"/>
<pin id="1748" dir="0" index="10" bw="1" slack="0"/>
<pin id="1749" dir="0" index="11" bw="3" slack="0"/>
<pin id="1750" dir="0" index="12" bw="1" slack="0"/>
<pin id="1751" dir="0" index="13" bw="1" slack="0"/>
<pin id="1752" dir="0" index="14" bw="3" slack="1"/>
<pin id="1753" dir="1" index="15" bw="1" slack="0"/>
</pin_list>
<bind>
<opcode="sparsemux(1197) " fcode="sparsemux"/>
<opset="tmp_7/2 "/>
</bind>
</comp>

<comp id="1768" class="1004" name="tmp_8_fu_1768">
<pin_list>
<pin id="1769" dir="0" index="0" bw="1" slack="0"/>
<pin id="1770" dir="0" index="1" bw="1" slack="0"/>
<pin id="1771" dir="0" index="2" bw="1" slack="0"/>
<pin id="1772" dir="0" index="3" bw="1" slack="0"/>
<pin id="1773" dir="0" index="4" bw="1" slack="0"/>
<pin id="1774" dir="0" index="5" bw="3" slack="0"/>
<pin id="1775" dir="0" index="6" bw="1" slack="0"/>
<pin id="1776" dir="0" index="7" bw="3" slack="0"/>
<pin id="1777" dir="0" index="8" bw="1" slack="0"/>
<pin id="1778" dir="0" index="9" bw="3" slack="0"/>
<pin id="1779" dir="0" index="10" bw="1" slack="0"/>
<pin id="1780" dir="0" index="11" bw="3" slack="0"/>
<pin id="1781" dir="0" index="12" bw="1" slack="0"/>
<pin id="1782" dir="0" index="13" bw="1" slack="0"/>
<pin id="1783" dir="0" index="14" bw="3" slack="1"/>
<pin id="1784" dir="1" index="15" bw="1" slack="0"/>
</pin_list>
<bind>
<opcode="sparsemux(1197) " fcode="sparsemux"/>
<opset="tmp_8/2 "/>
</bind>
</comp>

<comp id="1799" class="1004" name="tmp_9_fu_1799">
<pin_list>
<pin id="1800" dir="0" index="0" bw="1" slack="0"/>
<pin id="1801" dir="0" index="1" bw="1" slack="0"/>
<pin id="1802" dir="0" index="2" bw="1" slack="0"/>
<pin id="1803" dir="0" index="3" bw="1" slack="0"/>
<pin id="1804" dir="0" index="4" bw="1" slack="0"/>
<pin id="1805" dir="0" index="5" bw="3" slack="0"/>
<pin id="1806" dir="0" index="6" bw="1" slack="0"/>
<pin id="1807" dir="0" index="7" bw="3" slack="0"/>
<pin id="1808" dir="0" index="8" bw="1" slack="0"/>
<pin id="1809" dir="0" index="9" bw="3" slack="0"/>
<pin id="1810" dir="0" index="10" bw="1" slack="0"/>
<pin id="1811" dir="0" index="11" bw="3" slack="0"/>
<pin id="1812" dir="0" index="12" bw="1" slack="0"/>
<pin id="1813" dir="0" index="13" bw="1" slack="0"/>
<pin id="1814" dir="0" index="14" bw="3" slack="1"/>
<pin id="1815" dir="1" index="15" bw="1" slack="0"/>
</pin_list>
<bind>
<opcode="sparsemux(1197) " fcode="sparsemux"/>
<opset="tmp_9/2 "/>
</bind>
</comp>

<comp id="1830" class="1004" name="tmp_10_fu_1830">
<pin_list>
<pin id="1831" dir="0" index="0" bw="1" slack="0"/>
<pin id="1832" dir="0" index="1" bw="1" slack="0"/>
<pin id="1833" dir="0" index="2" bw="1" slack="0"/>
<pin id="1834" dir="0" index="3" bw="1" slack="0"/>
<pin id="1835" dir="0" index="4" bw="1" slack="0"/>
<pin id="1836" dir="0" index="5" bw="3" slack="0"/>
<pin id="1837" dir="0" index="6" bw="1" slack="0"/>
<pin id="1838" dir="0" index="7" bw="3" slack="0"/>
<pin id="1839" dir="0" index="8" bw="1" slack="0"/>
<pin id="1840" dir="0" index="9" bw="3" slack="0"/>
<pin id="1841" dir="0" index="10" bw="1" slack="0"/>
<pin id="1842" dir="0" index="11" bw="3" slack="0"/>
<pin id="1843" dir="0" index="12" bw="1" slack="0"/>
<pin id="1844" dir="0" index="13" bw="1" slack="0"/>
<pin id="1845" dir="0" index="14" bw="3" slack="1"/>
<pin id="1846" dir="1" index="15" bw="1" slack="0"/>
</pin_list>
<bind>
<opcode="sparsemux(1197) " fcode="sparsemux"/>
<opset="tmp_10/2 "/>
</bind>
</comp>

<comp id="1861" class="1004" name="tmp_11_fu_1861">
<pin_list>
<pin id="1862" dir="0" index="0" bw="1" slack="0"/>
<pin id="1863" dir="0" index="1" bw="1" slack="0"/>
<pin id="1864" dir="0" index="2" bw="1" slack="0"/>
<pin id="1865" dir="0" index="3" bw="1" slack="0"/>
<pin id="1866" dir="0" index="4" bw="1" slack="0"/>
<pin id="1867" dir="0" index="5" bw="3" slack="0"/>
<pin id="1868" dir="0" index="6" bw="1" slack="0"/>
<pin id="1869" dir="0" index="7" bw="3" slack="0"/>
<pin id="1870" dir="0" index="8" bw="1" slack="0"/>
<pin id="1871" dir="0" index="9" bw="3" slack="0"/>
<pin id="1872" dir="0" index="10" bw="1" slack="0"/>
<pin id="1873" dir="0" index="11" bw="3" slack="0"/>
<pin id="1874" dir="0" index="12" bw="1" slack="0"/>
<pin id="1875" dir="0" index="13" bw="1" slack="0"/>
<pin id="1876" dir="0" index="14" bw="3" slack="1"/>
<pin id="1877" dir="1" index="15" bw="1" slack="0"/>
</pin_list>
<bind>
<opcode="sparsemux(1197) " fcode="sparsemux"/>
<opset="tmp_11/2 "/>
</bind>
</comp>

<comp id="1892" class="1004" name="tmp_12_fu_1892">
<pin_list>
<pin id="1893" dir="0" index="0" bw="1" slack="0"/>
<pin id="1894" dir="0" index="1" bw="1" slack="0"/>
<pin id="1895" dir="0" index="2" bw="1" slack="0"/>
<pin id="1896" dir="0" index="3" bw="1" slack="0"/>
<pin id="1897" dir="0" index="4" bw="1" slack="0"/>
<pin id="1898" dir="0" index="5" bw="3" slack="0"/>
<pin id="1899" dir="0" index="6" bw="1" slack="0"/>
<pin id="1900" dir="0" index="7" bw="3" slack="0"/>
<pin id="1901" dir="0" index="8" bw="1" slack="0"/>
<pin id="1902" dir="0" index="9" bw="3" slack="0"/>
<pin id="1903" dir="0" index="10" bw="1" slack="0"/>
<pin id="1904" dir="0" index="11" bw="3" slack="0"/>
<pin id="1905" dir="0" index="12" bw="1" slack="0"/>
<pin id="1906" dir="0" index="13" bw="1" slack="0"/>
<pin id="1907" dir="0" index="14" bw="3" slack="1"/>
<pin id="1908" dir="1" index="15" bw="1" slack="0"/>
</pin_list>
<bind>
<opcode="sparsemux(1197) " fcode="sparsemux"/>
<opset="tmp_12/2 "/>
</bind>
</comp>

<comp id="1923" class="1004" name="tmp_13_fu_1923">
<pin_list>
<pin id="1924" dir="0" index="0" bw="1" slack="0"/>
<pin id="1925" dir="0" index="1" bw="1" slack="0"/>
<pin id="1926" dir="0" index="2" bw="1" slack="0"/>
<pin id="1927" dir="0" index="3" bw="1" slack="0"/>
<pin id="1928" dir="0" index="4" bw="1" slack="0"/>
<pin id="1929" dir="0" index="5" bw="3" slack="0"/>
<pin id="1930" dir="0" index="6" bw="1" slack="0"/>
<pin id="1931" dir="0" index="7" bw="3" slack="0"/>
<pin id="1932" dir="0" index="8" bw="1" slack="0"/>
<pin id="1933" dir="0" index="9" bw="3" slack="0"/>
<pin id="1934" dir="0" index="10" bw="1" slack="0"/>
<pin id="1935" dir="0" index="11" bw="3" slack="0"/>
<pin id="1936" dir="0" index="12" bw="1" slack="0"/>
<pin id="1937" dir="0" index="13" bw="1" slack="0"/>
<pin id="1938" dir="0" index="14" bw="3" slack="1"/>
<pin id="1939" dir="1" index="15" bw="1" slack="0"/>
</pin_list>
<bind>
<opcode="sparsemux(1197) " fcode="sparsemux"/>
<opset="tmp_13/2 "/>
</bind>
</comp>

<comp id="1954" class="1004" name="select_ln217_fu_1954">
<pin_list>
<pin id="1955" dir="0" index="0" bw="1" slack="1"/>
<pin id="1956" dir="0" index="1" bw="1" slack="0"/>
<pin id="1957" dir="0" index="2" bw="1" slack="0"/>
<pin id="1958" dir="1" index="3" bw="1" slack="0"/>
</pin_list>
<bind>
<opcode="select(49) " fcode="select"/>
<opset="select_ln217/2 "/>
</bind>
</comp>

<comp id="1961" class="1004" name="add_ln217_fu_1961">
<pin_list>
<pin id="1962" dir="0" index="0" bw="10" slack="0"/>
<pin id="1963" dir="0" index="1" bw="3" slack="0"/>
<pin id="1964" dir="1" index="2" bw="10" slack="0"/>
</pin_list>
<bind>
<opcode="add(8) " fcode="add"/>
<opset="add_ln217/2 "/>
</bind>
</comp>

<comp id="1967" class="1004" name="sext_ln217_fu_1967">
<pin_list>
<pin id="1968" dir="0" index="0" bw="10" slack="0"/>
<pin id="1969" dir="1" index="1" bw="32" slack="0"/>
</pin_list>
<bind>
<opcode="sext(35) " fcode="sext"/>
<opset="sext_ln217/2 "/>
</bind>
</comp>

<comp id="1971" class="1004" name="beat_1_fu_1971">
<pin_list>
<pin id="1972" dir="0" index="0" bw="512" slack="0"/>
<pin id="1973" dir="0" index="1" bw="512" slack="0"/>
<pin id="1974" dir="0" index="2" bw="10" slack="0"/>
<pin id="1975" dir="0" index="3" bw="1" slack="0"/>
<pin id="1976" dir="1" index="4" bw="512" slack="0"/>
</pin_list>
<bind>
<opcode="bitset(1001) " fcode="bitset"/>
<opset="beat_1/2 "/>
</bind>
</comp>

<comp id="1981" class="1004" name="store_ln212_store_fu_1981">
<pin_list>
<pin id="1982" dir="0" index="0" bw="512" slack="0"/>
<pin id="1983" dir="0" index="1" bw="512" slack="1"/>
<pin id="1984" dir="1" index="2" bw="0" slack="2147483647"/>
</pin_list>
<bind>
<opcode="store(28) " fcode="store"/>
<opset="store_ln212/2 "/>
</bind>
</comp>

<comp id="1986" class="1004" name="beat_load_load_fu_1986">
<pin_list>
<pin id="1987" dir="0" index="0" bw="512" slack="0"/>
<pin id="1988" dir="1" index="1" bw="512" slack="0"/>
</pin_list>
<bind>
<opcode="load(27) " fcode="load"/>
<opset="beat_load/1 "/>
</bind>
</comp>

<comp id="1990" class="1005" name="beat_reg_1990">
<pin_list>
<pin id="1991" dir="0" index="0" bw="512" slack="0"/>
<pin id="1992" dir="1" index="1" bw="512" slack="0"/>
</pin_list>
<bind>
<opset="beat "/>
</bind>
</comp>

<comp id="1998" class="1005" name="x_reg_1998">
<pin_list>
<pin id="1999" dir="0" index="0" bw="3" slack="0"/>
<pin id="2000" dir="1" index="1" bw="3" slack="0"/>
</pin_list>
<bind>
<opset="x "/>
</bind>
</comp>

<comp id="2005" class="1005" name="y_reg_2005">
<pin_list>
<pin id="2006" dir="0" index="0" bw="3" slack="0"/>
<pin id="2007" dir="1" index="1" bw="3" slack="0"/>
</pin_list>
<bind>
<opset="y "/>
</bind>
</comp>

<comp id="2012" class="1005" name="indvar_flatten43_reg_2012">
<pin_list>
<pin id="2013" dir="0" index="0" bw="6" slack="0"/>
<pin id="2014" dir="1" index="1" bw="6" slack="0"/>
</pin_list>
<bind>
<opset="indvar_flatten43 "/>
</bind>
</comp>

<comp id="2019" class="1005" name="t_reg_2019">
<pin_list>
<pin id="2020" dir="0" index="0" bw="3" slack="0"/>
<pin id="2021" dir="1" index="1" bw="3" slack="0"/>
</pin_list>
<bind>
<opset="t "/>
</bind>
</comp>

<comp id="2026" class="1005" name="indvar_flatten58_reg_2026">
<pin_list>
<pin id="2027" dir="0" index="0" bw="8" slack="0"/>
<pin id="2028" dir="1" index="1" bw="8" slack="0"/>
</pin_list>
<bind>
<opset="indvar_flatten58 "/>
</bind>
</comp>

<comp id="2036" class="1005" name="select_ln213_reg_2036">
<pin_list>
<pin id="2037" dir="0" index="0" bw="3" slack="1"/>
<pin id="2038" dir="1" index="1" bw="3" slack="1"/>
</pin_list>
<bind>
<opset="select_ln213 "/>
</bind>
</comp>

<comp id="2042" class="1005" name="select_ln212_1_reg_2042">
<pin_list>
<pin id="2043" dir="0" index="0" bw="3" slack="1"/>
<pin id="2044" dir="1" index="1" bw="3" slack="1"/>
</pin_list>
<bind>
<opset="select_ln212_1 "/>
</bind>
</comp>

<comp id="2059" class="1005" name="select_ln214_reg_2059">
<pin_list>
<pin id="2060" dir="0" index="0" bw="3" slack="1"/>
<pin id="2061" dir="1" index="1" bw="3" slack="1"/>
</pin_list>
<bind>
<opset="select_ln214 "/>
</bind>
</comp>

<comp id="2066" class="1005" name="trunc_ln213_reg_2066">
<pin_list>
<pin id="2067" dir="0" index="0" bw="1" slack="1"/>
<pin id="2068" dir="1" index="1" bw="1" slack="1"/>
</pin_list>
<bind>
<opset="trunc_ln213 "/>
</bind>
</comp>

<comp id="2071" class="1005" name="correction_addr_reg_2071">
<pin_list>
<pin id="2072" dir="0" index="0" bw="2" slack="1"/>
<pin id="2073" dir="1" index="1" bw="2" slack="1"/>
</pin_list>
<bind>
<opset="correction_addr "/>
</bind>
</comp>

<comp id="2076" class="1005" name="correction_1_addr_reg_2076">
<pin_list>
<pin id="2077" dir="0" index="0" bw="2" slack="1"/>
<pin id="2078" dir="1" index="1" bw="2" slack="1"/>
</pin_list>
<bind>
<opset="correction_1_addr "/>
</bind>
</comp>

<comp id="2081" class="1005" name="correction_2_addr_reg_2081">
<pin_list>
<pin id="2082" dir="0" index="0" bw="2" slack="1"/>
<pin id="2083" dir="1" index="1" bw="2" slack="1"/>
</pin_list>
<bind>
<opset="correction_2_addr "/>
</bind>
</comp>

<comp id="2086" class="1005" name="correction_3_addr_reg_2086">
<pin_list>
<pin id="2087" dir="0" index="0" bw="2" slack="1"/>
<pin id="2088" dir="1" index="1" bw="2" slack="1"/>
</pin_list>
<bind>
<opset="correction_3_addr "/>
</bind>
</comp>

<comp id="2091" class="1005" name="correction_4_addr_reg_2091">
<pin_list>
<pin id="2092" dir="0" index="0" bw="2" slack="1"/>
<pin id="2093" dir="1" index="1" bw="2" slack="1"/>
</pin_list>
<bind>
<opset="correction_4_addr "/>
</bind>
</comp>

<comp id="2096" class="1005" name="correction_5_addr_reg_2096">
<pin_list>
<pin id="2097" dir="0" index="0" bw="2" slack="1"/>
<pin id="2098" dir="1" index="1" bw="2" slack="1"/>
</pin_list>
<bind>
<opset="correction_5_addr "/>
</bind>
</comp>

<comp id="2101" class="1005" name="correction_6_addr_reg_2101">
<pin_list>
<pin id="2102" dir="0" index="0" bw="2" slack="1"/>
<pin id="2103" dir="1" index="1" bw="2" slack="1"/>
</pin_list>
<bind>
<opset="correction_6_addr "/>
</bind>
</comp>

<comp id="2106" class="1005" name="correction_7_addr_reg_2106">
<pin_list>
<pin id="2107" dir="0" index="0" bw="2" slack="1"/>
<pin id="2108" dir="1" index="1" bw="2" slack="1"/>
</pin_list>
<bind>
<opset="correction_7_addr "/>
</bind>
</comp>

<comp id="2111" class="1005" name="correction_8_addr_reg_2111">
<pin_list>
<pin id="2112" dir="0" index="0" bw="2" slack="1"/>
<pin id="2113" dir="1" index="1" bw="2" slack="1"/>
</pin_list>
<bind>
<opset="correction_8_addr "/>
</bind>
</comp>

<comp id="2116" class="1005" name="correction_9_addr_reg_2116">
<pin_list>
<pin id="2117" dir="0" index="0" bw="2" slack="1"/>
<pin id="2118" dir="1" index="1" bw="2" slack="1"/>
</pin_list>
<bind>
<opset="correction_9_addr "/>
</bind>
</comp>

<comp id="2121" class="1005" name="correction_10_addr_reg_2121">
<pin_list>
<pin id="2122" dir="0" index="0" bw="2" slack="1"/>
<pin id="2123" dir="1" index="1" bw="2" slack="1"/>
</pin_list>
<bind>
<opset="correction_10_addr "/>
</bind>
</comp>

<comp id="2126" class="1005" name="correction_11_addr_reg_2126">
<pin_list>
<pin id="2127" dir="0" index="0" bw="2" slack="1"/>
<pin id="2128" dir="1" index="1" bw="2" slack="1"/>
</pin_list>
<bind>
<opset="correction_11_addr "/>
</bind>
</comp>

<comp id="2131" class="1005" name="correction_12_addr_reg_2131">
<pin_list>
<pin id="2132" dir="0" index="0" bw="2" slack="1"/>
<pin id="2133" dir="1" index="1" bw="2" slack="1"/>
</pin_list>
<bind>
<opset="correction_12_addr "/>
</bind>
</comp>

<comp id="2136" class="1005" name="correction_13_addr_reg_2136">
<pin_list>
<pin id="2137" dir="0" index="0" bw="2" slack="1"/>
<pin id="2138" dir="1" index="1" bw="2" slack="1"/>
</pin_list>
<bind>
<opset="correction_13_addr "/>
</bind>
</comp>

<comp id="2141" class="1005" name="correction_14_addr_reg_2141">
<pin_list>
<pin id="2142" dir="0" index="0" bw="2" slack="1"/>
<pin id="2143" dir="1" index="1" bw="2" slack="1"/>
</pin_list>
<bind>
<opset="correction_14_addr "/>
</bind>
</comp>

<comp id="2146" class="1005" name="correction_15_addr_reg_2146">
<pin_list>
<pin id="2147" dir="0" index="0" bw="2" slack="1"/>
<pin id="2148" dir="1" index="1" bw="2" slack="1"/>
</pin_list>
<bind>
<opset="correction_15_addr "/>
</bind>
</comp>

<comp id="2151" class="1005" name="correction_16_addr_reg_2151">
<pin_list>
<pin id="2152" dir="0" index="0" bw="2" slack="1"/>
<pin id="2153" dir="1" index="1" bw="2" slack="1"/>
</pin_list>
<bind>
<opset="correction_16_addr "/>
</bind>
</comp>

<comp id="2156" class="1005" name="correction_17_addr_reg_2156">
<pin_list>
<pin id="2157" dir="0" index="0" bw="2" slack="1"/>
<pin id="2158" dir="1" index="1" bw="2" slack="1"/>
</pin_list>
<bind>
<opset="correction_17_addr "/>
</bind>
</comp>

<comp id="2161" class="1005" name="correction_18_addr_reg_2161">
<pin_list>
<pin id="2162" dir="0" index="0" bw="2" slack="1"/>
<pin id="2163" dir="1" index="1" bw="2" slack="1"/>
</pin_list>
<bind>
<opset="correction_18_addr "/>
</bind>
</comp>

<comp id="2166" class="1005" name="correction_19_addr_reg_2166">
<pin_list>
<pin id="2167" dir="0" index="0" bw="2" slack="1"/>
<pin id="2168" dir="1" index="1" bw="2" slack="1"/>
</pin_list>
<bind>
<opset="correction_19_addr "/>
</bind>
</comp>

<comp id="2171" class="1005" name="correction_20_addr_reg_2171">
<pin_list>
<pin id="2172" dir="0" index="0" bw="2" slack="1"/>
<pin id="2173" dir="1" index="1" bw="2" slack="1"/>
</pin_list>
<bind>
<opset="correction_20_addr "/>
</bind>
</comp>

<comp id="2176" class="1005" name="correction_21_addr_reg_2176">
<pin_list>
<pin id="2177" dir="0" index="0" bw="2" slack="1"/>
<pin id="2178" dir="1" index="1" bw="2" slack="1"/>
</pin_list>
<bind>
<opset="correction_21_addr "/>
</bind>
</comp>

<comp id="2181" class="1005" name="correction_22_addr_reg_2181">
<pin_list>
<pin id="2182" dir="0" index="0" bw="2" slack="1"/>
<pin id="2183" dir="1" index="1" bw="2" slack="1"/>
</pin_list>
<bind>
<opset="correction_22_addr "/>
</bind>
</comp>

<comp id="2186" class="1005" name="correction_23_addr_reg_2186">
<pin_list>
<pin id="2187" dir="0" index="0" bw="2" slack="1"/>
<pin id="2188" dir="1" index="1" bw="2" slack="1"/>
</pin_list>
<bind>
<opset="correction_23_addr "/>
</bind>
</comp>

<comp id="2191" class="1005" name="correction_24_addr_reg_2191">
<pin_list>
<pin id="2192" dir="0" index="0" bw="2" slack="1"/>
<pin id="2193" dir="1" index="1" bw="2" slack="1"/>
</pin_list>
<bind>
<opset="correction_24_addr "/>
</bind>
</comp>

<comp id="2196" class="1005" name="correction_25_addr_reg_2196">
<pin_list>
<pin id="2197" dir="0" index="0" bw="2" slack="1"/>
<pin id="2198" dir="1" index="1" bw="2" slack="1"/>
</pin_list>
<bind>
<opset="correction_25_addr "/>
</bind>
</comp>

<comp id="2201" class="1005" name="correction_26_addr_reg_2201">
<pin_list>
<pin id="2202" dir="0" index="0" bw="2" slack="1"/>
<pin id="2203" dir="1" index="1" bw="2" slack="1"/>
</pin_list>
<bind>
<opset="correction_26_addr "/>
</bind>
</comp>

<comp id="2206" class="1005" name="correction_27_addr_reg_2206">
<pin_list>
<pin id="2207" dir="0" index="0" bw="2" slack="1"/>
<pin id="2208" dir="1" index="1" bw="2" slack="1"/>
</pin_list>
<bind>
<opset="correction_27_addr "/>
</bind>
</comp>

<comp id="2211" class="1005" name="correction_28_addr_reg_2211">
<pin_list>
<pin id="2212" dir="0" index="0" bw="2" slack="1"/>
<pin id="2213" dir="1" index="1" bw="2" slack="1"/>
</pin_list>
<bind>
<opset="correction_28_addr "/>
</bind>
</comp>

<comp id="2216" class="1005" name="correction_29_addr_reg_2216">
<pin_list>
<pin id="2217" dir="0" index="0" bw="2" slack="1"/>
<pin id="2218" dir="1" index="1" bw="2" slack="1"/>
</pin_list>
<bind>
<opset="correction_29_addr "/>
</bind>
</comp>

<comp id="2221" class="1005" name="correction_30_addr_reg_2221">
<pin_list>
<pin id="2222" dir="0" index="0" bw="2" slack="1"/>
<pin id="2223" dir="1" index="1" bw="2" slack="1"/>
</pin_list>
<bind>
<opset="correction_30_addr "/>
</bind>
</comp>

<comp id="2226" class="1005" name="correction_31_addr_reg_2226">
<pin_list>
<pin id="2227" dir="0" index="0" bw="2" slack="1"/>
<pin id="2228" dir="1" index="1" bw="2" slack="1"/>
</pin_list>
<bind>
<opset="correction_31_addr "/>
</bind>
</comp>

<comp id="2231" class="1005" name="correction_32_addr_reg_2231">
<pin_list>
<pin id="2232" dir="0" index="0" bw="2" slack="1"/>
<pin id="2233" dir="1" index="1" bw="2" slack="1"/>
</pin_list>
<bind>
<opset="correction_32_addr "/>
</bind>
</comp>

<comp id="2236" class="1005" name="correction_33_addr_reg_2236">
<pin_list>
<pin id="2237" dir="0" index="0" bw="2" slack="1"/>
<pin id="2238" dir="1" index="1" bw="2" slack="1"/>
</pin_list>
<bind>
<opset="correction_33_addr "/>
</bind>
</comp>

<comp id="2241" class="1005" name="correction_34_addr_reg_2241">
<pin_list>
<pin id="2242" dir="0" index="0" bw="2" slack="1"/>
<pin id="2243" dir="1" index="1" bw="2" slack="1"/>
</pin_list>
<bind>
<opset="correction_34_addr "/>
</bind>
</comp>

<comp id="2246" class="1005" name="correction_35_addr_reg_2246">
<pin_list>
<pin id="2247" dir="0" index="0" bw="2" slack="1"/>
<pin id="2248" dir="1" index="1" bw="2" slack="1"/>
</pin_list>
<bind>
<opset="correction_35_addr "/>
</bind>
</comp>

<comp id="2251" class="1005" name="correction_36_addr_reg_2251">
<pin_list>
<pin id="2252" dir="0" index="0" bw="2" slack="1"/>
<pin id="2253" dir="1" index="1" bw="2" slack="1"/>
</pin_list>
<bind>
<opset="correction_36_addr "/>
</bind>
</comp>

<comp id="2256" class="1005" name="correction_37_addr_reg_2256">
<pin_list>
<pin id="2257" dir="0" index="0" bw="2" slack="1"/>
<pin id="2258" dir="1" index="1" bw="2" slack="1"/>
</pin_list>
<bind>
<opset="correction_37_addr "/>
</bind>
</comp>

<comp id="2261" class="1005" name="correction_38_addr_reg_2261">
<pin_list>
<pin id="2262" dir="0" index="0" bw="2" slack="1"/>
<pin id="2263" dir="1" index="1" bw="2" slack="1"/>
</pin_list>
<bind>
<opset="correction_38_addr "/>
</bind>
</comp>

<comp id="2266" class="1005" name="correction_39_addr_reg_2266">
<pin_list>
<pin id="2267" dir="0" index="0" bw="2" slack="1"/>
<pin id="2268" dir="1" index="1" bw="2" slack="1"/>
</pin_list>
<bind>
<opset="correction_39_addr "/>
</bind>
</comp>

<comp id="2271" class="1005" name="correction_40_addr_reg_2271">
<pin_list>
<pin id="2272" dir="0" index="0" bw="2" slack="1"/>
<pin id="2273" dir="1" index="1" bw="2" slack="1"/>
</pin_list>
<bind>
<opset="correction_40_addr "/>
</bind>
</comp>

<comp id="2276" class="1005" name="correction_41_addr_reg_2276">
<pin_list>
<pin id="2277" dir="0" index="0" bw="2" slack="1"/>
<pin id="2278" dir="1" index="1" bw="2" slack="1"/>
</pin_list>
<bind>
<opset="correction_41_addr "/>
</bind>
</comp>

<comp id="2281" class="1005" name="correction_42_addr_reg_2281">
<pin_list>
<pin id="2282" dir="0" index="0" bw="2" slack="1"/>
<pin id="2283" dir="1" index="1" bw="2" slack="1"/>
</pin_list>
<bind>
<opset="correction_42_addr "/>
</bind>
</comp>

<comp id="2286" class="1005" name="correction_43_addr_reg_2286">
<pin_list>
<pin id="2287" dir="0" index="0" bw="2" slack="1"/>
<pin id="2288" dir="1" index="1" bw="2" slack="1"/>
</pin_list>
<bind>
<opset="correction_43_addr "/>
</bind>
</comp>

<comp id="2291" class="1005" name="correction_44_addr_reg_2291">
<pin_list>
<pin id="2292" dir="0" index="0" bw="2" slack="1"/>
<pin id="2293" dir="1" index="1" bw="2" slack="1"/>
</pin_list>
<bind>
<opset="correction_44_addr "/>
</bind>
</comp>

<comp id="2296" class="1005" name="correction_45_addr_reg_2296">
<pin_list>
<pin id="2297" dir="0" index="0" bw="2" slack="1"/>
<pin id="2298" dir="1" index="1" bw="2" slack="1"/>
</pin_list>
<bind>
<opset="correction_45_addr "/>
</bind>
</comp>

<comp id="2301" class="1005" name="correction_46_addr_reg_2301">
<pin_list>
<pin id="2302" dir="0" index="0" bw="2" slack="1"/>
<pin id="2303" dir="1" index="1" bw="2" slack="1"/>
</pin_list>
<bind>
<opset="correction_46_addr "/>
</bind>
</comp>

<comp id="2306" class="1005" name="correction_47_addr_reg_2306">
<pin_list>
<pin id="2307" dir="0" index="0" bw="2" slack="1"/>
<pin id="2308" dir="1" index="1" bw="2" slack="1"/>
</pin_list>
<bind>
<opset="correction_47_addr "/>
</bind>
</comp>

<comp id="2311" class="1005" name="correction_48_addr_reg_2311">
<pin_list>
<pin id="2312" dir="0" index="0" bw="2" slack="1"/>
<pin id="2313" dir="1" index="1" bw="2" slack="1"/>
</pin_list>
<bind>
<opset="correction_48_addr "/>
</bind>
</comp>

<comp id="2316" class="1005" name="correction_49_addr_reg_2316">
<pin_list>
<pin id="2317" dir="0" index="0" bw="2" slack="1"/>
<pin id="2318" dir="1" index="1" bw="2" slack="1"/>
</pin_list>
<bind>
<opset="correction_49_addr "/>
</bind>
</comp>

<comp id="2321" class="1005" name="correction_50_addr_reg_2321">
<pin_list>
<pin id="2322" dir="0" index="0" bw="2" slack="1"/>
<pin id="2323" dir="1" index="1" bw="2" slack="1"/>
</pin_list>
<bind>
<opset="correction_50_addr "/>
</bind>
</comp>

<comp id="2326" class="1005" name="correction_51_addr_reg_2326">
<pin_list>
<pin id="2327" dir="0" index="0" bw="2" slack="1"/>
<pin id="2328" dir="1" index="1" bw="2" slack="1"/>
</pin_list>
<bind>
<opset="correction_51_addr "/>
</bind>
</comp>

<comp id="2331" class="1005" name="correction_52_addr_reg_2331">
<pin_list>
<pin id="2332" dir="0" index="0" bw="2" slack="1"/>
<pin id="2333" dir="1" index="1" bw="2" slack="1"/>
</pin_list>
<bind>
<opset="correction_52_addr "/>
</bind>
</comp>

<comp id="2336" class="1005" name="correction_53_addr_reg_2336">
<pin_list>
<pin id="2337" dir="0" index="0" bw="2" slack="1"/>
<pin id="2338" dir="1" index="1" bw="2" slack="1"/>
</pin_list>
<bind>
<opset="correction_53_addr "/>
</bind>
</comp>

<comp id="2341" class="1005" name="correction_54_addr_reg_2341">
<pin_list>
<pin id="2342" dir="0" index="0" bw="2" slack="1"/>
<pin id="2343" dir="1" index="1" bw="2" slack="1"/>
</pin_list>
<bind>
<opset="correction_54_addr "/>
</bind>
</comp>

<comp id="2346" class="1005" name="correction_55_addr_reg_2346">
<pin_list>
<pin id="2347" dir="0" index="0" bw="2" slack="1"/>
<pin id="2348" dir="1" index="1" bw="2" slack="1"/>
</pin_list>
<bind>
<opset="correction_55_addr "/>
</bind>
</comp>

<comp id="2351" class="1005" name="correction_56_addr_reg_2351">
<pin_list>
<pin id="2352" dir="0" index="0" bw="2" slack="1"/>
<pin id="2353" dir="1" index="1" bw="2" slack="1"/>
</pin_list>
<bind>
<opset="correction_56_addr "/>
</bind>
</comp>

<comp id="2356" class="1005" name="correction_57_addr_reg_2356">
<pin_list>
<pin id="2357" dir="0" index="0" bw="2" slack="1"/>
<pin id="2358" dir="1" index="1" bw="2" slack="1"/>
</pin_list>
<bind>
<opset="correction_57_addr "/>
</bind>
</comp>

<comp id="2361" class="1005" name="correction_58_addr_reg_2361">
<pin_list>
<pin id="2362" dir="0" index="0" bw="2" slack="1"/>
<pin id="2363" dir="1" index="1" bw="2" slack="1"/>
</pin_list>
<bind>
<opset="correction_58_addr "/>
</bind>
</comp>

<comp id="2366" class="1005" name="correction_59_addr_reg_2366">
<pin_list>
<pin id="2367" dir="0" index="0" bw="2" slack="1"/>
<pin id="2368" dir="1" index="1" bw="2" slack="1"/>
</pin_list>
<bind>
<opset="correction_59_addr "/>
</bind>
</comp>

<comp id="2371" class="1005" name="correction_60_addr_reg_2371">
<pin_list>
<pin id="2372" dir="0" index="0" bw="2" slack="1"/>
<pin id="2373" dir="1" index="1" bw="2" slack="1"/>
</pin_list>
<bind>
<opset="correction_60_addr "/>
</bind>
</comp>

<comp id="2376" class="1005" name="correction_61_addr_reg_2376">
<pin_list>
<pin id="2377" dir="0" index="0" bw="2" slack="1"/>
<pin id="2378" dir="1" index="1" bw="2" slack="1"/>
</pin_list>
<bind>
<opset="correction_61_addr "/>
</bind>
</comp>

<comp id="2381" class="1005" name="correction_62_addr_reg_2381">
<pin_list>
<pin id="2382" dir="0" index="0" bw="2" slack="1"/>
<pin id="2383" dir="1" index="1" bw="2" slack="1"/>
</pin_list>
<bind>
<opset="correction_62_addr "/>
</bind>
</comp>

<comp id="2386" class="1005" name="correction_63_addr_reg_2386">
<pin_list>
<pin id="2387" dir="0" index="0" bw="2" slack="1"/>
<pin id="2388" dir="1" index="1" bw="2" slack="1"/>
</pin_list>
<bind>
<opset="correction_63_addr "/>
</bind>
</comp>

<comp id="2391" class="1005" name="correction_64_addr_reg_2391">
<pin_list>
<pin id="2392" dir="0" index="0" bw="2" slack="1"/>
<pin id="2393" dir="1" index="1" bw="2" slack="1"/>
</pin_list>
<bind>
<opset="correction_64_addr "/>
</bind>
</comp>

<comp id="2396" class="1005" name="correction_65_addr_reg_2396">
<pin_list>
<pin id="2397" dir="0" index="0" bw="2" slack="1"/>
<pin id="2398" dir="1" index="1" bw="2" slack="1"/>
</pin_list>
<bind>
<opset="correction_65_addr "/>
</bind>
</comp>

<comp id="2401" class="1005" name="correction_66_addr_reg_2401">
<pin_list>
<pin id="2402" dir="0" index="0" bw="2" slack="1"/>
<pin id="2403" dir="1" index="1" bw="2" slack="1"/>
</pin_list>
<bind>
<opset="correction_66_addr "/>
</bind>
</comp>

<comp id="2406" class="1005" name="correction_67_addr_reg_2406">
<pin_list>
<pin id="2407" dir="0" index="0" bw="2" slack="1"/>
<pin id="2408" dir="1" index="1" bw="2" slack="1"/>
</pin_list>
<bind>
<opset="correction_67_addr "/>
</bind>
</comp>

<comp id="2411" class="1005" name="correction_68_addr_reg_2411">
<pin_list>
<pin id="2412" dir="0" index="0" bw="2" slack="1"/>
<pin id="2413" dir="1" index="1" bw="2" slack="1"/>
</pin_list>
<bind>
<opset="correction_68_addr "/>
</bind>
</comp>

<comp id="2416" class="1005" name="correction_69_addr_reg_2416">
<pin_list>
<pin id="2417" dir="0" index="0" bw="2" slack="1"/>
<pin id="2418" dir="1" index="1" bw="2" slack="1"/>
</pin_list>
<bind>
<opset="correction_69_addr "/>
</bind>
</comp>

<comp id="2421" class="1005" name="correction_70_addr_reg_2421">
<pin_list>
<pin id="2422" dir="0" index="0" bw="2" slack="1"/>
<pin id="2423" dir="1" index="1" bw="2" slack="1"/>
</pin_list>
<bind>
<opset="correction_70_addr "/>
</bind>
</comp>

<comp id="2426" class="1005" name="correction_71_addr_reg_2426">
<pin_list>
<pin id="2427" dir="0" index="0" bw="2" slack="1"/>
<pin id="2428" dir="1" index="1" bw="2" slack="1"/>
</pin_list>
<bind>
<opset="correction_71_addr "/>
</bind>
</comp>

</comp_list>

<net_list>
<net id="221"><net_src comp="146" pin="0"/><net_sink comp="218" pin=0"/></net>

<net id="225"><net_src comp="146" pin="0"/><net_sink comp="222" pin=0"/></net>

<net id="229"><net_src comp="146" pin="0"/><net_sink comp="226" pin=0"/></net>

<net id="233"><net_src comp="146" pin="0"/><net_sink comp="230" pin=0"/></net>

<net id="237"><net_src comp="146" pin="0"/><net_sink comp="234" pin=0"/></net>

<net id="241"><net_src comp="146" pin="0"/><net_sink comp="238" pin=0"/></net>

<net id="247"><net_src comp="216" pin="0"/><net_sink comp="242" pin=0"/></net>

<net id="248"><net_src comp="144" pin="0"/><net_sink comp="242" pin=1"/></net>

<net id="254"><net_src comp="0" pin="0"/><net_sink comp="249" pin=0"/></net>

<net id="255"><net_src comp="172" pin="0"/><net_sink comp="249" pin=1"/></net>

<net id="261"><net_src comp="2" pin="0"/><net_sink comp="256" pin=0"/></net>

<net id="262"><net_src comp="172" pin="0"/><net_sink comp="256" pin=1"/></net>

<net id="268"><net_src comp="4" pin="0"/><net_sink comp="263" pin=0"/></net>

<net id="269"><net_src comp="172" pin="0"/><net_sink comp="263" pin=1"/></net>

<net id="275"><net_src comp="6" pin="0"/><net_sink comp="270" pin=0"/></net>

<net id="276"><net_src comp="172" pin="0"/><net_sink comp="270" pin=1"/></net>

<net id="282"><net_src comp="8" pin="0"/><net_sink comp="277" pin=0"/></net>

<net id="283"><net_src comp="172" pin="0"/><net_sink comp="277" pin=1"/></net>

<net id="289"><net_src comp="10" pin="0"/><net_sink comp="284" pin=0"/></net>

<net id="290"><net_src comp="172" pin="0"/><net_sink comp="284" pin=1"/></net>

<net id="296"><net_src comp="12" pin="0"/><net_sink comp="291" pin=0"/></net>

<net id="297"><net_src comp="172" pin="0"/><net_sink comp="291" pin=1"/></net>

<net id="303"><net_src comp="14" pin="0"/><net_sink comp="298" pin=0"/></net>

<net id="304"><net_src comp="172" pin="0"/><net_sink comp="298" pin=1"/></net>

<net id="310"><net_src comp="16" pin="0"/><net_sink comp="305" pin=0"/></net>

<net id="311"><net_src comp="172" pin="0"/><net_sink comp="305" pin=1"/></net>

<net id="317"><net_src comp="18" pin="0"/><net_sink comp="312" pin=0"/></net>

<net id="318"><net_src comp="172" pin="0"/><net_sink comp="312" pin=1"/></net>

<net id="324"><net_src comp="20" pin="0"/><net_sink comp="319" pin=0"/></net>

<net id="325"><net_src comp="172" pin="0"/><net_sink comp="319" pin=1"/></net>

<net id="331"><net_src comp="22" pin="0"/><net_sink comp="326" pin=0"/></net>

<net id="332"><net_src comp="172" pin="0"/><net_sink comp="326" pin=1"/></net>

<net id="338"><net_src comp="24" pin="0"/><net_sink comp="333" pin=0"/></net>

<net id="339"><net_src comp="172" pin="0"/><net_sink comp="333" pin=1"/></net>

<net id="345"><net_src comp="26" pin="0"/><net_sink comp="340" pin=0"/></net>

<net id="346"><net_src comp="172" pin="0"/><net_sink comp="340" pin=1"/></net>

<net id="352"><net_src comp="28" pin="0"/><net_sink comp="347" pin=0"/></net>

<net id="353"><net_src comp="172" pin="0"/><net_sink comp="347" pin=1"/></net>

<net id="359"><net_src comp="30" pin="0"/><net_sink comp="354" pin=0"/></net>

<net id="360"><net_src comp="172" pin="0"/><net_sink comp="354" pin=1"/></net>

<net id="366"><net_src comp="32" pin="0"/><net_sink comp="361" pin=0"/></net>

<net id="367"><net_src comp="172" pin="0"/><net_sink comp="361" pin=1"/></net>

<net id="373"><net_src comp="34" pin="0"/><net_sink comp="368" pin=0"/></net>

<net id="374"><net_src comp="172" pin="0"/><net_sink comp="368" pin=1"/></net>

<net id="380"><net_src comp="36" pin="0"/><net_sink comp="375" pin=0"/></net>

<net id="381"><net_src comp="172" pin="0"/><net_sink comp="375" pin=1"/></net>

<net id="387"><net_src comp="38" pin="0"/><net_sink comp="382" pin=0"/></net>

<net id="388"><net_src comp="172" pin="0"/><net_sink comp="382" pin=1"/></net>

<net id="394"><net_src comp="40" pin="0"/><net_sink comp="389" pin=0"/></net>

<net id="395"><net_src comp="172" pin="0"/><net_sink comp="389" pin=1"/></net>

<net id="401"><net_src comp="42" pin="0"/><net_sink comp="396" pin=0"/></net>

<net id="402"><net_src comp="172" pin="0"/><net_sink comp="396" pin=1"/></net>

<net id="408"><net_src comp="44" pin="0"/><net_sink comp="403" pin=0"/></net>

<net id="409"><net_src comp="172" pin="0"/><net_sink comp="403" pin=1"/></net>

<net id="415"><net_src comp="46" pin="0"/><net_sink comp="410" pin=0"/></net>

<net id="416"><net_src comp="172" pin="0"/><net_sink comp="410" pin=1"/></net>

<net id="422"><net_src comp="48" pin="0"/><net_sink comp="417" pin=0"/></net>

<net id="423"><net_src comp="172" pin="0"/><net_sink comp="417" pin=1"/></net>

<net id="429"><net_src comp="50" pin="0"/><net_sink comp="424" pin=0"/></net>

<net id="430"><net_src comp="172" pin="0"/><net_sink comp="424" pin=1"/></net>

<net id="436"><net_src comp="52" pin="0"/><net_sink comp="431" pin=0"/></net>

<net id="437"><net_src comp="172" pin="0"/><net_sink comp="431" pin=1"/></net>

<net id="443"><net_src comp="54" pin="0"/><net_sink comp="438" pin=0"/></net>

<net id="444"><net_src comp="172" pin="0"/><net_sink comp="438" pin=1"/></net>

<net id="450"><net_src comp="56" pin="0"/><net_sink comp="445" pin=0"/></net>

<net id="451"><net_src comp="172" pin="0"/><net_sink comp="445" pin=1"/></net>

<net id="457"><net_src comp="58" pin="0"/><net_sink comp="452" pin=0"/></net>

<net id="458"><net_src comp="172" pin="0"/><net_sink comp="452" pin=1"/></net>

<net id="464"><net_src comp="60" pin="0"/><net_sink comp="459" pin=0"/></net>

<net id="465"><net_src comp="172" pin="0"/><net_sink comp="459" pin=1"/></net>

<net id="471"><net_src comp="62" pin="0"/><net_sink comp="466" pin=0"/></net>

<net id="472"><net_src comp="172" pin="0"/><net_sink comp="466" pin=1"/></net>

<net id="478"><net_src comp="64" pin="0"/><net_sink comp="473" pin=0"/></net>

<net id="479"><net_src comp="172" pin="0"/><net_sink comp="473" pin=1"/></net>

<net id="485"><net_src comp="66" pin="0"/><net_sink comp="480" pin=0"/></net>

<net id="486"><net_src comp="172" pin="0"/><net_sink comp="480" pin=1"/></net>

<net id="492"><net_src comp="68" pin="0"/><net_sink comp="487" pin=0"/></net>

<net id="493"><net_src comp="172" pin="0"/><net_sink comp="487" pin=1"/></net>

<net id="499"><net_src comp="70" pin="0"/><net_sink comp="494" pin=0"/></net>

<net id="500"><net_src comp="172" pin="0"/><net_sink comp="494" pin=1"/></net>

<net id="506"><net_src comp="72" pin="0"/><net_sink comp="501" pin=0"/></net>

<net id="507"><net_src comp="172" pin="0"/><net_sink comp="501" pin=1"/></net>

<net id="513"><net_src comp="74" pin="0"/><net_sink comp="508" pin=0"/></net>

<net id="514"><net_src comp="172" pin="0"/><net_sink comp="508" pin=1"/></net>

<net id="520"><net_src comp="76" pin="0"/><net_sink comp="515" pin=0"/></net>

<net id="521"><net_src comp="172" pin="0"/><net_sink comp="515" pin=1"/></net>

<net id="527"><net_src comp="78" pin="0"/><net_sink comp="522" pin=0"/></net>

<net id="528"><net_src comp="172" pin="0"/><net_sink comp="522" pin=1"/></net>

<net id="534"><net_src comp="80" pin="0"/><net_sink comp="529" pin=0"/></net>

<net id="535"><net_src comp="172" pin="0"/><net_sink comp="529" pin=1"/></net>

<net id="541"><net_src comp="82" pin="0"/><net_sink comp="536" pin=0"/></net>

<net id="542"><net_src comp="172" pin="0"/><net_sink comp="536" pin=1"/></net>

<net id="548"><net_src comp="84" pin="0"/><net_sink comp="543" pin=0"/></net>

<net id="549"><net_src comp="172" pin="0"/><net_sink comp="543" pin=1"/></net>

<net id="555"><net_src comp="86" pin="0"/><net_sink comp="550" pin=0"/></net>

<net id="556"><net_src comp="172" pin="0"/><net_sink comp="550" pin=1"/></net>

<net id="562"><net_src comp="88" pin="0"/><net_sink comp="557" pin=0"/></net>

<net id="563"><net_src comp="172" pin="0"/><net_sink comp="557" pin=1"/></net>

<net id="569"><net_src comp="90" pin="0"/><net_sink comp="564" pin=0"/></net>

<net id="570"><net_src comp="172" pin="0"/><net_sink comp="564" pin=1"/></net>

<net id="576"><net_src comp="92" pin="0"/><net_sink comp="571" pin=0"/></net>

<net id="577"><net_src comp="172" pin="0"/><net_sink comp="571" pin=1"/></net>

<net id="583"><net_src comp="94" pin="0"/><net_sink comp="578" pin=0"/></net>

<net id="584"><net_src comp="172" pin="0"/><net_sink comp="578" pin=1"/></net>

<net id="590"><net_src comp="96" pin="0"/><net_sink comp="585" pin=0"/></net>

<net id="591"><net_src comp="172" pin="0"/><net_sink comp="585" pin=1"/></net>

<net id="597"><net_src comp="98" pin="0"/><net_sink comp="592" pin=0"/></net>

<net id="598"><net_src comp="172" pin="0"/><net_sink comp="592" pin=1"/></net>

<net id="604"><net_src comp="100" pin="0"/><net_sink comp="599" pin=0"/></net>

<net id="605"><net_src comp="172" pin="0"/><net_sink comp="599" pin=1"/></net>

<net id="611"><net_src comp="102" pin="0"/><net_sink comp="606" pin=0"/></net>

<net id="612"><net_src comp="172" pin="0"/><net_sink comp="606" pin=1"/></net>

<net id="618"><net_src comp="104" pin="0"/><net_sink comp="613" pin=0"/></net>

<net id="619"><net_src comp="172" pin="0"/><net_sink comp="613" pin=1"/></net>

<net id="625"><net_src comp="106" pin="0"/><net_sink comp="620" pin=0"/></net>

<net id="626"><net_src comp="172" pin="0"/><net_sink comp="620" pin=1"/></net>

<net id="632"><net_src comp="108" pin="0"/><net_sink comp="627" pin=0"/></net>

<net id="633"><net_src comp="172" pin="0"/><net_sink comp="627" pin=1"/></net>

<net id="639"><net_src comp="110" pin="0"/><net_sink comp="634" pin=0"/></net>

<net id="640"><net_src comp="172" pin="0"/><net_sink comp="634" pin=1"/></net>

<net id="646"><net_src comp="112" pin="0"/><net_sink comp="641" pin=0"/></net>

<net id="647"><net_src comp="172" pin="0"/><net_sink comp="641" pin=1"/></net>

<net id="653"><net_src comp="114" pin="0"/><net_sink comp="648" pin=0"/></net>

<net id="654"><net_src comp="172" pin="0"/><net_sink comp="648" pin=1"/></net>

<net id="660"><net_src comp="116" pin="0"/><net_sink comp="655" pin=0"/></net>

<net id="661"><net_src comp="172" pin="0"/><net_sink comp="655" pin=1"/></net>

<net id="667"><net_src comp="118" pin="0"/><net_sink comp="662" pin=0"/></net>

<net id="668"><net_src comp="172" pin="0"/><net_sink comp="662" pin=1"/></net>

<net id="674"><net_src comp="120" pin="0"/><net_sink comp="669" pin=0"/></net>

<net id="675"><net_src comp="172" pin="0"/><net_sink comp="669" pin=1"/></net>

<net id="681"><net_src comp="122" pin="0"/><net_sink comp="676" pin=0"/></net>

<net id="682"><net_src comp="172" pin="0"/><net_sink comp="676" pin=1"/></net>

<net id="688"><net_src comp="124" pin="0"/><net_sink comp="683" pin=0"/></net>

<net id="689"><net_src comp="172" pin="0"/><net_sink comp="683" pin=1"/></net>

<net id="695"><net_src comp="126" pin="0"/><net_sink comp="690" pin=0"/></net>

<net id="696"><net_src comp="172" pin="0"/><net_sink comp="690" pin=1"/></net>

<net id="702"><net_src comp="128" pin="0"/><net_sink comp="697" pin=0"/></net>

<net id="703"><net_src comp="172" pin="0"/><net_sink comp="697" pin=1"/></net>

<net id="709"><net_src comp="130" pin="0"/><net_sink comp="704" pin=0"/></net>

<net id="710"><net_src comp="172" pin="0"/><net_sink comp="704" pin=1"/></net>

<net id="716"><net_src comp="132" pin="0"/><net_sink comp="711" pin=0"/></net>

<net id="717"><net_src comp="172" pin="0"/><net_sink comp="711" pin=1"/></net>

<net id="723"><net_src comp="134" pin="0"/><net_sink comp="718" pin=0"/></net>

<net id="724"><net_src comp="172" pin="0"/><net_sink comp="718" pin=1"/></net>

<net id="730"><net_src comp="136" pin="0"/><net_sink comp="725" pin=0"/></net>

<net id="731"><net_src comp="172" pin="0"/><net_sink comp="725" pin=1"/></net>

<net id="737"><net_src comp="138" pin="0"/><net_sink comp="732" pin=0"/></net>

<net id="738"><net_src comp="172" pin="0"/><net_sink comp="732" pin=1"/></net>

<net id="744"><net_src comp="140" pin="0"/><net_sink comp="739" pin=0"/></net>

<net id="745"><net_src comp="172" pin="0"/><net_sink comp="739" pin=1"/></net>

<net id="751"><net_src comp="142" pin="0"/><net_sink comp="746" pin=0"/></net>

<net id="752"><net_src comp="172" pin="0"/><net_sink comp="746" pin=1"/></net>

<net id="758"><net_src comp="249" pin="3"/><net_sink comp="753" pin=0"/></net>

<net id="764"><net_src comp="256" pin="3"/><net_sink comp="759" pin=0"/></net>

<net id="770"><net_src comp="263" pin="3"/><net_sink comp="765" pin=0"/></net>

<net id="776"><net_src comp="270" pin="3"/><net_sink comp="771" pin=0"/></net>

<net id="782"><net_src comp="277" pin="3"/><net_sink comp="777" pin=0"/></net>

<net id="788"><net_src comp="284" pin="3"/><net_sink comp="783" pin=0"/></net>

<net id="794"><net_src comp="291" pin="3"/><net_sink comp="789" pin=0"/></net>

<net id="800"><net_src comp="298" pin="3"/><net_sink comp="795" pin=0"/></net>

<net id="806"><net_src comp="305" pin="3"/><net_sink comp="801" pin=0"/></net>

<net id="812"><net_src comp="312" pin="3"/><net_sink comp="807" pin=0"/></net>

<net id="818"><net_src comp="319" pin="3"/><net_sink comp="813" pin=0"/></net>

<net id="824"><net_src comp="326" pin="3"/><net_sink comp="819" pin=0"/></net>

<net id="830"><net_src comp="333" pin="3"/><net_sink comp="825" pin=0"/></net>

<net id="836"><net_src comp="340" pin="3"/><net_sink comp="831" pin=0"/></net>

<net id="842"><net_src comp="347" pin="3"/><net_sink comp="837" pin=0"/></net>

<net id="848"><net_src comp="354" pin="3"/><net_sink comp="843" pin=0"/></net>

<net id="854"><net_src comp="361" pin="3"/><net_sink comp="849" pin=0"/></net>

<net id="860"><net_src comp="368" pin="3"/><net_sink comp="855" pin=0"/></net>

<net id="866"><net_src comp="375" pin="3"/><net_sink comp="861" pin=0"/></net>

<net id="872"><net_src comp="382" pin="3"/><net_sink comp="867" pin=0"/></net>

<net id="878"><net_src comp="389" pin="3"/><net_sink comp="873" pin=0"/></net>

<net id="884"><net_src comp="396" pin="3"/><net_sink comp="879" pin=0"/></net>

<net id="890"><net_src comp="403" pin="3"/><net_sink comp="885" pin=0"/></net>

<net id="896"><net_src comp="410" pin="3"/><net_sink comp="891" pin=0"/></net>

<net id="902"><net_src comp="417" pin="3"/><net_sink comp="897" pin=0"/></net>

<net id="908"><net_src comp="424" pin="3"/><net_sink comp="903" pin=0"/></net>

<net id="914"><net_src comp="431" pin="3"/><net_sink comp="909" pin=0"/></net>

<net id="920"><net_src comp="438" pin="3"/><net_sink comp="915" pin=0"/></net>

<net id="926"><net_src comp="445" pin="3"/><net_sink comp="921" pin=0"/></net>

<net id="932"><net_src comp="452" pin="3"/><net_sink comp="927" pin=0"/></net>

<net id="938"><net_src comp="459" pin="3"/><net_sink comp="933" pin=0"/></net>

<net id="944"><net_src comp="466" pin="3"/><net_sink comp="939" pin=0"/></net>

<net id="950"><net_src comp="473" pin="3"/><net_sink comp="945" pin=0"/></net>

<net id="956"><net_src comp="480" pin="3"/><net_sink comp="951" pin=0"/></net>

<net id="962"><net_src comp="487" pin="3"/><net_sink comp="957" pin=0"/></net>

<net id="968"><net_src comp="494" pin="3"/><net_sink comp="963" pin=0"/></net>

<net id="974"><net_src comp="501" pin="3"/><net_sink comp="969" pin=0"/></net>

<net id="980"><net_src comp="508" pin="3"/><net_sink comp="975" pin=0"/></net>

<net id="986"><net_src comp="515" pin="3"/><net_sink comp="981" pin=0"/></net>

<net id="992"><net_src comp="522" pin="3"/><net_sink comp="987" pin=0"/></net>

<net id="998"><net_src comp="529" pin="3"/><net_sink comp="993" pin=0"/></net>

<net id="1004"><net_src comp="536" pin="3"/><net_sink comp="999" pin=0"/></net>

<net id="1010"><net_src comp="543" pin="3"/><net_sink comp="1005" pin=0"/></net>

<net id="1016"><net_src comp="550" pin="3"/><net_sink comp="1011" pin=0"/></net>

<net id="1022"><net_src comp="557" pin="3"/><net_sink comp="1017" pin=0"/></net>

<net id="1028"><net_src comp="564" pin="3"/><net_sink comp="1023" pin=0"/></net>

<net id="1034"><net_src comp="571" pin="3"/><net_sink comp="1029" pin=0"/></net>

<net id="1040"><net_src comp="578" pin="3"/><net_sink comp="1035" pin=0"/></net>

<net id="1046"><net_src comp="585" pin="3"/><net_sink comp="1041" pin=0"/></net>

<net id="1052"><net_src comp="592" pin="3"/><net_sink comp="1047" pin=0"/></net>

<net id="1058"><net_src comp="599" pin="3"/><net_sink comp="1053" pin=0"/></net>

<net id="1064"><net_src comp="606" pin="3"/><net_sink comp="1059" pin=0"/></net>

<net id="1070"><net_src comp="613" pin="3"/><net_sink comp="1065" pin=0"/></net>

<net id="1076"><net_src comp="620" pin="3"/><net_sink comp="1071" pin=0"/></net>

<net id="1082"><net_src comp="627" pin="3"/><net_sink comp="1077" pin=0"/></net>

<net id="1088"><net_src comp="634" pin="3"/><net_sink comp="1083" pin=0"/></net>

<net id="1094"><net_src comp="641" pin="3"/><net_sink comp="1089" pin=0"/></net>

<net id="1100"><net_src comp="648" pin="3"/><net_sink comp="1095" pin=0"/></net>

<net id="1106"><net_src comp="655" pin="3"/><net_sink comp="1101" pin=0"/></net>

<net id="1112"><net_src comp="662" pin="3"/><net_sink comp="1107" pin=0"/></net>

<net id="1118"><net_src comp="669" pin="3"/><net_sink comp="1113" pin=0"/></net>

<net id="1124"><net_src comp="676" pin="3"/><net_sink comp="1119" pin=0"/></net>

<net id="1130"><net_src comp="683" pin="3"/><net_sink comp="1125" pin=0"/></net>

<net id="1136"><net_src comp="690" pin="3"/><net_sink comp="1131" pin=0"/></net>

<net id="1142"><net_src comp="697" pin="3"/><net_sink comp="1137" pin=0"/></net>

<net id="1148"><net_src comp="704" pin="3"/><net_sink comp="1143" pin=0"/></net>

<net id="1154"><net_src comp="711" pin="3"/><net_sink comp="1149" pin=0"/></net>

<net id="1160"><net_src comp="718" pin="3"/><net_sink comp="1155" pin=0"/></net>

<net id="1166"><net_src comp="725" pin="3"/><net_sink comp="1161" pin=0"/></net>

<net id="1172"><net_src comp="732" pin="3"/><net_sink comp="1167" pin=0"/></net>

<net id="1178"><net_src comp="739" pin="3"/><net_sink comp="1173" pin=0"/></net>

<net id="1184"><net_src comp="746" pin="3"/><net_sink comp="1179" pin=0"/></net>

<net id="1189"><net_src comp="148" pin="0"/><net_sink comp="1185" pin=0"/></net>

<net id="1194"><net_src comp="150" pin="0"/><net_sink comp="1190" pin=0"/></net>

<net id="1199"><net_src comp="152" pin="0"/><net_sink comp="1195" pin=0"/></net>

<net id="1204"><net_src comp="150" pin="0"/><net_sink comp="1200" pin=0"/></net>

<net id="1209"><net_src comp="150" pin="0"/><net_sink comp="1205" pin=0"/></net>

<net id="1214"><net_src comp="154" pin="0"/><net_sink comp="1210" pin=0"/></net>

<net id="1222"><net_src comp="1215" pin="1"/><net_sink comp="1218" pin=0"/></net>

<net id="1223"><net_src comp="156" pin="0"/><net_sink comp="1218" pin=1"/></net>

<net id="1228"><net_src comp="1215" pin="1"/><net_sink comp="1224" pin=0"/></net>

<net id="1229"><net_src comp="158" pin="0"/><net_sink comp="1224" pin=1"/></net>

<net id="1246"><net_src comp="1239" pin="1"/><net_sink comp="1242" pin=0"/></net>

<net id="1247"><net_src comp="160" pin="0"/><net_sink comp="1242" pin=1"/></net>

<net id="1252"><net_src comp="1236" pin="1"/><net_sink comp="1248" pin=0"/></net>

<net id="1253"><net_src comp="162" pin="0"/><net_sink comp="1248" pin=1"/></net>

<net id="1259"><net_src comp="1248" pin="2"/><net_sink comp="1254" pin=0"/></net>

<net id="1260"><net_src comp="150" pin="0"/><net_sink comp="1254" pin=1"/></net>

<net id="1261"><net_src comp="1233" pin="1"/><net_sink comp="1254" pin=2"/></net>

<net id="1266"><net_src comp="1248" pin="2"/><net_sink comp="1262" pin=0"/></net>

<net id="1267"><net_src comp="164" pin="0"/><net_sink comp="1262" pin=1"/></net>

<net id="1272"><net_src comp="1230" pin="1"/><net_sink comp="1268" pin=0"/></net>

<net id="1273"><net_src comp="166" pin="0"/><net_sink comp="1268" pin=1"/></net>

<net id="1278"><net_src comp="1268" pin="2"/><net_sink comp="1274" pin=0"/></net>

<net id="1279"><net_src comp="1262" pin="2"/><net_sink comp="1274" pin=1"/></net>

<net id="1285"><net_src comp="1248" pin="2"/><net_sink comp="1280" pin=0"/></net>

<net id="1286"><net_src comp="1242" pin="2"/><net_sink comp="1280" pin=1"/></net>

<net id="1287"><net_src comp="1239" pin="1"/><net_sink comp="1280" pin=2"/></net>

<net id="1292"><net_src comp="1254" pin="3"/><net_sink comp="1288" pin=0"/></net>

<net id="1293"><net_src comp="160" pin="0"/><net_sink comp="1288" pin=1"/></net>

<net id="1298"><net_src comp="1274" pin="2"/><net_sink comp="1294" pin=0"/></net>

<net id="1299"><net_src comp="1248" pin="2"/><net_sink comp="1294" pin=1"/></net>

<net id="1305"><net_src comp="1294" pin="2"/><net_sink comp="1300" pin=0"/></net>

<net id="1306"><net_src comp="150" pin="0"/><net_sink comp="1300" pin=1"/></net>

<net id="1307"><net_src comp="1230" pin="1"/><net_sink comp="1300" pin=2"/></net>

<net id="1313"><net_src comp="1274" pin="2"/><net_sink comp="1308" pin=0"/></net>

<net id="1314"><net_src comp="1288" pin="2"/><net_sink comp="1308" pin=1"/></net>

<net id="1315"><net_src comp="1254" pin="3"/><net_sink comp="1308" pin=2"/></net>

<net id="1319"><net_src comp="1280" pin="3"/><net_sink comp="1316" pin=0"/></net>

<net id="1326"><net_src comp="168" pin="0"/><net_sink comp="1320" pin=0"/></net>

<net id="1327"><net_src comp="1280" pin="3"/><net_sink comp="1320" pin=1"/></net>

<net id="1328"><net_src comp="146" pin="0"/><net_sink comp="1320" pin=2"/></net>

<net id="1329"><net_src comp="170" pin="0"/><net_sink comp="1320" pin=3"/></net>

<net id="1333"><net_src comp="1320" pin="4"/><net_sink comp="1330" pin=0"/></net>

<net id="1334"><net_src comp="1330" pin="1"/><net_sink comp="249" pin=2"/></net>

<net id="1335"><net_src comp="1330" pin="1"/><net_sink comp="256" pin=2"/></net>

<net id="1336"><net_src comp="1330" pin="1"/><net_sink comp="263" pin=2"/></net>

<net id="1337"><net_src comp="1330" pin="1"/><net_sink comp="270" pin=2"/></net>

<net id="1338"><net_src comp="1330" pin="1"/><net_sink comp="277" pin=2"/></net>

<net id="1339"><net_src comp="1330" pin="1"/><net_sink comp="284" pin=2"/></net>

<net id="1340"><net_src comp="1330" pin="1"/><net_sink comp="291" pin=2"/></net>

<net id="1341"><net_src comp="1330" pin="1"/><net_sink comp="298" pin=2"/></net>

<net id="1342"><net_src comp="1330" pin="1"/><net_sink comp="305" pin=2"/></net>

<net id="1343"><net_src comp="1330" pin="1"/><net_sink comp="312" pin=2"/></net>

<net id="1344"><net_src comp="1330" pin="1"/><net_sink comp="319" pin=2"/></net>

<net id="1345"><net_src comp="1330" pin="1"/><net_sink comp="326" pin=2"/></net>

<net id="1346"><net_src comp="1330" pin="1"/><net_sink comp="333" pin=2"/></net>

<net id="1347"><net_src comp="1330" pin="1"/><net_sink comp="340" pin=2"/></net>

<net id="1348"><net_src comp="1330" pin="1"/><net_sink comp="347" pin=2"/></net>

<net id="1349"><net_src comp="1330" pin="1"/><net_sink comp="354" pin=2"/></net>

<net id="1350"><net_src comp="1330" pin="1"/><net_sink comp="361" pin=2"/></net>

<net id="1351"><net_src comp="1330" pin="1"/><net_sink comp="368" pin=2"/></net>

<net id="1352"><net_src comp="1330" pin="1"/><net_sink comp="375" pin=2"/></net>

<net id="1353"><net_src comp="1330" pin="1"/><net_sink comp="382" pin=2"/></net>

<net id="1354"><net_src comp="1330" pin="1"/><net_sink comp="389" pin=2"/></net>

<net id="1355"><net_src comp="1330" pin="1"/><net_sink comp="396" pin=2"/></net>

<net id="1356"><net_src comp="1330" pin="1"/><net_sink comp="403" pin=2"/></net>

<net id="1357"><net_src comp="1330" pin="1"/><net_sink comp="410" pin=2"/></net>

<net id="1358"><net_src comp="1330" pin="1"/><net_sink comp="417" pin=2"/></net>

<net id="1359"><net_src comp="1330" pin="1"/><net_sink comp="424" pin=2"/></net>

<net id="1360"><net_src comp="1330" pin="1"/><net_sink comp="431" pin=2"/></net>

<net id="1361"><net_src comp="1330" pin="1"/><net_sink comp="438" pin=2"/></net>

<net id="1362"><net_src comp="1330" pin="1"/><net_sink comp="445" pin=2"/></net>

<net id="1363"><net_src comp="1330" pin="1"/><net_sink comp="452" pin=2"/></net>

<net id="1364"><net_src comp="1330" pin="1"/><net_sink comp="459" pin=2"/></net>

<net id="1365"><net_src comp="1330" pin="1"/><net_sink comp="466" pin=2"/></net>

<net id="1366"><net_src comp="1330" pin="1"/><net_sink comp="473" pin=2"/></net>

<net id="1367"><net_src comp="1330" pin="1"/><net_sink comp="480" pin=2"/></net>

<net id="1368"><net_src comp="1330" pin="1"/><net_sink comp="487" pin=2"/></net>

<net id="1369"><net_src comp="1330" pin="1"/><net_sink comp="494" pin=2"/></net>

<net id="1370"><net_src comp="1330" pin="1"/><net_sink comp="501" pin=2"/></net>

<net id="1371"><net_src comp="1330" pin="1"/><net_sink comp="508" pin=2"/></net>

<net id="1372"><net_src comp="1330" pin="1"/><net_sink comp="515" pin=2"/></net>

<net id="1373"><net_src comp="1330" pin="1"/><net_sink comp="522" pin=2"/></net>

<net id="1374"><net_src comp="1330" pin="1"/><net_sink comp="529" pin=2"/></net>

<net id="1375"><net_src comp="1330" pin="1"/><net_sink comp="536" pin=2"/></net>

<net id="1376"><net_src comp="1330" pin="1"/><net_sink comp="543" pin=2"/></net>

<net id="1377"><net_src comp="1330" pin="1"/><net_sink comp="550" pin=2"/></net>

<net id="1378"><net_src comp="1330" pin="1"/><net_sink comp="557" pin=2"/></net>

<net id="1379"><net_src comp="1330" pin="1"/><net_sink comp="564" pin=2"/></net>

<net id="1380"><net_src comp="1330" pin="1"/><net_sink comp="571" pin=2"/></net>

<net id="1381"><net_src comp="1330" pin="1"/><net_sink comp="578" pin=2"/></net>

<net id="1382"><net_src comp="1330" pin="1"/><net_sink comp="585" pin=2"/></net>

<net id="1383"><net_src comp="1330" pin="1"/><net_sink comp="592" pin=2"/></net>

<net id="1384"><net_src comp="1330" pin="1"/><net_sink comp="599" pin=2"/></net>

<net id="1385"><net_src comp="1330" pin="1"/><net_sink comp="606" pin=2"/></net>

<net id="1386"><net_src comp="1330" pin="1"/><net_sink comp="613" pin=2"/></net>

<net id="1387"><net_src comp="1330" pin="1"/><net_sink comp="620" pin=2"/></net>

<net id="1388"><net_src comp="1330" pin="1"/><net_sink comp="627" pin=2"/></net>

<net id="1389"><net_src comp="1330" pin="1"/><net_sink comp="634" pin=2"/></net>

<net id="1390"><net_src comp="1330" pin="1"/><net_sink comp="641" pin=2"/></net>

<net id="1391"><net_src comp="1330" pin="1"/><net_sink comp="648" pin=2"/></net>

<net id="1392"><net_src comp="1330" pin="1"/><net_sink comp="655" pin=2"/></net>

<net id="1393"><net_src comp="1330" pin="1"/><net_sink comp="662" pin=2"/></net>

<net id="1394"><net_src comp="1330" pin="1"/><net_sink comp="669" pin=2"/></net>

<net id="1395"><net_src comp="1330" pin="1"/><net_sink comp="676" pin=2"/></net>

<net id="1396"><net_src comp="1330" pin="1"/><net_sink comp="683" pin=2"/></net>

<net id="1397"><net_src comp="1330" pin="1"/><net_sink comp="690" pin=2"/></net>

<net id="1398"><net_src comp="1330" pin="1"/><net_sink comp="697" pin=2"/></net>

<net id="1399"><net_src comp="1330" pin="1"/><net_sink comp="704" pin=2"/></net>

<net id="1400"><net_src comp="1330" pin="1"/><net_sink comp="711" pin=2"/></net>

<net id="1401"><net_src comp="1330" pin="1"/><net_sink comp="718" pin=2"/></net>

<net id="1402"><net_src comp="1330" pin="1"/><net_sink comp="725" pin=2"/></net>

<net id="1403"><net_src comp="1330" pin="1"/><net_sink comp="732" pin=2"/></net>

<net id="1404"><net_src comp="1330" pin="1"/><net_sink comp="739" pin=2"/></net>

<net id="1405"><net_src comp="1330" pin="1"/><net_sink comp="746" pin=2"/></net>

<net id="1410"><net_src comp="1300" pin="3"/><net_sink comp="1406" pin=0"/></net>

<net id="1411"><net_src comp="160" pin="0"/><net_sink comp="1406" pin=1"/></net>

<net id="1416"><net_src comp="1236" pin="1"/><net_sink comp="1412" pin=0"/></net>

<net id="1417"><net_src comp="174" pin="0"/><net_sink comp="1412" pin=1"/></net>

<net id="1423"><net_src comp="1248" pin="2"/><net_sink comp="1418" pin=0"/></net>

<net id="1424"><net_src comp="174" pin="0"/><net_sink comp="1418" pin=1"/></net>

<net id="1425"><net_src comp="1412" pin="2"/><net_sink comp="1418" pin=2"/></net>

<net id="1430"><net_src comp="1224" pin="2"/><net_sink comp="1426" pin=0"/></net>

<net id="1435"><net_src comp="1280" pin="3"/><net_sink comp="1431" pin=0"/></net>

<net id="1440"><net_src comp="1418" pin="3"/><net_sink comp="1436" pin=0"/></net>

<net id="1445"><net_src comp="1308" pin="3"/><net_sink comp="1441" pin=0"/></net>

<net id="1450"><net_src comp="1406" pin="2"/><net_sink comp="1446" pin=0"/></net>

<net id="1459"><net_src comp="184" pin="0"/><net_sink comp="1454" pin=0"/></net>

<net id="1460"><net_src comp="150" pin="0"/><net_sink comp="1454" pin=2"/></net>

<net id="1464"><net_src comp="1454" pin="3"/><net_sink comp="1461" pin=0"/></net>

<net id="1470"><net_src comp="186" pin="0"/><net_sink comp="1465" pin=0"/></net>

<net id="1471"><net_src comp="188" pin="0"/><net_sink comp="1465" pin=2"/></net>

<net id="1475"><net_src comp="1465" pin="3"/><net_sink comp="1472" pin=0"/></net>

<net id="1480"><net_src comp="1461" pin="1"/><net_sink comp="1476" pin=0"/></net>

<net id="1481"><net_src comp="1472" pin="1"/><net_sink comp="1476" pin=1"/></net>

<net id="1489"><net_src comp="1476" pin="2"/><net_sink comp="1485" pin=0"/></net>

<net id="1490"><net_src comp="1482" pin="1"/><net_sink comp="1485" pin=1"/></net>

<net id="1496"><net_src comp="190" pin="0"/><net_sink comp="1491" pin=0"/></net>

<net id="1497"><net_src comp="1485" pin="2"/><net_sink comp="1491" pin=1"/></net>

<net id="1498"><net_src comp="150" pin="0"/><net_sink comp="1491" pin=2"/></net>

<net id="1504"><net_src comp="192" pin="0"/><net_sink comp="1499" pin=0"/></net>

<net id="1505"><net_src comp="1485" pin="2"/><net_sink comp="1499" pin=1"/></net>

<net id="1506"><net_src comp="188" pin="0"/><net_sink comp="1499" pin=2"/></net>

<net id="1510"><net_src comp="1499" pin="3"/><net_sink comp="1507" pin=0"/></net>

<net id="1515"><net_src comp="1491" pin="3"/><net_sink comp="1511" pin=0"/></net>

<net id="1516"><net_src comp="1507" pin="1"/><net_sink comp="1511" pin=1"/></net>

<net id="1537"><net_src comp="202" pin="0"/><net_sink comp="1520" pin=0"/></net>

<net id="1538"><net_src comp="150" pin="0"/><net_sink comp="1520" pin=1"/></net>

<net id="1539"><net_src comp="753" pin="3"/><net_sink comp="1520" pin=2"/></net>

<net id="1540"><net_src comp="160" pin="0"/><net_sink comp="1520" pin=3"/></net>

<net id="1541"><net_src comp="759" pin="3"/><net_sink comp="1520" pin=4"/></net>

<net id="1542"><net_src comp="204" pin="0"/><net_sink comp="1520" pin=5"/></net>

<net id="1543"><net_src comp="765" pin="3"/><net_sink comp="1520" pin=6"/></net>

<net id="1544"><net_src comp="206" pin="0"/><net_sink comp="1520" pin=7"/></net>

<net id="1545"><net_src comp="771" pin="3"/><net_sink comp="1520" pin=8"/></net>

<net id="1546"><net_src comp="208" pin="0"/><net_sink comp="1520" pin=9"/></net>

<net id="1547"><net_src comp="777" pin="3"/><net_sink comp="1520" pin=10"/></net>

<net id="1548"><net_src comp="210" pin="0"/><net_sink comp="1520" pin=11"/></net>

<net id="1549"><net_src comp="783" pin="3"/><net_sink comp="1520" pin=12"/></net>

<net id="1550"><net_src comp="212" pin="0"/><net_sink comp="1520" pin=13"/></net>

<net id="1568"><net_src comp="202" pin="0"/><net_sink comp="1551" pin=0"/></net>

<net id="1569"><net_src comp="150" pin="0"/><net_sink comp="1551" pin=1"/></net>

<net id="1570"><net_src comp="789" pin="3"/><net_sink comp="1551" pin=2"/></net>

<net id="1571"><net_src comp="160" pin="0"/><net_sink comp="1551" pin=3"/></net>

<net id="1572"><net_src comp="795" pin="3"/><net_sink comp="1551" pin=4"/></net>

<net id="1573"><net_src comp="204" pin="0"/><net_sink comp="1551" pin=5"/></net>

<net id="1574"><net_src comp="801" pin="3"/><net_sink comp="1551" pin=6"/></net>

<net id="1575"><net_src comp="206" pin="0"/><net_sink comp="1551" pin=7"/></net>

<net id="1576"><net_src comp="807" pin="3"/><net_sink comp="1551" pin=8"/></net>

<net id="1577"><net_src comp="208" pin="0"/><net_sink comp="1551" pin=9"/></net>

<net id="1578"><net_src comp="813" pin="3"/><net_sink comp="1551" pin=10"/></net>

<net id="1579"><net_src comp="210" pin="0"/><net_sink comp="1551" pin=11"/></net>

<net id="1580"><net_src comp="819" pin="3"/><net_sink comp="1551" pin=12"/></net>

<net id="1581"><net_src comp="212" pin="0"/><net_sink comp="1551" pin=13"/></net>

<net id="1599"><net_src comp="202" pin="0"/><net_sink comp="1582" pin=0"/></net>

<net id="1600"><net_src comp="150" pin="0"/><net_sink comp="1582" pin=1"/></net>

<net id="1601"><net_src comp="825" pin="3"/><net_sink comp="1582" pin=2"/></net>

<net id="1602"><net_src comp="160" pin="0"/><net_sink comp="1582" pin=3"/></net>

<net id="1603"><net_src comp="831" pin="3"/><net_sink comp="1582" pin=4"/></net>

<net id="1604"><net_src comp="204" pin="0"/><net_sink comp="1582" pin=5"/></net>

<net id="1605"><net_src comp="837" pin="3"/><net_sink comp="1582" pin=6"/></net>

<net id="1606"><net_src comp="206" pin="0"/><net_sink comp="1582" pin=7"/></net>

<net id="1607"><net_src comp="843" pin="3"/><net_sink comp="1582" pin=8"/></net>

<net id="1608"><net_src comp="208" pin="0"/><net_sink comp="1582" pin=9"/></net>

<net id="1609"><net_src comp="849" pin="3"/><net_sink comp="1582" pin=10"/></net>

<net id="1610"><net_src comp="210" pin="0"/><net_sink comp="1582" pin=11"/></net>

<net id="1611"><net_src comp="855" pin="3"/><net_sink comp="1582" pin=12"/></net>

<net id="1612"><net_src comp="212" pin="0"/><net_sink comp="1582" pin=13"/></net>

<net id="1630"><net_src comp="202" pin="0"/><net_sink comp="1613" pin=0"/></net>

<net id="1631"><net_src comp="150" pin="0"/><net_sink comp="1613" pin=1"/></net>

<net id="1632"><net_src comp="861" pin="3"/><net_sink comp="1613" pin=2"/></net>

<net id="1633"><net_src comp="160" pin="0"/><net_sink comp="1613" pin=3"/></net>

<net id="1634"><net_src comp="867" pin="3"/><net_sink comp="1613" pin=4"/></net>

<net id="1635"><net_src comp="204" pin="0"/><net_sink comp="1613" pin=5"/></net>

<net id="1636"><net_src comp="873" pin="3"/><net_sink comp="1613" pin=6"/></net>

<net id="1637"><net_src comp="206" pin="0"/><net_sink comp="1613" pin=7"/></net>

<net id="1638"><net_src comp="879" pin="3"/><net_sink comp="1613" pin=8"/></net>

<net id="1639"><net_src comp="208" pin="0"/><net_sink comp="1613" pin=9"/></net>

<net id="1640"><net_src comp="885" pin="3"/><net_sink comp="1613" pin=10"/></net>

<net id="1641"><net_src comp="210" pin="0"/><net_sink comp="1613" pin=11"/></net>

<net id="1642"><net_src comp="891" pin="3"/><net_sink comp="1613" pin=12"/></net>

<net id="1643"><net_src comp="212" pin="0"/><net_sink comp="1613" pin=13"/></net>

<net id="1661"><net_src comp="202" pin="0"/><net_sink comp="1644" pin=0"/></net>

<net id="1662"><net_src comp="150" pin="0"/><net_sink comp="1644" pin=1"/></net>

<net id="1663"><net_src comp="897" pin="3"/><net_sink comp="1644" pin=2"/></net>

<net id="1664"><net_src comp="160" pin="0"/><net_sink comp="1644" pin=3"/></net>

<net id="1665"><net_src comp="903" pin="3"/><net_sink comp="1644" pin=4"/></net>

<net id="1666"><net_src comp="204" pin="0"/><net_sink comp="1644" pin=5"/></net>

<net id="1667"><net_src comp="909" pin="3"/><net_sink comp="1644" pin=6"/></net>

<net id="1668"><net_src comp="206" pin="0"/><net_sink comp="1644" pin=7"/></net>

<net id="1669"><net_src comp="915" pin="3"/><net_sink comp="1644" pin=8"/></net>

<net id="1670"><net_src comp="208" pin="0"/><net_sink comp="1644" pin=9"/></net>

<net id="1671"><net_src comp="921" pin="3"/><net_sink comp="1644" pin=10"/></net>

<net id="1672"><net_src comp="210" pin="0"/><net_sink comp="1644" pin=11"/></net>

<net id="1673"><net_src comp="927" pin="3"/><net_sink comp="1644" pin=12"/></net>

<net id="1674"><net_src comp="212" pin="0"/><net_sink comp="1644" pin=13"/></net>

<net id="1692"><net_src comp="202" pin="0"/><net_sink comp="1675" pin=0"/></net>

<net id="1693"><net_src comp="150" pin="0"/><net_sink comp="1675" pin=1"/></net>

<net id="1694"><net_src comp="933" pin="3"/><net_sink comp="1675" pin=2"/></net>

<net id="1695"><net_src comp="160" pin="0"/><net_sink comp="1675" pin=3"/></net>

<net id="1696"><net_src comp="939" pin="3"/><net_sink comp="1675" pin=4"/></net>

<net id="1697"><net_src comp="204" pin="0"/><net_sink comp="1675" pin=5"/></net>

<net id="1698"><net_src comp="945" pin="3"/><net_sink comp="1675" pin=6"/></net>

<net id="1699"><net_src comp="206" pin="0"/><net_sink comp="1675" pin=7"/></net>

<net id="1700"><net_src comp="951" pin="3"/><net_sink comp="1675" pin=8"/></net>

<net id="1701"><net_src comp="208" pin="0"/><net_sink comp="1675" pin=9"/></net>

<net id="1702"><net_src comp="957" pin="3"/><net_sink comp="1675" pin=10"/></net>

<net id="1703"><net_src comp="210" pin="0"/><net_sink comp="1675" pin=11"/></net>

<net id="1704"><net_src comp="963" pin="3"/><net_sink comp="1675" pin=12"/></net>

<net id="1705"><net_src comp="212" pin="0"/><net_sink comp="1675" pin=13"/></net>

<net id="1723"><net_src comp="202" pin="0"/><net_sink comp="1706" pin=0"/></net>

<net id="1724"><net_src comp="150" pin="0"/><net_sink comp="1706" pin=1"/></net>

<net id="1725"><net_src comp="1520" pin="15"/><net_sink comp="1706" pin=2"/></net>

<net id="1726"><net_src comp="160" pin="0"/><net_sink comp="1706" pin=3"/></net>

<net id="1727"><net_src comp="1551" pin="15"/><net_sink comp="1706" pin=4"/></net>

<net id="1728"><net_src comp="204" pin="0"/><net_sink comp="1706" pin=5"/></net>

<net id="1729"><net_src comp="1582" pin="15"/><net_sink comp="1706" pin=6"/></net>

<net id="1730"><net_src comp="206" pin="0"/><net_sink comp="1706" pin=7"/></net>

<net id="1731"><net_src comp="1613" pin="15"/><net_sink comp="1706" pin=8"/></net>

<net id="1732"><net_src comp="208" pin="0"/><net_sink comp="1706" pin=9"/></net>

<net id="1733"><net_src comp="1644" pin="15"/><net_sink comp="1706" pin=10"/></net>

<net id="1734"><net_src comp="210" pin="0"/><net_sink comp="1706" pin=11"/></net>

<net id="1735"><net_src comp="1675" pin="15"/><net_sink comp="1706" pin=12"/></net>

<net id="1736"><net_src comp="212" pin="0"/><net_sink comp="1706" pin=13"/></net>

<net id="1754"><net_src comp="202" pin="0"/><net_sink comp="1737" pin=0"/></net>

<net id="1755"><net_src comp="150" pin="0"/><net_sink comp="1737" pin=1"/></net>

<net id="1756"><net_src comp="969" pin="3"/><net_sink comp="1737" pin=2"/></net>

<net id="1757"><net_src comp="160" pin="0"/><net_sink comp="1737" pin=3"/></net>

<net id="1758"><net_src comp="975" pin="3"/><net_sink comp="1737" pin=4"/></net>

<net id="1759"><net_src comp="204" pin="0"/><net_sink comp="1737" pin=5"/></net>

<net id="1760"><net_src comp="981" pin="3"/><net_sink comp="1737" pin=6"/></net>

<net id="1761"><net_src comp="206" pin="0"/><net_sink comp="1737" pin=7"/></net>

<net id="1762"><net_src comp="987" pin="3"/><net_sink comp="1737" pin=8"/></net>

<net id="1763"><net_src comp="208" pin="0"/><net_sink comp="1737" pin=9"/></net>

<net id="1764"><net_src comp="993" pin="3"/><net_sink comp="1737" pin=10"/></net>

<net id="1765"><net_src comp="210" pin="0"/><net_sink comp="1737" pin=11"/></net>

<net id="1766"><net_src comp="999" pin="3"/><net_sink comp="1737" pin=12"/></net>

<net id="1767"><net_src comp="212" pin="0"/><net_sink comp="1737" pin=13"/></net>

<net id="1785"><net_src comp="202" pin="0"/><net_sink comp="1768" pin=0"/></net>

<net id="1786"><net_src comp="150" pin="0"/><net_sink comp="1768" pin=1"/></net>

<net id="1787"><net_src comp="1005" pin="3"/><net_sink comp="1768" pin=2"/></net>

<net id="1788"><net_src comp="160" pin="0"/><net_sink comp="1768" pin=3"/></net>

<net id="1789"><net_src comp="1011" pin="3"/><net_sink comp="1768" pin=4"/></net>

<net id="1790"><net_src comp="204" pin="0"/><net_sink comp="1768" pin=5"/></net>

<net id="1791"><net_src comp="1017" pin="3"/><net_sink comp="1768" pin=6"/></net>

<net id="1792"><net_src comp="206" pin="0"/><net_sink comp="1768" pin=7"/></net>

<net id="1793"><net_src comp="1023" pin="3"/><net_sink comp="1768" pin=8"/></net>

<net id="1794"><net_src comp="208" pin="0"/><net_sink comp="1768" pin=9"/></net>

<net id="1795"><net_src comp="1029" pin="3"/><net_sink comp="1768" pin=10"/></net>

<net id="1796"><net_src comp="210" pin="0"/><net_sink comp="1768" pin=11"/></net>

<net id="1797"><net_src comp="1035" pin="3"/><net_sink comp="1768" pin=12"/></net>

<net id="1798"><net_src comp="212" pin="0"/><net_sink comp="1768" pin=13"/></net>

<net id="1816"><net_src comp="202" pin="0"/><net_sink comp="1799" pin=0"/></net>

<net id="1817"><net_src comp="150" pin="0"/><net_sink comp="1799" pin=1"/></net>

<net id="1818"><net_src comp="1041" pin="3"/><net_sink comp="1799" pin=2"/></net>

<net id="1819"><net_src comp="160" pin="0"/><net_sink comp="1799" pin=3"/></net>

<net id="1820"><net_src comp="1047" pin="3"/><net_sink comp="1799" pin=4"/></net>

<net id="1821"><net_src comp="204" pin="0"/><net_sink comp="1799" pin=5"/></net>

<net id="1822"><net_src comp="1053" pin="3"/><net_sink comp="1799" pin=6"/></net>

<net id="1823"><net_src comp="206" pin="0"/><net_sink comp="1799" pin=7"/></net>

<net id="1824"><net_src comp="1059" pin="3"/><net_sink comp="1799" pin=8"/></net>

<net id="1825"><net_src comp="208" pin="0"/><net_sink comp="1799" pin=9"/></net>

<net id="1826"><net_src comp="1065" pin="3"/><net_sink comp="1799" pin=10"/></net>

<net id="1827"><net_src comp="210" pin="0"/><net_sink comp="1799" pin=11"/></net>

<net id="1828"><net_src comp="1071" pin="3"/><net_sink comp="1799" pin=12"/></net>

<net id="1829"><net_src comp="212" pin="0"/><net_sink comp="1799" pin=13"/></net>

<net id="1847"><net_src comp="202" pin="0"/><net_sink comp="1830" pin=0"/></net>

<net id="1848"><net_src comp="150" pin="0"/><net_sink comp="1830" pin=1"/></net>

<net id="1849"><net_src comp="1077" pin="3"/><net_sink comp="1830" pin=2"/></net>

<net id="1850"><net_src comp="160" pin="0"/><net_sink comp="1830" pin=3"/></net>

<net id="1851"><net_src comp="1083" pin="3"/><net_sink comp="1830" pin=4"/></net>

<net id="1852"><net_src comp="204" pin="0"/><net_sink comp="1830" pin=5"/></net>

<net id="1853"><net_src comp="1089" pin="3"/><net_sink comp="1830" pin=6"/></net>

<net id="1854"><net_src comp="206" pin="0"/><net_sink comp="1830" pin=7"/></net>

<net id="1855"><net_src comp="1095" pin="3"/><net_sink comp="1830" pin=8"/></net>

<net id="1856"><net_src comp="208" pin="0"/><net_sink comp="1830" pin=9"/></net>

<net id="1857"><net_src comp="1101" pin="3"/><net_sink comp="1830" pin=10"/></net>

<net id="1858"><net_src comp="210" pin="0"/><net_sink comp="1830" pin=11"/></net>

<net id="1859"><net_src comp="1107" pin="3"/><net_sink comp="1830" pin=12"/></net>

<net id="1860"><net_src comp="212" pin="0"/><net_sink comp="1830" pin=13"/></net>

<net id="1878"><net_src comp="202" pin="0"/><net_sink comp="1861" pin=0"/></net>

<net id="1879"><net_src comp="150" pin="0"/><net_sink comp="1861" pin=1"/></net>

<net id="1880"><net_src comp="1113" pin="3"/><net_sink comp="1861" pin=2"/></net>

<net id="1881"><net_src comp="160" pin="0"/><net_sink comp="1861" pin=3"/></net>

<net id="1882"><net_src comp="1119" pin="3"/><net_sink comp="1861" pin=4"/></net>

<net id="1883"><net_src comp="204" pin="0"/><net_sink comp="1861" pin=5"/></net>

<net id="1884"><net_src comp="1125" pin="3"/><net_sink comp="1861" pin=6"/></net>

<net id="1885"><net_src comp="206" pin="0"/><net_sink comp="1861" pin=7"/></net>

<net id="1886"><net_src comp="1131" pin="3"/><net_sink comp="1861" pin=8"/></net>

<net id="1887"><net_src comp="208" pin="0"/><net_sink comp="1861" pin=9"/></net>

<net id="1888"><net_src comp="1137" pin="3"/><net_sink comp="1861" pin=10"/></net>

<net id="1889"><net_src comp="210" pin="0"/><net_sink comp="1861" pin=11"/></net>

<net id="1890"><net_src comp="1143" pin="3"/><net_sink comp="1861" pin=12"/></net>

<net id="1891"><net_src comp="212" pin="0"/><net_sink comp="1861" pin=13"/></net>

<net id="1909"><net_src comp="202" pin="0"/><net_sink comp="1892" pin=0"/></net>

<net id="1910"><net_src comp="150" pin="0"/><net_sink comp="1892" pin=1"/></net>

<net id="1911"><net_src comp="1149" pin="3"/><net_sink comp="1892" pin=2"/></net>

<net id="1912"><net_src comp="160" pin="0"/><net_sink comp="1892" pin=3"/></net>

<net id="1913"><net_src comp="1155" pin="3"/><net_sink comp="1892" pin=4"/></net>

<net id="1914"><net_src comp="204" pin="0"/><net_sink comp="1892" pin=5"/></net>

<net id="1915"><net_src comp="1161" pin="3"/><net_sink comp="1892" pin=6"/></net>

<net id="1916"><net_src comp="206" pin="0"/><net_sink comp="1892" pin=7"/></net>

<net id="1917"><net_src comp="1167" pin="3"/><net_sink comp="1892" pin=8"/></net>

<net id="1918"><net_src comp="208" pin="0"/><net_sink comp="1892" pin=9"/></net>

<net id="1919"><net_src comp="1173" pin="3"/><net_sink comp="1892" pin=10"/></net>

<net id="1920"><net_src comp="210" pin="0"/><net_sink comp="1892" pin=11"/></net>

<net id="1921"><net_src comp="1179" pin="3"/><net_sink comp="1892" pin=12"/></net>

<net id="1922"><net_src comp="212" pin="0"/><net_sink comp="1892" pin=13"/></net>

<net id="1940"><net_src comp="202" pin="0"/><net_sink comp="1923" pin=0"/></net>

<net id="1941"><net_src comp="150" pin="0"/><net_sink comp="1923" pin=1"/></net>

<net id="1942"><net_src comp="1737" pin="15"/><net_sink comp="1923" pin=2"/></net>

<net id="1943"><net_src comp="160" pin="0"/><net_sink comp="1923" pin=3"/></net>

<net id="1944"><net_src comp="1768" pin="15"/><net_sink comp="1923" pin=4"/></net>

<net id="1945"><net_src comp="204" pin="0"/><net_sink comp="1923" pin=5"/></net>

<net id="1946"><net_src comp="1799" pin="15"/><net_sink comp="1923" pin=6"/></net>

<net id="1947"><net_src comp="206" pin="0"/><net_sink comp="1923" pin=7"/></net>

<net id="1948"><net_src comp="1830" pin="15"/><net_sink comp="1923" pin=8"/></net>

<net id="1949"><net_src comp="208" pin="0"/><net_sink comp="1923" pin=9"/></net>

<net id="1950"><net_src comp="1861" pin="15"/><net_sink comp="1923" pin=10"/></net>

<net id="1951"><net_src comp="210" pin="0"/><net_sink comp="1923" pin=11"/></net>

<net id="1952"><net_src comp="1892" pin="15"/><net_sink comp="1923" pin=12"/></net>

<net id="1953"><net_src comp="212" pin="0"/><net_sink comp="1923" pin=13"/></net>

<net id="1959"><net_src comp="1923" pin="15"/><net_sink comp="1954" pin=1"/></net>

<net id="1960"><net_src comp="1706" pin="15"/><net_sink comp="1954" pin=2"/></net>

<net id="1965"><net_src comp="1511" pin="2"/><net_sink comp="1961" pin=0"/></net>

<net id="1966"><net_src comp="1517" pin="1"/><net_sink comp="1961" pin=1"/></net>

<net id="1970"><net_src comp="1961" pin="2"/><net_sink comp="1967" pin=0"/></net>

<net id="1977"><net_src comp="214" pin="0"/><net_sink comp="1971" pin=0"/></net>

<net id="1978"><net_src comp="1451" pin="1"/><net_sink comp="1971" pin=1"/></net>

<net id="1979"><net_src comp="1967" pin="1"/><net_sink comp="1971" pin=2"/></net>

<net id="1980"><net_src comp="1954" pin="3"/><net_sink comp="1971" pin=3"/></net>

<net id="1985"><net_src comp="1971" pin="4"/><net_sink comp="1981" pin=0"/></net>

<net id="1989"><net_src comp="1986" pin="1"/><net_sink comp="242" pin=2"/></net>

<net id="1993"><net_src comp="218" pin="1"/><net_sink comp="1990" pin=0"/></net>

<net id="1994"><net_src comp="1990" pin="1"/><net_sink comp="1210" pin=1"/></net>

<net id="1995"><net_src comp="1990" pin="1"/><net_sink comp="1451" pin=0"/></net>

<net id="1996"><net_src comp="1990" pin="1"/><net_sink comp="1981" pin=1"/></net>

<net id="1997"><net_src comp="1990" pin="1"/><net_sink comp="1986" pin=0"/></net>

<net id="2001"><net_src comp="222" pin="1"/><net_sink comp="1998" pin=0"/></net>

<net id="2002"><net_src comp="1998" pin="1"/><net_sink comp="1205" pin=1"/></net>

<net id="2003"><net_src comp="1998" pin="1"/><net_sink comp="1230" pin=0"/></net>

<net id="2004"><net_src comp="1998" pin="1"/><net_sink comp="1446" pin=1"/></net>

<net id="2008"><net_src comp="226" pin="1"/><net_sink comp="2005" pin=0"/></net>

<net id="2009"><net_src comp="2005" pin="1"/><net_sink comp="1200" pin=1"/></net>

<net id="2010"><net_src comp="2005" pin="1"/><net_sink comp="1233" pin=0"/></net>

<net id="2011"><net_src comp="2005" pin="1"/><net_sink comp="1441" pin=1"/></net>

<net id="2015"><net_src comp="230" pin="1"/><net_sink comp="2012" pin=0"/></net>

<net id="2016"><net_src comp="2012" pin="1"/><net_sink comp="1195" pin=1"/></net>

<net id="2017"><net_src comp="2012" pin="1"/><net_sink comp="1236" pin=0"/></net>

<net id="2018"><net_src comp="2012" pin="1"/><net_sink comp="1436" pin=1"/></net>

<net id="2022"><net_src comp="234" pin="1"/><net_sink comp="2019" pin=0"/></net>

<net id="2023"><net_src comp="2019" pin="1"/><net_sink comp="1190" pin=1"/></net>

<net id="2024"><net_src comp="2019" pin="1"/><net_sink comp="1239" pin=0"/></net>

<net id="2025"><net_src comp="2019" pin="1"/><net_sink comp="1431" pin=1"/></net>

<net id="2029"><net_src comp="238" pin="1"/><net_sink comp="2026" pin=0"/></net>

<net id="2030"><net_src comp="2026" pin="1"/><net_sink comp="1185" pin=1"/></net>

<net id="2031"><net_src comp="2026" pin="1"/><net_sink comp="1215" pin=0"/></net>

<net id="2032"><net_src comp="2026" pin="1"/><net_sink comp="1426" pin=1"/></net>

<net id="2039"><net_src comp="1280" pin="3"/><net_sink comp="2036" pin=0"/></net>

<net id="2040"><net_src comp="2036" pin="1"/><net_sink comp="1454" pin=1"/></net>

<net id="2041"><net_src comp="2036" pin="1"/><net_sink comp="1465" pin=1"/></net>

<net id="2045"><net_src comp="1300" pin="3"/><net_sink comp="2042" pin=0"/></net>

<net id="2046"><net_src comp="2042" pin="1"/><net_sink comp="1517" pin=0"/></net>

<net id="2047"><net_src comp="2042" pin="1"/><net_sink comp="1520" pin=14"/></net>

<net id="2048"><net_src comp="2042" pin="1"/><net_sink comp="1551" pin=14"/></net>

<net id="2049"><net_src comp="2042" pin="1"/><net_sink comp="1582" pin=14"/></net>

<net id="2050"><net_src comp="2042" pin="1"/><net_sink comp="1613" pin=14"/></net>

<net id="2051"><net_src comp="2042" pin="1"/><net_sink comp="1644" pin=14"/></net>

<net id="2052"><net_src comp="2042" pin="1"/><net_sink comp="1675" pin=14"/></net>

<net id="2053"><net_src comp="2042" pin="1"/><net_sink comp="1737" pin=14"/></net>

<net id="2054"><net_src comp="2042" pin="1"/><net_sink comp="1768" pin=14"/></net>

<net id="2055"><net_src comp="2042" pin="1"/><net_sink comp="1799" pin=14"/></net>

<net id="2056"><net_src comp="2042" pin="1"/><net_sink comp="1830" pin=14"/></net>

<net id="2057"><net_src comp="2042" pin="1"/><net_sink comp="1861" pin=14"/></net>

<net id="2058"><net_src comp="2042" pin="1"/><net_sink comp="1892" pin=14"/></net>

<net id="2062"><net_src comp="1308" pin="3"/><net_sink comp="2059" pin=0"/></net>

<net id="2063"><net_src comp="2059" pin="1"/><net_sink comp="1482" pin=0"/></net>

<net id="2064"><net_src comp="2059" pin="1"/><net_sink comp="1706" pin=14"/></net>

<net id="2065"><net_src comp="2059" pin="1"/><net_sink comp="1923" pin=14"/></net>

<net id="2069"><net_src comp="1316" pin="1"/><net_sink comp="2066" pin=0"/></net>

<net id="2070"><net_src comp="2066" pin="1"/><net_sink comp="1954" pin=0"/></net>

<net id="2074"><net_src comp="249" pin="3"/><net_sink comp="2071" pin=0"/></net>

<net id="2075"><net_src comp="2071" pin="1"/><net_sink comp="753" pin=0"/></net>

<net id="2079"><net_src comp="256" pin="3"/><net_sink comp="2076" pin=0"/></net>

<net id="2080"><net_src comp="2076" pin="1"/><net_sink comp="759" pin=0"/></net>

<net id="2084"><net_src comp="263" pin="3"/><net_sink comp="2081" pin=0"/></net>

<net id="2085"><net_src comp="2081" pin="1"/><net_sink comp="765" pin=0"/></net>

<net id="2089"><net_src comp="270" pin="3"/><net_sink comp="2086" pin=0"/></net>

<net id="2090"><net_src comp="2086" pin="1"/><net_sink comp="771" pin=0"/></net>

<net id="2094"><net_src comp="277" pin="3"/><net_sink comp="2091" pin=0"/></net>

<net id="2095"><net_src comp="2091" pin="1"/><net_sink comp="777" pin=0"/></net>

<net id="2099"><net_src comp="284" pin="3"/><net_sink comp="2096" pin=0"/></net>

<net id="2100"><net_src comp="2096" pin="1"/><net_sink comp="783" pin=0"/></net>

<net id="2104"><net_src comp="291" pin="3"/><net_sink comp="2101" pin=0"/></net>

<net id="2105"><net_src comp="2101" pin="1"/><net_sink comp="789" pin=0"/></net>

<net id="2109"><net_src comp="298" pin="3"/><net_sink comp="2106" pin=0"/></net>

<net id="2110"><net_src comp="2106" pin="1"/><net_sink comp="795" pin=0"/></net>

<net id="2114"><net_src comp="305" pin="3"/><net_sink comp="2111" pin=0"/></net>

<net id="2115"><net_src comp="2111" pin="1"/><net_sink comp="801" pin=0"/></net>

<net id="2119"><net_src comp="312" pin="3"/><net_sink comp="2116" pin=0"/></net>

<net id="2120"><net_src comp="2116" pin="1"/><net_sink comp="807" pin=0"/></net>

<net id="2124"><net_src comp="319" pin="3"/><net_sink comp="2121" pin=0"/></net>

<net id="2125"><net_src comp="2121" pin="1"/><net_sink comp="813" pin=0"/></net>

<net id="2129"><net_src comp="326" pin="3"/><net_sink comp="2126" pin=0"/></net>

<net id="2130"><net_src comp="2126" pin="1"/><net_sink comp="819" pin=0"/></net>

<net id="2134"><net_src comp="333" pin="3"/><net_sink comp="2131" pin=0"/></net>

<net id="2135"><net_src comp="2131" pin="1"/><net_sink comp="825" pin=0"/></net>

<net id="2139"><net_src comp="340" pin="3"/><net_sink comp="2136" pin=0"/></net>

<net id="2140"><net_src comp="2136" pin="1"/><net_sink comp="831" pin=0"/></net>

<net id="2144"><net_src comp="347" pin="3"/><net_sink comp="2141" pin=0"/></net>

<net id="2145"><net_src comp="2141" pin="1"/><net_sink comp="837" pin=0"/></net>

<net id="2149"><net_src comp="354" pin="3"/><net_sink comp="2146" pin=0"/></net>

<net id="2150"><net_src comp="2146" pin="1"/><net_sink comp="843" pin=0"/></net>

<net id="2154"><net_src comp="361" pin="3"/><net_sink comp="2151" pin=0"/></net>

<net id="2155"><net_src comp="2151" pin="1"/><net_sink comp="849" pin=0"/></net>

<net id="2159"><net_src comp="368" pin="3"/><net_sink comp="2156" pin=0"/></net>

<net id="2160"><net_src comp="2156" pin="1"/><net_sink comp="855" pin=0"/></net>

<net id="2164"><net_src comp="375" pin="3"/><net_sink comp="2161" pin=0"/></net>

<net id="2165"><net_src comp="2161" pin="1"/><net_sink comp="861" pin=0"/></net>

<net id="2169"><net_src comp="382" pin="3"/><net_sink comp="2166" pin=0"/></net>

<net id="2170"><net_src comp="2166" pin="1"/><net_sink comp="867" pin=0"/></net>

<net id="2174"><net_src comp="389" pin="3"/><net_sink comp="2171" pin=0"/></net>

<net id="2175"><net_src comp="2171" pin="1"/><net_sink comp="873" pin=0"/></net>

<net id="2179"><net_src comp="396" pin="3"/><net_sink comp="2176" pin=0"/></net>

<net id="2180"><net_src comp="2176" pin="1"/><net_sink comp="879" pin=0"/></net>

<net id="2184"><net_src comp="403" pin="3"/><net_sink comp="2181" pin=0"/></net>

<net id="2185"><net_src comp="2181" pin="1"/><net_sink comp="885" pin=0"/></net>

<net id="2189"><net_src comp="410" pin="3"/><net_sink comp="2186" pin=0"/></net>

<net id="2190"><net_src comp="2186" pin="1"/><net_sink comp="891" pin=0"/></net>

<net id="2194"><net_src comp="417" pin="3"/><net_sink comp="2191" pin=0"/></net>

<net id="2195"><net_src comp="2191" pin="1"/><net_sink comp="897" pin=0"/></net>

<net id="2199"><net_src comp="424" pin="3"/><net_sink comp="2196" pin=0"/></net>

<net id="2200"><net_src comp="2196" pin="1"/><net_sink comp="903" pin=0"/></net>

<net id="2204"><net_src comp="431" pin="3"/><net_sink comp="2201" pin=0"/></net>

<net id="2205"><net_src comp="2201" pin="1"/><net_sink comp="909" pin=0"/></net>

<net id="2209"><net_src comp="438" pin="3"/><net_sink comp="2206" pin=0"/></net>

<net id="2210"><net_src comp="2206" pin="1"/><net_sink comp="915" pin=0"/></net>

<net id="2214"><net_src comp="445" pin="3"/><net_sink comp="2211" pin=0"/></net>

<net id="2215"><net_src comp="2211" pin="1"/><net_sink comp="921" pin=0"/></net>

<net id="2219"><net_src comp="452" pin="3"/><net_sink comp="2216" pin=0"/></net>

<net id="2220"><net_src comp="2216" pin="1"/><net_sink comp="927" pin=0"/></net>

<net id="2224"><net_src comp="459" pin="3"/><net_sink comp="2221" pin=0"/></net>

<net id="2225"><net_src comp="2221" pin="1"/><net_sink comp="933" pin=0"/></net>

<net id="2229"><net_src comp="466" pin="3"/><net_sink comp="2226" pin=0"/></net>

<net id="2230"><net_src comp="2226" pin="1"/><net_sink comp="939" pin=0"/></net>

<net id="2234"><net_src comp="473" pin="3"/><net_sink comp="2231" pin=0"/></net>

<net id="2235"><net_src comp="2231" pin="1"/><net_sink comp="945" pin=0"/></net>

<net id="2239"><net_src comp="480" pin="3"/><net_sink comp="2236" pin=0"/></net>

<net id="2240"><net_src comp="2236" pin="1"/><net_sink comp="951" pin=0"/></net>

<net id="2244"><net_src comp="487" pin="3"/><net_sink comp="2241" pin=0"/></net>

<net id="2245"><net_src comp="2241" pin="1"/><net_sink comp="957" pin=0"/></net>

<net id="2249"><net_src comp="494" pin="3"/><net_sink comp="2246" pin=0"/></net>

<net id="2250"><net_src comp="2246" pin="1"/><net_sink comp="963" pin=0"/></net>

<net id="2254"><net_src comp="501" pin="3"/><net_sink comp="2251" pin=0"/></net>

<net id="2255"><net_src comp="2251" pin="1"/><net_sink comp="969" pin=0"/></net>

<net id="2259"><net_src comp="508" pin="3"/><net_sink comp="2256" pin=0"/></net>

<net id="2260"><net_src comp="2256" pin="1"/><net_sink comp="975" pin=0"/></net>

<net id="2264"><net_src comp="515" pin="3"/><net_sink comp="2261" pin=0"/></net>

<net id="2265"><net_src comp="2261" pin="1"/><net_sink comp="981" pin=0"/></net>

<net id="2269"><net_src comp="522" pin="3"/><net_sink comp="2266" pin=0"/></net>

<net id="2270"><net_src comp="2266" pin="1"/><net_sink comp="987" pin=0"/></net>

<net id="2274"><net_src comp="529" pin="3"/><net_sink comp="2271" pin=0"/></net>

<net id="2275"><net_src comp="2271" pin="1"/><net_sink comp="993" pin=0"/></net>

<net id="2279"><net_src comp="536" pin="3"/><net_sink comp="2276" pin=0"/></net>

<net id="2280"><net_src comp="2276" pin="1"/><net_sink comp="999" pin=0"/></net>

<net id="2284"><net_src comp="543" pin="3"/><net_sink comp="2281" pin=0"/></net>

<net id="2285"><net_src comp="2281" pin="1"/><net_sink comp="1005" pin=0"/></net>

<net id="2289"><net_src comp="550" pin="3"/><net_sink comp="2286" pin=0"/></net>

<net id="2290"><net_src comp="2286" pin="1"/><net_sink comp="1011" pin=0"/></net>

<net id="2294"><net_src comp="557" pin="3"/><net_sink comp="2291" pin=0"/></net>

<net id="2295"><net_src comp="2291" pin="1"/><net_sink comp="1017" pin=0"/></net>

<net id="2299"><net_src comp="564" pin="3"/><net_sink comp="2296" pin=0"/></net>

<net id="2300"><net_src comp="2296" pin="1"/><net_sink comp="1023" pin=0"/></net>

<net id="2304"><net_src comp="571" pin="3"/><net_sink comp="2301" pin=0"/></net>

<net id="2305"><net_src comp="2301" pin="1"/><net_sink comp="1029" pin=0"/></net>

<net id="2309"><net_src comp="578" pin="3"/><net_sink comp="2306" pin=0"/></net>

<net id="2310"><net_src comp="2306" pin="1"/><net_sink comp="1035" pin=0"/></net>

<net id="2314"><net_src comp="585" pin="3"/><net_sink comp="2311" pin=0"/></net>

<net id="2315"><net_src comp="2311" pin="1"/><net_sink comp="1041" pin=0"/></net>

<net id="2319"><net_src comp="592" pin="3"/><net_sink comp="2316" pin=0"/></net>

<net id="2320"><net_src comp="2316" pin="1"/><net_sink comp="1047" pin=0"/></net>

<net id="2324"><net_src comp="599" pin="3"/><net_sink comp="2321" pin=0"/></net>

<net id="2325"><net_src comp="2321" pin="1"/><net_sink comp="1053" pin=0"/></net>

<net id="2329"><net_src comp="606" pin="3"/><net_sink comp="2326" pin=0"/></net>

<net id="2330"><net_src comp="2326" pin="1"/><net_sink comp="1059" pin=0"/></net>

<net id="2334"><net_src comp="613" pin="3"/><net_sink comp="2331" pin=0"/></net>

<net id="2335"><net_src comp="2331" pin="1"/><net_sink comp="1065" pin=0"/></net>

<net id="2339"><net_src comp="620" pin="3"/><net_sink comp="2336" pin=0"/></net>

<net id="2340"><net_src comp="2336" pin="1"/><net_sink comp="1071" pin=0"/></net>

<net id="2344"><net_src comp="627" pin="3"/><net_sink comp="2341" pin=0"/></net>

<net id="2345"><net_src comp="2341" pin="1"/><net_sink comp="1077" pin=0"/></net>

<net id="2349"><net_src comp="634" pin="3"/><net_sink comp="2346" pin=0"/></net>

<net id="2350"><net_src comp="2346" pin="1"/><net_sink comp="1083" pin=0"/></net>

<net id="2354"><net_src comp="641" pin="3"/><net_sink comp="2351" pin=0"/></net>

<net id="2355"><net_src comp="2351" pin="1"/><net_sink comp="1089" pin=0"/></net>

<net id="2359"><net_src comp="648" pin="3"/><net_sink comp="2356" pin=0"/></net>

<net id="2360"><net_src comp="2356" pin="1"/><net_sink comp="1095" pin=0"/></net>

<net id="2364"><net_src comp="655" pin="3"/><net_sink comp="2361" pin=0"/></net>

<net id="2365"><net_src comp="2361" pin="1"/><net_sink comp="1101" pin=0"/></net>

<net id="2369"><net_src comp="662" pin="3"/><net_sink comp="2366" pin=0"/></net>

<net id="2370"><net_src comp="2366" pin="1"/><net_sink comp="1107" pin=0"/></net>

<net id="2374"><net_src comp="669" pin="3"/><net_sink comp="2371" pin=0"/></net>

<net id="2375"><net_src comp="2371" pin="1"/><net_sink comp="1113" pin=0"/></net>

<net id="2379"><net_src comp="676" pin="3"/><net_sink comp="2376" pin=0"/></net>

<net id="2380"><net_src comp="2376" pin="1"/><net_sink comp="1119" pin=0"/></net>

<net id="2384"><net_src comp="683" pin="3"/><net_sink comp="2381" pin=0"/></net>

<net id="2385"><net_src comp="2381" pin="1"/><net_sink comp="1125" pin=0"/></net>

<net id="2389"><net_src comp="690" pin="3"/><net_sink comp="2386" pin=0"/></net>

<net id="2390"><net_src comp="2386" pin="1"/><net_sink comp="1131" pin=0"/></net>

<net id="2394"><net_src comp="697" pin="3"/><net_sink comp="2391" pin=0"/></net>

<net id="2395"><net_src comp="2391" pin="1"/><net_sink comp="1137" pin=0"/></net>

<net id="2399"><net_src comp="704" pin="3"/><net_sink comp="2396" pin=0"/></net>

<net id="2400"><net_src comp="2396" pin="1"/><net_sink comp="1143" pin=0"/></net>

<net id="2404"><net_src comp="711" pin="3"/><net_sink comp="2401" pin=0"/></net>

<net id="2405"><net_src comp="2401" pin="1"/><net_sink comp="1149" pin=0"/></net>

<net id="2409"><net_src comp="718" pin="3"/><net_sink comp="2406" pin=0"/></net>

<net id="2410"><net_src comp="2406" pin="1"/><net_sink comp="1155" pin=0"/></net>

<net id="2414"><net_src comp="725" pin="3"/><net_sink comp="2411" pin=0"/></net>

<net id="2415"><net_src comp="2411" pin="1"/><net_sink comp="1161" pin=0"/></net>

<net id="2419"><net_src comp="732" pin="3"/><net_sink comp="2416" pin=0"/></net>

<net id="2420"><net_src comp="2416" pin="1"/><net_sink comp="1167" pin=0"/></net>

<net id="2424"><net_src comp="739" pin="3"/><net_sink comp="2421" pin=0"/></net>

<net id="2425"><net_src comp="2421" pin="1"/><net_sink comp="1173" pin=0"/></net>

<net id="2429"><net_src comp="746" pin="3"/><net_sink comp="2426" pin=0"/></net>

<net id="2430"><net_src comp="2426" pin="1"/><net_sink comp="1179" pin=0"/></net>

</net_list>

</model> 
---------------- Datapath Model END ------------------

* FSMD analyzer results:
  - Output states:
	Port: beat_2_out | {1 }
 - Input state : 
	Port: edge_correction_Pipeline_VITIS_LOOP_213_5_VITIS_LOOP_214_6_VITIS_LOOP_215_7 : correction | {1 2 }
	Port: edge_correction_Pipeline_VITIS_LOOP_213_5_VITIS_LOOP_214_6_VITIS_LOOP_215_7 : correction_1 | {1 2 }
	Port: edge_correction_Pipeline_VITIS_LOOP_213_5_VITIS_LOOP_214_6_VITIS_LOOP_215_7 : correction_2 | {1 2 }
	Port: edge_correction_Pipeline_VITIS_LOOP_213_5_VITIS_LOOP_214_6_VITIS_LOOP_215_7 : correction_3 | {1 2 }
	Port: edge_correction_Pipeline_VITIS_LOOP_213_5_VITIS_LOOP_214_6_VITIS_LOOP_215_7 : correction_4 | {1 2 }
	Port: edge_correction_Pipeline_VITIS_LOOP_213_5_VITIS_LOOP_214_6_VITIS_LOOP_215_7 : correction_5 | {1 2 }
	Port: edge_correction_Pipeline_VITIS_LOOP_213_5_VITIS_LOOP_214_6_VITIS_LOOP_215_7 : correction_6 | {1 2 }
	Port: edge_correction_Pipeline_VITIS_LOOP_213_5_VITIS_LOOP_214_6_VITIS_LOOP_215_7 : correction_7 | {1 2 }
	Port: edge_correction_Pipeline_VITIS_LOOP_213_5_VITIS_LOOP_214_6_VITIS_LOOP_215_7 : correction_8 | {1 2 }
	Port: edge_correction_Pipeline_VITIS_LOOP_213_5_VITIS_LOOP_214_6_VITIS_LOOP_215_7 : correction_9 | {1 2 }
	Port: edge_correction_Pipeline_VITIS_LOOP_213_5_VITIS_LOOP_214_6_VITIS_LOOP_215_7 : correction_10 | {1 2 }
	Port: edge_correction_Pipeline_VITIS_LOOP_213_5_VITIS_LOOP_214_6_VITIS_LOOP_215_7 : correction_11 | {1 2 }
	Port: edge_correction_Pipeline_VITIS_LOOP_213_5_VITIS_LOOP_214_6_VITIS_LOOP_215_7 : correction_12 | {1 2 }
	Port: edge_correction_Pipeline_VITIS_LOOP_213_5_VITIS_LOOP_214_6_VITIS_LOOP_215_7 : correction_13 | {1 2 }
	Port: edge_correction_Pipeline_VITIS_LOOP_213_5_VITIS_LOOP_214_6_VITIS_LOOP_215_7 : correction_14 | {1 2 }
	Port: edge_correction_Pipeline_VITIS_LOOP_213_5_VITIS_LOOP_214_6_VITIS_LOOP_215_7 : correction_15 | {1 2 }
	Port: edge_correction_Pipeline_VITIS_LOOP_213_5_VITIS_LOOP_214_6_VITIS_LOOP_215_7 : correction_16 | {1 2 }
	Port: edge_correction_Pipeline_VITIS_LOOP_213_5_VITIS_LOOP_214_6_VITIS_LOOP_215_7 : correction_17 | {1 2 }
	Port: edge_correction_Pipeline_VITIS_LOOP_213_5_VITIS_LOOP_214_6_VITIS_LOOP_215_7 : correction_18 | {1 2 }
	Port: edge_correction_Pipeline_VITIS_LOOP_213_5_VITIS_LOOP_214_6_VITIS_LOOP_215_7 : correction_19 | {1 2 }
	Port: edge_correction_Pipeline_VITIS_LOOP_213_5_VITIS_LOOP_214_6_VITIS_LOOP_215_7 : correction_20 | {1 2 }
	Port: edge_correction_Pipeline_VITIS_LOOP_213_5_VITIS_LOOP_214_6_VITIS_LOOP_215_7 : correction_21 | {1 2 }
	Port: edge_correction_Pipeline_VITIS_LOOP_213_5_VITIS_LOOP_214_6_VITIS_LOOP_215_7 : correction_22 | {1 2 }
	Port: edge_correction_Pipeline_VITIS_LOOP_213_5_VITIS_LOOP_214_6_VITIS_LOOP_215_7 : correction_23 | {1 2 }
	Port: edge_correction_Pipeline_VITIS_LOOP_213_5_VITIS_LOOP_214_6_VITIS_LOOP_215_7 : correction_24 | {1 2 }
	Port: edge_correction_Pipeline_VITIS_LOOP_213_5_VITIS_LOOP_214_6_VITIS_LOOP_215_7 : correction_25 | {1 2 }
	Port: edge_correction_Pipeline_VITIS_LOOP_213_5_VITIS_LOOP_214_6_VITIS_LOOP_215_7 : correction_26 | {1 2 }
	Port: edge_correction_Pipeline_VITIS_LOOP_213_5_VITIS_LOOP_214_6_VITIS_LOOP_215_7 : correction_27 | {1 2 }
	Port: edge_correction_Pipeline_VITIS_LOOP_213_5_VITIS_LOOP_214_6_VITIS_LOOP_215_7 : correction_28 | {1 2 }
	Port: edge_correction_Pipeline_VITIS_LOOP_213_5_VITIS_LOOP_214_6_VITIS_LOOP_215_7 : correction_29 | {1 2 }
	Port: edge_correction_Pipeline_VITIS_LOOP_213_5_VITIS_LOOP_214_6_VITIS_LOOP_215_7 : correction_30 | {1 2 }
	Port: edge_correction_Pipeline_VITIS_LOOP_213_5_VITIS_LOOP_214_6_VITIS_LOOP_215_7 : correction_31 | {1 2 }
	Port: edge_correction_Pipeline_VITIS_LOOP_213_5_VITIS_LOOP_214_6_VITIS_LOOP_215_7 : correction_32 | {1 2 }
	Port: edge_correction_Pipeline_VITIS_LOOP_213_5_VITIS_LOOP_214_6_VITIS_LOOP_215_7 : correction_33 | {1 2 }
	Port: edge_correction_Pipeline_VITIS_LOOP_213_5_VITIS_LOOP_214_6_VITIS_LOOP_215_7 : correction_34 | {1 2 }
	Port: edge_correction_Pipeline_VITIS_LOOP_213_5_VITIS_LOOP_214_6_VITIS_LOOP_215_7 : correction_35 | {1 2 }
	Port: edge_correction_Pipeline_VITIS_LOOP_213_5_VITIS_LOOP_214_6_VITIS_LOOP_215_7 : correction_36 | {1 2 }
	Port: edge_correction_Pipeline_VITIS_LOOP_213_5_VITIS_LOOP_214_6_VITIS_LOOP_215_7 : correction_37 | {1 2 }
	Port: edge_correction_Pipeline_VITIS_LOOP_213_5_VITIS_LOOP_214_6_VITIS_LOOP_215_7 : correction_38 | {1 2 }
	Port: edge_correction_Pipeline_VITIS_LOOP_213_5_VITIS_LOOP_214_6_VITIS_LOOP_215_7 : correction_39 | {1 2 }
	Port: edge_correction_Pipeline_VITIS_LOOP_213_5_VITIS_LOOP_214_6_VITIS_LOOP_215_7 : correction_40 | {1 2 }
	Port: edge_correction_Pipeline_VITIS_LOOP_213_5_VITIS_LOOP_214_6_VITIS_LOOP_215_7 : correction_41 | {1 2 }
	Port: edge_correction_Pipeline_VITIS_LOOP_213_5_VITIS_LOOP_214_6_VITIS_LOOP_215_7 : correction_42 | {1 2 }
	Port: edge_correction_Pipeline_VITIS_LOOP_213_5_VITIS_LOOP_214_6_VITIS_LOOP_215_7 : correction_43 | {1 2 }
	Port: edge_correction_Pipeline_VITIS_LOOP_213_5_VITIS_LOOP_214_6_VITIS_LOOP_215_7 : correction_44 | {1 2 }
	Port: edge_correction_Pipeline_VITIS_LOOP_213_5_VITIS_LOOP_214_6_VITIS_LOOP_215_7 : correction_45 | {1 2 }
	Port: edge_correction_Pipeline_VITIS_LOOP_213_5_VITIS_LOOP_214_6_VITIS_LOOP_215_7 : correction_46 | {1 2 }
	Port: edge_correction_Pipeline_VITIS_LOOP_213_5_VITIS_LOOP_214_6_VITIS_LOOP_215_7 : correction_47 | {1 2 }
	Port: edge_correction_Pipeline_VITIS_LOOP_213_5_VITIS_LOOP_214_6_VITIS_LOOP_215_7 : correction_48 | {1 2 }
	Port: edge_correction_Pipeline_VITIS_LOOP_213_5_VITIS_LOOP_214_6_VITIS_LOOP_215_7 : correction_49 | {1 2 }
	Port: edge_correction_Pipeline_VITIS_LOOP_213_5_VITIS_LOOP_214_6_VITIS_LOOP_215_7 : correction_50 | {1 2 }
	Port: edge_correction_Pipeline_VITIS_LOOP_213_5_VITIS_LOOP_214_6_VITIS_LOOP_215_7 : correction_51 | {1 2 }
	Port: edge_correction_Pipeline_VITIS_LOOP_213_5_VITIS_LOOP_214_6_VITIS_LOOP_215_7 : correction_52 | {1 2 }
	Port: edge_correction_Pipeline_VITIS_LOOP_213_5_VITIS_LOOP_214_6_VITIS_LOOP_215_7 : correction_53 | {1 2 }
	Port: edge_correction_Pipeline_VITIS_LOOP_213_5_VITIS_LOOP_214_6_VITIS_LOOP_215_7 : correction_54 | {1 2 }
	Port: edge_correction_Pipeline_VITIS_LOOP_213_5_VITIS_LOOP_214_6_VITIS_LOOP_215_7 : correction_55 | {1 2 }
	Port: edge_correction_Pipeline_VITIS_LOOP_213_5_VITIS_LOOP_214_6_VITIS_LOOP_215_7 : correction_56 | {1 2 }
	Port: edge_correction_Pipeline_VITIS_LOOP_213_5_VITIS_LOOP_214_6_VITIS_LOOP_215_7 : correction_57 | {1 2 }
	Port: edge_correction_Pipeline_VITIS_LOOP_213_5_VITIS_LOOP_214_6_VITIS_LOOP_215_7 : correction_58 | {1 2 }
	Port: edge_correction_Pipeline_VITIS_LOOP_213_5_VITIS_LOOP_214_6_VITIS_LOOP_215_7 : correction_59 | {1 2 }
	Port: edge_correction_Pipeline_VITIS_LOOP_213_5_VITIS_LOOP_214_6_VITIS_LOOP_215_7 : correction_60 | {1 2 }
	Port: edge_correction_Pipeline_VITIS_LOOP_213_5_VITIS_LOOP_214_6_VITIS_LOOP_215_7 : correction_61 | {1 2 }
	Port: edge_correction_Pipeline_VITIS_LOOP_213_5_VITIS_LOOP_214_6_VITIS_LOOP_215_7 : correction_62 | {1 2 }
	Port: edge_correction_Pipeline_VITIS_LOOP_213_5_VITIS_LOOP_214_6_VITIS_LOOP_215_7 : correction_63 | {1 2 }
	Port: edge_correction_Pipeline_VITIS_LOOP_213_5_VITIS_LOOP_214_6_VITIS_LOOP_215_7 : correction_64 | {1 2 }
	Port: edge_correction_Pipeline_VITIS_LOOP_213_5_VITIS_LOOP_214_6_VITIS_LOOP_215_7 : correction_65 | {1 2 }
	Port: edge_correction_Pipeline_VITIS_LOOP_213_5_VITIS_LOOP_214_6_VITIS_LOOP_215_7 : correction_66 | {1 2 }
	Port: edge_correction_Pipeline_VITIS_LOOP_213_5_VITIS_LOOP_214_6_VITIS_LOOP_215_7 : correction_67 | {1 2 }
	Port: edge_correction_Pipeline_VITIS_LOOP_213_5_VITIS_LOOP_214_6_VITIS_LOOP_215_7 : correction_68 | {1 2 }
	Port: edge_correction_Pipeline_VITIS_LOOP_213_5_VITIS_LOOP_214_6_VITIS_LOOP_215_7 : correction_69 | {1 2 }
	Port: edge_correction_Pipeline_VITIS_LOOP_213_5_VITIS_LOOP_214_6_VITIS_LOOP_215_7 : correction_70 | {1 2 }
	Port: edge_correction_Pipeline_VITIS_LOOP_213_5_VITIS_LOOP_214_6_VITIS_LOOP_215_7 : correction_71 | {1 2 }
  - Chain level:
	State 1
		store_ln0 : 1
		store_ln213 : 1
		store_ln0 : 1
		store_ln214 : 1
		store_ln215 : 1
		store_ln212 : 1
		indvar_flatten58_load : 1
		icmp_ln213 : 2
		add_ln213_1 : 2
		br_ln213 : 3
		x_load : 1
		y_load : 1
		indvar_flatten43_load : 1
		t_load : 1
		add_ln213 : 2
		icmp_ln214 : 2
		select_ln212 : 3
		xor_ln212 : 3
		icmp_ln215 : 2
		and_ln212 : 3
		select_ln213 : 3
		add_ln214 : 4
		or_ln212 : 3
		select_ln212_1 : 3
		select_ln214 : 3
		trunc_ln213 : 4
		lshr_ln2 : 4
		zext_ln212 : 5
		correction_addr : 6
		correction_1_addr : 6
		correction_2_addr : 6
		correction_3_addr : 6
		correction_4_addr : 6
		correction_5_addr : 6
		correction_6_addr : 6
		correction_7_addr : 6
		correction_8_addr : 6
		correction_9_addr : 6
		correction_10_addr : 6
		correction_11_addr : 6
		correction_12_addr : 6
		correction_13_addr : 6
		correction_14_addr : 6
		correction_15_addr : 6
		correction_16_addr : 6
		correction_17_addr : 6
		correction_18_addr : 6
		correction_19_addr : 6
		correction_20_addr : 6
		correction_21_addr : 6
		correction_22_addr : 6
		correction_23_addr : 6
		correction_24_addr : 6
		correction_25_addr : 6
		correction_26_addr : 6
		correction_27_addr : 6
		correction_28_addr : 6
		correction_29_addr : 6
		correction_30_addr : 6
		correction_31_addr : 6
		correction_32_addr : 6
		correction_33_addr : 6
		correction_34_addr : 6
		correction_35_addr : 6
		correction_36_addr : 6
		correction_37_addr : 6
		correction_38_addr : 6
		correction_39_addr : 6
		correction_40_addr : 6
		correction_41_addr : 6
		correction_42_addr : 6
		correction_43_addr : 6
		correction_44_addr : 6
		correction_45_addr : 6
		correction_46_addr : 6
		correction_47_addr : 6
		correction_48_addr : 6
		correction_49_addr : 6
		correction_50_addr : 6
		correction_51_addr : 6
		correction_52_addr : 6
		correction_53_addr : 6
		correction_54_addr : 6
		correction_55_addr : 6
		correction_56_addr : 6
		correction_57_addr : 6
		correction_58_addr : 6
		correction_59_addr : 6
		correction_60_addr : 6
		correction_61_addr : 6
		correction_62_addr : 6
		correction_63_addr : 6
		correction_64_addr : 6
		correction_65_addr : 6
		correction_66_addr : 6
		correction_67_addr : 6
		correction_68_addr : 6
		correction_69_addr : 6
		correction_70_addr : 6
		correction_71_addr : 6
		correction_load : 7
		correction_1_load : 7
		correction_2_load : 7
		correction_3_load : 7
		correction_4_load : 7
		correction_5_load : 7
		correction_6_load : 7
		correction_7_load : 7
		correction_8_load : 7
		correction_9_load : 7
		correction_10_load : 7
		correction_11_load : 7
		correction_12_load : 7
		correction_13_load : 7
		correction_14_load : 7
		correction_15_load : 7
		correction_16_load : 7
		correction_17_load : 7
		correction_18_load : 7
		correction_19_load : 7
		correction_20_load : 7
		correction_21_load : 7
		correction_22_load : 7
		correction_23_load : 7
		correction_24_load : 7
		correction_25_load : 7
		correction_26_load : 7
		correction_27_load : 7
		correction_28_load : 7
		correction_29_load : 7
		correction_30_load : 7
		correction_31_load : 7
		correction_32_load : 7
		correction_33_load : 7
		correction_34_load : 7
		correction_35_load : 7
		correction_36_load : 7
		correction_37_load : 7
		correction_38_load : 7
		correction_39_load : 7
		correction_40_load : 7
		correction_41_load : 7
		correction_42_load : 7
		correction_43_load : 7
		correction_44_load : 7
		correction_45_load : 7
		correction_46_load : 7
		correction_47_load : 7
		correction_48_load : 7
		correction_49_load : 7
		correction_50_load : 7
		correction_51_load : 7
		correction_52_load : 7
		correction_53_load : 7
		correction_54_load : 7
		correction_55_load : 7
		correction_56_load : 7
		correction_57_load : 7
		correction_58_load : 7
		correction_59_load : 7
		correction_60_load : 7
		correction_61_load : 7
		correction_62_load : 7
		correction_63_load : 7
		correction_64_load : 7
		correction_65_load : 7
		correction_66_load : 7
		correction_67_load : 7
		correction_68_load : 7
		correction_69_load : 7
		correction_70_load : 7
		correction_71_load : 7
		add_ln215 : 4
		add_ln214_1 : 2
		select_ln214_1 : 3
		store_ln213 : 3
		store_ln213 : 4
		store_ln214 : 4
		store_ln214 : 4
		store_ln215 : 5
		beat_load : 1
		write_ln0 : 2
	State 2
		p_shl4_cast : 1
		p_shl5_cast : 1
		empty : 2
		empty_55 : 3
		p_shl6 : 4
		p_shl7 : 4
		p_shl7_cast : 5
		empty_56 : 6
		tmp_s : 1
		tmp_1 : 1
		tmp_2 : 1
		tmp_3 : 1
		tmp_4 : 1
		tmp_5 : 1
		tmp_6 : 2
		tmp_7 : 1
		tmp_8 : 1
		tmp_9 : 1
		tmp_10 : 1
		tmp_11 : 1
		tmp_12 : 1
		tmp_13 : 2
		select_ln217 : 3
		add_ln217 : 7
		sext_ln217 : 8
		beat_1 : 9
		store_ln212 : 10


============================================================
+ Verbose Summary: Datapath Resource usage 
============================================================

* Functional unit list:
|----------|----------------------------|---------|---------|
| Operation|       Functional Unit      |    FF   |   LUT   |
|----------|----------------------------|---------|---------|
|          |        tmp_s_fu_1520       |    0    |    31   |
|          |        tmp_1_fu_1551       |    0    |    31   |
|          |        tmp_2_fu_1582       |    0    |    31   |
|          |        tmp_3_fu_1613       |    0    |    31   |
|          |        tmp_4_fu_1644       |    0    |    31   |
|          |        tmp_5_fu_1675       |    0    |    31   |
| sparsemux|        tmp_6_fu_1706       |    0    |    31   |
|          |        tmp_7_fu_1737       |    0    |    31   |
|          |        tmp_8_fu_1768       |    0    |    31   |
|          |        tmp_9_fu_1799       |    0    |    31   |
|          |       tmp_10_fu_1830       |    0    |    31   |
|          |       tmp_11_fu_1861       |    0    |    31   |
|          |       tmp_12_fu_1892       |    0    |    31   |
|          |       tmp_13_fu_1923       |    0    |    31   |
|----------|----------------------------|---------|---------|
|          |     add_ln213_1_fu_1224    |    0    |    15   |
|          |      add_ln213_fu_1242     |    0    |    10   |
|          |      add_ln214_fu_1288     |    0    |    10   |
|    add   |      add_ln215_fu_1406     |    0    |    10   |
|          |     add_ln214_1_fu_1412    |    0    |    13   |
|          |      empty_55_fu_1485      |    0    |    16   |
|          |      add_ln217_fu_1961     |    0    |    18   |
|----------|----------------------------|---------|---------|
|          |     icmp_ln213_fu_1218     |    0    |    15   |
|   icmp   |     icmp_ln214_fu_1248     |    0    |    13   |
|          |     icmp_ln215_fu_1268     |    0    |    10   |
|----------|----------------------------|---------|---------|
|    sub   |        empty_fu_1476       |    0    |    13   |
|          |      empty_56_fu_1511      |    0    |    18   |
|----------|----------------------------|---------|---------|
|          |    select_ln212_fu_1254    |    0    |    3    |
|          |    select_ln213_fu_1280    |    0    |    3    |
|  select  |   select_ln212_1_fu_1300   |    0    |    3    |
|          |    select_ln214_fu_1308    |    0    |    3    |
|          |   select_ln214_1_fu_1418   |    0    |    6    |
|          |    select_ln217_fu_1954    |    0    |    2    |
|----------|----------------------------|---------|---------|
|    xor   |      xor_ln212_fu_1262     |    0    |    2    |
|----------|----------------------------|---------|---------|
|    and   |      and_ln212_fu_1274     |    0    |    2    |
|----------|----------------------------|---------|---------|
|    or    |      or_ln212_fu_1294      |    0    |    2    |
|----------|----------------------------|---------|---------|
|   write  |   write_ln0_write_fu_242   |    0    |    0    |
|----------|----------------------------|---------|---------|
|   trunc  |     trunc_ln213_fu_1316    |    0    |    0    |
|----------|----------------------------|---------|---------|
|partselect|      lshr_ln2_fu_1320      |    0    |    0    |
|----------|----------------------------|---------|---------|
|          |     zext_ln212_fu_1330     |    0    |    0    |
|          |     p_shl4_cast_fu_1461    |    0    |    0    |
|   zext   |     p_shl5_cast_fu_1472    |    0    |    0    |
|          |     zext_ln214_fu_1482     |    0    |    0    |
|          | trunc_ln212_1_cast_fu_1517 |    0    |    0    |
|----------|----------------------------|---------|---------|
|          |       p_shl4_fu_1454       |    0    |    0    |
|bitconcatenate|       p_shl5_fu_1465       |    0    |    0    |
|          |       p_shl6_fu_1491       |    0    |    0    |
|          |       p_shl7_fu_1499       |    0    |    0    |
|----------|----------------------------|---------|---------|
|   sext   |     p_shl7_cast_fu_1507    |    0    |    0    |
|          |     sext_ln217_fu_1967     |    0    |    0    |
|----------|----------------------------|---------|---------|
|  bitset  |       beat_1_fu_1971       |    0    |    0    |
|----------|----------------------------|---------|---------|
|   Total  |                            |    0    |   621   |
|----------|----------------------------|---------|---------|

Memories:
N/A

* Register list:
+---------------------------+--------+
|                           |   FF   |
+---------------------------+--------+
|       beat_reg_1990       |   512  |
|correction_10_addr_reg_2121|    2   |
|correction_11_addr_reg_2126|    2   |
|correction_12_addr_reg_2131|    2   |
|correction_13_addr_reg_2136|    2   |
|correction_14_addr_reg_2141|    2   |
|correction_15_addr_reg_2146|    2   |
|correction_16_addr_reg_2151|    2   |
|correction_17_addr_reg_2156|    2   |
|correction_18_addr_reg_2161|    2   |
|correction_19_addr_reg_2166|    2   |
| correction_1_addr_reg_2076|    2   |
|correction_20_addr_reg_2171|    2   |
|correction_21_addr_reg_2176|    2   |
|correction_22_addr_reg_2181|    2   |
|correction_23_addr_reg_2186|    2   |
|correction_24_addr_reg_2191|    2   |
|correction_25_addr_reg_2196|    2   |
|correction_26_addr_reg_2201|    2   |
|correction_27_addr_reg_2206|    2   |
|correction_28_addr_reg_2211|    2   |
|correction_29_addr_reg_2216|    2   |
| correction_2_addr_reg_2081|    2   |
|correction_30_addr_reg_2221|    2   |
|correction_31_addr_reg_2226|    2   |
|correction_32_addr_reg_2231|    2   |
|correction_33_addr_reg_2236|    2   |
|correction_34_addr_reg_2241|    2   |
|correction_35_addr_reg_2246|    2   |
|correction_36_addr_reg_2251|    2   |
|correction_37_addr_reg_2256|    2   |
|correction_38_addr_reg_2261|    2   |
|correction_39_addr_reg_2266|    2   |
| correction_3_addr_reg_2086|    2   |
|correction_40_addr_reg_2271|    2   |
|correction_41_addr_reg_2276|    2   |
|correction_42_addr_reg_2281|    2   |
|correction_43_addr_reg_2286|    2   |
|correction_44_addr_reg_2291|    2   |
|correction_45_addr_reg_2296|    2   |
|correction_46_addr_reg_2301|    2   |
|correction_47_addr_reg_2306|    2   |
|correction_48_addr_reg_2311|    2   |
|correction_49_addr_reg_2316|    2   |
| correction_4_addr_reg_2091|    2   |
|correction_50_addr_reg_2321|    2   |
|correction_51_addr_reg_2326|    2   |
|correction_52_addr_reg_2331|    2   |
|correction_53_addr_reg_2336|    2   |
|correction_54_addr_reg_2341|    2   |
|correction_55_addr_reg_2346|    2   |
|correction_56_addr_reg_2351|    2   |
|correction_57_addr_reg_2356|    2   |
|correction_58_addr_reg_2361|    2   |
|correction_59_addr_reg_2366|    2   |
| correction_5_addr_reg_2096|    2   |
|correction_60_addr_reg_2371|    2   |
|correction_61_addr_reg_2376|    2   |
|correction_62_addr_reg_2381|    2   |
|correction_63_addr_reg_2386|    2   |
|correction_64_addr_reg_2391|    2   |
|correction_65_addr_reg_2396|    2   |
|correction_66_addr_reg_2401|    2   |
|correction_67_addr_reg_2406|    2   |
|correction_68_addr_reg_2411|    2   |
|correction_69_addr_reg_2416|    2   |
| correction_6_addr_reg_2101|    2   |
|correction_70_addr_reg_2421|    2   |
|correction_71_addr_reg_2426|    2   |
| correction_7_addr_reg_2106|    2   |
| correction_8_addr_reg_2111|    2   |
| correction_9_addr_reg_2116|    2   |
|  correction_addr_reg_2071 |    2   |
| indvar_flatten43_reg_2012 |    6   |
| indvar_flatten58_reg_2026 |    8   |
|  select_ln212_1_reg_2042  |    3   |
|   select_ln213_reg_2036   |    3   |
|   select_ln214_reg_2059   |    3   |
|         t_reg_2019        |    3   |
|    trunc_ln213_reg_2066   |    1   |
|         x_reg_1998        |    3   |
|         y_reg_2005        |    3   |
+---------------------------+--------+
|           Total           |   689  |
+---------------------------+--------+

* Multiplexer (MUX) list: 
|--------------------|------|------|------|--------||---------||---------|
|        Comp        |  Pin | Size |  BW  | S x BW ||  Delay  ||   LUT   |
|--------------------|------|------|------|--------||---------||---------|
|  grp_access_fu_753 |  p0  |   2  |   2  |    4   ||    9    |
|  grp_access_fu_759 |  p0  |   2  |   2  |    4   ||    9    |
|  grp_access_fu_765 |  p0  |   2  |   2  |    4   ||    9    |
|  grp_access_fu_771 |  p0  |   2  |   2  |    4   ||    9    |
|  grp_access_fu_777 |  p0  |   2  |   2  |    4   ||    9    |
|  grp_access_fu_783 |  p0  |   2  |   2  |    4   ||    9    |
|  grp_access_fu_789 |  p0  |   2  |   2  |    4   ||    9    |
|  grp_access_fu_795 |  p0  |   2  |   2  |    4   ||    9    |
|  grp_access_fu_801 |  p0  |   2  |   2  |    4   ||    9    |
|  grp_access_fu_807 |  p0  |   2  |   2  |    4   ||    9    |
|  grp_access_fu_813 |  p0  |   2  |   2  |    4   ||    9    |
|  grp_access_fu_819 |  p0  |   2  |   2  |    4   ||    9    |
|  grp_access_fu_825 |  p0  |   2  |   2  |    4   ||    9    |
|  grp_access_fu_831 |  p0  |   2  |   2  |    4   ||    9    |
|  grp_access_fu_837 |  p0  |   2  |   2  |    4   ||    9    |
|  grp_access_fu_843 |  p0  |   2  |   2  |    4   ||    9    |
|  grp_access_fu_849 |  p0  |   2  |   2  |    4   ||    9    |
|  grp_access_fu_855 |  p0  |   2  |   2  |    4   ||    9    |
|  grp_access_fu_861 |  p0  |   2  |   2  |    4   ||    9    |
|  grp_access_fu_867 |  p0  |   2  |   2  |    4   ||    9    |
|  grp_access_fu_873 |  p0  |   2  |   2  |    4   ||    9    |
|  grp_access_fu_879 |  p0  |   2  |   2  |    4   ||    9    |
|  grp_access_fu_885 |  p0  |   2  |   2  |    4   ||    9    |
|  grp_access_fu_891 |  p0  |   2  |   2  |    4   ||    9    |
|  grp_access_fu_897 |  p0  |   2  |   2  |    4   ||    9    |
|  grp_access_fu_903 |  p0  |   2  |   2  |    4   ||    9    |
|  grp_access_fu_909 |  p0  |   2  |   2  |    4   ||    9    |
|  grp_access_fu_915 |  p0  |   2  |   2  |    4   ||    9    |
|  grp_access_fu_921 |  p0  |   2  |   2  |    4   ||    9    |
|  grp_access_fu_927 |  p0  |   2  |   2  |    4   ||    9    |
|  grp_access_fu_933 |  p0  |   2  |   2  |    4   ||    9    |
|  grp_access_fu_939 |  p0  |   2  |   2  |    4   ||    9    |
|  grp_access_fu_945 |  p0  |   2  |   2  |    4   ||    9    |
|  grp_access_fu_951 |  p0  |   2  |   2  |    4   ||    9    |
|  grp_access_fu_957 |  p0  |   2  |   2  |    4   ||    9    |
|  grp_access_fu_963 |  p0  |   2  |   2  |    4   ||    9    |
|  grp_access_fu_969 |  p0  |   2  |   2  |    4   ||    9    |
|  grp_access_fu_975 |  p0  |   2  |   2  |    4   ||    9    |
|  grp_access_fu_981 |  p0  |   2  |   2  |    4   ||    9    |
|  grp_access_fu_987 |  p0  |   2  |   2  |    4   ||    9    |
|  grp_access_fu_993 |  p0  |   2  |   2  |    4   ||    9    |
|  grp_access_fu_999 |  p0  |   2  |   2  |    4   ||    9    |
| grp_access_fu_1005 |  p0  |   2  |   2  |    4   ||    9    |
| grp_access_fu_1011 |  p0  |   2  |   2  |    4   ||    9    |
| grp_access_fu_1017 |  p0  |   2  |   2  |    4   ||    9    |
| grp_access_fu_1023 |  p0  |   2  |   2  |    4   ||    9    |
| grp_access_fu_1029 |  p0  |   2  |   2  |    4   ||    9    |
| grp_access_fu_1035 |  p0  |   2  |   2  |    4   ||    9    |
| grp_access_fu_1041 |  p0  |   2  |   2  |    4   ||    9    |
| grp_access_fu_1047 |  p0  |   2  |   2  |    4   ||    9    |
| grp_access_fu_1053 |  p0  |   2  |   2  |    4   ||    9    |
| grp_access_fu_1059 |  p0  |   2  |   2  |    4   ||    9    |
| grp_access_fu_1065 |  p0  |   2  |   2  |    4   ||    9    |
| grp_access_fu_1071 |  p0  |   2  |   2  |    4   ||    9    |
| grp_access_fu_1077 |  p0  |   2  |   2  |    4   ||    9    |
| grp_access_fu_1083 |  p0  |   2  |   2  |    4   ||    9    |
| grp_access_fu_1089 |  p0  |   2  |   2  |    4   ||    9    |
| grp_access_fu_1095 |  p0  |   2  |   2  |    4   ||    9    |
| grp_access_fu_1101 |  p0  |   2  |   2  |    4   ||    9    |
| grp_access_fu_1107 |  p0  |   2  |   2  |    4   ||    9    |
| grp_access_fu_1113 |  p0  |   2  |   2  |    4   ||    9    |
| grp_access_fu_1119 |  p0  |   2  |   2  |    4   ||    9    |
| grp_access_fu_1125 |  p0  |   2  |   2  |    4   ||    9    |
| grp_access_fu_1131 |  p0  |   2  |   2  |    4   ||    9    |
| grp_access_fu_1137 |  p0  |   2  |   2  |    4   ||    9    |
| grp_access_fu_1143 |  p0  |   2  |   2  |    4   ||    9    |
| grp_access_fu_1149 |  p0  |   2  |   2  |    4   ||    9    |
| grp_access_fu_1155 |  p0  |   2  |   2  |    4   ||    9    |
| grp_access_fu_1161 |  p0  |   2  |   2  |    4   ||    9    |
| grp_access_fu_1167 |  p0  |   2  |   2  |    4   ||    9    |
| grp_access_fu_1173 |  p0  |   2  |   2  |    4   ||    9    |
| grp_access_fu_1179 |  p0  |   2  |   2  |    4   ||    9    |
|--------------------|------|------|------|--------||---------||---------|
|        Total       |      |      |      |   288  ||  27.864 ||   648   |
|--------------------|------|------|------|--------||---------||---------|



* Summary:
+-----------+--------+--------+--------+
|           |  Delay |   FF   |   LUT  |
+-----------+--------+--------+--------+
|  Function |    -   |    0   |   621  |
|   Memory  |    -   |    -   |    -   |
|Multiplexer|   27   |    -   |   648  |
|  Register |    -   |   689  |    -   |
+-----------+--------+--------+--------+
|   Total   |   27   |   689  |  1269  |
+-----------+--------+--------+--------+
