

================================================================
== Vitis HLS Report for 'predecoder_kernel'
================================================================
* Date:           Thu Sep  3 17:11:08 2026

* Version:        2023.2 (Build 4023990 on Oct 11 2023)
* Project:        predecoder_csynth_proj
* Solution:       solution1 (Vitis Kernel Flow Target)
* Product family: virtexuplusHBM
* Target device:  xcu55c-fsvh2892-2L-e


================================================================
== Performance Estimates
================================================================
+ Timing: 
    * Summary: 
    +--------+---------+----------+------------+
    |  Clock |  Target | Estimated| Uncertainty|
    +--------+---------+----------+------------+
    |ap_clk  |  3.33 ns|  2.757 ns|     0.90 ns|
    +--------+---------+----------+------------+

+ Latency: 
    * Summary: 
    +---------+---------+----------+----------+-------+--------+----------+
    |  Latency (cycles) |  Latency (absolute) |    Interval    | Pipeline |
    |   min   |   max   |    min   |    max   |  min  |   max  |   Type   |
    +---------+---------+----------+----------+-------+--------+----------+
    |   116284|   136935|  0.387 ms|  0.456 ms|  12783|  136919|  dataflow|
    +---------+---------+----------+----------+-------+--------+----------+

    + Detail: 
        * Instance: 
        +---------------------------+--------------------------+---------+---------+-----------+-----------+-------+--------+---------+
        |                           |                          |  Latency (cycles) |   Latency (absolute)  |    Interval    | Pipeline|
        |          Instance         |          Module          |   min   |   max   |    min    |    max    |  min  |   max  |   Type  |
        +---------------------------+--------------------------+---------+---------+-----------+-----------+-------+--------+---------+
        |entry_proc_U0              |entry_proc                |        0|        0|       0 ns|       0 ns|      0|       0|       no|
        |Block_entry1_proc_U0       |Block_entry1_proc         |       71|       71|   0.236 us|   0.236 us|     71|      71|       no|
        |unpack_input_U0            |unpack_input              |      219|      219|   0.729 us|   0.729 us|    219|     219|       no|
        |conv3d_hidden_layer_1_U0   |conv3d_hidden_layer_1_s   |      133|    23086|   0.443 us|  76.876 us|    133|   23086|       no|
        |conv3d_hidden_layer_12_U0  |conv3d_hidden_layer_12_s  |     1321|   136918|   4.399 us|   0.456 ms|   1321|  136918|       no|
        |conv1x1_output_layer_U0    |conv1x1_output_layer      |      225|      225|   0.749 us|   0.749 us|    225|     225|       no|
        |edge_correction_U0         |edge_correction           |    12782|    12782|  42.564 us|  42.564 us|  12782|   12782|       no|
        |Block_entry17_proc_U0      |Block_entry17_proc        |       70|       70|   0.233 us|   0.233 us|     70|      70|       no|
        +---------------------------+--------------------------+---------+---------+-----------+-----------+-------+--------+---------+

        * Loop: 
        N/A



================================================================
== Utilization Estimates
================================================================
* Summary: 
+---------------------+---------+------+---------+---------+-----+
|         Name        | BRAM_18K|  DSP |    FF   |   LUT   | URAM|
+---------------------+---------+------+---------+---------+-----+
|DSP                  |        -|     -|        -|        -|    -|
|Expression           |        -|     -|        0|       12|    -|
|FIFO                 |        0|     -|     3633|     2147|    -|
|Instance             |       60|   113|   155836|   184954|    0|
|Memory               |        -|     -|        -|        -|    -|
|Multiplexer          |        -|     -|        -|       18|    -|
|Register             |        -|     -|        5|        -|    -|
+---------------------+---------+------+---------+---------+-----+
|Total                |       60|   113|   159474|   187131|    0|
+---------------------+---------+------+---------+---------+-----+
|Available SLR        |     1344|  3008|   869120|   434560|  320|
+---------------------+---------+------+---------+---------+-----+
|Utilization SLR (%)  |        4|     3|       18|       43|    0|
+---------------------+---------+------+---------+---------+-----+
|Available            |     4032|  9024|  2607360|  1303680|  960|
+---------------------+---------+------+---------+---------+-----+
|Utilization (%)      |        1|     1|        6|       14|    0|
+---------------------+---------+------+---------+---------+-----+

+ Detail: 
    * Instance: 
    +---------------------------+--------------------------+---------+----+--------+--------+-----+
    |          Instance         |          Module          | BRAM_18K| DSP|   FF   |   LUT  | URAM|
    +---------------------------+--------------------------+---------+----+--------+--------+-----+
    |Block_entry17_proc_U0      |Block_entry17_proc        |        0|   0|     130|     372|    0|
    |Block_entry1_proc_U0       |Block_entry1_proc         |        0|   0|     585|     369|    0|
    |control_s_axi_U            |control_s_axi             |        0|   0|     176|     296|    0|
    |conv1x1_output_layer_U0    |conv1x1_output_layer      |        0|  12|    1013|    1376|    0|
    |conv3d_hidden_layer_12_U0  |conv3d_hidden_layer_12_s  |        0|  42|   13406|   33190|    0|
    |conv3d_hidden_layer_1_U0   |conv3d_hidden_layer_1_s   |        0|  30|    4601|    6311|    0|
    |edge_correction_U0         |edge_correction           |        0|  29|  128345|  137332|    0|
    |entry_proc_U0              |entry_proc                |        0|   0|       2|      20|    0|
    |gmem0_m_axi_U              |gmem0_m_axi               |       30|   0|    3514|    2683|    0|
    |gmem1_m_axi_U              |gmem1_m_axi               |       30|   0|    3514|    2683|    0|
    |unpack_input_U0            |unpack_input              |        0|   0|     550|     322|    0|
    +---------------------------+--------------------------+---------+----+--------+--------+-----+
    |Total                      |                          |       60| 113|  155836|  184954|    0|
    +---------------------------+--------------------------+---------+----+--------+--------+-----+

    * DSP: 
    N/A

    * Memory: 
    N/A

    * FIFO: 
    +--------------------+---------+------+----+-----+------+-----+---------+
    |        Name        | BRAM_18K|  FF  | LUT| URAM| Depth| Bits| Size:D*B|
    +--------------------+---------+------+----+-----+------+-----+---------+
    |correction_hbm_c_U  |        0|     7|   0|    -|     8|   64|      512|
    |in_beat_channel_U   |        0|  1028|   0|    -|     2|  512|     1024|
    |out_beat_U          |        0|  1028|   0|    -|     2|  512|     1024|
    |s0_U                |        0|     7|   0|    -|     8|   96|      768|
    |s1_U                |        0|     7|   0|    -|     8|   96|      768|
    |s2_U                |        0|     7|   0|    -|     8|   96|      768|
    |s3_U                |        0|  1549|   0|    -|     8|  448|     3584|
    +--------------------+---------+------+----+-----+------+-----+---------+
    |Total               |        0|  3633|   0|    0|    44| 1824|     8448|
    +--------------------+---------+------+----+-----+------+-----+---------+

    * Expression: 
    +---------------------------------------+----------+----+---+----+------------+------------+
    |             Variable Name             | Operation| DSP| FF| LUT| Bitwidth P0| Bitwidth P1|
    +---------------------------------------+----------+----+---+----+------------+------------+
    |Block_entry1_proc_U0_ap_start          |       and|   0|  0|   2|           1|           1|
    |ap_idle                                |       and|   0|  0|   2|           1|           1|
    |ap_sync_ready                          |       and|   0|  0|   2|           1|           1|
    |entry_proc_U0_ap_start                 |       and|   0|  0|   2|           1|           1|
    |ap_sync_Block_entry1_proc_U0_ap_ready  |        or|   0|  0|   2|           1|           1|
    |ap_sync_entry_proc_U0_ap_ready         |        or|   0|  0|   2|           1|           1|
    +---------------------------------------+----------+----+---+----+------------+------------+
    |Total                                  |          |   0|  0|  12|           6|           6|
    +---------------------------------------+----------+----+---+----+------------+------------+

    * Multiplexer: 
    +-------------------------------------------+----+-----------+-----+-----------+
    |                    Name                   | LUT| Input Size| Bits| Total Bits|
    +-------------------------------------------+----+-----------+-----+-----------+
    |ap_sync_reg_Block_entry1_proc_U0_ap_ready  |   9|          2|    1|          2|
    |ap_sync_reg_entry_proc_U0_ap_ready         |   9|          2|    1|          2|
    +-------------------------------------------+----+-----------+-----+-----------+
    |Total                                      |  18|          4|    2|          4|
    +-------------------------------------------+----+-----------+-----+-----------+

    * Register: 
    +-------------------------------------------+---+----+-----+-----------+
    |                    Name                   | FF| LUT| Bits| Const Bits|
    +-------------------------------------------+---+----+-----+-----------+
    |ap_rst_n_inv                               |  1|   0|    1|          0|
    |ap_rst_reg_1                               |  1|   0|    1|          0|
    |ap_rst_reg_2                               |  1|   0|    1|          0|
    |ap_sync_reg_Block_entry1_proc_U0_ap_ready  |  1|   0|    1|          0|
    |ap_sync_reg_entry_proc_U0_ap_ready         |  1|   0|    1|          0|
    +-------------------------------------------+---+----+-----+-----------+
    |Total                                      |  5|   0|    5|          0|
    +-------------------------------------------+---+----+-----+-----------+



================================================================
== Interface
================================================================
* Summary: 
+-----------------------+-----+-----+---------------+-------------------+--------------+
|       RTL Ports       | Dir | Bits|    Protocol   |   Source Object   |    C Type    |
+-----------------------+-----+-----+---------------+-------------------+--------------+
|s_axi_control_AWVALID  |   in|    1|          s_axi|            control|        scalar|
|s_axi_control_AWREADY  |  out|    1|          s_axi|            control|        scalar|
|s_axi_control_AWADDR   |   in|    6|          s_axi|            control|        scalar|
|s_axi_control_WVALID   |   in|    1|          s_axi|            control|        scalar|
|s_axi_control_WREADY   |  out|    1|          s_axi|            control|        scalar|
|s_axi_control_WDATA    |   in|   32|          s_axi|            control|        scalar|
|s_axi_control_WSTRB    |   in|    4|          s_axi|            control|        scalar|
|s_axi_control_ARVALID  |   in|    1|          s_axi|            control|        scalar|
|s_axi_control_ARREADY  |  out|    1|          s_axi|            control|        scalar|
|s_axi_control_ARADDR   |   in|    6|          s_axi|            control|        scalar|
|s_axi_control_RVALID   |  out|    1|          s_axi|            control|        scalar|
|s_axi_control_RREADY   |   in|    1|          s_axi|            control|        scalar|
|s_axi_control_RDATA    |  out|   32|          s_axi|            control|        scalar|
|s_axi_control_RRESP    |  out|    2|          s_axi|            control|        scalar|
|s_axi_control_BVALID   |  out|    1|          s_axi|            control|        scalar|
|s_axi_control_BREADY   |   in|    1|          s_axi|            control|        scalar|
|s_axi_control_BRESP    |  out|    2|          s_axi|            control|        scalar|
|ap_clk                 |   in|    1|  ap_ctrl_chain|  predecoder_kernel|  return value|
|ap_rst_n               |   in|    1|  ap_ctrl_chain|  predecoder_kernel|  return value|
|interrupt              |  out|    1|  ap_ctrl_chain|  predecoder_kernel|  return value|
|m_axi_gmem0_AWVALID    |  out|    1|          m_axi|              gmem0|       pointer|
|m_axi_gmem0_AWREADY    |   in|    1|          m_axi|              gmem0|       pointer|
|m_axi_gmem0_AWADDR     |  out|   64|          m_axi|              gmem0|       pointer|
|m_axi_gmem0_AWID       |  out|    1|          m_axi|              gmem0|       pointer|
|m_axi_gmem0_AWLEN      |  out|    8|          m_axi|              gmem0|       pointer|
|m_axi_gmem0_AWSIZE     |  out|    3|          m_axi|              gmem0|       pointer|
|m_axi_gmem0_AWBURST    |  out|    2|          m_axi|              gmem0|       pointer|
|m_axi_gmem0_AWLOCK     |  out|    2|          m_axi|              gmem0|       pointer|
|m_axi_gmem0_AWCACHE    |  out|    4|          m_axi|              gmem0|       pointer|
|m_axi_gmem0_AWPROT     |  out|    3|          m_axi|              gmem0|       pointer|
|m_axi_gmem0_AWQOS      |  out|    4|          m_axi|              gmem0|       pointer|
|m_axi_gmem0_AWREGION   |  out|    4|          m_axi|              gmem0|       pointer|
|m_axi_gmem0_AWUSER     |  out|    1|          m_axi|              gmem0|       pointer|
|m_axi_gmem0_WVALID     |  out|    1|          m_axi|              gmem0|       pointer|
|m_axi_gmem0_WREADY     |   in|    1|          m_axi|              gmem0|       pointer|
|m_axi_gmem0_WDATA      |  out|  512|          m_axi|              gmem0|       pointer|
|m_axi_gmem0_WSTRB      |  out|   64|          m_axi|              gmem0|       pointer|
|m_axi_gmem0_WLAST      |  out|    1|          m_axi|              gmem0|       pointer|
|m_axi_gmem0_WID        |  out|    1|          m_axi|              gmem0|       pointer|
|m_axi_gmem0_WUSER      |  out|    1|          m_axi|              gmem0|       pointer|
|m_axi_gmem0_ARVALID    |  out|    1|          m_axi|              gmem0|       pointer|
|m_axi_gmem0_ARREADY    |   in|    1|          m_axi|              gmem0|       pointer|
|m_axi_gmem0_ARADDR     |  out|   64|          m_axi|              gmem0|       pointer|
|m_axi_gmem0_ARID       |  out|    1|          m_axi|              gmem0|       pointer|
|m_axi_gmem0_ARLEN      |  out|    8|          m_axi|              gmem0|       pointer|
|m_axi_gmem0_ARSIZE     |  out|    3|          m_axi|              gmem0|       pointer|
|m_axi_gmem0_ARBURST    |  out|    2|          m_axi|              gmem0|       pointer|
|m_axi_gmem0_ARLOCK     |  out|    2|          m_axi|              gmem0|       pointer|
|m_axi_gmem0_ARCACHE    |  out|    4|          m_axi|              gmem0|       pointer|
|m_axi_gmem0_ARPROT     |  out|    3|          m_axi|              gmem0|       pointer|
|m_axi_gmem0_ARQOS      |  out|    4|          m_axi|              gmem0|       pointer|
|m_axi_gmem0_ARREGION   |  out|    4|          m_axi|              gmem0|       pointer|
|m_axi_gmem0_ARUSER     |  out|    1|          m_axi|              gmem0|       pointer|
|m_axi_gmem0_RVALID     |   in|    1|          m_axi|              gmem0|       pointer|
|m_axi_gmem0_RREADY     |  out|    1|          m_axi|              gmem0|       pointer|
|m_axi_gmem0_RDATA      |   in|  512|          m_axi|              gmem0|       pointer|
|m_axi_gmem0_RLAST      |   in|    1|          m_axi|              gmem0|       pointer|
|m_axi_gmem0_RID        |   in|    1|          m_axi|              gmem0|       pointer|
|m_axi_gmem0_RUSER      |   in|    1|          m_axi|              gmem0|       pointer|
|m_axi_gmem0_RRESP      |   in|    2|          m_axi|              gmem0|       pointer|
|m_axi_gmem0_BVALID     |   in|    1|          m_axi|              gmem0|       pointer|
|m_axi_gmem0_BREADY     |  out|    1|          m_axi|              gmem0|       pointer|
|m_axi_gmem0_BRESP      |   in|    2|          m_axi|              gmem0|       pointer|
|m_axi_gmem0_BID        |   in|    1|          m_axi|              gmem0|       pointer|
|m_axi_gmem0_BUSER      |   in|    1|          m_axi|              gmem0|       pointer|
|m_axi_gmem1_AWVALID    |  out|    1|          m_axi|              gmem1|       pointer|
|m_axi_gmem1_AWREADY    |   in|    1|          m_axi|              gmem1|       pointer|
|m_axi_gmem1_AWADDR     |  out|   64|          m_axi|              gmem1|       pointer|
|m_axi_gmem1_AWID       |  out|    1|          m_axi|              gmem1|       pointer|
|m_axi_gmem1_AWLEN      |  out|    8|          m_axi|              gmem1|       pointer|
|m_axi_gmem1_AWSIZE     |  out|    3|          m_axi|              gmem1|       pointer|
|m_axi_gmem1_AWBURST    |  out|    2|          m_axi|              gmem1|       pointer|
|m_axi_gmem1_AWLOCK     |  out|    2|          m_axi|              gmem1|       pointer|
|m_axi_gmem1_AWCACHE    |  out|    4|          m_axi|              gmem1|       pointer|
|m_axi_gmem1_AWPROT     |  out|    3|          m_axi|              gmem1|       pointer|
|m_axi_gmem1_AWQOS      |  out|    4|          m_axi|              gmem1|       pointer|
|m_axi_gmem1_AWREGION   |  out|    4|          m_axi|              gmem1|       pointer|
|m_axi_gmem1_AWUSER     |  out|    1|          m_axi|              gmem1|       pointer|
|m_axi_gmem1_WVALID     |  out|    1|          m_axi|              gmem1|       pointer|
|m_axi_gmem1_WREADY     |   in|    1|          m_axi|              gmem1|       pointer|
|m_axi_gmem1_WDATA      |  out|  512|          m_axi|              gmem1|       pointer|
|m_axi_gmem1_WSTRB      |  out|   64|          m_axi|              gmem1|       pointer|
|m_axi_gmem1_WLAST      |  out|    1|          m_axi|              gmem1|       pointer|
|m_axi_gmem1_WID        |  out|    1|          m_axi|              gmem1|       pointer|
|m_axi_gmem1_WUSER      |  out|    1|          m_axi|              gmem1|       pointer|
|m_axi_gmem1_ARVALID    |  out|    1|          m_axi|              gmem1|       pointer|
|m_axi_gmem1_ARREADY    |   in|    1|          m_axi|              gmem1|       pointer|
|m_axi_gmem1_ARADDR     |  out|   64|          m_axi|              gmem1|       pointer|
|m_axi_gmem1_ARID       |  out|    1|          m_axi|              gmem1|       pointer|
|m_axi_gmem1_ARLEN      |  out|    8|          m_axi|              gmem1|       pointer|
|m_axi_gmem1_ARSIZE     |  out|    3|          m_axi|              gmem1|       pointer|
|m_axi_gmem1_ARBURST    |  out|    2|          m_axi|              gmem1|       pointer|
|m_axi_gmem1_ARLOCK     |  out|    2|          m_axi|              gmem1|       pointer|
|m_axi_gmem1_ARCACHE    |  out|    4|          m_axi|              gmem1|       pointer|
|m_axi_gmem1_ARPROT     |  out|    3|          m_axi|              gmem1|       pointer|
|m_axi_gmem1_ARQOS      |  out|    4|          m_axi|              gmem1|       pointer|
|m_axi_gmem1_ARREGION   |  out|    4|          m_axi|              gmem1|       pointer|
|m_axi_gmem1_ARUSER     |  out|    1|          m_axi|              gmem1|       pointer|
|m_axi_gmem1_RVALID     |   in|    1|          m_axi|              gmem1|       pointer|
|m_axi_gmem1_RREADY     |  out|    1|          m_axi|              gmem1|       pointer|
|m_axi_gmem1_RDATA      |   in|  512|          m_axi|              gmem1|       pointer|
|m_axi_gmem1_RLAST      |   in|    1|          m_axi|              gmem1|       pointer|
|m_axi_gmem1_RID        |   in|    1|          m_axi|              gmem1|       pointer|
|m_axi_gmem1_RUSER      |   in|    1|          m_axi|              gmem1|       pointer|
|m_axi_gmem1_RRESP      |   in|    2|          m_axi|              gmem1|       pointer|
|m_axi_gmem1_BVALID     |   in|    1|          m_axi|              gmem1|       pointer|
|m_axi_gmem1_BREADY     |  out|    1|          m_axi|              gmem1|       pointer|
|m_axi_gmem1_BRESP      |   in|    2|          m_axi|              gmem1|       pointer|
|m_axi_gmem1_BID        |   in|    1|          m_axi|              gmem1|       pointer|
|m_axi_gmem1_BUSER      |   in|    1|          m_axi|              gmem1|       pointer|
+-----------------------+-----+-----+---------------+-------------------+--------------+

============================================================
+ Verbose Summary: Synthesis Manager
============================================================
InlineROM: 1
ExposeGlobal: 0
============================================================
+ Verbose Summary: CDFG Model
============================================================
IsTopModel: 1
ResetActiveHigh: 1
IsCombinational: 2
IsDatapathOnly: 2
HasWiredReturn: 1
HasMFsm: 0
HasVarLatency: 1
IsPipeline: 0
IsRtlPipelined: 0
IsInstanceOverlapped: 0
IsDontTouch: 0
HasImplIP: 0
IsGatedGlobalClock: 0


============================================================
+ Verbose Summary: Schedule
============================================================
* Number of FSM states : 14
* Pipeline : 0
* Dataflow Pipeline: 1
  DF-Pipeline-0: Size = 14, States = { 1 2 3 4 5 6 7 8 9 10 11 12 13 14 }

* FSM state transitions: 
1 --> 2 
2 --> 3 
3 --> 4 
4 --> 5 
5 --> 6 
6 --> 7 
7 --> 8 
8 --> 9 
9 --> 10 
10 --> 11 
11 --> 12 
12 --> 13 
13 --> 14 
14 --> 

* FSM state operations: 

State 1 <SV = 0> <Delay = 2.21>
ST_1 : Operation 15 [1/1] (1.00ns)   --->   "%correction_hbm_read = read i64 @_ssdm_op_Read.s_axilite.i64, i64 %correction_hbm" [predecoder_kernel.cpp:227]   --->   Operation 15 'read' 'correction_hbm_read' <Predicate = true> <Delay = 1.00> <CoreInst = "s_axilite">   --->   Core 122 's_axilite' <Latency = 0> <II = 1> <Delay = 1.00> <Adapter> <Opcode : 'read' 'write'>
ST_1 : Operation 16 [1/1] (1.00ns)   --->   "%syndrome_hbm_read = read i64 @_ssdm_op_Read.s_axilite.i64, i64 %syndrome_hbm" [predecoder_kernel.cpp:227]   --->   Operation 16 'read' 'syndrome_hbm_read' <Predicate = true> <Delay = 1.00> <CoreInst = "s_axilite">   --->   Core 122 's_axilite' <Latency = 0> <II = 1> <Delay = 1.00> <Adapter> <Opcode : 'read' 'write'>
ST_1 : Operation 17 [1/1] (0.00ns)   --->   "%correction_hbm_c = alloca i64 1" [predecoder_kernel.cpp:227]   --->   Operation 17 'alloca' 'correction_hbm_c' <Predicate = true> <Delay = 0.00> <CoreInst = "FIFO_SRL">   --->   Core 81 'FIFO_SRL' <Latency = 0> <II = 1> <Delay = 1.40> <Storage> <Opcode : 'read' 'write' 'nbread' 'nbwrite'> <Ports = 0> <Width = 64> <Depth = 8> <FIFO>
ST_1 : Operation 18 [1/1] (0.00ns)   --->   "%s0 = alloca i64 1"   --->   Operation 18 'alloca' 's0' <Predicate = true> <Delay = 0.00> <CoreInst = "FIFO_SRL">   --->   Core 81 'FIFO_SRL' <Latency = 0> <II = 1> <Delay = 1.42> <Storage> <Opcode : 'read' 'write' 'nbread' 'nbwrite'> <Ports = 0> <Width = 96> <Depth = 8> <FIFO>
ST_1 : Operation 19 [1/1] (0.00ns)   --->   "%s1 = alloca i64 1"   --->   Operation 19 'alloca' 's1' <Predicate = true> <Delay = 0.00> <CoreInst = "FIFO_SRL">   --->   Core 81 'FIFO_SRL' <Latency = 0> <II = 1> <Delay = 1.42> <Storage> <Opcode : 'read' 'write' 'nbread' 'nbwrite'> <Ports = 0> <Width = 96> <Depth = 8> <FIFO>
ST_1 : Operation 20 [1/1] (0.00ns)   --->   "%s2 = alloca i64 1"   --->   Operation 20 'alloca' 's2' <Predicate = true> <Delay = 0.00> <CoreInst = "FIFO_SRL">   --->   Core 81 'FIFO_SRL' <Latency = 0> <II = 1> <Delay = 1.42> <Storage> <Opcode : 'read' 'write' 'nbread' 'nbwrite'> <Ports = 0> <Width = 96> <Depth = 8> <FIFO>
ST_1 : Operation 21 [1/1] (0.00ns)   --->   "%s3 = alloca i64 1"   --->   Operation 21 'alloca' 's3' <Predicate = true> <Delay = 0.00> <CoreInst = "FIFO">   --->   Core 78 'FIFO' <Latency = 0> <II = 1> <Delay = 1.23> <Storage> <Opcode : 'read' 'write' 'nbread' 'nbwrite'> <Ports = 0> <Width = 448> <Depth = 8> <FIFO>
ST_1 : Operation 22 [1/1] (1.21ns)   --->   "%call_ln227 = call void @entry_proc, i64 %correction_hbm_read, i64 %correction_hbm_c" [predecoder_kernel.cpp:227]   --->   Operation 22 'call' 'call_ln227' <Predicate = true> <Delay = 1.21> <CoreType = "Generic">   --->   Core 0 '' <Latency = 0> <II = 1> <Delay = 1.00> <Generic> <Opcode : >

State 2 <SV = 1> <Delay = 2.43>
ST_2 : Operation 23 [2/2] (2.43ns)   --->   "%in_beat_channel = call i512 @Block_entry1_proc, i64 %syndrome_hbm_read, i512 %gmem0" [predecoder_kernel.cpp:227]   --->   Operation 23 'call' 'in_beat_channel' <Predicate = true> <Delay = 2.43> <CoreInst = "FIFO_SRL">   --->   Core 81 'FIFO_SRL' <Latency = 0> <II = 1> <Delay = 1.41> <Storage> <Opcode : 'read' 'write' 'nbread' 'nbwrite'> <Ports = 0> <Width = 512> <Depth = 2> <FIFO>

State 3 <SV = 2> <Delay = 2.43>
ST_3 : Operation 24 [1/2] (2.43ns)   --->   "%in_beat_channel = call i512 @Block_entry1_proc, i64 %syndrome_hbm_read, i512 %gmem0" [predecoder_kernel.cpp:227]   --->   Operation 24 'call' 'in_beat_channel' <Predicate = true> <Delay = 2.43> <CoreInst = "FIFO_SRL">   --->   Core 81 'FIFO_SRL' <Latency = 0> <II = 1> <Delay = 1.41> <Storage> <Opcode : 'read' 'write' 'nbread' 'nbwrite'> <Ports = 0> <Width = 512> <Depth = 2> <FIFO>

State 4 <SV = 3> <Delay = 1.21>
ST_4 : Operation 25 [2/2] (1.21ns)   --->   "%call_ln249 = call void @unpack_input, i512 %in_beat_channel, i96 %s0" [predecoder_kernel.cpp:249]   --->   Operation 25 'call' 'call_ln249' <Predicate = true> <Delay = 1.21> <CoreType = "Generic">   --->   Core 0 '' <Latency = 0> <II = 1> <Delay = 1.00> <Generic> <Opcode : >

State 5 <SV = 4> <Delay = 0.00>
ST_5 : Operation 26 [1/2] (0.00ns)   --->   "%call_ln249 = call void @unpack_input, i512 %in_beat_channel, i96 %s0" [predecoder_kernel.cpp:249]   --->   Operation 26 'call' 'call_ln249' <Predicate = true> <Delay = 0.00> <CoreType = "Generic">   --->   Core 0 '' <Latency = 0> <II = 1> <Delay = 1.00> <Generic> <Opcode : >

State 6 <SV = 5> <Delay = 0.00>
ST_6 : Operation 27 [2/2] (0.00ns)   --->   "%call_ln250 = call void @conv3d_hidden_layer<1>, i96 %s0, i96 %s1, i8 %p_ZN18predecoder_weightsL13LAYER0_WEIGHTE_0, i8 %p_ZN18predecoder_weightsL13LAYER0_WEIGHTE_1, i8 %p_ZN18predecoder_weightsL13LAYER0_WEIGHTE_2, i7 %p_ZN18predecoder_weightsL13LAYER0_WEIGHTE_3, i8 %p_ZN18predecoder_weightsL13LAYER0_WEIGHTE_4, i8 %p_ZN18predecoder_weightsL13LAYER0_WEIGHTE_5, i6 %p_ZN18predecoder_weightsL13LAYER0_WEIGHTE_6, i8 %p_ZN18predecoder_weightsL13LAYER0_WEIGHTE_7, i8 %p_ZN18predecoder_weightsL13LAYER0_WEIGHTE_8, i8 %p_ZN18predecoder_weightsL13LAYER0_WEIGHTE_9, i8 %p_ZN18predecoder_weightsL13LAYER0_WEIGHTE_10, i8 %p_ZN18predecoder_weightsL13LAYER0_WEIGHTE_11, i8 %p_ZN18predecoder_weightsL13LAYER0_WEIGHTE_12, i8 %p_ZN18predecoder_weightsL13LAYER0_WEIGHTE_13, i8 %p_ZN18predecoder_weightsL13LAYER0_WEIGHTE_14, i8 %p_ZN18predecoder_weightsL13LAYER0_WEIGHTE_15, i8 %p_ZN18predecoder_weightsL13LAYER0_WEIGHTE_16, i8 %p_ZN18predecoder_weightsL13LAYER0_WEIGHTE_17, i8 %p_ZN18predecoder_weightsL13LAYER0_WEIGHTE_18, i8 %p_ZN18predecoder_weightsL13LAYER0_WEIGHTE_19, i7 %p_ZN18predecoder_weightsL13LAYER0_WEIGHTE_20, i8 %p_ZN18predecoder_weightsL13LAYER0_WEIGHTE_21, i8 %p_ZN18predecoder_weightsL13LAYER0_WEIGHTE_22, i8 %p_ZN18predecoder_weightsL13LAYER0_WEIGHTE_23, i8 %p_ZN18predecoder_weightsL13LAYER0_WEIGHTE_24, i7 %p_ZN18predecoder_weightsL13LAYER0_WEIGHTE_25, i7 %p_ZN18predecoder_weightsL13LAYER0_WEIGHTE_26, i9 %predecoder_weights_LAYER0_BIAS, i41 %layer0_mult" [predecoder_kernel.cpp:250]   --->   Operation 27 'call' 'call_ln250' <Predicate = true> <Delay = 0.00> <CoreType = "Generic">   --->   Core 0 '' <Latency = 0> <II = 1> <Delay = 1.00> <Generic> <Opcode : >

State 7 <SV = 6> <Delay = 0.00>
ST_7 : Operation 28 [1/2] (0.00ns)   --->   "%call_ln250 = call void @conv3d_hidden_layer<1>, i96 %s0, i96 %s1, i8 %p_ZN18predecoder_weightsL13LAYER0_WEIGHTE_0, i8 %p_ZN18predecoder_weightsL13LAYER0_WEIGHTE_1, i8 %p_ZN18predecoder_weightsL13LAYER0_WEIGHTE_2, i7 %p_ZN18predecoder_weightsL13LAYER0_WEIGHTE_3, i8 %p_ZN18predecoder_weightsL13LAYER0_WEIGHTE_4, i8 %p_ZN18predecoder_weightsL13LAYER0_WEIGHTE_5, i6 %p_ZN18predecoder_weightsL13LAYER0_WEIGHTE_6, i8 %p_ZN18predecoder_weightsL13LAYER0_WEIGHTE_7, i8 %p_ZN18predecoder_weightsL13LAYER0_WEIGHTE_8, i8 %p_ZN18predecoder_weightsL13LAYER0_WEIGHTE_9, i8 %p_ZN18predecoder_weightsL13LAYER0_WEIGHTE_10, i8 %p_ZN18predecoder_weightsL13LAYER0_WEIGHTE_11, i8 %p_ZN18predecoder_weightsL13LAYER0_WEIGHTE_12, i8 %p_ZN18predecoder_weightsL13LAYER0_WEIGHTE_13, i8 %p_ZN18predecoder_weightsL13LAYER0_WEIGHTE_14, i8 %p_ZN18predecoder_weightsL13LAYER0_WEIGHTE_15, i8 %p_ZN18predecoder_weightsL13LAYER0_WEIGHTE_16, i8 %p_ZN18predecoder_weightsL13LAYER0_WEIGHTE_17, i8 %p_ZN18predecoder_weightsL13LAYER0_WEIGHTE_18, i8 %p_ZN18predecoder_weightsL13LAYER0_WEIGHTE_19, i7 %p_ZN18predecoder_weightsL13LAYER0_WEIGHTE_20, i8 %p_ZN18predecoder_weightsL13LAYER0_WEIGHTE_21, i8 %p_ZN18predecoder_weightsL13LAYER0_WEIGHTE_22, i8 %p_ZN18predecoder_weightsL13LAYER0_WEIGHTE_23, i8 %p_ZN18predecoder_weightsL13LAYER0_WEIGHTE_24, i7 %p_ZN18predecoder_weightsL13LAYER0_WEIGHTE_25, i7 %p_ZN18predecoder_weightsL13LAYER0_WEIGHTE_26, i9 %predecoder_weights_LAYER0_BIAS, i41 %layer0_mult" [predecoder_kernel.cpp:250]   --->   Operation 28 'call' 'call_ln250' <Predicate = true> <Delay = 0.00> <CoreType = "Generic">   --->   Core 0 '' <Latency = 0> <II = 1> <Delay = 1.00> <Generic> <Opcode : >

State 8 <SV = 7> <Delay = 0.00>
ST_8 : Operation 29 [2/2] (0.00ns)   --->   "%call_ln251 = call void @conv3d_hidden_layer<12>, i96 %s1, i96 %s2, i8 %p_ZN18predecoder_weightsL13LAYER1_WEIGHTE_0, i8 %p_ZN18predecoder_weightsL13LAYER1_WEIGHTE_1, i8 %p_ZN18predecoder_weightsL13LAYER1_WEIGHTE_2, i8 %p_ZN18predecoder_weightsL13LAYER1_WEIGHTE_3, i8 %p_ZN18predecoder_weightsL13LAYER1_WEIGHTE_4, i8 %p_ZN18predecoder_weightsL13LAYER1_WEIGHTE_5, i8 %p_ZN18predecoder_weightsL13LAYER1_WEIGHTE_6, i8 %p_ZN18predecoder_weightsL13LAYER1_WEIGHTE_7, i8 %p_ZN18predecoder_weightsL13LAYER1_WEIGHTE_8, i8 %p_ZN18predecoder_weightsL13LAYER1_WEIGHTE_9, i8 %p_ZN18predecoder_weightsL13LAYER1_WEIGHTE_10, i8 %p_ZN18predecoder_weightsL13LAYER1_WEIGHTE_11, i8 %p_ZN18predecoder_weightsL13LAYER1_WEIGHTE_12, i8 %p_ZN18predecoder_weightsL13LAYER1_WEIGHTE_13, i8 %p_ZN18predecoder_weightsL13LAYER1_WEIGHTE_14, i8 %p_ZN18predecoder_weightsL13LAYER1_WEIGHTE_15, i8 %p_ZN18predecoder_weightsL13LAYER1_WEIGHTE_16, i8 %p_ZN18predecoder_weightsL13LAYER1_WEIGHTE_17, i8 %p_ZN18predecoder_weightsL13LAYER1_WEIGHTE_18, i8 %p_ZN18predecoder_weightsL13LAYER1_WEIGHTE_19, i8 %p_ZN18predecoder_weightsL13LAYER1_WEIGHTE_20, i8 %p_ZN18predecoder_weightsL13LAYER1_WEIGHTE_21, i8 %p_ZN18predecoder_weightsL13LAYER1_WEIGHTE_22, i8 %p_ZN18predecoder_weightsL13LAYER1_WEIGHTE_23, i8 %p_ZN18predecoder_weightsL13LAYER1_WEIGHTE_24, i8 %p_ZN18predecoder_weightsL13LAYER1_WEIGHTE_25, i8 %p_ZN18predecoder_weightsL13LAYER1_WEIGHTE_26, i14 %predecoder_weights_LAYER1_BIAS, i33 %layer1_mult" [predecoder_kernel.cpp:251]   --->   Operation 29 'call' 'call_ln251' <Predicate = true> <Delay = 0.00> <CoreType = "Generic">   --->   Core 0 '' <Latency = 0> <II = 1> <Delay = 1.00> <Generic> <Opcode : >

State 9 <SV = 8> <Delay = 0.00>
ST_9 : Operation 30 [1/2] (0.00ns)   --->   "%call_ln251 = call void @conv3d_hidden_layer<12>, i96 %s1, i96 %s2, i8 %p_ZN18predecoder_weightsL13LAYER1_WEIGHTE_0, i8 %p_ZN18predecoder_weightsL13LAYER1_WEIGHTE_1, i8 %p_ZN18predecoder_weightsL13LAYER1_WEIGHTE_2, i8 %p_ZN18predecoder_weightsL13LAYER1_WEIGHTE_3, i8 %p_ZN18predecoder_weightsL13LAYER1_WEIGHTE_4, i8 %p_ZN18predecoder_weightsL13LAYER1_WEIGHTE_5, i8 %p_ZN18predecoder_weightsL13LAYER1_WEIGHTE_6, i8 %p_ZN18predecoder_weightsL13LAYER1_WEIGHTE_7, i8 %p_ZN18predecoder_weightsL13LAYER1_WEIGHTE_8, i8 %p_ZN18predecoder_weightsL13LAYER1_WEIGHTE_9, i8 %p_ZN18predecoder_weightsL13LAYER1_WEIGHTE_10, i8 %p_ZN18predecoder_weightsL13LAYER1_WEIGHTE_11, i8 %p_ZN18predecoder_weightsL13LAYER1_WEIGHTE_12, i8 %p_ZN18predecoder_weightsL13LAYER1_WEIGHTE_13, i8 %p_ZN18predecoder_weightsL13LAYER1_WEIGHTE_14, i8 %p_ZN18predecoder_weightsL13LAYER1_WEIGHTE_15, i8 %p_ZN18predecoder_weightsL13LAYER1_WEIGHTE_16, i8 %p_ZN18predecoder_weightsL13LAYER1_WEIGHTE_17, i8 %p_ZN18predecoder_weightsL13LAYER1_WEIGHTE_18, i8 %p_ZN18predecoder_weightsL13LAYER1_WEIGHTE_19, i8 %p_ZN18predecoder_weightsL13LAYER1_WEIGHTE_20, i8 %p_ZN18predecoder_weightsL13LAYER1_WEIGHTE_21, i8 %p_ZN18predecoder_weightsL13LAYER1_WEIGHTE_22, i8 %p_ZN18predecoder_weightsL13LAYER1_WEIGHTE_23, i8 %p_ZN18predecoder_weightsL13LAYER1_WEIGHTE_24, i8 %p_ZN18predecoder_weightsL13LAYER1_WEIGHTE_25, i8 %p_ZN18predecoder_weightsL13LAYER1_WEIGHTE_26, i14 %predecoder_weights_LAYER1_BIAS, i33 %layer1_mult" [predecoder_kernel.cpp:251]   --->   Operation 30 'call' 'call_ln251' <Predicate = true> <Delay = 0.00> <CoreType = "Generic">   --->   Core 0 '' <Latency = 0> <II = 1> <Delay = 1.00> <Generic> <Opcode : >

State 10 <SV = 9> <Delay = 0.00>
ST_10 : Operation 31 [2/2] (0.00ns)   --->   "%call_ln252 = call void @conv1x1_output_layer, i96 %s2, i448 %s3" [predecoder_kernel.cpp:252]   --->   Operation 31 'call' 'call_ln252' <Predicate = true> <Delay = 0.00> <CoreType = "Generic">   --->   Core 0 '' <Latency = 0> <II = 1> <Delay = 1.00> <Generic> <Opcode : >

State 11 <SV = 10> <Delay = 0.00>
ST_11 : Operation 32 [1/2] (0.00ns)   --->   "%call_ln252 = call void @conv1x1_output_layer, i96 %s2, i448 %s3" [predecoder_kernel.cpp:252]   --->   Operation 32 'call' 'call_ln252' <Predicate = true> <Delay = 0.00> <CoreType = "Generic">   --->   Core 0 '' <Latency = 0> <II = 1> <Delay = 1.00> <Generic> <Opcode : >

State 12 <SV = 11> <Delay = 0.00>
ST_12 : Operation 33 [2/2] (0.00ns)   --->   "%out_beat = call i512 @edge_correction, i448 %s3, i1 %p_ZN24predecoder_kernel_configL14OBS_PARITY_LUTE_0, i1 %p_ZN24predecoder_kernel_configL14OBS_PARITY_LUTE_1, i1 %p_ZN24predecoder_kernel_configL14OBS_PARITY_LUTE_2, i1 %p_ZN24predecoder_kernel_configL14OBS_PARITY_LUTE_3, i1 %p_ZN24predecoder_kernel_configL14OBS_PARITY_LUTE_4, i1 %p_ZN24predecoder_kernel_configL14OBS_PARITY_LUTE_5, i1 %p_ZN24predecoder_kernel_configL14OBS_PARITY_LUTE_6, i1 %p_ZN24predecoder_kernel_configL14OBS_PARITY_LUTE_7, i1 %p_ZN24predecoder_kernel_configL14OBS_PARITY_LUTE_9, i1 %p_ZN24predecoder_kernel_configL14OBS_PARITY_LUTE_10, i1 %p_ZN24predecoder_kernel_configL14OBS_PARITY_LUTE_11, i1 %p_ZN24predecoder_kernel_configL14OBS_PARITY_LUTE_12, i1 %p_ZN24predecoder_kernel_configL14OBS_PARITY_LUTE_13, i1 %p_ZN24predecoder_kernel_configL14OBS_PARITY_LUTE_14, i1 %p_ZN24predecoder_kernel_configL14OBS_PARITY_LUTE_15, i1 %p_ZN24predecoder_kernel_configL14OBS_PARITY_LUTE_16" [predecoder_kernel.cpp:253]   --->   Operation 33 'call' 'out_beat' <Predicate = true> <Delay = 0.00> <CoreInst = "FIFO_SRL">   --->   Core 81 'FIFO_SRL' <Latency = 0> <II = 1> <Delay = 1.41> <Storage> <Opcode : 'read' 'write' 'nbread' 'nbwrite'> <Ports = 0> <Width = 512> <Depth = 2> <FIFO>

State 13 <SV = 12> <Delay = 0.00>
ST_13 : Operation 34 [1/2] (0.00ns)   --->   "%out_beat = call i512 @edge_correction, i448 %s3, i1 %p_ZN24predecoder_kernel_configL14OBS_PARITY_LUTE_0, i1 %p_ZN24predecoder_kernel_configL14OBS_PARITY_LUTE_1, i1 %p_ZN24predecoder_kernel_configL14OBS_PARITY_LUTE_2, i1 %p_ZN24predecoder_kernel_configL14OBS_PARITY_LUTE_3, i1 %p_ZN24predecoder_kernel_configL14OBS_PARITY_LUTE_4, i1 %p_ZN24predecoder_kernel_configL14OBS_PARITY_LUTE_5, i1 %p_ZN24predecoder_kernel_configL14OBS_PARITY_LUTE_6, i1 %p_ZN24predecoder_kernel_configL14OBS_PARITY_LUTE_7, i1 %p_ZN24predecoder_kernel_configL14OBS_PARITY_LUTE_9, i1 %p_ZN24predecoder_kernel_configL14OBS_PARITY_LUTE_10, i1 %p_ZN24predecoder_kernel_configL14OBS_PARITY_LUTE_11, i1 %p_ZN24predecoder_kernel_configL14OBS_PARITY_LUTE_12, i1 %p_ZN24predecoder_kernel_configL14OBS_PARITY_LUTE_13, i1 %p_ZN24predecoder_kernel_configL14OBS_PARITY_LUTE_14, i1 %p_ZN24predecoder_kernel_configL14OBS_PARITY_LUTE_15, i1 %p_ZN24predecoder_kernel_configL14OBS_PARITY_LUTE_16" [predecoder_kernel.cpp:253]   --->   Operation 34 'call' 'out_beat' <Predicate = true> <Delay = 0.00> <CoreInst = "FIFO_SRL">   --->   Core 81 'FIFO_SRL' <Latency = 0> <II = 1> <Delay = 1.41> <Storage> <Opcode : 'read' 'write' 'nbread' 'nbwrite'> <Ports = 0> <Width = 512> <Depth = 2> <FIFO>
ST_13 : Operation 35 [2/2] (1.21ns)   --->   "%call_ln253 = call void @Block_entry17_proc, i512 %out_beat, i64 %correction_hbm_c, i512 %gmem1" [predecoder_kernel.cpp:253]   --->   Operation 35 'call' 'call_ln253' <Predicate = true> <Delay = 1.21> <CoreType = "Generic">   --->   Core 0 '' <Latency = 0> <II = 1> <Delay = 1.00> <Generic> <Opcode : >

State 14 <SV = 13> <Delay = 0.00>
ST_14 : Operation 36 [1/1] (0.00ns)   --->   "%empty = specchannel i32 @_ssdm_op_SpecChannel, void @correction_hbm_c_str, i32 1, void @p_str, void @p_str, i32 8, i32 0, i64 %correction_hbm_c, i64 %correction_hbm_c" [predecoder_kernel.cpp:227]   --->   Operation 36 'specchannel' 'empty' <Predicate = true> <Delay = 0.00>
ST_14 : Operation 37 [1/1] (0.00ns)   --->   "%specinterface_ln227 = specinterface void @_ssdm_op_SpecInterface, i64 %correction_hbm_c, void @ap_fifo_str, i32 0, i32 0, void @p_str, i32 0, i32 0, void @p_str, void @p_str, void @p_str, i32 2, i32 2, i32 16, i32 16, void @p_str, void @p_str, i32 4294967295, i32 0" [predecoder_kernel.cpp:227]   --->   Operation 37 'specinterface' 'specinterface_ln227' <Predicate = true> <Delay = 0.00>
ST_14 : Operation 38 [1/1] (0.00ns)   --->   "%specdataflowpipeline_ln227 = specdataflowpipeline void @_ssdm_op_SpecDataflowPipeline, i32 4294967295, i32 0, void @empty_5" [predecoder_kernel.cpp:227]   --->   Operation 38 'specdataflowpipeline' 'specdataflowpipeline_ln227' <Predicate = true> <Delay = 0.00>
ST_14 : Operation 39 [1/1] (0.00ns)   --->   "%spectopmodule_ln223 = spectopmodule void @_ssdm_op_SpecTopModule, void @empty_16" [predecoder_kernel.cpp:223]   --->   Operation 39 'spectopmodule' 'spectopmodule_ln223' <Predicate = true> <Delay = 0.00>
ST_14 : Operation 40 [1/1] (0.00ns)   --->   "%specinterface_ln223 = specinterface void @_ssdm_op_SpecInterface, i32 0, void @empty_10, i32 0, i32 0, void @empty_5, i32 0, i32 0, void @empty_5, void @empty_5, void @empty_5, i32 0, i32 0, i32 0, i32 0, void @empty_5, void @empty_5, i32 4294967295, i32 0" [predecoder_kernel.cpp:223]   --->   Operation 40 'specinterface' 'specinterface_ln223' <Predicate = true> <Delay = 0.00>
ST_14 : Operation 41 [1/1] (0.00ns)   --->   "%specinterface_ln0 = specinterface void @_ssdm_op_SpecInterface, i512 %gmem0, void @empty_8, i32 0, i32 0, void @empty_5, i32 64, i32 1, void @empty_2, void @empty_3, void @empty_5, i32 4, i32 16, i32 16, i32 16, void @empty_5, void @empty_5, i32 4294967295, i32 0"   --->   Operation 41 'specinterface' 'specinterface_ln0' <Predicate = true> <Delay = 0.00>
ST_14 : Operation 42 [1/1] (0.00ns)   --->   "%specbitsmap_ln0 = specbitsmap void @_ssdm_op_SpecBitsMap, i512 %gmem0"   --->   Operation 42 'specbitsmap' 'specbitsmap_ln0' <Predicate = true> <Delay = 0.00>
ST_14 : Operation 43 [1/1] (0.00ns)   --->   "%specinterface_ln0 = specinterface void @_ssdm_op_SpecInterface, i512 %gmem1, void @empty_8, i32 0, i32 0, void @empty_5, i32 64, i32 1, void @empty_4, void @empty_3, void @empty_5, i32 16, i32 4, i32 16, i32 16, void @empty_5, void @empty_5, i32 4294967295, i32 0"   --->   Operation 43 'specinterface' 'specinterface_ln0' <Predicate = true> <Delay = 0.00>
ST_14 : Operation 44 [1/1] (0.00ns)   --->   "%specbitsmap_ln0 = specbitsmap void @_ssdm_op_SpecBitsMap, i512 %gmem1"   --->   Operation 44 'specbitsmap' 'specbitsmap_ln0' <Predicate = true> <Delay = 0.00>
ST_14 : Operation 45 [1/1] (0.00ns)   --->   "%specinterface_ln0 = specinterface void @_ssdm_op_SpecInterface, i64 %syndrome_hbm, void @empty_6, i32 0, i32 0, void @empty_5, i32 0, i32 0, void @empty, void @empty_0, void @empty_5, i32 0, i32 0, i32 0, i32 0, void @empty_5, void @empty_14, i32 4294967295, i32 0"   --->   Operation 45 'specinterface' 'specinterface_ln0' <Predicate = true> <Delay = 0.00>
ST_14 : Operation 46 [1/1] (0.00ns)   --->   "%specinterface_ln0 = specinterface void @_ssdm_op_SpecInterface, i64 %syndrome_hbm, void @empty_13, i32 0, i32 0, void @empty_5, i32 0, i32 0, void @empty_5, void @empty_5, void @empty_5, i32 0, i32 0, i32 0, i32 0, void @empty_5, void @empty_14, i32 4294967295, i32 0"   --->   Operation 46 'specinterface' 'specinterface_ln0' <Predicate = true> <Delay = 0.00>
ST_14 : Operation 47 [1/1] (0.00ns)   --->   "%specinterface_ln0 = specinterface void @_ssdm_op_SpecInterface, i64 %correction_hbm, void @empty_6, i32 0, i32 0, void @empty_5, i32 0, i32 0, void @empty, void @empty_12, void @empty_5, i32 0, i32 0, i32 0, i32 0, void @empty_5, void @empty_14, i32 4294967295, i32 0"   --->   Operation 47 'specinterface' 'specinterface_ln0' <Predicate = true> <Delay = 0.00>
ST_14 : Operation 48 [1/1] (0.00ns)   --->   "%specinterface_ln0 = specinterface void @_ssdm_op_SpecInterface, i64 %correction_hbm, void @empty_13, i32 0, i32 0, void @empty_5, i32 0, i32 0, void @empty_5, void @empty_5, void @empty_5, i32 0, i32 0, i32 0, i32 0, void @empty_5, void @empty_14, i32 4294967295, i32 0"   --->   Operation 48 'specinterface' 'specinterface_ln0' <Predicate = true> <Delay = 0.00>
ST_14 : Operation 49 [1/1] (0.00ns)   --->   "%specinterface_ln0 = specinterface void @_ssdm_op_SpecInterface, i32 0, void @empty_6, i32 0, i32 0, void @empty_5, i32 0, i32 0, void @empty, void @empty_5, void @empty_5, i32 0, i32 0, i32 0, i32 0, void @empty_5, void @empty_5, i32 4294967295, i32 0"   --->   Operation 49 'specinterface' 'specinterface_ln0' <Predicate = true> <Delay = 0.00>
ST_14 : Operation 50 [1/1] (0.00ns)   --->   "%empty_51 = specchannel i32 @_ssdm_op_SpecChannel, void @s0_str, i32 1, void @p_str, void @p_str, i32 8, i32 8, i96 %s0, i96 %s0"   --->   Operation 50 'specchannel' 'empty_51' <Predicate = true> <Delay = 0.00>
ST_14 : Operation 51 [1/1] (0.00ns)   --->   "%specinterface_ln0 = specinterface void @_ssdm_op_SpecInterface, i96 %s0, void @empty_1, i32 0, i32 0, void @empty_5, i32 0, i32 0, void @empty_5, void @empty_5, void @empty_5, i32 0, i32 0, i32 0, i32 0, void @empty_5, void @empty_5, i32 4294967295, i32 0"   --->   Operation 51 'specinterface' 'specinterface_ln0' <Predicate = true> <Delay = 0.00>
ST_14 : Operation 52 [1/1] (0.00ns)   --->   "%empty_52 = specchannel i32 @_ssdm_op_SpecChannel, void @s1_str, i32 1, void @p_str, void @p_str, i32 8, i32 8, i96 %s1, i96 %s1"   --->   Operation 52 'specchannel' 'empty_52' <Predicate = true> <Delay = 0.00>
ST_14 : Operation 53 [1/1] (0.00ns)   --->   "%specinterface_ln0 = specinterface void @_ssdm_op_SpecInterface, i96 %s1, void @empty_1, i32 0, i32 0, void @empty_5, i32 0, i32 0, void @empty_5, void @empty_5, void @empty_5, i32 0, i32 0, i32 0, i32 0, void @empty_5, void @empty_5, i32 4294967295, i32 0"   --->   Operation 53 'specinterface' 'specinterface_ln0' <Predicate = true> <Delay = 0.00>
ST_14 : Operation 54 [1/1] (0.00ns)   --->   "%empty_53 = specchannel i32 @_ssdm_op_SpecChannel, void @s2_str, i32 1, void @p_str, void @p_str, i32 8, i32 8, i96 %s2, i96 %s2"   --->   Operation 54 'specchannel' 'empty_53' <Predicate = true> <Delay = 0.00>
ST_14 : Operation 55 [1/1] (0.00ns)   --->   "%specinterface_ln0 = specinterface void @_ssdm_op_SpecInterface, i96 %s2, void @empty_1, i32 0, i32 0, void @empty_5, i32 0, i32 0, void @empty_5, void @empty_5, void @empty_5, i32 0, i32 0, i32 0, i32 0, void @empty_5, void @empty_5, i32 4294967295, i32 0"   --->   Operation 55 'specinterface' 'specinterface_ln0' <Predicate = true> <Delay = 0.00>
ST_14 : Operation 56 [1/1] (0.00ns)   --->   "%empty_54 = specchannel i32 @_ssdm_op_SpecChannel, void @s3_str, i32 1, void @p_str, void @p_str, i32 8, i32 8, i448 %s3, i448 %s3"   --->   Operation 56 'specchannel' 'empty_54' <Predicate = true> <Delay = 0.00>
ST_14 : Operation 57 [1/1] (0.00ns)   --->   "%specinterface_ln0 = specinterface void @_ssdm_op_SpecInterface, i448 %s3, void @empty_1, i32 0, i32 0, void @empty_5, i32 0, i32 0, void @empty_5, void @empty_5, void @empty_5, i32 0, i32 0, i32 0, i32 0, void @empty_5, void @empty_5, i32 4294967295, i32 0"   --->   Operation 57 'specinterface' 'specinterface_ln0' <Predicate = true> <Delay = 0.00>
ST_14 : Operation 58 [1/2] (0.00ns)   --->   "%call_ln253 = call void @Block_entry17_proc, i512 %out_beat, i64 %correction_hbm_c, i512 %gmem1" [predecoder_kernel.cpp:253]   --->   Operation 58 'call' 'call_ln253' <Predicate = true> <Delay = 0.00> <CoreType = "Generic">   --->   Core 0 '' <Latency = 0> <II = 1> <Delay = 1.00> <Generic> <Opcode : >
ST_14 : Operation 59 [1/1] (0.00ns)   --->   "%ret_ln256 = ret" [predecoder_kernel.cpp:256]   --->   Operation 59 'ret' 'ret_ln256' <Predicate = true> <Delay = 0.00>


============================================================
+ Verbose Summary: Binding
============================================================
STG Binding: 
---------------- STG Properties BEGIN ----------------
- Is combinational: 0
- Is one-state seq: 0
- Is datapath-only: 0
- Is pipelined: 0
- Is top level: 1
Port [ Return ] is wired: 1; IO mode=ap_ctrl_chain:ce=0
Port [ gmem0]:  wired=1; compound=1; hidden=0; nouse=0; global=0; static=0; extern=0; dir=0; type=4; pingpong=0; private_global=0; IO mode=m_axi:ce=0
Port [ gmem1]:  wired=1; compound=1; hidden=0; nouse=0; global=0; static=0; extern=0; dir=1; type=4; pingpong=0; private_global=0; IO mode=m_axi:ce=0
Port [ syndrome_hbm]:  wired=1; compound=0; hidden=0; nouse=0; global=0; static=0; extern=0; dir=0; type=0; pingpong=0; private_global=0; IO mode=ap_none:ce=0
Port [ correction_hbm]:  wired=1; compound=0; hidden=0; nouse=0; global=0; static=0; extern=0; dir=0; type=0; pingpong=0; private_global=0; IO mode=ap_none:ce=0
Port [ p_ZN18predecoder_weightsL13LAYER0_WEIGHTE_0]:  wired=0; compound=1; hidden=1; nouse=1; global=1; static=1; extern=0; dir=0; type=1; pingpong=0; private_global=0; MemPort=[1]; IO mode=ap_memory:ce=0
Port [ p_ZN18predecoder_weightsL13LAYER0_WEIGHTE_1]:  wired=0; compound=1; hidden=1; nouse=1; global=1; static=1; extern=0; dir=0; type=1; pingpong=0; private_global=0; MemPort=[1]; IO mode=ap_memory:ce=0
Port [ p_ZN18predecoder_weightsL13LAYER0_WEIGHTE_2]:  wired=0; compound=1; hidden=1; nouse=1; global=1; static=1; extern=0; dir=0; type=1; pingpong=0; private_global=0; MemPort=[1]; IO mode=ap_memory:ce=0
Port [ p_ZN18predecoder_weightsL13LAYER0_WEIGHTE_3]:  wired=0; compound=1; hidden=1; nouse=1; global=1; static=1; extern=0; dir=0; type=1; pingpong=0; private_global=0; MemPort=[1]; IO mode=ap_memory:ce=0
Port [ p_ZN18predecoder_weightsL13LAYER0_WEIGHTE_4]:  wired=0; compound=1; hidden=1; nouse=1; global=1; static=1; extern=0; dir=0; type=1; pingpong=0; private_global=0; MemPort=[1]; IO mode=ap_memory:ce=0
Port [ p_ZN18predecoder_weightsL13LAYER0_WEIGHTE_5]:  wired=0; compound=1; hidden=1; nouse=1; global=1; static=1; extern=0; dir=0; type=1; pingpong=0; private_global=0; MemPort=[1]; IO mode=ap_memory:ce=0
Port [ p_ZN18predecoder_weightsL13LAYER0_WEIGHTE_6]:  wired=0; compound=1; hidden=1; nouse=1; global=1; static=1; extern=0; dir=0; type=1; pingpong=0; private_global=0; MemPort=[1]; IO mode=ap_memory:ce=0
Port [ p_ZN18predecoder_weightsL13LAYER0_WEIGHTE_7]:  wired=0; compound=1; hidden=1; nouse=1; global=1; static=1; extern=0; dir=0; type=1; pingpong=0; private_global=0; MemPort=[1]; IO mode=ap_memory:ce=0
Port [ p_ZN18predecoder_weightsL13LAYER0_WEIGHTE_8]:  wired=0; compound=1; hidden=1; nouse=1; global=1; static=1; extern=0; dir=0; type=1; pingpong=0; private_global=0; MemPort=[1]; IO mode=ap_memory:ce=0
Port [ p_ZN18predecoder_weightsL13LAYER0_WEIGHTE_9]:  wired=0; compound=1; hidden=1; nouse=1; global=1; static=1; extern=0; dir=0; type=1; pingpong=0; private_global=0; MemPort=[1]; IO mode=ap_memory:ce=0
Port [ p_ZN18predecoder_weightsL13LAYER0_WEIGHTE_10]:  wired=0; compound=1; hidden=1; nouse=1; global=1; static=1; extern=0; dir=0; type=1; pingpong=0; private_global=0; MemPort=[1]; IO mode=ap_memory:ce=0
Port [ p_ZN18predecoder_weightsL13LAYER0_WEIGHTE_11]:  wired=0; compound=1; hidden=1; nouse=1; global=1; static=1; extern=0; dir=0; type=1; pingpong=0; private_global=0; MemPort=[1]; IO mode=ap_memory:ce=0
Port [ p_ZN18predecoder_weightsL13LAYER0_WEIGHTE_12]:  wired=0; compound=1; hidden=1; nouse=1; global=1; static=1; extern=0; dir=0; type=1; pingpong=0; private_global=0; MemPort=[1]; IO mode=ap_memory:ce=0
Port [ p_ZN18predecoder_weightsL13LAYER0_WEIGHTE_13]:  wired=0; compound=1; hidden=1; nouse=1; global=1; static=1; extern=0; dir=0; type=1; pingpong=0; private_global=0; MemPort=[1]; IO mode=ap_memory:ce=0
Port [ p_ZN18predecoder_weightsL13LAYER0_WEIGHTE_14]:  wired=0; compound=1; hidden=1; nouse=1; global=1; static=1; extern=0; dir=0; type=1; pingpong=0; private_global=0; MemPort=[1]; IO mode=ap_memory:ce=0
Port [ p_ZN18predecoder_weightsL13LAYER0_WEIGHTE_15]:  wired=0; compound=1; hidden=1; nouse=1; global=1; static=1; extern=0; dir=0; type=1; pingpong=0; private_global=0; MemPort=[1]; IO mode=ap_memory:ce=0
Port [ p_ZN18predecoder_weightsL13LAYER0_WEIGHTE_16]:  wired=0; compound=1; hidden=1; nouse=1; global=1; static=1; extern=0; dir=0; type=1; pingpong=0; private_global=0; MemPort=[1]; IO mode=ap_memory:ce=0
Port [ p_ZN18predecoder_weightsL13LAYER0_WEIGHTE_17]:  wired=0; compound=1; hidden=1; nouse=1; global=1; static=1; extern=0; dir=0; type=1; pingpong=0; private_global=0; MemPort=[1]; IO mode=ap_memory:ce=0
Port [ p_ZN18predecoder_weightsL13LAYER0_WEIGHTE_18]:  wired=0; compound=1; hidden=1; nouse=1; global=1; static=1; extern=0; dir=0; type=1; pingpong=0; private_global=0; MemPort=[1]; IO mode=ap_memory:ce=0
Port [ p_ZN18predecoder_weightsL13LAYER0_WEIGHTE_19]:  wired=0; compound=1; hidden=1; nouse=1; global=1; static=1; extern=0; dir=0; type=1; pingpong=0; private_global=0; MemPort=[1]; IO mode=ap_memory:ce=0
Port [ p_ZN18predecoder_weightsL13LAYER0_WEIGHTE_20]:  wired=0; compound=1; hidden=1; nouse=1; global=1; static=1; extern=0; dir=0; type=1; pingpong=0; private_global=0; MemPort=[1]; IO mode=ap_memory:ce=0
Port [ p_ZN18predecoder_weightsL13LAYER0_WEIGHTE_21]:  wired=0; compound=1; hidden=1; nouse=1; global=1; static=1; extern=0; dir=0; type=1; pingpong=0; private_global=0; MemPort=[1]; IO mode=ap_memory:ce=0
Port [ p_ZN18predecoder_weightsL13LAYER0_WEIGHTE_22]:  wired=0; compound=1; hidden=1; nouse=1; global=1; static=1; extern=0; dir=0; type=1; pingpong=0; private_global=0; MemPort=[1]; IO mode=ap_memory:ce=0
Port [ p_ZN18predecoder_weightsL13LAYER0_WEIGHTE_23]:  wired=0; compound=1; hidden=1; nouse=1; global=1; static=1; extern=0; dir=0; type=1; pingpong=0; private_global=0; MemPort=[1]; IO mode=ap_memory:ce=0
Port [ p_ZN18predecoder_weightsL13LAYER0_WEIGHTE_24]:  wired=0; compound=1; hidden=1; nouse=1; global=1; static=1; extern=0; dir=0; type=1; pingpong=0; private_global=0; MemPort=[1]; IO mode=ap_memory:ce=0
Port [ p_ZN18predecoder_weightsL13LAYER0_WEIGHTE_25]:  wired=0; compound=1; hidden=1; nouse=1; global=1; static=1; extern=0; dir=0; type=1; pingpong=0; private_global=0; MemPort=[1]; IO mode=ap_memory:ce=0
Port [ p_ZN18predecoder_weightsL13LAYER0_WEIGHTE_26]:  wired=0; compound=1; hidden=1; nouse=1; global=1; static=1; extern=0; dir=0; type=1; pingpong=0; private_global=0; MemPort=[1]; IO mode=ap_memory:ce=0
Port [ predecoder_weights_LAYER0_BIAS]:  wired=0; compound=1; hidden=1; nouse=1; global=1; static=1; extern=0; dir=0; type=1; pingpong=0; private_global=0; MemPort=[1]; IO mode=ap_memory:ce=0
Port [ layer0_mult]:  wired=0; compound=1; hidden=1; nouse=1; global=1; static=1; extern=0; dir=0; type=1; pingpong=0; private_global=0; MemPort=[1]; IO mode=ap_memory:ce=0
Port [ p_ZN18predecoder_weightsL13LAYER1_WEIGHTE_0]:  wired=0; compound=1; hidden=1; nouse=1; global=1; static=1; extern=0; dir=0; type=1; pingpong=0; private_global=0; MemPort=[1]; IO mode=ap_memory:ce=0
Port [ p_ZN18predecoder_weightsL13LAYER1_WEIGHTE_1]:  wired=0; compound=1; hidden=1; nouse=1; global=1; static=1; extern=0; dir=0; type=1; pingpong=0; private_global=0; MemPort=[1]; IO mode=ap_memory:ce=0
Port [ p_ZN18predecoder_weightsL13LAYER1_WEIGHTE_2]:  wired=0; compound=1; hidden=1; nouse=1; global=1; static=1; extern=0; dir=0; type=1; pingpong=0; private_global=0; MemPort=[1]; IO mode=ap_memory:ce=0
Port [ p_ZN18predecoder_weightsL13LAYER1_WEIGHTE_3]:  wired=0; compound=1; hidden=1; nouse=1; global=1; static=1; extern=0; dir=0; type=1; pingpong=0; private_global=0; MemPort=[1]; IO mode=ap_memory:ce=0
Port [ p_ZN18predecoder_weightsL13LAYER1_WEIGHTE_4]:  wired=0; compound=1; hidden=1; nouse=1; global=1; static=1; extern=0; dir=0; type=1; pingpong=0; private_global=0; MemPort=[1]; IO mode=ap_memory:ce=0
Port [ p_ZN18predecoder_weightsL13LAYER1_WEIGHTE_5]:  wired=0; compound=1; hidden=1; nouse=1; global=1; static=1; extern=0; dir=0; type=1; pingpong=0; private_global=0; MemPort=[1]; IO mode=ap_memory:ce=0
Port [ p_ZN18predecoder_weightsL13LAYER1_WEIGHTE_6]:  wired=0; compound=1; hidden=1; nouse=1; global=1; static=1; extern=0; dir=0; type=1; pingpong=0; private_global=0; MemPort=[1]; IO mode=ap_memory:ce=0
Port [ p_ZN18predecoder_weightsL13LAYER1_WEIGHTE_7]:  wired=0; compound=1; hidden=1; nouse=1; global=1; static=1; extern=0; dir=0; type=1; pingpong=0; private_global=0; MemPort=[1]; IO mode=ap_memory:ce=0
Port [ p_ZN18predecoder_weightsL13LAYER1_WEIGHTE_8]:  wired=0; compound=1; hidden=1; nouse=1; global=1; static=1; extern=0; dir=0; type=1; pingpong=0; private_global=0; MemPort=[1]; IO mode=ap_memory:ce=0
Port [ p_ZN18predecoder_weightsL13LAYER1_WEIGHTE_9]:  wired=0; compound=1; hidden=1; nouse=1; global=1; static=1; extern=0; dir=0; type=1; pingpong=0; private_global=0; MemPort=[1]; IO mode=ap_memory:ce=0
Port [ p_ZN18predecoder_weightsL13LAYER1_WEIGHTE_10]:  wired=0; compound=1; hidden=1; nouse=1; global=1; static=1; extern=0; dir=0; type=1; pingpong=0; private_global=0; MemPort=[1]; IO mode=ap_memory:ce=0
Port [ p_ZN18predecoder_weightsL13LAYER1_WEIGHTE_11]:  wired=0; compound=1; hidden=1; nouse=1; global=1; static=1; extern=0; dir=0; type=1; pingpong=0; private_global=0; MemPort=[1]; IO mode=ap_memory:ce=0
Port [ p_ZN18predecoder_weightsL13LAYER1_WEIGHTE_12]:  wired=0; compound=1; hidden=1; nouse=1; global=1; static=1; extern=0; dir=0; type=1; pingpong=0; private_global=0; MemPort=[1]; IO mode=ap_memory:ce=0
Port [ p_ZN18predecoder_weightsL13LAYER1_WEIGHTE_13]:  wired=0; compound=1; hidden=1; nouse=1; global=1; static=1; extern=0; dir=0; type=1; pingpong=0; private_global=0; MemPort=[1]; IO mode=ap_memory:ce=0
Port [ p_ZN18predecoder_weightsL13LAYER1_WEIGHTE_14]:  wired=0; compound=1; hidden=1; nouse=1; global=1; static=1; extern=0; dir=0; type=1; pingpong=0; private_global=0; MemPort=[1]; IO mode=ap_memory:ce=0
Port [ p_ZN18predecoder_weightsL13LAYER1_WEIGHTE_15]:  wired=0; compound=1; hidden=1; nouse=1; global=1; static=1; extern=0; dir=0; type=1; pingpong=0; private_global=0; MemPort=[1]; IO mode=ap_memory:ce=0
Port [ p_ZN18predecoder_weightsL13LAYER1_WEIGHTE_16]:  wired=0; compound=1; hidden=1; nouse=1; global=1; static=1; extern=0; dir=0; type=1; pingpong=0; private_global=0; MemPort=[1]; IO mode=ap_memory:ce=0
Port [ p_ZN18predecoder_weightsL13LAYER1_WEIGHTE_17]:  wired=0; compound=1; hidden=1; nouse=1; global=1; static=1; extern=0; dir=0; type=1; pingpong=0; private_global=0; MemPort=[1]; IO mode=ap_memory:ce=0
Port [ p_ZN18predecoder_weightsL13LAYER1_WEIGHTE_18]:  wired=0; compound=1; hidden=1; nouse=1; global=1; static=1; extern=0; dir=0; type=1; pingpong=0; private_global=0; MemPort=[1]; IO mode=ap_memory:ce=0
Port [ p_ZN18predecoder_weightsL13LAYER1_WEIGHTE_19]:  wired=0; compound=1; hidden=1; nouse=1; global=1; static=1; extern=0; dir=0; type=1; pingpong=0; private_global=0; MemPort=[1]; IO mode=ap_memory:ce=0
Port [ p_ZN18predecoder_weightsL13LAYER1_WEIGHTE_20]:  wired=0; compound=1; hidden=1; nouse=1; global=1; static=1; extern=0; dir=0; type=1; pingpong=0; private_global=0; MemPort=[1]; IO mode=ap_memory:ce=0
Port [ p_ZN18predecoder_weightsL13LAYER1_WEIGHTE_21]:  wired=0; compound=1; hidden=1; nouse=1; global=1; static=1; extern=0; dir=0; type=1; pingpong=0; private_global=0; MemPort=[1]; IO mode=ap_memory:ce=0
Port [ p_ZN18predecoder_weightsL13LAYER1_WEIGHTE_22]:  wired=0; compound=1; hidden=1; nouse=1; global=1; static=1; extern=0; dir=0; type=1; pingpong=0; private_global=0; MemPort=[1]; IO mode=ap_memory:ce=0
Port [ p_ZN18predecoder_weightsL13LAYER1_WEIGHTE_23]:  wired=0; compound=1; hidden=1; nouse=1; global=1; static=1; extern=0; dir=0; type=1; pingpong=0; private_global=0; MemPort=[1]; IO mode=ap_memory:ce=0
Port [ p_ZN18predecoder_weightsL13LAYER1_WEIGHTE_24]:  wired=0; compound=1; hidden=1; nouse=1; global=1; static=1; extern=0; dir=0; type=1; pingpong=0; private_global=0; MemPort=[1]; IO mode=ap_memory:ce=0
Port [ p_ZN18predecoder_weightsL13LAYER1_WEIGHTE_25]:  wired=0; compound=1; hidden=1; nouse=1; global=1; static=1; extern=0; dir=0; type=1; pingpong=0; private_global=0; MemPort=[1]; IO mode=ap_memory:ce=0
Port [ p_ZN18predecoder_weightsL13LAYER1_WEIGHTE_26]:  wired=0; compound=1; hidden=1; nouse=1; global=1; static=1; extern=0; dir=0; type=1; pingpong=0; private_global=0; MemPort=[1]; IO mode=ap_memory:ce=0
Port [ predecoder_weights_LAYER1_BIAS]:  wired=0; compound=1; hidden=1; nouse=1; global=1; static=1; extern=0; dir=0; type=1; pingpong=0; private_global=0; MemPort=[1]; IO mode=ap_memory:ce=0
Port [ layer1_mult]:  wired=0; compound=1; hidden=1; nouse=1; global=1; static=1; extern=0; dir=0; type=1; pingpong=0; private_global=0; MemPort=[1]; IO mode=ap_memory:ce=0
Port [ p_ZN24predecoder_kernel_configL14OBS_PARITY_LUTE_0]:  wired=0; compound=1; hidden=1; nouse=1; global=1; static=1; extern=0; dir=0; type=1; pingpong=0; private_global=0; MemPort=[1]; IO mode=ap_memory:ce=0
Port [ p_ZN24predecoder_kernel_configL14OBS_PARITY_LUTE_1]:  wired=0; compound=1; hidden=1; nouse=1; global=1; static=1; extern=0; dir=0; type=1; pingpong=0; private_global=0; MemPort=[1]; IO mode=ap_memory:ce=0
Port [ p_ZN24predecoder_kernel_configL14OBS_PARITY_LUTE_2]:  wired=0; compound=1; hidden=1; nouse=1; global=1; static=1; extern=0; dir=0; type=1; pingpong=0; private_global=0; MemPort=[1]; IO mode=ap_memory:ce=0
Port [ p_ZN24predecoder_kernel_configL14OBS_PARITY_LUTE_3]:  wired=0; compound=1; hidden=1; nouse=1; global=1; static=1; extern=0; dir=0; type=1; pingpong=0; private_global=0; MemPort=[1]; IO mode=ap_memory:ce=0
Port [ p_ZN24predecoder_kernel_configL14OBS_PARITY_LUTE_4]:  wired=0; compound=1; hidden=1; nouse=1; global=1; static=1; extern=0; dir=0; type=1; pingpong=0; private_global=0; MemPort=[1]; IO mode=ap_memory:ce=0
Port [ p_ZN24predecoder_kernel_configL14OBS_PARITY_LUTE_5]:  wired=0; compound=1; hidden=1; nouse=1; global=1; static=1; extern=0; dir=0; type=1; pingpong=0; private_global=0; MemPort=[1]; IO mode=ap_memory:ce=0
Port [ p_ZN24predecoder_kernel_configL14OBS_PARITY_LUTE_6]:  wired=0; compound=1; hidden=1; nouse=1; global=1; static=1; extern=0; dir=0; type=1; pingpong=0; private_global=0; MemPort=[1]; IO mode=ap_memory:ce=0
Port [ p_ZN24predecoder_kernel_configL14OBS_PARITY_LUTE_7]:  wired=0; compound=1; hidden=1; nouse=1; global=1; static=1; extern=0; dir=0; type=1; pingpong=0; private_global=0; MemPort=[1]; IO mode=ap_memory:ce=0
Port [ p_ZN24predecoder_kernel_configL14OBS_PARITY_LUTE_9]:  wired=0; compound=1; hidden=1; nouse=1; global=1; static=1; extern=0; dir=0; type=1; pingpong=0; private_global=0; MemPort=[1]; IO mode=ap_memory:ce=0
Port [ p_ZN24predecoder_kernel_configL14OBS_PARITY_LUTE_10]:  wired=0; compound=1; hidden=1; nouse=1; global=1; static=1; extern=0; dir=0; type=1; pingpong=0; private_global=0; MemPort=[1]; IO mode=ap_memory:ce=0
Port [ p_ZN24predecoder_kernel_configL14OBS_PARITY_LUTE_11]:  wired=0; compound=1; hidden=1; nouse=1; global=1; static=1; extern=0; dir=0; type=1; pingpong=0; private_global=0; MemPort=[1]; IO mode=ap_memory:ce=0
Port [ p_ZN24predecoder_kernel_configL14OBS_PARITY_LUTE_12]:  wired=0; compound=1; hidden=1; nouse=1; global=1; static=1; extern=0; dir=0; type=1; pingpong=0; private_global=0; MemPort=[1]; IO mode=ap_memory:ce=0
Port [ p_ZN24predecoder_kernel_configL14OBS_PARITY_LUTE_13]:  wired=0; compound=1; hidden=1; nouse=1; global=1; static=1; extern=0; dir=0; type=1; pingpong=0; private_global=0; MemPort=[1]; IO mode=ap_memory:ce=0
Port [ p_ZN24predecoder_kernel_configL14OBS_PARITY_LUTE_14]:  wired=0; compound=1; hidden=1; nouse=1; global=1; static=1; extern=0; dir=0; type=1; pingpong=0; private_global=0; MemPort=[1]; IO mode=ap_memory:ce=0
Port [ p_ZN24predecoder_kernel_configL14OBS_PARITY_LUTE_15]:  wired=0; compound=1; hidden=1; nouse=1; global=1; static=1; extern=0; dir=0; type=1; pingpong=0; private_global=0; MemPort=[1]; IO mode=ap_memory:ce=0
Port [ p_ZN24predecoder_kernel_configL14OBS_PARITY_LUTE_16]:  wired=0; compound=1; hidden=1; nouse=1; global=1; static=1; extern=0; dir=0; type=1; pingpong=0; private_global=0; MemPort=[1]; IO mode=ap_memory:ce=0
---------------- STG Properties END ------------------

---------------- Datapath Model BEGIN ----------------

<LifeTime>
<method=bitvector/>
correction_hbm_read        (read                ) [ 000000000000000]
syndrome_hbm_read          (read                ) [ 001100000000000]
correction_hbm_c           (alloca              ) [ 011111111111111]
s0                         (alloca              ) [ 001111111111111]
s1                         (alloca              ) [ 001111111111111]
s2                         (alloca              ) [ 001111111111111]
s3                         (alloca              ) [ 001111111111111]
call_ln227                 (call                ) [ 000000000000000]
in_beat_channel            (call                ) [ 000011000000000]
call_ln249                 (call                ) [ 000000000000000]
call_ln250                 (call                ) [ 000000000000000]
call_ln251                 (call                ) [ 000000000000000]
call_ln252                 (call                ) [ 000000000000000]
out_beat                   (call                ) [ 000000000000001]
empty                      (specchannel         ) [ 000000000000000]
specinterface_ln227        (specinterface       ) [ 000000000000000]
specdataflowpipeline_ln227 (specdataflowpipeline) [ 000000000000000]
spectopmodule_ln223        (spectopmodule       ) [ 000000000000000]
specinterface_ln223        (specinterface       ) [ 000000000000000]
specinterface_ln0          (specinterface       ) [ 000000000000000]
specbitsmap_ln0            (specbitsmap         ) [ 000000000000000]
specinterface_ln0          (specinterface       ) [ 000000000000000]
specbitsmap_ln0            (specbitsmap         ) [ 000000000000000]
specinterface_ln0          (specinterface       ) [ 000000000000000]
specinterface_ln0          (specinterface       ) [ 000000000000000]
specinterface_ln0          (specinterface       ) [ 000000000000000]
specinterface_ln0          (specinterface       ) [ 000000000000000]
specinterface_ln0          (specinterface       ) [ 000000000000000]
empty_51                   (specchannel         ) [ 000000000000000]
specinterface_ln0          (specinterface       ) [ 000000000000000]
empty_52                   (specchannel         ) [ 000000000000000]
specinterface_ln0          (specinterface       ) [ 000000000000000]
empty_53                   (specchannel         ) [ 000000000000000]
specinterface_ln0          (specinterface       ) [ 000000000000000]
empty_54                   (specchannel         ) [ 000000000000000]
specinterface_ln0          (specinterface       ) [ 000000000000000]
call_ln253                 (call                ) [ 000000000000000]
ret_ln256                  (ret                 ) [ 000000000000000]
</LifeTime>

<model>

<comp_list>
<comp id="0" class="1000" name="gmem0">
<pin_list>
<pin id="1" dir="1" index="0" bw="1" slack="0"/>
</pin_list>
<bind>
<StgValue><ssdm name="gmem0"/></StgValue>
</bind>
</comp>

<comp id="2" class="1000" name="gmem1">
<pin_list>
<pin id="3" dir="1" index="0" bw="1" slack="0"/>
</pin_list>
<bind>
<StgValue><ssdm name="gmem1"/></StgValue>
</bind>
</comp>

<comp id="4" class="1000" name="syndrome_hbm">
<pin_list>
<pin id="5" dir="1" index="0" bw="1" slack="0"/>
</pin_list>
<bind>
<StgValue><ssdm name="syndrome_hbm"/></StgValue>
</bind>
</comp>

<comp id="6" class="1000" name="correction_hbm">
<pin_list>
<pin id="7" dir="1" index="0" bw="1" slack="0"/>
</pin_list>
<bind>
<StgValue><ssdm name="correction_hbm"/></StgValue>
</bind>
</comp>

<comp id="8" class="1000" name="p_ZN18predecoder_weightsL13LAYER0_WEIGHTE_0">
<pin_list>
<pin id="9" dir="1" index="0" bw="1" slack="0"/>
</pin_list>
<bind>
<StgValue><ssdm name="p_ZN18predecoder_weightsL13LAYER0_WEIGHTE_0"/><MemPortTyVec>1 </MemPortTyVec>
</StgValue>
</bind>
</comp>

<comp id="10" class="1000" name="p_ZN18predecoder_weightsL13LAYER0_WEIGHTE_1">
<pin_list>
<pin id="11" dir="1" index="0" bw="1" slack="0"/>
</pin_list>
<bind>
<StgValue><ssdm name="p_ZN18predecoder_weightsL13LAYER0_WEIGHTE_1"/><MemPortTyVec>1 </MemPortTyVec>
</StgValue>
</bind>
</comp>

<comp id="12" class="1000" name="p_ZN18predecoder_weightsL13LAYER0_WEIGHTE_2">
<pin_list>
<pin id="13" dir="1" index="0" bw="1" slack="0"/>
</pin_list>
<bind>
<StgValue><ssdm name="p_ZN18predecoder_weightsL13LAYER0_WEIGHTE_2"/><MemPortTyVec>1 </MemPortTyVec>
</StgValue>
</bind>
</comp>

<comp id="14" class="1000" name="p_ZN18predecoder_weightsL13LAYER0_WEIGHTE_3">
<pin_list>
<pin id="15" dir="1" index="0" bw="1" slack="0"/>
</pin_list>
<bind>
<StgValue><ssdm name="p_ZN18predecoder_weightsL13LAYER0_WEIGHTE_3"/><MemPortTyVec>1 </MemPortTyVec>
</StgValue>
</bind>
</comp>

<comp id="16" class="1000" name="p_ZN18predecoder_weightsL13LAYER0_WEIGHTE_4">
<pin_list>
<pin id="17" dir="1" index="0" bw="1" slack="0"/>
</pin_list>
<bind>
<StgValue><ssdm name="p_ZN18predecoder_weightsL13LAYER0_WEIGHTE_4"/><MemPortTyVec>1 </MemPortTyVec>
</StgValue>
</bind>
</comp>

<comp id="18" class="1000" name="p_ZN18predecoder_weightsL13LAYER0_WEIGHTE_5">
<pin_list>
<pin id="19" dir="1" index="0" bw="1" slack="0"/>
</pin_list>
<bind>
<StgValue><ssdm name="p_ZN18predecoder_weightsL13LAYER0_WEIGHTE_5"/><MemPortTyVec>1 </MemPortTyVec>
</StgValue>
</bind>
</comp>

<comp id="20" class="1000" name="p_ZN18predecoder_weightsL13LAYER0_WEIGHTE_6">
<pin_list>
<pin id="21" dir="1" index="0" bw="1" slack="0"/>
</pin_list>
<bind>
<StgValue><ssdm name="p_ZN18predecoder_weightsL13LAYER0_WEIGHTE_6"/><MemPortTyVec>1 </MemPortTyVec>
</StgValue>
</bind>
</comp>

<comp id="22" class="1000" name="p_ZN18predecoder_weightsL13LAYER0_WEIGHTE_7">
<pin_list>
<pin id="23" dir="1" index="0" bw="1" slack="0"/>
</pin_list>
<bind>
<StgValue><ssdm name="p_ZN18predecoder_weightsL13LAYER0_WEIGHTE_7"/><MemPortTyVec>1 </MemPortTyVec>
</StgValue>
</bind>
</comp>

<comp id="24" class="1000" name="p_ZN18predecoder_weightsL13LAYER0_WEIGHTE_8">
<pin_list>
<pin id="25" dir="1" index="0" bw="1" slack="0"/>
</pin_list>
<bind>
<StgValue><ssdm name="p_ZN18predecoder_weightsL13LAYER0_WEIGHTE_8"/><MemPortTyVec>1 </MemPortTyVec>
</StgValue>
</bind>
</comp>

<comp id="26" class="1000" name="p_ZN18predecoder_weightsL13LAYER0_WEIGHTE_9">
<pin_list>
<pin id="27" dir="1" index="0" bw="1" slack="0"/>
</pin_list>
<bind>
<StgValue><ssdm name="p_ZN18predecoder_weightsL13LAYER0_WEIGHTE_9"/><MemPortTyVec>1 </MemPortTyVec>
</StgValue>
</bind>
</comp>

<comp id="28" class="1000" name="p_ZN18predecoder_weightsL13LAYER0_WEIGHTE_10">
<pin_list>
<pin id="29" dir="1" index="0" bw="1" slack="0"/>
</pin_list>
<bind>
<StgValue><ssdm name="p_ZN18predecoder_weightsL13LAYER0_WEIGHTE_10"/><MemPortTyVec>1 </MemPortTyVec>
</StgValue>
</bind>
</comp>

<comp id="30" class="1000" name="p_ZN18predecoder_weightsL13LAYER0_WEIGHTE_11">
<pin_list>
<pin id="31" dir="1" index="0" bw="1" slack="0"/>
</pin_list>
<bind>
<StgValue><ssdm name="p_ZN18predecoder_weightsL13LAYER0_WEIGHTE_11"/><MemPortTyVec>1 </MemPortTyVec>
</StgValue>
</bind>
</comp>

<comp id="32" class="1000" name="p_ZN18predecoder_weightsL13LAYER0_WEIGHTE_12">
<pin_list>
<pin id="33" dir="1" index="0" bw="1" slack="0"/>
</pin_list>
<bind>
<StgValue><ssdm name="p_ZN18predecoder_weightsL13LAYER0_WEIGHTE_12"/><MemPortTyVec>1 </MemPortTyVec>
</StgValue>
</bind>
</comp>

<comp id="34" class="1000" name="p_ZN18predecoder_weightsL13LAYER0_WEIGHTE_13">
<pin_list>
<pin id="35" dir="1" index="0" bw="1" slack="0"/>
</pin_list>
<bind>
<StgValue><ssdm name="p_ZN18predecoder_weightsL13LAYER0_WEIGHTE_13"/><MemPortTyVec>1 </MemPortTyVec>
</StgValue>
</bind>
</comp>

<comp id="36" class="1000" name="p_ZN18predecoder_weightsL13LAYER0_WEIGHTE_14">
<pin_list>
<pin id="37" dir="1" index="0" bw="1" slack="0"/>
</pin_list>
<bind>
<StgValue><ssdm name="p_ZN18predecoder_weightsL13LAYER0_WEIGHTE_14"/><MemPortTyVec>1 </MemPortTyVec>
</StgValue>
</bind>
</comp>

<comp id="38" class="1000" name="p_ZN18predecoder_weightsL13LAYER0_WEIGHTE_15">
<pin_list>
<pin id="39" dir="1" index="0" bw="1" slack="0"/>
</pin_list>
<bind>
<StgValue><ssdm name="p_ZN18predecoder_weightsL13LAYER0_WEIGHTE_15"/><MemPortTyVec>1 </MemPortTyVec>
</StgValue>
</bind>
</comp>

<comp id="40" class="1000" name="p_ZN18predecoder_weightsL13LAYER0_WEIGHTE_16">
<pin_list>
<pin id="41" dir="1" index="0" bw="1" slack="0"/>
</pin_list>
<bind>
<StgValue><ssdm name="p_ZN18predecoder_weightsL13LAYER0_WEIGHTE_16"/><MemPortTyVec>1 </MemPortTyVec>
</StgValue>
</bind>
</comp>

<comp id="42" class="1000" name="p_ZN18predecoder_weightsL13LAYER0_WEIGHTE_17">
<pin_list>
<pin id="43" dir="1" index="0" bw="1" slack="0"/>
</pin_list>
<bind>
<StgValue><ssdm name="p_ZN18predecoder_weightsL13LAYER0_WEIGHTE_17"/><MemPortTyVec>1 </MemPortTyVec>
</StgValue>
</bind>
</comp>

<comp id="44" class="1000" name="p_ZN18predecoder_weightsL13LAYER0_WEIGHTE_18">
<pin_list>
<pin id="45" dir="1" index="0" bw="1" slack="0"/>
</pin_list>
<bind>
<StgValue><ssdm name="p_ZN18predecoder_weightsL13LAYER0_WEIGHTE_18"/><MemPortTyVec>1 </MemPortTyVec>
</StgValue>
</bind>
</comp>

<comp id="46" class="1000" name="p_ZN18predecoder_weightsL13LAYER0_WEIGHTE_19">
<pin_list>
<pin id="47" dir="1" index="0" bw="1" slack="0"/>
</pin_list>
<bind>
<StgValue><ssdm name="p_ZN18predecoder_weightsL13LAYER0_WEIGHTE_19"/><MemPortTyVec>1 </MemPortTyVec>
</StgValue>
</bind>
</comp>

<comp id="48" class="1000" name="p_ZN18predecoder_weightsL13LAYER0_WEIGHTE_20">
<pin_list>
<pin id="49" dir="1" index="0" bw="1" slack="0"/>
</pin_list>
<bind>
<StgValue><ssdm name="p_ZN18predecoder_weightsL13LAYER0_WEIGHTE_20"/><MemPortTyVec>1 </MemPortTyVec>
</StgValue>
</bind>
</comp>

<comp id="50" class="1000" name="p_ZN18predecoder_weightsL13LAYER0_WEIGHTE_21">
<pin_list>
<pin id="51" dir="1" index="0" bw="1" slack="0"/>
</pin_list>
<bind>
<StgValue><ssdm name="p_ZN18predecoder_weightsL13LAYER0_WEIGHTE_21"/><MemPortTyVec>1 </MemPortTyVec>
</StgValue>
</bind>
</comp>

<comp id="52" class="1000" name="p_ZN18predecoder_weightsL13LAYER0_WEIGHTE_22">
<pin_list>
<pin id="53" dir="1" index="0" bw="1" slack="0"/>
</pin_list>
<bind>
<StgValue><ssdm name="p_ZN18predecoder_weightsL13LAYER0_WEIGHTE_22"/><MemPortTyVec>1 </MemPortTyVec>
</StgValue>
</bind>
</comp>

<comp id="54" class="1000" name="p_ZN18predecoder_weightsL13LAYER0_WEIGHTE_23">
<pin_list>
<pin id="55" dir="1" index="0" bw="1" slack="0"/>
</pin_list>
<bind>
<StgValue><ssdm name="p_ZN18predecoder_weightsL13LAYER0_WEIGHTE_23"/><MemPortTyVec>1 </MemPortTyVec>
</StgValue>
</bind>
</comp>

<comp id="56" class="1000" name="p_ZN18predecoder_weightsL13LAYER0_WEIGHTE_24">
<pin_list>
<pin id="57" dir="1" index="0" bw="1" slack="0"/>
</pin_list>
<bind>
<StgValue><ssdm name="p_ZN18predecoder_weightsL13LAYER0_WEIGHTE_24"/><MemPortTyVec>1 </MemPortTyVec>
</StgValue>
</bind>
</comp>

<comp id="58" class="1000" name="p_ZN18predecoder_weightsL13LAYER0_WEIGHTE_25">
<pin_list>
<pin id="59" dir="1" index="0" bw="1" slack="0"/>
</pin_list>
<bind>
<StgValue><ssdm name="p_ZN18predecoder_weightsL13LAYER0_WEIGHTE_25"/><MemPortTyVec>1 </MemPortTyVec>
</StgValue>
</bind>
</comp>

<comp id="60" class="1000" name="p_ZN18predecoder_weightsL13LAYER0_WEIGHTE_26">
<pin_list>
<pin id="61" dir="1" index="0" bw="1" slack="0"/>
</pin_list>
<bind>
<StgValue><ssdm name="p_ZN18predecoder_weightsL13LAYER0_WEIGHTE_26"/><MemPortTyVec>1 </MemPortTyVec>
</StgValue>
</bind>
</comp>

<comp id="62" class="1000" name="predecoder_weights_LAYER0_BIAS">
<pin_list>
<pin id="63" dir="1" index="0" bw="1" slack="0"/>
</pin_list>
<bind>
<StgValue><ssdm name="predecoder_weights_LAYER0_BIAS"/><MemPortTyVec>1 </MemPortTyVec>
</StgValue>
</bind>
</comp>

<comp id="64" class="1000" name="layer0_mult">
<pin_list>
<pin id="65" dir="1" index="0" bw="1" slack="0"/>
</pin_list>
<bind>
<StgValue><ssdm name="layer0_mult"/><MemPortTyVec>1 </MemPortTyVec>
</StgValue>
</bind>
</comp>

<comp id="66" class="1000" name="p_ZN18predecoder_weightsL13LAYER1_WEIGHTE_0">
<pin_list>
<pin id="67" dir="1" index="0" bw="1" slack="0"/>
</pin_list>
<bind>
<StgValue><ssdm name="p_ZN18predecoder_weightsL13LAYER1_WEIGHTE_0"/><MemPortTyVec>1 </MemPortTyVec>
</StgValue>
</bind>
</comp>

<comp id="68" class="1000" name="p_ZN18predecoder_weightsL13LAYER1_WEIGHTE_1">
<pin_list>
<pin id="69" dir="1" index="0" bw="1" slack="0"/>
</pin_list>
<bind>
<StgValue><ssdm name="p_ZN18predecoder_weightsL13LAYER1_WEIGHTE_1"/><MemPortTyVec>1 </MemPortTyVec>
</StgValue>
</bind>
</comp>

<comp id="70" class="1000" name="p_ZN18predecoder_weightsL13LAYER1_WEIGHTE_2">
<pin_list>
<pin id="71" dir="1" index="0" bw="1" slack="0"/>
</pin_list>
<bind>
<StgValue><ssdm name="p_ZN18predecoder_weightsL13LAYER1_WEIGHTE_2"/><MemPortTyVec>1 </MemPortTyVec>
</StgValue>
</bind>
</comp>

<comp id="72" class="1000" name="p_ZN18predecoder_weightsL13LAYER1_WEIGHTE_3">
<pin_list>
<pin id="73" dir="1" index="0" bw="1" slack="0"/>
</pin_list>
<bind>
<StgValue><ssdm name="p_ZN18predecoder_weightsL13LAYER1_WEIGHTE_3"/><MemPortTyVec>1 </MemPortTyVec>
</StgValue>
</bind>
</comp>

<comp id="74" class="1000" name="p_ZN18predecoder_weightsL13LAYER1_WEIGHTE_4">
<pin_list>
<pin id="75" dir="1" index="0" bw="1" slack="0"/>
</pin_list>
<bind>
<StgValue><ssdm name="p_ZN18predecoder_weightsL13LAYER1_WEIGHTE_4"/><MemPortTyVec>1 </MemPortTyVec>
</StgValue>
</bind>
</comp>

<comp id="76" class="1000" name="p_ZN18predecoder_weightsL13LAYER1_WEIGHTE_5">
<pin_list>
<pin id="77" dir="1" index="0" bw="1" slack="0"/>
</pin_list>
<bind>
<StgValue><ssdm name="p_ZN18predecoder_weightsL13LAYER1_WEIGHTE_5"/><MemPortTyVec>1 </MemPortTyVec>
</StgValue>
</bind>
</comp>

<comp id="78" class="1000" name="p_ZN18predecoder_weightsL13LAYER1_WEIGHTE_6">
<pin_list>
<pin id="79" dir="1" index="0" bw="1" slack="0"/>
</pin_list>
<bind>
<StgValue><ssdm name="p_ZN18predecoder_weightsL13LAYER1_WEIGHTE_6"/><MemPortTyVec>1 </MemPortTyVec>
</StgValue>
</bind>
</comp>

<comp id="80" class="1000" name="p_ZN18predecoder_weightsL13LAYER1_WEIGHTE_7">
<pin_list>
<pin id="81" dir="1" index="0" bw="1" slack="0"/>
</pin_list>
<bind>
<StgValue><ssdm name="p_ZN18predecoder_weightsL13LAYER1_WEIGHTE_7"/><MemPortTyVec>1 </MemPortTyVec>
</StgValue>
</bind>
</comp>

<comp id="82" class="1000" name="p_ZN18predecoder_weightsL13LAYER1_WEIGHTE_8">
<pin_list>
<pin id="83" dir="1" index="0" bw="1" slack="0"/>
</pin_list>
<bind>
<StgValue><ssdm name="p_ZN18predecoder_weightsL13LAYER1_WEIGHTE_8"/><MemPortTyVec>1 </MemPortTyVec>
</StgValue>
</bind>
</comp>

<comp id="84" class="1000" name="p_ZN18predecoder_weightsL13LAYER1_WEIGHTE_9">
<pin_list>
<pin id="85" dir="1" index="0" bw="1" slack="0"/>
</pin_list>
<bind>
<StgValue><ssdm name="p_ZN18predecoder_weightsL13LAYER1_WEIGHTE_9"/><MemPortTyVec>1 </MemPortTyVec>
</StgValue>
</bind>
</comp>

<comp id="86" class="1000" name="p_ZN18predecoder_weightsL13LAYER1_WEIGHTE_10">
<pin_list>
<pin id="87" dir="1" index="0" bw="1" slack="0"/>
</pin_list>
<bind>
<StgValue><ssdm name="p_ZN18predecoder_weightsL13LAYER1_WEIGHTE_10"/><MemPortTyVec>1 </MemPortTyVec>
</StgValue>
</bind>
</comp>

<comp id="88" class="1000" name="p_ZN18predecoder_weightsL13LAYER1_WEIGHTE_11">
<pin_list>
<pin id="89" dir="1" index="0" bw="1" slack="0"/>
</pin_list>
<bind>
<StgValue><ssdm name="p_ZN18predecoder_weightsL13LAYER1_WEIGHTE_11"/><MemPortTyVec>1 </MemPortTyVec>
</StgValue>
</bind>
</comp>

<comp id="90" class="1000" name="p_ZN18predecoder_weightsL13LAYER1_WEIGHTE_12">
<pin_list>
<pin id="91" dir="1" index="0" bw="1" slack="0"/>
</pin_list>
<bind>
<StgValue><ssdm name="p_ZN18predecoder_weightsL13LAYER1_WEIGHTE_12"/><MemPortTyVec>1 </MemPortTyVec>
</StgValue>
</bind>
</comp>

<comp id="92" class="1000" name="p_ZN18predecoder_weightsL13LAYER1_WEIGHTE_13">
<pin_list>
<pin id="93" dir="1" index="0" bw="1" slack="0"/>
</pin_list>
<bind>
<StgValue><ssdm name="p_ZN18predecoder_weightsL13LAYER1_WEIGHTE_13"/><MemPortTyVec>1 </MemPortTyVec>
</StgValue>
</bind>
</comp>

<comp id="94" class="1000" name="p_ZN18predecoder_weightsL13LAYER1_WEIGHTE_14">
<pin_list>
<pin id="95" dir="1" index="0" bw="1" slack="0"/>
</pin_list>
<bind>
<StgValue><ssdm name="p_ZN18predecoder_weightsL13LAYER1_WEIGHTE_14"/><MemPortTyVec>1 </MemPortTyVec>
</StgValue>
</bind>
</comp>

<comp id="96" class="1000" name="p_ZN18predecoder_weightsL13LAYER1_WEIGHTE_15">
<pin_list>
<pin id="97" dir="1" index="0" bw="1" slack="0"/>
</pin_list>
<bind>
<StgValue><ssdm name="p_ZN18predecoder_weightsL13LAYER1_WEIGHTE_15"/><MemPortTyVec>1 </MemPortTyVec>
</StgValue>
</bind>
</comp>

<comp id="98" class="1000" name="p_ZN18predecoder_weightsL13LAYER1_WEIGHTE_16">
<pin_list>
<pin id="99" dir="1" index="0" bw="1" slack="0"/>
</pin_list>
<bind>
<StgValue><ssdm name="p_ZN18predecoder_weightsL13LAYER1_WEIGHTE_16"/><MemPortTyVec>1 </MemPortTyVec>
</StgValue>
</bind>
</comp>

<comp id="100" class="1000" name="p_ZN18predecoder_weightsL13LAYER1_WEIGHTE_17">
<pin_list>
<pin id="101" dir="1" index="0" bw="1" slack="0"/>
</pin_list>
<bind>
<StgValue><ssdm name="p_ZN18predecoder_weightsL13LAYER1_WEIGHTE_17"/><MemPortTyVec>1 </MemPortTyVec>
</StgValue>
</bind>
</comp>

<comp id="102" class="1000" name="p_ZN18predecoder_weightsL13LAYER1_WEIGHTE_18">
<pin_list>
<pin id="103" dir="1" index="0" bw="1" slack="0"/>
</pin_list>
<bind>
<StgValue><ssdm name="p_ZN18predecoder_weightsL13LAYER1_WEIGHTE_18"/><MemPortTyVec>1 </MemPortTyVec>
</StgValue>
</bind>
</comp>

<comp id="104" class="1000" name="p_ZN18predecoder_weightsL13LAYER1_WEIGHTE_19">
<pin_list>
<pin id="105" dir="1" index="0" bw="1" slack="0"/>
</pin_list>
<bind>
<StgValue><ssdm name="p_ZN18predecoder_weightsL13LAYER1_WEIGHTE_19"/><MemPortTyVec>1 </MemPortTyVec>
</StgValue>
</bind>
</comp>

<comp id="106" class="1000" name="p_ZN18predecoder_weightsL13LAYER1_WEIGHTE_20">
<pin_list>
<pin id="107" dir="1" index="0" bw="1" slack="0"/>
</pin_list>
<bind>
<StgValue><ssdm name="p_ZN18predecoder_weightsL13LAYER1_WEIGHTE_20"/><MemPortTyVec>1 </MemPortTyVec>
</StgValue>
</bind>
</comp>

<comp id="108" class="1000" name="p_ZN18predecoder_weightsL13LAYER1_WEIGHTE_21">
<pin_list>
<pin id="109" dir="1" index="0" bw="1" slack="0"/>
</pin_list>
<bind>
<StgValue><ssdm name="p_ZN18predecoder_weightsL13LAYER1_WEIGHTE_21"/><MemPortTyVec>1 </MemPortTyVec>
</StgValue>
</bind>
</comp>

<comp id="110" class="1000" name="p_ZN18predecoder_weightsL13LAYER1_WEIGHTE_22">
<pin_list>
<pin id="111" dir="1" index="0" bw="1" slack="0"/>
</pin_list>
<bind>
<StgValue><ssdm name="p_ZN18predecoder_weightsL13LAYER1_WEIGHTE_22"/><MemPortTyVec>1 </MemPortTyVec>
</StgValue>
</bind>
</comp>

<comp id="112" class="1000" name="p_ZN18predecoder_weightsL13LAYER1_WEIGHTE_23">
<pin_list>
<pin id="113" dir="1" index="0" bw="1" slack="0"/>
</pin_list>
<bind>
<StgValue><ssdm name="p_ZN18predecoder_weightsL13LAYER1_WEIGHTE_23"/><MemPortTyVec>1 </MemPortTyVec>
</StgValue>
</bind>
</comp>

<comp id="114" class="1000" name="p_ZN18predecoder_weightsL13LAYER1_WEIGHTE_24">
<pin_list>
<pin id="115" dir="1" index="0" bw="1" slack="0"/>
</pin_list>
<bind>
<StgValue><ssdm name="p_ZN18predecoder_weightsL13LAYER1_WEIGHTE_24"/><MemPortTyVec>1 </MemPortTyVec>
</StgValue>
</bind>
</comp>

<comp id="116" class="1000" name="p_ZN18predecoder_weightsL13LAYER1_WEIGHTE_25">
<pin_list>
<pin id="117" dir="1" index="0" bw="1" slack="0"/>
</pin_list>
<bind>
<StgValue><ssdm name="p_ZN18predecoder_weightsL13LAYER1_WEIGHTE_25"/><MemPortTyVec>1 </MemPortTyVec>
</StgValue>
</bind>
</comp>

<comp id="118" class="1000" name="p_ZN18predecoder_weightsL13LAYER1_WEIGHTE_26">
<pin_list>
<pin id="119" dir="1" index="0" bw="1" slack="0"/>
</pin_list>
<bind>
<StgValue><ssdm name="p_ZN18predecoder_weightsL13LAYER1_WEIGHTE_26"/><MemPortTyVec>1 </MemPortTyVec>
</StgValue>
</bind>
</comp>

<comp id="120" class="1000" name="predecoder_weights_LAYER1_BIAS">
<pin_list>
<pin id="121" dir="1" index="0" bw="1" slack="0"/>
</pin_list>
<bind>
<StgValue><ssdm name="predecoder_weights_LAYER1_BIAS"/><MemPortTyVec>1 </MemPortTyVec>
</StgValue>
</bind>
</comp>

<comp id="122" class="1000" name="layer1_mult">
<pin_list>
<pin id="123" dir="1" index="0" bw="1" slack="0"/>
</pin_list>
<bind>
<StgValue><ssdm name="layer1_mult"/><MemPortTyVec>1 </MemPortTyVec>
</StgValue>
</bind>
</comp>

<comp id="124" class="1000" name="p_ZN24predecoder_kernel_configL14OBS_PARITY_LUTE_0">
<pin_list>
<pin id="125" dir="1" index="0" bw="1" slack="0"/>
</pin_list>
<bind>
<StgValue><ssdm name="p_ZN24predecoder_kernel_configL14OBS_PARITY_LUTE_0"/><MemPortTyVec>1 </MemPortTyVec>
</StgValue>
</bind>
</comp>

<comp id="126" class="1000" name="p_ZN24predecoder_kernel_configL14OBS_PARITY_LUTE_1">
<pin_list>
<pin id="127" dir="1" index="0" bw="1" slack="0"/>
</pin_list>
<bind>
<StgValue><ssdm name="p_ZN24predecoder_kernel_configL14OBS_PARITY_LUTE_1"/><MemPortTyVec>1 </MemPortTyVec>
</StgValue>
</bind>
</comp>

<comp id="128" class="1000" name="p_ZN24predecoder_kernel_configL14OBS_PARITY_LUTE_2">
<pin_list>
<pin id="129" dir="1" index="0" bw="1" slack="0"/>
</pin_list>
<bind>
<StgValue><ssdm name="p_ZN24predecoder_kernel_configL14OBS_PARITY_LUTE_2"/><MemPortTyVec>1 </MemPortTyVec>
</StgValue>
</bind>
</comp>

<comp id="130" class="1000" name="p_ZN24predecoder_kernel_configL14OBS_PARITY_LUTE_3">
<pin_list>
<pin id="131" dir="1" index="0" bw="1" slack="0"/>
</pin_list>
<bind>
<StgValue><ssdm name="p_ZN24predecoder_kernel_configL14OBS_PARITY_LUTE_3"/><MemPortTyVec>1 </MemPortTyVec>
</StgValue>
</bind>
</comp>

<comp id="132" class="1000" name="p_ZN24predecoder_kernel_configL14OBS_PARITY_LUTE_4">
<pin_list>
<pin id="133" dir="1" index="0" bw="1" slack="0"/>
</pin_list>
<bind>
<StgValue><ssdm name="p_ZN24predecoder_kernel_configL14OBS_PARITY_LUTE_4"/><MemPortTyVec>1 </MemPortTyVec>
</StgValue>
</bind>
</comp>

<comp id="134" class="1000" name="p_ZN24predecoder_kernel_configL14OBS_PARITY_LUTE_5">
<pin_list>
<pin id="135" dir="1" index="0" bw="1" slack="0"/>
</pin_list>
<bind>
<StgValue><ssdm name="p_ZN24predecoder_kernel_configL14OBS_PARITY_LUTE_5"/><MemPortTyVec>1 </MemPortTyVec>
</StgValue>
</bind>
</comp>

<comp id="136" class="1000" name="p_ZN24predecoder_kernel_configL14OBS_PARITY_LUTE_6">
<pin_list>
<pin id="137" dir="1" index="0" bw="1" slack="0"/>
</pin_list>
<bind>
<StgValue><ssdm name="p_ZN24predecoder_kernel_configL14OBS_PARITY_LUTE_6"/><MemPortTyVec>1 </MemPortTyVec>
</StgValue>
</bind>
</comp>

<comp id="138" class="1000" name="p_ZN24predecoder_kernel_configL14OBS_PARITY_LUTE_7">
<pin_list>
<pin id="139" dir="1" index="0" bw="1" slack="0"/>
</pin_list>
<bind>
<StgValue><ssdm name="p_ZN24predecoder_kernel_configL14OBS_PARITY_LUTE_7"/><MemPortTyVec>1 </MemPortTyVec>
</StgValue>
</bind>
</comp>

<comp id="140" class="1000" name="p_ZN24predecoder_kernel_configL14OBS_PARITY_LUTE_9">
<pin_list>
<pin id="141" dir="1" index="0" bw="1" slack="0"/>
</pin_list>
<bind>
<StgValue><ssdm name="p_ZN24predecoder_kernel_configL14OBS_PARITY_LUTE_9"/><MemPortTyVec>1 </MemPortTyVec>
</StgValue>
</bind>
</comp>

<comp id="142" class="1000" name="p_ZN24predecoder_kernel_configL14OBS_PARITY_LUTE_10">
<pin_list>
<pin id="143" dir="1" index="0" bw="1" slack="0"/>
</pin_list>
<bind>
<StgValue><ssdm name="p_ZN24predecoder_kernel_configL14OBS_PARITY_LUTE_10"/><MemPortTyVec>1 </MemPortTyVec>
</StgValue>
</bind>
</comp>

<comp id="144" class="1000" name="p_ZN24predecoder_kernel_configL14OBS_PARITY_LUTE_11">
<pin_list>
<pin id="145" dir="1" index="0" bw="1" slack="0"/>
</pin_list>
<bind>
<StgValue><ssdm name="p_ZN24predecoder_kernel_configL14OBS_PARITY_LUTE_11"/><MemPortTyVec>1 </MemPortTyVec>
</StgValue>
</bind>
</comp>

<comp id="146" class="1000" name="p_ZN24predecoder_kernel_configL14OBS_PARITY_LUTE_12">
<pin_list>
<pin id="147" dir="1" index="0" bw="1" slack="0"/>
</pin_list>
<bind>
<StgValue><ssdm name="p_ZN24predecoder_kernel_configL14OBS_PARITY_LUTE_12"/><MemPortTyVec>1 </MemPortTyVec>
</StgValue>
</bind>
</comp>

<comp id="148" class="1000" name="p_ZN24predecoder_kernel_configL14OBS_PARITY_LUTE_13">
<pin_list>
<pin id="149" dir="1" index="0" bw="1" slack="0"/>
</pin_list>
<bind>
<StgValue><ssdm name="p_ZN24predecoder_kernel_configL14OBS_PARITY_LUTE_13"/><MemPortTyVec>1 </MemPortTyVec>
</StgValue>
</bind>
</comp>

<comp id="150" class="1000" name="p_ZN24predecoder_kernel_configL14OBS_PARITY_LUTE_14">
<pin_list>
<pin id="151" dir="1" index="0" bw="1" slack="0"/>
</pin_list>
<bind>
<StgValue><ssdm name="p_ZN24predecoder_kernel_configL14OBS_PARITY_LUTE_14"/><MemPortTyVec>1 </MemPortTyVec>
</StgValue>
</bind>
</comp>

<comp id="152" class="1000" name="p_ZN24predecoder_kernel_configL14OBS_PARITY_LUTE_15">
<pin_list>
<pin id="153" dir="1" index="0" bw="1" slack="0"/>
</pin_list>
<bind>
<StgValue><ssdm name="p_ZN24predecoder_kernel_configL14OBS_PARITY_LUTE_15"/><MemPortTyVec>1 </MemPortTyVec>
</StgValue>
</bind>
</comp>

<comp id="154" class="1000" name="p_ZN24predecoder_kernel_configL14OBS_PARITY_LUTE_16">
<pin_list>
<pin id="155" dir="1" index="0" bw="1" slack="0"/>
</pin_list>
<bind>
<StgValue><ssdm name="p_ZN24predecoder_kernel_configL14OBS_PARITY_LUTE_16"/><MemPortTyVec>1 </MemPortTyVec>
</StgValue>
</bind>
</comp>

<comp id="156" class="1001" name="const_156">
<pin_list>
<pin id="157" dir="1" index="0" bw="1" slack="0"/>
</pin_list>
<bind>
<StgValue><ssdm name="_ssdm_op_Read.s_axilite.i64"/></StgValue>
</bind>
</comp>

<comp id="158" class="1001" name="const_158">
<pin_list>
<pin id="159" dir="1" index="0" bw="1" slack="0"/>
</pin_list>
<bind>
<StgValue><ssdm name=""/></StgValue>
</bind>
</comp>

<comp id="160" class="1001" name="const_160">
<pin_list>
<pin id="161" dir="1" index="0" bw="1" slack="0"/>
</pin_list>
<bind>
<StgValue><ssdm name="entry_proc"/></StgValue>
</bind>
</comp>

<comp id="162" class="1001" name="const_162">
<pin_list>
<pin id="163" dir="1" index="0" bw="1" slack="0"/>
</pin_list>
<bind>
<StgValue><ssdm name="Block_entry1_proc"/></StgValue>
</bind>
</comp>

<comp id="164" class="1001" name="const_164">
<pin_list>
<pin id="165" dir="1" index="0" bw="1" slack="0"/>
</pin_list>
<bind>
<StgValue><ssdm name="unpack_input"/></StgValue>
</bind>
</comp>

<comp id="166" class="1001" name="const_166">
<pin_list>
<pin id="167" dir="1" index="0" bw="1" slack="0"/>
</pin_list>
<bind>
<StgValue><ssdm name="conv3d_hidden_layer<1>"/></StgValue>
</bind>
</comp>

<comp id="168" class="1001" name="const_168">
<pin_list>
<pin id="169" dir="1" index="0" bw="1" slack="0"/>
</pin_list>
<bind>
<StgValue><ssdm name="conv3d_hidden_layer<12>"/></StgValue>
</bind>
</comp>

<comp id="170" class="1001" name="const_170">
<pin_list>
<pin id="171" dir="1" index="0" bw="1" slack="0"/>
</pin_list>
<bind>
<StgValue><ssdm name="conv1x1_output_layer"/></StgValue>
</bind>
</comp>

<comp id="172" class="1001" name="const_172">
<pin_list>
<pin id="173" dir="1" index="0" bw="1" slack="0"/>
</pin_list>
<bind>
<StgValue><ssdm name="edge_correction"/></StgValue>
</bind>
</comp>

<comp id="174" class="1001" name="const_174">
<pin_list>
<pin id="175" dir="1" index="0" bw="1" slack="0"/>
</pin_list>
<bind>
<StgValue><ssdm name="Block_entry17_proc"/></StgValue>
</bind>
</comp>

<comp id="176" class="1001" name="const_176">
<pin_list>
<pin id="177" dir="1" index="0" bw="1" slack="2147483647"/>
</pin_list>
<bind>
<StgValue><ssdm name="_ssdm_op_SpecChannel"/></StgValue>
</bind>
</comp>

<comp id="178" class="1001" name="const_178">
<pin_list>
<pin id="179" dir="1" index="0" bw="1" slack="2147483647"/>
</pin_list>
<bind>
<StgValue><ssdm name="correction_hbm_c_str"/></StgValue>
</bind>
</comp>

<comp id="180" class="1001" name="const_180">
<pin_list>
<pin id="181" dir="1" index="0" bw="1" slack="2147483647"/>
</pin_list>
<bind>
<StgValue><ssdm name=""/></StgValue>
</bind>
</comp>

<comp id="182" class="1001" name="const_182">
<pin_list>
<pin id="183" dir="1" index="0" bw="1" slack="2147483647"/>
</pin_list>
<bind>
<StgValue><ssdm name="p_str"/></StgValue>
</bind>
</comp>

<comp id="184" class="1001" name="const_184">
<pin_list>
<pin id="185" dir="1" index="0" bw="1" slack="2147483647"/>
</pin_list>
<bind>
<StgValue><ssdm name=""/></StgValue>
</bind>
</comp>

<comp id="186" class="1001" name="const_186">
<pin_list>
<pin id="187" dir="1" index="0" bw="1" slack="2147483647"/>
</pin_list>
<bind>
<StgValue><ssdm name=""/></StgValue>
</bind>
</comp>

<comp id="188" class="1001" name="const_188">
<pin_list>
<pin id="189" dir="1" index="0" bw="1" slack="2147483647"/>
</pin_list>
<bind>
<StgValue><ssdm name="_ssdm_op_SpecInterface"/></StgValue>
</bind>
</comp>

<comp id="190" class="1001" name="const_190">
<pin_list>
<pin id="191" dir="1" index="0" bw="1" slack="2147483647"/>
</pin_list>
<bind>
<StgValue><ssdm name="ap_fifo_str"/></StgValue>
</bind>
</comp>

<comp id="192" class="1001" name="const_192">
<pin_list>
<pin id="193" dir="1" index="0" bw="1" slack="2147483647"/>
</pin_list>
<bind>
<StgValue><ssdm name=""/></StgValue>
</bind>
</comp>

<comp id="194" class="1001" name="const_194">
<pin_list>
<pin id="195" dir="1" index="0" bw="1" slack="2147483647"/>
</pin_list>
<bind>
<StgValue><ssdm name=""/></StgValue>
</bind>
</comp>

<comp id="196" class="1001" name="const_196">
<pin_list>
<pin id="197" dir="1" index="0" bw="1" slack="2147483647"/>
</pin_list>
<bind>
<StgValue><ssdm name=""/></StgValue>
</bind>
</comp>

<comp id="198" class="1001" name="const_198">
<pin_list>
<pin id="199" dir="1" index="0" bw="1" slack="2147483647"/>
</pin_list>
<bind>
<StgValue><ssdm name="_ssdm_op_SpecDataflowPipeline"/></StgValue>
</bind>
</comp>

<comp id="200" class="1001" name="const_200">
<pin_list>
<pin id="201" dir="1" index="0" bw="1" slack="2147483647"/>
</pin_list>
<bind>
<StgValue><ssdm name="empty_5"/></StgValue>
</bind>
</comp>

<comp id="202" class="1001" name="const_202">
<pin_list>
<pin id="203" dir="1" index="0" bw="1" slack="2147483647"/>
</pin_list>
<bind>
<StgValue><ssdm name="_ssdm_op_SpecTopModule"/></StgValue>
</bind>
</comp>

<comp id="204" class="1001" name="const_204">
<pin_list>
<pin id="205" dir="1" index="0" bw="1" slack="2147483647"/>
</pin_list>
<bind>
<StgValue><ssdm name="empty_16"/></StgValue>
</bind>
</comp>

<comp id="206" class="1001" name="const_206">
<pin_list>
<pin id="207" dir="1" index="0" bw="1" slack="2147483647"/>
</pin_list>
<bind>
<StgValue><ssdm name="empty_10"/></StgValue>
</bind>
</comp>

<comp id="208" class="1001" name="const_208">
<pin_list>
<pin id="209" dir="1" index="0" bw="1" slack="2147483647"/>
</pin_list>
<bind>
<StgValue><ssdm name="empty_8"/></StgValue>
</bind>
</comp>

<comp id="210" class="1001" name="const_210">
<pin_list>
<pin id="211" dir="1" index="0" bw="1" slack="2147483647"/>
</pin_list>
<bind>
<StgValue><ssdm name=""/></StgValue>
</bind>
</comp>

<comp id="212" class="1001" name="const_212">
<pin_list>
<pin id="213" dir="1" index="0" bw="1" slack="2147483647"/>
</pin_list>
<bind>
<StgValue><ssdm name="empty_2"/></StgValue>
</bind>
</comp>

<comp id="214" class="1001" name="const_214">
<pin_list>
<pin id="215" dir="1" index="0" bw="1" slack="2147483647"/>
</pin_list>
<bind>
<StgValue><ssdm name="empty_3"/></StgValue>
</bind>
</comp>

<comp id="216" class="1001" name="const_216">
<pin_list>
<pin id="217" dir="1" index="0" bw="1" slack="2147483647"/>
</pin_list>
<bind>
<StgValue><ssdm name=""/></StgValue>
</bind>
</comp>

<comp id="218" class="1001" name="const_218">
<pin_list>
<pin id="219" dir="1" index="0" bw="1" slack="2147483647"/>
</pin_list>
<bind>
<StgValue><ssdm name="_ssdm_op_SpecBitsMap"/></StgValue>
</bind>
</comp>

<comp id="220" class="1001" name="const_220">
<pin_list>
<pin id="221" dir="1" index="0" bw="1" slack="2147483647"/>
</pin_list>
<bind>
<StgValue><ssdm name="empty_4"/></StgValue>
</bind>
</comp>

<comp id="222" class="1001" name="const_222">
<pin_list>
<pin id="223" dir="1" index="0" bw="1" slack="2147483647"/>
</pin_list>
<bind>
<StgValue><ssdm name="empty_6"/></StgValue>
</bind>
</comp>

<comp id="224" class="1001" name="const_224">
<pin_list>
<pin id="225" dir="1" index="0" bw="1" slack="2147483647"/>
</pin_list>
<bind>
<StgValue><ssdm name="empty"/></StgValue>
</bind>
</comp>

<comp id="226" class="1001" name="const_226">
<pin_list>
<pin id="227" dir="1" index="0" bw="1" slack="2147483647"/>
</pin_list>
<bind>
<StgValue><ssdm name="empty_0"/></StgValue>
</bind>
</comp>

<comp id="228" class="1001" name="const_228">
<pin_list>
<pin id="229" dir="1" index="0" bw="1" slack="2147483647"/>
</pin_list>
<bind>
<StgValue><ssdm name="empty_14"/></StgValue>
</bind>
</comp>

<comp id="230" class="1001" name="const_230">
<pin_list>
<pin id="231" dir="1" index="0" bw="1" slack="2147483647"/>
</pin_list>
<bind>
<StgValue><ssdm name="empty_13"/></StgValue>
</bind>
</comp>

<comp id="232" class="1001" name="const_232">
<pin_list>
<pin id="233" dir="1" index="0" bw="1" slack="2147483647"/>
</pin_list>
<bind>
<StgValue><ssdm name="empty_12"/></StgValue>
</bind>
</comp>

<comp id="234" class="1001" name="const_234">
<pin_list>
<pin id="235" dir="1" index="0" bw="1" slack="2147483647"/>
</pin_list>
<bind>
<StgValue><ssdm name="s0_str"/></StgValue>
</bind>
</comp>

<comp id="236" class="1001" name="const_236">
<pin_list>
<pin id="237" dir="1" index="0" bw="1" slack="2147483647"/>
</pin_list>
<bind>
<StgValue><ssdm name="empty_1"/></StgValue>
</bind>
</comp>

<comp id="238" class="1001" name="const_238">
<pin_list>
<pin id="239" dir="1" index="0" bw="1" slack="2147483647"/>
</pin_list>
<bind>
<StgValue><ssdm name="s1_str"/></StgValue>
</bind>
</comp>

<comp id="240" class="1001" name="const_240">
<pin_list>
<pin id="241" dir="1" index="0" bw="1" slack="2147483647"/>
</pin_list>
<bind>
<StgValue><ssdm name="s2_str"/></StgValue>
</bind>
</comp>

<comp id="242" class="1001" name="const_242">
<pin_list>
<pin id="243" dir="1" index="0" bw="1" slack="2147483647"/>
</pin_list>
<bind>
<StgValue><ssdm name="s3_str"/></StgValue>
</bind>
</comp>

<comp id="244" class="1004" name="correction_hbm_c_fu_244">
<pin_list>
<pin id="245" dir="0" index="0" bw="1" slack="0"/>
<pin id="246" dir="1" index="1" bw="64" slack="0"/>
</pin_list>
<bind>
<opcode="alloca(26) " fcode="alloca"/>
<opset="correction_hbm_c/1 "/>
</bind>
</comp>

<comp id="248" class="1004" name="s0_fu_248">
<pin_list>
<pin id="249" dir="0" index="0" bw="1" slack="0"/>
<pin id="250" dir="1" index="1" bw="96" slack="3"/>
</pin_list>
<bind>
<opcode="alloca(26) " fcode="alloca"/>
<opset="s0/1 "/>
</bind>
</comp>

<comp id="252" class="1004" name="s1_fu_252">
<pin_list>
<pin id="253" dir="0" index="0" bw="1" slack="0"/>
<pin id="254" dir="1" index="1" bw="96" slack="5"/>
</pin_list>
<bind>
<opcode="alloca(26) " fcode="alloca"/>
<opset="s1/1 "/>
</bind>
</comp>

<comp id="256" class="1004" name="s2_fu_256">
<pin_list>
<pin id="257" dir="0" index="0" bw="1" slack="0"/>
<pin id="258" dir="1" index="1" bw="96" slack="7"/>
</pin_list>
<bind>
<opcode="alloca(26) " fcode="alloca"/>
<opset="s2/1 "/>
</bind>
</comp>

<comp id="260" class="1004" name="s3_fu_260">
<pin_list>
<pin id="261" dir="0" index="0" bw="1" slack="0"/>
<pin id="262" dir="1" index="1" bw="448" slack="9"/>
</pin_list>
<bind>
<opcode="alloca(26) " fcode="alloca"/>
<opset="s3/1 "/>
</bind>
</comp>

<comp id="264" class="1004" name="correction_hbm_read_read_fu_264">
<pin_list>
<pin id="265" dir="0" index="0" bw="64" slack="0"/>
<pin id="266" dir="0" index="1" bw="64" slack="0"/>
<pin id="267" dir="1" index="2" bw="64" slack="0"/>
</pin_list>
<bind>
<opcode="read(1150) " fcode="read"/>
<opset="correction_hbm_read/1 "/>
</bind>
</comp>

<comp id="270" class="1004" name="syndrome_hbm_read_read_fu_270">
<pin_list>
<pin id="271" dir="0" index="0" bw="64" slack="0"/>
<pin id="272" dir="0" index="1" bw="64" slack="0"/>
<pin id="273" dir="1" index="2" bw="64" slack="1"/>
</pin_list>
<bind>
<opcode="read(1150) " fcode="read"/>
<opset="syndrome_hbm_read/1 "/>
</bind>
</comp>

<comp id="276" class="1004" name="call_ln227_entry_proc_fu_276">
<pin_list>
<pin id="277" dir="0" index="0" bw="0" slack="0"/>
<pin id="278" dir="0" index="1" bw="64" slack="0"/>
<pin id="279" dir="0" index="2" bw="64" slack="0"/>
<pin id="280" dir="1" index="3" bw="0" slack="2147483647"/>
</pin_list>
<bind>
<opcode="call(48) " fcode="call"/>
<opset="call_ln227/1 "/>
</bind>
</comp>

<comp id="283" class="1004" name="grp_Block_entry1_proc_fu_283">
<pin_list>
<pin id="284" dir="0" index="0" bw="512" slack="0"/>
<pin id="285" dir="0" index="1" bw="64" slack="1"/>
<pin id="286" dir="0" index="2" bw="512" slack="0"/>
<pin id="287" dir="1" index="3" bw="512" slack="1"/>
</pin_list>
<bind>
<opcode="call(48) " fcode="call"/>
<opset="in_beat_channel/2 "/>
</bind>
</comp>

<comp id="290" class="1004" name="grp_unpack_input_fu_290">
<pin_list>
<pin id="291" dir="0" index="0" bw="0" slack="0"/>
<pin id="292" dir="0" index="1" bw="512" slack="1"/>
<pin id="293" dir="0" index="2" bw="96" slack="3"/>
<pin id="294" dir="1" index="3" bw="0" slack="2147483647"/>
</pin_list>
<bind>
<opcode="call(48) " fcode="call"/>
<opset="call_ln249/4 "/>
</bind>
</comp>

<comp id="296" class="1004" name="grp_conv3d_hidden_layer_1_s_fu_296">
<pin_list>
<pin id="297" dir="0" index="0" bw="0" slack="0"/>
<pin id="298" dir="0" index="1" bw="96" slack="5"/>
<pin id="299" dir="0" index="2" bw="96" slack="5"/>
<pin id="300" dir="0" index="3" bw="8" slack="0"/>
<pin id="301" dir="0" index="4" bw="8" slack="0"/>
<pin id="302" dir="0" index="5" bw="8" slack="0"/>
<pin id="303" dir="0" index="6" bw="7" slack="0"/>
<pin id="304" dir="0" index="7" bw="8" slack="0"/>
<pin id="305" dir="0" index="8" bw="8" slack="0"/>
<pin id="306" dir="0" index="9" bw="6" slack="0"/>
<pin id="307" dir="0" index="10" bw="8" slack="0"/>
<pin id="308" dir="0" index="11" bw="8" slack="0"/>
<pin id="309" dir="0" index="12" bw="8" slack="0"/>
<pin id="310" dir="0" index="13" bw="8" slack="0"/>
<pin id="311" dir="0" index="14" bw="8" slack="0"/>
<pin id="312" dir="0" index="15" bw="8" slack="0"/>
<pin id="313" dir="0" index="16" bw="8" slack="0"/>
<pin id="314" dir="0" index="17" bw="8" slack="0"/>
<pin id="315" dir="0" index="18" bw="8" slack="0"/>
<pin id="316" dir="0" index="19" bw="8" slack="0"/>
<pin id="317" dir="0" index="20" bw="8" slack="0"/>
<pin id="318" dir="0" index="21" bw="8" slack="0"/>
<pin id="319" dir="0" index="22" bw="8" slack="0"/>
<pin id="320" dir="0" index="23" bw="7" slack="0"/>
<pin id="321" dir="0" index="24" bw="8" slack="0"/>
<pin id="322" dir="0" index="25" bw="8" slack="0"/>
<pin id="323" dir="0" index="26" bw="8" slack="0"/>
<pin id="324" dir="0" index="27" bw="8" slack="0"/>
<pin id="325" dir="0" index="28" bw="7" slack="0"/>
<pin id="326" dir="0" index="29" bw="7" slack="0"/>
<pin id="327" dir="0" index="30" bw="9" slack="0"/>
<pin id="328" dir="0" index="31" bw="41" slack="0"/>
<pin id="329" dir="1" index="32" bw="0" slack="2147483647"/>
</pin_list>
<bind>
<opcode="call(48) " fcode="call"/>
<opset="call_ln250/6 "/>
</bind>
</comp>

<comp id="360" class="1004" name="grp_conv3d_hidden_layer_12_s_fu_360">
<pin_list>
<pin id="361" dir="0" index="0" bw="0" slack="0"/>
<pin id="362" dir="0" index="1" bw="96" slack="7"/>
<pin id="363" dir="0" index="2" bw="96" slack="7"/>
<pin id="364" dir="0" index="3" bw="8" slack="0"/>
<pin id="365" dir="0" index="4" bw="8" slack="0"/>
<pin id="366" dir="0" index="5" bw="8" slack="0"/>
<pin id="367" dir="0" index="6" bw="8" slack="0"/>
<pin id="368" dir="0" index="7" bw="8" slack="0"/>
<pin id="369" dir="0" index="8" bw="8" slack="0"/>
<pin id="370" dir="0" index="9" bw="8" slack="0"/>
<pin id="371" dir="0" index="10" bw="8" slack="0"/>
<pin id="372" dir="0" index="11" bw="8" slack="0"/>
<pin id="373" dir="0" index="12" bw="8" slack="0"/>
<pin id="374" dir="0" index="13" bw="8" slack="0"/>
<pin id="375" dir="0" index="14" bw="8" slack="0"/>
<pin id="376" dir="0" index="15" bw="8" slack="0"/>
<pin id="377" dir="0" index="16" bw="8" slack="0"/>
<pin id="378" dir="0" index="17" bw="8" slack="0"/>
<pin id="379" dir="0" index="18" bw="8" slack="0"/>
<pin id="380" dir="0" index="19" bw="8" slack="0"/>
<pin id="381" dir="0" index="20" bw="8" slack="0"/>
<pin id="382" dir="0" index="21" bw="8" slack="0"/>
<pin id="383" dir="0" index="22" bw="8" slack="0"/>
<pin id="384" dir="0" index="23" bw="8" slack="0"/>
<pin id="385" dir="0" index="24" bw="8" slack="0"/>
<pin id="386" dir="0" index="25" bw="8" slack="0"/>
<pin id="387" dir="0" index="26" bw="8" slack="0"/>
<pin id="388" dir="0" index="27" bw="8" slack="0"/>
<pin id="389" dir="0" index="28" bw="8" slack="0"/>
<pin id="390" dir="0" index="29" bw="8" slack="0"/>
<pin id="391" dir="0" index="30" bw="14" slack="0"/>
<pin id="392" dir="0" index="31" bw="33" slack="0"/>
<pin id="393" dir="1" index="32" bw="0" slack="2147483647"/>
</pin_list>
<bind>
<opcode="call(48) " fcode="call"/>
<opset="call_ln251/8 "/>
</bind>
</comp>

<comp id="424" class="1004" name="grp_conv1x1_output_layer_fu_424">
<pin_list>
<pin id="425" dir="0" index="0" bw="0" slack="0"/>
<pin id="426" dir="0" index="1" bw="96" slack="9"/>
<pin id="427" dir="0" index="2" bw="448" slack="9"/>
<pin id="428" dir="1" index="3" bw="0" slack="2147483647"/>
</pin_list>
<bind>
<opcode="call(48) " fcode="call"/>
<opset="call_ln252/10 "/>
</bind>
</comp>

<comp id="430" class="1004" name="grp_edge_correction_fu_430">
<pin_list>
<pin id="431" dir="0" index="0" bw="512" slack="0"/>
<pin id="432" dir="0" index="1" bw="448" slack="11"/>
<pin id="433" dir="0" index="2" bw="1" slack="0"/>
<pin id="434" dir="0" index="3" bw="1" slack="0"/>
<pin id="435" dir="0" index="4" bw="1" slack="0"/>
<pin id="436" dir="0" index="5" bw="1" slack="0"/>
<pin id="437" dir="0" index="6" bw="1" slack="0"/>
<pin id="438" dir="0" index="7" bw="1" slack="0"/>
<pin id="439" dir="0" index="8" bw="1" slack="0"/>
<pin id="440" dir="0" index="9" bw="1" slack="0"/>
<pin id="441" dir="0" index="10" bw="1" slack="0"/>
<pin id="442" dir="0" index="11" bw="1" slack="0"/>
<pin id="443" dir="0" index="12" bw="1" slack="0"/>
<pin id="444" dir="0" index="13" bw="1" slack="0"/>
<pin id="445" dir="0" index="14" bw="1" slack="0"/>
<pin id="446" dir="0" index="15" bw="1" slack="0"/>
<pin id="447" dir="0" index="16" bw="1" slack="0"/>
<pin id="448" dir="0" index="17" bw="1" slack="0"/>
<pin id="449" dir="1" index="18" bw="512" slack="0"/>
</pin_list>
<bind>
<opcode="call(48) " fcode="call"/>
<opset="out_beat/12 "/>
</bind>
</comp>

<comp id="467" class="1004" name="grp_Block_entry17_proc_fu_467">
<pin_list>
<pin id="468" dir="0" index="0" bw="0" slack="0"/>
<pin id="469" dir="0" index="1" bw="512" slack="0"/>
<pin id="470" dir="0" index="2" bw="64" slack="12"/>
<pin id="471" dir="0" index="3" bw="512" slack="0"/>
<pin id="472" dir="1" index="4" bw="0" slack="2147483647"/>
</pin_list>
<bind>
<opcode="call(48) " fcode="call"/>
<opset="call_ln253/13 "/>
</bind>
</comp>

<comp id="476" class="1005" name="syndrome_hbm_read_reg_476">
<pin_list>
<pin id="477" dir="0" index="0" bw="64" slack="1"/>
<pin id="478" dir="1" index="1" bw="64" slack="1"/>
</pin_list>
<bind>
<opset="syndrome_hbm_read "/>
</bind>
</comp>

<comp id="481" class="1005" name="correction_hbm_c_reg_481">
<pin_list>
<pin id="482" dir="0" index="0" bw="64" slack="0"/>
<pin id="483" dir="1" index="1" bw="64" slack="0"/>
</pin_list>
<bind>
<opset="correction_hbm_c "/>
</bind>
</comp>

<comp id="487" class="1005" name="s0_reg_487">
<pin_list>
<pin id="488" dir="0" index="0" bw="96" slack="3"/>
<pin id="489" dir="1" index="1" bw="96" slack="3"/>
</pin_list>
<bind>
<opset="s0 "/>
</bind>
</comp>

<comp id="493" class="1005" name="s1_reg_493">
<pin_list>
<pin id="494" dir="0" index="0" bw="96" slack="5"/>
<pin id="495" dir="1" index="1" bw="96" slack="5"/>
</pin_list>
<bind>
<opset="s1 "/>
</bind>
</comp>

<comp id="499" class="1005" name="s2_reg_499">
<pin_list>
<pin id="500" dir="0" index="0" bw="96" slack="7"/>
<pin id="501" dir="1" index="1" bw="96" slack="7"/>
</pin_list>
<bind>
<opset="s2 "/>
</bind>
</comp>

<comp id="505" class="1005" name="s3_reg_505">
<pin_list>
<pin id="506" dir="0" index="0" bw="448" slack="9"/>
<pin id="507" dir="1" index="1" bw="448" slack="9"/>
</pin_list>
<bind>
<opset="s3 "/>
</bind>
</comp>

<comp id="511" class="1005" name="in_beat_channel_reg_511">
<pin_list>
<pin id="512" dir="0" index="0" bw="512" slack="1"/>
<pin id="513" dir="1" index="1" bw="512" slack="1"/>
</pin_list>
<bind>
<opset="in_beat_channel "/>
</bind>
</comp>

<comp id="516" class="1005" name="out_beat_reg_516">
<pin_list>
<pin id="517" dir="0" index="0" bw="512" slack="1"/>
<pin id="518" dir="1" index="1" bw="512" slack="1"/>
</pin_list>
<bind>
<opset="out_beat "/>
</bind>
</comp>

</comp_list>

<net_list>
<net id="247"><net_src comp="158" pin="0"/><net_sink comp="244" pin=0"/></net>

<net id="251"><net_src comp="158" pin="0"/><net_sink comp="248" pin=0"/></net>

<net id="255"><net_src comp="158" pin="0"/><net_sink comp="252" pin=0"/></net>

<net id="259"><net_src comp="158" pin="0"/><net_sink comp="256" pin=0"/></net>

<net id="263"><net_src comp="158" pin="0"/><net_sink comp="260" pin=0"/></net>

<net id="268"><net_src comp="156" pin="0"/><net_sink comp="264" pin=0"/></net>

<net id="269"><net_src comp="6" pin="0"/><net_sink comp="264" pin=1"/></net>

<net id="274"><net_src comp="156" pin="0"/><net_sink comp="270" pin=0"/></net>

<net id="275"><net_src comp="4" pin="0"/><net_sink comp="270" pin=1"/></net>

<net id="281"><net_src comp="160" pin="0"/><net_sink comp="276" pin=0"/></net>

<net id="282"><net_src comp="264" pin="2"/><net_sink comp="276" pin=1"/></net>

<net id="288"><net_src comp="162" pin="0"/><net_sink comp="283" pin=0"/></net>

<net id="289"><net_src comp="0" pin="0"/><net_sink comp="283" pin=2"/></net>

<net id="295"><net_src comp="164" pin="0"/><net_sink comp="290" pin=0"/></net>

<net id="330"><net_src comp="166" pin="0"/><net_sink comp="296" pin=0"/></net>

<net id="331"><net_src comp="8" pin="0"/><net_sink comp="296" pin=3"/></net>

<net id="332"><net_src comp="10" pin="0"/><net_sink comp="296" pin=4"/></net>

<net id="333"><net_src comp="12" pin="0"/><net_sink comp="296" pin=5"/></net>

<net id="334"><net_src comp="14" pin="0"/><net_sink comp="296" pin=6"/></net>

<net id="335"><net_src comp="16" pin="0"/><net_sink comp="296" pin=7"/></net>

<net id="336"><net_src comp="18" pin="0"/><net_sink comp="296" pin=8"/></net>

<net id="337"><net_src comp="20" pin="0"/><net_sink comp="296" pin=9"/></net>

<net id="338"><net_src comp="22" pin="0"/><net_sink comp="296" pin=10"/></net>

<net id="339"><net_src comp="24" pin="0"/><net_sink comp="296" pin=11"/></net>

<net id="340"><net_src comp="26" pin="0"/><net_sink comp="296" pin=12"/></net>

<net id="341"><net_src comp="28" pin="0"/><net_sink comp="296" pin=13"/></net>

<net id="342"><net_src comp="30" pin="0"/><net_sink comp="296" pin=14"/></net>

<net id="343"><net_src comp="32" pin="0"/><net_sink comp="296" pin=15"/></net>

<net id="344"><net_src comp="34" pin="0"/><net_sink comp="296" pin=16"/></net>

<net id="345"><net_src comp="36" pin="0"/><net_sink comp="296" pin=17"/></net>

<net id="346"><net_src comp="38" pin="0"/><net_sink comp="296" pin=18"/></net>

<net id="347"><net_src comp="40" pin="0"/><net_sink comp="296" pin=19"/></net>

<net id="348"><net_src comp="42" pin="0"/><net_sink comp="296" pin=20"/></net>

<net id="349"><net_src comp="44" pin="0"/><net_sink comp="296" pin=21"/></net>

<net id="350"><net_src comp="46" pin="0"/><net_sink comp="296" pin=22"/></net>

<net id="351"><net_src comp="48" pin="0"/><net_sink comp="296" pin=23"/></net>

<net id="352"><net_src comp="50" pin="0"/><net_sink comp="296" pin=24"/></net>

<net id="353"><net_src comp="52" pin="0"/><net_sink comp="296" pin=25"/></net>

<net id="354"><net_src comp="54" pin="0"/><net_sink comp="296" pin=26"/></net>

<net id="355"><net_src comp="56" pin="0"/><net_sink comp="296" pin=27"/></net>

<net id="356"><net_src comp="58" pin="0"/><net_sink comp="296" pin=28"/></net>

<net id="357"><net_src comp="60" pin="0"/><net_sink comp="296" pin=29"/></net>

<net id="358"><net_src comp="62" pin="0"/><net_sink comp="296" pin=30"/></net>

<net id="359"><net_src comp="64" pin="0"/><net_sink comp="296" pin=31"/></net>

<net id="394"><net_src comp="168" pin="0"/><net_sink comp="360" pin=0"/></net>

<net id="395"><net_src comp="66" pin="0"/><net_sink comp="360" pin=3"/></net>

<net id="396"><net_src comp="68" pin="0"/><net_sink comp="360" pin=4"/></net>

<net id="397"><net_src comp="70" pin="0"/><net_sink comp="360" pin=5"/></net>

<net id="398"><net_src comp="72" pin="0"/><net_sink comp="360" pin=6"/></net>

<net id="399"><net_src comp="74" pin="0"/><net_sink comp="360" pin=7"/></net>

<net id="400"><net_src comp="76" pin="0"/><net_sink comp="360" pin=8"/></net>

<net id="401"><net_src comp="78" pin="0"/><net_sink comp="360" pin=9"/></net>

<net id="402"><net_src comp="80" pin="0"/><net_sink comp="360" pin=10"/></net>

<net id="403"><net_src comp="82" pin="0"/><net_sink comp="360" pin=11"/></net>

<net id="404"><net_src comp="84" pin="0"/><net_sink comp="360" pin=12"/></net>

<net id="405"><net_src comp="86" pin="0"/><net_sink comp="360" pin=13"/></net>

<net id="406"><net_src comp="88" pin="0"/><net_sink comp="360" pin=14"/></net>

<net id="407"><net_src comp="90" pin="0"/><net_sink comp="360" pin=15"/></net>

<net id="408"><net_src comp="92" pin="0"/><net_sink comp="360" pin=16"/></net>

<net id="409"><net_src comp="94" pin="0"/><net_sink comp="360" pin=17"/></net>

<net id="410"><net_src comp="96" pin="0"/><net_sink comp="360" pin=18"/></net>

<net id="411"><net_src comp="98" pin="0"/><net_sink comp="360" pin=19"/></net>

<net id="412"><net_src comp="100" pin="0"/><net_sink comp="360" pin=20"/></net>

<net id="413"><net_src comp="102" pin="0"/><net_sink comp="360" pin=21"/></net>

<net id="414"><net_src comp="104" pin="0"/><net_sink comp="360" pin=22"/></net>

<net id="415"><net_src comp="106" pin="0"/><net_sink comp="360" pin=23"/></net>

<net id="416"><net_src comp="108" pin="0"/><net_sink comp="360" pin=24"/></net>

<net id="417"><net_src comp="110" pin="0"/><net_sink comp="360" pin=25"/></net>

<net id="418"><net_src comp="112" pin="0"/><net_sink comp="360" pin=26"/></net>

<net id="419"><net_src comp="114" pin="0"/><net_sink comp="360" pin=27"/></net>

<net id="420"><net_src comp="116" pin="0"/><net_sink comp="360" pin=28"/></net>

<net id="421"><net_src comp="118" pin="0"/><net_sink comp="360" pin=29"/></net>

<net id="422"><net_src comp="120" pin="0"/><net_sink comp="360" pin=30"/></net>

<net id="423"><net_src comp="122" pin="0"/><net_sink comp="360" pin=31"/></net>

<net id="429"><net_src comp="170" pin="0"/><net_sink comp="424" pin=0"/></net>

<net id="450"><net_src comp="172" pin="0"/><net_sink comp="430" pin=0"/></net>

<net id="451"><net_src comp="124" pin="0"/><net_sink comp="430" pin=2"/></net>

<net id="452"><net_src comp="126" pin="0"/><net_sink comp="430" pin=3"/></net>

<net id="453"><net_src comp="128" pin="0"/><net_sink comp="430" pin=4"/></net>

<net id="454"><net_src comp="130" pin="0"/><net_sink comp="430" pin=5"/></net>

<net id="455"><net_src comp="132" pin="0"/><net_sink comp="430" pin=6"/></net>

<net id="456"><net_src comp="134" pin="0"/><net_sink comp="430" pin=7"/></net>

<net id="457"><net_src comp="136" pin="0"/><net_sink comp="430" pin=8"/></net>

<net id="458"><net_src comp="138" pin="0"/><net_sink comp="430" pin=9"/></net>

<net id="459"><net_src comp="140" pin="0"/><net_sink comp="430" pin=10"/></net>

<net id="460"><net_src comp="142" pin="0"/><net_sink comp="430" pin=11"/></net>

<net id="461"><net_src comp="144" pin="0"/><net_sink comp="430" pin=12"/></net>

<net id="462"><net_src comp="146" pin="0"/><net_sink comp="430" pin=13"/></net>

<net id="463"><net_src comp="148" pin="0"/><net_sink comp="430" pin=14"/></net>

<net id="464"><net_src comp="150" pin="0"/><net_sink comp="430" pin=15"/></net>

<net id="465"><net_src comp="152" pin="0"/><net_sink comp="430" pin=16"/></net>

<net id="466"><net_src comp="154" pin="0"/><net_sink comp="430" pin=17"/></net>

<net id="473"><net_src comp="174" pin="0"/><net_sink comp="467" pin=0"/></net>

<net id="474"><net_src comp="430" pin="18"/><net_sink comp="467" pin=1"/></net>

<net id="475"><net_src comp="2" pin="0"/><net_sink comp="467" pin=3"/></net>

<net id="479"><net_src comp="270" pin="2"/><net_sink comp="476" pin=0"/></net>

<net id="480"><net_src comp="476" pin="1"/><net_sink comp="283" pin=1"/></net>

<net id="484"><net_src comp="244" pin="1"/><net_sink comp="481" pin=0"/></net>

<net id="485"><net_src comp="481" pin="1"/><net_sink comp="276" pin=2"/></net>

<net id="486"><net_src comp="481" pin="1"/><net_sink comp="467" pin=2"/></net>

<net id="490"><net_src comp="248" pin="1"/><net_sink comp="487" pin=0"/></net>

<net id="491"><net_src comp="487" pin="1"/><net_sink comp="290" pin=2"/></net>

<net id="492"><net_src comp="487" pin="1"/><net_sink comp="296" pin=1"/></net>

<net id="496"><net_src comp="252" pin="1"/><net_sink comp="493" pin=0"/></net>

<net id="497"><net_src comp="493" pin="1"/><net_sink comp="296" pin=2"/></net>

<net id="498"><net_src comp="493" pin="1"/><net_sink comp="360" pin=1"/></net>

<net id="502"><net_src comp="256" pin="1"/><net_sink comp="499" pin=0"/></net>

<net id="503"><net_src comp="499" pin="1"/><net_sink comp="360" pin=2"/></net>

<net id="504"><net_src comp="499" pin="1"/><net_sink comp="424" pin=1"/></net>

<net id="508"><net_src comp="260" pin="1"/><net_sink comp="505" pin=0"/></net>

<net id="509"><net_src comp="505" pin="1"/><net_sink comp="424" pin=2"/></net>

<net id="510"><net_src comp="505" pin="1"/><net_sink comp="430" pin=1"/></net>

<net id="514"><net_src comp="283" pin="3"/><net_sink comp="511" pin=0"/></net>

<net id="515"><net_src comp="511" pin="1"/><net_sink comp="290" pin=1"/></net>

<net id="519"><net_src comp="430" pin="18"/><net_sink comp="516" pin=0"/></net>

<net id="520"><net_src comp="516" pin="1"/><net_sink comp="467" pin=1"/></net>

</net_list>

</model> 
---------------- Datapath Model END ------------------

* FSMD analyzer results:
  - Output states:
	Port: gmem1 | {13 14 }
 - Input state : 
	Port: predecoder_kernel : gmem0 | {2 3 }
	Port: predecoder_kernel : syndrome_hbm | {1 }
	Port: predecoder_kernel : correction_hbm | {1 }
	Port: predecoder_kernel : p_ZN18predecoder_weightsL13LAYER0_WEIGHTE_0 | {6 7 }
	Port: predecoder_kernel : p_ZN18predecoder_weightsL13LAYER0_WEIGHTE_1 | {6 7 }
	Port: predecoder_kernel : p_ZN18predecoder_weightsL13LAYER0_WEIGHTE_2 | {6 7 }
	Port: predecoder_kernel : p_ZN18predecoder_weightsL13LAYER0_WEIGHTE_3 | {6 7 }
	Port: predecoder_kernel : p_ZN18predecoder_weightsL13LAYER0_WEIGHTE_4 | {6 7 }
	Port: predecoder_kernel : p_ZN18predecoder_weightsL13LAYER0_WEIGHTE_5 | {6 7 }
	Port: predecoder_kernel : p_ZN18predecoder_weightsL13LAYER0_WEIGHTE_6 | {6 7 }
	Port: predecoder_kernel : p_ZN18predecoder_weightsL13LAYER0_WEIGHTE_7 | {6 7 }
	Port: predecoder_kernel : p_ZN18predecoder_weightsL13LAYER0_WEIGHTE_8 | {6 7 }
	Port: predecoder_kernel : p_ZN18predecoder_weightsL13LAYER0_WEIGHTE_9 | {6 7 }
	Port: predecoder_kernel : p_ZN18predecoder_weightsL13LAYER0_WEIGHTE_10 | {6 7 }
	Port: predecoder_kernel : p_ZN18predecoder_weightsL13LAYER0_WEIGHTE_11 | {6 7 }
	Port: predecoder_kernel : p_ZN18predecoder_weightsL13LAYER0_WEIGHTE_12 | {6 7 }
	Port: predecoder_kernel : p_ZN18predecoder_weightsL13LAYER0_WEIGHTE_13 | {6 7 }
	Port: predecoder_kernel : p_ZN18predecoder_weightsL13LAYER0_WEIGHTE_14 | {6 7 }
	Port: predecoder_kernel : p_ZN18predecoder_weightsL13LAYER0_WEIGHTE_15 | {6 7 }
	Port: predecoder_kernel : p_ZN18predecoder_weightsL13LAYER0_WEIGHTE_16 | {6 7 }
	Port: predecoder_kernel : p_ZN18predecoder_weightsL13LAYER0_WEIGHTE_17 | {6 7 }
	Port: predecoder_kernel : p_ZN18predecoder_weightsL13LAYER0_WEIGHTE_18 | {6 7 }
	Port: predecoder_kernel : p_ZN18predecoder_weightsL13LAYER0_WEIGHTE_19 | {6 7 }
	Port: predecoder_kernel : p_ZN18predecoder_weightsL13LAYER0_WEIGHTE_20 | {6 7 }
	Port: predecoder_kernel : p_ZN18predecoder_weightsL13LAYER0_WEIGHTE_21 | {6 7 }
	Port: predecoder_kernel : p_ZN18predecoder_weightsL13LAYER0_WEIGHTE_22 | {6 7 }
	Port: predecoder_kernel : p_ZN18predecoder_weightsL13LAYER0_WEIGHTE_23 | {6 7 }
	Port: predecoder_kernel : p_ZN18predecoder_weightsL13LAYER0_WEIGHTE_24 | {6 7 }
	Port: predecoder_kernel : p_ZN18predecoder_weightsL13LAYER0_WEIGHTE_25 | {6 7 }
	Port: predecoder_kernel : p_ZN18predecoder_weightsL13LAYER0_WEIGHTE_26 | {6 7 }
	Port: predecoder_kernel : predecoder_weights_LAYER0_BIAS | {6 7 }
	Port: predecoder_kernel : layer0_mult | {6 7 }
	Port: predecoder_kernel : p_ZN18predecoder_weightsL13LAYER1_WEIGHTE_0 | {8 9 }
	Port: predecoder_kernel : p_ZN18predecoder_weightsL13LAYER1_WEIGHTE_1 | {8 9 }
	Port: predecoder_kernel : p_ZN18predecoder_weightsL13LAYER1_WEIGHTE_2 | {8 9 }
	Port: predecoder_kernel : p_ZN18predecoder_weightsL13LAYER1_WEIGHTE_3 | {8 9 }
	Port: predecoder_kernel : p_ZN18predecoder_weightsL13LAYER1_WEIGHTE_4 | {8 9 }
	Port: predecoder_kernel : p_ZN18predecoder_weightsL13LAYER1_WEIGHTE_5 | {8 9 }
	Port: predecoder_kernel : p_ZN18predecoder_weightsL13LAYER1_WEIGHTE_6 | {8 9 }
	Port: predecoder_kernel : p_ZN18predecoder_weightsL13LAYER1_WEIGHTE_7 | {8 9 }
	Port: predecoder_kernel : p_ZN18predecoder_weightsL13LAYER1_WEIGHTE_8 | {8 9 }
	Port: predecoder_kernel : p_ZN18predecoder_weightsL13LAYER1_WEIGHTE_9 | {8 9 }
	Port: predecoder_kernel : p_ZN18predecoder_weightsL13LAYER1_WEIGHTE_10 | {8 9 }
	Port: predecoder_kernel : p_ZN18predecoder_weightsL13LAYER1_WEIGHTE_11 | {8 9 }
	Port: predecoder_kernel : p_ZN18predecoder_weightsL13LAYER1_WEIGHTE_12 | {8 9 }
	Port: predecoder_kernel : p_ZN18predecoder_weightsL13LAYER1_WEIGHTE_13 | {8 9 }
	Port: predecoder_kernel : p_ZN18predecoder_weightsL13LAYER1_WEIGHTE_14 | {8 9 }
	Port: predecoder_kernel : p_ZN18predecoder_weightsL13LAYER1_WEIGHTE_15 | {8 9 }
	Port: predecoder_kernel : p_ZN18predecoder_weightsL13LAYER1_WEIGHTE_16 | {8 9 }
	Port: predecoder_kernel : p_ZN18predecoder_weightsL13LAYER1_WEIGHTE_17 | {8 9 }
	Port: predecoder_kernel : p_ZN18predecoder_weightsL13LAYER1_WEIGHTE_18 | {8 9 }
	Port: predecoder_kernel : p_ZN18predecoder_weightsL13LAYER1_WEIGHTE_19 | {8 9 }
	Port: predecoder_kernel : p_ZN18predecoder_weightsL13LAYER1_WEIGHTE_20 | {8 9 }
	Port: predecoder_kernel : p_ZN18predecoder_weightsL13LAYER1_WEIGHTE_21 | {8 9 }
	Port: predecoder_kernel : p_ZN18predecoder_weightsL13LAYER1_WEIGHTE_22 | {8 9 }
	Port: predecoder_kernel : p_ZN18predecoder_weightsL13LAYER1_WEIGHTE_23 | {8 9 }
	Port: predecoder_kernel : p_ZN18predecoder_weightsL13LAYER1_WEIGHTE_24 | {8 9 }
	Port: predecoder_kernel : p_ZN18predecoder_weightsL13LAYER1_WEIGHTE_25 | {8 9 }
	Port: predecoder_kernel : p_ZN18predecoder_weightsL13LAYER1_WEIGHTE_26 | {8 9 }
	Port: predecoder_kernel : predecoder_weights_LAYER1_BIAS | {8 9 }
	Port: predecoder_kernel : layer1_mult | {8 9 }
	Port: predecoder_kernel : p_ZN24predecoder_kernel_configL14OBS_PARITY_LUTE_0 | {12 13 }
	Port: predecoder_kernel : p_ZN24predecoder_kernel_configL14OBS_PARITY_LUTE_1 | {12 13 }
	Port: predecoder_kernel : p_ZN24predecoder_kernel_configL14OBS_PARITY_LUTE_2 | {12 13 }
	Port: predecoder_kernel : p_ZN24predecoder_kernel_configL14OBS_PARITY_LUTE_3 | {12 13 }
	Port: predecoder_kernel : p_ZN24predecoder_kernel_configL14OBS_PARITY_LUTE_4 | {12 13 }
	Port: predecoder_kernel : p_ZN24predecoder_kernel_configL14OBS_PARITY_LUTE_5 | {12 13 }
	Port: predecoder_kernel : p_ZN24predecoder_kernel_configL14OBS_PARITY_LUTE_6 | {12 13 }
	Port: predecoder_kernel : p_ZN24predecoder_kernel_configL14OBS_PARITY_LUTE_7 | {12 13 }
	Port: predecoder_kernel : p_ZN24predecoder_kernel_configL14OBS_PARITY_LUTE_9 | {12 13 }
	Port: predecoder_kernel : p_ZN24predecoder_kernel_configL14OBS_PARITY_LUTE_10 | {12 13 }
	Port: predecoder_kernel : p_ZN24predecoder_kernel_configL14OBS_PARITY_LUTE_11 | {12 13 }
	Port: predecoder_kernel : p_ZN24predecoder_kernel_configL14OBS_PARITY_LUTE_12 | {12 13 }
	Port: predecoder_kernel : p_ZN24predecoder_kernel_configL14OBS_PARITY_LUTE_13 | {12 13 }
	Port: predecoder_kernel : p_ZN24predecoder_kernel_configL14OBS_PARITY_LUTE_14 | {12 13 }
	Port: predecoder_kernel : p_ZN24predecoder_kernel_configL14OBS_PARITY_LUTE_15 | {12 13 }
	Port: predecoder_kernel : p_ZN24predecoder_kernel_configL14OBS_PARITY_LUTE_16 | {12 13 }
  - Chain level:
	State 1
		call_ln227 : 1
	State 2
	State 3
	State 4
	State 5
	State 6
	State 7
	State 8
	State 9
	State 10
	State 11
	State 12
	State 13
		call_ln253 : 1
	State 14


============================================================
+ Verbose Summary: Datapath Resource usage 
============================================================

* Functional unit list:
|----------|-------------------------------------|---------|---------|---------|---------|---------|---------|
| Operation|           Functional Unit           |   BRAM  |   DSP   |  Delay  |    FF   |   LUT   |   URAM  |
|----------|-------------------------------------|---------|---------|---------|---------|---------|---------|
|          |     call_ln227_entry_proc_fu_276    |    0    |    0    |    0    |    0    |    0    |    0    |
|          |     grp_Block_entry1_proc_fu_283    |    0    |    0    |  0.387  |   512   |    9    |    0    |
|          |       grp_unpack_input_fu_290       |    0    |    0    |    0    |   544   |   185   |    0    |
|   call   |  grp_conv3d_hidden_layer_1_s_fu_296 |    0    |    30   | 36.0129 |   5311  |   4762  |    0    |
|          | grp_conv3d_hidden_layer_12_s_fu_360 |    0    |    42   | 121.927 |  18456  |  16268  |    0    |
|          |   grp_conv1x1_output_layer_fu_424   |    0    |    12   | 5.71371 |   657   |   1130  |    0    |
|          |      grp_edge_correction_fu_430     |    0    |    29   | 218.612 |  129850 |  126497 |    0    |
|          |    grp_Block_entry17_proc_fu_467    |    0    |    0    |  0.774  |   1082  |    9    |    0    |
|----------|-------------------------------------|---------|---------|---------|---------|---------|---------|
|   read   |   correction_hbm_read_read_fu_264   |    0    |    0    |    0    |    0    |    0    |    0    |
|          |    syndrome_hbm_read_read_fu_270    |    0    |    0    |    0    |    0    |    0    |    0    |
|----------|-------------------------------------|---------|---------|---------|---------|---------|---------|
|   Total  |                                     |    0    |   113   | 383.426 |  156412 |  148860 |    0    |
|----------|-------------------------------------|---------|---------|---------|---------|---------|---------|

Memories:
+---------------------------------------------------+--------+--------+--------+
|                                                   |  BRAM  |   FF   |   LUT  |
+---------------------------------------------------+--------+--------+--------+
|                    layer0_mult                    |    0   |   64   |   65   |
|                    layer1_mult                    |    0   |   64   |   65   |
|    p_ZN18predecoder_weightsL13LAYER0_WEIGHTE_0    |    0   |    8   |    9   |
|    p_ZN18predecoder_weightsL13LAYER0_WEIGHTE_1    |    0   |    8   |    9   |
|    p_ZN18predecoder_weightsL13LAYER0_WEIGHTE_10   |    0   |    8   |    9   |
|    p_ZN18predecoder_weightsL13LAYER0_WEIGHTE_11   |    0   |    8   |    9   |
|    p_ZN18predecoder_weightsL13LAYER0_WEIGHTE_12   |    0   |    8   |    9   |
|    p_ZN18predecoder_weightsL13LAYER0_WEIGHTE_13   |    0   |    8   |    9   |
|    p_ZN18predecoder_weightsL13LAYER0_WEIGHTE_14   |    0   |    8   |    9   |
|    p_ZN18predecoder_weightsL13LAYER0_WEIGHTE_15   |    0   |    8   |    9   |
|    p_ZN18predecoder_weightsL13LAYER0_WEIGHTE_16   |    0   |    8   |    9   |
|    p_ZN18predecoder_weightsL13LAYER0_WEIGHTE_17   |    0   |    8   |    9   |
|    p_ZN18predecoder_weightsL13LAYER0_WEIGHTE_18   |    0   |    8   |    9   |
|    p_ZN18predecoder_weightsL13LAYER0_WEIGHTE_19   |    0   |    8   |    9   |
|    p_ZN18predecoder_weightsL13LAYER0_WEIGHTE_2    |    0   |    8   |    9   |
|    p_ZN18predecoder_weightsL13LAYER0_WEIGHTE_20   |    0   |    8   |    9   |
|    p_ZN18predecoder_weightsL13LAYER0_WEIGHTE_21   |    0   |    8   |    9   |
|    p_ZN18predecoder_weightsL13LAYER0_WEIGHTE_22   |    0   |    8   |    9   |
|    p_ZN18predecoder_weightsL13LAYER0_WEIGHTE_23   |    0   |    8   |    9   |
|    p_ZN18predecoder_weightsL13LAYER0_WEIGHTE_24   |    0   |    8   |    9   |
|    p_ZN18predecoder_weightsL13LAYER0_WEIGHTE_25   |    0   |    8   |    9   |
|    p_ZN18predecoder_weightsL13LAYER0_WEIGHTE_26   |    0   |    8   |    9   |
|    p_ZN18predecoder_weightsL13LAYER0_WEIGHTE_3    |    0   |    8   |    9   |
|    p_ZN18predecoder_weightsL13LAYER0_WEIGHTE_4    |    0   |    8   |    9   |
|    p_ZN18predecoder_weightsL13LAYER0_WEIGHTE_5    |    0   |    8   |    9   |
|    p_ZN18predecoder_weightsL13LAYER0_WEIGHTE_6    |    0   |    8   |    9   |
|    p_ZN18predecoder_weightsL13LAYER0_WEIGHTE_7    |    0   |    8   |    9   |
|    p_ZN18predecoder_weightsL13LAYER0_WEIGHTE_8    |    0   |    8   |    9   |
|    p_ZN18predecoder_weightsL13LAYER0_WEIGHTE_9    |    0   |    8   |    9   |
|    p_ZN18predecoder_weightsL13LAYER1_WEIGHTE_0    |    0   |    8   |   33   |
|    p_ZN18predecoder_weightsL13LAYER1_WEIGHTE_1    |    0   |    8   |   33   |
|    p_ZN18predecoder_weightsL13LAYER1_WEIGHTE_10   |    0   |    8   |   33   |
|    p_ZN18predecoder_weightsL13LAYER1_WEIGHTE_11   |    0   |    8   |   33   |
|    p_ZN18predecoder_weightsL13LAYER1_WEIGHTE_12   |    0   |    8   |   33   |
|    p_ZN18predecoder_weightsL13LAYER1_WEIGHTE_13   |    0   |    8   |   33   |
|    p_ZN18predecoder_weightsL13LAYER1_WEIGHTE_14   |    0   |    8   |   33   |
|    p_ZN18predecoder_weightsL13LAYER1_WEIGHTE_15   |    0   |    8   |   33   |
|    p_ZN18predecoder_weightsL13LAYER1_WEIGHTE_16   |    0   |    8   |   33   |
|    p_ZN18predecoder_weightsL13LAYER1_WEIGHTE_17   |    0   |    8   |   33   |
|    p_ZN18predecoder_weightsL13LAYER1_WEIGHTE_18   |    0   |    8   |   33   |
|    p_ZN18predecoder_weightsL13LAYER1_WEIGHTE_19   |    0   |    8   |   33   |
|    p_ZN18predecoder_weightsL13LAYER1_WEIGHTE_2    |    0   |    8   |   33   |
|    p_ZN18predecoder_weightsL13LAYER1_WEIGHTE_20   |    0   |    8   |   33   |
|    p_ZN18predecoder_weightsL13LAYER1_WEIGHTE_21   |    0   |    8   |   33   |
|    p_ZN18predecoder_weightsL13LAYER1_WEIGHTE_22   |    0   |    8   |   33   |
|    p_ZN18predecoder_weightsL13LAYER1_WEIGHTE_23   |    0   |    8   |   33   |
|    p_ZN18predecoder_weightsL13LAYER1_WEIGHTE_24   |    0   |    8   |   33   |
|    p_ZN18predecoder_weightsL13LAYER1_WEIGHTE_25   |    0   |    8   |   33   |
|    p_ZN18predecoder_weightsL13LAYER1_WEIGHTE_26   |    0   |    8   |   33   |
|    p_ZN18predecoder_weightsL13LAYER1_WEIGHTE_3    |    0   |    8   |   33   |
|    p_ZN18predecoder_weightsL13LAYER1_WEIGHTE_4    |    0   |    8   |   33   |
|    p_ZN18predecoder_weightsL13LAYER1_WEIGHTE_5    |    0   |    8   |   33   |
|    p_ZN18predecoder_weightsL13LAYER1_WEIGHTE_6    |    0   |    8   |   33   |
|    p_ZN18predecoder_weightsL13LAYER1_WEIGHTE_7    |    0   |    8   |   33   |
|    p_ZN18predecoder_weightsL13LAYER1_WEIGHTE_8    |    0   |    8   |   33   |
|    p_ZN18predecoder_weightsL13LAYER1_WEIGHTE_9    |    0   |    8   |   33   |
| p_ZN24predecoder_kernel_configL14OBS_PARITY_LUTE_0|    0   |    2   |    9   |
| p_ZN24predecoder_kernel_configL14OBS_PARITY_LUTE_1|    0   |    2   |    9   |
|p_ZN24predecoder_kernel_configL14OBS_PARITY_LUTE_10|    0   |    2   |    9   |
|p_ZN24predecoder_kernel_configL14OBS_PARITY_LUTE_11|    0   |    2   |    9   |
|p_ZN24predecoder_kernel_configL14OBS_PARITY_LUTE_12|    0   |    2   |    9   |
|p_ZN24predecoder_kernel_configL14OBS_PARITY_LUTE_13|    0   |    2   |    9   |
|p_ZN24predecoder_kernel_configL14OBS_PARITY_LUTE_14|    0   |    2   |    9   |
|p_ZN24predecoder_kernel_configL14OBS_PARITY_LUTE_15|    0   |    2   |    9   |
|p_ZN24predecoder_kernel_configL14OBS_PARITY_LUTE_16|    0   |    2   |    9   |
| p_ZN24predecoder_kernel_configL14OBS_PARITY_LUTE_2|    0   |    2   |    9   |
| p_ZN24predecoder_kernel_configL14OBS_PARITY_LUTE_3|    0   |    2   |    9   |
| p_ZN24predecoder_kernel_configL14OBS_PARITY_LUTE_4|    0   |    2   |    9   |
| p_ZN24predecoder_kernel_configL14OBS_PARITY_LUTE_5|    0   |    2   |    9   |
| p_ZN24predecoder_kernel_configL14OBS_PARITY_LUTE_6|    0   |    2   |    9   |
| p_ZN24predecoder_kernel_configL14OBS_PARITY_LUTE_7|    0   |    2   |    9   |
| p_ZN24predecoder_kernel_configL14OBS_PARITY_LUTE_9|    0   |    2   |    9   |
|           predecoder_weights_LAYER0_BIAS          |    0   |   16   |   17   |
|           predecoder_weights_LAYER1_BIAS          |    0   |   16   |   17   |
+---------------------------------------------------+--------+--------+--------+
|                       Total                       |    0   |   624  |  1442  |
+---------------------------------------------------+--------+--------+--------+

* Register list:
+-------------------------+--------+
|                         |   FF   |
+-------------------------+--------+
| correction_hbm_c_reg_481|   64   |
| in_beat_channel_reg_511 |   512  |
|     out_beat_reg_516    |   512  |
|        s0_reg_487       |   96   |
|        s1_reg_493       |   96   |
|        s2_reg_499       |   96   |
|        s3_reg_505       |   448  |
|syndrome_hbm_read_reg_476|   64   |
+-------------------------+--------+
|          Total          |  1888  |
+-------------------------+--------+

* Multiplexer (MUX) list: 
|-------------------------------|------|------|------|--------||---------||---------|
|              Comp             |  Pin | Size |  BW  | S x BW ||  Delay  ||   LUT   |
|-------------------------------|------|------|------|--------||---------||---------|
| grp_Block_entry17_proc_fu_467 |  p1  |   2  |  512 |  1024  ||    9    |
|-------------------------------|------|------|------|--------||---------||---------|
|             Total             |      |      |      |  1024  ||  0.387  ||    9    |
|-------------------------------|------|------|------|--------||---------||---------|



* Summary:
+-----------+--------+--------+--------+--------+--------+--------+
|           |  BRAM  |   DSP  |  Delay |   FF   |   LUT  |  URAM  |
+-----------+--------+--------+--------+--------+--------+--------+
|  Function |    0   |   113  |   383  | 156412 | 148860 |    0   |
|   Memory  |    0   |    -   |    -   |   624  |  1442  |    -   |
|Multiplexer|    -   |    -   |    0   |    -   |    9   |    -   |
|  Register |    -   |    -   |    -   |  1888  |    -   |    -   |
+-----------+--------+--------+--------+--------+--------+--------+
|   Total   |    0   |   113  |   383  | 158924 | 150311 |    0   |
+-----------+--------+--------+--------+--------+--------+--------+
