

================================================================
== Vitis HLS Report for 'conv3d_hidden_layer_12_Pipeline_VITIS_LOOP_46_1_VITIS_LOOP_47_2'
================================================================
* Date:           Thu Sep  3 17:10:52 2026

* Version:        2023.2 (Build 4023990 on Oct 11 2023)
* Project:        predecoder_csynth_proj
* Solution:       solution1 (Vitis Kernel Flow Target)
* Product family: virtexuplusHBM
* Target device:  xcu55c-fsvh2892-2L-e


================================================================
== Performance Estimates
================================================================
+ Timing: 
    * Summary: 
    +--------+---------+----------+------------+
    |  Clock |  Target | Estimated| Uncertainty|
    +--------+---------+----------+------------+
    |ap_clk  |  3.33 ns|  2.188 ns|     0.90 ns|
    +--------+---------+----------+------------+

+ Latency: 
    * Summary: 
    +---------+---------+----------+----------+-----+-----+---------+
    |  Latency (cycles) |  Latency (absolute) |  Interval | Pipeline|
    |   min   |   max   |    min   |    max   | min | max |   Type  |
    +---------+---------+----------+----------+-----+-----+---------+
    |       38|       38|  0.127 us|  0.127 us|   38|   38|       no|
    +---------+---------+----------+----------+-----+-----+---------+

    + Detail: 
        * Instance: 
        N/A

        * Loop: 
        +-----------------------------------+---------+---------+----------+-----------+-----------+------+----------+
        |                                   |  Latency (cycles) | Iteration|  Initiation Interval  | Trip |          |
        |             Loop Name             |   min   |   max   |  Latency |  achieved |   target  | Count| Pipelined|
        +-----------------------------------+---------+---------+----------+-----------+-----------+------+----------+
        |- VITIS_LOOP_46_1_VITIS_LOOP_47_2  |       36|       36|         2|          1|          1|    36|       yes|
        +-----------------------------------+---------+---------+----------+-----------+-----------+------+----------+



================================================================
== Utilization Estimates
================================================================
* Summary: 
+---------------------+---------+------+---------+---------+-----+
|         Name        | BRAM_18K|  DSP |    FF   |   LUT   | URAM|
+---------------------+---------+------+---------+---------+-----+
|DSP                  |        -|     -|        -|        -|    -|
|Expression           |        -|     -|        0|       66|    -|
|FIFO                 |        -|     -|        -|        -|    -|
|Instance             |        -|     -|        -|        -|    -|
|Memory               |        -|     -|        -|        -|    -|
|Multiplexer          |        -|     -|        -|       63|    -|
|Register             |        -|     -|       15|        -|    -|
+---------------------+---------+------+---------+---------+-----+
|Total                |        0|     0|       15|      129|    0|
+---------------------+---------+------+---------+---------+-----+
|Available SLR        |     1344|  3008|   869120|   434560|  320|
+---------------------+---------+------+---------+---------+-----+
|Utilization SLR (%)  |        0|     0|       ~0|       ~0|    0|
+---------------------+---------+------+---------+---------+-----+
|Available            |     4032|  9024|  2607360|  1303680|  960|
+---------------------+---------+------+---------+---------+-----+
|Utilization (%)      |        0|     0|       ~0|       ~0|    0|
+---------------------+---------+------+---------+---------+-----+

+ Detail: 
    * Instance: 
    N/A

    * DSP: 
    N/A

    * Memory: 
    N/A

    * FIFO: 
    N/A

    * Expression: 
    +---------------------------+----------+----+---+----+------------+------------+
    |       Variable Name       | Operation| DSP| FF| LUT| Bitwidth P0| Bitwidth P1|
    +---------------------------+----------+----+---+----+------------+------------+
    |add_ln46_2_fu_3388_p2      |         +|   0|  0|  13|           6|           1|
    |add_ln46_fu_3405_p2        |         +|   0|  0|  10|           3|           1|
    |add_ln47_fu_3983_p2        |         +|   0|  0|  10|           3|           1|
    |ap_block_pp0_stage0_11001  |       and|   0|  0|   2|           1|           1|
    |icmp_ln46_fu_3382_p2       |      icmp|   0|  0|  13|           6|           6|
    |icmp_ln47_fu_3411_p2       |      icmp|   0|  0|  10|           3|           3|
    |select_ln46_2_fu_3425_p3   |    select|   0|  0|   3|           1|           3|
    |select_ln46_fu_3417_p3     |    select|   0|  0|   3|           1|           1|
    |ap_enable_pp0              |       xor|   0|  0|   2|           1|           2|
    +---------------------------+----------+----+---+----+------------+------------+
    |Total                      |          |   0|  0|  66|          25|          19|
    +---------------------------+----------+----+---+----+------------+------------+

    * Multiplexer: 
    +----------------------------------------+----+-----------+-----+-----------+
    |                  Name                  | LUT| Input Size| Bits| Total Bits|
    +----------------------------------------+----+-----------+-----+-----------+
    |ap_done_int                             |   9|          2|    1|          2|
    |ap_enable_reg_pp0_iter1                 |   9|          2|    1|          2|
    |ap_sig_allocacmp_indvar_flatten40_load  |   9|          2|    6|         12|
    |indvar_flatten40_fu_540                 |   9|          2|    6|         12|
    |s1_blk_n                                |   9|          2|    1|          2|
    |x_7_fu_532                              |   9|          2|    3|          6|
    |y_fu_536                                |   9|          2|    3|          6|
    +----------------------------------------+----+-----------+-----+-----------+
    |Total                                   |  63|         14|   21|         42|
    +----------------------------------------+----+-----------+-----+-----------+

    * Register: 
    +-------------------------+---+----+-----+-----------+
    |           Name          | FF| LUT| Bits| Const Bits|
    +-------------------------+---+----+-----+-----------+
    |ap_CS_fsm                |  1|   0|    1|          0|
    |ap_done_reg              |  1|   0|    1|          0|
    |ap_enable_reg_pp0_iter1  |  1|   0|    1|          0|
    |indvar_flatten40_fu_540  |  6|   0|    6|          0|
    |x_7_fu_532               |  3|   0|    3|          0|
    |y_fu_536                 |  3|   0|    3|          0|
    +-------------------------+---+----+-----+-----------+
    |Total                    | 15|   0|   15|          0|
    +-------------------------+---+----+-----+-----------+



================================================================
== Interface
================================================================
* Summary: 
+-------------------+-----+-----+------------+------------------------------------------------------------------+--------------+
|     RTL Ports     | Dir | Bits|  Protocol  |                           Source Object                          |    C Type    |
+-------------------+-----+-----+------------+------------------------------------------------------------------+--------------+
|ap_clk             |   in|    1|  ap_ctrl_hs|  conv3d_hidden_layer<12>_Pipeline_VITIS_LOOP_46_1_VITIS_LOOP_47_2|  return value|
|ap_rst             |   in|    1|  ap_ctrl_hs|  conv3d_hidden_layer<12>_Pipeline_VITIS_LOOP_46_1_VITIS_LOOP_47_2|  return value|
|ap_start           |   in|    1|  ap_ctrl_hs|  conv3d_hidden_layer<12>_Pipeline_VITIS_LOOP_46_1_VITIS_LOOP_47_2|  return value|
|ap_done            |  out|    1|  ap_ctrl_hs|  conv3d_hidden_layer<12>_Pipeline_VITIS_LOOP_46_1_VITIS_LOOP_47_2|  return value|
|ap_idle            |  out|    1|  ap_ctrl_hs|  conv3d_hidden_layer<12>_Pipeline_VITIS_LOOP_46_1_VITIS_LOOP_47_2|  return value|
|ap_ready           |  out|    1|  ap_ctrl_hs|  conv3d_hidden_layer<12>_Pipeline_VITIS_LOOP_46_1_VITIS_LOOP_47_2|  return value|
|s1_dout            |   in|   96|     ap_fifo|                                                                s1|       pointer|
|s1_num_data_valid  |   in|    4|     ap_fifo|                                                                s1|       pointer|
|s1_fifo_cap        |   in|    4|     ap_fifo|                                                                s1|       pointer|
|s1_empty_n         |   in|    1|     ap_fifo|                                                                s1|       pointer|
|s1_read            |  out|    1|     ap_fifo|                                                                s1|       pointer|
|fb_address0        |  out|    3|   ap_memory|                                                                fb|         array|
|fb_ce0             |  out|    1|   ap_memory|                                                                fb|         array|
|fb_we0             |  out|    1|   ap_memory|                                                                fb|         array|
|fb_d0              |  out|    8|   ap_memory|                                                                fb|         array|
|fb_216_address0    |  out|    3|   ap_memory|                                                            fb_216|         array|
|fb_216_ce0         |  out|    1|   ap_memory|                                                            fb_216|         array|
|fb_216_we0         |  out|    1|   ap_memory|                                                            fb_216|         array|
|fb_216_d0          |  out|    8|   ap_memory|                                                            fb_216|         array|
|fb_217_address0    |  out|    3|   ap_memory|                                                            fb_217|         array|
|fb_217_ce0         |  out|    1|   ap_memory|                                                            fb_217|         array|
|fb_217_we0         |  out|    1|   ap_memory|                                                            fb_217|         array|
|fb_217_d0          |  out|    8|   ap_memory|                                                            fb_217|         array|
|fb_218_address0    |  out|    3|   ap_memory|                                                            fb_218|         array|
|fb_218_ce0         |  out|    1|   ap_memory|                                                            fb_218|         array|
|fb_218_we0         |  out|    1|   ap_memory|                                                            fb_218|         array|
|fb_218_d0          |  out|    8|   ap_memory|                                                            fb_218|         array|
|fb_219_address0    |  out|    3|   ap_memory|                                                            fb_219|         array|
|fb_219_ce0         |  out|    1|   ap_memory|                                                            fb_219|         array|
|fb_219_we0         |  out|    1|   ap_memory|                                                            fb_219|         array|
|fb_219_d0          |  out|    8|   ap_memory|                                                            fb_219|         array|
|fb_220_address0    |  out|    3|   ap_memory|                                                            fb_220|         array|
|fb_220_ce0         |  out|    1|   ap_memory|                                                            fb_220|         array|
|fb_220_we0         |  out|    1|   ap_memory|                                                            fb_220|         array|
|fb_220_d0          |  out|    8|   ap_memory|                                                            fb_220|         array|
|fb_221_address0    |  out|    3|   ap_memory|                                                            fb_221|         array|
|fb_221_ce0         |  out|    1|   ap_memory|                                                            fb_221|         array|
|fb_221_we0         |  out|    1|   ap_memory|                                                            fb_221|         array|
|fb_221_d0          |  out|    8|   ap_memory|                                                            fb_221|         array|
|fb_222_address0    |  out|    3|   ap_memory|                                                            fb_222|         array|
|fb_222_ce0         |  out|    1|   ap_memory|                                                            fb_222|         array|
|fb_222_we0         |  out|    1|   ap_memory|                                                            fb_222|         array|
|fb_222_d0          |  out|    8|   ap_memory|                                                            fb_222|         array|
|fb_223_address0    |  out|    3|   ap_memory|                                                            fb_223|         array|
|fb_223_ce0         |  out|    1|   ap_memory|                                                            fb_223|         array|
|fb_223_we0         |  out|    1|   ap_memory|                                                            fb_223|         array|
|fb_223_d0          |  out|    8|   ap_memory|                                                            fb_223|         array|
|fb_224_address0    |  out|    3|   ap_memory|                                                            fb_224|         array|
|fb_224_ce0         |  out|    1|   ap_memory|                                                            fb_224|         array|
|fb_224_we0         |  out|    1|   ap_memory|                                                            fb_224|         array|
|fb_224_d0          |  out|    8|   ap_memory|                                                            fb_224|         array|
|fb_225_address0    |  out|    3|   ap_memory|                                                            fb_225|         array|
|fb_225_ce0         |  out|    1|   ap_memory|                                                            fb_225|         array|
|fb_225_we0         |  out|    1|   ap_memory|                                                            fb_225|         array|
|fb_225_d0          |  out|    8|   ap_memory|                                                            fb_225|         array|
|fb_226_address0    |  out|    3|   ap_memory|                                                            fb_226|         array|
|fb_226_ce0         |  out|    1|   ap_memory|                                                            fb_226|         array|
|fb_226_we0         |  out|    1|   ap_memory|                                                            fb_226|         array|
|fb_226_d0          |  out|    8|   ap_memory|                                                            fb_226|         array|
|fb_227_address0    |  out|    3|   ap_memory|                                                            fb_227|         array|
|fb_227_ce0         |  out|    1|   ap_memory|                                                            fb_227|         array|
|fb_227_we0         |  out|    1|   ap_memory|                                                            fb_227|         array|
|fb_227_d0          |  out|    8|   ap_memory|                                                            fb_227|         array|
|fb_228_address0    |  out|    3|   ap_memory|                                                            fb_228|         array|
|fb_228_ce0         |  out|    1|   ap_memory|                                                            fb_228|         array|
|fb_228_we0         |  out|    1|   ap_memory|                                                            fb_228|         array|
|fb_228_d0          |  out|    8|   ap_memory|                                                            fb_228|         array|
|fb_229_address0    |  out|    3|   ap_memory|                                                            fb_229|         array|
|fb_229_ce0         |  out|    1|   ap_memory|                                                            fb_229|         array|
|fb_229_we0         |  out|    1|   ap_memory|                                                            fb_229|         array|
|fb_229_d0          |  out|    8|   ap_memory|                                                            fb_229|         array|
|fb_230_address0    |  out|    3|   ap_memory|                                                            fb_230|         array|
|fb_230_ce0         |  out|    1|   ap_memory|                                                            fb_230|         array|
|fb_230_we0         |  out|    1|   ap_memory|                                                            fb_230|         array|
|fb_230_d0          |  out|    8|   ap_memory|                                                            fb_230|         array|
|fb_231_address0    |  out|    3|   ap_memory|                                                            fb_231|         array|
|fb_231_ce0         |  out|    1|   ap_memory|                                                            fb_231|         array|
|fb_231_we0         |  out|    1|   ap_memory|                                                            fb_231|         array|
|fb_231_d0          |  out|    8|   ap_memory|                                                            fb_231|         array|
|fb_232_address0    |  out|    3|   ap_memory|                                                            fb_232|         array|
|fb_232_ce0         |  out|    1|   ap_memory|                                                            fb_232|         array|
|fb_232_we0         |  out|    1|   ap_memory|                                                            fb_232|         array|
|fb_232_d0          |  out|    8|   ap_memory|                                                            fb_232|         array|
|fb_233_address0    |  out|    3|   ap_memory|                                                            fb_233|         array|
|fb_233_ce0         |  out|    1|   ap_memory|                                                            fb_233|         array|
|fb_233_we0         |  out|    1|   ap_memory|                                                            fb_233|         array|
|fb_233_d0          |  out|    8|   ap_memory|                                                            fb_233|         array|
|fb_234_address0    |  out|    3|   ap_memory|                                                            fb_234|         array|
|fb_234_ce0         |  out|    1|   ap_memory|                                                            fb_234|         array|
|fb_234_we0         |  out|    1|   ap_memory|                                                            fb_234|         array|
|fb_234_d0          |  out|    8|   ap_memory|                                                            fb_234|         array|
|fb_235_address0    |  out|    3|   ap_memory|                                                            fb_235|         array|
|fb_235_ce0         |  out|    1|   ap_memory|                                                            fb_235|         array|
|fb_235_we0         |  out|    1|   ap_memory|                                                            fb_235|         array|
|fb_235_d0          |  out|    8|   ap_memory|                                                            fb_235|         array|
|fb_236_address0    |  out|    3|   ap_memory|                                                            fb_236|         array|
|fb_236_ce0         |  out|    1|   ap_memory|                                                            fb_236|         array|
|fb_236_we0         |  out|    1|   ap_memory|                                                            fb_236|         array|
|fb_236_d0          |  out|    8|   ap_memory|                                                            fb_236|         array|
|fb_237_address0    |  out|    3|   ap_memory|                                                            fb_237|         array|
|fb_237_ce0         |  out|    1|   ap_memory|                                                            fb_237|         array|
|fb_237_we0         |  out|    1|   ap_memory|                                                            fb_237|         array|
|fb_237_d0          |  out|    8|   ap_memory|                                                            fb_237|         array|
|fb_238_address0    |  out|    3|   ap_memory|                                                            fb_238|         array|
|fb_238_ce0         |  out|    1|   ap_memory|                                                            fb_238|         array|
|fb_238_we0         |  out|    1|   ap_memory|                                                            fb_238|         array|
|fb_238_d0          |  out|    8|   ap_memory|                                                            fb_238|         array|
|fb_239_address0    |  out|    3|   ap_memory|                                                            fb_239|         array|
|fb_239_ce0         |  out|    1|   ap_memory|                                                            fb_239|         array|
|fb_239_we0         |  out|    1|   ap_memory|                                                            fb_239|         array|
|fb_239_d0          |  out|    8|   ap_memory|                                                            fb_239|         array|
|fb_240_address0    |  out|    3|   ap_memory|                                                            fb_240|         array|
|fb_240_ce0         |  out|    1|   ap_memory|                                                            fb_240|         array|
|fb_240_we0         |  out|    1|   ap_memory|                                                            fb_240|         array|
|fb_240_d0          |  out|    8|   ap_memory|                                                            fb_240|         array|
|fb_241_address0    |  out|    3|   ap_memory|                                                            fb_241|         array|
|fb_241_ce0         |  out|    1|   ap_memory|                                                            fb_241|         array|
|fb_241_we0         |  out|    1|   ap_memory|                                                            fb_241|         array|
|fb_241_d0          |  out|    8|   ap_memory|                                                            fb_241|         array|
|fb_242_address0    |  out|    3|   ap_memory|                                                            fb_242|         array|
|fb_242_ce0         |  out|    1|   ap_memory|                                                            fb_242|         array|
|fb_242_we0         |  out|    1|   ap_memory|                                                            fb_242|         array|
|fb_242_d0          |  out|    8|   ap_memory|                                                            fb_242|         array|
|fb_243_address0    |  out|    3|   ap_memory|                                                            fb_243|         array|
|fb_243_ce0         |  out|    1|   ap_memory|                                                            fb_243|         array|
|fb_243_we0         |  out|    1|   ap_memory|                                                            fb_243|         array|
|fb_243_d0          |  out|    8|   ap_memory|                                                            fb_243|         array|
|fb_244_address0    |  out|    3|   ap_memory|                                                            fb_244|         array|
|fb_244_ce0         |  out|    1|   ap_memory|                                                            fb_244|         array|
|fb_244_we0         |  out|    1|   ap_memory|                                                            fb_244|         array|
|fb_244_d0          |  out|    8|   ap_memory|                                                            fb_244|         array|
|fb_245_address0    |  out|    3|   ap_memory|                                                            fb_245|         array|
|fb_245_ce0         |  out|    1|   ap_memory|                                                            fb_245|         array|
|fb_245_we0         |  out|    1|   ap_memory|                                                            fb_245|         array|
|fb_245_d0          |  out|    8|   ap_memory|                                                            fb_245|         array|
|fb_246_address0    |  out|    3|   ap_memory|                                                            fb_246|         array|
|fb_246_ce0         |  out|    1|   ap_memory|                                                            fb_246|         array|
|fb_246_we0         |  out|    1|   ap_memory|                                                            fb_246|         array|
|fb_246_d0          |  out|    8|   ap_memory|                                                            fb_246|         array|
|fb_247_address0    |  out|    3|   ap_memory|                                                            fb_247|         array|
|fb_247_ce0         |  out|    1|   ap_memory|                                                            fb_247|         array|
|fb_247_we0         |  out|    1|   ap_memory|                                                            fb_247|         array|
|fb_247_d0          |  out|    8|   ap_memory|                                                            fb_247|         array|
|fb_248_address0    |  out|    3|   ap_memory|                                                            fb_248|         array|
|fb_248_ce0         |  out|    1|   ap_memory|                                                            fb_248|         array|
|fb_248_we0         |  out|    1|   ap_memory|                                                            fb_248|         array|
|fb_248_d0          |  out|    8|   ap_memory|                                                            fb_248|         array|
|fb_249_address0    |  out|    3|   ap_memory|                                                            fb_249|         array|
|fb_249_ce0         |  out|    1|   ap_memory|                                                            fb_249|         array|
|fb_249_we0         |  out|    1|   ap_memory|                                                            fb_249|         array|
|fb_249_d0          |  out|    8|   ap_memory|                                                            fb_249|         array|
|fb_250_address0    |  out|    3|   ap_memory|                                                            fb_250|         array|
|fb_250_ce0         |  out|    1|   ap_memory|                                                            fb_250|         array|
|fb_250_we0         |  out|    1|   ap_memory|                                                            fb_250|         array|
|fb_250_d0          |  out|    8|   ap_memory|                                                            fb_250|         array|
|fb_251_address0    |  out|    3|   ap_memory|                                                            fb_251|         array|
|fb_251_ce0         |  out|    1|   ap_memory|                                                            fb_251|         array|
|fb_251_we0         |  out|    1|   ap_memory|                                                            fb_251|         array|
|fb_251_d0          |  out|    8|   ap_memory|                                                            fb_251|         array|
|fb_252_address0    |  out|    3|   ap_memory|                                                            fb_252|         array|
|fb_252_ce0         |  out|    1|   ap_memory|                                                            fb_252|         array|
|fb_252_we0         |  out|    1|   ap_memory|                                                            fb_252|         array|
|fb_252_d0          |  out|    8|   ap_memory|                                                            fb_252|         array|
|fb_253_address0    |  out|    3|   ap_memory|                                                            fb_253|         array|
|fb_253_ce0         |  out|    1|   ap_memory|                                                            fb_253|         array|
|fb_253_we0         |  out|    1|   ap_memory|                                                            fb_253|         array|
|fb_253_d0          |  out|    8|   ap_memory|                                                            fb_253|         array|
|fb_254_address0    |  out|    3|   ap_memory|                                                            fb_254|         array|
|fb_254_ce0         |  out|    1|   ap_memory|                                                            fb_254|         array|
|fb_254_we0         |  out|    1|   ap_memory|                                                            fb_254|         array|
|fb_254_d0          |  out|    8|   ap_memory|                                                            fb_254|         array|
|fb_255_address0    |  out|    3|   ap_memory|                                                            fb_255|         array|
|fb_255_ce0         |  out|    1|   ap_memory|                                                            fb_255|         array|
|fb_255_we0         |  out|    1|   ap_memory|                                                            fb_255|         array|
|fb_255_d0          |  out|    8|   ap_memory|                                                            fb_255|         array|
|fb_256_address0    |  out|    3|   ap_memory|                                                            fb_256|         array|
|fb_256_ce0         |  out|    1|   ap_memory|                                                            fb_256|         array|
|fb_256_we0         |  out|    1|   ap_memory|                                                            fb_256|         array|
|fb_256_d0          |  out|    8|   ap_memory|                                                            fb_256|         array|
|fb_257_address0    |  out|    3|   ap_memory|                                                            fb_257|         array|
|fb_257_ce0         |  out|    1|   ap_memory|                                                            fb_257|         array|
|fb_257_we0         |  out|    1|   ap_memory|                                                            fb_257|         array|
|fb_257_d0          |  out|    8|   ap_memory|                                                            fb_257|         array|
|fb_258_address0    |  out|    3|   ap_memory|                                                            fb_258|         array|
|fb_258_ce0         |  out|    1|   ap_memory|                                                            fb_258|         array|
|fb_258_we0         |  out|    1|   ap_memory|                                                            fb_258|         array|
|fb_258_d0          |  out|    8|   ap_memory|                                                            fb_258|         array|
|fb_259_address0    |  out|    3|   ap_memory|                                                            fb_259|         array|
|fb_259_ce0         |  out|    1|   ap_memory|                                                            fb_259|         array|
|fb_259_we0         |  out|    1|   ap_memory|                                                            fb_259|         array|
|fb_259_d0          |  out|    8|   ap_memory|                                                            fb_259|         array|
|fb_260_address0    |  out|    3|   ap_memory|                                                            fb_260|         array|
|fb_260_ce0         |  out|    1|   ap_memory|                                                            fb_260|         array|
|fb_260_we0         |  out|    1|   ap_memory|                                                            fb_260|         array|
|fb_260_d0          |  out|    8|   ap_memory|                                                            fb_260|         array|
|fb_261_address0    |  out|    3|   ap_memory|                                                            fb_261|         array|
|fb_261_ce0         |  out|    1|   ap_memory|                                                            fb_261|         array|
|fb_261_we0         |  out|    1|   ap_memory|                                                            fb_261|         array|
|fb_261_d0          |  out|    8|   ap_memory|                                                            fb_261|         array|
|fb_262_address0    |  out|    3|   ap_memory|                                                            fb_262|         array|
|fb_262_ce0         |  out|    1|   ap_memory|                                                            fb_262|         array|
|fb_262_we0         |  out|    1|   ap_memory|                                                            fb_262|         array|
|fb_262_d0          |  out|    8|   ap_memory|                                                            fb_262|         array|
|fb_263_address0    |  out|    3|   ap_memory|                                                            fb_263|         array|
|fb_263_ce0         |  out|    1|   ap_memory|                                                            fb_263|         array|
|fb_263_we0         |  out|    1|   ap_memory|                                                            fb_263|         array|
|fb_263_d0          |  out|    8|   ap_memory|                                                            fb_263|         array|
|fb_264_address0    |  out|    3|   ap_memory|                                                            fb_264|         array|
|fb_264_ce0         |  out|    1|   ap_memory|                                                            fb_264|         array|
|fb_264_we0         |  out|    1|   ap_memory|                                                            fb_264|         array|
|fb_264_d0          |  out|    8|   ap_memory|                                                            fb_264|         array|
|fb_265_address0    |  out|    3|   ap_memory|                                                            fb_265|         array|
|fb_265_ce0         |  out|    1|   ap_memory|                                                            fb_265|         array|
|fb_265_we0         |  out|    1|   ap_memory|                                                            fb_265|         array|
|fb_265_d0          |  out|    8|   ap_memory|                                                            fb_265|         array|
|fb_266_address0    |  out|    3|   ap_memory|                                                            fb_266|         array|
|fb_266_ce0         |  out|    1|   ap_memory|                                                            fb_266|         array|
|fb_266_we0         |  out|    1|   ap_memory|                                                            fb_266|         array|
|fb_266_d0          |  out|    8|   ap_memory|                                                            fb_266|         array|
|fb_267_address0    |  out|    3|   ap_memory|                                                            fb_267|         array|
|fb_267_ce0         |  out|    1|   ap_memory|                                                            fb_267|         array|
|fb_267_we0         |  out|    1|   ap_memory|                                                            fb_267|         array|
|fb_267_d0          |  out|    8|   ap_memory|                                                            fb_267|         array|
|fb_268_address0    |  out|    3|   ap_memory|                                                            fb_268|         array|
|fb_268_ce0         |  out|    1|   ap_memory|                                                            fb_268|         array|
|fb_268_we0         |  out|    1|   ap_memory|                                                            fb_268|         array|
|fb_268_d0          |  out|    8|   ap_memory|                                                            fb_268|         array|
|fb_269_address0    |  out|    3|   ap_memory|                                                            fb_269|         array|
|fb_269_ce0         |  out|    1|   ap_memory|                                                            fb_269|         array|
|fb_269_we0         |  out|    1|   ap_memory|                                                            fb_269|         array|
|fb_269_d0          |  out|    8|   ap_memory|                                                            fb_269|         array|
|fb_270_address0    |  out|    3|   ap_memory|                                                            fb_270|         array|
|fb_270_ce0         |  out|    1|   ap_memory|                                                            fb_270|         array|
|fb_270_we0         |  out|    1|   ap_memory|                                                            fb_270|         array|
|fb_270_d0          |  out|    8|   ap_memory|                                                            fb_270|         array|
|fb_271_address0    |  out|    3|   ap_memory|                                                            fb_271|         array|
|fb_271_ce0         |  out|    1|   ap_memory|                                                            fb_271|         array|
|fb_271_we0         |  out|    1|   ap_memory|                                                            fb_271|         array|
|fb_271_d0          |  out|    8|   ap_memory|                                                            fb_271|         array|
|fb_272_address0    |  out|    3|   ap_memory|                                                            fb_272|         array|
|fb_272_ce0         |  out|    1|   ap_memory|                                                            fb_272|         array|
|fb_272_we0         |  out|    1|   ap_memory|                                                            fb_272|         array|
|fb_272_d0          |  out|    8|   ap_memory|                                                            fb_272|         array|
|fb_273_address0    |  out|    3|   ap_memory|                                                            fb_273|         array|
|fb_273_ce0         |  out|    1|   ap_memory|                                                            fb_273|         array|
|fb_273_we0         |  out|    1|   ap_memory|                                                            fb_273|         array|
|fb_273_d0          |  out|    8|   ap_memory|                                                            fb_273|         array|
|fb_274_address0    |  out|    3|   ap_memory|                                                            fb_274|         array|
|fb_274_ce0         |  out|    1|   ap_memory|                                                            fb_274|         array|
|fb_274_we0         |  out|    1|   ap_memory|                                                            fb_274|         array|
|fb_274_d0          |  out|    8|   ap_memory|                                                            fb_274|         array|
|fb_275_address0    |  out|    3|   ap_memory|                                                            fb_275|         array|
|fb_275_ce0         |  out|    1|   ap_memory|                                                            fb_275|         array|
|fb_275_we0         |  out|    1|   ap_memory|                                                            fb_275|         array|
|fb_275_d0          |  out|    8|   ap_memory|                                                            fb_275|         array|
|fb_276_address0    |  out|    3|   ap_memory|                                                            fb_276|         array|
|fb_276_ce0         |  out|    1|   ap_memory|                                                            fb_276|         array|
|fb_276_we0         |  out|    1|   ap_memory|                                                            fb_276|         array|
|fb_276_d0          |  out|    8|   ap_memory|                                                            fb_276|         array|
|fb_277_address0    |  out|    3|   ap_memory|                                                            fb_277|         array|
|fb_277_ce0         |  out|    1|   ap_memory|                                                            fb_277|         array|
|fb_277_we0         |  out|    1|   ap_memory|                                                            fb_277|         array|
|fb_277_d0          |  out|    8|   ap_memory|                                                            fb_277|         array|
|fb_278_address0    |  out|    3|   ap_memory|                                                            fb_278|         array|
|fb_278_ce0         |  out|    1|   ap_memory|                                                            fb_278|         array|
|fb_278_we0         |  out|    1|   ap_memory|                                                            fb_278|         array|
|fb_278_d0          |  out|    8|   ap_memory|                                                            fb_278|         array|
|fb_279_address0    |  out|    3|   ap_memory|                                                            fb_279|         array|
|fb_279_ce0         |  out|    1|   ap_memory|                                                            fb_279|         array|
|fb_279_we0         |  out|    1|   ap_memory|                                                            fb_279|         array|
|fb_279_d0          |  out|    8|   ap_memory|                                                            fb_279|         array|
|fb_280_address0    |  out|    3|   ap_memory|                                                            fb_280|         array|
|fb_280_ce0         |  out|    1|   ap_memory|                                                            fb_280|         array|
|fb_280_we0         |  out|    1|   ap_memory|                                                            fb_280|         array|
|fb_280_d0          |  out|    8|   ap_memory|                                                            fb_280|         array|
|fb_281_address0    |  out|    3|   ap_memory|                                                            fb_281|         array|
|fb_281_ce0         |  out|    1|   ap_memory|                                                            fb_281|         array|
|fb_281_we0         |  out|    1|   ap_memory|                                                            fb_281|         array|
|fb_281_d0          |  out|    8|   ap_memory|                                                            fb_281|         array|
|fb_282_address0    |  out|    3|   ap_memory|                                                            fb_282|         array|
|fb_282_ce0         |  out|    1|   ap_memory|                                                            fb_282|         array|
|fb_282_we0         |  out|    1|   ap_memory|                                                            fb_282|         array|
|fb_282_d0          |  out|    8|   ap_memory|                                                            fb_282|         array|
|fb_283_address0    |  out|    3|   ap_memory|                                                            fb_283|         array|
|fb_283_ce0         |  out|    1|   ap_memory|                                                            fb_283|         array|
|fb_283_we0         |  out|    1|   ap_memory|                                                            fb_283|         array|
|fb_283_d0          |  out|    8|   ap_memory|                                                            fb_283|         array|
|fb_284_address0    |  out|    3|   ap_memory|                                                            fb_284|         array|
|fb_284_ce0         |  out|    1|   ap_memory|                                                            fb_284|         array|
|fb_284_we0         |  out|    1|   ap_memory|                                                            fb_284|         array|
|fb_284_d0          |  out|    8|   ap_memory|                                                            fb_284|         array|
|fb_285_address0    |  out|    3|   ap_memory|                                                            fb_285|         array|
|fb_285_ce0         |  out|    1|   ap_memory|                                                            fb_285|         array|
|fb_285_we0         |  out|    1|   ap_memory|                                                            fb_285|         array|
|fb_285_d0          |  out|    8|   ap_memory|                                                            fb_285|         array|
|fb_286_address0    |  out|    3|   ap_memory|                                                            fb_286|         array|
|fb_286_ce0         |  out|    1|   ap_memory|                                                            fb_286|         array|
|fb_286_we0         |  out|    1|   ap_memory|                                                            fb_286|         array|
|fb_286_d0          |  out|    8|   ap_memory|                                                            fb_286|         array|
|fb_287_address0    |  out|    3|   ap_memory|                                                            fb_287|         array|
|fb_287_ce0         |  out|    1|   ap_memory|                                                            fb_287|         array|
|fb_287_we0         |  out|    1|   ap_memory|                                                            fb_287|         array|
|fb_287_d0          |  out|    8|   ap_memory|                                                            fb_287|         array|
|fb_288_address0    |  out|    3|   ap_memory|                                                            fb_288|         array|
|fb_288_ce0         |  out|    1|   ap_memory|                                                            fb_288|         array|
|fb_288_we0         |  out|    1|   ap_memory|                                                            fb_288|         array|
|fb_288_d0          |  out|    8|   ap_memory|                                                            fb_288|         array|
|fb_289_address0    |  out|    3|   ap_memory|                                                            fb_289|         array|
|fb_289_ce0         |  out|    1|   ap_memory|                                                            fb_289|         array|
|fb_289_we0         |  out|    1|   ap_memory|                                                            fb_289|         array|
|fb_289_d0          |  out|    8|   ap_memory|                                                            fb_289|         array|
|fb_290_address0    |  out|    3|   ap_memory|                                                            fb_290|         array|
|fb_290_ce0         |  out|    1|   ap_memory|                                                            fb_290|         array|
|fb_290_we0         |  out|    1|   ap_memory|                                                            fb_290|         array|
|fb_290_d0          |  out|    8|   ap_memory|                                                            fb_290|         array|
|fb_291_address0    |  out|    3|   ap_memory|                                                            fb_291|         array|
|fb_291_ce0         |  out|    1|   ap_memory|                                                            fb_291|         array|
|fb_291_we0         |  out|    1|   ap_memory|                                                            fb_291|         array|
|fb_291_d0          |  out|    8|   ap_memory|                                                            fb_291|         array|
|fb_292_address0    |  out|    3|   ap_memory|                                                            fb_292|         array|
|fb_292_ce0         |  out|    1|   ap_memory|                                                            fb_292|         array|
|fb_292_we0         |  out|    1|   ap_memory|                                                            fb_292|         array|
|fb_292_d0          |  out|    8|   ap_memory|                                                            fb_292|         array|
|fb_293_address0    |  out|    3|   ap_memory|                                                            fb_293|         array|
|fb_293_ce0         |  out|    1|   ap_memory|                                                            fb_293|         array|
|fb_293_we0         |  out|    1|   ap_memory|                                                            fb_293|         array|
|fb_293_d0          |  out|    8|   ap_memory|                                                            fb_293|         array|
|fb_294_address0    |  out|    3|   ap_memory|                                                            fb_294|         array|
|fb_294_ce0         |  out|    1|   ap_memory|                                                            fb_294|         array|
|fb_294_we0         |  out|    1|   ap_memory|                                                            fb_294|         array|
|fb_294_d0          |  out|    8|   ap_memory|                                                            fb_294|         array|
|fb_295_address0    |  out|    3|   ap_memory|                                                            fb_295|         array|
|fb_295_ce0         |  out|    1|   ap_memory|                                                            fb_295|         array|
|fb_295_we0         |  out|    1|   ap_memory|                                                            fb_295|         array|
|fb_295_d0          |  out|    8|   ap_memory|                                                            fb_295|         array|
|fb_296_address0    |  out|    3|   ap_memory|                                                            fb_296|         array|
|fb_296_ce0         |  out|    1|   ap_memory|                                                            fb_296|         array|
|fb_296_we0         |  out|    1|   ap_memory|                                                            fb_296|         array|
|fb_296_d0          |  out|    8|   ap_memory|                                                            fb_296|         array|
|fb_297_address0    |  out|    3|   ap_memory|                                                            fb_297|         array|
|fb_297_ce0         |  out|    1|   ap_memory|                                                            fb_297|         array|
|fb_297_we0         |  out|    1|   ap_memory|                                                            fb_297|         array|
|fb_297_d0          |  out|    8|   ap_memory|                                                            fb_297|         array|
|fb_298_address0    |  out|    3|   ap_memory|                                                            fb_298|         array|
|fb_298_ce0         |  out|    1|   ap_memory|                                                            fb_298|         array|
|fb_298_we0         |  out|    1|   ap_memory|                                                            fb_298|         array|
|fb_298_d0          |  out|    8|   ap_memory|                                                            fb_298|         array|
|fb_299_address0    |  out|    3|   ap_memory|                                                            fb_299|         array|
|fb_299_ce0         |  out|    1|   ap_memory|                                                            fb_299|         array|
|fb_299_we0         |  out|    1|   ap_memory|                                                            fb_299|         array|
|fb_299_d0          |  out|    8|   ap_memory|                                                            fb_299|         array|
|fb_300_address0    |  out|    3|   ap_memory|                                                            fb_300|         array|
|fb_300_ce0         |  out|    1|   ap_memory|                                                            fb_300|         array|
|fb_300_we0         |  out|    1|   ap_memory|                                                            fb_300|         array|
|fb_300_d0          |  out|    8|   ap_memory|                                                            fb_300|         array|
|fb_301_address0    |  out|    3|   ap_memory|                                                            fb_301|         array|
|fb_301_ce0         |  out|    1|   ap_memory|                                                            fb_301|         array|
|fb_301_we0         |  out|    1|   ap_memory|                                                            fb_301|         array|
|fb_301_d0          |  out|    8|   ap_memory|                                                            fb_301|         array|
|fb_302_address0    |  out|    3|   ap_memory|                                                            fb_302|         array|
|fb_302_ce0         |  out|    1|   ap_memory|                                                            fb_302|         array|
|fb_302_we0         |  out|    1|   ap_memory|                                                            fb_302|         array|
|fb_302_d0          |  out|    8|   ap_memory|                                                            fb_302|         array|
|fb_303_address0    |  out|    3|   ap_memory|                                                            fb_303|         array|
|fb_303_ce0         |  out|    1|   ap_memory|                                                            fb_303|         array|
|fb_303_we0         |  out|    1|   ap_memory|                                                            fb_303|         array|
|fb_303_d0          |  out|    8|   ap_memory|                                                            fb_303|         array|
|fb_304_address0    |  out|    3|   ap_memory|                                                            fb_304|         array|
|fb_304_ce0         |  out|    1|   ap_memory|                                                            fb_304|         array|
|fb_304_we0         |  out|    1|   ap_memory|                                                            fb_304|         array|
|fb_304_d0          |  out|    8|   ap_memory|                                                            fb_304|         array|
|fb_305_address0    |  out|    3|   ap_memory|                                                            fb_305|         array|
|fb_305_ce0         |  out|    1|   ap_memory|                                                            fb_305|         array|
|fb_305_we0         |  out|    1|   ap_memory|                                                            fb_305|         array|
|fb_305_d0          |  out|    8|   ap_memory|                                                            fb_305|         array|
|fb_306_address0    |  out|    3|   ap_memory|                                                            fb_306|         array|
|fb_306_ce0         |  out|    1|   ap_memory|                                                            fb_306|         array|
|fb_306_we0         |  out|    1|   ap_memory|                                                            fb_306|         array|
|fb_306_d0          |  out|    8|   ap_memory|                                                            fb_306|         array|
|fb_307_address0    |  out|    3|   ap_memory|                                                            fb_307|         array|
|fb_307_ce0         |  out|    1|   ap_memory|                                                            fb_307|         array|
|fb_307_we0         |  out|    1|   ap_memory|                                                            fb_307|         array|
|fb_307_d0          |  out|    8|   ap_memory|                                                            fb_307|         array|
|fb_308_address0    |  out|    3|   ap_memory|                                                            fb_308|         array|
|fb_308_ce0         |  out|    1|   ap_memory|                                                            fb_308|         array|
|fb_308_we0         |  out|    1|   ap_memory|                                                            fb_308|         array|
|fb_308_d0          |  out|    8|   ap_memory|                                                            fb_308|         array|
|fb_309_address0    |  out|    3|   ap_memory|                                                            fb_309|         array|
|fb_309_ce0         |  out|    1|   ap_memory|                                                            fb_309|         array|
|fb_309_we0         |  out|    1|   ap_memory|                                                            fb_309|         array|
|fb_309_d0          |  out|    8|   ap_memory|                                                            fb_309|         array|
|fb_310_address0    |  out|    3|   ap_memory|                                                            fb_310|         array|
|fb_310_ce0         |  out|    1|   ap_memory|                                                            fb_310|         array|
|fb_310_we0         |  out|    1|   ap_memory|                                                            fb_310|         array|
|fb_310_d0          |  out|    8|   ap_memory|                                                            fb_310|         array|
|fb_311_address0    |  out|    3|   ap_memory|                                                            fb_311|         array|
|fb_311_ce0         |  out|    1|   ap_memory|                                                            fb_311|         array|
|fb_311_we0         |  out|    1|   ap_memory|                                                            fb_311|         array|
|fb_311_d0          |  out|    8|   ap_memory|                                                            fb_311|         array|
|fb_312_address0    |  out|    3|   ap_memory|                                                            fb_312|         array|
|fb_312_ce0         |  out|    1|   ap_memory|                                                            fb_312|         array|
|fb_312_we0         |  out|    1|   ap_memory|                                                            fb_312|         array|
|fb_312_d0          |  out|    8|   ap_memory|                                                            fb_312|         array|
|fb_313_address0    |  out|    3|   ap_memory|                                                            fb_313|         array|
|fb_313_ce0         |  out|    1|   ap_memory|                                                            fb_313|         array|
|fb_313_we0         |  out|    1|   ap_memory|                                                            fb_313|         array|
|fb_313_d0          |  out|    8|   ap_memory|                                                            fb_313|         array|
|fb_314_address0    |  out|    3|   ap_memory|                                                            fb_314|         array|
|fb_314_ce0         |  out|    1|   ap_memory|                                                            fb_314|         array|
|fb_314_we0         |  out|    1|   ap_memory|                                                            fb_314|         array|
|fb_314_d0          |  out|    8|   ap_memory|                                                            fb_314|         array|
|fb_315_address0    |  out|    3|   ap_memory|                                                            fb_315|         array|
|fb_315_ce0         |  out|    1|   ap_memory|                                                            fb_315|         array|
|fb_315_we0         |  out|    1|   ap_memory|                                                            fb_315|         array|
|fb_315_d0          |  out|    8|   ap_memory|                                                            fb_315|         array|
|fb_316_address0    |  out|    3|   ap_memory|                                                            fb_316|         array|
|fb_316_ce0         |  out|    1|   ap_memory|                                                            fb_316|         array|
|fb_316_we0         |  out|    1|   ap_memory|                                                            fb_316|         array|
|fb_316_d0          |  out|    8|   ap_memory|                                                            fb_316|         array|
|fb_317_address0    |  out|    3|   ap_memory|                                                            fb_317|         array|
|fb_317_ce0         |  out|    1|   ap_memory|                                                            fb_317|         array|
|fb_317_we0         |  out|    1|   ap_memory|                                                            fb_317|         array|
|fb_317_d0          |  out|    8|   ap_memory|                                                            fb_317|         array|
|fb_318_address0    |  out|    3|   ap_memory|                                                            fb_318|         array|
|fb_318_ce0         |  out|    1|   ap_memory|                                                            fb_318|         array|
|fb_318_we0         |  out|    1|   ap_memory|                                                            fb_318|         array|
|fb_318_d0          |  out|    8|   ap_memory|                                                            fb_318|         array|
|fb_319_address0    |  out|    3|   ap_memory|                                                            fb_319|         array|
|fb_319_ce0         |  out|    1|   ap_memory|                                                            fb_319|         array|
|fb_319_we0         |  out|    1|   ap_memory|                                                            fb_319|         array|
|fb_319_d0          |  out|    8|   ap_memory|                                                            fb_319|         array|
|fb_320_address0    |  out|    3|   ap_memory|                                                            fb_320|         array|
|fb_320_ce0         |  out|    1|   ap_memory|                                                            fb_320|         array|
|fb_320_we0         |  out|    1|   ap_memory|                                                            fb_320|         array|
|fb_320_d0          |  out|    8|   ap_memory|                                                            fb_320|         array|
|fb_321_address0    |  out|    3|   ap_memory|                                                            fb_321|         array|
|fb_321_ce0         |  out|    1|   ap_memory|                                                            fb_321|         array|
|fb_321_we0         |  out|    1|   ap_memory|                                                            fb_321|         array|
|fb_321_d0          |  out|    8|   ap_memory|                                                            fb_321|         array|
|fb_322_address0    |  out|    3|   ap_memory|                                                            fb_322|         array|
|fb_322_ce0         |  out|    1|   ap_memory|                                                            fb_322|         array|
|fb_322_we0         |  out|    1|   ap_memory|                                                            fb_322|         array|
|fb_322_d0          |  out|    8|   ap_memory|                                                            fb_322|         array|
|fb_323_address0    |  out|    3|   ap_memory|                                                            fb_323|         array|
|fb_323_ce0         |  out|    1|   ap_memory|                                                            fb_323|         array|
|fb_323_we0         |  out|    1|   ap_memory|                                                            fb_323|         array|
|fb_323_d0          |  out|    8|   ap_memory|                                                            fb_323|         array|
|fb_324_address0    |  out|    3|   ap_memory|                                                            fb_324|         array|
|fb_324_ce0         |  out|    1|   ap_memory|                                                            fb_324|         array|
|fb_324_we0         |  out|    1|   ap_memory|                                                            fb_324|         array|
|fb_324_d0          |  out|    8|   ap_memory|                                                            fb_324|         array|
|fb_325_address0    |  out|    3|   ap_memory|                                                            fb_325|         array|
|fb_325_ce0         |  out|    1|   ap_memory|                                                            fb_325|         array|
|fb_325_we0         |  out|    1|   ap_memory|                                                            fb_325|         array|
|fb_325_d0          |  out|    8|   ap_memory|                                                            fb_325|         array|
|fb_326_address0    |  out|    3|   ap_memory|                                                            fb_326|         array|
|fb_326_ce0         |  out|    1|   ap_memory|                                                            fb_326|         array|
|fb_326_we0         |  out|    1|   ap_memory|                                                            fb_326|         array|
|fb_326_d0          |  out|    8|   ap_memory|                                                            fb_326|         array|
|fb_327_address0    |  out|    3|   ap_memory|                                                            fb_327|         array|
|fb_327_ce0         |  out|    1|   ap_memory|                                                            fb_327|         array|
|fb_327_we0         |  out|    1|   ap_memory|                                                            fb_327|         array|
|fb_327_d0          |  out|    8|   ap_memory|                                                            fb_327|         array|
|fb_328_address0    |  out|    3|   ap_memory|                                                            fb_328|         array|
|fb_328_ce0         |  out|    1|   ap_memory|                                                            fb_328|         array|
|fb_328_we0         |  out|    1|   ap_memory|                                                            fb_328|         array|
|fb_328_d0          |  out|    8|   ap_memory|                                                            fb_328|         array|
|fb_329_address0    |  out|    3|   ap_memory|                                                            fb_329|         array|
|fb_329_ce0         |  out|    1|   ap_memory|                                                            fb_329|         array|
|fb_329_we0         |  out|    1|   ap_memory|                                                            fb_329|         array|
|fb_329_d0          |  out|    8|   ap_memory|                                                            fb_329|         array|
|fb_330_address0    |  out|    3|   ap_memory|                                                            fb_330|         array|
|fb_330_ce0         |  out|    1|   ap_memory|                                                            fb_330|         array|
|fb_330_we0         |  out|    1|   ap_memory|                                                            fb_330|         array|
|fb_330_d0          |  out|    8|   ap_memory|                                                            fb_330|         array|
|fb_331_address0    |  out|    3|   ap_memory|                                                            fb_331|         array|
|fb_331_ce0         |  out|    1|   ap_memory|                                                            fb_331|         array|
|fb_331_we0         |  out|    1|   ap_memory|                                                            fb_331|         array|
|fb_331_d0          |  out|    8|   ap_memory|                                                            fb_331|         array|
|fb_332_address0    |  out|    3|   ap_memory|                                                            fb_332|         array|
|fb_332_ce0         |  out|    1|   ap_memory|                                                            fb_332|         array|
|fb_332_we0         |  out|    1|   ap_memory|                                                            fb_332|         array|
|fb_332_d0          |  out|    8|   ap_memory|                                                            fb_332|         array|
|fb_333_address0    |  out|    3|   ap_memory|                                                            fb_333|         array|
|fb_333_ce0         |  out|    1|   ap_memory|                                                            fb_333|         array|
|fb_333_we0         |  out|    1|   ap_memory|                                                            fb_333|         array|
|fb_333_d0          |  out|    8|   ap_memory|                                                            fb_333|         array|
|fb_334_address0    |  out|    3|   ap_memory|                                                            fb_334|         array|
|fb_334_ce0         |  out|    1|   ap_memory|                                                            fb_334|         array|
|fb_334_we0         |  out|    1|   ap_memory|                                                            fb_334|         array|
|fb_334_d0          |  out|    8|   ap_memory|                                                            fb_334|         array|
|fb_335_address0    |  out|    3|   ap_memory|                                                            fb_335|         array|
|fb_335_ce0         |  out|    1|   ap_memory|                                                            fb_335|         array|
|fb_335_we0         |  out|    1|   ap_memory|                                                            fb_335|         array|
|fb_335_d0          |  out|    8|   ap_memory|                                                            fb_335|         array|
|fb_336_address0    |  out|    3|   ap_memory|                                                            fb_336|         array|
|fb_336_ce0         |  out|    1|   ap_memory|                                                            fb_336|         array|
|fb_336_we0         |  out|    1|   ap_memory|                                                            fb_336|         array|
|fb_336_d0          |  out|    8|   ap_memory|                                                            fb_336|         array|
|fb_337_address0    |  out|    3|   ap_memory|                                                            fb_337|         array|
|fb_337_ce0         |  out|    1|   ap_memory|                                                            fb_337|         array|
|fb_337_we0         |  out|    1|   ap_memory|                                                            fb_337|         array|
|fb_337_d0          |  out|    8|   ap_memory|                                                            fb_337|         array|
|fb_338_address0    |  out|    3|   ap_memory|                                                            fb_338|         array|
|fb_338_ce0         |  out|    1|   ap_memory|                                                            fb_338|         array|
|fb_338_we0         |  out|    1|   ap_memory|                                                            fb_338|         array|
|fb_338_d0          |  out|    8|   ap_memory|                                                            fb_338|         array|
|fb_339_address0    |  out|    3|   ap_memory|                                                            fb_339|         array|
|fb_339_ce0         |  out|    1|   ap_memory|                                                            fb_339|         array|
|fb_339_we0         |  out|    1|   ap_memory|                                                            fb_339|         array|
|fb_339_d0          |  out|    8|   ap_memory|                                                            fb_339|         array|
|fb_340_address0    |  out|    3|   ap_memory|                                                            fb_340|         array|
|fb_340_ce0         |  out|    1|   ap_memory|                                                            fb_340|         array|
|fb_340_we0         |  out|    1|   ap_memory|                                                            fb_340|         array|
|fb_340_d0          |  out|    8|   ap_memory|                                                            fb_340|         array|
|fb_341_address0    |  out|    3|   ap_memory|                                                            fb_341|         array|
|fb_341_ce0         |  out|    1|   ap_memory|                                                            fb_341|         array|
|fb_341_we0         |  out|    1|   ap_memory|                                                            fb_341|         array|
|fb_341_d0          |  out|    8|   ap_memory|                                                            fb_341|         array|
|fb_342_address0    |  out|    3|   ap_memory|                                                            fb_342|         array|
|fb_342_ce0         |  out|    1|   ap_memory|                                                            fb_342|         array|
|fb_342_we0         |  out|    1|   ap_memory|                                                            fb_342|         array|
|fb_342_d0          |  out|    8|   ap_memory|                                                            fb_342|         array|
|fb_343_address0    |  out|    3|   ap_memory|                                                            fb_343|         array|
|fb_343_ce0         |  out|    1|   ap_memory|                                                            fb_343|         array|
|fb_343_we0         |  out|    1|   ap_memory|                                                            fb_343|         array|
|fb_343_d0          |  out|    8|   ap_memory|                                                            fb_343|         array|
|fb_344_address0    |  out|    3|   ap_memory|                                                            fb_344|         array|
|fb_344_ce0         |  out|    1|   ap_memory|                                                            fb_344|         array|
|fb_344_we0         |  out|    1|   ap_memory|                                                            fb_344|         array|
|fb_344_d0          |  out|    8|   ap_memory|                                                            fb_344|         array|
|fb_345_address0    |  out|    3|   ap_memory|                                                            fb_345|         array|
|fb_345_ce0         |  out|    1|   ap_memory|                                                            fb_345|         array|
|fb_345_we0         |  out|    1|   ap_memory|                                                            fb_345|         array|
|fb_345_d0          |  out|    8|   ap_memory|                                                            fb_345|         array|
|fb_346_address0    |  out|    3|   ap_memory|                                                            fb_346|         array|
|fb_346_ce0         |  out|    1|   ap_memory|                                                            fb_346|         array|
|fb_346_we0         |  out|    1|   ap_memory|                                                            fb_346|         array|
|fb_346_d0          |  out|    8|   ap_memory|                                                            fb_346|         array|
|fb_347_address0    |  out|    3|   ap_memory|                                                            fb_347|         array|
|fb_347_ce0         |  out|    1|   ap_memory|                                                            fb_347|         array|
|fb_347_we0         |  out|    1|   ap_memory|                                                            fb_347|         array|
|fb_347_d0          |  out|    8|   ap_memory|                                                            fb_347|         array|
|fb_348_address0    |  out|    3|   ap_memory|                                                            fb_348|         array|
|fb_348_ce0         |  out|    1|   ap_memory|                                                            fb_348|         array|
|fb_348_we0         |  out|    1|   ap_memory|                                                            fb_348|         array|
|fb_348_d0          |  out|    8|   ap_memory|                                                            fb_348|         array|
|fb_349_address0    |  out|    3|   ap_memory|                                                            fb_349|         array|
|fb_349_ce0         |  out|    1|   ap_memory|                                                            fb_349|         array|
|fb_349_we0         |  out|    1|   ap_memory|                                                            fb_349|         array|
|fb_349_d0          |  out|    8|   ap_memory|                                                            fb_349|         array|
|fb_350_address0    |  out|    3|   ap_memory|                                                            fb_350|         array|
|fb_350_ce0         |  out|    1|   ap_memory|                                                            fb_350|         array|
|fb_350_we0         |  out|    1|   ap_memory|                                                            fb_350|         array|
|fb_350_d0          |  out|    8|   ap_memory|                                                            fb_350|         array|
|fb_351_address0    |  out|    3|   ap_memory|                                                            fb_351|         array|
|fb_351_ce0         |  out|    1|   ap_memory|                                                            fb_351|         array|
|fb_351_we0         |  out|    1|   ap_memory|                                                            fb_351|         array|
|fb_351_d0          |  out|    8|   ap_memory|                                                            fb_351|         array|
|fb_352_address0    |  out|    3|   ap_memory|                                                            fb_352|         array|
|fb_352_ce0         |  out|    1|   ap_memory|                                                            fb_352|         array|
|fb_352_we0         |  out|    1|   ap_memory|                                                            fb_352|         array|
|fb_352_d0          |  out|    8|   ap_memory|                                                            fb_352|         array|
|fb_353_address0    |  out|    3|   ap_memory|                                                            fb_353|         array|
|fb_353_ce0         |  out|    1|   ap_memory|                                                            fb_353|         array|
|fb_353_we0         |  out|    1|   ap_memory|                                                            fb_353|         array|
|fb_353_d0          |  out|    8|   ap_memory|                                                            fb_353|         array|
|fb_354_address0    |  out|    3|   ap_memory|                                                            fb_354|         array|
|fb_354_ce0         |  out|    1|   ap_memory|                                                            fb_354|         array|
|fb_354_we0         |  out|    1|   ap_memory|                                                            fb_354|         array|
|fb_354_d0          |  out|    8|   ap_memory|                                                            fb_354|         array|
|fb_355_address0    |  out|    3|   ap_memory|                                                            fb_355|         array|
|fb_355_ce0         |  out|    1|   ap_memory|                                                            fb_355|         array|
|fb_355_we0         |  out|    1|   ap_memory|                                                            fb_355|         array|
|fb_355_d0          |  out|    8|   ap_memory|                                                            fb_355|         array|
|fb_356_address0    |  out|    3|   ap_memory|                                                            fb_356|         array|
|fb_356_ce0         |  out|    1|   ap_memory|                                                            fb_356|         array|
|fb_356_we0         |  out|    1|   ap_memory|                                                            fb_356|         array|
|fb_356_d0          |  out|    8|   ap_memory|                                                            fb_356|         array|
|fb_357_address0    |  out|    3|   ap_memory|                                                            fb_357|         array|
|fb_357_ce0         |  out|    1|   ap_memory|                                                            fb_357|         array|
|fb_357_we0         |  out|    1|   ap_memory|                                                            fb_357|         array|
|fb_357_d0          |  out|    8|   ap_memory|                                                            fb_357|         array|
|fb_358_address0    |  out|    3|   ap_memory|                                                            fb_358|         array|
|fb_358_ce0         |  out|    1|   ap_memory|                                                            fb_358|         array|
|fb_358_we0         |  out|    1|   ap_memory|                                                            fb_358|         array|
|fb_358_d0          |  out|    8|   ap_memory|                                                            fb_358|         array|
|fb_359_address0    |  out|    3|   ap_memory|                                                            fb_359|         array|
|fb_359_ce0         |  out|    1|   ap_memory|                                                            fb_359|         array|
|fb_359_we0         |  out|    1|   ap_memory|                                                            fb_359|         array|
|fb_359_d0          |  out|    8|   ap_memory|                                                            fb_359|         array|
|fb_360_address0    |  out|    3|   ap_memory|                                                            fb_360|         array|
|fb_360_ce0         |  out|    1|   ap_memory|                                                            fb_360|         array|
|fb_360_we0         |  out|    1|   ap_memory|                                                            fb_360|         array|
|fb_360_d0          |  out|    8|   ap_memory|                                                            fb_360|         array|
|fb_361_address0    |  out|    3|   ap_memory|                                                            fb_361|         array|
|fb_361_ce0         |  out|    1|   ap_memory|                                                            fb_361|         array|
|fb_361_we0         |  out|    1|   ap_memory|                                                            fb_361|         array|
|fb_361_d0          |  out|    8|   ap_memory|                                                            fb_361|         array|
|fb_362_address0    |  out|    3|   ap_memory|                                                            fb_362|         array|
|fb_362_ce0         |  out|    1|   ap_memory|                                                            fb_362|         array|
|fb_362_we0         |  out|    1|   ap_memory|                                                            fb_362|         array|
|fb_362_d0          |  out|    8|   ap_memory|                                                            fb_362|         array|
|fb_363_address0    |  out|    3|   ap_memory|                                                            fb_363|         array|
|fb_363_ce0         |  out|    1|   ap_memory|                                                            fb_363|         array|
|fb_363_we0         |  out|    1|   ap_memory|                                                            fb_363|         array|
|fb_363_d0          |  out|    8|   ap_memory|                                                            fb_363|         array|
|fb_364_address0    |  out|    3|   ap_memory|                                                            fb_364|         array|
|fb_364_ce0         |  out|    1|   ap_memory|                                                            fb_364|         array|
|fb_364_we0         |  out|    1|   ap_memory|                                                            fb_364|         array|
|fb_364_d0          |  out|    8|   ap_memory|                                                            fb_364|         array|
|fb_365_address0    |  out|    3|   ap_memory|                                                            fb_365|         array|
|fb_365_ce0         |  out|    1|   ap_memory|                                                            fb_365|         array|
|fb_365_we0         |  out|    1|   ap_memory|                                                            fb_365|         array|
|fb_365_d0          |  out|    8|   ap_memory|                                                            fb_365|         array|
|fb_366_address0    |  out|    3|   ap_memory|                                                            fb_366|         array|
|fb_366_ce0         |  out|    1|   ap_memory|                                                            fb_366|         array|
|fb_366_we0         |  out|    1|   ap_memory|                                                            fb_366|         array|
|fb_366_d0          |  out|    8|   ap_memory|                                                            fb_366|         array|
|fb_367_address0    |  out|    3|   ap_memory|                                                            fb_367|         array|
|fb_367_ce0         |  out|    1|   ap_memory|                                                            fb_367|         array|
|fb_367_we0         |  out|    1|   ap_memory|                                                            fb_367|         array|
|fb_367_d0          |  out|    8|   ap_memory|                                                            fb_367|         array|
|fb_368_address0    |  out|    3|   ap_memory|                                                            fb_368|         array|
|fb_368_ce0         |  out|    1|   ap_memory|                                                            fb_368|         array|
|fb_368_we0         |  out|    1|   ap_memory|                                                            fb_368|         array|
|fb_368_d0          |  out|    8|   ap_memory|                                                            fb_368|         array|
|fb_369_address0    |  out|    3|   ap_memory|                                                            fb_369|         array|
|fb_369_ce0         |  out|    1|   ap_memory|                                                            fb_369|         array|
|fb_369_we0         |  out|    1|   ap_memory|                                                            fb_369|         array|
|fb_369_d0          |  out|    8|   ap_memory|                                                            fb_369|         array|
|fb_370_address0    |  out|    3|   ap_memory|                                                            fb_370|         array|
|fb_370_ce0         |  out|    1|   ap_memory|                                                            fb_370|         array|
|fb_370_we0         |  out|    1|   ap_memory|                                                            fb_370|         array|
|fb_370_d0          |  out|    8|   ap_memory|                                                            fb_370|         array|
|fb_371_address0    |  out|    3|   ap_memory|                                                            fb_371|         array|
|fb_371_ce0         |  out|    1|   ap_memory|                                                            fb_371|         array|
|fb_371_we0         |  out|    1|   ap_memory|                                                            fb_371|         array|
|fb_371_d0          |  out|    8|   ap_memory|                                                            fb_371|         array|
|fb_372_address0    |  out|    3|   ap_memory|                                                            fb_372|         array|
|fb_372_ce0         |  out|    1|   ap_memory|                                                            fb_372|         array|
|fb_372_we0         |  out|    1|   ap_memory|                                                            fb_372|         array|
|fb_372_d0          |  out|    8|   ap_memory|                                                            fb_372|         array|
|fb_373_address0    |  out|    3|   ap_memory|                                                            fb_373|         array|
|fb_373_ce0         |  out|    1|   ap_memory|                                                            fb_373|         array|
|fb_373_we0         |  out|    1|   ap_memory|                                                            fb_373|         array|
|fb_373_d0          |  out|    8|   ap_memory|                                                            fb_373|         array|
|fb_374_address0    |  out|    3|   ap_memory|                                                            fb_374|         array|
|fb_374_ce0         |  out|    1|   ap_memory|                                                            fb_374|         array|
|fb_374_we0         |  out|    1|   ap_memory|                                                            fb_374|         array|
|fb_374_d0          |  out|    8|   ap_memory|                                                            fb_374|         array|
|fb_375_address0    |  out|    3|   ap_memory|                                                            fb_375|         array|
|fb_375_ce0         |  out|    1|   ap_memory|                                                            fb_375|         array|
|fb_375_we0         |  out|    1|   ap_memory|                                                            fb_375|         array|
|fb_375_d0          |  out|    8|   ap_memory|                                                            fb_375|         array|
|fb_376_address0    |  out|    3|   ap_memory|                                                            fb_376|         array|
|fb_376_ce0         |  out|    1|   ap_memory|                                                            fb_376|         array|
|fb_376_we0         |  out|    1|   ap_memory|                                                            fb_376|         array|
|fb_376_d0          |  out|    8|   ap_memory|                                                            fb_376|         array|
|fb_377_address0    |  out|    3|   ap_memory|                                                            fb_377|         array|
|fb_377_ce0         |  out|    1|   ap_memory|                                                            fb_377|         array|
|fb_377_we0         |  out|    1|   ap_memory|                                                            fb_377|         array|
|fb_377_d0          |  out|    8|   ap_memory|                                                            fb_377|         array|
|fb_378_address0    |  out|    3|   ap_memory|                                                            fb_378|         array|
|fb_378_ce0         |  out|    1|   ap_memory|                                                            fb_378|         array|
|fb_378_we0         |  out|    1|   ap_memory|                                                            fb_378|         array|
|fb_378_d0          |  out|    8|   ap_memory|                                                            fb_378|         array|
|fb_379_address0    |  out|    3|   ap_memory|                                                            fb_379|         array|
|fb_379_ce0         |  out|    1|   ap_memory|                                                            fb_379|         array|
|fb_379_we0         |  out|    1|   ap_memory|                                                            fb_379|         array|
|fb_379_d0          |  out|    8|   ap_memory|                                                            fb_379|         array|
|fb_380_address0    |  out|    3|   ap_memory|                                                            fb_380|         array|
|fb_380_ce0         |  out|    1|   ap_memory|                                                            fb_380|         array|
|fb_380_we0         |  out|    1|   ap_memory|                                                            fb_380|         array|
|fb_380_d0          |  out|    8|   ap_memory|                                                            fb_380|         array|
|fb_381_address0    |  out|    3|   ap_memory|                                                            fb_381|         array|
|fb_381_ce0         |  out|    1|   ap_memory|                                                            fb_381|         array|
|fb_381_we0         |  out|    1|   ap_memory|                                                            fb_381|         array|
|fb_381_d0          |  out|    8|   ap_memory|                                                            fb_381|         array|
|fb_382_address0    |  out|    3|   ap_memory|                                                            fb_382|         array|
|fb_382_ce0         |  out|    1|   ap_memory|                                                            fb_382|         array|
|fb_382_we0         |  out|    1|   ap_memory|                                                            fb_382|         array|
|fb_382_d0          |  out|    8|   ap_memory|                                                            fb_382|         array|
|fb_383_address0    |  out|    3|   ap_memory|                                                            fb_383|         array|
|fb_383_ce0         |  out|    1|   ap_memory|                                                            fb_383|         array|
|fb_383_we0         |  out|    1|   ap_memory|                                                            fb_383|         array|
|fb_383_d0          |  out|    8|   ap_memory|                                                            fb_383|         array|
|fb_384_address0    |  out|    3|   ap_memory|                                                            fb_384|         array|
|fb_384_ce0         |  out|    1|   ap_memory|                                                            fb_384|         array|
|fb_384_we0         |  out|    1|   ap_memory|                                                            fb_384|         array|
|fb_384_d0          |  out|    8|   ap_memory|                                                            fb_384|         array|
|fb_385_address0    |  out|    3|   ap_memory|                                                            fb_385|         array|
|fb_385_ce0         |  out|    1|   ap_memory|                                                            fb_385|         array|
|fb_385_we0         |  out|    1|   ap_memory|                                                            fb_385|         array|
|fb_385_d0          |  out|    8|   ap_memory|                                                            fb_385|         array|
|fb_386_address0    |  out|    3|   ap_memory|                                                            fb_386|         array|
|fb_386_ce0         |  out|    1|   ap_memory|                                                            fb_386|         array|
|fb_386_we0         |  out|    1|   ap_memory|                                                            fb_386|         array|
|fb_386_d0          |  out|    8|   ap_memory|                                                            fb_386|         array|
|fb_387_address0    |  out|    3|   ap_memory|                                                            fb_387|         array|
|fb_387_ce0         |  out|    1|   ap_memory|                                                            fb_387|         array|
|fb_387_we0         |  out|    1|   ap_memory|                                                            fb_387|         array|
|fb_387_d0          |  out|    8|   ap_memory|                                                            fb_387|         array|
|fb_388_address0    |  out|    3|   ap_memory|                                                            fb_388|         array|
|fb_388_ce0         |  out|    1|   ap_memory|                                                            fb_388|         array|
|fb_388_we0         |  out|    1|   ap_memory|                                                            fb_388|         array|
|fb_388_d0          |  out|    8|   ap_memory|                                                            fb_388|         array|
|fb_389_address0    |  out|    3|   ap_memory|                                                            fb_389|         array|
|fb_389_ce0         |  out|    1|   ap_memory|                                                            fb_389|         array|
|fb_389_we0         |  out|    1|   ap_memory|                                                            fb_389|         array|
|fb_389_d0          |  out|    8|   ap_memory|                                                            fb_389|         array|
|fb_390_address0    |  out|    3|   ap_memory|                                                            fb_390|         array|
|fb_390_ce0         |  out|    1|   ap_memory|                                                            fb_390|         array|
|fb_390_we0         |  out|    1|   ap_memory|                                                            fb_390|         array|
|fb_390_d0          |  out|    8|   ap_memory|                                                            fb_390|         array|
|fb_391_address0    |  out|    3|   ap_memory|                                                            fb_391|         array|
|fb_391_ce0         |  out|    1|   ap_memory|                                                            fb_391|         array|
|fb_391_we0         |  out|    1|   ap_memory|                                                            fb_391|         array|
|fb_391_d0          |  out|    8|   ap_memory|                                                            fb_391|         array|
|fb_392_address0    |  out|    3|   ap_memory|                                                            fb_392|         array|
|fb_392_ce0         |  out|    1|   ap_memory|                                                            fb_392|         array|
|fb_392_we0         |  out|    1|   ap_memory|                                                            fb_392|         array|
|fb_392_d0          |  out|    8|   ap_memory|                                                            fb_392|         array|
|fb_393_address0    |  out|    3|   ap_memory|                                                            fb_393|         array|
|fb_393_ce0         |  out|    1|   ap_memory|                                                            fb_393|         array|
|fb_393_we0         |  out|    1|   ap_memory|                                                            fb_393|         array|
|fb_393_d0          |  out|    8|   ap_memory|                                                            fb_393|         array|
|fb_394_address0    |  out|    3|   ap_memory|                                                            fb_394|         array|
|fb_394_ce0         |  out|    1|   ap_memory|                                                            fb_394|         array|
|fb_394_we0         |  out|    1|   ap_memory|                                                            fb_394|         array|
|fb_394_d0          |  out|    8|   ap_memory|                                                            fb_394|         array|
|fb_395_address0    |  out|    3|   ap_memory|                                                            fb_395|         array|
|fb_395_ce0         |  out|    1|   ap_memory|                                                            fb_395|         array|
|fb_395_we0         |  out|    1|   ap_memory|                                                            fb_395|         array|
|fb_395_d0          |  out|    8|   ap_memory|                                                            fb_395|         array|
|fb_396_address0    |  out|    3|   ap_memory|                                                            fb_396|         array|
|fb_396_ce0         |  out|    1|   ap_memory|                                                            fb_396|         array|
|fb_396_we0         |  out|    1|   ap_memory|                                                            fb_396|         array|
|fb_396_d0          |  out|    8|   ap_memory|                                                            fb_396|         array|
|fb_397_address0    |  out|    3|   ap_memory|                                                            fb_397|         array|
|fb_397_ce0         |  out|    1|   ap_memory|                                                            fb_397|         array|
|fb_397_we0         |  out|    1|   ap_memory|                                                            fb_397|         array|
|fb_397_d0          |  out|    8|   ap_memory|                                                            fb_397|         array|
|fb_398_address0    |  out|    3|   ap_memory|                                                            fb_398|         array|
|fb_398_ce0         |  out|    1|   ap_memory|                                                            fb_398|         array|
|fb_398_we0         |  out|    1|   ap_memory|                                                            fb_398|         array|
|fb_398_d0          |  out|    8|   ap_memory|                                                            fb_398|         array|
|fb_399_address0    |  out|    3|   ap_memory|                                                            fb_399|         array|
|fb_399_ce0         |  out|    1|   ap_memory|                                                            fb_399|         array|
|fb_399_we0         |  out|    1|   ap_memory|                                                            fb_399|         array|
|fb_399_d0          |  out|    8|   ap_memory|                                                            fb_399|         array|
|fb_400_address0    |  out|    3|   ap_memory|                                                            fb_400|         array|
|fb_400_ce0         |  out|    1|   ap_memory|                                                            fb_400|         array|
|fb_400_we0         |  out|    1|   ap_memory|                                                            fb_400|         array|
|fb_400_d0          |  out|    8|   ap_memory|                                                            fb_400|         array|
|fb_401_address0    |  out|    3|   ap_memory|                                                            fb_401|         array|
|fb_401_ce0         |  out|    1|   ap_memory|                                                            fb_401|         array|
|fb_401_we0         |  out|    1|   ap_memory|                                                            fb_401|         array|
|fb_401_d0          |  out|    8|   ap_memory|                                                            fb_401|         array|
|fb_402_address0    |  out|    3|   ap_memory|                                                            fb_402|         array|
|fb_402_ce0         |  out|    1|   ap_memory|                                                            fb_402|         array|
|fb_402_we0         |  out|    1|   ap_memory|                                                            fb_402|         array|
|fb_402_d0          |  out|    8|   ap_memory|                                                            fb_402|         array|
|fb_403_address0    |  out|    3|   ap_memory|                                                            fb_403|         array|
|fb_403_ce0         |  out|    1|   ap_memory|                                                            fb_403|         array|
|fb_403_we0         |  out|    1|   ap_memory|                                                            fb_403|         array|
|fb_403_d0          |  out|    8|   ap_memory|                                                            fb_403|         array|
|fb_404_address0    |  out|    3|   ap_memory|                                                            fb_404|         array|
|fb_404_ce0         |  out|    1|   ap_memory|                                                            fb_404|         array|
|fb_404_we0         |  out|    1|   ap_memory|                                                            fb_404|         array|
|fb_404_d0          |  out|    8|   ap_memory|                                                            fb_404|         array|
|fb_405_address0    |  out|    3|   ap_memory|                                                            fb_405|         array|
|fb_405_ce0         |  out|    1|   ap_memory|                                                            fb_405|         array|
|fb_405_we0         |  out|    1|   ap_memory|                                                            fb_405|         array|
|fb_405_d0          |  out|    8|   ap_memory|                                                            fb_405|         array|
|fb_406_address0    |  out|    3|   ap_memory|                                                            fb_406|         array|
|fb_406_ce0         |  out|    1|   ap_memory|                                                            fb_406|         array|
|fb_406_we0         |  out|    1|   ap_memory|                                                            fb_406|         array|
|fb_406_d0          |  out|    8|   ap_memory|                                                            fb_406|         array|
|fb_407_address0    |  out|    3|   ap_memory|                                                            fb_407|         array|
|fb_407_ce0         |  out|    1|   ap_memory|                                                            fb_407|         array|
|fb_407_we0         |  out|    1|   ap_memory|                                                            fb_407|         array|
|fb_407_d0          |  out|    8|   ap_memory|                                                            fb_407|         array|
|fb_408_address0    |  out|    3|   ap_memory|                                                            fb_408|         array|
|fb_408_ce0         |  out|    1|   ap_memory|                                                            fb_408|         array|
|fb_408_we0         |  out|    1|   ap_memory|                                                            fb_408|         array|
|fb_408_d0          |  out|    8|   ap_memory|                                                            fb_408|         array|
|fb_409_address0    |  out|    3|   ap_memory|                                                            fb_409|         array|
|fb_409_ce0         |  out|    1|   ap_memory|                                                            fb_409|         array|
|fb_409_we0         |  out|    1|   ap_memory|                                                            fb_409|         array|
|fb_409_d0          |  out|    8|   ap_memory|                                                            fb_409|         array|
|fb_410_address0    |  out|    3|   ap_memory|                                                            fb_410|         array|
|fb_410_ce0         |  out|    1|   ap_memory|                                                            fb_410|         array|
|fb_410_we0         |  out|    1|   ap_memory|                                                            fb_410|         array|
|fb_410_d0          |  out|    8|   ap_memory|                                                            fb_410|         array|
|fb_411_address0    |  out|    3|   ap_memory|                                                            fb_411|         array|
|fb_411_ce0         |  out|    1|   ap_memory|                                                            fb_411|         array|
|fb_411_we0         |  out|    1|   ap_memory|                                                            fb_411|         array|
|fb_411_d0          |  out|    8|   ap_memory|                                                            fb_411|         array|
|fb_412_address0    |  out|    3|   ap_memory|                                                            fb_412|         array|
|fb_412_ce0         |  out|    1|   ap_memory|                                                            fb_412|         array|
|fb_412_we0         |  out|    1|   ap_memory|                                                            fb_412|         array|
|fb_412_d0          |  out|    8|   ap_memory|                                                            fb_412|         array|
|fb_413_address0    |  out|    3|   ap_memory|                                                            fb_413|         array|
|fb_413_ce0         |  out|    1|   ap_memory|                                                            fb_413|         array|
|fb_413_we0         |  out|    1|   ap_memory|                                                            fb_413|         array|
|fb_413_d0          |  out|    8|   ap_memory|                                                            fb_413|         array|
|fb_414_address0    |  out|    3|   ap_memory|                                                            fb_414|         array|
|fb_414_ce0         |  out|    1|   ap_memory|                                                            fb_414|         array|
|fb_414_we0         |  out|    1|   ap_memory|                                                            fb_414|         array|
|fb_414_d0          |  out|    8|   ap_memory|                                                            fb_414|         array|
|fb_415_address0    |  out|    3|   ap_memory|                                                            fb_415|         array|
|fb_415_ce0         |  out|    1|   ap_memory|                                                            fb_415|         array|
|fb_415_we0         |  out|    1|   ap_memory|                                                            fb_415|         array|
|fb_415_d0          |  out|    8|   ap_memory|                                                            fb_415|         array|
|fb_416_address0    |  out|    3|   ap_memory|                                                            fb_416|         array|
|fb_416_ce0         |  out|    1|   ap_memory|                                                            fb_416|         array|
|fb_416_we0         |  out|    1|   ap_memory|                                                            fb_416|         array|
|fb_416_d0          |  out|    8|   ap_memory|                                                            fb_416|         array|
|fb_417_address0    |  out|    3|   ap_memory|                                                            fb_417|         array|
|fb_417_ce0         |  out|    1|   ap_memory|                                                            fb_417|         array|
|fb_417_we0         |  out|    1|   ap_memory|                                                            fb_417|         array|
|fb_417_d0          |  out|    8|   ap_memory|                                                            fb_417|         array|
|fb_418_address0    |  out|    3|   ap_memory|                                                            fb_418|         array|
|fb_418_ce0         |  out|    1|   ap_memory|                                                            fb_418|         array|
|fb_418_we0         |  out|    1|   ap_memory|                                                            fb_418|         array|
|fb_418_d0          |  out|    8|   ap_memory|                                                            fb_418|         array|
|fb_419_address0    |  out|    3|   ap_memory|                                                            fb_419|         array|
|fb_419_ce0         |  out|    1|   ap_memory|                                                            fb_419|         array|
|fb_419_we0         |  out|    1|   ap_memory|                                                            fb_419|         array|
|fb_419_d0          |  out|    8|   ap_memory|                                                            fb_419|         array|
|fb_420_address0    |  out|    3|   ap_memory|                                                            fb_420|         array|
|fb_420_ce0         |  out|    1|   ap_memory|                                                            fb_420|         array|
|fb_420_we0         |  out|    1|   ap_memory|                                                            fb_420|         array|
|fb_420_d0          |  out|    8|   ap_memory|                                                            fb_420|         array|
|fb_421_address0    |  out|    3|   ap_memory|                                                            fb_421|         array|
|fb_421_ce0         |  out|    1|   ap_memory|                                                            fb_421|         array|
|fb_421_we0         |  out|    1|   ap_memory|                                                            fb_421|         array|
|fb_421_d0          |  out|    8|   ap_memory|                                                            fb_421|         array|
|fb_422_address0    |  out|    3|   ap_memory|                                                            fb_422|         array|
|fb_422_ce0         |  out|    1|   ap_memory|                                                            fb_422|         array|
|fb_422_we0         |  out|    1|   ap_memory|                                                            fb_422|         array|
|fb_422_d0          |  out|    8|   ap_memory|                                                            fb_422|         array|
|fb_423_address0    |  out|    3|   ap_memory|                                                            fb_423|         array|
|fb_423_ce0         |  out|    1|   ap_memory|                                                            fb_423|         array|
|fb_423_we0         |  out|    1|   ap_memory|                                                            fb_423|         array|
|fb_423_d0          |  out|    8|   ap_memory|                                                            fb_423|         array|
|fb_424_address0    |  out|    3|   ap_memory|                                                            fb_424|         array|
|fb_424_ce0         |  out|    1|   ap_memory|                                                            fb_424|         array|
|fb_424_we0         |  out|    1|   ap_memory|                                                            fb_424|         array|
|fb_424_d0          |  out|    8|   ap_memory|                                                            fb_424|         array|
|fb_425_address0    |  out|    3|   ap_memory|                                                            fb_425|         array|
|fb_425_ce0         |  out|    1|   ap_memory|                                                            fb_425|         array|
|fb_425_we0         |  out|    1|   ap_memory|                                                            fb_425|         array|
|fb_425_d0          |  out|    8|   ap_memory|                                                            fb_425|         array|
|fb_426_address0    |  out|    3|   ap_memory|                                                            fb_426|         array|
|fb_426_ce0         |  out|    1|   ap_memory|                                                            fb_426|         array|
|fb_426_we0         |  out|    1|   ap_memory|                                                            fb_426|         array|
|fb_426_d0          |  out|    8|   ap_memory|                                                            fb_426|         array|
|fb_427_address0    |  out|    3|   ap_memory|                                                            fb_427|         array|
|fb_427_ce0         |  out|    1|   ap_memory|                                                            fb_427|         array|
|fb_427_we0         |  out|    1|   ap_memory|                                                            fb_427|         array|
|fb_427_d0          |  out|    8|   ap_memory|                                                            fb_427|         array|
|fb_428_address0    |  out|    3|   ap_memory|                                                            fb_428|         array|
|fb_428_ce0         |  out|    1|   ap_memory|                                                            fb_428|         array|
|fb_428_we0         |  out|    1|   ap_memory|                                                            fb_428|         array|
|fb_428_d0          |  out|    8|   ap_memory|                                                            fb_428|         array|
|fb_429_address0    |  out|    3|   ap_memory|                                                            fb_429|         array|
|fb_429_ce0         |  out|    1|   ap_memory|                                                            fb_429|         array|
|fb_429_we0         |  out|    1|   ap_memory|                                                            fb_429|         array|
|fb_429_d0          |  out|    8|   ap_memory|                                                            fb_429|         array|
|fb_430_address0    |  out|    3|   ap_memory|                                                            fb_430|         array|
|fb_430_ce0         |  out|    1|   ap_memory|                                                            fb_430|         array|
|fb_430_we0         |  out|    1|   ap_memory|                                                            fb_430|         array|
|fb_430_d0          |  out|    8|   ap_memory|                                                            fb_430|         array|
|empty              |   in|    2|     ap_none|                                                             empty|        scalar|
+-------------------+-----+-----+------------+------------------------------------------------------------------+--------------+

