

================================================================
== Vitis HLS Report for 'conv3d_hidden_layer_12_s'
================================================================
* Date:           Thu Sep  3 17:10:57 2026

* Version:        2023.2 (Build 4023990 on Oct 11 2023)
* Project:        predecoder_csynth_proj
* Solution:       solution1 (Vitis Kernel Flow Target)
* Product family: virtexuplusHBM
* Target device:  xcu55c-fsvh2892-2L-e


================================================================
== Performance Estimates
================================================================
+ Timing: 
    * Summary: 
    +--------+---------+----------+------------+
    |  Clock |  Target | Estimated| Uncertainty|
    +--------+---------+----------+------------+
    |ap_clk  |  3.33 ns|  2.749 ns|     0.90 ns|
    +--------+---------+----------+------------+

+ Latency: 
    * Summary: 
    +---------+---------+----------+----------+------+--------+---------+
    |  Latency (cycles) |  Latency (absolute) |    Interval   | Pipeline|
    |   min   |   max   |    min   |    max   |  min |   max  |   Type  |
    +---------+---------+----------+----------+------+--------+---------+
    |     1321|   136918|  4.399 us|  0.456 ms|  1321|  136918|       no|
    +---------+---------+----------+----------+------+--------+---------+

    + Detail: 
        * Instance: 
        +----------------------------------------------------------------------------------------------+----------------------------------------------------------------------------------+---------+---------+-----------+-----------+------+------+---------+
        |                                                                                              |                                                                                  |  Latency (cycles) |   Latency (absolute)  |   Interval  | Pipeline|
        |                                           Instance                                           |                                      Module                                      |   min   |   max   |    min    |    max    |  min |  max |   Type  |
        +----------------------------------------------------------------------------------------------+----------------------------------------------------------------------------------+---------+---------+-----------+-----------+------+------+---------+
        |grp_conv3d_hidden_layer_Pipeline_RESET_VITIS_LOOP_40_1_VITIS_LOOP_41_2_VITIS_LOOP_42_fu_3952  |conv3d_hidden_layer_Pipeline_RESET_VITIS_LOOP_40_1_VITIS_LOOP_41_2_VITIS_LOOP_42  |     1298|     1298|   4.322 us|   4.322 us|  1298|  1298|       no|
        |grp_conv3d_hidden_layer_12_Pipeline_VITIS_LOOP_46_1_VITIS_LOOP_47_2_fu_4388                   |conv3d_hidden_layer_12_Pipeline_VITIS_LOOP_46_1_VITIS_LOOP_47_2                   |       38|       38|   0.127 us|   0.127 us|    38|    38|       no|
        |grp_conv3d_hidden_layer_12_Pipeline_VITIS_LOOP_89_1_VITIS_LOOP_90_2_fu_4611                   |conv3d_hidden_layer_12_Pipeline_VITIS_LOOP_89_1_VITIS_LOOP_90_2                   |       47|       47|   0.157 us|   0.157 us|    47|    47|       no|
        |grp_conv3d_hidden_layer_12_Pipeline_IC_LOOP_fu_5484                                           |conv3d_hidden_layer_12_Pipeline_IC_LOOP                                           |       17|       17|  56.610 ns|  56.610 ns|    17|    17|       no|
        |grp_conv3d_hidden_layer_12_Pipeline_SUM_PARTIAL_VITIS_LOOP_109_9_fu_5894                      |conv3d_hidden_layer_12_Pipeline_SUM_PARTIAL_VITIS_LOOP_109_9                      |       11|       11|  36.630 ns|  36.630 ns|    11|    11|       no|
        +----------------------------------------------------------------------------------------------+----------------------------------------------------------------------------------+---------+---------+-----------+-----------+------+------+---------+

        * Loop: 
        +------------------------------+---------+---------+-----------+-----------+-----------+------+----------+
        |                              |  Latency (cycles) | Iteration |  Initiation Interval  | Trip |          |
        |           Loop Name          |   min   |   max   |  Latency  |  achieved |   target  | Count| Pipelined|
        +------------------------------+---------+---------+-----------+-----------+-----------+------+----------+
        |- CONV_T                      |       21|   135618|  3 ~ 19374|          -|          -|     7|        no|
        | + CONV_EMIT_VITIS_LOOP_63_4  |    19332|    19332|        537|          -|          -|    36|        no|
        |  ++ OC_LOOP                  |      480|      480|         40|          -|          -|    12|        no|
        +------------------------------+---------+---------+-----------+-----------+-----------+------+----------+



================================================================
== Utilization Estimates
================================================================
* Summary: 
+---------------------+---------+------+---------+---------+-----+
|         Name        | BRAM_18K|  DSP |    FF   |   LUT   | URAM|
+---------------------+---------+------+---------+---------+-----+
|DSP                  |        -|     -|        -|        -|    -|
|Expression           |        -|     -|        0|      349|    -|
|FIFO                 |        -|     -|        -|        -|    -|
|Instance             |        0|    42|     8663|    15823|    -|
|Memory               |        0|     -|     1816|     2035|    0|
|Multiplexer          |        -|     -|        -|    14983|    -|
|Register             |        -|     -|     2927|        -|    -|
+---------------------+---------+------+---------+---------+-----+
|Total                |        0|    42|    13406|    33190|    0|
+---------------------+---------+------+---------+---------+-----+
|Available SLR        |     1344|  3008|   869120|   434560|  320|
+---------------------+---------+------+---------+---------+-----+
|Utilization SLR (%)  |        0|     1|        1|        7|    0|
+---------------------+---------+------+---------+---------+-----+
|Available            |     4032|  9024|  2607360|  1303680|  960|
+---------------------+---------+------+---------+---------+-----+
|Utilization (%)      |        0|    ~0|       ~0|        2|    0|
+---------------------+---------+------+---------+---------+-----+

+ Detail: 
    * Instance: 
    +----------------------------------------------------------------------------------------------+----------------------------------------------------------------------------------+---------+----+------+-------+-----+
    |                                           Instance                                           |                                      Module                                      | BRAM_18K| DSP|  FF  |  LUT  | URAM|
    +----------------------------------------------------------------------------------------------+----------------------------------------------------------------------------------+---------+----+------+-------+-----+
    |grp_conv3d_hidden_layer_12_Pipeline_IC_LOOP_fu_5484                                           |conv3d_hidden_layer_12_Pipeline_IC_LOOP                                           |        0|  27|  1050|   3241|    0|
    |grp_conv3d_hidden_layer_12_Pipeline_SUM_PARTIAL_VITIS_LOOP_109_9_fu_5894                      |conv3d_hidden_layer_12_Pipeline_SUM_PARTIAL_VITIS_LOOP_109_9                      |        0|   0|    77|    395|    0|
    |grp_conv3d_hidden_layer_12_Pipeline_VITIS_LOOP_46_1_VITIS_LOOP_47_2_fu_4388                   |conv3d_hidden_layer_12_Pipeline_VITIS_LOOP_46_1_VITIS_LOOP_47_2                   |        0|   0|    15|    129|    0|
    |grp_conv3d_hidden_layer_12_Pipeline_VITIS_LOOP_89_1_VITIS_LOOP_90_2_fu_4611                   |conv3d_hidden_layer_12_Pipeline_VITIS_LOOP_89_1_VITIS_LOOP_90_2                   |        0|   0|  7026|  11513|    0|
    |grp_conv3d_hidden_layer_Pipeline_RESET_VITIS_LOOP_40_1_VITIS_LOOP_41_2_VITIS_LOOP_42_fu_3952  |conv3d_hidden_layer_Pipeline_RESET_VITIS_LOOP_40_1_VITIS_LOOP_41_2_VITIS_LOOP_42  |        0|   0|    54|    296|    0|
    |mul_87ns_49ns_136_5_1_U2113                                                                   |mul_87ns_49ns_136_5_1                                                             |        0|  15|   441|    249|    0|
    +----------------------------------------------------------------------------------------------+----------------------------------------------------------------------------------+---------+----+------+-------+-----+
    |Total                                                                                         |                                                                                  |        0|  42|  8663|  15823|    0|
    +----------------------------------------------------------------------------------------------+----------------------------------------------------------------------------------+---------+----+------+-------+-----+

    * DSP: 
    N/A

    * Memory: 
    +----------------------------------+---------------------------------------------------------------------+---------+----+----+-----+------+-----+------+-------------+
    |              Memory              |                                Module                               | BRAM_18K| FF | LUT| URAM| Words| Bits| Banks| W*Bits*Banks|
    +----------------------------------+---------------------------------------------------------------------+---------+----+----+-----+------+-----+------+-------------+
    |fb_U                              |conv3d_hidden_layer_12_s_fb_RAM_AUTO_1R1W                            |        0|   8|   9|    0|     6|    8|     1|           48|
    |fb_216_U                          |conv3d_hidden_layer_12_s_fb_RAM_AUTO_1R1W                            |        0|   8|   9|    0|     6|    8|     1|           48|
    |fb_217_U                          |conv3d_hidden_layer_12_s_fb_RAM_AUTO_1R1W                            |        0|   8|   9|    0|     6|    8|     1|           48|
    |fb_218_U                          |conv3d_hidden_layer_12_s_fb_RAM_AUTO_1R1W                            |        0|   8|   9|    0|     6|    8|     1|           48|
    |fb_219_U                          |conv3d_hidden_layer_12_s_fb_RAM_AUTO_1R1W                            |        0|   8|   9|    0|     6|    8|     1|           48|
    |fb_220_U                          |conv3d_hidden_layer_12_s_fb_RAM_AUTO_1R1W                            |        0|   8|   9|    0|     6|    8|     1|           48|
    |fb_221_U                          |conv3d_hidden_layer_12_s_fb_RAM_AUTO_1R1W                            |        0|   8|   9|    0|     6|    8|     1|           48|
    |fb_222_U                          |conv3d_hidden_layer_12_s_fb_RAM_AUTO_1R1W                            |        0|   8|   9|    0|     6|    8|     1|           48|
    |fb_223_U                          |conv3d_hidden_layer_12_s_fb_RAM_AUTO_1R1W                            |        0|   8|   9|    0|     6|    8|     1|           48|
    |fb_224_U                          |conv3d_hidden_layer_12_s_fb_RAM_AUTO_1R1W                            |        0|   8|   9|    0|     6|    8|     1|           48|
    |fb_225_U                          |conv3d_hidden_layer_12_s_fb_RAM_AUTO_1R1W                            |        0|   8|   9|    0|     6|    8|     1|           48|
    |fb_226_U                          |conv3d_hidden_layer_12_s_fb_RAM_AUTO_1R1W                            |        0|   8|   9|    0|     6|    8|     1|           48|
    |fb_227_U                          |conv3d_hidden_layer_12_s_fb_RAM_AUTO_1R1W                            |        0|   8|   9|    0|     6|    8|     1|           48|
    |fb_228_U                          |conv3d_hidden_layer_12_s_fb_RAM_AUTO_1R1W                            |        0|   8|   9|    0|     6|    8|     1|           48|
    |fb_229_U                          |conv3d_hidden_layer_12_s_fb_RAM_AUTO_1R1W                            |        0|   8|   9|    0|     6|    8|     1|           48|
    |fb_230_U                          |conv3d_hidden_layer_12_s_fb_RAM_AUTO_1R1W                            |        0|   8|   9|    0|     6|    8|     1|           48|
    |fb_231_U                          |conv3d_hidden_layer_12_s_fb_RAM_AUTO_1R1W                            |        0|   8|   9|    0|     6|    8|     1|           48|
    |fb_232_U                          |conv3d_hidden_layer_12_s_fb_RAM_AUTO_1R1W                            |        0|   8|   9|    0|     6|    8|     1|           48|
    |fb_233_U                          |conv3d_hidden_layer_12_s_fb_RAM_AUTO_1R1W                            |        0|   8|   9|    0|     6|    8|     1|           48|
    |fb_234_U                          |conv3d_hidden_layer_12_s_fb_RAM_AUTO_1R1W                            |        0|   8|   9|    0|     6|    8|     1|           48|
    |fb_235_U                          |conv3d_hidden_layer_12_s_fb_RAM_AUTO_1R1W                            |        0|   8|   9|    0|     6|    8|     1|           48|
    |fb_236_U                          |conv3d_hidden_layer_12_s_fb_RAM_AUTO_1R1W                            |        0|   8|   9|    0|     6|    8|     1|           48|
    |fb_237_U                          |conv3d_hidden_layer_12_s_fb_RAM_AUTO_1R1W                            |        0|   8|   9|    0|     6|    8|     1|           48|
    |fb_238_U                          |conv3d_hidden_layer_12_s_fb_RAM_AUTO_1R1W                            |        0|   8|   9|    0|     6|    8|     1|           48|
    |fb_239_U                          |conv3d_hidden_layer_12_s_fb_RAM_AUTO_1R1W                            |        0|   8|   9|    0|     6|    8|     1|           48|
    |fb_240_U                          |conv3d_hidden_layer_12_s_fb_RAM_AUTO_1R1W                            |        0|   8|   9|    0|     6|    8|     1|           48|
    |fb_241_U                          |conv3d_hidden_layer_12_s_fb_RAM_AUTO_1R1W                            |        0|   8|   9|    0|     6|    8|     1|           48|
    |fb_242_U                          |conv3d_hidden_layer_12_s_fb_RAM_AUTO_1R1W                            |        0|   8|   9|    0|     6|    8|     1|           48|
    |fb_243_U                          |conv3d_hidden_layer_12_s_fb_RAM_AUTO_1R1W                            |        0|   8|   9|    0|     6|    8|     1|           48|
    |fb_244_U                          |conv3d_hidden_layer_12_s_fb_RAM_AUTO_1R1W                            |        0|   8|   9|    0|     6|    8|     1|           48|
    |fb_245_U                          |conv3d_hidden_layer_12_s_fb_RAM_AUTO_1R1W                            |        0|   8|   9|    0|     6|    8|     1|           48|
    |fb_246_U                          |conv3d_hidden_layer_12_s_fb_RAM_AUTO_1R1W                            |        0|   8|   9|    0|     6|    8|     1|           48|
    |fb_247_U                          |conv3d_hidden_layer_12_s_fb_RAM_AUTO_1R1W                            |        0|   8|   9|    0|     6|    8|     1|           48|
    |fb_248_U                          |conv3d_hidden_layer_12_s_fb_RAM_AUTO_1R1W                            |        0|   8|   9|    0|     6|    8|     1|           48|
    |fb_249_U                          |conv3d_hidden_layer_12_s_fb_RAM_AUTO_1R1W                            |        0|   8|   9|    0|     6|    8|     1|           48|
    |fb_250_U                          |conv3d_hidden_layer_12_s_fb_RAM_AUTO_1R1W                            |        0|   8|   9|    0|     6|    8|     1|           48|
    |fb_251_U                          |conv3d_hidden_layer_12_s_fb_RAM_AUTO_1R1W                            |        0|   8|   9|    0|     6|    8|     1|           48|
    |fb_252_U                          |conv3d_hidden_layer_12_s_fb_RAM_AUTO_1R1W                            |        0|   8|   9|    0|     6|    8|     1|           48|
    |fb_253_U                          |conv3d_hidden_layer_12_s_fb_RAM_AUTO_1R1W                            |        0|   8|   9|    0|     6|    8|     1|           48|
    |fb_254_U                          |conv3d_hidden_layer_12_s_fb_RAM_AUTO_1R1W                            |        0|   8|   9|    0|     6|    8|     1|           48|
    |fb_255_U                          |conv3d_hidden_layer_12_s_fb_RAM_AUTO_1R1W                            |        0|   8|   9|    0|     6|    8|     1|           48|
    |fb_256_U                          |conv3d_hidden_layer_12_s_fb_RAM_AUTO_1R1W                            |        0|   8|   9|    0|     6|    8|     1|           48|
    |fb_257_U                          |conv3d_hidden_layer_12_s_fb_RAM_AUTO_1R1W                            |        0|   8|   9|    0|     6|    8|     1|           48|
    |fb_258_U                          |conv3d_hidden_layer_12_s_fb_RAM_AUTO_1R1W                            |        0|   8|   9|    0|     6|    8|     1|           48|
    |fb_259_U                          |conv3d_hidden_layer_12_s_fb_RAM_AUTO_1R1W                            |        0|   8|   9|    0|     6|    8|     1|           48|
    |fb_260_U                          |conv3d_hidden_layer_12_s_fb_RAM_AUTO_1R1W                            |        0|   8|   9|    0|     6|    8|     1|           48|
    |fb_261_U                          |conv3d_hidden_layer_12_s_fb_RAM_AUTO_1R1W                            |        0|   8|   9|    0|     6|    8|     1|           48|
    |fb_262_U                          |conv3d_hidden_layer_12_s_fb_RAM_AUTO_1R1W                            |        0|   8|   9|    0|     6|    8|     1|           48|
    |fb_263_U                          |conv3d_hidden_layer_12_s_fb_RAM_AUTO_1R1W                            |        0|   8|   9|    0|     6|    8|     1|           48|
    |fb_264_U                          |conv3d_hidden_layer_12_s_fb_RAM_AUTO_1R1W                            |        0|   8|   9|    0|     6|    8|     1|           48|
    |fb_265_U                          |conv3d_hidden_layer_12_s_fb_RAM_AUTO_1R1W                            |        0|   8|   9|    0|     6|    8|     1|           48|
    |fb_266_U                          |conv3d_hidden_layer_12_s_fb_RAM_AUTO_1R1W                            |        0|   8|   9|    0|     6|    8|     1|           48|
    |fb_267_U                          |conv3d_hidden_layer_12_s_fb_RAM_AUTO_1R1W                            |        0|   8|   9|    0|     6|    8|     1|           48|
    |fb_268_U                          |conv3d_hidden_layer_12_s_fb_RAM_AUTO_1R1W                            |        0|   8|   9|    0|     6|    8|     1|           48|
    |fb_269_U                          |conv3d_hidden_layer_12_s_fb_RAM_AUTO_1R1W                            |        0|   8|   9|    0|     6|    8|     1|           48|
    |fb_270_U                          |conv3d_hidden_layer_12_s_fb_RAM_AUTO_1R1W                            |        0|   8|   9|    0|     6|    8|     1|           48|
    |fb_271_U                          |conv3d_hidden_layer_12_s_fb_RAM_AUTO_1R1W                            |        0|   8|   9|    0|     6|    8|     1|           48|
    |fb_272_U                          |conv3d_hidden_layer_12_s_fb_RAM_AUTO_1R1W                            |        0|   8|   9|    0|     6|    8|     1|           48|
    |fb_273_U                          |conv3d_hidden_layer_12_s_fb_RAM_AUTO_1R1W                            |        0|   8|   9|    0|     6|    8|     1|           48|
    |fb_274_U                          |conv3d_hidden_layer_12_s_fb_RAM_AUTO_1R1W                            |        0|   8|   9|    0|     6|    8|     1|           48|
    |fb_275_U                          |conv3d_hidden_layer_12_s_fb_RAM_AUTO_1R1W                            |        0|   8|   9|    0|     6|    8|     1|           48|
    |fb_276_U                          |conv3d_hidden_layer_12_s_fb_RAM_AUTO_1R1W                            |        0|   8|   9|    0|     6|    8|     1|           48|
    |fb_277_U                          |conv3d_hidden_layer_12_s_fb_RAM_AUTO_1R1W                            |        0|   8|   9|    0|     6|    8|     1|           48|
    |fb_278_U                          |conv3d_hidden_layer_12_s_fb_RAM_AUTO_1R1W                            |        0|   8|   9|    0|     6|    8|     1|           48|
    |fb_279_U                          |conv3d_hidden_layer_12_s_fb_RAM_AUTO_1R1W                            |        0|   8|   9|    0|     6|    8|     1|           48|
    |fb_280_U                          |conv3d_hidden_layer_12_s_fb_RAM_AUTO_1R1W                            |        0|   8|   9|    0|     6|    8|     1|           48|
    |fb_281_U                          |conv3d_hidden_layer_12_s_fb_RAM_AUTO_1R1W                            |        0|   8|   9|    0|     6|    8|     1|           48|
    |fb_282_U                          |conv3d_hidden_layer_12_s_fb_RAM_AUTO_1R1W                            |        0|   8|   9|    0|     6|    8|     1|           48|
    |fb_283_U                          |conv3d_hidden_layer_12_s_fb_RAM_AUTO_1R1W                            |        0|   8|   9|    0|     6|    8|     1|           48|
    |fb_284_U                          |conv3d_hidden_layer_12_s_fb_RAM_AUTO_1R1W                            |        0|   8|   9|    0|     6|    8|     1|           48|
    |fb_285_U                          |conv3d_hidden_layer_12_s_fb_RAM_AUTO_1R1W                            |        0|   8|   9|    0|     6|    8|     1|           48|
    |fb_286_U                          |conv3d_hidden_layer_12_s_fb_RAM_AUTO_1R1W                            |        0|   8|   9|    0|     6|    8|     1|           48|
    |fb_287_U                          |conv3d_hidden_layer_12_s_fb_RAM_AUTO_1R1W                            |        0|   8|   9|    0|     6|    8|     1|           48|
    |fb_288_U                          |conv3d_hidden_layer_12_s_fb_RAM_AUTO_1R1W                            |        0|   8|   9|    0|     6|    8|     1|           48|
    |fb_289_U                          |conv3d_hidden_layer_12_s_fb_RAM_AUTO_1R1W                            |        0|   8|   9|    0|     6|    8|     1|           48|
    |fb_290_U                          |conv3d_hidden_layer_12_s_fb_RAM_AUTO_1R1W                            |        0|   8|   9|    0|     6|    8|     1|           48|
    |fb_291_U                          |conv3d_hidden_layer_12_s_fb_RAM_AUTO_1R1W                            |        0|   8|   9|    0|     6|    8|     1|           48|
    |fb_292_U                          |conv3d_hidden_layer_12_s_fb_RAM_AUTO_1R1W                            |        0|   8|   9|    0|     6|    8|     1|           48|
    |fb_293_U                          |conv3d_hidden_layer_12_s_fb_RAM_AUTO_1R1W                            |        0|   8|   9|    0|     6|    8|     1|           48|
    |fb_294_U                          |conv3d_hidden_layer_12_s_fb_RAM_AUTO_1R1W                            |        0|   8|   9|    0|     6|    8|     1|           48|
    |fb_295_U                          |conv3d_hidden_layer_12_s_fb_RAM_AUTO_1R1W                            |        0|   8|   9|    0|     6|    8|     1|           48|
    |fb_296_U                          |conv3d_hidden_layer_12_s_fb_RAM_AUTO_1R1W                            |        0|   8|   9|    0|     6|    8|     1|           48|
    |fb_297_U                          |conv3d_hidden_layer_12_s_fb_RAM_AUTO_1R1W                            |        0|   8|   9|    0|     6|    8|     1|           48|
    |fb_298_U                          |conv3d_hidden_layer_12_s_fb_RAM_AUTO_1R1W                            |        0|   8|   9|    0|     6|    8|     1|           48|
    |fb_299_U                          |conv3d_hidden_layer_12_s_fb_RAM_AUTO_1R1W                            |        0|   8|   9|    0|     6|    8|     1|           48|
    |fb_300_U                          |conv3d_hidden_layer_12_s_fb_RAM_AUTO_1R1W                            |        0|   8|   9|    0|     6|    8|     1|           48|
    |fb_301_U                          |conv3d_hidden_layer_12_s_fb_RAM_AUTO_1R1W                            |        0|   8|   9|    0|     6|    8|     1|           48|
    |fb_302_U                          |conv3d_hidden_layer_12_s_fb_RAM_AUTO_1R1W                            |        0|   8|   9|    0|     6|    8|     1|           48|
    |fb_303_U                          |conv3d_hidden_layer_12_s_fb_RAM_AUTO_1R1W                            |        0|   8|   9|    0|     6|    8|     1|           48|
    |fb_304_U                          |conv3d_hidden_layer_12_s_fb_RAM_AUTO_1R1W                            |        0|   8|   9|    0|     6|    8|     1|           48|
    |fb_305_U                          |conv3d_hidden_layer_12_s_fb_RAM_AUTO_1R1W                            |        0|   8|   9|    0|     6|    8|     1|           48|
    |fb_306_U                          |conv3d_hidden_layer_12_s_fb_RAM_AUTO_1R1W                            |        0|   8|   9|    0|     6|    8|     1|           48|
    |fb_307_U                          |conv3d_hidden_layer_12_s_fb_RAM_AUTO_1R1W                            |        0|   8|   9|    0|     6|    8|     1|           48|
    |fb_308_U                          |conv3d_hidden_layer_12_s_fb_RAM_AUTO_1R1W                            |        0|   8|   9|    0|     6|    8|     1|           48|
    |fb_309_U                          |conv3d_hidden_layer_12_s_fb_RAM_AUTO_1R1W                            |        0|   8|   9|    0|     6|    8|     1|           48|
    |fb_310_U                          |conv3d_hidden_layer_12_s_fb_RAM_AUTO_1R1W                            |        0|   8|   9|    0|     6|    8|     1|           48|
    |fb_311_U                          |conv3d_hidden_layer_12_s_fb_RAM_AUTO_1R1W                            |        0|   8|   9|    0|     6|    8|     1|           48|
    |fb_312_U                          |conv3d_hidden_layer_12_s_fb_RAM_AUTO_1R1W                            |        0|   8|   9|    0|     6|    8|     1|           48|
    |fb_313_U                          |conv3d_hidden_layer_12_s_fb_RAM_AUTO_1R1W                            |        0|   8|   9|    0|     6|    8|     1|           48|
    |fb_314_U                          |conv3d_hidden_layer_12_s_fb_RAM_AUTO_1R1W                            |        0|   8|   9|    0|     6|    8|     1|           48|
    |fb_315_U                          |conv3d_hidden_layer_12_s_fb_RAM_AUTO_1R1W                            |        0|   8|   9|    0|     6|    8|     1|           48|
    |fb_316_U                          |conv3d_hidden_layer_12_s_fb_RAM_AUTO_1R1W                            |        0|   8|   9|    0|     6|    8|     1|           48|
    |fb_317_U                          |conv3d_hidden_layer_12_s_fb_RAM_AUTO_1R1W                            |        0|   8|   9|    0|     6|    8|     1|           48|
    |fb_318_U                          |conv3d_hidden_layer_12_s_fb_RAM_AUTO_1R1W                            |        0|   8|   9|    0|     6|    8|     1|           48|
    |fb_319_U                          |conv3d_hidden_layer_12_s_fb_RAM_AUTO_1R1W                            |        0|   8|   9|    0|     6|    8|     1|           48|
    |fb_320_U                          |conv3d_hidden_layer_12_s_fb_RAM_AUTO_1R1W                            |        0|   8|   9|    0|     6|    8|     1|           48|
    |fb_321_U                          |conv3d_hidden_layer_12_s_fb_RAM_AUTO_1R1W                            |        0|   8|   9|    0|     6|    8|     1|           48|
    |fb_322_U                          |conv3d_hidden_layer_12_s_fb_RAM_AUTO_1R1W                            |        0|   8|   9|    0|     6|    8|     1|           48|
    |fb_323_U                          |conv3d_hidden_layer_12_s_fb_RAM_AUTO_1R1W                            |        0|   8|   9|    0|     6|    8|     1|           48|
    |fb_324_U                          |conv3d_hidden_layer_12_s_fb_RAM_AUTO_1R1W                            |        0|   8|   9|    0|     6|    8|     1|           48|
    |fb_325_U                          |conv3d_hidden_layer_12_s_fb_RAM_AUTO_1R1W                            |        0|   8|   9|    0|     6|    8|     1|           48|
    |fb_326_U                          |conv3d_hidden_layer_12_s_fb_RAM_AUTO_1R1W                            |        0|   8|   9|    0|     6|    8|     1|           48|
    |fb_327_U                          |conv3d_hidden_layer_12_s_fb_RAM_AUTO_1R1W                            |        0|   8|   9|    0|     6|    8|     1|           48|
    |fb_328_U                          |conv3d_hidden_layer_12_s_fb_RAM_AUTO_1R1W                            |        0|   8|   9|    0|     6|    8|     1|           48|
    |fb_329_U                          |conv3d_hidden_layer_12_s_fb_RAM_AUTO_1R1W                            |        0|   8|   9|    0|     6|    8|     1|           48|
    |fb_330_U                          |conv3d_hidden_layer_12_s_fb_RAM_AUTO_1R1W                            |        0|   8|   9|    0|     6|    8|     1|           48|
    |fb_331_U                          |conv3d_hidden_layer_12_s_fb_RAM_AUTO_1R1W                            |        0|   8|   9|    0|     6|    8|     1|           48|
    |fb_332_U                          |conv3d_hidden_layer_12_s_fb_RAM_AUTO_1R1W                            |        0|   8|   9|    0|     6|    8|     1|           48|
    |fb_333_U                          |conv3d_hidden_layer_12_s_fb_RAM_AUTO_1R1W                            |        0|   8|   9|    0|     6|    8|     1|           48|
    |fb_334_U                          |conv3d_hidden_layer_12_s_fb_RAM_AUTO_1R1W                            |        0|   8|   9|    0|     6|    8|     1|           48|
    |fb_335_U                          |conv3d_hidden_layer_12_s_fb_RAM_AUTO_1R1W                            |        0|   8|   9|    0|     6|    8|     1|           48|
    |fb_336_U                          |conv3d_hidden_layer_12_s_fb_RAM_AUTO_1R1W                            |        0|   8|   9|    0|     6|    8|     1|           48|
    |fb_337_U                          |conv3d_hidden_layer_12_s_fb_RAM_AUTO_1R1W                            |        0|   8|   9|    0|     6|    8|     1|           48|
    |fb_338_U                          |conv3d_hidden_layer_12_s_fb_RAM_AUTO_1R1W                            |        0|   8|   9|    0|     6|    8|     1|           48|
    |fb_339_U                          |conv3d_hidden_layer_12_s_fb_RAM_AUTO_1R1W                            |        0|   8|   9|    0|     6|    8|     1|           48|
    |fb_340_U                          |conv3d_hidden_layer_12_s_fb_RAM_AUTO_1R1W                            |        0|   8|   9|    0|     6|    8|     1|           48|
    |fb_341_U                          |conv3d_hidden_layer_12_s_fb_RAM_AUTO_1R1W                            |        0|   8|   9|    0|     6|    8|     1|           48|
    |fb_342_U                          |conv3d_hidden_layer_12_s_fb_RAM_AUTO_1R1W                            |        0|   8|   9|    0|     6|    8|     1|           48|
    |fb_343_U                          |conv3d_hidden_layer_12_s_fb_RAM_AUTO_1R1W                            |        0|   8|   9|    0|     6|    8|     1|           48|
    |fb_344_U                          |conv3d_hidden_layer_12_s_fb_RAM_AUTO_1R1W                            |        0|   8|   9|    0|     6|    8|     1|           48|
    |fb_345_U                          |conv3d_hidden_layer_12_s_fb_RAM_AUTO_1R1W                            |        0|   8|   9|    0|     6|    8|     1|           48|
    |fb_346_U                          |conv3d_hidden_layer_12_s_fb_RAM_AUTO_1R1W                            |        0|   8|   9|    0|     6|    8|     1|           48|
    |fb_347_U                          |conv3d_hidden_layer_12_s_fb_RAM_AUTO_1R1W                            |        0|   8|   9|    0|     6|    8|     1|           48|
    |fb_348_U                          |conv3d_hidden_layer_12_s_fb_RAM_AUTO_1R1W                            |        0|   8|   9|    0|     6|    8|     1|           48|
    |fb_349_U                          |conv3d_hidden_layer_12_s_fb_RAM_AUTO_1R1W                            |        0|   8|   9|    0|     6|    8|     1|           48|
    |fb_350_U                          |conv3d_hidden_layer_12_s_fb_RAM_AUTO_1R1W                            |        0|   8|   9|    0|     6|    8|     1|           48|
    |fb_351_U                          |conv3d_hidden_layer_12_s_fb_RAM_AUTO_1R1W                            |        0|   8|   9|    0|     6|    8|     1|           48|
    |fb_352_U                          |conv3d_hidden_layer_12_s_fb_RAM_AUTO_1R1W                            |        0|   8|   9|    0|     6|    8|     1|           48|
    |fb_353_U                          |conv3d_hidden_layer_12_s_fb_RAM_AUTO_1R1W                            |        0|   8|   9|    0|     6|    8|     1|           48|
    |fb_354_U                          |conv3d_hidden_layer_12_s_fb_RAM_AUTO_1R1W                            |        0|   8|   9|    0|     6|    8|     1|           48|
    |fb_355_U                          |conv3d_hidden_layer_12_s_fb_RAM_AUTO_1R1W                            |        0|   8|   9|    0|     6|    8|     1|           48|
    |fb_356_U                          |conv3d_hidden_layer_12_s_fb_RAM_AUTO_1R1W                            |        0|   8|   9|    0|     6|    8|     1|           48|
    |fb_357_U                          |conv3d_hidden_layer_12_s_fb_RAM_AUTO_1R1W                            |        0|   8|   9|    0|     6|    8|     1|           48|
    |fb_358_U                          |conv3d_hidden_layer_12_s_fb_RAM_AUTO_1R1W                            |        0|   8|   9|    0|     6|    8|     1|           48|
    |fb_359_U                          |conv3d_hidden_layer_12_s_fb_RAM_AUTO_1R1W                            |        0|   8|   9|    0|     6|    8|     1|           48|
    |fb_360_U                          |conv3d_hidden_layer_12_s_fb_RAM_AUTO_1R1W                            |        0|   8|   9|    0|     6|    8|     1|           48|
    |fb_361_U                          |conv3d_hidden_layer_12_s_fb_RAM_AUTO_1R1W                            |        0|   8|   9|    0|     6|    8|     1|           48|
    |fb_362_U                          |conv3d_hidden_layer_12_s_fb_RAM_AUTO_1R1W                            |        0|   8|   9|    0|     6|    8|     1|           48|
    |fb_363_U                          |conv3d_hidden_layer_12_s_fb_RAM_AUTO_1R1W                            |        0|   8|   9|    0|     6|    8|     1|           48|
    |fb_364_U                          |conv3d_hidden_layer_12_s_fb_RAM_AUTO_1R1W                            |        0|   8|   9|    0|     6|    8|     1|           48|
    |fb_365_U                          |conv3d_hidden_layer_12_s_fb_RAM_AUTO_1R1W                            |        0|   8|   9|    0|     6|    8|     1|           48|
    |fb_366_U                          |conv3d_hidden_layer_12_s_fb_RAM_AUTO_1R1W                            |        0|   8|   9|    0|     6|    8|     1|           48|
    |fb_367_U                          |conv3d_hidden_layer_12_s_fb_RAM_AUTO_1R1W                            |        0|   8|   9|    0|     6|    8|     1|           48|
    |fb_368_U                          |conv3d_hidden_layer_12_s_fb_RAM_AUTO_1R1W                            |        0|   8|   9|    0|     6|    8|     1|           48|
    |fb_369_U                          |conv3d_hidden_layer_12_s_fb_RAM_AUTO_1R1W                            |        0|   8|   9|    0|     6|    8|     1|           48|
    |fb_370_U                          |conv3d_hidden_layer_12_s_fb_RAM_AUTO_1R1W                            |        0|   8|   9|    0|     6|    8|     1|           48|
    |fb_371_U                          |conv3d_hidden_layer_12_s_fb_RAM_AUTO_1R1W                            |        0|   8|   9|    0|     6|    8|     1|           48|
    |fb_372_U                          |conv3d_hidden_layer_12_s_fb_RAM_AUTO_1R1W                            |        0|   8|   9|    0|     6|    8|     1|           48|
    |fb_373_U                          |conv3d_hidden_layer_12_s_fb_RAM_AUTO_1R1W                            |        0|   8|   9|    0|     6|    8|     1|           48|
    |fb_374_U                          |conv3d_hidden_layer_12_s_fb_RAM_AUTO_1R1W                            |        0|   8|   9|    0|     6|    8|     1|           48|
    |fb_375_U                          |conv3d_hidden_layer_12_s_fb_RAM_AUTO_1R1W                            |        0|   8|   9|    0|     6|    8|     1|           48|
    |fb_376_U                          |conv3d_hidden_layer_12_s_fb_RAM_AUTO_1R1W                            |        0|   8|   9|    0|     6|    8|     1|           48|
    |fb_377_U                          |conv3d_hidden_layer_12_s_fb_RAM_AUTO_1R1W                            |        0|   8|   9|    0|     6|    8|     1|           48|
    |fb_378_U                          |conv3d_hidden_layer_12_s_fb_RAM_AUTO_1R1W                            |        0|   8|   9|    0|     6|    8|     1|           48|
    |fb_379_U                          |conv3d_hidden_layer_12_s_fb_RAM_AUTO_1R1W                            |        0|   8|   9|    0|     6|    8|     1|           48|
    |fb_380_U                          |conv3d_hidden_layer_12_s_fb_RAM_AUTO_1R1W                            |        0|   8|   9|    0|     6|    8|     1|           48|
    |fb_381_U                          |conv3d_hidden_layer_12_s_fb_RAM_AUTO_1R1W                            |        0|   8|   9|    0|     6|    8|     1|           48|
    |fb_382_U                          |conv3d_hidden_layer_12_s_fb_RAM_AUTO_1R1W                            |        0|   8|   9|    0|     6|    8|     1|           48|
    |fb_383_U                          |conv3d_hidden_layer_12_s_fb_RAM_AUTO_1R1W                            |        0|   8|   9|    0|     6|    8|     1|           48|
    |fb_384_U                          |conv3d_hidden_layer_12_s_fb_RAM_AUTO_1R1W                            |        0|   8|   9|    0|     6|    8|     1|           48|
    |fb_385_U                          |conv3d_hidden_layer_12_s_fb_RAM_AUTO_1R1W                            |        0|   8|   9|    0|     6|    8|     1|           48|
    |fb_386_U                          |conv3d_hidden_layer_12_s_fb_RAM_AUTO_1R1W                            |        0|   8|   9|    0|     6|    8|     1|           48|
    |fb_387_U                          |conv3d_hidden_layer_12_s_fb_RAM_AUTO_1R1W                            |        0|   8|   9|    0|     6|    8|     1|           48|
    |fb_388_U                          |conv3d_hidden_layer_12_s_fb_RAM_AUTO_1R1W                            |        0|   8|   9|    0|     6|    8|     1|           48|
    |fb_389_U                          |conv3d_hidden_layer_12_s_fb_RAM_AUTO_1R1W                            |        0|   8|   9|    0|     6|    8|     1|           48|
    |fb_390_U                          |conv3d_hidden_layer_12_s_fb_RAM_AUTO_1R1W                            |        0|   8|   9|    0|     6|    8|     1|           48|
    |fb_391_U                          |conv3d_hidden_layer_12_s_fb_RAM_AUTO_1R1W                            |        0|   8|   9|    0|     6|    8|     1|           48|
    |fb_392_U                          |conv3d_hidden_layer_12_s_fb_RAM_AUTO_1R1W                            |        0|   8|   9|    0|     6|    8|     1|           48|
    |fb_393_U                          |conv3d_hidden_layer_12_s_fb_RAM_AUTO_1R1W                            |        0|   8|   9|    0|     6|    8|     1|           48|
    |fb_394_U                          |conv3d_hidden_layer_12_s_fb_RAM_AUTO_1R1W                            |        0|   8|   9|    0|     6|    8|     1|           48|
    |fb_395_U                          |conv3d_hidden_layer_12_s_fb_RAM_AUTO_1R1W                            |        0|   8|   9|    0|     6|    8|     1|           48|
    |fb_396_U                          |conv3d_hidden_layer_12_s_fb_RAM_AUTO_1R1W                            |        0|   8|   9|    0|     6|    8|     1|           48|
    |fb_397_U                          |conv3d_hidden_layer_12_s_fb_RAM_AUTO_1R1W                            |        0|   8|   9|    0|     6|    8|     1|           48|
    |fb_398_U                          |conv3d_hidden_layer_12_s_fb_RAM_AUTO_1R1W                            |        0|   8|   9|    0|     6|    8|     1|           48|
    |fb_399_U                          |conv3d_hidden_layer_12_s_fb_RAM_AUTO_1R1W                            |        0|   8|   9|    0|     6|    8|     1|           48|
    |fb_400_U                          |conv3d_hidden_layer_12_s_fb_RAM_AUTO_1R1W                            |        0|   8|   9|    0|     6|    8|     1|           48|
    |fb_401_U                          |conv3d_hidden_layer_12_s_fb_RAM_AUTO_1R1W                            |        0|   8|   9|    0|     6|    8|     1|           48|
    |fb_402_U                          |conv3d_hidden_layer_12_s_fb_RAM_AUTO_1R1W                            |        0|   8|   9|    0|     6|    8|     1|           48|
    |fb_403_U                          |conv3d_hidden_layer_12_s_fb_RAM_AUTO_1R1W                            |        0|   8|   9|    0|     6|    8|     1|           48|
    |fb_404_U                          |conv3d_hidden_layer_12_s_fb_RAM_AUTO_1R1W                            |        0|   8|   9|    0|     6|    8|     1|           48|
    |fb_405_U                          |conv3d_hidden_layer_12_s_fb_RAM_AUTO_1R1W                            |        0|   8|   9|    0|     6|    8|     1|           48|
    |fb_406_U                          |conv3d_hidden_layer_12_s_fb_RAM_AUTO_1R1W                            |        0|   8|   9|    0|     6|    8|     1|           48|
    |fb_407_U                          |conv3d_hidden_layer_12_s_fb_RAM_AUTO_1R1W                            |        0|   8|   9|    0|     6|    8|     1|           48|
    |fb_408_U                          |conv3d_hidden_layer_12_s_fb_RAM_AUTO_1R1W                            |        0|   8|   9|    0|     6|    8|     1|           48|
    |fb_409_U                          |conv3d_hidden_layer_12_s_fb_RAM_AUTO_1R1W                            |        0|   8|   9|    0|     6|    8|     1|           48|
    |fb_410_U                          |conv3d_hidden_layer_12_s_fb_RAM_AUTO_1R1W                            |        0|   8|   9|    0|     6|    8|     1|           48|
    |fb_411_U                          |conv3d_hidden_layer_12_s_fb_RAM_AUTO_1R1W                            |        0|   8|   9|    0|     6|    8|     1|           48|
    |fb_412_U                          |conv3d_hidden_layer_12_s_fb_RAM_AUTO_1R1W                            |        0|   8|   9|    0|     6|    8|     1|           48|
    |fb_413_U                          |conv3d_hidden_layer_12_s_fb_RAM_AUTO_1R1W                            |        0|   8|   9|    0|     6|    8|     1|           48|
    |fb_414_U                          |conv3d_hidden_layer_12_s_fb_RAM_AUTO_1R1W                            |        0|   8|   9|    0|     6|    8|     1|           48|
    |fb_415_U                          |conv3d_hidden_layer_12_s_fb_RAM_AUTO_1R1W                            |        0|   8|   9|    0|     6|    8|     1|           48|
    |fb_416_U                          |conv3d_hidden_layer_12_s_fb_RAM_AUTO_1R1W                            |        0|   8|   9|    0|     6|    8|     1|           48|
    |fb_417_U                          |conv3d_hidden_layer_12_s_fb_RAM_AUTO_1R1W                            |        0|   8|   9|    0|     6|    8|     1|           48|
    |fb_418_U                          |conv3d_hidden_layer_12_s_fb_RAM_AUTO_1R1W                            |        0|   8|   9|    0|     6|    8|     1|           48|
    |fb_419_U                          |conv3d_hidden_layer_12_s_fb_RAM_AUTO_1R1W                            |        0|   8|   9|    0|     6|    8|     1|           48|
    |fb_420_U                          |conv3d_hidden_layer_12_s_fb_RAM_AUTO_1R1W                            |        0|   8|   9|    0|     6|    8|     1|           48|
    |fb_421_U                          |conv3d_hidden_layer_12_s_fb_RAM_AUTO_1R1W                            |        0|   8|   9|    0|     6|    8|     1|           48|
    |fb_422_U                          |conv3d_hidden_layer_12_s_fb_RAM_AUTO_1R1W                            |        0|   8|   9|    0|     6|    8|     1|           48|
    |fb_423_U                          |conv3d_hidden_layer_12_s_fb_RAM_AUTO_1R1W                            |        0|   8|   9|    0|     6|    8|     1|           48|
    |fb_424_U                          |conv3d_hidden_layer_12_s_fb_RAM_AUTO_1R1W                            |        0|   8|   9|    0|     6|    8|     1|           48|
    |fb_425_U                          |conv3d_hidden_layer_12_s_fb_RAM_AUTO_1R1W                            |        0|   8|   9|    0|     6|    8|     1|           48|
    |fb_426_U                          |conv3d_hidden_layer_12_s_fb_RAM_AUTO_1R1W                            |        0|   8|   9|    0|     6|    8|     1|           48|
    |fb_427_U                          |conv3d_hidden_layer_12_s_fb_RAM_AUTO_1R1W                            |        0|   8|   9|    0|     6|    8|     1|           48|
    |fb_428_U                          |conv3d_hidden_layer_12_s_fb_RAM_AUTO_1R1W                            |        0|   8|   9|    0|     6|    8|     1|           48|
    |fb_429_U                          |conv3d_hidden_layer_12_s_fb_RAM_AUTO_1R1W                            |        0|   8|   9|    0|     6|    8|     1|           48|
    |fb_430_U                          |conv3d_hidden_layer_12_s_fb_RAM_AUTO_1R1W                            |        0|   8|   9|    0|     6|    8|     1|           48|
    |layer1_mult_U                     |conv3d_hidden_layer_12_s_layer1_mult_ROM_AUTO_1R                     |        0|  64|  65|    0|    12|   33|     1|          396|
    |predecoder_weights_LAYER1_BIAS_U  |conv3d_hidden_layer_12_s_predecoder_weights_LAYER1_BIAS_ROM_AUTO_1R  |        0|  16|  17|    0|    12|   14|     1|          168|
    |out_U                             |conv3d_hidden_layer_1_s_out_RAM_AUTO_1R1W                            |        0|   8|   9|    0|    12|    8|     1|           96|
    +----------------------------------+---------------------------------------------------------------------+---------+----+----+-----+------+-----+------+-------------+
    |Total                             |                                                                     |        0|1816|2035|    0|  1332| 1783|   219|        11028|
    +----------------------------------+---------------------------------------------------------------------+---------+----+----+-----+------+-----+------+-------------+

    * FIFO: 
    N/A

    * Expression: 
    +--------------------------+----------+----+---+-----+------------+------------+
    |       Variable Name      | Operation| DSP| FF| LUT | Bitwidth P0| Bitwidth P1|
    +--------------------------+----------+----+---+-----+------------+------------+
    |add_ln43_fu_5946_p2       |         +|   0|  0|   10|           3|           1|
    |add_ln59_fu_5987_p2       |         +|   0|  0|   12|           4|           2|
    |add_ln62_2_fu_6006_p2     |         +|   0|  0|   13|           6|           1|
    |add_ln62_fu_7308_p2       |         +|   0|  0|   10|           3|           1|
    |add_ln64_fu_7338_p2       |         +|   0|  0|   10|           3|           1|
    |add_ln69_fu_8340_p2       |         +|   0|  0|   12|           4|           1|
    |empty_72_fu_5972_p2       |         +|   0|  0|    9|           2|           1|
    |rounded_fu_9843_p2        |         +|   0|  0|  107|          80|          56|
    |empty_76_fu_8366_p2       |         -|   0|  0|   15|           8|           8|
    |cmp8_i_i_fu_7344_p2       |      icmp|   0|  0|   10|           3|           1|
    |cmp9_i_i_2_fu_7351_p2     |      icmp|   0|  0|   10|           3|           3|
    |empty_fu_5962_p2          |      icmp|   0|  0|   10|           3|           2|
    |icmp_ln120_fu_9858_p2     |      icmp|   0|  0|   23|          16|           1|
    |icmp_ln43_fu_5940_p2      |      icmp|   0|  0|   10|           3|           2|
    |icmp_ln45_fu_5956_p2      |      icmp|   0|  0|   10|           3|           3|
    |icmp_ln62_fu_6000_p2      |      icmp|   0|  0|   13|           6|           6|
    |icmp_ln63_fu_7314_p2      |      icmp|   0|  0|   10|           3|           3|
    |icmp_ln69_fu_8334_p2      |      icmp|   0|  0|   12|           4|           4|
    |ap_block_state1           |        or|   0|  0|    2|           1|           1|
    |empty_73_fu_5978_p3       |    select|   0|  0|    2|           1|           2|
    |select_ln114_fu_9797_p3   |    select|   0|  0|   25|           1|           1|
    |select_ln121_fu_9874_p3   |    select|   0|  0|    8|           1|           2|
    |select_ln62_2_fu_7329_p3  |    select|   0|  0|    3|           1|           3|
    |select_ln62_fu_7320_p3    |    select|   0|  0|    3|           1|           1|
    +--------------------------+----------+----+---+-----+------------+------------+
    |Total                     |          |   0|  0|  349|         163|         107|
    +--------------------------+----------+----+---+-----+------------+------------+

    * Multiplexer: 
    +---------------------------+-----+-----------+-----+-----------+
    |            Name           | LUT | Input Size| Bits| Total Bits|
    +---------------------------+-----+-----------+-----+-----------+
    |ap_NS_fsm                  |  134|         27|    1|         27|
    |ap_done                    |    9|          2|    1|          2|
    |fb_216_address0            |   20|          4|    3|         12|
    |fb_216_ce0                 |   20|          4|    1|          4|
    |fb_216_d0                  |   14|          3|    8|         24|
    |fb_216_we0                 |   14|          3|    1|          3|
    |fb_217_address0            |   20|          4|    3|         12|
    |fb_217_ce0                 |   20|          4|    1|          4|
    |fb_217_d0                  |   14|          3|    8|         24|
    |fb_217_we0                 |   14|          3|    1|          3|
    |fb_218_address0            |   20|          4|    3|         12|
    |fb_218_ce0                 |   20|          4|    1|          4|
    |fb_218_d0                  |   14|          3|    8|         24|
    |fb_218_we0                 |   14|          3|    1|          3|
    |fb_219_address0            |   20|          4|    3|         12|
    |fb_219_ce0                 |   20|          4|    1|          4|
    |fb_219_d0                  |   14|          3|    8|         24|
    |fb_219_we0                 |   14|          3|    1|          3|
    |fb_220_address0            |   20|          4|    3|         12|
    |fb_220_ce0                 |   20|          4|    1|          4|
    |fb_220_d0                  |   14|          3|    8|         24|
    |fb_220_we0                 |   14|          3|    1|          3|
    |fb_221_address0            |   20|          4|    3|         12|
    |fb_221_ce0                 |   20|          4|    1|          4|
    |fb_221_d0                  |   14|          3|    8|         24|
    |fb_221_we0                 |   14|          3|    1|          3|
    |fb_222_address0            |   20|          4|    3|         12|
    |fb_222_ce0                 |   20|          4|    1|          4|
    |fb_222_d0                  |   14|          3|    8|         24|
    |fb_222_we0                 |   14|          3|    1|          3|
    |fb_223_address0            |   20|          4|    3|         12|
    |fb_223_ce0                 |   20|          4|    1|          4|
    |fb_223_d0                  |   14|          3|    8|         24|
    |fb_223_we0                 |   14|          3|    1|          3|
    |fb_224_address0            |   20|          4|    3|         12|
    |fb_224_ce0                 |   20|          4|    1|          4|
    |fb_224_d0                  |   14|          3|    8|         24|
    |fb_224_we0                 |   14|          3|    1|          3|
    |fb_225_address0            |   20|          4|    3|         12|
    |fb_225_ce0                 |   20|          4|    1|          4|
    |fb_225_d0                  |   14|          3|    8|         24|
    |fb_225_we0                 |   14|          3|    1|          3|
    |fb_226_address0            |   20|          4|    3|         12|
    |fb_226_ce0                 |   20|          4|    1|          4|
    |fb_226_d0                  |   14|          3|    8|         24|
    |fb_226_we0                 |   14|          3|    1|          3|
    |fb_227_address0            |   20|          4|    3|         12|
    |fb_227_ce0                 |   20|          4|    1|          4|
    |fb_227_d0                  |   14|          3|    8|         24|
    |fb_227_we0                 |   14|          3|    1|          3|
    |fb_228_address0            |   20|          4|    3|         12|
    |fb_228_ce0                 |   20|          4|    1|          4|
    |fb_228_d0                  |   14|          3|    8|         24|
    |fb_228_we0                 |   14|          3|    1|          3|
    |fb_229_address0            |   20|          4|    3|         12|
    |fb_229_ce0                 |   20|          4|    1|          4|
    |fb_229_d0                  |   14|          3|    8|         24|
    |fb_229_we0                 |   14|          3|    1|          3|
    |fb_230_address0            |   20|          4|    3|         12|
    |fb_230_ce0                 |   20|          4|    1|          4|
    |fb_230_d0                  |   14|          3|    8|         24|
    |fb_230_we0                 |   14|          3|    1|          3|
    |fb_231_address0            |   20|          4|    3|         12|
    |fb_231_ce0                 |   20|          4|    1|          4|
    |fb_231_d0                  |   14|          3|    8|         24|
    |fb_231_we0                 |   14|          3|    1|          3|
    |fb_232_address0            |   20|          4|    3|         12|
    |fb_232_ce0                 |   20|          4|    1|          4|
    |fb_232_d0                  |   14|          3|    8|         24|
    |fb_232_we0                 |   14|          3|    1|          3|
    |fb_233_address0            |   20|          4|    3|         12|
    |fb_233_ce0                 |   20|          4|    1|          4|
    |fb_233_d0                  |   14|          3|    8|         24|
    |fb_233_we0                 |   14|          3|    1|          3|
    |fb_234_address0            |   20|          4|    3|         12|
    |fb_234_ce0                 |   20|          4|    1|          4|
    |fb_234_d0                  |   14|          3|    8|         24|
    |fb_234_we0                 |   14|          3|    1|          3|
    |fb_235_address0            |   20|          4|    3|         12|
    |fb_235_ce0                 |   20|          4|    1|          4|
    |fb_235_d0                  |   14|          3|    8|         24|
    |fb_235_we0                 |   14|          3|    1|          3|
    |fb_236_address0            |   20|          4|    3|         12|
    |fb_236_ce0                 |   20|          4|    1|          4|
    |fb_236_d0                  |   14|          3|    8|         24|
    |fb_236_we0                 |   14|          3|    1|          3|
    |fb_237_address0            |   20|          4|    3|         12|
    |fb_237_ce0                 |   20|          4|    1|          4|
    |fb_237_d0                  |   14|          3|    8|         24|
    |fb_237_we0                 |   14|          3|    1|          3|
    |fb_238_address0            |   20|          4|    3|         12|
    |fb_238_ce0                 |   20|          4|    1|          4|
    |fb_238_d0                  |   14|          3|    8|         24|
    |fb_238_we0                 |   14|          3|    1|          3|
    |fb_239_address0            |   20|          4|    3|         12|
    |fb_239_ce0                 |   20|          4|    1|          4|
    |fb_239_d0                  |   14|          3|    8|         24|
    |fb_239_we0                 |   14|          3|    1|          3|
    |fb_240_address0            |   20|          4|    3|         12|
    |fb_240_ce0                 |   20|          4|    1|          4|
    |fb_240_d0                  |   14|          3|    8|         24|
    |fb_240_we0                 |   14|          3|    1|          3|
    |fb_241_address0            |   20|          4|    3|         12|
    |fb_241_ce0                 |   20|          4|    1|          4|
    |fb_241_d0                  |   14|          3|    8|         24|
    |fb_241_we0                 |   14|          3|    1|          3|
    |fb_242_address0            |   20|          4|    3|         12|
    |fb_242_ce0                 |   20|          4|    1|          4|
    |fb_242_d0                  |   14|          3|    8|         24|
    |fb_242_we0                 |   14|          3|    1|          3|
    |fb_243_address0            |   20|          4|    3|         12|
    |fb_243_ce0                 |   20|          4|    1|          4|
    |fb_243_d0                  |   14|          3|    8|         24|
    |fb_243_we0                 |   14|          3|    1|          3|
    |fb_244_address0            |   20|          4|    3|         12|
    |fb_244_ce0                 |   20|          4|    1|          4|
    |fb_244_d0                  |   14|          3|    8|         24|
    |fb_244_we0                 |   14|          3|    1|          3|
    |fb_245_address0            |   20|          4|    3|         12|
    |fb_245_ce0                 |   20|          4|    1|          4|
    |fb_245_d0                  |   14|          3|    8|         24|
    |fb_245_we0                 |   14|          3|    1|          3|
    |fb_246_address0            |   20|          4|    3|         12|
    |fb_246_ce0                 |   20|          4|    1|          4|
    |fb_246_d0                  |   14|          3|    8|         24|
    |fb_246_we0                 |   14|          3|    1|          3|
    |fb_247_address0            |   20|          4|    3|         12|
    |fb_247_ce0                 |   20|          4|    1|          4|
    |fb_247_d0                  |   14|          3|    8|         24|
    |fb_247_we0                 |   14|          3|    1|          3|
    |fb_248_address0            |   20|          4|    3|         12|
    |fb_248_ce0                 |   20|          4|    1|          4|
    |fb_248_d0                  |   14|          3|    8|         24|
    |fb_248_we0                 |   14|          3|    1|          3|
    |fb_249_address0            |   20|          4|    3|         12|
    |fb_249_ce0                 |   20|          4|    1|          4|
    |fb_249_d0                  |   14|          3|    8|         24|
    |fb_249_we0                 |   14|          3|    1|          3|
    |fb_250_address0            |   20|          4|    3|         12|
    |fb_250_ce0                 |   20|          4|    1|          4|
    |fb_250_d0                  |   14|          3|    8|         24|
    |fb_250_we0                 |   14|          3|    1|          3|
    |fb_251_address0            |   20|          4|    3|         12|
    |fb_251_ce0                 |   20|          4|    1|          4|
    |fb_251_d0                  |   14|          3|    8|         24|
    |fb_251_we0                 |   14|          3|    1|          3|
    |fb_252_address0            |   20|          4|    3|         12|
    |fb_252_ce0                 |   20|          4|    1|          4|
    |fb_252_d0                  |   14|          3|    8|         24|
    |fb_252_we0                 |   14|          3|    1|          3|
    |fb_253_address0            |   20|          4|    3|         12|
    |fb_253_ce0                 |   20|          4|    1|          4|
    |fb_253_d0                  |   14|          3|    8|         24|
    |fb_253_we0                 |   14|          3|    1|          3|
    |fb_254_address0            |   20|          4|    3|         12|
    |fb_254_ce0                 |   20|          4|    1|          4|
    |fb_254_d0                  |   14|          3|    8|         24|
    |fb_254_we0                 |   14|          3|    1|          3|
    |fb_255_address0            |   20|          4|    3|         12|
    |fb_255_ce0                 |   20|          4|    1|          4|
    |fb_255_d0                  |   14|          3|    8|         24|
    |fb_255_we0                 |   14|          3|    1|          3|
    |fb_256_address0            |   20|          4|    3|         12|
    |fb_256_ce0                 |   20|          4|    1|          4|
    |fb_256_d0                  |   14|          3|    8|         24|
    |fb_256_we0                 |   14|          3|    1|          3|
    |fb_257_address0            |   20|          4|    3|         12|
    |fb_257_ce0                 |   20|          4|    1|          4|
    |fb_257_d0                  |   14|          3|    8|         24|
    |fb_257_we0                 |   14|          3|    1|          3|
    |fb_258_address0            |   20|          4|    3|         12|
    |fb_258_ce0                 |   20|          4|    1|          4|
    |fb_258_d0                  |   14|          3|    8|         24|
    |fb_258_we0                 |   14|          3|    1|          3|
    |fb_259_address0            |   20|          4|    3|         12|
    |fb_259_ce0                 |   20|          4|    1|          4|
    |fb_259_d0                  |   14|          3|    8|         24|
    |fb_259_we0                 |   14|          3|    1|          3|
    |fb_260_address0            |   20|          4|    3|         12|
    |fb_260_ce0                 |   20|          4|    1|          4|
    |fb_260_d0                  |   14|          3|    8|         24|
    |fb_260_we0                 |   14|          3|    1|          3|
    |fb_261_address0            |   20|          4|    3|         12|
    |fb_261_ce0                 |   20|          4|    1|          4|
    |fb_261_d0                  |   14|          3|    8|         24|
    |fb_261_we0                 |   14|          3|    1|          3|
    |fb_262_address0            |   20|          4|    3|         12|
    |fb_262_ce0                 |   20|          4|    1|          4|
    |fb_262_d0                  |   14|          3|    8|         24|
    |fb_262_we0                 |   14|          3|    1|          3|
    |fb_263_address0            |   20|          4|    3|         12|
    |fb_263_ce0                 |   20|          4|    1|          4|
    |fb_263_d0                  |   14|          3|    8|         24|
    |fb_263_we0                 |   14|          3|    1|          3|
    |fb_264_address0            |   20|          4|    3|         12|
    |fb_264_ce0                 |   20|          4|    1|          4|
    |fb_264_d0                  |   14|          3|    8|         24|
    |fb_264_we0                 |   14|          3|    1|          3|
    |fb_265_address0            |   20|          4|    3|         12|
    |fb_265_ce0                 |   20|          4|    1|          4|
    |fb_265_d0                  |   14|          3|    8|         24|
    |fb_265_we0                 |   14|          3|    1|          3|
    |fb_266_address0            |   20|          4|    3|         12|
    |fb_266_ce0                 |   20|          4|    1|          4|
    |fb_266_d0                  |   14|          3|    8|         24|
    |fb_266_we0                 |   14|          3|    1|          3|
    |fb_267_address0            |   20|          4|    3|         12|
    |fb_267_ce0                 |   20|          4|    1|          4|
    |fb_267_d0                  |   14|          3|    8|         24|
    |fb_267_we0                 |   14|          3|    1|          3|
    |fb_268_address0            |   20|          4|    3|         12|
    |fb_268_ce0                 |   20|          4|    1|          4|
    |fb_268_d0                  |   14|          3|    8|         24|
    |fb_268_we0                 |   14|          3|    1|          3|
    |fb_269_address0            |   20|          4|    3|         12|
    |fb_269_ce0                 |   20|          4|    1|          4|
    |fb_269_d0                  |   14|          3|    8|         24|
    |fb_269_we0                 |   14|          3|    1|          3|
    |fb_270_address0            |   20|          4|    3|         12|
    |fb_270_ce0                 |   20|          4|    1|          4|
    |fb_270_d0                  |   14|          3|    8|         24|
    |fb_270_we0                 |   14|          3|    1|          3|
    |fb_271_address0            |   20|          4|    3|         12|
    |fb_271_ce0                 |   20|          4|    1|          4|
    |fb_271_d0                  |   14|          3|    8|         24|
    |fb_271_we0                 |   14|          3|    1|          3|
    |fb_272_address0            |   20|          4|    3|         12|
    |fb_272_ce0                 |   20|          4|    1|          4|
    |fb_272_d0                  |   14|          3|    8|         24|
    |fb_272_we0                 |   14|          3|    1|          3|
    |fb_273_address0            |   20|          4|    3|         12|
    |fb_273_ce0                 |   20|          4|    1|          4|
    |fb_273_d0                  |   14|          3|    8|         24|
    |fb_273_we0                 |   14|          3|    1|          3|
    |fb_274_address0            |   20|          4|    3|         12|
    |fb_274_ce0                 |   20|          4|    1|          4|
    |fb_274_d0                  |   14|          3|    8|         24|
    |fb_274_we0                 |   14|          3|    1|          3|
    |fb_275_address0            |   20|          4|    3|         12|
    |fb_275_ce0                 |   20|          4|    1|          4|
    |fb_275_d0                  |   14|          3|    8|         24|
    |fb_275_we0                 |   14|          3|    1|          3|
    |fb_276_address0            |   20|          4|    3|         12|
    |fb_276_ce0                 |   20|          4|    1|          4|
    |fb_276_d0                  |   14|          3|    8|         24|
    |fb_276_we0                 |   14|          3|    1|          3|
    |fb_277_address0            |   20|          4|    3|         12|
    |fb_277_ce0                 |   20|          4|    1|          4|
    |fb_277_d0                  |   14|          3|    8|         24|
    |fb_277_we0                 |   14|          3|    1|          3|
    |fb_278_address0            |   20|          4|    3|         12|
    |fb_278_ce0                 |   20|          4|    1|          4|
    |fb_278_d0                  |   14|          3|    8|         24|
    |fb_278_we0                 |   14|          3|    1|          3|
    |fb_279_address0            |   20|          4|    3|         12|
    |fb_279_ce0                 |   20|          4|    1|          4|
    |fb_279_d0                  |   14|          3|    8|         24|
    |fb_279_we0                 |   14|          3|    1|          3|
    |fb_280_address0            |   20|          4|    3|         12|
    |fb_280_ce0                 |   20|          4|    1|          4|
    |fb_280_d0                  |   14|          3|    8|         24|
    |fb_280_we0                 |   14|          3|    1|          3|
    |fb_281_address0            |   20|          4|    3|         12|
    |fb_281_ce0                 |   20|          4|    1|          4|
    |fb_281_d0                  |   14|          3|    8|         24|
    |fb_281_we0                 |   14|          3|    1|          3|
    |fb_282_address0            |   20|          4|    3|         12|
    |fb_282_ce0                 |   20|          4|    1|          4|
    |fb_282_d0                  |   14|          3|    8|         24|
    |fb_282_we0                 |   14|          3|    1|          3|
    |fb_283_address0            |   20|          4|    3|         12|
    |fb_283_ce0                 |   20|          4|    1|          4|
    |fb_283_d0                  |   14|          3|    8|         24|
    |fb_283_we0                 |   14|          3|    1|          3|
    |fb_284_address0            |   20|          4|    3|         12|
    |fb_284_ce0                 |   20|          4|    1|          4|
    |fb_284_d0                  |   14|          3|    8|         24|
    |fb_284_we0                 |   14|          3|    1|          3|
    |fb_285_address0            |   20|          4|    3|         12|
    |fb_285_ce0                 |   20|          4|    1|          4|
    |fb_285_d0                  |   14|          3|    8|         24|
    |fb_285_we0                 |   14|          3|    1|          3|
    |fb_286_address0            |   20|          4|    3|         12|
    |fb_286_ce0                 |   20|          4|    1|          4|
    |fb_286_d0                  |   14|          3|    8|         24|
    |fb_286_we0                 |   14|          3|    1|          3|
    |fb_287_address0            |   20|          4|    3|         12|
    |fb_287_ce0                 |   20|          4|    1|          4|
    |fb_287_d0                  |   14|          3|    8|         24|
    |fb_287_we0                 |   14|          3|    1|          3|
    |fb_288_address0            |   20|          4|    3|         12|
    |fb_288_ce0                 |   20|          4|    1|          4|
    |fb_288_d0                  |   14|          3|    8|         24|
    |fb_288_we0                 |   14|          3|    1|          3|
    |fb_289_address0            |   20|          4|    3|         12|
    |fb_289_ce0                 |   20|          4|    1|          4|
    |fb_289_d0                  |   14|          3|    8|         24|
    |fb_289_we0                 |   14|          3|    1|          3|
    |fb_290_address0            |   20|          4|    3|         12|
    |fb_290_ce0                 |   20|          4|    1|          4|
    |fb_290_d0                  |   14|          3|    8|         24|
    |fb_290_we0                 |   14|          3|    1|          3|
    |fb_291_address0            |   20|          4|    3|         12|
    |fb_291_ce0                 |   20|          4|    1|          4|
    |fb_291_d0                  |   14|          3|    8|         24|
    |fb_291_we0                 |   14|          3|    1|          3|
    |fb_292_address0            |   20|          4|    3|         12|
    |fb_292_ce0                 |   20|          4|    1|          4|
    |fb_292_d0                  |   14|          3|    8|         24|
    |fb_292_we0                 |   14|          3|    1|          3|
    |fb_293_address0            |   20|          4|    3|         12|
    |fb_293_ce0                 |   20|          4|    1|          4|
    |fb_293_d0                  |   14|          3|    8|         24|
    |fb_293_we0                 |   14|          3|    1|          3|
    |fb_294_address0            |   20|          4|    3|         12|
    |fb_294_ce0                 |   20|          4|    1|          4|
    |fb_294_d0                  |   14|          3|    8|         24|
    |fb_294_we0                 |   14|          3|    1|          3|
    |fb_295_address0            |   20|          4|    3|         12|
    |fb_295_ce0                 |   20|          4|    1|          4|
    |fb_295_d0                  |   14|          3|    8|         24|
    |fb_295_we0                 |   14|          3|    1|          3|
    |fb_296_address0            |   20|          4|    3|         12|
    |fb_296_ce0                 |   20|          4|    1|          4|
    |fb_296_d0                  |   14|          3|    8|         24|
    |fb_296_we0                 |   14|          3|    1|          3|
    |fb_297_address0            |   20|          4|    3|         12|
    |fb_297_ce0                 |   20|          4|    1|          4|
    |fb_297_d0                  |   14|          3|    8|         24|
    |fb_297_we0                 |   14|          3|    1|          3|
    |fb_298_address0            |   20|          4|    3|         12|
    |fb_298_ce0                 |   20|          4|    1|          4|
    |fb_298_d0                  |   14|          3|    8|         24|
    |fb_298_we0                 |   14|          3|    1|          3|
    |fb_299_address0            |   20|          4|    3|         12|
    |fb_299_ce0                 |   20|          4|    1|          4|
    |fb_299_d0                  |   14|          3|    8|         24|
    |fb_299_we0                 |   14|          3|    1|          3|
    |fb_300_address0            |   20|          4|    3|         12|
    |fb_300_ce0                 |   20|          4|    1|          4|
    |fb_300_d0                  |   14|          3|    8|         24|
    |fb_300_we0                 |   14|          3|    1|          3|
    |fb_301_address0            |   20|          4|    3|         12|
    |fb_301_ce0                 |   20|          4|    1|          4|
    |fb_301_d0                  |   14|          3|    8|         24|
    |fb_301_we0                 |   14|          3|    1|          3|
    |fb_302_address0            |   20|          4|    3|         12|
    |fb_302_ce0                 |   20|          4|    1|          4|
    |fb_302_d0                  |   14|          3|    8|         24|
    |fb_302_we0                 |   14|          3|    1|          3|
    |fb_303_address0            |   20|          4|    3|         12|
    |fb_303_ce0                 |   20|          4|    1|          4|
    |fb_303_d0                  |   14|          3|    8|         24|
    |fb_303_we0                 |   14|          3|    1|          3|
    |fb_304_address0            |   20|          4|    3|         12|
    |fb_304_ce0                 |   20|          4|    1|          4|
    |fb_304_d0                  |   14|          3|    8|         24|
    |fb_304_we0                 |   14|          3|    1|          3|
    |fb_305_address0            |   20|          4|    3|         12|
    |fb_305_ce0                 |   20|          4|    1|          4|
    |fb_305_d0                  |   14|          3|    8|         24|
    |fb_305_we0                 |   14|          3|    1|          3|
    |fb_306_address0            |   20|          4|    3|         12|
    |fb_306_ce0                 |   20|          4|    1|          4|
    |fb_306_d0                  |   14|          3|    8|         24|
    |fb_306_we0                 |   14|          3|    1|          3|
    |fb_307_address0            |   20|          4|    3|         12|
    |fb_307_ce0                 |   20|          4|    1|          4|
    |fb_307_d0                  |   14|          3|    8|         24|
    |fb_307_we0                 |   14|          3|    1|          3|
    |fb_308_address0            |   20|          4|    3|         12|
    |fb_308_ce0                 |   20|          4|    1|          4|
    |fb_308_d0                  |   14|          3|    8|         24|
    |fb_308_we0                 |   14|          3|    1|          3|
    |fb_309_address0            |   20|          4|    3|         12|
    |fb_309_ce0                 |   20|          4|    1|          4|
    |fb_309_d0                  |   14|          3|    8|         24|
    |fb_309_we0                 |   14|          3|    1|          3|
    |fb_310_address0            |   20|          4|    3|         12|
    |fb_310_ce0                 |   20|          4|    1|          4|
    |fb_310_d0                  |   14|          3|    8|         24|
    |fb_310_we0                 |   14|          3|    1|          3|
    |fb_311_address0            |   20|          4|    3|         12|
    |fb_311_ce0                 |   20|          4|    1|          4|
    |fb_311_d0                  |   14|          3|    8|         24|
    |fb_311_we0                 |   14|          3|    1|          3|
    |fb_312_address0            |   20|          4|    3|         12|
    |fb_312_ce0                 |   20|          4|    1|          4|
    |fb_312_d0                  |   14|          3|    8|         24|
    |fb_312_we0                 |   14|          3|    1|          3|
    |fb_313_address0            |   20|          4|    3|         12|
    |fb_313_ce0                 |   20|          4|    1|          4|
    |fb_313_d0                  |   14|          3|    8|         24|
    |fb_313_we0                 |   14|          3|    1|          3|
    |fb_314_address0            |   20|          4|    3|         12|
    |fb_314_ce0                 |   20|          4|    1|          4|
    |fb_314_d0                  |   14|          3|    8|         24|
    |fb_314_we0                 |   14|          3|    1|          3|
    |fb_315_address0            |   20|          4|    3|         12|
    |fb_315_ce0                 |   20|          4|    1|          4|
    |fb_315_d0                  |   14|          3|    8|         24|
    |fb_315_we0                 |   14|          3|    1|          3|
    |fb_316_address0            |   20|          4|    3|         12|
    |fb_316_ce0                 |   20|          4|    1|          4|
    |fb_316_d0                  |   14|          3|    8|         24|
    |fb_316_we0                 |   14|          3|    1|          3|
    |fb_317_address0            |   20|          4|    3|         12|
    |fb_317_ce0                 |   20|          4|    1|          4|
    |fb_317_d0                  |   14|          3|    8|         24|
    |fb_317_we0                 |   14|          3|    1|          3|
    |fb_318_address0            |   20|          4|    3|         12|
    |fb_318_ce0                 |   20|          4|    1|          4|
    |fb_318_d0                  |   14|          3|    8|         24|
    |fb_318_we0                 |   14|          3|    1|          3|
    |fb_319_address0            |   20|          4|    3|         12|
    |fb_319_ce0                 |   20|          4|    1|          4|
    |fb_319_d0                  |   14|          3|    8|         24|
    |fb_319_we0                 |   14|          3|    1|          3|
    |fb_320_address0            |   20|          4|    3|         12|
    |fb_320_ce0                 |   20|          4|    1|          4|
    |fb_320_d0                  |   14|          3|    8|         24|
    |fb_320_we0                 |   14|          3|    1|          3|
    |fb_321_address0            |   20|          4|    3|         12|
    |fb_321_ce0                 |   20|          4|    1|          4|
    |fb_321_d0                  |   14|          3|    8|         24|
    |fb_321_we0                 |   14|          3|    1|          3|
    |fb_322_address0            |   20|          4|    3|         12|
    |fb_322_ce0                 |   20|          4|    1|          4|
    |fb_322_d0                  |   14|          3|    8|         24|
    |fb_322_we0                 |   14|          3|    1|          3|
    |fb_323_address0            |   20|          4|    3|         12|
    |fb_323_ce0                 |   20|          4|    1|          4|
    |fb_323_d0                  |   14|          3|    8|         24|
    |fb_323_we0                 |   14|          3|    1|          3|
    |fb_324_address0            |   20|          4|    3|         12|
    |fb_324_ce0                 |   20|          4|    1|          4|
    |fb_324_d0                  |   14|          3|    8|         24|
    |fb_324_we0                 |   14|          3|    1|          3|
    |fb_325_address0            |   20|          4|    3|         12|
    |fb_325_ce0                 |   20|          4|    1|          4|
    |fb_325_d0                  |   14|          3|    8|         24|
    |fb_325_we0                 |   14|          3|    1|          3|
    |fb_326_address0            |   20|          4|    3|         12|
    |fb_326_ce0                 |   20|          4|    1|          4|
    |fb_326_d0                  |   14|          3|    8|         24|
    |fb_326_we0                 |   14|          3|    1|          3|
    |fb_327_address0            |   20|          4|    3|         12|
    |fb_327_ce0                 |   20|          4|    1|          4|
    |fb_327_d0                  |   14|          3|    8|         24|
    |fb_327_we0                 |   14|          3|    1|          3|
    |fb_328_address0            |   20|          4|    3|         12|
    |fb_328_ce0                 |   20|          4|    1|          4|
    |fb_328_d0                  |   14|          3|    8|         24|
    |fb_328_we0                 |   14|          3|    1|          3|
    |fb_329_address0            |   20|          4|    3|         12|
    |fb_329_ce0                 |   20|          4|    1|          4|
    |fb_329_d0                  |   14|          3|    8|         24|
    |fb_329_we0                 |   14|          3|    1|          3|
    |fb_330_address0            |   20|          4|    3|         12|
    |fb_330_ce0                 |   20|          4|    1|          4|
    |fb_330_d0                  |   14|          3|    8|         24|
    |fb_330_we0                 |   14|          3|    1|          3|
    |fb_331_address0            |   20|          4|    3|         12|
    |fb_331_ce0                 |   20|          4|    1|          4|
    |fb_331_d0                  |   14|          3|    8|         24|
    |fb_331_we0                 |   14|          3|    1|          3|
    |fb_332_address0            |   20|          4|    3|         12|
    |fb_332_ce0                 |   20|          4|    1|          4|
    |fb_332_d0                  |   14|          3|    8|         24|
    |fb_332_we0                 |   14|          3|    1|          3|
    |fb_333_address0            |   20|          4|    3|         12|
    |fb_333_ce0                 |   20|          4|    1|          4|
    |fb_333_d0                  |   14|          3|    8|         24|
    |fb_333_we0                 |   14|          3|    1|          3|
    |fb_334_address0            |   20|          4|    3|         12|
    |fb_334_ce0                 |   20|          4|    1|          4|
    |fb_334_d0                  |   14|          3|    8|         24|
    |fb_334_we0                 |   14|          3|    1|          3|
    |fb_335_address0            |   20|          4|    3|         12|
    |fb_335_ce0                 |   20|          4|    1|          4|
    |fb_335_d0                  |   14|          3|    8|         24|
    |fb_335_we0                 |   14|          3|    1|          3|
    |fb_336_address0            |   20|          4|    3|         12|
    |fb_336_ce0                 |   20|          4|    1|          4|
    |fb_336_d0                  |   14|          3|    8|         24|
    |fb_336_we0                 |   14|          3|    1|          3|
    |fb_337_address0            |   20|          4|    3|         12|
    |fb_337_ce0                 |   20|          4|    1|          4|
    |fb_337_d0                  |   14|          3|    8|         24|
    |fb_337_we0                 |   14|          3|    1|          3|
    |fb_338_address0            |   20|          4|    3|         12|
    |fb_338_ce0                 |   20|          4|    1|          4|
    |fb_338_d0                  |   14|          3|    8|         24|
    |fb_338_we0                 |   14|          3|    1|          3|
    |fb_339_address0            |   20|          4|    3|         12|
    |fb_339_ce0                 |   20|          4|    1|          4|
    |fb_339_d0                  |   14|          3|    8|         24|
    |fb_339_we0                 |   14|          3|    1|          3|
    |fb_340_address0            |   20|          4|    3|         12|
    |fb_340_ce0                 |   20|          4|    1|          4|
    |fb_340_d0                  |   14|          3|    8|         24|
    |fb_340_we0                 |   14|          3|    1|          3|
    |fb_341_address0            |   20|          4|    3|         12|
    |fb_341_ce0                 |   20|          4|    1|          4|
    |fb_341_d0                  |   14|          3|    8|         24|
    |fb_341_we0                 |   14|          3|    1|          3|
    |fb_342_address0            |   20|          4|    3|         12|
    |fb_342_ce0                 |   20|          4|    1|          4|
    |fb_342_d0                  |   14|          3|    8|         24|
    |fb_342_we0                 |   14|          3|    1|          3|
    |fb_343_address0            |   20|          4|    3|         12|
    |fb_343_ce0                 |   20|          4|    1|          4|
    |fb_343_d0                  |   14|          3|    8|         24|
    |fb_343_we0                 |   14|          3|    1|          3|
    |fb_344_address0            |   20|          4|    3|         12|
    |fb_344_ce0                 |   20|          4|    1|          4|
    |fb_344_d0                  |   14|          3|    8|         24|
    |fb_344_we0                 |   14|          3|    1|          3|
    |fb_345_address0            |   20|          4|    3|         12|
    |fb_345_ce0                 |   20|          4|    1|          4|
    |fb_345_d0                  |   14|          3|    8|         24|
    |fb_345_we0                 |   14|          3|    1|          3|
    |fb_346_address0            |   20|          4|    3|         12|
    |fb_346_ce0                 |   20|          4|    1|          4|
    |fb_346_d0                  |   14|          3|    8|         24|
    |fb_346_we0                 |   14|          3|    1|          3|
    |fb_347_address0            |   20|          4|    3|         12|
    |fb_347_ce0                 |   20|          4|    1|          4|
    |fb_347_d0                  |   14|          3|    8|         24|
    |fb_347_we0                 |   14|          3|    1|          3|
    |fb_348_address0            |   20|          4|    3|         12|
    |fb_348_ce0                 |   20|          4|    1|          4|
    |fb_348_d0                  |   14|          3|    8|         24|
    |fb_348_we0                 |   14|          3|    1|          3|
    |fb_349_address0            |   20|          4|    3|         12|
    |fb_349_ce0                 |   20|          4|    1|          4|
    |fb_349_d0                  |   14|          3|    8|         24|
    |fb_349_we0                 |   14|          3|    1|          3|
    |fb_350_address0            |   20|          4|    3|         12|
    |fb_350_ce0                 |   20|          4|    1|          4|
    |fb_350_d0                  |   14|          3|    8|         24|
    |fb_350_we0                 |   14|          3|    1|          3|
    |fb_351_address0            |   20|          4|    3|         12|
    |fb_351_ce0                 |   20|          4|    1|          4|
    |fb_351_d0                  |   14|          3|    8|         24|
    |fb_351_we0                 |   14|          3|    1|          3|
    |fb_352_address0            |   20|          4|    3|         12|
    |fb_352_ce0                 |   20|          4|    1|          4|
    |fb_352_d0                  |   14|          3|    8|         24|
    |fb_352_we0                 |   14|          3|    1|          3|
    |fb_353_address0            |   20|          4|    3|         12|
    |fb_353_ce0                 |   20|          4|    1|          4|
    |fb_353_d0                  |   14|          3|    8|         24|
    |fb_353_we0                 |   14|          3|    1|          3|
    |fb_354_address0            |   20|          4|    3|         12|
    |fb_354_ce0                 |   20|          4|    1|          4|
    |fb_354_d0                  |   14|          3|    8|         24|
    |fb_354_we0                 |   14|          3|    1|          3|
    |fb_355_address0            |   20|          4|    3|         12|
    |fb_355_ce0                 |   20|          4|    1|          4|
    |fb_355_d0                  |   14|          3|    8|         24|
    |fb_355_we0                 |   14|          3|    1|          3|
    |fb_356_address0            |   20|          4|    3|         12|
    |fb_356_ce0                 |   20|          4|    1|          4|
    |fb_356_d0                  |   14|          3|    8|         24|
    |fb_356_we0                 |   14|          3|    1|          3|
    |fb_357_address0            |   20|          4|    3|         12|
    |fb_357_ce0                 |   20|          4|    1|          4|
    |fb_357_d0                  |   14|          3|    8|         24|
    |fb_357_we0                 |   14|          3|    1|          3|
    |fb_358_address0            |   20|          4|    3|         12|
    |fb_358_ce0                 |   20|          4|    1|          4|
    |fb_358_d0                  |   14|          3|    8|         24|
    |fb_358_we0                 |   14|          3|    1|          3|
    |fb_359_address0            |   20|          4|    3|         12|
    |fb_359_ce0                 |   20|          4|    1|          4|
    |fb_359_d0                  |   14|          3|    8|         24|
    |fb_359_we0                 |   14|          3|    1|          3|
    |fb_360_address0            |   20|          4|    3|         12|
    |fb_360_ce0                 |   20|          4|    1|          4|
    |fb_360_d0                  |   14|          3|    8|         24|
    |fb_360_we0                 |   14|          3|    1|          3|
    |fb_361_address0            |   20|          4|    3|         12|
    |fb_361_ce0                 |   20|          4|    1|          4|
    |fb_361_d0                  |   14|          3|    8|         24|
    |fb_361_we0                 |   14|          3|    1|          3|
    |fb_362_address0            |   20|          4|    3|         12|
    |fb_362_ce0                 |   20|          4|    1|          4|
    |fb_362_d0                  |   14|          3|    8|         24|
    |fb_362_we0                 |   14|          3|    1|          3|
    |fb_363_address0            |   20|          4|    3|         12|
    |fb_363_ce0                 |   20|          4|    1|          4|
    |fb_363_d0                  |   14|          3|    8|         24|
    |fb_363_we0                 |   14|          3|    1|          3|
    |fb_364_address0            |   20|          4|    3|         12|
    |fb_364_ce0                 |   20|          4|    1|          4|
    |fb_364_d0                  |   14|          3|    8|         24|
    |fb_364_we0                 |   14|          3|    1|          3|
    |fb_365_address0            |   20|          4|    3|         12|
    |fb_365_ce0                 |   20|          4|    1|          4|
    |fb_365_d0                  |   14|          3|    8|         24|
    |fb_365_we0                 |   14|          3|    1|          3|
    |fb_366_address0            |   20|          4|    3|         12|
    |fb_366_ce0                 |   20|          4|    1|          4|
    |fb_366_d0                  |   14|          3|    8|         24|
    |fb_366_we0                 |   14|          3|    1|          3|
    |fb_367_address0            |   20|          4|    3|         12|
    |fb_367_ce0                 |   20|          4|    1|          4|
    |fb_367_d0                  |   14|          3|    8|         24|
    |fb_367_we0                 |   14|          3|    1|          3|
    |fb_368_address0            |   20|          4|    3|         12|
    |fb_368_ce0                 |   20|          4|    1|          4|
    |fb_368_d0                  |   14|          3|    8|         24|
    |fb_368_we0                 |   14|          3|    1|          3|
    |fb_369_address0            |   20|          4|    3|         12|
    |fb_369_ce0                 |   20|          4|    1|          4|
    |fb_369_d0                  |   14|          3|    8|         24|
    |fb_369_we0                 |   14|          3|    1|          3|
    |fb_370_address0            |   20|          4|    3|         12|
    |fb_370_ce0                 |   20|          4|    1|          4|
    |fb_370_d0                  |   14|          3|    8|         24|
    |fb_370_we0                 |   14|          3|    1|          3|
    |fb_371_address0            |   20|          4|    3|         12|
    |fb_371_ce0                 |   20|          4|    1|          4|
    |fb_371_d0                  |   14|          3|    8|         24|
    |fb_371_we0                 |   14|          3|    1|          3|
    |fb_372_address0            |   20|          4|    3|         12|
    |fb_372_ce0                 |   20|          4|    1|          4|
    |fb_372_d0                  |   14|          3|    8|         24|
    |fb_372_we0                 |   14|          3|    1|          3|
    |fb_373_address0            |   20|          4|    3|         12|
    |fb_373_ce0                 |   20|          4|    1|          4|
    |fb_373_d0                  |   14|          3|    8|         24|
    |fb_373_we0                 |   14|          3|    1|          3|
    |fb_374_address0            |   20|          4|    3|         12|
    |fb_374_ce0                 |   20|          4|    1|          4|
    |fb_374_d0                  |   14|          3|    8|         24|
    |fb_374_we0                 |   14|          3|    1|          3|
    |fb_375_address0            |   20|          4|    3|         12|
    |fb_375_ce0                 |   20|          4|    1|          4|
    |fb_375_d0                  |   14|          3|    8|         24|
    |fb_375_we0                 |   14|          3|    1|          3|
    |fb_376_address0            |   20|          4|    3|         12|
    |fb_376_ce0                 |   20|          4|    1|          4|
    |fb_376_d0                  |   14|          3|    8|         24|
    |fb_376_we0                 |   14|          3|    1|          3|
    |fb_377_address0            |   20|          4|    3|         12|
    |fb_377_ce0                 |   20|          4|    1|          4|
    |fb_377_d0                  |   14|          3|    8|         24|
    |fb_377_we0                 |   14|          3|    1|          3|
    |fb_378_address0            |   20|          4|    3|         12|
    |fb_378_ce0                 |   20|          4|    1|          4|
    |fb_378_d0                  |   14|          3|    8|         24|
    |fb_378_we0                 |   14|          3|    1|          3|
    |fb_379_address0            |   20|          4|    3|         12|
    |fb_379_ce0                 |   20|          4|    1|          4|
    |fb_379_d0                  |   14|          3|    8|         24|
    |fb_379_we0                 |   14|          3|    1|          3|
    |fb_380_address0            |   20|          4|    3|         12|
    |fb_380_ce0                 |   20|          4|    1|          4|
    |fb_380_d0                  |   14|          3|    8|         24|
    |fb_380_we0                 |   14|          3|    1|          3|
    |fb_381_address0            |   20|          4|    3|         12|
    |fb_381_ce0                 |   20|          4|    1|          4|
    |fb_381_d0                  |   14|          3|    8|         24|
    |fb_381_we0                 |   14|          3|    1|          3|
    |fb_382_address0            |   20|          4|    3|         12|
    |fb_382_ce0                 |   20|          4|    1|          4|
    |fb_382_d0                  |   14|          3|    8|         24|
    |fb_382_we0                 |   14|          3|    1|          3|
    |fb_383_address0            |   20|          4|    3|         12|
    |fb_383_ce0                 |   20|          4|    1|          4|
    |fb_383_d0                  |   14|          3|    8|         24|
    |fb_383_we0                 |   14|          3|    1|          3|
    |fb_384_address0            |   20|          4|    3|         12|
    |fb_384_ce0                 |   20|          4|    1|          4|
    |fb_384_d0                  |   14|          3|    8|         24|
    |fb_384_we0                 |   14|          3|    1|          3|
    |fb_385_address0            |   20|          4|    3|         12|
    |fb_385_ce0                 |   20|          4|    1|          4|
    |fb_385_d0                  |   14|          3|    8|         24|
    |fb_385_we0                 |   14|          3|    1|          3|
    |fb_386_address0            |   20|          4|    3|         12|
    |fb_386_ce0                 |   20|          4|    1|          4|
    |fb_386_d0                  |   14|          3|    8|         24|
    |fb_386_we0                 |   14|          3|    1|          3|
    |fb_387_address0            |   20|          4|    3|         12|
    |fb_387_ce0                 |   20|          4|    1|          4|
    |fb_387_d0                  |   14|          3|    8|         24|
    |fb_387_we0                 |   14|          3|    1|          3|
    |fb_388_address0            |   20|          4|    3|         12|
    |fb_388_ce0                 |   20|          4|    1|          4|
    |fb_388_d0                  |   14|          3|    8|         24|
    |fb_388_we0                 |   14|          3|    1|          3|
    |fb_389_address0            |   20|          4|    3|         12|
    |fb_389_ce0                 |   20|          4|    1|          4|
    |fb_389_d0                  |   14|          3|    8|         24|
    |fb_389_we0                 |   14|          3|    1|          3|
    |fb_390_address0            |   20|          4|    3|         12|
    |fb_390_ce0                 |   20|          4|    1|          4|
    |fb_390_d0                  |   14|          3|    8|         24|
    |fb_390_we0                 |   14|          3|    1|          3|
    |fb_391_address0            |   20|          4|    3|         12|
    |fb_391_ce0                 |   20|          4|    1|          4|
    |fb_391_d0                  |   14|          3|    8|         24|
    |fb_391_we0                 |   14|          3|    1|          3|
    |fb_392_address0            |   20|          4|    3|         12|
    |fb_392_ce0                 |   20|          4|    1|          4|
    |fb_392_d0                  |   14|          3|    8|         24|
    |fb_392_we0                 |   14|          3|    1|          3|
    |fb_393_address0            |   20|          4|    3|         12|
    |fb_393_ce0                 |   20|          4|    1|          4|
    |fb_393_d0                  |   14|          3|    8|         24|
    |fb_393_we0                 |   14|          3|    1|          3|
    |fb_394_address0            |   20|          4|    3|         12|
    |fb_394_ce0                 |   20|          4|    1|          4|
    |fb_394_d0                  |   14|          3|    8|         24|
    |fb_394_we0                 |   14|          3|    1|          3|
    |fb_395_address0            |   20|          4|    3|         12|
    |fb_395_ce0                 |   20|          4|    1|          4|
    |fb_395_d0                  |   14|          3|    8|         24|
    |fb_395_we0                 |   14|          3|    1|          3|
    |fb_396_address0            |   20|          4|    3|         12|
    |fb_396_ce0                 |   20|          4|    1|          4|
    |fb_396_d0                  |   14|          3|    8|         24|
    |fb_396_we0                 |   14|          3|    1|          3|
    |fb_397_address0            |   20|          4|    3|         12|
    |fb_397_ce0                 |   20|          4|    1|          4|
    |fb_397_d0                  |   14|          3|    8|         24|
    |fb_397_we0                 |   14|          3|    1|          3|
    |fb_398_address0            |   20|          4|    3|         12|
    |fb_398_ce0                 |   20|          4|    1|          4|
    |fb_398_d0                  |   14|          3|    8|         24|
    |fb_398_we0                 |   14|          3|    1|          3|
    |fb_399_address0            |   20|          4|    3|         12|
    |fb_399_ce0                 |   20|          4|    1|          4|
    |fb_399_d0                  |   14|          3|    8|         24|
    |fb_399_we0                 |   14|          3|    1|          3|
    |fb_400_address0            |   20|          4|    3|         12|
    |fb_400_ce0                 |   20|          4|    1|          4|
    |fb_400_d0                  |   14|          3|    8|         24|
    |fb_400_we0                 |   14|          3|    1|          3|
    |fb_401_address0            |   20|          4|    3|         12|
    |fb_401_ce0                 |   20|          4|    1|          4|
    |fb_401_d0                  |   14|          3|    8|         24|
    |fb_401_we0                 |   14|          3|    1|          3|
    |fb_402_address0            |   20|          4|    3|         12|
    |fb_402_ce0                 |   20|          4|    1|          4|
    |fb_402_d0                  |   14|          3|    8|         24|
    |fb_402_we0                 |   14|          3|    1|          3|
    |fb_403_address0            |   20|          4|    3|         12|
    |fb_403_ce0                 |   20|          4|    1|          4|
    |fb_403_d0                  |   14|          3|    8|         24|
    |fb_403_we0                 |   14|          3|    1|          3|
    |fb_404_address0            |   20|          4|    3|         12|
    |fb_404_ce0                 |   20|          4|    1|          4|
    |fb_404_d0                  |   14|          3|    8|         24|
    |fb_404_we0                 |   14|          3|    1|          3|
    |fb_405_address0            |   20|          4|    3|         12|
    |fb_405_ce0                 |   20|          4|    1|          4|
    |fb_405_d0                  |   14|          3|    8|         24|
    |fb_405_we0                 |   14|          3|    1|          3|
    |fb_406_address0            |   20|          4|    3|         12|
    |fb_406_ce0                 |   20|          4|    1|          4|
    |fb_406_d0                  |   14|          3|    8|         24|
    |fb_406_we0                 |   14|          3|    1|          3|
    |fb_407_address0            |   20|          4|    3|         12|
    |fb_407_ce0                 |   20|          4|    1|          4|
    |fb_407_d0                  |   14|          3|    8|         24|
    |fb_407_we0                 |   14|          3|    1|          3|
    |fb_408_address0            |   20|          4|    3|         12|
    |fb_408_ce0                 |   20|          4|    1|          4|
    |fb_408_d0                  |   14|          3|    8|         24|
    |fb_408_we0                 |   14|          3|    1|          3|
    |fb_409_address0            |   20|          4|    3|         12|
    |fb_409_ce0                 |   20|          4|    1|          4|
    |fb_409_d0                  |   14|          3|    8|         24|
    |fb_409_we0                 |   14|          3|    1|          3|
    |fb_410_address0            |   20|          4|    3|         12|
    |fb_410_ce0                 |   20|          4|    1|          4|
    |fb_410_d0                  |   14|          3|    8|         24|
    |fb_410_we0                 |   14|          3|    1|          3|
    |fb_411_address0            |   20|          4|    3|         12|
    |fb_411_ce0                 |   20|          4|    1|          4|
    |fb_411_d0                  |   14|          3|    8|         24|
    |fb_411_we0                 |   14|          3|    1|          3|
    |fb_412_address0            |   20|          4|    3|         12|
    |fb_412_ce0                 |   20|          4|    1|          4|
    |fb_412_d0                  |   14|          3|    8|         24|
    |fb_412_we0                 |   14|          3|    1|          3|
    |fb_413_address0            |   20|          4|    3|         12|
    |fb_413_ce0                 |   20|          4|    1|          4|
    |fb_413_d0                  |   14|          3|    8|         24|
    |fb_413_we0                 |   14|          3|    1|          3|
    |fb_414_address0            |   20|          4|    3|         12|
    |fb_414_ce0                 |   20|          4|    1|          4|
    |fb_414_d0                  |   14|          3|    8|         24|
    |fb_414_we0                 |   14|          3|    1|          3|
    |fb_415_address0            |   20|          4|    3|         12|
    |fb_415_ce0                 |   20|          4|    1|          4|
    |fb_415_d0                  |   14|          3|    8|         24|
    |fb_415_we0                 |   14|          3|    1|          3|
    |fb_416_address0            |   20|          4|    3|         12|
    |fb_416_ce0                 |   20|          4|    1|          4|
    |fb_416_d0                  |   14|          3|    8|         24|
    |fb_416_we0                 |   14|          3|    1|          3|
    |fb_417_address0            |   20|          4|    3|         12|
    |fb_417_ce0                 |   20|          4|    1|          4|
    |fb_417_d0                  |   14|          3|    8|         24|
    |fb_417_we0                 |   14|          3|    1|          3|
    |fb_418_address0            |   20|          4|    3|         12|
    |fb_418_ce0                 |   20|          4|    1|          4|
    |fb_418_d0                  |   14|          3|    8|         24|
    |fb_418_we0                 |   14|          3|    1|          3|
    |fb_419_address0            |   20|          4|    3|         12|
    |fb_419_ce0                 |   20|          4|    1|          4|
    |fb_419_d0                  |   14|          3|    8|         24|
    |fb_419_we0                 |   14|          3|    1|          3|
    |fb_420_address0            |   20|          4|    3|         12|
    |fb_420_ce0                 |   20|          4|    1|          4|
    |fb_420_d0                  |   14|          3|    8|         24|
    |fb_420_we0                 |   14|          3|    1|          3|
    |fb_421_address0            |   20|          4|    3|         12|
    |fb_421_ce0                 |   20|          4|    1|          4|
    |fb_421_d0                  |   14|          3|    8|         24|
    |fb_421_we0                 |   14|          3|    1|          3|
    |fb_422_address0            |   20|          4|    3|         12|
    |fb_422_ce0                 |   20|          4|    1|          4|
    |fb_422_d0                  |   14|          3|    8|         24|
    |fb_422_we0                 |   14|          3|    1|          3|
    |fb_423_address0            |   20|          4|    3|         12|
    |fb_423_ce0                 |   20|          4|    1|          4|
    |fb_423_d0                  |   14|          3|    8|         24|
    |fb_423_we0                 |   14|          3|    1|          3|
    |fb_424_address0            |   20|          4|    3|         12|
    |fb_424_ce0                 |   20|          4|    1|          4|
    |fb_424_d0                  |   14|          3|    8|         24|
    |fb_424_we0                 |   14|          3|    1|          3|
    |fb_425_address0            |   20|          4|    3|         12|
    |fb_425_ce0                 |   20|          4|    1|          4|
    |fb_425_d0                  |   14|          3|    8|         24|
    |fb_425_we0                 |   14|          3|    1|          3|
    |fb_426_address0            |   20|          4|    3|         12|
    |fb_426_ce0                 |   20|          4|    1|          4|
    |fb_426_d0                  |   14|          3|    8|         24|
    |fb_426_we0                 |   14|          3|    1|          3|
    |fb_427_address0            |   20|          4|    3|         12|
    |fb_427_ce0                 |   20|          4|    1|          4|
    |fb_427_d0                  |   14|          3|    8|         24|
    |fb_427_we0                 |   14|          3|    1|          3|
    |fb_428_address0            |   20|          4|    3|         12|
    |fb_428_ce0                 |   20|          4|    1|          4|
    |fb_428_d0                  |   14|          3|    8|         24|
    |fb_428_we0                 |   14|          3|    1|          3|
    |fb_429_address0            |   20|          4|    3|         12|
    |fb_429_ce0                 |   20|          4|    1|          4|
    |fb_429_d0                  |   14|          3|    8|         24|
    |fb_429_we0                 |   14|          3|    1|          3|
    |fb_430_address0            |   20|          4|    3|         12|
    |fb_430_ce0                 |   20|          4|    1|          4|
    |fb_430_d0                  |   14|          3|    8|         24|
    |fb_430_we0                 |   14|          3|    1|          3|
    |fb_address0                |   20|          4|    3|         12|
    |fb_ce0                     |   20|          4|    1|          4|
    |fb_d0                      |   14|          3|    8|         24|
    |fb_we0                     |   14|          3|    1|          3|
    |indvar_flatten61_reg_3907  |    9|          2|    6|         12|
    |oc_reg_3940                |    9|          2|    4|          8|
    |out_address0               |   43|          8|    4|         32|
    |out_address1               |   37|          7|    4|         28|
    |real_start                 |    9|          2|    1|          2|
    |s1_read                    |    9|          2|    1|          2|
    |s2_blk_n                   |    9|          2|    1|          2|
    |t_fu_198                   |    9|          2|    3|          6|
    |x_reg_3929                 |    9|          2|    3|          6|
    |y_reg_3918                 |    9|          2|    3|          6|
    +---------------------------+-----+-----------+-----+-----------+
    |Total                      |14983|       3084| 2840|       9421|
    +---------------------------+-----+-----------+-----+-----------+

    * Register: 
    +-----------------------------------------------------------------------------------------------------------+----+----+-----+-----------+
    |                                                    Name                                                   | FF | LUT| Bits| Const Bits|
    +-----------------------------------------------------------------------------------------------------------+----+----+-----+-----------+
    |acc_reg_16138                                                                                              |  14|   0|   14|          0|
    |add_ln43_reg_14032                                                                                         |   3|   0|    3|          0|
    |add_ln62_2_reg_14058                                                                                       |   6|   0|    6|          0|
    |add_ln64_reg_15046                                                                                         |   3|   0|    3|          0|
    |add_ln69_reg_16036                                                                                         |   4|   0|    4|          0|
    |ap_CS_fsm                                                                                                  |  26|   0|   26|          0|
    |ap_done_reg                                                                                                |   1|   0|    1|          0|
    |cmp8_i_i_reg_15051                                                                                         |   1|   0|    1|          0|
    |cmp9_i_i_2_reg_15056                                                                                       |   1|   0|    1|          0|
    |empty_73_reg_14046                                                                                         |   2|   0|    2|          0|
    |empty_76_reg_16041                                                                                         |   6|   0|    8|          2|
    |grp_conv3d_hidden_layer_12_Pipeline_IC_LOOP_fu_5484_ap_start_reg                                           |   1|   0|    1|          0|
    |grp_conv3d_hidden_layer_12_Pipeline_SUM_PARTIAL_VITIS_LOOP_109_9_fu_5894_ap_start_reg                      |   1|   0|    1|          0|
    |grp_conv3d_hidden_layer_12_Pipeline_VITIS_LOOP_46_1_VITIS_LOOP_47_2_fu_4388_ap_start_reg                   |   1|   0|    1|          0|
    |grp_conv3d_hidden_layer_12_Pipeline_VITIS_LOOP_89_1_VITIS_LOOP_90_2_fu_4611_ap_start_reg                   |   1|   0|    1|          0|
    |grp_conv3d_hidden_layer_Pipeline_RESET_VITIS_LOOP_40_1_VITIS_LOOP_41_2_VITIS_LOOP_42_fu_3952_ap_start_reg  |   1|   0|    1|          0|
    |indvar_flatten61_reg_3907                                                                                  |   6|   0|    6|          0|
    |layer1_mult_load_reg_16153                                                                                 |  33|   0|   33|          0|
    |oc_reg_3940                                                                                                |   4|   0|    4|          0|
    |out_load_12_reg_16183                                                                                      |   8|   0|    8|          0|
    |out_load_13_reg_16188                                                                                      |   8|   0|    8|          0|
    |out_load_14_reg_16193                                                                                      |   8|   0|    8|          0|
    |out_load_15_reg_16198                                                                                      |   8|   0|    8|          0|
    |out_load_16_reg_16203                                                                                      |   8|   0|    8|          0|
    |out_load_17_reg_16208                                                                                      |   8|   0|    8|          0|
    |out_load_18_reg_16213                                                                                      |   8|   0|    8|          0|
    |out_load_19_reg_16218                                                                                      |   8|   0|    8|          0|
    |out_load_20_reg_16223                                                                                      |   8|   0|    8|          0|
    |out_load_reg_16178                                                                                         |   8|   0|    8|          0|
    |select_ln114_reg_16148                                                                                     |  25|   0|   25|          0|
    |select_ln121_reg_16173                                                                                     |   8|   0|    8|          0|
    |select_ln62_2_reg_15040                                                                                    |   3|   0|    3|          0|
    |select_ln62_reg_15035                                                                                      |   3|   0|    3|          0|
    |start_once_reg                                                                                             |   1|   0|    1|          0|
    |t_4_reg_14024                                                                                              |   3|   0|    3|          0|
    |t_fu_198                                                                                                   |   3|   0|    3|          0|
    |tmp_reg_14051                                                                                              |   1|   0|    1|          0|
    |trunc_ln8_reg_16168                                                                                        |  80|   0|   80|          0|
    |window_02_fu_202                                                                                           |   8|   0|    8|          0|
    |window_100_0128_fu_594                                                                                     |   8|   0|    8|          0|
    |window_101_0129_fu_598                                                                                     |   8|   0|    8|          0|
    |window_102_0130_fu_602                                                                                     |   8|   0|    8|          0|
    |window_103_0131_fu_606                                                                                     |   8|   0|    8|          0|
    |window_104_0132_fu_610                                                                                     |   8|   0|    8|          0|
    |window_105_0133_fu_614                                                                                     |   8|   0|    8|          0|
    |window_106_0134_fu_618                                                                                     |   8|   0|    8|          0|
    |window_107_0135_fu_622                                                                                     |   8|   0|    8|          0|
    |window_108_0136_fu_626                                                                                     |   8|   0|    8|          0|
    |window_109_0137_fu_630                                                                                     |   8|   0|    8|          0|
    |window_10_038_fu_234                                                                                       |   8|   0|    8|          0|
    |window_110_0138_fu_634                                                                                     |   8|   0|    8|          0|
    |window_111_0139_fu_638                                                                                     |   8|   0|    8|          0|
    |window_112_0140_fu_642                                                                                     |   8|   0|    8|          0|
    |window_113_0141_fu_646                                                                                     |   8|   0|    8|          0|
    |window_114_0142_fu_650                                                                                     |   8|   0|    8|          0|
    |window_115_0143_fu_654                                                                                     |   8|   0|    8|          0|
    |window_116_0144_fu_658                                                                                     |   8|   0|    8|          0|
    |window_117_0145_fu_662                                                                                     |   8|   0|    8|          0|
    |window_118_0146_fu_666                                                                                     |   8|   0|    8|          0|
    |window_119_0147_fu_670                                                                                     |   8|   0|    8|          0|
    |window_11_039_fu_238                                                                                       |   8|   0|    8|          0|
    |window_120_0148_fu_674                                                                                     |   8|   0|    8|          0|
    |window_121_0149_fu_678                                                                                     |   8|   0|    8|          0|
    |window_122_0150_fu_682                                                                                     |   8|   0|    8|          0|
    |window_123_0151_fu_686                                                                                     |   8|   0|    8|          0|
    |window_124_0152_fu_690                                                                                     |   8|   0|    8|          0|
    |window_125_0153_fu_694                                                                                     |   8|   0|    8|          0|
    |window_126_0154_fu_698                                                                                     |   8|   0|    8|          0|
    |window_127_0155_fu_702                                                                                     |   8|   0|    8|          0|
    |window_128_0156_fu_706                                                                                     |   8|   0|    8|          0|
    |window_129_0157_fu_710                                                                                     |   8|   0|    8|          0|
    |window_12_040_fu_242                                                                                       |   8|   0|    8|          0|
    |window_130_0158_fu_714                                                                                     |   8|   0|    8|          0|
    |window_131_0159_fu_718                                                                                     |   8|   0|    8|          0|
    |window_132_0160_fu_722                                                                                     |   8|   0|    8|          0|
    |window_133_0161_fu_726                                                                                     |   8|   0|    8|          0|
    |window_134_0162_fu_730                                                                                     |   8|   0|    8|          0|
    |window_135_0163_fu_734                                                                                     |   8|   0|    8|          0|
    |window_136_0164_fu_738                                                                                     |   8|   0|    8|          0|
    |window_137_0165_fu_742                                                                                     |   8|   0|    8|          0|
    |window_138_0166_fu_746                                                                                     |   8|   0|    8|          0|
    |window_139_0167_fu_750                                                                                     |   8|   0|    8|          0|
    |window_13_041_fu_246                                                                                       |   8|   0|    8|          0|
    |window_140_0168_fu_754                                                                                     |   8|   0|    8|          0|
    |window_141_0169_fu_758                                                                                     |   8|   0|    8|          0|
    |window_142_0170_fu_762                                                                                     |   8|   0|    8|          0|
    |window_143_0171_fu_766                                                                                     |   8|   0|    8|          0|
    |window_144_0172_fu_770                                                                                     |   8|   0|    8|          0|
    |window_145_0173_fu_774                                                                                     |   8|   0|    8|          0|
    |window_146_0174_fu_778                                                                                     |   8|   0|    8|          0|
    |window_147_0175_fu_782                                                                                     |   8|   0|    8|          0|
    |window_148_0176_fu_786                                                                                     |   8|   0|    8|          0|
    |window_149_0177_fu_790                                                                                     |   8|   0|    8|          0|
    |window_14_042_fu_250                                                                                       |   8|   0|    8|          0|
    |window_150_0178_fu_794                                                                                     |   8|   0|    8|          0|
    |window_151_0179_fu_798                                                                                     |   8|   0|    8|          0|
    |window_152_0180_fu_802                                                                                     |   8|   0|    8|          0|
    |window_153_0181_fu_806                                                                                     |   8|   0|    8|          0|
    |window_154_0182_fu_810                                                                                     |   8|   0|    8|          0|
    |window_155_0183_fu_814                                                                                     |   8|   0|    8|          0|
    |window_156_0184_fu_818                                                                                     |   8|   0|    8|          0|
    |window_157_0185_fu_822                                                                                     |   8|   0|    8|          0|
    |window_158_0186_fu_826                                                                                     |   8|   0|    8|          0|
    |window_159_0187_fu_830                                                                                     |   8|   0|    8|          0|
    |window_15_043_fu_254                                                                                       |   8|   0|    8|          0|
    |window_160_0188_fu_834                                                                                     |   8|   0|    8|          0|
    |window_161_0189_fu_838                                                                                     |   8|   0|    8|          0|
    |window_162_0190_fu_842                                                                                     |   8|   0|    8|          0|
    |window_163_0191_fu_846                                                                                     |   8|   0|    8|          0|
    |window_164_0192_fu_850                                                                                     |   8|   0|    8|          0|
    |window_165_0193_fu_854                                                                                     |   8|   0|    8|          0|
    |window_166_0194_fu_858                                                                                     |   8|   0|    8|          0|
    |window_167_0195_fu_862                                                                                     |   8|   0|    8|          0|
    |window_168_0196_fu_866                                                                                     |   8|   0|    8|          0|
    |window_169_0197_fu_870                                                                                     |   8|   0|    8|          0|
    |window_16_044_fu_258                                                                                       |   8|   0|    8|          0|
    |window_170_0198_fu_874                                                                                     |   8|   0|    8|          0|
    |window_171_0199_fu_878                                                                                     |   8|   0|    8|          0|
    |window_172_0200_fu_882                                                                                     |   8|   0|    8|          0|
    |window_173_0201_fu_886                                                                                     |   8|   0|    8|          0|
    |window_174_0202_fu_890                                                                                     |   8|   0|    8|          0|
    |window_175_0203_fu_894                                                                                     |   8|   0|    8|          0|
    |window_176_0204_fu_898                                                                                     |   8|   0|    8|          0|
    |window_177_0205_fu_902                                                                                     |   8|   0|    8|          0|
    |window_178_0206_fu_906                                                                                     |   8|   0|    8|          0|
    |window_179_0207_fu_910                                                                                     |   8|   0|    8|          0|
    |window_17_045_fu_262                                                                                       |   8|   0|    8|          0|
    |window_180_0208_fu_914                                                                                     |   8|   0|    8|          0|
    |window_181_0209_fu_918                                                                                     |   8|   0|    8|          0|
    |window_182_0210_fu_922                                                                                     |   8|   0|    8|          0|
    |window_183_0211_fu_926                                                                                     |   8|   0|    8|          0|
    |window_184_0212_fu_930                                                                                     |   8|   0|    8|          0|
    |window_185_0213_fu_934                                                                                     |   8|   0|    8|          0|
    |window_186_0214_fu_938                                                                                     |   8|   0|    8|          0|
    |window_187_0215_fu_942                                                                                     |   8|   0|    8|          0|
    |window_188_0216_fu_946                                                                                     |   8|   0|    8|          0|
    |window_189_0217_fu_950                                                                                     |   8|   0|    8|          0|
    |window_18_046_fu_266                                                                                       |   8|   0|    8|          0|
    |window_190_0218_fu_954                                                                                     |   8|   0|    8|          0|
    |window_191_0219_fu_958                                                                                     |   8|   0|    8|          0|
    |window_192_0220_fu_962                                                                                     |   8|   0|    8|          0|
    |window_193_0221_fu_966                                                                                     |   8|   0|    8|          0|
    |window_194_0222_fu_970                                                                                     |   8|   0|    8|          0|
    |window_195_0223_fu_974                                                                                     |   8|   0|    8|          0|
    |window_196_0224_fu_978                                                                                     |   8|   0|    8|          0|
    |window_197_0225_fu_982                                                                                     |   8|   0|    8|          0|
    |window_198_0226_fu_986                                                                                     |   8|   0|    8|          0|
    |window_199_0227_fu_990                                                                                     |   8|   0|    8|          0|
    |window_19_047_fu_270                                                                                       |   8|   0|    8|          0|
    |window_200_0228_fu_994                                                                                     |   8|   0|    8|          0|
    |window_201_0229_fu_998                                                                                     |   8|   0|    8|          0|
    |window_202_0230_fu_1002                                                                                    |   8|   0|    8|          0|
    |window_203_0231_fu_1006                                                                                    |   8|   0|    8|          0|
    |window_204_0232_fu_1010                                                                                    |   8|   0|    8|          0|
    |window_205_0233_fu_1014                                                                                    |   8|   0|    8|          0|
    |window_206_0234_fu_1018                                                                                    |   8|   0|    8|          0|
    |window_207_0235_fu_1022                                                                                    |   8|   0|    8|          0|
    |window_208_0236_fu_1026                                                                                    |   8|   0|    8|          0|
    |window_209_0237_fu_1030                                                                                    |   8|   0|    8|          0|
    |window_20_048_fu_274                                                                                       |   8|   0|    8|          0|
    |window_210_0238_fu_1034                                                                                    |   8|   0|    8|          0|
    |window_211_0239_fu_1038                                                                                    |   8|   0|    8|          0|
    |window_212_0240_fu_1042                                                                                    |   8|   0|    8|          0|
    |window_213_0241_fu_1046                                                                                    |   8|   0|    8|          0|
    |window_214_0242_fu_1050                                                                                    |   8|   0|    8|          0|
    |window_215_0243_fu_1054                                                                                    |   8|   0|    8|          0|
    |window_216_0244_fu_1058                                                                                    |   8|   0|    8|          0|
    |window_217_0245_fu_1062                                                                                    |   8|   0|    8|          0|
    |window_218_0246_fu_1066                                                                                    |   8|   0|    8|          0|
    |window_219_0247_fu_1070                                                                                    |   8|   0|    8|          0|
    |window_21_049_fu_278                                                                                       |   8|   0|    8|          0|
    |window_220_0248_fu_1074                                                                                    |   8|   0|    8|          0|
    |window_221_0249_fu_1078                                                                                    |   8|   0|    8|          0|
    |window_222_0250_fu_1082                                                                                    |   8|   0|    8|          0|
    |window_223_0251_fu_1086                                                                                    |   8|   0|    8|          0|
    |window_224_0252_fu_1090                                                                                    |   8|   0|    8|          0|
    |window_225_0253_fu_1094                                                                                    |   8|   0|    8|          0|
    |window_226_0254_fu_1098                                                                                    |   8|   0|    8|          0|
    |window_227_0255_fu_1102                                                                                    |   8|   0|    8|          0|
    |window_228_0256_fu_1106                                                                                    |   8|   0|    8|          0|
    |window_229_0257_fu_1110                                                                                    |   8|   0|    8|          0|
    |window_22_050_fu_282                                                                                       |   8|   0|    8|          0|
    |window_230_0258_fu_1114                                                                                    |   8|   0|    8|          0|
    |window_231_0259_fu_1118                                                                                    |   8|   0|    8|          0|
    |window_232_0260_fu_1122                                                                                    |   8|   0|    8|          0|
    |window_233_0261_fu_1126                                                                                    |   8|   0|    8|          0|
    |window_234_0262_fu_1130                                                                                    |   8|   0|    8|          0|
    |window_235_0263_fu_1134                                                                                    |   8|   0|    8|          0|
    |window_236_0264_fu_1138                                                                                    |   8|   0|    8|          0|
    |window_237_0265_fu_1142                                                                                    |   8|   0|    8|          0|
    |window_238_0266_fu_1146                                                                                    |   8|   0|    8|          0|
    |window_239_0267_fu_1150                                                                                    |   8|   0|    8|          0|
    |window_23_051_fu_286                                                                                       |   8|   0|    8|          0|
    |window_240_0268_fu_1154                                                                                    |   8|   0|    8|          0|
    |window_241_0269_fu_1158                                                                                    |   8|   0|    8|          0|
    |window_242_0270_fu_1162                                                                                    |   8|   0|    8|          0|
    |window_243_0271_fu_1166                                                                                    |   8|   0|    8|          0|
    |window_244_0272_fu_1170                                                                                    |   8|   0|    8|          0|
    |window_245_0273_fu_1174                                                                                    |   8|   0|    8|          0|
    |window_246_0274_fu_1178                                                                                    |   8|   0|    8|          0|
    |window_247_0275_fu_1182                                                                                    |   8|   0|    8|          0|
    |window_248_0276_fu_1186                                                                                    |   8|   0|    8|          0|
    |window_249_0277_fu_1190                                                                                    |   8|   0|    8|          0|
    |window_24_052_fu_290                                                                                       |   8|   0|    8|          0|
    |window_250_0278_fu_1194                                                                                    |   8|   0|    8|          0|
    |window_251_0279_fu_1198                                                                                    |   8|   0|    8|          0|
    |window_252_0280_fu_1202                                                                                    |   8|   0|    8|          0|
    |window_253_0281_fu_1206                                                                                    |   8|   0|    8|          0|
    |window_254_0282_fu_1210                                                                                    |   8|   0|    8|          0|
    |window_255_0283_fu_1214                                                                                    |   8|   0|    8|          0|
    |window_256_0284_fu_1218                                                                                    |   8|   0|    8|          0|
    |window_257_0285_fu_1222                                                                                    |   8|   0|    8|          0|
    |window_258_0286_fu_1226                                                                                    |   8|   0|    8|          0|
    |window_259_0287_fu_1230                                                                                    |   8|   0|    8|          0|
    |window_25_053_fu_294                                                                                       |   8|   0|    8|          0|
    |window_260_0288_fu_1234                                                                                    |   8|   0|    8|          0|
    |window_261_0289_fu_1238                                                                                    |   8|   0|    8|          0|
    |window_262_0290_fu_1242                                                                                    |   8|   0|    8|          0|
    |window_263_0291_fu_1246                                                                                    |   8|   0|    8|          0|
    |window_264_0292_fu_1250                                                                                    |   8|   0|    8|          0|
    |window_265_0293_fu_1254                                                                                    |   8|   0|    8|          0|
    |window_266_0294_fu_1258                                                                                    |   8|   0|    8|          0|
    |window_267_0295_fu_1262                                                                                    |   8|   0|    8|          0|
    |window_268_0296_fu_1266                                                                                    |   8|   0|    8|          0|
    |window_269_0297_fu_1270                                                                                    |   8|   0|    8|          0|
    |window_26_054_fu_298                                                                                       |   8|   0|    8|          0|
    |window_270_0298_fu_1274                                                                                    |   8|   0|    8|          0|
    |window_271_0299_fu_1278                                                                                    |   8|   0|    8|          0|
    |window_272_0300_fu_1282                                                                                    |   8|   0|    8|          0|
    |window_273_0301_fu_1286                                                                                    |   8|   0|    8|          0|
    |window_274_0302_fu_1290                                                                                    |   8|   0|    8|          0|
    |window_275_0303_fu_1294                                                                                    |   8|   0|    8|          0|
    |window_276_0304_fu_1298                                                                                    |   8|   0|    8|          0|
    |window_277_0305_fu_1302                                                                                    |   8|   0|    8|          0|
    |window_278_0306_fu_1306                                                                                    |   8|   0|    8|          0|
    |window_279_0307_fu_1310                                                                                    |   8|   0|    8|          0|
    |window_27_055_fu_302                                                                                       |   8|   0|    8|          0|
    |window_280_0308_fu_1314                                                                                    |   8|   0|    8|          0|
    |window_281_0309_fu_1318                                                                                    |   8|   0|    8|          0|
    |window_282_0310_fu_1322                                                                                    |   8|   0|    8|          0|
    |window_283_0311_fu_1326                                                                                    |   8|   0|    8|          0|
    |window_284_0312_fu_1330                                                                                    |   8|   0|    8|          0|
    |window_285_0313_fu_1334                                                                                    |   8|   0|    8|          0|
    |window_286_0314_fu_1338                                                                                    |   8|   0|    8|          0|
    |window_287_0315_fu_1342                                                                                    |   8|   0|    8|          0|
    |window_288_0316_fu_1346                                                                                    |   8|   0|    8|          0|
    |window_289_0317_fu_1350                                                                                    |   8|   0|    8|          0|
    |window_28_056_fu_306                                                                                       |   8|   0|    8|          0|
    |window_290_0318_fu_1354                                                                                    |   8|   0|    8|          0|
    |window_291_0319_fu_1358                                                                                    |   8|   0|    8|          0|
    |window_292_0320_fu_1362                                                                                    |   8|   0|    8|          0|
    |window_293_0321_fu_1366                                                                                    |   8|   0|    8|          0|
    |window_294_0322_fu_1370                                                                                    |   8|   0|    8|          0|
    |window_295_0323_fu_1374                                                                                    |   8|   0|    8|          0|
    |window_296_0324_fu_1378                                                                                    |   8|   0|    8|          0|
    |window_297_0325_fu_1382                                                                                    |   8|   0|    8|          0|
    |window_298_0326_fu_1386                                                                                    |   8|   0|    8|          0|
    |window_299_0327_fu_1390                                                                                    |   8|   0|    8|          0|
    |window_29_057_fu_310                                                                                       |   8|   0|    8|          0|
    |window_300_0328_fu_1394                                                                                    |   8|   0|    8|          0|
    |window_301_0329_fu_1398                                                                                    |   8|   0|    8|          0|
    |window_302_0330_fu_1402                                                                                    |   8|   0|    8|          0|
    |window_303_0331_fu_1406                                                                                    |   8|   0|    8|          0|
    |window_304_0332_fu_1410                                                                                    |   8|   0|    8|          0|
    |window_305_0333_fu_1414                                                                                    |   8|   0|    8|          0|
    |window_306_0334_fu_1418                                                                                    |   8|   0|    8|          0|
    |window_307_0335_fu_1422                                                                                    |   8|   0|    8|          0|
    |window_308_0336_fu_1426                                                                                    |   8|   0|    8|          0|
    |window_309_0337_fu_1430                                                                                    |   8|   0|    8|          0|
    |window_30_058_fu_314                                                                                       |   8|   0|    8|          0|
    |window_310_0338_fu_1434                                                                                    |   8|   0|    8|          0|
    |window_311_0339_fu_1438                                                                                    |   8|   0|    8|          0|
    |window_312_0340_fu_1442                                                                                    |   8|   0|    8|          0|
    |window_313_0341_fu_1446                                                                                    |   8|   0|    8|          0|
    |window_314_0342_fu_1450                                                                                    |   8|   0|    8|          0|
    |window_315_0343_fu_1454                                                                                    |   8|   0|    8|          0|
    |window_316_0344_fu_1458                                                                                    |   8|   0|    8|          0|
    |window_317_0345_fu_1462                                                                                    |   8|   0|    8|          0|
    |window_318_0346_fu_1466                                                                                    |   8|   0|    8|          0|
    |window_319_0347_fu_1470                                                                                    |   8|   0|    8|          0|
    |window_31_059_fu_318                                                                                       |   8|   0|    8|          0|
    |window_320_0348_fu_1474                                                                                    |   8|   0|    8|          0|
    |window_321_0349_fu_1478                                                                                    |   8|   0|    8|          0|
    |window_322_0350_fu_1482                                                                                    |   8|   0|    8|          0|
    |window_323_0351_fu_1486                                                                                    |   8|   0|    8|          0|
    |window_324_0352_fu_1490                                                                                    |   8|   0|    8|          0|
    |window_325_0353_fu_1494                                                                                    |   8|   0|    8|          0|
    |window_32_060_fu_322                                                                                       |   8|   0|    8|          0|
    |window_33_061_fu_326                                                                                       |   8|   0|    8|          0|
    |window_34_062_fu_330                                                                                       |   8|   0|    8|          0|
    |window_35_063_fu_334                                                                                       |   8|   0|    8|          0|
    |window_36_064_fu_338                                                                                       |   8|   0|    8|          0|
    |window_37_065_fu_342                                                                                       |   8|   0|    8|          0|
    |window_38_066_fu_346                                                                                       |   8|   0|    8|          0|
    |window_39_067_fu_350                                                                                       |   8|   0|    8|          0|
    |window_3_031_fu_206                                                                                        |   8|   0|    8|          0|
    |window_40_068_fu_354                                                                                       |   8|   0|    8|          0|
    |window_41_069_fu_358                                                                                       |   8|   0|    8|          0|
    |window_42_070_fu_362                                                                                       |   8|   0|    8|          0|
    |window_43_071_fu_366                                                                                       |   8|   0|    8|          0|
    |window_44_072_fu_370                                                                                       |   8|   0|    8|          0|
    |window_45_073_fu_374                                                                                       |   8|   0|    8|          0|
    |window_46_074_fu_378                                                                                       |   8|   0|    8|          0|
    |window_47_075_fu_382                                                                                       |   8|   0|    8|          0|
    |window_48_076_fu_386                                                                                       |   8|   0|    8|          0|
    |window_49_077_fu_390                                                                                       |   8|   0|    8|          0|
    |window_4_032_fu_210                                                                                        |   8|   0|    8|          0|
    |window_50_078_fu_394                                                                                       |   8|   0|    8|          0|
    |window_51_079_fu_398                                                                                       |   8|   0|    8|          0|
    |window_52_080_fu_402                                                                                       |   8|   0|    8|          0|
    |window_53_081_fu_406                                                                                       |   8|   0|    8|          0|
    |window_54_082_fu_410                                                                                       |   8|   0|    8|          0|
    |window_55_083_fu_414                                                                                       |   8|   0|    8|          0|
    |window_56_084_fu_418                                                                                       |   8|   0|    8|          0|
    |window_57_085_fu_422                                                                                       |   8|   0|    8|          0|
    |window_58_086_fu_426                                                                                       |   8|   0|    8|          0|
    |window_59_087_fu_430                                                                                       |   8|   0|    8|          0|
    |window_5_033_fu_214                                                                                        |   8|   0|    8|          0|
    |window_60_088_fu_434                                                                                       |   8|   0|    8|          0|
    |window_61_089_fu_438                                                                                       |   8|   0|    8|          0|
    |window_62_090_fu_442                                                                                       |   8|   0|    8|          0|
    |window_63_091_fu_446                                                                                       |   8|   0|    8|          0|
    |window_64_092_fu_450                                                                                       |   8|   0|    8|          0|
    |window_65_093_fu_454                                                                                       |   8|   0|    8|          0|
    |window_66_094_fu_458                                                                                       |   8|   0|    8|          0|
    |window_67_095_fu_462                                                                                       |   8|   0|    8|          0|
    |window_68_096_fu_466                                                                                       |   8|   0|    8|          0|
    |window_69_097_fu_470                                                                                       |   8|   0|    8|          0|
    |window_6_034_fu_218                                                                                        |   8|   0|    8|          0|
    |window_70_098_fu_474                                                                                       |   8|   0|    8|          0|
    |window_71_099_fu_478                                                                                       |   8|   0|    8|          0|
    |window_72_0100_fu_482                                                                                      |   8|   0|    8|          0|
    |window_73_0101_fu_486                                                                                      |   8|   0|    8|          0|
    |window_74_0102_fu_490                                                                                      |   8|   0|    8|          0|
    |window_75_0103_fu_494                                                                                      |   8|   0|    8|          0|
    |window_76_0104_fu_498                                                                                      |   8|   0|    8|          0|
    |window_77_0105_fu_502                                                                                      |   8|   0|    8|          0|
    |window_78_0106_fu_506                                                                                      |   8|   0|    8|          0|
    |window_79_0107_fu_510                                                                                      |   8|   0|    8|          0|
    |window_7_035_fu_222                                                                                        |   8|   0|    8|          0|
    |window_80_0108_fu_514                                                                                      |   8|   0|    8|          0|
    |window_81_0109_fu_518                                                                                      |   8|   0|    8|          0|
    |window_82_0110_fu_522                                                                                      |   8|   0|    8|          0|
    |window_83_0111_fu_526                                                                                      |   8|   0|    8|          0|
    |window_84_0112_fu_530                                                                                      |   8|   0|    8|          0|
    |window_85_0113_fu_534                                                                                      |   8|   0|    8|          0|
    |window_86_0114_fu_538                                                                                      |   8|   0|    8|          0|
    |window_87_0115_fu_542                                                                                      |   8|   0|    8|          0|
    |window_88_0116_fu_546                                                                                      |   8|   0|    8|          0|
    |window_89_0117_fu_550                                                                                      |   8|   0|    8|          0|
    |window_8_036_fu_226                                                                                        |   8|   0|    8|          0|
    |window_90_0118_fu_554                                                                                      |   8|   0|    8|          0|
    |window_91_0119_fu_558                                                                                      |   8|   0|    8|          0|
    |window_92_0120_fu_562                                                                                      |   8|   0|    8|          0|
    |window_93_0121_fu_566                                                                                      |   8|   0|    8|          0|
    |window_94_0122_fu_570                                                                                      |   8|   0|    8|          0|
    |window_95_0123_fu_574                                                                                      |   8|   0|    8|          0|
    |window_96_0124_fu_578                                                                                      |   8|   0|    8|          0|
    |window_97_0125_fu_582                                                                                      |   8|   0|    8|          0|
    |window_98_0126_fu_586                                                                                      |   8|   0|    8|          0|
    |window_99_0127_fu_590                                                                                      |   8|   0|    8|          0|
    |window_9_037_fu_230                                                                                        |   8|   0|    8|          0|
    |x_reg_3929                                                                                                 |   3|   0|    3|          0|
    |y_reg_3918                                                                                                 |   3|   0|    3|          0|
    |zext_ln43_reg_14037                                                                                        |   3|   0|    4|          1|
    |zext_ln69_reg_16046                                                                                        |   4|   0|   64|         60|
    +-----------------------------------------------------------------------------------------------------------+----+----+-----+-----------+
    |Total                                                                                                      |2927|   0| 2990|         63|
    +-----------------------------------------------------------------------------------------------------------+----+----+-----+-----------+



================================================================
== Interface
================================================================
* Summary: 
+-------------------+-----+-----+------------+-------------------------+--------------+
|     RTL Ports     | Dir | Bits|  Protocol  |      Source Object      |    C Type    |
+-------------------+-----+-----+------------+-------------------------+--------------+
|ap_clk             |   in|    1|  ap_ctrl_hs|  conv3d_hidden_layer<12>|  return value|
|ap_rst             |   in|    1|  ap_ctrl_hs|  conv3d_hidden_layer<12>|  return value|
|ap_start           |   in|    1|  ap_ctrl_hs|  conv3d_hidden_layer<12>|  return value|
|start_full_n       |   in|    1|  ap_ctrl_hs|  conv3d_hidden_layer<12>|  return value|
|ap_done            |  out|    1|  ap_ctrl_hs|  conv3d_hidden_layer<12>|  return value|
|ap_continue        |   in|    1|  ap_ctrl_hs|  conv3d_hidden_layer<12>|  return value|
|ap_idle            |  out|    1|  ap_ctrl_hs|  conv3d_hidden_layer<12>|  return value|
|ap_ready           |  out|    1|  ap_ctrl_hs|  conv3d_hidden_layer<12>|  return value|
|start_out          |  out|    1|  ap_ctrl_hs|  conv3d_hidden_layer<12>|  return value|
|start_write        |  out|    1|  ap_ctrl_hs|  conv3d_hidden_layer<12>|  return value|
|s1_dout            |   in|   96|     ap_fifo|                       s1|       pointer|
|s1_num_data_valid  |   in|    4|     ap_fifo|                       s1|       pointer|
|s1_fifo_cap        |   in|    4|     ap_fifo|                       s1|       pointer|
|s1_empty_n         |   in|    1|     ap_fifo|                       s1|       pointer|
|s1_read            |  out|    1|     ap_fifo|                       s1|       pointer|
|s2_din             |  out|   96|     ap_fifo|                       s2|       pointer|
|s2_num_data_valid  |   in|    4|     ap_fifo|                       s2|       pointer|
|s2_fifo_cap        |   in|    4|     ap_fifo|                       s2|       pointer|
|s2_full_n          |   in|    1|     ap_fifo|                       s2|       pointer|
|s2_write           |  out|    1|     ap_fifo|                       s2|       pointer|
+-------------------+-----+-----+------------+-------------------------+--------------+

